episode,instance_id,epsilon,total_reward,td_diff_mean,td_diff_max,td_diff_min,network_diff,lost_opportunities,final_profit,n_penalties,n_bonuses,remaining_capacity
2,394,1.0,4.627537212449256,0.0,0.0,0.0,0.0,15,13679.0,6,6,15.0
3,22,0.99988125,6.036333878887072,0.0,0.0,0.0,0.0,18,19052.0,4,2,23.0
4,108,0.9997625,4.530985915492959,0.0,0.0,0.0,0.0,23,14749.0,3,0,6.0
5,31,0.99964375,4.016472868217054,0.0,0.0,0.0,0.0,28,12435.0,0,0,171.0
6,380,0.999525,3.0512905360688287,0.0,0.0,0.0,0.0,31,9221.0,0,0,455.0
7,828,0.99940625,4.8767132401862945,0.0,0.0,0.0,0.0,24,14960.0,2,1,32.0
8,675,0.9992875,5.785625000000001,0.0,0.0,0.0,0.0,17,19154.0,4,2,24.0
9,288,0.99916875,5.029160063391443,0.0,0.0,0.0,0.0,23,16498.0,2,0,83.0
10,925,0.99905,5.397922568460809,0.0,0.0,0.0,0.0,12,15243.0,4,10,3.0
11,722,0.99893125,3.929397914564413,0.0,0.0,0.0,0.0,23,12574.0,4,1,23.0
12,516,0.9988125,2.6662049861495847,0.0,0.0,0.0,0.0,33,7700.0,0,0,422.0
13,777,0.99869375,6.766012186865268,0.0,0.0,0.0,0.0,13,20873.0,6,3,16.0
14,67,0.998575,4.862357908411823,0.0,0.0,0.0,0.0,14,15587.0,7,5,21.0
15,613,0.99845625,4.563343205001646,0.0,0.0,0.0,0.0,28,13868.0,0,0,128.0
16,581,0.9983375,4.439536360749445,0.0,0.0,0.0,0.0,22,14295.0,3,2,33.0
17,928,0.99821875,5.999669421487603,0.0,0.0,0.0,0.0,18,18149.0,3,3,23.0
18,812,0.9981,4.851582278481013,0.0,0.0,0.0,0.0,26,15331.0,0,0,140.0
19,565,0.99798125,4.223597025016904,0.0,0.0,0.0,0.0,16,13085.0,7,5,25.0
20,572,0.9978625,5.998263888888888,0.0,0.0,0.0,0.0,23,16987.0,0,1,38.0
21,783,0.99774375,4.564111378480577,0.0,0.0,0.0,0.0,27,13277.0,0,0,362.0
22,902,0.997625,3.992910087012569,0.0,0.0,0.0,0.0,28,12390.0,0,0,96.0
23,61,0.99750625,5.13937165775401,0.0,0.0,0.0,0.0,19,15377.0,3,3,27.0
24,199,0.9973875,4.600541638456329,0.0,0.0,0.0,0.0,27,13590.0,0,0,74.0
25,211,0.99726875,4.004626569729015,0.0,0.0,0.0,0.0,29,12118.0,0,0,314.0
26,424,0.99715,4.633407856914723,0.0,0.0,0.0,0.0,19,13881.0,3,5,20.0
27,439,0.99703125,3.341056533827618,0.0,0.0,0.0,0.0,30,10815.0,0,0,474.0
28,890,0.9969125,3.33042071197411,0.0,0.0,0.0,0.0,30,10291.0,0,0,122.0
29,976,0.99679375,5.305758285905592,0.0,0.0,0.0,0.0,16,16147.0,5,4,21.0
30,980,0.996675,2.509054988475469,0.0,0.0,0.0,0.0,33,7620.0,0,0,449.0
31,58,0.99655625,5.617941271377863,0.0,0.0,0.0,0.0,24,17410.0,0,0,43.0
32,474,0.9964375,5.71520079654829,0.0,0.0,0.0,0.0,18,16316.0,2,5,17.0
33,720,0.99631875,4.4770806658130615,0.0,0.0,0.0,0.0,14,15236.0,8,4,1.0
34,153,0.9962,6.562003454231434,0.0,0.0,0.0,0.0,23,18997.0,0,0,188.0
35,189,0.99608125,5.886783042394014,0.0,0.0,0.0,0.0,23,18564.0,0,1,70.0
36,338,0.9959625,4.508967851099831,0.0,0.0,0.0,0.0,24,12733.0,1,3,20.0
37,962,0.99584375,6.923369036027264,0.0,0.0,0.0,0.0,20,21639.0,1,0,9.0
38,575,0.995725,4.252775963422599,0.0,0.0,0.0,0.0,22,13022.0,3,3,80.0
39,113,0.99560625,6.44697386519945,0.0,0.0,0.0,0.0,20,18457.0,1,2,19.0
40,246,0.9954875,5.945484949832775,0.0,0.0,0.0,0.0,24,17777.0,0,0,104.0
41,652,0.99536875,4.595632031767041,0.0,0.0,0.0,0.0,27,13888.0,0,0,202.0
42,463,0.99525,4.9651490337373065,0.0,0.0,0.0,0.0,23,14548.0,1,3,66.0
43,692,0.99513125,6.769939065673663,0.0,0.0,0.0,0.0,19,19703.0,1,2,32.0
44,18,0.9950125,6.0371134020618555,0.0,0.0,0.0,0.0,24,17568.0,0,0,172.0
45,640,0.99489375,6.156260546743165,0.0,0.0,0.0,0.0,23,18241.0,0,0,156.0
46,602,0.994775,5.7887381275440974,0.0,0.0,0.0,0.0,21,17360.0,2,1,16.0
47,183,0.99465625,3.172346179851251,0.0,0.0,0.0,0.0,30,9088.0,0,1,87.0
48,754,0.9945375,7.821714687280394,0.0,0.0,0.0,0.0,16,23399.0,4,0,3.0
49,470,0.99441875,5.6247883508296646,0.0,0.0,0.0,0.0,19,16610.0,3,3,10.0
50,351,0.9943,5.321150592216584,0.0,0.0,0.0,0.0,17,16906.0,6,2,20.0
51,880,0.99418125,4.100817438692098,0.0,0.0,0.0,0.0,29,12040.0,0,0,233.0
52,368,0.9940625,5.991031390134529,0.0,0.0,0.0,0.0,25,17368.0,0,0,187.0
53,170,0.99394375,4.653836317135548,0.0,0.0,0.0,0.0,19,13306.0,2,6,27.0
54,703,0.993825,4.883020050125312,0.0,0.0,0.0,0.0,23,14629.0,0,3,11.0
55,246,0.99370625,6.203344481605352,0.0,0.0,0.0,0.0,21,18249.0,1,2,74.0
56,80,0.9935875,4.769307258866424,0.0,0.0,0.0,0.0,27,14389.0,0,0,169.0
57,17,0.99346875,7.816862474084312,0.0,0.0,0.0,0.0,18,22622.0,1,1,36.0
58,36,0.99335,4.419842571334865,0.0,0.0,0.0,0.0,26,13781.0,1,0,51.0
59,263,0.99323125,3.9645695364238414,0.0,0.0,0.0,0.0,29,11973.0,0,0,340.0
60,374,0.9931125,4.868175937904271,0.0,0.0,0.0,0.0,19,15980.0,5,2,5.0
61,883,0.99299375,3.5786330457863302,0.0,0.0,0.0,0.0,30,10786.0,0,0,45.0
62,724,0.992875,5.053337675024425,0.0,0.0,0.0,0.0,20,16133.0,4,2,37.0
63,896,0.99275625,4.645717035611163,0.0,0.0,0.0,0.0,22,14169.0,2,3,33.0
64,149,0.9926375,5.217553371738394,0.0,0.0,0.0,0.0,26,15397.0,0,0,29.0
65,814,0.99251875,4.055307454482994,0.0,0.0,0.0,0.0,29,11805.0,0,0,203.0
66,663,0.9924,4.4479522734601735,0.0,0.0,0.0,0.0,23,13483.0,2,3,76.0
67,592,0.99228125,4.659023910907305,0.0,0.0,0.0,0.0,27,14224.0,0,0,54.0
68,804,0.9921625,5.264889766370517,0.0,0.0,0.0,0.0,24,16000.0,1,1,28.0
69,963,0.99204375,3.7922738054896645,0.0,0.0,0.0,0.0,29,11191.0,0,0,176.0
70,943,0.991925,6.425633995887594,0.0,0.0,0.0,0.0,23,18750.0,0,0,0.0
71,563,0.99180625,3.7116564417177917,0.0,0.0,0.0,0.0,29,11495.0,0,0,359.0
72,278,0.9916875,3.8095533094228893,0.0,0.0,0.0,0.0,18,12604.0,7,4,20.0
73,63,0.99156875,4.245776031434185,0.0,0.0,0.0,0.0,21,13272.0,4,3,14.0
74,393,0.99145,4.24506312722564,0.0,0.0,0.0,0.0,28,13113.0,0,0,392.0
75,822,0.99133125,5.970277240490006,0.0,0.0,0.0,0.0,17,18830.0,4,3,15.0
76,71,0.9912125,4.511430437622469,0.0,0.0,0.0,0.0,27,13814.0,0,0,141.0
77,88,0.99109375,3.784191538209249,0.0,0.0,0.0,0.0,29,11538.0,0,0,380.0
78,523,0.990975,4.241740268236834,0.0,0.0,0.0,0.0,28,12967.0,0,0,290.0
79,974,0.99085625,4.088917116544934,0.0,0.0,0.0,0.0,28,12876.0,0,0,344.0
80,611,0.9907375,3.3641561109209173,0.0,0.0,0.0,0.0,25,10703.0,4,1,12.0
81,6,0.99061875,4.198688193743693,0.0,0.0,0.0,0.0,17,12780.0,6,5,9.0
82,843,0.9905,3.103887399463807,0.0,0.0,0.0,0.0,17,10754.0,9,4,11.0
83,134,0.99038125,3.775280898876404,0.0,0.0,0.0,0.0,18,12383.0,6,4,5.0
84,877,0.9902625,4.621347277760688,0.0,0.0,0.0,0.0,26,15024.0,0,0,320.0
85,995,0.99014375,7.964646464646464,0.0,0.0,0.0,0.0,18,23655.0,1,1,17.0
86,208,0.990025,7.392462638076673,0.0,0.0,0.0,0.0,19,22754.0,1,1,0.0
87,628,0.98990625,5.50935276177567,0.0,0.0,0.0,0.0,16,15963.0,4,5,48.0
88,147,0.9897875,6.127186512118018,0.0,0.0,0.0,0.0,13,16590.0,4,7,4.0
89,853,0.98966875,5.427886262418637,0.0,0.0,0.0,0.0,15,15844.0,5,5,18.0
90,619,0.98955,4.9335337341349375,0.0,0.0,0.0,0.0,24,14771.0,1,1,0.0
91,897,0.98943125,4.836945972177289,0.0,0.0,0.0,0.0,19,14951.0,0,0,0.0
92,816,0.9893125,3.8309707241910633,0.0,0.0,0.0,0.0,21,11458.0,3,6,29.0
93,738,0.98919375,4.374235214140041,0.0,0.0,0.0,0.0,28,12869.0,0,0,117.0
94,221,0.989075,3.913029315960913,0.0,0.0,0.0,0.0,27,11092.0,0,3,30.0
95,218,0.98895625,6.186846543001685,0.0,0.0,0.0,0.0,20,17751.0,1,3,49.0
96,465,0.9888375,4.409306742640076,0.0,0.0,0.0,0.0,27,13929.0,0,0,339.0
97,237,0.98871875,4.918737407656145,0.0,0.0,0.0,0.0,27,14648.0,0,0,135.0
98,199,0.9886,4.293364928909952,0.0,0.0,0.0,0.0,19,12978.0,5,4,7.0
99,343,0.98848125,6.079756674552213,0.0,0.0,0.0,0.0,24,17990.0,0,0,168.0
100,595,0.9883625,5.380842659644502,0.0,0.0,0.0,0.0,19,16347.0,3,3,38.0
101,76,0.98824375,7.051216305062459,0.0,0.0,0.0,0.0,20,21754.0,1,0,13.0
102,672,0.988125,4.781920158363577,0.08649773,0.2895928,0.004091695,0.121564835,25,14494.0,1,1,1.0
103,689,0.98800625,6.434141274238226,0.058850158,0.35363248,0.00084257126,0.14604418,21,18293.0,1,2,23.0
104,746,0.9878875,3.3816091954022998,0.055559527,0.32404178,6.7442656e-05,0.13903521,24,10297.0,3,3,32.0
105,171,0.98776875,5.342120343839539,0.045485068,0.25514364,0.0001052618,0.13426009,19,14895.0,1,7,11.0
106,453,0.98765,7.407283661877716,0.058597106,0.36441964,0.0011692047,0.13967548,16,22170.0,0,0,0.0
107,756,0.98753125,6.471166892808684,0.04562542,0.24835706,0.00023040175,0.1356562,23,19077.0,0,0,17.0
108,413,0.9874125,3.594251134644478,0.069648854,0.6175391,0.00041550398,0.139874,29,11879.0,0,0,212.0
109,352,0.98729375,4.014824619457316,0.06130049,0.5054375,0.0016432405,0.13696878,19,13946.0,7,1,53.0
110,486,0.987175,6.800165617754223,0.08511833,0.48124552,0.0009174943,0.13818444,20,19624.0,0,3,2.0
111,643,0.98705625,4.884381204500332,0.057939097,0.20429188,0.00028434396,0.13562797,16,15365.0,6,4,13.0
112,64,0.9869375,3.949491525423729,0.048385102,0.6060379,0.0011322498,0.13716836,23,12536.0,3,0,0.0
113,273,0.98681875,5.807957908582703,0.07427667,0.6559768,0.000500828,0.13354713,24,17662.0,0,0,36.0
114,698,0.9867,5.799523647499147,0.1158973,0.5797533,0.016863093,0.13686152,19,16457.0,2,4,2.0
115,410,0.98658125,5.811103874959298,0.059310872,0.51958525,0.00036990643,0.14185716,19,18153.0,3,2,9.0
116,434,0.9864625,4.78891297615361,0.09740008,0.7152473,0.00028711557,0.14389399,13,16755.0,8,4,3.0
117,845,0.98634375,4.020285908781485,0.08344984,0.66779673,0.0015771985,0.14097466,19,12693.0,6,3,19.0
118,767,0.986225,4.093188962626615,0.09362808,0.30656552,0.00018525124,0.1294931,12,12864.0,10,6,3.0
119,573,0.98610625,6.490479499652539,0.07900485,0.62187725,0.0013716221,0.12644263,10,19543.0,8,5,37.0
120,579,0.9859875,5.455076310550765,0.08594426,0.3812691,0.0001591444,0.12240109,16,16743.0,5,4,47.0
121,846,0.98586875,5.809271523178809,0.061493438,0.368232,0.002123952,0.12439848,18,18148.0,4,2,18.0
122,582,0.98575,6.913745019920318,0.116781734,0.48179924,0.0057080686,0.12161108,21,20523.0,0,1,56.0
123,870,0.98563125,4.478779927845194,0.098421134,0.31753314,0.0037999153,0.1215479,14,13046.0,6,8,4.0
124,130,0.9855125,2.764389626818469,0.1082961,0.45492136,0.002875261,0.12166511,32,8741.0,0,0,392.0
125,387,0.98539375,5.4724229366920785,0.088029414,0.5653343,6.070733e-05,0.11915412,24,16812.0,1,0,54.0
126,583,0.985275,5.192713178294572,0.0876895,0.31591004,0.0026397705,0.12062848,16,16424.0,4,5,28.0
127,861,0.98515625,4.325251172136639,0.11126276,0.38405073,0.005527951,0.11200548,22,13811.0,4,1,37.0
128,477,0.9850375,5.612054612054613,0.08428451,0.30360973,0.0008981228,0.11634331,19,16853.0,3,3,22.0
129,621,0.98491875,2.991839220462851,0.08871917,0.2509545,0.00424093,0.10745984,29,8840.0,0,3,67.0
130,664,0.9848,5.943393602225312,0.06470849,0.2588824,0.00061029196,0.10787875,19,16518.0,2,4,28.0
131,460,0.98468125,6.703584347254195,0.07604778,0.3765037,0.00068473816,0.10693014,17,21602.0,4,0,38.0
132,802,0.9845625,6.252453688657783,0.06731105,0.33020568,0.0017873049,0.101466976,16,18008.0,2,6,55.0
133,391,0.98444375,3.6929032258064516,0.09283771,0.3033799,0.00031280518,0.097876586,24,12378.0,4,1,7.0
134,398,0.984325,5.493512164691204,0.09497803,0.29671824,0.0045082867,0.094978936,23,16971.0,0,2,15.0
135,949,0.98420625,5.844259567387688,0.10857556,0.42294765,0.000677228,0.10148266,24,17562.0,0,0,182.0
136,135,0.9840875,3.778076202373516,0.07695917,0.3287815,0.0012581348,0.09217769,19,13058.0,6,3,12.0
137,52,0.98396875,4.60760795065113,0.10414227,0.5317309,4.6253204e-05,0.09016165,27,13445.0,0,0,203.0
138,731,0.98385,6.903588143525741,0.09082473,0.47529325,0.0049881935,0.08955762,21,22126.0,0,0,34.0
139,409,0.98373125,3.8429777916797,0.10117683,0.7646359,0.0033929348,0.08829907,28,12286.0,0,0,175.0
140,548,0.9836125,5.628204304529393,0.08813126,0.49736106,0.00094795227,0.092235334,23,16898.0,0,2,55.0
141,870,0.98349375,2.6169235815021317,0.115018606,0.49908394,0.003955066,0.093168706,32,7979.0,0,0,233.0
142,517,0.983375,2.6593333333333327,0.11170002,0.5102059,0.0035135448,0.09074267,25,9178.0,5,1,35.0
143,913,0.98325625,5.041541038525963,0.10043504,0.36096835,0.0003209114,0.09591785,26,15049.0,0,0,167.0
144,537,0.9831375,5.827396305332868,0.104028456,0.43516022,0.002389729,0.10054346,15,16145.0,4,6,32.0
145,454,0.98301875,7.402447089947091,0.07159987,0.76277685,0.0023044348,0.09969187,21,22385.0,0,0,141.0
146,871,0.9829,8.188691034051859,0.118011035,0.5557356,0.004245043,0.09895336,19,26212.0,0,0,28.0
147,836,0.98278125,4.560708534621577,0.12754779,0.69051003,0.00011396408,0.10401372,27,14161.0,0,0,188.0
148,884,0.9826625,3.599003322259137,0.115286976,0.63919795,0.0014958382,0.10901144,30,10833.0,0,0,404.0
149,97,0.98254375,6.651241074464469,0.09114014,0.4673847,0.0062509775,0.10471517,12,18679.0,4,7,22.0
150,310,0.982425,5.039465308720561,0.1353619,0.7598149,0.0035128593,0.1020222,25,15834.0,0,0,208.0
151,0,0.98230625,5.077364864864864,0.12880607,0.4746592,0.00027608871,0.09897382,26,15029.0,0,0,169.0
152,203,0.9821875,5.963541666666665,0.09771782,0.38205436,0.00090765953,0.101742715,24,18320.0,0,0,21.0
153,756,0.98206875,6.9115332428765255,0.111953855,0.67277455,0.0018646717,0.09631786,19,19196.0,0,4,8.0
154,979,0.98195,4.9730983302411875,0.07825897,0.4789824,0.0004544258,0.092081785,25,16083.0,0,0,233.0
155,804,0.98183125,6.2970384995064155,0.07606343,0.35038894,0.0007479191,0.09060148,13,18225.0,4,7,11.0
156,56,0.9817125,5.476222148320584,0.068295896,0.51636827,0.0020070076,0.09124903,25,16467.0,0,0,47.0
157,237,0.98159375,3.6756212222968436,0.07897882,0.47815686,0.003865838,0.08664512,30,10946.0,0,0,463.0
158,398,0.981475,3.9267623206487845,0.080124736,0.3647232,0.0018408298,0.087933,25,13551.0,3,0,39.0
159,308,0.98135625,3.3852893630779177,0.07091618,0.42123103,7.867813e-05,0.09297147,23,10780.0,4,3,45.0
160,814,0.9812375,4.824768120920646,0.07693327,0.64434654,0.0014573857,0.09068051,16,14336.0,6,5,6.0
161,830,0.98111875,4.12562519296079,0.06965755,0.5625843,0.0005970001,0.09110167,27,13039.0,0,1,1.0
162,619,0.981,4.153707414829661,0.08020053,0.44553632,0.0001244545,0.0886021,16,13035.0,7,5,33.0
163,795,0.98088125,4.927629561484207,0.07001918,0.42677116,0.000446558,0.086499296,26,16069.0,0,0,238.0
164,656,0.9807625,4.854365733113673,0.069587156,0.20676678,0.0010941029,0.087562256,15,14733.0,6,6,15.0
165,383,0.98064375,5.88840579710145,0.08200396,0.5574291,0.00022095442,0.08675694,14,19215.0,6,3,48.0
166,650,0.980525,2.655150554675119,0.07108752,0.2668438,0.0028877258,0.08444328,32,8377.0,0,0,394.0
167,838,0.98040625,4.8336660013306725,0.090144135,0.3934086,0.00032043457,0.079673074,26,14530.0,0,0,125.0
168,720,0.9802875,3.11235595390525,0.07916161,0.30748487,0.00013113022,0.08254701,31,9723.0,0,0,121.0
169,225,0.98016875,3.6659574468085108,0.07905657,0.4309113,0.0017561913,0.082525425,24,11682.0,3,2,17.0
170,589,0.98005,6.291989137813986,0.09660303,0.37997445,5.364418e-05,0.08032697,20,19420.0,3,0,22.0
171,234,0.97993125,6.155429497568882,0.086176164,0.30338514,0.0028329492,0.082927935,20,19298.0,2,1,13.0
172,43,0.9798125,5.232439335887612,0.08179606,0.3637213,0.00031971931,0.0812548,23,16388.0,1,1,34.0
173,331,0.97969375,5.652403049386807,0.10284979,0.27975124,0.00017976761,0.07681229,17,17355.0,4,3,3.0
174,419,0.979575,5.1412148922273015,0.083373904,0.674402,0.0011948347,0.07606043,24,15130.0,0,2,14.0
175,866,0.97945625,5.2928306967351055,0.08231554,0.4756361,0.0015780926,0.07388417,25,15725.0,0,0,95.0
176,99,0.9793375,5.141694915254238,0.0699471,0.26546073,0.0002937317,0.07560533,25,15463.0,1,0,15.0
177,39,0.97921875,5.074544270833333,0.0954055,0.46216595,0.0022969246,0.07639898,24,15589.0,1,1,70.0
178,933,0.9791,8.070013850415512,0.092362374,0.5161104,0.0035424232,0.07454425,17,23595.0,2,1,52.0
179,417,0.97898125,4.515837104072398,0.07525363,0.54646575,0.0022511482,0.073808245,27,13972.0,0,0,282.0
180,484,0.9788625,3.6832950443058743,0.11407604,0.6337464,0.0018411875,0.0729048,29,11223.0,0,0,443.0
181,54,0.97874375,3.9776214833759584,0.06830927,0.567226,0.00017523766,0.072266355,28,12442.0,0,0,280.0
182,207,0.978625,6.236513504033671,0.086839475,0.43633872,0.0029911995,0.07429657,17,16925.0,2,5,49.0
183,47,0.97850625,7.121776036565459,0.0737764,0.45659018,3.528595e-05,0.080838926,18,21814.0,2,2,13.0
184,246,0.9783875,6.06989966555184,0.077480145,0.5647547,0.00018000603,0.07757237,24,18149.0,0,0,125.0
185,262,0.97826875,5.991816693944354,0.081824176,0.59029543,0.00035130978,0.07377387,24,18305.0,0,0,252.0
186,355,0.97815,3.853341780171049,0.06368664,0.39450753,0.00032949448,0.078132704,29,12165.0,0,0,382.0
187,100,0.97803125,5.617676767676768,0.081612,0.52909845,0.00174582,0.07718393,21,15295.0,2,3,26.0
188,524,0.9779125,4.811000959385995,0.0701511,0.5020627,0.0001411438,0.07297415,26,15044.0,0,0,120.0
189,11,0.97779375,3.940516698172653,0.09169352,0.43975854,0.00092339516,0.077861965,18,13142.0,6,4,3.0
190,915,0.977675,2.2492591373065527,0.07215049,0.8311109,0.0006620884,0.079190895,34,6831.0,0,0,842.0
191,897,0.97755625,3.9990294403105793,0.066660814,0.6138737,0.0010662377,0.07887354,29,12361.0,0,0,140.0
192,914,0.9774375,5.220462576292965,0.079743795,0.47626054,0.005721092,0.07636297,23,15940.0,1,2,5.0
193,629,0.97731875,3.6768385718645105,0.06847272,0.2590717,0.00068354607,0.070262015,28,12049.0,0,0,149.0
194,825,0.9772,5.3364102564102565,0.059827488,0.37955236,0.0017495155,0.073395915,16,15609.0,5,5,4.0
195,118,0.97708125,6.1358714043993245,0.08818094,0.37752378,1.835823e-05,0.07433985,13,18427.0,6,5,6.0
196,385,0.9769625,5.165472312703583,0.06775306,0.4403726,0.0013849735,0.077171974,24,16165.0,1,0,9.0
197,511,0.97684375,4.080236764222295,0.07237431,0.28539252,0.00035524368,0.07390714,28,12408.0,0,0,303.0
198,631,0.976725,4.991786447638604,0.05983011,0.32528767,1.7166138e-05,0.06798082,26,14586.0,0,0,259.0
199,774,0.97660625,3.7538336052202284,0.077749215,0.39652485,0.00048732758,0.0700837,28,11812.0,1,0,46.0
200,576,0.9764875,3.6718061674008813,0.06791962,0.30437398,0.00024914742,0.07091253,29,11669.0,0,0,268.0
201,465,0.97636875,6.681861348528016,0.057783905,0.29576683,0.00016999245,0.07042903,12,21108.0,5,5,40.0
202,416,0.97625,4.164606562599554,0.06505713,0.54805773,0.0004339218,0.06633941,20,12131.0,3,6,24.0
203,209,0.97613125,5.787254901960782,0.05849503,0.31671077,0.0012485981,0.06567906,20,16179.0,0,5,11.0
204,816,0.9760125,4.678582434514637,0.08316507,0.36063763,0.0009160042,0.06561788,26,15182.0,0,0,132.0
205,937,0.97589375,4.735825150459296,0.065355875,0.28357458,0.00041937828,0.06546124,20,14951.0,3,3,46.0
206,926,0.9757750000000001,6.7228629579375845,0.07026322,0.36395228,0.00025475025,0.0661227,20,19819.0,1,1,60.0
207,400,0.97565625,5.627636246372137,0.06971689,0.35784018,5.5789948e-05,0.06578746,16,16521.0,3,6,29.0
208,11,0.9755375,4.167737870195336,0.065299384,0.4940012,0.0035727024,0.06499825,27,12911.0,0,1,25.0
209,671,0.97541875,6.217158176943699,0.08369637,0.7492949,0.00059604645,0.064715214,21,18552.0,1,1,45.0
210,954,0.9753000000000001,4.436458663287933,0.078738675,0.3302747,0.00049972534,0.064687066,23,14953.0,3,0,66.0
211,499,0.97518125,5.565395614871307,0.07618118,0.4052727,0.0007965565,0.06698846,21,17829.0,2,1,36.0
212,873,0.9750624999999999,3.934407872412623,0.08513296,0.37439322,0.00033918023,0.06572523,28,11300.0,0,1,35.0
213,898,0.97494375,5.557980456026058,0.06640219,0.4045434,0.0006330013,0.06448178,22,17063.0,1,1,2.0
214,364,0.974825,5.049207397622193,0.067306876,0.5356362,0.0011045933,0.0673642,26,15289.0,0,0,233.0
215,851,0.97470625,3.85950145678213,0.06714325,0.6785296,0.00019192696,0.070790365,29,11922.0,0,0,414.0
216,731,0.9745875,3.840873634945398,0.106592335,0.63458216,0.0009622574,0.07032513,28,12310.0,0,0,415.0
217,435,0.97446875,5.168413933040244,0.07422406,0.6149386,0.0005774498,0.068952225,26,15283.0,0,0,11.0
218,431,0.97435,6.866351670604118,0.06934148,0.4444199,0.0001847744,0.074489795,22,20345.0,0,0,105.0
219,836,0.97423125,5.334621578099838,0.07572412,0.6104599,0.00037431717,0.07132335,21,15322.0,0,4,16.0
220,71,0.9741125,6.006139777922925,0.071843795,0.70566535,0.00054157525,0.07479351,14,17166.0,3,7,60.0
221,21,0.97399375,8.7958984375,0.07218403,0.6785157,0.0002696514,0.07325811,10,27021.0,4,4,8.0
222,622,0.973875,3.5125578321216127,0.0661805,0.73218906,0.00017249584,0.07198683,31,10629.0,0,0,152.0
223,581,0.97375625,4.679898380438235,0.06480997,0.62820804,0.0014891624,0.07122476,27,14737.0,0,0,33.0
224,112,0.9736375,4.911525423728812,0.06538568,0.37800968,0.00010204315,0.07692087,18,13309.0,3,7,43.0
225,753,0.97351875,4.83552673204682,0.09418753,0.7379689,0.0012569427,0.07464307,23,14969.0,1,2,12.0
226,810,0.9734,5.944461778471138,0.066389896,0.6344961,0.00094002485,0.07221095,20,17770.0,0,4,6.0
227,325,0.97328125,5.927444794952682,0.0757296,0.96818423,0.00042009354,0.07038545,15,19424.0,5,3,22.0
228,89,0.9731625,5.620327868852458,0.076981574,0.63687336,0.0005810261,0.07252183,23,16532.0,0,2,22.0
229,349,0.97304375,3.8015822784810123,0.060839135,0.42132366,2.3841858e-06,0.076282404,16,12645.0,7,5,29.0
230,587,0.972925,5.466962816716025,0.06298175,0.3556552,0.0008559227,0.07343777,23,16918.0,1,0,57.0
231,95,0.97280625,6.245619727449708,0.078090526,0.45951414,0.0008497238,0.072293475,18,17708.0,1,6,17.0
232,423,0.9726875,7.196296296296294,0.057029992,0.47508848,0.000269413,0.073825486,19,21076.0,1,2,6.0
233,861,0.97256875,6.036168787675821,0.054659843,0.31917787,0.00019359589,0.07480463,19,18024.0,2,2,16.0
234,382,0.97245,5.733510992671553,0.07393595,0.5031327,0.0015852451,0.074376464,24,17212.0,0,0,105.0
235,872,0.97233125,3.732923076923077,0.07469692,0.35719204,0.0016078949,0.07881964,26,12782.0,2,0,32.0
236,485,0.9722125,5.272013093289689,0.07018468,0.32562923,0.0016758442,0.077823,26,16106.0,0,0,34.0
237,183,0.97209375,4.735970250169032,0.08600441,0.64129966,0.0026147366,0.07736944,28,14009.0,0,0,100.0
238,905,0.971975,4.743564025409562,0.07333187,0.74277616,0.00089097023,0.07218198,19,14188.0,4,4,7.0
239,756,0.97185625,4.728629579375848,0.06285597,0.32368088,0.00049090385,0.07325326,27,13940.0,0,0,185.0
240,803,0.9717375,2.306999306999307,0.07139338,0.47566855,8.9883804e-05,0.07122549,34,6658.0,0,0,583.0
241,170,0.97161875,4.131010230179028,0.08518484,0.4526102,0.0005977154,0.07105893,23,12609.0,2,3,17.0
242,522,0.9715,5.022530967525945,0.069872625,0.29215318,0.0016443729,0.07128945,15,15301.0,6,5,28.0
243,472,0.97138125,5.532589016294508,0.06482791,0.33090997,0.00038027763,0.07418921,24,18335.0,0,0,159.0
244,755,0.9712625,3.7803256895978734,0.08890784,0.39162004,0.0005927086,0.07333675,29,11375.0,0,0,123.0
245,754,0.97114375,6.043569922698523,0.06996078,0.23966265,0.0009622574,0.06953169,24,17200.0,0,0,102.0
246,437,0.971025,4.868235294117647,0.06929871,0.3344319,0.0010790825,0.06820402,27,14483.0,0,0,315.0
247,365,0.97090625,4.383265856950067,0.069430135,0.27823162,0.0014787912,0.0693168,28,12992.0,0,0,279.0
248,469,0.9707875,5.2590938098276965,0.06440151,0.36250997,0.0007801652,0.065765575,25,16482.0,0,0,360.0
249,898,0.97066875,6.629641693811076,0.07222422,0.348937,0.00052046776,0.06668316,20,20353.0,1,1,57.0
250,962,0.97055,5.362869198312237,0.0907126,0.5738984,0.0031019673,0.06939342,25,16523.0,0,0,88.0
251,952,0.97043125,4.519346230820548,0.05913922,0.28457665,0.0002951622,0.067049034,27,13549.0,0,0,332.0
252,627,0.9703125,5.178861788617886,0.07512447,0.5241224,7.021427e-05,0.063737266,26,15288.0,0,0,257.0
253,732,0.97019375,6.443850267379679,0.077231415,0.4336076,0.0023880005,0.06254831,23,19280.0,0,0,118.0
254,960,0.970075,6.5401519949335025,0.074071445,0.47710755,0.0014576912,0.059471976,22,20338.0,0,1,74.0
255,727,0.96995625,4.383974358974359,0.08191135,0.5807066,0.002595663,0.056763027,27,13678.0,0,0,254.0
256,889,0.9698375,4.6884678747940685,0.07159719,0.41906187,0.0022258759,0.056582678,22,13926.0,2,3,41.0
257,265,0.96971875,6.349750581975391,0.08322948,0.7490627,0.0011878014,0.055193145,13,18793.0,5,6,36.0
258,627,0.9696,4.861449864498646,0.08635471,0.39564914,0.00030064583,0.053245198,26,14351.0,0,0,103.0
259,621,0.96948125,4.006394640682094,0.07270252,0.656436,0.0007452965,0.05166629,22,13157.0,3,3,22.0
260,146,0.9693625,6.348432288192125,0.07768947,0.5276106,0.0005850792,0.05058373,14,16934.0,2,9,47.0
261,941,0.96924375,4.597539543057997,0.08239629,0.6096263,0.0014226437,0.052258775,28,13080.0,0,0,376.0
262,405,0.969125,5.046034639927073,0.061579842,0.6192492,0.0003066063,0.05405463,13,14961.0,4,9,6.0
263,344,0.96900625,3.263073979591837,0.06659809,0.5762836,0.002518177,0.054963272,30,10233.0,0,0,461.0
264,332,0.9688875,5.2561872909699,0.07437261,0.38236415,0.0011744499,0.056668714,17,16314.0,5,3,9.0
265,808,0.96876875,5.319986979166666,0.06120665,0.48563612,0.00037932396,0.053479984,25,16343.0,0,0,80.0
266,611,0.96865,5.428791509756931,0.09235575,0.5204735,0.0023822784,0.050758168,18,14397.0,2,7,1.0
267,834,0.96853125,4.87483745123537,0.05105267,0.23257422,4.4107437e-05,0.051722124,26,14995.0,0,0,46.0
268,616,0.9684125,5.529526916802611,0.058232754,0.39175713,0.00042915344,0.05428372,23,16948.0,1,1,57.0
269,454,0.96829375,5.698743386243386,0.080260955,0.59521234,6.6280365e-05,0.055150986,24,17233.0,0,0,221.0
270,525,0.968175,4.389044289044288,0.08168781,0.4470646,0.0005583763,0.05249043,19,12880.0,4,5,51.0
271,222,0.96805625,5.624371373307544,0.063549064,0.42583784,0.0007711053,0.047222827,13,17757.0,6,5,3.0
272,537,0.9679375,4.58421052631579,0.055720348,0.185108,2.360344e-05,0.044685613,26,13439.0,1,0,40.0
273,487,0.96781875,5.342529467983435,0.08757263,0.66629356,0.0016345978,0.04823153,13,17398.0,7,5,7.0
274,598,0.9677,5.120111731843576,0.06169297,0.45180392,0.002219677,0.047266718,25,16497.0,0,0,264.0
275,744,0.9675812500000001,6.157650096836669,0.060588192,0.2513957,0.0005683899,0.05019529,21,19696.0,2,0,68.0
276,6,0.9674625,3.9794820047090482,0.05901603,0.4587629,0.00014352798,0.04988782,29,11831.0,0,0,67.0
277,163,0.96734375,5.1030716723549485,0.065713175,0.61184204,0.0015032291,0.049891587,23,14366.0,1,3,20.0
278,0,0.967225,5.849324324324324,0.07202679,0.44298634,0.0010344982,0.048277277,22,17018.0,1,2,14.0
279,281,0.9671062500000001,3.9891732283464565,0.06020501,0.45371085,0.00088763237,0.049491346,29,12159.0,0,0,196.0
280,992,0.9669875,4.818999999999999,0.07794166,0.5905268,0.0011866093,0.04671387,20,13557.0,2,5,24.0
281,952,0.9668687499999999,6.16711140760507,0.06973598,0.53917515,0.00010585785,0.046437472,24,18489.0,0,0,356.0
282,441,0.96675,4.642739545604215,0.08780912,0.5273061,0.00046491623,0.047873825,27,14100.0,0,0,226.0
283,387,0.96663125,3.738448790188929,0.06748118,0.28942618,0.0006735325,0.0474945,20,12184.0,6,3,18.0
284,33,0.9665125,3.790601023017903,0.085116304,0.76158476,0.00019693375,0.047439158,29,11857.0,0,0,196.0
285,247,0.96639375,4.679309177108025,0.08135673,0.8290528,0.00044107437,0.047864478,27,13818.0,0,0,120.0
286,48,0.966275,5.902852614896989,0.072250545,0.58192843,0.00015711784,0.046800453,12,18308.0,5,6,13.0
287,898,0.96615625,6.31986970684039,0.06109565,0.45620692,0.0014064312,0.04877545,23,19402.0,0,0,80.0
288,608,0.9660375,6.593153390388414,0.06740208,0.65515,0.00019526482,0.05112272,23,20030.0,0,0,217.0
289,589,0.96591875,5.765784114052954,0.0765212,1.0492151,4.9829483e-05,0.050271895,25,16986.0,0,0,173.0
290,398,0.9658,7.494385527136617,0.064768404,0.41588593,1.0967255e-05,0.048909172,16,24027.0,2,2,13.0
291,710,0.96568125,5.815218902015289,0.048892647,0.185125,0.00072836876,0.04759897,19,17024.0,3,2,31.0
292,168,0.9655625,4.6778887778887785,0.07294833,0.56787276,0.0016903877,0.049909562,25,14348.0,1,0,14.0
293,625,0.96544375,4.854122111072784,0.06805941,0.45740056,0.00034093857,0.04747422,20,14362.0,4,3,18.0
294,786,0.965325,4.444699704627502,0.062629685,0.5142462,0.0003796816,0.047757283,25,13543.0,1,1,2.0
295,804,0.96520625,6.372754195459032,0.058457505,0.59415865,0.0010859966,0.048233125,16,18759.0,3,5,6.0
296,373,0.9650875,2.829054054054054,0.056868922,0.46744037,0.0007882118,0.046057303,32,8374.0,0,0,275.0
297,427,0.96496875,4.108621860149355,0.065326616,0.33322155,0.00032830238,0.047409322,28,12104.0,0,0,146.0
298,601,0.96485,4.455813953488372,0.08181574,0.4810089,0.0029940605,0.04749845,27,14370.0,0,0,351.0
299,462,0.96473125,2.4342062193126024,0.06306469,0.5048566,0.00078463554,0.04763046,31,7131.0,1,2,64.0
300,152,0.9646125,5.083925712455974,0.06082708,0.42756665,0.00051140785,0.04675806,18,16814.0,5,2,23.0
301,898,0.96449375,5.409446254071661,0.07352519,0.7846522,0.0007750988,0.04819048,16,16300.0,4,5,19.0
302,906,0.964375,5.279541734860884,0.06677031,0.5340998,0.0005083084,0.048494067,23,16129.0,1,1,32.0
303,125,0.96425625,4.955179349648004,0.06585395,0.37235188,6.556511e-05,0.04702875,26,14483.0,0,1,27.0
304,541,0.9641375,6.146555520603965,0.070715085,0.30083752,0.00018620491,0.044931114,22,19222.0,0,1,14.0
305,567,0.96401875,5.4904505716207135,0.06988891,0.51676303,0.0031108856,0.045023832,24,16626.0,1,0,91.0
306,774,0.9639,4.6197389885807505,0.056839496,0.2705643,0.003207922,0.045185935,24,14466.0,2,1,2.0
307,412,0.96378125,4.89851729818781,0.07140636,0.5159687,0.0035705566,0.046071142,26,14867.0,0,0,143.0
308,197,0.9636625,3.8685770750988144,0.057864636,0.4225901,0.0001399517,0.047567993,29,11745.0,0,0,140.0
309,132,0.96354375,4.398101051203799,0.06366754,0.47662497,0.00201869,0.04755233,28,12970.0,0,0,88.0
310,256,0.963425,3.695411148752695,0.061546054,0.3472147,0.00081825256,0.047024902,29,11999.0,0,0,185.0
311,41,0.96330625,3.789942711648631,0.07019251,0.46149534,0.000644207,0.045756128,16,11908.0,6,6,6.0
312,489,0.9631875,4.532840722495894,0.06253046,0.4007945,0.0007865429,0.04686178,15,13498.0,6,7,7.0
313,791,0.96306875,4.107386918320859,0.075992525,0.49392313,0.00053310394,0.045722257,20,12622.0,4,4,18.0
314,787,0.96295,4.34457671957672,0.05076966,0.23356676,0.0009036064,0.045331616,28,13138.0,0,0,180.0
315,125,0.96283125,5.398927254441838,0.051712733,0.38343215,0.00043725967,0.0456252,16,16105.0,5,5,13.0
316,513,0.9627125,4.1658690594882035,0.054068387,0.30358148,0.0012407303,0.048069865,23,12836.0,3,2,6.0
317,89,0.96259375,4.114098360655738,0.053810876,0.2223854,0.0010410547,0.04802035,24,13158.0,3,1,2.0
318,715,0.962475,6.054348518636507,0.080063716,0.7368971,0.0009980202,0.04614244,20,17749.0,0,4,3.0
319,175,0.96235625,6.098286453281603,0.0720905,0.33316186,0.0011014938,0.04588599,23,18862.0,0,0,119.0
320,408,0.9622375,7.510290237467019,0.06846817,0.43772292,0.0024130344,0.04759662,17,22468.0,1,2,26.0
321,520,0.96211875,4.408330703692016,0.06391921,0.73495185,0.0004017353,0.047092274,27,13970.0,0,0,344.0
322,310,0.962,3.9586250795671543,0.07986618,0.36717176,0.0014588833,0.04769586,28,12438.0,0,0,289.0
323,644,0.96188125,4.549018324607331,0.06572091,0.32953846,0.0004439354,0.050577495,17,14513.0,6,4,22.0
324,974,0.9617625,6.86411559225151,0.06207792,0.27162886,0.0009250641,0.051048543,18,21930.0,2,1,66.0
325,744,0.96164375,4.964493221433183,0.06649425,0.38272983,0.00025248528,0.049487475,26,15380.0,0,0,98.0
326,389,0.961525,4.163958736299163,0.058862776,0.26489824,0.00010037422,0.04800284,26,13537.0,2,0,74.0
327,154,0.96140625,5.199670836076366,0.065498486,0.24253869,0.00019693375,0.04736041,12,15189.0,6,8,18.0
328,628,0.9612875,5.37397492375466,0.06856588,0.31335896,1.3113022e-05,0.04831359,16,17039.0,6,2,21.0
329,380,0.96116875,7.163931171409662,0.058195025,0.4020859,0.0005545616,0.052284032,18,21045.0,1,3,20.0
330,575,0.96105,5.047028086218159,0.06080538,0.36042607,0.00080895424,0.051373508,14,15454.0,4,4,0.0
331,144,0.96093125,8.828119855120184,0.067755714,0.36573672,0.0029716492,0.052287277,15,26811.0,2,2,13.0
332,16,0.9608125,4.7627175368139225,0.049520135,0.27898693,0.000667572,0.04925896,26,14231.0,0,0,123.0
333,944,0.96069375,6.9185359301544676,0.069819726,0.3712067,0.002778232,0.05081776,14,21199.0,5,3,23.0
334,239,0.960575,4.917940308297802,0.066315465,0.3578388,9.036064e-05,0.049047634,25,14385.0,0,2,78.0
335,885,0.96045625,4.541320942582144,0.06849571,0.3770579,0.00046872348,0.048225436,27,13683.0,0,0,373.0
336,335,0.9603375,5.188323917137477,0.07017155,0.46843606,0.00021123886,0.048217203,25,16530.0,0,0,97.0
337,472,0.96021875,4.868376584188291,0.070967324,0.28515625,0.0010244846,0.049951747,24,15471.0,0,2,13.0
338,7,0.9601,3.34925060996863,0.058315977,0.2893963,0.003070116,0.051055375,31,9609.0,0,0,522.0
339,149,0.95998125,6.161335140630294,0.070205756,0.38185084,0.00137043,0.049300816,23,17887.0,0,1,80.0
340,483,0.9598625000000001,7.055102040816327,0.0648126,0.2501566,0.0015907288,0.04904004,22,20742.0,0,0,76.0
341,411,0.95974375,5.891444194274685,0.065939344,0.44689733,0.000869751,0.049499515,20,16762.0,0,5,22.0
342,952,0.959625,7.925617078052035,0.057282742,0.3056888,0.0018670559,0.049285006,20,23761.0,0,0,51.0
343,799,0.95950625,5.2622388525101345,0.058087647,0.28730798,0.0010185242,0.04906259,25,16876.0,0,0,123.0
344,64,0.9593875000000001,5.008135593220337,0.06384021,0.5997315,0.000592947,0.049348664,20,13889.0,2,5,1.0
345,341,0.95926875,3.16575591985428,0.057673376,0.4118811,0.001294136,0.051341504,30,10428.0,0,0,449.0
346,715,0.95915,4.169448869066581,0.05826802,0.31345344,0.00018835068,0.05074176,19,12774.0,4,5,28.0
347,917,0.95903125,4.4627625716104395,0.061490815,0.52631557,0.0013988018,0.049338873,27,14022.0,0,0,327.0
348,803,0.9589125000000001,8.182605682605685,0.05661578,0.48747095,0.00024318695,0.04977618,20,23615.0,0,0,23.0
349,219,0.95879375,4.729825693996126,0.05990368,0.3405102,0.0010149479,0.049391236,27,14653.0,0,0,431.0
350,572,0.958675,4.691319444444445,0.06795349,0.2919414,0.000702858,0.050846208,27,13511.0,0,0,341.0
351,90,0.95855625,3.927145359019265,0.060428087,0.4312396,0.0011620522,0.04912576,29,11212.0,0,0,352.0
352,21,0.9584375,6.166015624999999,0.063899994,0.44147855,0.00037002563,0.04888487,23,18942.0,0,0,122.0
353,668,0.95831875,6.049386920980927,0.06888614,0.36689752,1.7166138e-05,0.052420285,24,17761.0,0,0,46.0
354,951,0.9582,5.411018577834723,0.06708966,0.4046992,9.894371e-05,0.049742144,16,18142.0,6,2,9.0
355,142,0.95808125,6.153664147223133,0.06647083,0.4133519,0.0004966259,0.050551202,20,18117.0,1,3,63.0
356,994,0.9579625,3.789959016393443,0.062419076,0.29476503,0.0004389286,0.049007844,30,11097.0,0,0,300.0
357,332,0.95784375,4.976923076923076,0.07667301,0.2947824,0.002100706,0.05076864,26,14881.0,0,0,189.0
358,681,0.957725,5.842423283770959,0.07730163,0.30453715,0.00068354607,0.04952043,22,18784.0,1,0,40.0
359,641,0.95760625,8.410825439783489,0.07494897,0.360918,0.0016269684,0.053126264,10,23680.0,3,7,1.0
360,35,0.9574875,5.655867433209334,0.066207506,0.3379373,0.00072979927,0.05350734,23,16133.0,0,2,64.0
361,628,0.95736875,5.639512029820399,0.061206315,0.29260707,4.053116e-05,0.053597737,18,16052.0,3,5,8.0
362,273,0.95725,3.942124301216705,0.058931053,0.2714661,0.00011396408,0.05672033,29,11988.0,0,0,254.0
363,717,0.95713125,4.617503805175038,0.05594926,0.17189336,0.001156807,0.05490752,24,14840.0,1,2,55.0
364,600,0.9570125,5.546422683811407,0.05055918,0.2823677,0.00026988983,0.05857027,24,16519.0,0,1,81.0
365,969,0.95689375,7.159934853420195,0.064729355,0.4258666,0.0002863407,0.058223203,16,22902.0,4,1,16.0
366,265,0.956775,4.288327236448287,0.053407893,0.39016497,0.00029826164,0.0572656,28,12895.0,0,0,111.0
367,702,0.95665625,4.648929266709928,0.0674675,0.28477693,0.001972437,0.053051192,27,14328.0,0,0,103.0
368,844,0.9565375,4.869023569023569,0.057777908,0.27890575,0.00028896332,0.05153701,27,14461.0,0,0,256.0
369,358,0.95641875,6.363459604425074,0.06770883,0.5023011,0.0004117489,0.050784398,14,17789.0,3,7,36.0
370,488,0.9563,4.204915310528063,0.072349854,0.46422672,0.0020489693,0.050773073,28,12661.0,0,0,329.0
371,758,0.95618125,5.790121033693162,0.05826655,0.3082484,0.00091934204,0.05136585,17,17089.0,3,5,27.0
372,880,0.9560625,5.7141689373297,0.07317275,0.2972443,0.00088763237,0.053101387,22,17364.0,2,0,13.0
373,263,0.95594375,4.818874172185431,0.059612732,0.26806736,0.001714468,0.052353725,26,14553.0,0,0,172.0
374,527,0.955825,3.691310029402156,0.063989565,0.3224504,0.0012277365,0.051411748,27,10993.0,1,2,34.0
375,272,0.95570625,5.018790570550052,0.06254647,0.34489393,0.0013055801,0.0526589,27,14690.0,0,0,299.0
376,128,0.9555875,7.088324873096448,0.06870002,0.37961888,0.0007158518,0.053123116,17,21537.0,3,1,33.0
377,104,0.95546875,5.712896953985742,0.058978587,0.28130287,0.0011293888,0.05457106,24,17630.0,0,0,233.0
378,678,0.95535,4.646317186463172,0.053578954,0.26575816,0.0003976822,0.051231865,27,14004.0,0,0,317.0
379,151,0.95523125,6.739480692410117,0.05730918,0.20931494,0.00013494492,0.055101413,18,18443.0,0,6,16.0
380,231,0.9551125,6.329436325678497,0.05917779,0.24432552,0.0018458366,0.052660044,18,17616.0,2,4,10.0
381,955,0.95499375,3.5809269756585524,0.063447565,0.21461079,0.0028839111,0.05224873,27,11339.0,2,0,53.0
382,246,0.954875,6.472240802675586,0.064918235,0.26955533,0.00064086914,0.053647608,17,19352.0,3,3,12.0
383,28,0.95475625,4.287151200519143,0.067145266,0.34043366,7.1525574e-07,0.05109689,28,13213.0,0,0,420.0
384,102,0.9546375,4.517741935483871,0.073959164,0.4655702,0.0006053448,0.052856922,27,14005.0,0,0,80.0
385,299,0.95451875,4.553158602150537,0.05366358,0.26110232,4.720688e-05,0.052078187,20,12955.0,3,5,2.0
386,956,0.9544,4.091879650598512,0.069558285,0.286945,0.0017409325,0.05200776,28,12648.0,0,0,237.0
387,559,0.95428125,3.591160220994475,0.06276078,0.63697255,0.00065493584,0.05231096,30,11050.0,0,0,147.0
388,512,0.9541625,4.9884589273591295,0.056833446,0.2500776,0.0025396347,0.05202825,21,13223.0,1,6,28.0
389,474,0.95404375,4.056621307666778,0.055136487,0.3215583,0.0008904934,0.053114984,23,11620.0,2,4,40.0
390,893,0.953925,4.816557883888698,0.05099752,0.35990977,9.8228455e-05,0.053058114,27,14021.0,0,0,296.0
391,319,0.95380625,5.361872455902307,0.05762275,0.38253945,0.0005338192,0.05265372,13,15512.0,6,7,10.0
392,63,0.9536875,6.573477406679762,0.05519706,0.4365909,0.00017046928,0.05040588,14,18243.0,2,8,23.0
393,992,0.95356875,3.1899999999999995,0.05817019,0.3910854,0.0009813309,0.05083649,23,9570.0,0,0,0.0
394,631,0.95345,7.454825462012319,0.05161952,0.36042988,0.00053215027,0.052648276,19,21783.0,1,1,48.0
395,298,0.95333125,5.694754098360655,0.060248792,0.2746756,0.00051665306,0.049265657,23,17674.0,1,0,56.0
396,774,0.9532125,4.630179445350734,0.057996575,0.41208196,0.0011339188,0.04905634,23,14498.0,2,1,36.0
397,461,0.95309375,5.269148936170214,0.051922113,0.25004196,0.00071310997,0.04940396,19,16752.0,4,1,11.0
398,154,0.952975,4.702040816326532,0.05854516,0.4977514,0.00041007996,0.049169794,16,15500.0,7,3,3.0
399,829,0.95285625,4.628174603174602,0.05318311,0.28558755,0.00082087517,0.049433306,16,14298.0,6,5,0.0
400,582,0.9527375,7.519322709163346,0.050890755,0.43297505,0.00012350082,0.04948272,18,22347.0,1,2,55.0
401,709,0.95261875,4.83558853986883,0.06335386,0.42147338,0.00081300735,0.04855099,24,13719.0,1,2,4.0
402,489,0.9525,3.7551724137931033,0.05914651,0.3826062,0.0008530617,0.047735617,11,11130.0,9,10,11.0
403,520,0.95238125,7.170905648469547,0.055476163,0.38591683,0.0008881092,0.049732056,18,21457.0,0,4,14.0
404,11,0.9522625,5.618399495904224,0.059257884,0.33769667,0.0005328655,0.049684096,13,18785.0,7,4,29.0
405,274,0.95214375,3.7692823608316566,0.0668191,0.460912,0.0013546944,0.05226427,29,11240.0,0,0,418.0
406,691,0.952025,5.449360865290069,0.04848677,0.23116243,0.0013520718,0.05216661,21,16626.0,2,2,13.0
407,12,0.95190625,4.260488798370672,0.054789823,0.40464056,0.00021958351,0.0516424,23,12846.0,3,2,22.0
408,53,0.9517875,7.6411323328785805,0.055471465,0.35060108,5.00679e-05,0.049324226,10,21231.0,4,8,38.0
409,161,0.95166875,4.487394957983193,0.052095294,0.21248937,0.0005313158,0.0514793,22,12755.0,2,4,27.0
410,70,0.95155,2.5798969072164946,0.05070142,0.44886863,0.00019335747,0.05269226,33,8008.0,0,0,439.0
411,24,0.95143125,3.73126371903418,0.06117047,0.4990723,7.557869e-05,0.049996346,29,11899.0,0,0,248.0
412,489,0.9513125,3.7845648604269297,0.05913989,0.34481072,0.0003349781,0.04840779,24,12742.0,4,0,66.0
413,566,0.9511937500000001,3.8759460348798944,0.047905117,0.21058679,0.00045657158,0.050704986,29,11779.0,0,0,86.0
414,216,0.951075,7.103075871496924,0.06256624,0.5654348,6.198883e-05,0.050566584,19,20491.0,1,2,12.0
415,840,0.95095625,4.213915857605179,0.05348414,0.35391468,0.0006453991,0.05159184,23,13948.0,3,0,52.0
416,638,0.9508375,3.854641559299637,0.045586597,0.23866332,0.00064373016,0.052220568,29,11668.0,0,0,27.0
417,940,0.9507187500000001,7.344784468575189,0.06376964,0.5054203,0.0002529621,0.052289885,17,21713.0,1,3,21.0
418,873,0.9506,7.076382762130979,0.0588287,0.39790595,0.0019049644,0.04951425,13,19970.0,3,6,22.0
419,303,0.9504812499999999,3.534485094850948,0.06172499,0.5949123,0.00028514862,0.04745652,21,10729.0,5,4,31.0
420,480,0.9503625,6.237258687258685,0.05587539,0.28339714,0.00047302246,0.0474246,16,18453.0,2,5,19.0
421,474,0.95024375,4.837470959176899,0.05864356,0.30331188,0.0008687675,0.047684055,16,14274.0,5,6,31.0
422,885,0.950125,6.107865914371057,0.05200106,0.2879789,0.0011401176,0.048857648,24,18403.0,0,0,207.0
423,328,0.95000625,5.011945392491466,0.055345744,0.26686215,0.00023245811,0.047859475,22,13806.0,1,4,10.0
424,549,0.9498875,5.552945069490403,0.056846887,0.2855761,0.00020456314,0.050945286,24,16781.0,0,0,118.0
425,492,0.94976875,7.249983611930515,0.06449788,0.29563975,0.0019299984,0.054444868,14,23035.0,5,2,21.0
426,608,0.94965,2.6606319947333774,0.064422645,0.3433619,0.0007855892,0.055988997,33,8083.0,0,0,606.0
427,844,0.94953125,5.58080808080808,0.064536914,0.24306798,0.0010104179,0.053071037,25,16575.0,0,0,152.0
428,525,0.9494125,4.234965034965034,0.07067798,0.3613608,0.00048303604,0.05235896,17,12117.0,5,7,25.0
429,105,0.94929375,6.208382449246888,0.055125773,0.230596,0.0004787445,0.04919441,22,18655.0,0,1,36.0
430,262,0.949175,3.303764320785597,0.06242633,0.39466512,0.00021219254,0.050087433,31,10093.0,0,0,516.0
431,190,0.94905625,4.031278390655419,0.07724281,0.32577127,0.0009934902,0.05138193,18,13349.0,6,3,59.0
432,114,0.9489375,6.134670202187604,0.07200524,0.5172843,0.00016927719,0.052783787,22,18810.0,1,0,35.0
433,249,0.94881875,4.821704394141145,0.064365074,0.32725942,0.0013804436,0.049510833,24,14184.0,1,2,75.0
434,519,0.9487,6.224132338631203,0.061478302,0.32793224,0.00081419945,0.05115759,23,19189.0,0,0,22.0
435,121,0.94858125,6.847503467406379,0.06597949,0.340217,0.0007352829,0.050015192,18,18883.0,1,4,40.0
436,858,0.9484625,4.417768213956348,0.054423347,0.25588906,0.00027608871,0.05017239,27,14371.0,0,0,253.0
437,813,0.94834375,5.111408083441984,0.05604371,0.18838501,2.2888184e-05,0.050923083,15,16909.0,7,3,3.0
438,20,0.948225,5.752862595419847,0.078499794,0.45141315,0.00018644333,0.048281904,24,18087.0,0,0,115.0
439,193,0.94810625,5.08955223880597,0.07052117,0.44962585,0.00086802244,0.05092461,26,15004.0,0,0,196.0
440,635,0.9479875,7.133064776023203,0.061036322,0.37699366,0.0015046597,0.04929695,17,21203.0,1,4,32.0
441,893,0.94786875,5.913431810374442,0.0716623,0.31400228,0.0006263256,0.04958429,24,17214.0,0,0,127.0
442,54,0.94775,4.797058823529412,0.06006679,0.3072679,0.00027537346,0.051600646,25,15318.0,1,0,74.0
443,956,0.94763125,7.195438369459722,0.061014175,0.23890162,0.0006711483,0.052520346,20,21932.0,0,1,43.0
444,402,0.9475125,5.035714285714286,0.05484042,0.2789719,0.00055265427,0.049784843,26,14805.0,0,0,193.0
445,93,0.94739375,4.4482401656314705,0.064188406,0.4562051,0.0007510185,0.048152298,28,12891.0,0,0,127.0
446,645,0.947275,5.715209619759506,0.055149972,0.44100192,0.00016570091,0.049108714,19,17278.0,2,3,44.0
447,274,0.94715625,6.3467471495640515,0.06383741,0.30010808,0.002002716,0.051836405,23,18926.0,0,0,44.0
448,787,0.9470375,5.374470899470899,0.04832625,0.23698163,0.0011658669,0.04984271,25,15950.0,0,1,90.0
449,525,0.94691875,4.6022977022977,0.06013425,0.32186258,0.0005264282,0.048421565,19,11118.0,1,10,1.0
450,931,0.9468,5.209302325581396,0.047329124,0.33065295,0.0010347366,0.046558052,25,16576.0,0,0,88.0
451,552,0.94668125,3.244429882044561,0.059129495,0.38155818,0.0002989769,0.045877684,31,9902.0,0,0,197.0
452,780,0.9465625,5.74887459807074,0.064311735,0.23619711,0.0015215874,0.046962623,20,18812.0,3,0,15.0
453,184,0.94644375,5.552884305510796,0.06965508,0.37408376,0.00011944771,0.04827911,23,16610.0,0,2,4.0
454,451,0.946325,3.983247753530167,0.047127258,0.34004807,0.00082468987,0.0471361,20,13035.0,5,3,2.0
455,718,0.94620625,7.39352878083661,0.05973095,0.29871884,0.0007445812,0.053067815,19,20400.0,1,2,61.0
456,934,0.9460875,4.16819650937298,0.065452226,0.45071018,0.00058436394,0.050229046,27,12587.0,0,1,26.0
457,82,0.94596875,2.6643990130419453,0.054571625,0.22447371,0.00242424,0.04841366,19,8410.0,8,5,29.0
458,101,0.94585,4.778648383937316,0.056804348,0.4042517,3.5762787e-06,0.04815796,27,14637.0,0,0,276.0
459,328,0.94573125,4.348805460750853,0.05731858,0.6185044,0.0004146099,0.04809771,28,12742.0,0,0,172.0
460,565,0.9456125,4.628735632183908,0.06570936,0.32123852,0.002060175,0.04513439,27,13396.0,0,1,18.0
461,569,0.94549375,5.200655737704919,0.054482803,0.20767069,8.058548e-05,0.04596508,26,15862.0,0,0,356.0
462,983,0.945375,6.311505815781201,0.061969176,0.30359542,0.00045776367,0.049108744,14,20395.0,5,4,6.0
463,754,0.94525625,7.225931131412507,0.056513805,0.24571437,0.004782051,0.047270197,22,20565.0,0,0,15.0
464,970,0.9451375,6.019619823489477,0.057246346,1.0740637,0.0008609295,0.047862086,15,16850.0,3,6,11.0
465,409,0.94501875,3.164842039411949,0.066410474,0.50736845,0.00023007393,0.048319474,30,10118.0,0,0,157.0
466,351,0.9449,5.294923857868019,0.047585577,0.33057427,0.00034165382,0.04752135,23,15351.0,1,2,4.0
467,901,0.94478125,6.15938566552901,0.069627166,0.32349354,0.0037754774,0.048097923,21,17754.0,1,2,57.0
468,599,0.9446625,6.51077943615257,0.05712815,0.39829636,0.0037059784,0.04703006,23,19630.0,0,0,30.0
469,508,0.94454375,5.515622940013184,0.06660971,0.4197582,0.0006146729,0.048035476,24,16431.0,0,1,44.0
470,431,0.944425,4.050286871414107,0.048417237,0.2863996,6.318092e-05,0.05131018,29,12001.0,0,0,499.0
471,187,0.94430625,3.771726691349714,0.051723823,0.2676872,0.0005121231,0.051787797,17,11800.0,7,5,10.0
472,301,0.9441875,5.447954173486088,0.054817658,0.26247513,0.00040078163,0.050972853,19,15727.0,2,5,3.0
473,270,0.94406875,5.446440677966102,0.05987348,0.40325165,0.0010216236,0.04938223,25,16067.0,0,0,96.0
474,385,0.94395,5.539087947882737,0.063084334,0.2693265,0.0006098747,0.048841864,22,17619.0,2,0,19.0
475,733,0.94383125,3.2549464807006165,0.06339266,0.29914558,0.00157547,0.053097796,30,10035.0,0,0,508.0
476,545,0.9437125,4.7204803202134755,0.048747893,0.27890575,0.00018525124,0.048430648,13,14152.0,7,7,19.0
477,240,0.94359375,4.222010178117048,0.060554873,0.21505982,3.504753e-05,0.04946001,27,13274.0,0,0,107.0
478,108,0.943475,5.6535538814281034,0.05167276,0.3237424,8.1539154e-05,0.047509924,10,16955.0,7,8,3.0
479,875,0.94335625,5.183760683760683,0.06871972,0.35051548,0.0004069805,0.04684128,26,15769.0,0,0,230.0
480,318,0.9432375,6.268413597733711,0.05448869,0.22418988,0.0016543865,0.049693152,24,17702.0,0,0,179.0
481,884,0.94311875,5.063122923588041,0.07386979,0.33762407,0.00037956238,0.05019446,26,15240.0,0,0,109.0
482,363,0.943,5.142638036809815,0.06887028,0.3909266,0.00032758713,0.050185785,21,15787.0,1,4,44.0
483,495,0.94288125,5.407134071340714,0.05652699,0.28675365,3.8146973e-05,0.050813526,24,17584.0,0,0,349.0
484,676,0.9427625,5.299055967633176,0.05828893,0.3023622,0.00071263313,0.04851352,25,15717.0,0,0,90.0
485,432,0.94264375,6.862360500507272,0.06086372,0.41069615,0.00035953522,0.048004016,22,20292.0,0,0,66.0
486,111,0.9425250000000001,7.636070853462158,0.05794471,0.4391454,0.0020215511,0.04837333,18,24331.0,2,0,25.0
487,967,0.94240625,5.795336787564768,0.06371159,0.3076061,0.00043153763,0.049217578,19,17067.0,3,2,9.0
488,805,0.9422875,6.284159999999999,0.06334849,0.3633876,0.00041505694,0.04930677,21,19013.0,0,2,75.0
489,348,0.94216875,3.814196675900277,0.055928003,0.18051836,0.00035881996,0.047399893,19,11593.0,6,4,9.0
490,551,0.94205,6.85483870967742,0.06161497,0.25616372,0.0005950928,0.04676869,21,20940.0,0,1,26.0
491,659,0.94193125,5.568407803650094,0.06732164,0.28086746,0.0016889572,0.045697745,22,16743.0,0,3,15.0
492,371,0.9418124999999999,4.907854050711193,0.07053237,0.285,0.0010530949,0.043492008,26,15872.0,0,0,128.0
493,376,0.94169375,4.115572625698324,0.05522497,0.22982961,0.0008840561,0.04784969,29,11787.0,0,0,102.0
494,971,0.941575,6.7727701110737115,0.059012767,0.311182,4.7683716e-07,0.04628782,17,20419.0,3,2,22.0
495,242,0.94145625,4.453225303832971,0.065536834,0.56638145,0.0011069775,0.047030818,16,15574.0,7,3,2.0
496,795,0.9413375,5.54651947255443,0.05960682,0.24268758,0.0007443428,0.048441812,21,17435.0,1,3,5.0
497,790,0.94121875,5.684928309436479,0.06857708,0.4099288,0.0017333031,0.04814115,19,17349.0,3,2,41.0
498,269,0.9411,5.60418118466899,0.065262,0.25372076,0.0010502338,0.049450982,25,16084.0,0,0,301.0
499,565,0.94098125,6.700135226504393,0.054709807,0.22642183,0.00012111664,0.049099505,15,19819.0,4,4,11.0
500,546,0.9408625,5.536220472440943,0.05695485,0.30579185,0.00024533272,0.049505964,15,15295.0,4,7,20.0
501,464,0.94074375,5.377606837606838,0.0578659,0.31085873,2.4318695e-05,0.048980463,24,16022.0,1,0,53.0
502,342,0.940625,2.3733947974975305,0.05094951,0.20281053,0.00031280518,0.050425828,34,7208.0,0,0,469.0
503,647,0.94050625,3.5908371786420576,0.060593184,0.30522817,0.0020365715,0.048369307,23,9681.0,2,6,15.0
504,187,0.9403875,4.29447997307304,0.056187134,0.30764952,0.0004734993,0.048729327,19,13056.0,5,4,43.0
505,859,0.94026875,6.971863499498158,0.069659926,0.2826507,0.00055742264,0.044704285,21,20540.0,0,1,33.0
506,807,0.94015,4.607676348547718,0.046556577,0.24802709,0.00018405914,0.046708252,18,14193.0,6,3,12.0
507,526,0.94003125,4.299542184434271,0.06854961,0.3145851,0.00010347366,0.044974025,28,13148.0,0,0,129.0
508,899,0.9399125,3.7244732576985413,0.053596657,0.2770443,0.0018048286,0.04443753,29,11490.0,0,0,53.0
509,606,0.93979375,6.813874788494077,0.05636038,0.33107936,0.0002784729,0.04505177,10,20135.0,6,6,9.0
510,26,0.939675,6.623686723973257,0.07141652,0.39220047,0.0013589859,0.047293603,22,20805.0,0,0,57.0
511,863,0.93955625,6.132651796778189,0.06428985,0.3568293,0.00083756447,0.04698321,19,18505.0,0,4,21.0
512,972,0.9394375,7.488381201044387,0.06524401,0.20361555,0.00096070766,0.04808827,16,22638.0,2,3,4.0
513,227,0.93931875,5.71844207723036,0.061315197,0.486449,1.5825033e-05,0.047298048,22,17779.0,2,0,19.0
514,526,0.9392,5.0758665794637015,0.07668042,0.23141813,0.0015945435,0.047300503,26,15522.0,0,0,106.0
515,334,0.93908125,6.312913907284767,0.059023056,0.30512738,0.00023579597,0.048765663,23,19065.0,0,0,95.0
516,112,0.9389625,5.4396610169491515,0.052078728,0.32545018,0.00032019615,0.046363324,25,15752.0,0,1,64.0
517,394,0.93884375,4.102165087956698,0.062831335,0.21737742,0.0025105476,0.044971485,28,12126.0,0,0,214.0
518,630,0.938725,5.488503832055982,0.060093224,0.25750017,0.00023365021,0.045533985,23,16471.0,1,1,1.0
519,937,0.93860625,2.793664871713652,0.06714554,0.35628006,0.0017443895,0.05000862,29,9451.0,2,0,36.0
520,672,0.9384875,3.9356647970966683,0.0602991,0.37484097,9.417534e-05,0.048925355,29,11929.0,0,0,315.0
521,555,0.93836875,4.5279251170046795,0.057689395,0.3102129,0.0004272461,0.047512468,21,14512.0,3,3,26.0
522,82,0.93825,3.209622841029256,0.06644821,0.28144073,0.00045871735,0.04690599,21,8822.0,5,6,51.0
523,387,0.93813125,5.515346370566787,0.050232947,0.26169682,0.00082707405,0.049506906,16,15433.0,3,7,29.0
524,805,0.9380125,4.38528,0.058693927,0.3443253,0.00065517426,0.049399424,27,13704.0,0,0,184.0
525,590,0.93789375,5.6234725578184355,0.066919036,0.23701358,0.00027871132,0.047957044,20,17450.0,4,0,49.0
526,935,0.937775,5.1507365536142515,0.06082471,0.40221488,0.00072979927,0.05138817,26,15035.0,0,0,239.0
527,406,0.93765625,5.6729118899443165,0.054596413,0.28689003,0.0011203289,0.04988523,16,17930.0,5,3,33.0
528,939,0.9375375,4.547456514604527,0.06074911,0.38608447,8.34465e-05,0.047488544,25,12942.0,0,3,2.0
529,235,0.93741875,3.3330118932819026,0.0547075,0.42765218,4.553795e-05,0.044052843,30,10369.0,0,0,118.0
530,52,0.9373,3.7700479780671694,0.05946116,0.33813292,0.00036168098,0.04462335,29,11001.0,0,0,466.0
531,578,0.93718125,4.25,0.06101106,0.28812182,0.0005912781,0.043803167,28,13175.0,0,0,150.0
532,782,0.9370625,3.450727513227513,0.0492332,0.23854971,0.00031805038,0.049655337,30,10435.0,0,0,472.0
533,910,0.93694375,5.8144363876071194,0.05159962,0.26099205,0.00015211105,0.049854632,24,17641.0,0,0,151.0
534,773,0.936825,4.559788529317526,0.05903786,0.4181751,8.106232e-06,0.048014913,22,13919.0,2,3,48.0
535,260,0.93670625,5.4895291405992745,0.065442726,0.41160315,0.00036859512,0.045634866,23,16368.0,1,2,12.0
536,33,0.9365875,4.152046035805626,0.057327684,0.25832236,0.0006234646,0.04477656,23,12362.0,2,4,26.0
537,357,0.93646875,4.336251252923488,0.057230186,0.37134874,0.00017404556,0.04450031,22,13577.0,4,2,65.0
538,914,0.93635,4.121426276903309,0.051893603,0.25443125,0.00070667267,0.044027735,25,12830.0,0,0,0.0
539,887,0.93623125,5.381357649442755,0.051826436,0.2681477,5.054474e-05,0.04523042,20,15342.0,2,4,28.0
540,171,0.9361125,5.207895574657753,0.05644986,0.27236748,0.001783371,0.046803907,25,16358.0,0,0,3.0
541,420,0.93599375,3.19098228663446,0.05345598,0.23472947,0.0005004406,0.04827698,31,9908.0,0,0,172.0
542,656,0.935875,4.665403624382208,0.057701033,0.24764049,0.00082707405,0.045689028,18,14463.0,5,4,18.0
543,291,0.9357562500000001,4.9500685871056245,0.05319722,0.2463994,0.00037312508,0.04598987,25,14726.0,1,0,51.0
544,75,0.9356375,4.777089136490251,0.04314295,0.23406279,0.0008087158,0.04602992,24,14007.0,2,1,6.0
545,776,0.93551875,6.055534650360615,0.062469427,0.5736575,0.00023806095,0.046881706,22,19630.0,1,0,38.0
546,239,0.9354,4.147228599540833,0.071216665,0.19867495,0.00015258789,0.046341065,23,12340.0,2,3,29.0
547,307,0.93528125,6.635355512067841,0.056563575,0.26862478,0.0019247532,0.04715483,22,20344.0,0,0,24.0
548,496,0.9351625,5.3992431409649955,0.059248697,0.3152132,0.0019631386,0.044429597,25,17121.0,0,0,373.0
549,668,0.93504375,6.3918256130790185,0.056449953,0.25784576,1.9073486e-05,0.044549618,22,19060.0,1,0,38.0
550,627,0.934925,6.8954607046070455,0.06355012,0.24208736,0.0017386079,0.04352125,21,19765.0,0,2,20.0
551,893,0.9348062500000001,5.794228787358296,0.060651317,0.26641536,0.00078964233,0.04512975,24,16867.0,0,0,114.0
552,67,0.9346875,4.58743098408574,0.058573276,0.24442881,0.00043344498,0.04639259,19,13201.0,3,6,3.0
553,750,0.93456875,6.094454256446484,0.05869438,0.30957377,0.0012934208,0.04615153,12,16121.0,0,4,0.0
554,844,0.93445,4.961616161616162,0.048127547,0.1887238,0.0006084442,0.048340473,26,14736.0,0,0,144.0
555,978,0.9343312500000001,5.877611940298507,0.04161891,0.19711983,0.00026750565,0.048091084,22,17721.0,1,1,45.0
556,388,0.9342125,5.74470709146968,0.05841987,0.3924123,0.0009448528,0.047386486,24,16185.0,0,2,35.0
557,628,0.93409375,6.15157573703829,0.05387483,0.29659402,0.0014724731,0.04820889,17,17268.0,2,5,11.0
558,350,0.933975,5.512820512820512,0.049652416,0.19336152,0.00019437075,0.04718252,25,16125.0,0,0,255.0
559,143,0.93385625,4.568313458262351,0.060217533,0.297026,0.0003042221,0.048888262,27,13408.0,0,0,194.0
560,556,0.9337375,4.056379916853214,0.068404675,1.0336123,0.00043964386,0.04652919,27,12997.0,1,0,44.0
561,114,0.93361875,6.153828306264499,0.057464406,0.25704503,0.000415802,0.045886833,21,17661.0,0,3,28.0
562,627,0.9335,6.102574525745258,0.06693074,0.21418265,0.0008819103,0.04840463,23,18310.0,1,0,82.0
563,173,0.93338125,4.318865345181134,0.061521094,0.2881742,0.00055909157,0.04600263,26,12637.0,1,1,49.0
564,59,0.9332625,6.164000000000001,0.060535092,0.30364215,0.00224185,0.047519717,20,17892.0,1,3,7.0
565,545,0.9331437499999999,4.6342895263509,0.057756428,0.35986814,9.083748e-05,0.04552423,17,13294.0,4,6,34.0
566,1,0.933025,2.8310139165009933,0.06118836,0.39222932,1.04904175e-05,0.044167053,32,8544.0,0,0,462.0
567,198,0.93290625,4.114483424525266,0.05732585,0.3567313,0.0010933876,0.044721976,26,12473.0,1,2,36.0
568,952,0.9327875,4.295530353569046,0.05540836,0.27615035,0.00039196014,0.04365529,28,12878.0,0,0,235.0
569,350,0.93266875,7.863418803418805,0.055233967,0.40720516,1.7404556e-05,0.046521485,16,22708.0,2,3,61.0
570,290,0.93255,5.230482009504412,0.05745775,0.25697213,0.00018453598,0.045425642,24,15409.0,1,1,20.0
571,668,0.93243125,4.759536784741144,0.061170716,0.25088775,0.00017690659,0.04412367,27,13974.0,0,0,247.0
572,279,0.9323125,5.42233782129743,0.054753374,0.25764465,0.0011017323,0.044245377,21,18047.0,2,1,5.0
573,255,0.93219375,3.7426165803108815,0.0531162,0.29687095,0.00020623207,0.04622941,27,11866.0,1,0,29.0
574,165,0.932075,5.769682646860231,0.06313497,0.2629621,0.0006239414,0.04540962,23,17386.0,1,0,74.0
575,35,0.93195625,5.8243828204261066,0.05283333,0.26477385,3.1471252e-05,0.04417126,18,16927.0,3,4,19.0
576,671,0.9318375,4.5407506702412865,0.061644148,0.22315586,0.00055766106,0.045017887,22,13848.0,3,2,22.0
577,338,0.93171875,4.9500846023688645,0.0561695,0.22133851,0.0017185211,0.0442299,21,13150.0,1,6,5.0
578,988,0.9316,7.196868754163891,0.059887636,1.059398,0.00038027763,0.04526137,19,21605.0,1,1,34.0
579,950,0.93148125,5.346971569839306,0.06291533,0.48190808,0.00047445297,0.04574302,21,16332.0,1,4,24.0
580,531,0.9313625,4.198371335504886,0.04929331,0.30148053,0.0005662441,0.04456815,27,12889.0,0,0,136.0
581,787,0.93124375,3.8028439153439155,0.05817035,0.32204103,0.0001718998,0.043684576,26,10895.0,1,3,34.0
582,779,0.931125,4.232421875,0.064401306,0.3713463,0.00058329105,0.044264946,28,13002.0,0,0,132.0
583,540,0.93100625,3.978217158176944,0.053102106,0.2475431,0.00036525726,0.04504919,28,11871.0,0,0,270.0
584,813,0.9308875,4.6467405475880055,0.051463563,0.20619774,0.00067949295,0.044364344,13,14563.0,7,6,5.0
585,665,0.93076875,4.881227317716926,0.060053986,0.23104894,0.0011281967,0.04537895,26,14795.0,0,0,323.0
586,165,0.93065,5.461512491559756,0.062334042,0.2864616,0.00033640862,0.043102633,25,16177.0,0,0,274.0
587,517,0.93053125,3.250666666666667,0.057121668,0.3595444,0.00012853742,0.046388652,27,9152.0,1,3,21.0
588,773,0.9304125,4.208586991348926,0.055774216,0.2975633,0.0017166138,0.04475996,18,13135.0,5,5,9.0
589,5,0.93029375,5.928985507246375,0.0507496,0.15221977,0.0006775856,0.046982083,15,16857.0,2,7,31.0
590,796,0.930175,4.116133378241832,0.057553127,0.26560807,0.00010919571,0.04770149,19,11627.0,4,6,29.0
591,917,0.93005625,6.477211966900064,0.054359954,0.24747038,9.36985e-05,0.045950357,13,19723.0,4,6,46.0
592,773,0.9299375,3.5433514899070815,0.057370618,0.24646896,0.0019972324,0.045787424,19,11683.0,6,4,7.0
593,877,0.92981875,6.578898800369117,0.06398213,0.29079455,9.417534e-05,0.04762042,21,21388.0,0,0,54.0
594,394,0.9297,5.51853856562923,0.055601377,0.35050657,0.00024938583,0.04483548,14,16904.0,6,4,3.0
595,60,0.92958125,4.97059733828536,0.054818887,0.26110214,0.00042295456,0.046569556,26,16060.0,0,0,561.0
596,72,0.9294625,7.999696048632218,0.06697158,0.25856486,2.1219254e-05,0.04747029,16,23391.0,2,3,4.0
597,511,0.92934375,4.2601118053271945,0.06748527,0.25883126,0.00025463104,0.046541754,26,12955.0,1,1,37.0
598,224,0.929225,6.64628493524199,0.060629386,0.303056,6.055832e-05,0.047961637,19,18620.0,0,3,0.0
599,608,0.92910625,7.234364713627387,0.05565752,0.3577503,0.0009198189,0.04728061,21,21978.0,0,0,118.0
600,576,0.9289875,6.070106985525487,0.053251415,0.2678885,0.0003824234,0.04596457,22,18973.0,0,1,84.0
601,532,0.92886875,4.882280049566295,0.05986936,0.22121859,0.00035190582,0.045977835,26,15760.0,0,0,173.0
602,399,0.92875,5.303765011359949,0.07233251,0.5176502,6.866455e-05,0.04367477,22,16649.0,2,1,23.0
603,305,0.92863125,5.703949447077411,0.055973243,0.20829007,0.00046300888,0.0446503,16,18686.0,5,3,24.0
604,310,0.9285125,6.345639719923615,0.047104362,0.20359516,0.0010294914,0.046016756,22,19938.0,0,0,4.0
605,633,0.92839375,5.723592493297586,0.059073504,0.18153226,0.00020265579,0.04447633,16,16184.0,3,6,21.0
606,356,0.928275,4.557445442875482,0.059910033,0.33221766,3.0755997e-05,0.043634135,27,14201.0,0,0,135.0
607,816,0.92815625,5.299537750385209,0.060042273,0.27843523,0.0012080669,0.047037095,23,17197.0,1,1,34.0
608,195,0.9280375000000001,5.052988047808766,0.054941844,0.21031451,0.0002837181,0.047025178,24,15822.0,2,0,46.0
609,20,0.92791875,4.410178117048346,0.061317366,0.3383417,0.00020098686,0.046415683,24,14180.0,2,1,43.0
610,389,0.9278,4.645841392649903,0.064118184,0.36651623,0.00012087822,0.044652745,23,13791.0,1,3,43.0
611,836,0.92768125,6.701932367149758,0.05254665,0.23367405,0.0001282692,0.045208182,15,20499.0,3,4,34.0
612,126,0.9275625,4.8682813536828125,0.056953613,0.24935734,0.0005939007,0.04499155,22,14673.0,2,2,1.0
613,340,0.92744375,4.734967012252592,0.056009453,0.32385558,0.0017619133,0.04308336,18,15708.0,5,3,14.0
614,455,0.927325,4.362179487179487,0.06748665,0.33386546,0.001178503,0.04817942,27,13610.0,0,0,284.0
615,165,0.92720625,5.773801485482783,0.052439723,0.45622343,0.0004734993,0.04326029,24,17102.0,0,0,203.0
616,904,0.9270875000000001,4.442903225806452,0.059555486,0.4230337,0.001178503,0.046721194,19,14703.0,5,2,6.0
617,969,0.92696875,5.162214983713355,0.056129694,0.24295393,0.0012133121,0.043980654,26,15848.0,0,0,289.0
618,939,0.92685,3.322973416475222,0.047436666,0.27284956,0.00087046623,0.04778431,28,9211.0,0,3,35.0
619,965,0.92673125,4.896416938110749,0.0610909,0.38584614,0.0011072159,0.048463512,26,15032.0,0,0,124.0
620,965,0.9266125,4.819218241042345,0.05856346,0.2406798,0.0010944605,0.047789067,26,14795.0,0,0,153.0
621,327,0.92649375,7.478321678321679,0.05468144,0.23348486,0.00020003319,0.04665008,15,21102.0,3,4,19.0
622,735,0.926375,4.519223544145272,0.046010587,0.24625373,0.0011796951,0.044972464,14,14115.0,6,7,32.0
623,248,0.92625625,5.217215870880969,0.05536726,0.30516076,0.0003581047,0.04312175,22,15516.0,2,2,25.0
624,493,0.9261375000000001,6.6530818457393055,0.06299209,0.23664069,0.0011765957,0.043896005,21,19753.0,1,1,21.0
625,860,0.92601875,4.1120026525198945,0.06300252,0.28727317,0.00012397766,0.04359764,20,13005.0,5,3,26.0
626,905,0.9259,6.097693079237712,0.063024946,0.63306236,0.0010559559,0.0483485,9,17640.0,7,9,17.0
627,363,0.92578125,3.872085889570552,0.046087336,0.1989541,0.000415802,0.046631258,27,12949.0,1,0,78.0
628,163,0.9256625,6.196245733788394,0.04750025,0.18749285,7.581711e-05,0.0453743,21,17862.0,1,2,3.0
629,341,0.92554375,6.991196114146933,0.06435769,0.36327207,0.0022859573,0.043472365,20,23029.0,0,0,113.0
630,84,0.9254249999999999,6.370345294515912,0.056427136,0.27998948,0.00042581558,0.0452829,21,18818.0,1,1,75.0
631,991,0.92530625,4.886263921700979,0.05031192,0.32769907,0.00046539307,0.044138268,26,14478.0,0,0,150.0
632,475,0.9251875,3.383530183727034,0.05314462,0.31153488,0.0011017323,0.04747505,31,10313.0,0,0,312.0
633,469,0.92506875,3.571474154435227,0.053941358,0.20481396,0.00058960915,0.047582716,29,11193.0,0,0,353.0
634,872,0.92495,2.8178461538461534,0.053836867,0.30916452,0.0010700226,0.04401283,32,9158.0,0,0,359.0
635,552,0.92483125,3.762778505897772,0.06830233,0.29859066,0.00033140182,0.044727083,29,11484.0,0,0,113.0
636,449,0.9247125,5.1461261850277875,0.054558605,0.29974943,0.0009012222,0.045055997,26,15742.0,0,0,355.0
637,271,0.92459375,3.6743760399334446,0.053146377,0.40288004,0.00034451485,0.043148994,20,9539.0,3,8,14.0
638,265,0.924475,5.329797140006651,0.052186906,0.17540827,0.002551794,0.043202076,25,15726.0,0,1,49.0
639,840,0.92435625,4.459223300970874,0.070840396,0.43807107,0.0004608631,0.046128962,17,12852.0,4,7,14.0
640,73,0.9242375,4.932149651236525,0.056415945,0.17579031,0.0022120476,0.044747118,14,15556.0,6,6,20.0
641,836,0.92411875,4.832850241545893,0.0553553,0.34262085,0.00057697296,0.042311635,25,14385.0,0,2,43.0
642,473,0.924,3.0042964906526732,0.057775263,0.24579835,3.6001205e-05,0.042421445,26,9465.0,3,2,7.0
643,457,0.92388125,4.650171179582944,0.056585517,0.2192694,0.00071668625,0.044950962,26,14941.0,0,0,122.0
644,968,0.9237625,6.600469956361195,0.05049338,0.23602796,3.8146973e-05,0.045592498,15,19067.0,3,5,1.0
645,306,0.92364375,7.190498185417353,0.051210538,0.25660062,0.002185583,0.0452567,12,20582.0,3,7,11.0
646,578,0.923525,5.543548387096773,0.06544428,0.3018908,0.0004556179,0.045538485,24,16875.0,0,1,37.0
647,946,0.92340625,3.677971793149765,0.0582041,0.24987298,0.00073313713,0.044460043,24,10953.0,3,3,9.0
648,167,0.9232875,3.7532203389830507,0.053150326,0.3409165,7.8201294e-05,0.04522301,19,12547.0,7,2,55.0
649,249,0.92316875,4.7529960053262315,0.05868004,0.40482986,0.0014705658,0.04557289,25,14278.0,1,1,44.0
650,434,0.92305,3.336327036234128,0.06432939,0.3274511,0.0007009506,0.04585579,24,10773.0,3,3,27.0
651,508,0.92293125,5.923862887277522,0.06385501,0.437878,0.00019860268,0.04762459,24,17973.0,0,0,31.0
652,588,0.9228125,5.40062356416147,0.05807204,0.36180127,2.682209e-05,0.04464747,15,16151.0,0,1,0.0
653,988,0.92269375,4.099600266489007,0.054315027,0.31197613,0.0011765957,0.043911155,29,12307.0,0,0,368.0
654,416,0.922575,4.739726027397261,0.057899103,0.21147442,0.0010738373,0.043872166,26,14878.0,0,0,53.0
655,357,0.92245625,6.166388239224858,0.059957642,0.35329223,0.0010092258,0.04329482,17,18456.0,3,3,57.0
656,601,0.9223375,7.707906976744186,0.052017767,0.20770264,0.0019819736,0.04302974,20,24858.0,0,0,53.0
657,369,0.92221875,3.2687849851827457,0.050429914,0.19978952,0.001250267,0.046133265,15,10231.0,8,7,32.0
658,467,0.9221,3.7517123287671224,0.056734513,0.26419577,0.00036478043,0.0482776,17,12123.0,8,4,19.0
659,807,0.92198125,5.96984785615491,0.056932002,0.19164228,0.0015985966,0.048363585,23,17554.0,1,0,4.0
660,949,0.9218625,6.8242928452579035,0.050472457,0.1799444,0.0001745224,0.046839897,20,20507.0,1,1,60.0
661,351,0.92174375,5.081049069373942,0.05062477,0.22370195,0.0010919571,0.044739306,26,14719.0,0,1,89.0
662,875,0.921625,3.483563445101906,0.056630418,0.23038936,0.00053834915,0.047388744,30,10597.0,0,0,501.0
663,153,0.92150625,8.111571675302246,0.06059003,0.26626873,0.0001988411,0.04494283,18,24062.0,2,0,38.0
664,868,0.9213875,4.963446556559675,0.06257957,0.21143699,0.00039553642,0.04429998,20,14965.0,2,5,12.0
665,245,0.92126875,4.83016970458831,0.06334614,0.58655775,0.00023412704,0.043132994,19,16006.0,4,2,19.0
666,664,0.92115,3.6070931849791372,0.052228272,0.29654753,0.0007238388,0.04267129,30,10374.0,0,0,460.0
667,429,0.92103125,5.652317880794703,0.07199203,0.33543694,0.0015306473,0.043300245,24,17070.0,0,0,89.0
668,16,0.9209125,6.453012048192771,0.05559987,0.22911286,0.0011415482,0.042784,19,18684.0,1,3,17.0
669,207,0.92079375,4.647457032620133,0.0552887,0.4921503,0.0010147095,0.044274196,24,13535.0,2,1,16.0
670,300,0.920675,4.345262805490459,0.05783285,0.25423676,0.0005469322,0.045615654,22,13278.0,3,2,26.0
671,325,0.92055625,5.676971608832806,0.05497722,0.2240107,0.00019192696,0.046890154,19,17362.0,2,4,46.0
672,821,0.9204375,5.620857434501531,0.054704715,0.3157317,0.00087714195,0.04448208,15,15638.0,4,7,25.0
673,519,0.92031875,6.9135257865715225,0.055351228,0.23865819,7.1525574e-07,0.044313956,19,21931.0,2,0,31.0
674,425,0.9202,4.688479262672812,0.06481645,0.21168363,0.00219059,0.04629551,26,15261.0,0,0,377.0
675,636,0.92008125,5.411740109359923,0.054289933,0.25617963,0.0015769005,0.044525053,23,17136.0,1,0,67.0
676,358,0.9199625,6.935735836406299,0.051672477,0.5302983,3.838539e-05,0.045188997,13,17408.0,0,11,15.0
677,911,0.91984375,4.574958595561443,0.06737002,0.48686427,0.0011923313,0.043947678,18,13208.0,4,6,9.0
678,785,0.919725,4.211145800811739,0.06023945,0.25624466,3.194809e-05,0.044631466,23,13168.0,2,3,30.0
679,736,0.91960625,4.658835546475997,0.054835465,0.30549434,0.00030612946,0.044573527,27,13683.0,0,0,123.0
680,89,0.9194875,5.225573770491803,0.068692215,0.3064368,0.0005748272,0.045623828,25,15633.0,0,1,15.0
681,512,0.9193687500000001,4.98418194161575,0.050483733,0.19217539,0.00046682358,0.042616513,13,14978.0,7,6,2.0
682,481,0.91925,4.4294440631434435,0.06775657,0.5324211,0.0006480217,0.04422837,21,11159.0,1,7,5.0
683,933,0.91913125,6.304432132963988,0.053231597,0.24872828,0.0005042553,0.043625254,22,18496.0,1,0,72.0
684,184,0.9190125,3.3978085723493394,0.053984772,0.2302463,7.343292e-05,0.045252707,18,11164.0,7,5,18.0
685,441,0.91889375,6.668225222258807,0.061043452,0.4275539,0.0005040169,0.045220125,15,19644.0,3,5,21.0
686,771,0.918775,5.110121716848175,0.056380495,0.19988018,0.0001308918,0.04731862,20,16266.0,3,2,15.0
687,650,0.91865625,6.716481774960379,0.06734163,0.32190531,0.0023231506,0.04375742,19,20875.0,1,2,35.0
688,185,0.9185375,4.1548053527980535,0.06624488,0.305202,0.0019757748,0.043315288,27,13661.0,0,0,140.0
689,302,0.9184187500000001,4.684126984126983,0.053860527,0.288558,0.00024223328,0.045202,15,14125.0,5,7,12.0
690,916,0.9183,5.5670827858081475,0.0559842,0.21273136,0.0006518364,0.043364298,14,17555.0,6,4,20.0
691,77,0.91818125,8.059968102073364,0.0641829,0.31104422,0.000651598,0.043432582,8,24014.0,4,8,21.0
692,289,0.9180625,6.08284023668639,0.053149488,0.19006348,0.00068974495,0.04400746,23,19532.0,0,0,67.0
693,892,0.9179437500000001,4.615163528245787,0.057334293,0.22160098,0.00031208992,0.043190137,23,13062.0,1,4,42.0
694,772,0.917825,3.8287313432835828,0.049894273,0.2004497,0.000269413,0.0433446,25,11670.0,1,3,28.0
695,555,0.91770625,5.744149765990638,0.052272756,0.21259022,0.00036215782,0.046355456,19,17128.0,1,5,16.0
696,582,0.9175875,6.520584329349269,0.057313874,0.2111113,0.001821518,0.043192547,23,19640.0,0,0,53.0
697,592,0.91746875,5.8006550933508025,0.070828356,0.75886124,0.0008678436,0.047153458,18,18320.0,4,2,40.0
698,68,0.91735,5.124959110238796,0.054668427,0.17461634,0.0013411045,0.04657797,26,15667.0,0,0,362.0
699,294,0.9172312499999999,5.227539503386002,0.05698219,0.2769568,0.00062036514,0.04725279,11,14350.0,5,11,3.0
700,600,0.9171125,4.34915924826904,0.058431845,0.27175784,0.0016989708,0.046737965,28,13191.0,0,0,148.0
701,288,0.91699375,4.587955625990492,0.06327823,0.64872193,0.0001745224,0.046599757,24,15106.0,2,0,23.0
702,837,0.916875,3.669135419894639,0.06359502,0.32158923,0.0011467934,0.04413998,23,12163.0,3,2,2.0
703,449,0.91675625,4.614906832298137,0.06054726,0.21168888,0.0008714199,0.045226257,27,14117.0,0,0,317.0
704,404,0.9166375,4.783263009845288,0.061823767,0.2586155,0.00033664703,0.043292228,24,13888.0,2,1,43.0
705,647,0.91651875,4.762689518787079,0.057741623,0.2322396,7.390976e-06,0.044770774,15,14450.0,6,6,13.0
706,300,0.9164,5.236391027787077,0.059278984,0.2294594,0.00018692017,0.04430151,19,14745.0,2,5,62.0
707,922,0.91628125,5.831808141369518,0.04919535,0.2965206,3.2424927e-05,0.043983247,24,18481.0,0,0,89.0
708,449,0.9161625,4.5174893756129455,0.07518209,0.41695264,0.00011610985,0.04582848,27,13819.0,0,0,277.0
709,966,0.91604375,5.056701030927833,0.065597445,0.29217672,0.00012373924,0.04567532,19,14133.0,3,5,4.0
710,750,0.915925,5.26280466266337,0.05462983,0.5475318,0.0009560585,0.045497328,26,14899.0,0,0,52.0
711,566,0.91580625,5.061697926949653,0.061230253,0.39554638,0.0006594658,0.042274658,23,13863.0,0,5,17.0
712,757,0.9156875,4.5005880431231615,0.04861775,0.1621589,0.00038182735,0.04380094,21,12858.0,2,5,16.0
713,760,0.91556875,5.744001307616867,0.04771365,0.17204261,0.0008070469,0.040311076,17,17265.0,3,4,59.0
714,876,0.91545,3.624421919543871,0.0674094,0.2968421,0.00088858604,0.0426849,16,11758.0,7,6,8.0
715,187,0.91533125,5.187680915516663,0.06225491,0.36577427,0.0012061596,0.04328248,15,16601.0,7,3,7.0
716,521,0.9152125,5.9998614958448755,0.06603256,0.2986834,0.00010919571,0.04237053,7,18194.0,10,7,30.0
717,418,0.91509375,3.4889240506329107,0.06525686,0.3026762,0.0009624958,0.0447008,30,11025.0,0,0,442.0
718,755,0.914975,5.095712861415752,0.060823787,0.26586652,0.00038933754,0.045978624,26,15333.0,0,0,157.0
719,990,0.91485625,5.050400256163946,0.06427834,0.25344646,0.00081825256,0.04344901,19,16397.0,4,2,27.0
720,827,0.9147375,4.33914246196404,0.059787456,0.34409034,0.00010108948,0.043879222,19,14284.0,7,1,10.0
721,196,0.91461875,5.433041722745626,0.06182676,0.36619973,0.0001296997,0.044007808,26,16147.0,0,0,34.0
722,920,0.9145,7.20324395895399,0.045454543,0.16114384,0.00044894218,0.041352525,18,21761.0,2,2,63.0
723,164,0.91438125,5.382862971778307,0.050008237,0.22899795,0.0006015301,0.04246521,25,15831.0,0,0,289.0
724,98,0.9142625,4.5044825313118,0.056806196,0.27364516,0.0025248528,0.042791855,23,13970.0,2,1,5.0
725,108,0.91414375,5.1299705207992154,0.05103913,0.20307326,0.0006952286,0.04500488,16,16883.0,6,2,44.0
726,585,0.914025,4.577128804180758,0.05519713,0.38232005,0.00013488531,0.043114338,24,15540.0,2,0,72.0
727,763,0.91390625,3.625987986089156,0.062318783,0.99980676,0.0009551048,0.043376252,30,11469.0,0,0,348.0
728,231,0.9137875,6.910855949895615,0.048287164,0.31023905,0.00034070015,0.043447554,13,19287.0,4,6,42.0
729,171,0.91366875,5.149315504616366,0.060623314,0.29558027,0.00028026104,0.04273735,24,16174.0,1,1,70.0
730,645,0.91355,4.624211894702631,0.063617714,0.22517097,0.00054836273,0.04410257,21,13921.0,3,4,23.0
731,654,0.91343125,5.691558441558441,0.06703699,0.36446077,0.00049996376,0.04291625,20,17530.0,2,2,13.0
732,913,0.9133125,5.627638190954774,0.05279389,0.21811819,0.001013279,0.04350099,24,16500.0,0,1,7.0
733,771,0.91319375,4.253683536194747,0.08377242,0.28972316,0.0017983913,0.044187363,28,13280.0,0,0,263.0
734,266,0.913075,5.877874959507613,0.05276599,0.19984174,0.0009701252,0.043545473,21,18145.0,0,0,0.0
735,338,0.91295625,5.046869712351946,0.077610485,1.0099194,0.0007259846,0.04744326,23,15209.0,2,1,20.0
736,279,0.9128375,4.285189718482252,0.06310046,0.40072584,0.00039291382,0.044791564,27,14004.0,0,0,223.0
737,879,0.91271875,6.708910891089109,0.060991783,0.27056196,0.00013875961,0.044201095,16,18813.0,1,6,4.0
738,374,0.9126,4.959249676584736,0.0731746,0.30113924,0.0008223057,0.04207291,18,16880.0,6,1,17.0
739,205,0.91248125,6.40193548387097,0.0600934,0.26259506,0.00042653084,0.044607613,11,20776.0,7,4,33.0
740,355,0.9123625,7.4060817231548945,0.052159965,0.19654459,0.0007991791,0.045233052,20,23381.0,0,0,76.0
741,597,0.91224375,7.066666666666666,0.04486811,0.2467801,0.00023269653,0.0473401,15,21518.0,3,3,7.0
742,797,0.912125,4.226390259953932,0.05880801,0.21430153,0.00197196,0.04849419,18,12844.0,5,5,25.0
743,201,0.91200625,6.1015950069348115,0.05074646,0.22998023,8.4877014e-05,0.04635406,18,17597.0,0,0,0.0
744,465,0.9118875,5.911047799936688,0.046856422,0.17654276,0.00015568733,0.045357246,23,18673.0,0,0,221.0
745,123,0.91176875,6.048109965635738,0.059787218,0.24262446,7.939339e-05,0.042228848,17,19360.0,3,3,29.0
746,74,0.91165,6.523072040622023,0.06296713,0.24122205,0.0014019012,0.044614013,17,19924.0,2,4,8.0
747,860,0.91153125,4.401259946949603,0.063521236,0.194273,0.00018048286,0.041782543,22,14179.0,4,1,51.0
748,642,0.9114125,5.061591695501733,0.055993516,0.24911678,0.0025417805,0.04174629,15,16362.0,8,2,47.0
749,763,0.91129375,5.624754979449891,0.050017312,0.28704166,0.00043725967,0.042971928,21,18740.0,3,0,12.0
750,222,0.911175,5.701160541586074,0.0633637,0.38280463,0.00026631355,0.04545637,24,17685.0,0,0,207.0
751,187,0.91105625,3.901817569841804,0.060658425,0.2446971,0.00078868866,0.044352174,19,10701.0,4,7,10.0
752,897,0.9109375,4.186670980265286,0.059998613,0.24059105,0.00092983246,0.042643473,18,12941.0,5,5,39.0
753,569,0.91081875,3.918032786885246,0.055093527,0.24250895,0.00051116943,0.04402083,29,11950.0,0,0,393.0
754,801,0.9107000000000001,4.5004766444232605,0.049836975,0.301565,0.00059747696,0.04278235,27,14163.0,0,0,324.0
755,610,0.91058125,5.868709677419355,0.059277922,0.2524128,0.0008471012,0.04588239,19,18503.0,3,2,12.0
756,133,0.9104625,4.006058693594194,0.05118389,0.17957544,0.0018594265,0.041566018,18,13329.0,6,4,35.0
757,308,0.91034375,5.521597154865825,0.057625234,0.20423156,0.00028657913,0.043276954,16,16769.0,4,5,31.0
758,526,0.9102250000000001,6.119686069326357,0.066881604,0.37997133,0.0009422302,0.04128773,23,18714.0,0,0,30.0
759,81,0.91010625,5.514773836641717,0.04854357,0.19669342,6.198883e-06,0.041780908,18,16025.0,2,5,44.0
760,919,0.9099875,7.641602067183462,0.048163127,0.2182188,3.552437e-05,0.04511017,12,23968.0,4,3,0.0
761,939,0.90986875,4.794814571709881,0.053562332,0.1985097,0.00021791458,0.04268003,11,16438.0,10,4,5.0
762,699,0.9097500000000001,4.554152823920268,0.052731406,0.2749091,8.4877014e-05,0.04185429,17,15213.0,7,2,2.0
763,470,0.90963125,4.831561124280392,0.06367106,0.28407022,0.0029556751,0.044335693,21,13677.0,2,4,8.0
764,201,0.9095125,5.464701803051319,0.045817953,0.24114478,0.00033950806,0.043003786,21,16337.0,3,1,66.0
765,383,0.90939375,4.2170692431562,0.05367309,0.2570157,0.0009558201,0.040832534,27,13094.0,0,0,286.0
766,386,0.909275,5.0545672254533,0.062464293,0.27024436,0.00055265427,0.041772556,17,13313.0,3,8,19.0
767,999,0.90915625,6.952162252765672,0.06242685,0.3027687,7.867813e-05,0.04263252,21,20440.0,0,1,52.0
768,850,0.9090375,7.040160911833722,0.053039357,0.2759773,0.00035762787,0.042843822,15,19211.0,1,7,14.0
769,894,0.90891875,7.229825737265415,0.063889414,0.26163843,0.000767231,0.04225503,19,20977.0,0,2,91.0
770,776,0.9088,6.132831608654749,0.06287258,0.25184417,0.0002863407,0.044511396,17,18282.0,1,5,2.0
771,345,0.90868125,5.097433429579724,0.059084695,0.25273192,0.0011796951,0.042729124,25,15577.0,0,1,47.0
772,678,0.9085624999999999,5.982481751824817,0.0506787,0.25275874,0.00012850761,0.042140674,21,17127.0,0,3,5.0
773,597,0.90844375,5.217898193760263,0.051978484,0.14778924,0.0007753372,0.04234673,22,16193.0,2,1,19.0
774,130,0.908325,3.5414927261227067,0.059070557,0.22200137,0.00081685185,0.042124625,16,12463.0,8,4,4.0
775,418,0.90820625,4.892405063291138,0.050188858,0.2287376,0.00038266182,0.041874085,24,14828.0,0,2,37.0
776,908,0.9080875,5.837339479749752,0.055812735,0.20861053,0.00014603138,0.04295292,23,17728.0,1,1,66.0
777,706,0.90796875,5.7625,0.07074482,0.348359,0.001452446,0.041862696,15,18901.0,4,4,25.0
778,59,0.90785,6.066333333333332,0.044051234,0.18495491,0.00054621696,0.04345627,19,17899.0,2,3,23.0
779,447,0.90773125,5.477553675992192,0.06626791,0.3772828,0.00019645691,0.041989554,25,16838.0,0,0,232.0
780,485,0.9076125,7.0757774140752865,0.05371614,0.28887892,0.0011632442,0.04478675,19,21922.0,2,1,4.0
781,476,0.90749375,8.342913776015857,0.05040899,0.26323247,0.0014133453,0.04258187,19,25254.0,0,0,89.0
782,993,0.907375,4.45424,0.04926564,0.17891496,0.0016579628,0.042847276,26,14232.0,1,0,63.0
783,106,0.90725625,5.367199488491048,0.055671487,0.2244649,0.0013537407,0.043567758,11,16163.0,6,8,7.0
784,287,0.9071375,9.343852855759922,0.053389817,0.2894702,1.9788742e-05,0.041191086,12,27717.0,1,5,60.0
785,644,0.90701875,5.320222513089005,0.0542518,0.18654585,0.00018811226,0.040745758,19,15953.0,3,4,15.0
786,323,0.9069,6.324967234600262,0.059985716,0.27547002,0.0019698143,0.04384834,20,19609.0,2,1,30.0
787,537,0.90678125,4.759498082955733,0.07020879,0.3274216,0.00050735474,0.042170256,26,13655.0,1,1,63.0
788,930,0.9066625,3.697645211930926,0.05032356,0.20554519,0.00048160553,0.042971965,29,11777.0,0,0,334.0
789,594,0.90654375,4.737512917671374,0.06439673,0.28833532,0.0011332035,0.042042706,27,13753.0,0,0,231.0
790,11,0.906425,5.7048519218651546,0.05226438,0.24828017,0.0008571148,0.043140467,18,17155.0,2,5,17.0
791,496,0.90630625,8.042888678650268,0.045062006,0.22729337,5.6743622e-05,0.04284135,17,25504.0,0,0,0.0
792,563,0.9061875,8.075460122699386,0.053931493,0.23540103,0.00012278557,0.042617712,16,24700.0,1,2,58.0
793,691,0.90606875,4.402425434283842,0.059358675,0.21485472,0.00017642975,0.04406789,23,14042.0,3,1,62.0
794,146,0.90595,6.371314209472983,0.055457503,0.221066,0.000118494034,0.041686315,14,19401.0,5,4,44.0
795,579,0.90583125,3.615129396151294,0.057018448,0.29575515,0.00034308434,0.041565243,14,10896.0,0,0,0.0
796,252,0.9057125,6.277909270216963,0.057189148,0.30779374,0.002499342,0.043552246,19,18489.0,1,3,11.0
797,109,0.90559375,4.90982028241335,0.050351992,0.19153544,0.0001142025,0.042014927,26,15299.0,0,0,234.0
798,395,0.905475,5.524441687344914,0.050010007,0.40481436,0.0019567013,0.04260413,19,17166.0,2,4,32.0
799,230,0.90535625,6.046941489361701,0.05063036,0.2273063,0.0029842854,0.045230776,19,16986.0,1,5,24.0
800,320,0.9052375,5.12961719274681,0.055258606,0.29570746,0.0005891323,0.045805916,26,15276.0,0,0,104.0
801,844,0.90511875,6.8407407407407375,0.049523484,0.23675609,0.0003273487,0.044937257,14,18832.0,2,7,20.0
802,567,0.905,7.785272360457294,0.056553442,0.19048354,0.00039172173,0.04482095,19,22856.0,0,1,28.0
803,222,0.90488125,5.446872985170857,0.054212335,0.22219324,0.0006260872,0.04395351,24,16586.0,0,1,54.0
804,945,0.9047625,6.1395866454690005,0.0528639,0.31934655,0.00037646294,0.04530287,17,20567.0,5,1,17.0
805,698,0.90464375,6.459918339571282,0.043305922,0.24012154,0.00031971931,0.042598512,16,18104.0,2,5,3.0
806,948,0.904525,5.969908616187991,0.056174666,0.2434895,0.0011911392,0.040046144,16,19211.0,5,2,31.0
807,254,0.90440625,5.235929319371728,0.067233145,0.3410862,0.001638174,0.042203363,25,16001.0,0,0,178.0
808,684,0.9042875,7.221873968987131,0.05946068,0.79889315,0.0016396046,0.044591304,15,20374.0,1,6,41.0
809,859,0.90416875,6.341451990632318,0.058325637,0.2590413,0.0022661686,0.040692355,16,17759.0,2,6,2.0
810,527,0.90405,5.301470107807907,0.054439772,0.1904521,0.0002078414,0.042268235,11,16840.0,8,6,1.0
811,723,0.90393125,6.022641509433962,0.0637717,0.3914873,0.001154691,0.043398023,16,17556.0,4,4,27.0
812,85,0.9038125,5.402775179295291,0.056617886,0.27257574,0.00092601776,0.044835817,22,17006.0,1,2,21.0
813,795,0.90369375,6.658693652253911,0.060165513,0.22656655,3.6239624e-05,0.044182286,22,21714.0,0,0,0.0
814,343,0.903575,6.234876647516053,0.059180092,0.29043388,0.0019209385,0.043498695,23,18449.0,0,0,75.0
815,194,0.9034562500000001,4.073388429752066,0.05759753,0.37635797,0.000104904175,0.045479417,22,12322.0,3,3,39.0
816,34,0.9033375,5.72242703533026,0.0515759,0.26859188,7.367134e-05,0.050173387,14,16999.0,3,8,2.0
817,333,0.90321875,4.008374689826303,0.060932767,0.19624102,0.0005130768,0.04781306,18,12923.0,5,5,33.0
818,387,0.9031,6.3204839244282365,0.049318183,0.25941753,0.0018773079,0.046127785,14,16957.0,2,9,33.0
819,291,0.90298125,4.515089163237312,0.055256516,0.25981075,0.0002989769,0.04646169,27,13166.0,0,0,312.0
820,310,0.9028625,5.176957352005091,0.05850935,0.21363473,0.0007505417,0.046092357,25,16266.0,0,0,266.0
821,508,0.90274375,5.69143045484509,0.071309336,0.28004313,0.00037670135,0.044151157,21,18178.0,3,0,88.0
822,678,0.902625,6.881884538818844,0.05061598,0.23706013,0.0002746582,0.04475877,22,20742.0,0,0,173.0
823,608,0.9025062500000001,8.842264647794602,0.062323045,0.2557819,0.00021648407,0.044507775,15,26559.0,1,2,15.0
824,632,0.9023875,7.202197112366604,0.057156283,0.30770326,0.0004954338,0.04600634,19,22309.0,0,2,12.0
825,156,0.90226875,4.300591327201051,0.054831028,0.17282462,0.0002501011,0.047138225,28,13091.0,0,0,154.0
826,718,0.90215,7.71076153021094,0.05345297,0.29114294,0.0006709099,0.045626182,21,21567.0,0,0,166.0
827,504,0.9020312500000001,3.5498432601880876,0.052830357,0.22653377,0.0012261868,0.045046423,21,11962.0,5,3,49.0
828,770,0.9019125,5.273320158102764,0.054368716,0.17484307,2.0503998e-05,0.04414274,15,13581.0,2,10,7.0
829,451,0.90179375,5.410269576379973,0.047438204,0.28313482,0.00048303604,0.04274966,20,15612.0,1,5,19.0
830,312,0.901675,5.8291583830351215,0.04935746,0.2995888,0.0013809204,0.04630587,16,16687.0,3,6,5.0
831,303,0.9015562500000001,4.484349593495936,0.051117193,0.19993734,0.0059113503,0.043750312,26,13533.0,1,0,17.0
832,133,0.9014375,3.1070369201640897,0.051451664,0.15495896,0.00024032593,0.04321027,26,10480.0,3,1,8.0
833,586,0.90131875,6.251233146991122,0.06145534,0.28474316,0.00038051605,0.041332405,24,19010.0,0,0,33.0
834,62,0.9012,4.809539693128753,0.052185606,0.20229399,0.0010912418,0.04240014,21,14419.0,3,3,18.0
835,260,0.9010812500000001,5.452090879157062,0.0531022,0.26890957,0.00096297264,0.041759174,25,16558.0,0,0,25.0
836,522,0.9009625,5.55460328088383,0.050166916,0.21283865,0.0016160011,0.045007084,20,17189.0,3,1,10.0
837,104,0.9008437499999999,3.9552819183408943,0.05662921,0.22178304,0.0005431175,0.044437233,28,12206.0,0,0,351.0
838,247,0.900725,5.401997968167967,0.054814894,0.21260929,0.00026345253,0.04427665,10,16838.0,9,6,2.0
839,900,0.90060625,7.568975069252078,0.05622228,0.24998605,0.0017092228,0.043327633,10,22148.0,6,5,30.0
840,953,0.9004875,5.844957264957264,0.054015014,0.38013166,0.00020724535,0.042909082,12,16219.0,5,8,2.0
841,665,0.90036875,8.084130649950511,0.051304907,0.19235373,0.00085902214,0.044636894,18,24503.0,1,1,27.0
842,810,0.90025,8.572542901716067,0.05677114,0.16217637,3.170967e-05,0.04295908,17,26834.0,0,2,58.0
843,201,0.90013125,5.424063800277392,0.0519731,0.24189585,4.5776367e-05,0.043991357,26,15643.0,0,0,106.0
844,739,0.9000125,6.506529209621995,0.05060761,0.37262607,0.0009288788,0.04173976,23,18934.0,0,0,17.0
845,7,0.89989375,6.621819449285466,0.046315294,0.1850636,0.0026416779,0.040515166,21,18998.0,1,1,50.0
846,285,0.899775,4.457587022642785,0.050861195,0.18553352,0.00029873848,0.04427513,23,13190.0,2,2,59.0
847,490,0.89965625,3.8523476523476528,0.060138006,0.26439628,0.00074744225,0.04319452,19,10968.0,4,6,29.0
848,464,0.8995375,5.351282051282051,0.052737553,0.2066173,0.0007288456,0.044207375,17,15945.0,5,4,51.0
849,306,0.89941875,7.473177169251072,0.056172073,0.16880438,4.1007996e-05,0.046065014,17,22045.0,1,3,58.0
850,128,0.8993,6.1683587140439915,0.0607646,0.26421136,0.0001616478,0.045844223,19,17932.0,2,3,13.0
851,326,0.89918125,5.286929796182466,0.06390285,0.27010822,0.00024318695,0.04428773,16,16651.0,5,4,36.0
852,736,0.8990625,6.939223697650663,0.057874005,0.38243094,0.00011110306,0.042710006,16,18912.0,1,6,3.0
853,408,0.89894375,6.940501319261215,0.06439819,0.30954945,0.00028061867,0.044842567,17,21650.0,3,1,58.0
854,566,0.898825,4.093846660085555,0.057433646,0.2729807,0.00037026405,0.043492477,25,13049.0,2,0,29.0
855,251,0.89870625,4.469260082565894,0.057296515,0.30120522,0.0008661747,0.045661062,21,13129.0,2,5,5.0
856,308,0.8985875,3.4574846427416746,0.05935867,0.23897374,0.00032949448,0.0452043,26,10694.0,2,2,32.0
857,998,0.89846875,5.262750161394448,0.05705108,0.26644683,0.0014867783,0.042088043,25,16304.0,0,0,114.0
858,524,0.89835,5.907930924208506,0.057145447,0.26866245,0.0019409657,0.044851292,19,17536.0,1,4,7.0
859,60,0.89823125,8.004054472299595,0.053832155,0.22848344,0.0009365082,0.047867168,16,25538.0,1,2,30.0
860,113,0.8981125,6.036038514442916,0.06154089,0.30919135,0.00022780895,0.045440976,19,17262.0,2,3,64.0
861,982,0.89799375,4.976795233615554,0.053474426,0.21742558,0.00078344345,0.044678044,26,15871.0,0,0,248.0
862,986,0.897875,4.173782521681121,0.054607242,0.20426252,2.861023e-06,0.042374447,17,12513.0,6,6,3.0
863,257,0.89775625,5.990640394088668,0.063938595,0.34321177,0.0010616779,0.044282865,19,17328.0,1,4,17.0
864,986,0.8976375,4.945163442294863,0.06213661,0.21018922,0.0022218227,0.042687144,11,14226.0,7,9,16.0
865,275,0.89751875,5.01681537405628,0.05231313,0.2540123,0.000118136406,0.043646976,27,14619.0,0,0,205.0
866,171,0.8974,5.878382680674944,0.0511077,0.25071907,0.0010185242,0.04329294,18,18464.0,3,3,13.0
867,154,0.89728125,4.96425279789335,0.050385132,0.21161485,0.0012581348,0.043210004,16,14170.0,4,7,17.0
868,450,0.8971625,5.90151759767517,0.061329167,0.30566013,0.0033619404,0.042553917,20,18277.0,2,2,5.0
869,466,0.89704375,5.855785837651122,0.049837742,0.29712546,0.00021362305,0.044719543,18,16084.0,2,5,2.0
870,135,0.896925,3.738101186758276,0.053039145,0.2511418,7.104874e-05,0.04462572,22,11329.0,3,5,29.0
871,781,0.89680625,3.6355592654424034,0.05480938,0.20186722,0.0001757145,0.04282737,21,10589.0,4,5,1.0
872,949,0.8966875,8.828119800332779,0.06551624,0.23261154,0.0025174618,0.043987337,18,26228.0,0,1,53.0
873,170,0.89656875,4.5514705882352935,0.057240706,0.21858644,4.9829483e-05,0.043293614,21,14237.0,3,3,20.0
874,145,0.89645,5.011528326745718,0.067406334,1.1020467,0.0005674362,0.045179497,14,15215.0,6,6,11.0
875,766,0.89633125,6.850886339937436,0.06452705,0.23903915,0.00069737434,0.044188708,22,19710.0,0,0,93.0
876,671,0.8962125,4.647587131367294,0.043445468,0.19431806,0.0012347698,0.041965663,20,15062.0,5,1,32.0
877,57,0.89609375,6.660892738174551,0.050673548,0.25658536,0.0001707077,0.043418113,20,19996.0,1,1,30.0
878,936,0.895975,5.171598414795244,0.04941574,0.16027093,6.2942505e-05,0.04322667,14,15054.0,5,7,4.0
879,50,0.89585625,6.564850672792909,0.0578208,0.2557869,0.00018310547,0.042242423,20,19089.0,0,3,8.0
880,420,0.8957375,4.632367149758451,0.05439171,0.16259313,0.00014925003,0.04122423,19,11589.0,1,10,12.0
881,773,0.89561875,4.211727010573535,0.057795566,0.26849768,0.00082731247,0.0417932,25,13769.0,2,0,44.0
882,285,0.8955,4.799256505576209,0.052105337,0.33392426,0.00058197975,0.041717734,20,14201.0,3,3,1.0
883,735,0.89538125,5.226361928616155,0.04757229,0.24798268,0.0011031628,0.040965557,11,16693.0,7,7,31.0
884,503,0.8952625,5.284466645182082,0.05102088,0.20290506,0.0010211468,0.041679103,22,16708.0,2,1,52.0
885,531,0.89514375,5.036807817589575,0.056260128,0.17840576,0.0004761219,0.043041643,20,14542.0,2,5,2.0
886,791,0.895025,3.6428896843475433,0.055762928,0.21718645,0.0014698505,0.044243064,24,10580.0,2,4,25.0
887,474,0.89490625,4.232990375041487,0.05705878,0.20211196,0.0004351139,0.04472561,22,12754.0,3,3,52.0
888,842,0.8947875000000001,4.233983024206223,0.056320906,0.25586653,0.00024223328,0.044220556,21,12514.0,2,5,6.0
889,211,0.89466875,7.14210178453404,0.05913119,0.29221588,0.0008826256,0.042599708,22,21612.0,0,0,112.0
890,924,0.89455,5.894889548302009,0.051665943,0.21939552,0.0006431341,0.0415429,17,16666.0,2,6,16.0
891,462,0.89443125,5.115548281505726,0.05704896,0.34149852,0.0004529953,0.043099374,17,13795.0,2,8,44.0
892,510,0.8943125,5.30751329787234,0.056250673,0.30615985,3.671646e-05,0.040727194,25,15965.0,0,0,149.0
893,269,0.89419375,6.085365853658536,0.05426271,0.24464083,0.0010089874,0.04114745,24,17465.0,0,0,283.0
894,559,0.894075,3.1706207344816373,0.060926024,0.81498915,1.2397766e-05,0.043035105,31,9756.0,0,0,323.0
895,646,0.89395625,5.066149870801034,0.057861786,0.332998,0.001573801,0.042640615,19,16304.0,4,2,10.0
896,588,0.8938375000000001,4.777715786019035,0.06793163,0.23801756,0.00036144257,0.042635098,24,14253.0,1,2,10.0
897,435,0.89371875,4.862292864389582,0.053883325,0.1969533,0.0006435737,0.043063838,20,13195.0,2,6,45.0
898,157,0.8936,6.307343857240907,0.055572733,0.23056042,0.00049614906,0.043017376,18,18671.0,3,2,23.0
899,756,0.89348125,5.603459972862958,0.04933526,0.2986598,0.0013740063,0.04201359,25,16519.0,0,0,388.0
900,25,0.8933625000000001,5.43413477819167,0.052723218,0.2756219,0.0004339218,0.044028517,25,16047.0,0,0,183.0
901,724,0.89324375,6.122435688700748,0.052088916,0.19932294,0.0005300045,0.04256435,20,18802.0,2,2,9.0
902,89,0.893125,5.825573770491802,0.06235079,0.25149727,0.00012922287,0.045240756,18,16853.0,2,5,17.0
903,979,0.89300625,6.607730364873222,0.048769135,0.19947433,0.0013823509,0.04387897,19,21046.0,1,2,12.0
904,7,0.8928875000000001,5.846497037295224,0.058450583,0.33970523,2.026558e-05,0.04371356,16,15626.0,3,7,27.0
905,70,0.89276875,4.994458762886597,0.060420822,0.315333,0.00029182434,0.044185523,24,14882.0,0,2,69.0
906,249,0.8926499999999999,4.019307589880159,0.058968242,0.21615148,0.0002758503,0.04293542,29,12074.0,0,0,143.0
907,965,0.89253125,5.530293159609119,0.05835544,0.311103,0.0010612011,0.045379277,24,16671.0,0,1,77.0
908,393,0.8924125,5.097766267400454,0.04748063,0.18011281,0.0003604889,0.04145917,26,15747.0,0,0,289.0
909,617,0.89229375,5.779189560439561,0.05953613,0.24315166,0.00048685074,0.04262345,17,16829.0,4,4,38.0
910,687,0.892175,5.969805398618956,0.061818108,0.18548512,0.0012216568,0.042060006,21,18064.0,0,3,43.0
911,957,0.89205625,6.595465001643115,0.06408891,0.3433722,0.00045466423,0.040842917,22,20070.0,0,0,0.0
912,906,0.8919375,6.303273322422259,0.045346808,0.20269227,0.00023436546,0.042829487,20,18951.0,1,2,12.0
913,296,0.89181875,5.618533604887983,0.054916758,0.20474005,0.00041294098,0.042076543,23,15963.0,0,2,12.0
914,744,0.8917,5.587798579728857,0.045585323,0.3147583,0.00030589104,0.04353501,24,17311.0,0,0,124.0
915,766,0.89158125,6.103927702467849,0.053689074,0.18282121,0.00023055077,0.04264685,24,17561.0,0,0,237.0
916,580,0.8914625,4.307096774193548,0.05939889,0.22415662,0.0014262199,0.046013955,22,12732.0,2,4,34.0
917,338,0.89134375,4.8668358714043976,0.057814483,0.51179945,8.916855e-05,0.04468142,21,13495.0,2,5,18.0
918,486,0.891225,4.869592580324612,0.06771698,0.24467418,0.00018596649,0.04217161,15,15607.0,7,4,7.0
919,325,0.89110625,6.6977917981072554,0.0600266,0.20395446,0.0005660057,0.043387324,18,20598.0,1,3,3.0
920,73,0.8909875,4.939949270767278,0.052040488,0.24791598,0.00072419643,0.045158636,19,14319.0,2,6,15.0
921,84,0.89086875,7.693635748138118,0.05433418,0.24494457,0.00053429604,0.044217754,21,22727.0,0,0,47.0
922,439,0.89075,5.500556070435589,0.052370798,0.20322084,0.0010259151,0.044275608,21,18129.0,2,1,9.0
923,817,0.89063125,4.846261682242989,0.06414202,0.21599817,0.0021233559,0.04286781,24,13321.0,0,4,10.0
924,524,0.8905125,7.292516789254877,0.05957212,0.36836863,0.0010650158,0.04180972,20,22491.0,0,1,1.0
925,253,0.89039375,5.98576898532227,0.054487843,0.19654512,0.0002449751,0.04338417,15,16879.0,2,8,16.0
926,287,0.890275,6.227170054856407,0.06608655,0.30091286,0.0010900497,0.042309985,23,19298.0,0,0,23.0
927,409,0.89015625,5.017141069752892,0.057535242,0.27580875,0.0011129379,0.04432525,14,14761.0,4,8,17.0
928,238,0.8900375,3.5494488188976376,0.054275315,0.18579781,0.0011277199,0.043548096,27,10317.0,0,3,15.0
929,952,0.88991875,6.858905937291526,0.051745683,0.28521824,0.0010275841,0.041951034,22,20563.0,0,0,215.0
930,507,0.8898,8.870127326150833,0.051079523,0.21246481,0.00047397614,0.040907666,14,25944.0,0,4,4.0
931,128,0.88968125,3.627749576988156,0.060603734,0.23565781,0.001188755,0.043054696,30,10720.0,0,0,357.0
932,255,0.8895625,4.746049222797928,0.061338414,0.27093658,0.00096440315,0.04369836,24,14347.0,1,2,17.0
933,142,0.88944375,6.639500492934603,0.057278942,0.19554225,0.00042438507,0.04283077,23,20204.0,0,0,90.0
934,70,0.889325,4.744394329896907,0.05598179,0.33562237,0.0020310879,0.045835044,24,15037.0,2,1,65.0
935,127,0.88920625,9.248533163265304,0.05570389,0.28985494,0.00012373924,0.046232533,9,27749.0,2,6,2.0
936,313,0.8890875,3.8789403085177736,0.05885869,0.19817656,0.001830101,0.0439515,21,11567.0,4,4,9.0
937,729,0.88896875,6.905362776025238,0.05027108,0.19280803,0.00017666817,0.04317325,13,22524.0,5,3,22.0
938,611,0.88885,4.417973296816159,0.058936972,0.24749726,0.0008466244,0.045015946,23,13197.0,3,2,48.0
939,685,0.88873125,4.793250327653997,0.050223384,0.22503376,0.00038027763,0.048574533,26,14629.0,0,0,34.0
940,214,0.8886125,6.113131660364384,0.04747435,0.1985209,0.0007147789,0.043848712,15,15165.0,1,10,11.0
941,617,0.88849375,6.63907967032967,0.052586894,0.23087054,5.865097e-05,0.045524,21,19333.0,1,1,53.0
942,13,0.888375,5.409211398277004,0.0637117,0.20193852,0.0011591911,0.04460455,25,16325.0,0,0,134.0
943,53,0.88825625,4.507230559345157,0.060785104,0.24890995,0.00071549416,0.043940004,25,12922.0,1,2,16.0
944,675,0.8881375,6.4028125,0.050568085,0.17905664,0.0034315586,0.041536767,18,20489.0,2,2,14.0
945,496,0.88801875,7.476789656259855,0.06469918,0.28318477,0.00016021729,0.041107547,20,24026.0,1,0,7.0
946,767,0.8879,4.056479217603912,0.05269737,0.20237184,7.1287155e-05,0.03994927,16,11900.0,7,6,3.0
947,341,0.88778125,8.61238615664845,0.054480832,0.27354908,0.0015337467,0.041548908,8,27381.0,3,6,11.0
948,895,0.8876625,4.553507888553206,0.051410314,0.3150722,0.0003464222,0.042555183,25,13267.0,1,2,44.0
949,763,0.88754375,7.004141637685739,0.05389351,0.33225322,0.00040197372,0.041593436,8,19940.0,4,11,3.0
950,332,0.887425,5.246153846153848,0.06475092,0.3244635,0.0013651848,0.041204453,18,17181.0,6,1,15.0
951,654,0.88730625,5.129870129870129,0.056704592,0.2091732,0.00059735775,0.042110357,25,15800.0,0,0,89.0
952,664,0.8871875,6.85,0.049583137,0.21760643,0.00075149536,0.04252933,18,19413.0,2,3,25.0
953,380,0.88706875,5.732296492389147,0.063498,0.2961302,0.00029921532,0.04121845,22,17323.0,1,1,83.0
954,889,0.88695,6.416639209225702,0.058666956,0.2385571,0.00070381165,0.0394979,17,20385.0,4,1,8.0
955,350,0.88683125,2.713162393162393,0.053277906,0.23331842,0.0022530556,0.040402293,33,7936.0,0,0,780.0
956,163,0.8867125,5.463822525597271,0.057186577,0.35369515,0.000549227,0.040472247,14,16888.0,3,0,0.0
957,246,0.88659375,7.929096989966556,0.054992214,0.34084558,0.00032544136,0.04087274,14,24306.0,4,2,17.0
958,22,0.886475,5.7291325695581,0.05803753,0.207472,0.0016818047,0.040654153,24,17197.0,0,1,29.0
959,79,0.88635625,4.801801801801802,0.0624734,0.31461585,0.000729084,0.042368576,27,14391.0,0,0,145.0
960,473,0.8862375,5.622433584781896,0.0653123,0.28893065,0.00012755394,0.040099546,13,16533.0,0,2,0.0
961,782,0.8861187500000001,8.650595238095237,0.05488071,0.31636876,0.0011162758,0.04433799,8,24345.0,3,9,24.0
962,989,0.886,5.775555555555555,0.05774522,0.30254066,8.72612e-05,0.0423613,23,18193.0,0,0,200.0
963,707,0.88588125,6.8809746328437935,0.06007414,0.24390459,0.0001308918,0.04215358,21,20915.0,1,0,7.0
964,6,0.8857625,5.467608476286577,0.068218686,0.43671465,0.00015735626,0.04036179,17,15066.0,3,7,12.0
965,795,0.8856437500000001,7.224777675559645,0.058825154,0.28373218,0.0018868446,0.042342942,19,23560.0,1,1,17.0
966,631,0.885525,8.311362080766598,0.049656477,0.34245276,0.00010108948,0.04229888,18,24578.0,1,0,45.0
967,532,0.88540625,6.744857496902105,0.048155945,0.24456167,0.0014903545,0.042691678,17,20804.0,1,4,29.0
968,904,0.8852875,4.8019354838709685,0.051868767,0.21823287,0.0024877787,0.042184833,16,14886.0,2,2,0.0
969,687,0.8851687500000001,4.458129315756437,0.059549958,0.32558537,0.0004811287,0.04282683,16,15478.0,7,3,5.0
970,720,0.88505,4.043277848911652,0.058088403,0.24151921,0.00048589706,0.04235625,20,11694.0,3,6,9.0
971,676,0.88493125,6.91004720161834,0.050840322,0.25706142,0.0011546612,0.043220416,16,19902.0,2,4,25.0
972,537,0.8848125,5.380585569884976,0.057935316,0.28222048,0.00097322464,0.04645144,21,15150.0,2,3,19.0
973,876,0.8846937500000001,6.664301552106428,0.050552208,0.19238353,0.0010623932,0.044587284,7,19145.0,5,11,18.0
974,21,0.884575,6.049479166666667,0.054575693,0.22097242,0.0004544258,0.04556486,23,18584.0,0,0,34.0
975,930,0.88445625,5.951962323390896,0.05857405,0.21681309,9.9658966e-05,0.043981154,23,18957.0,0,0,64.0
976,90,0.8843375,4.179334500875656,0.055044454,0.32421684,0.0015888214,0.044936914,28,11932.0,0,0,256.0
977,167,0.88421875,3.8396610169491545,0.054561853,0.14897728,0.00012803078,0.04342395,15,12802.0,9,4,39.0
978,899,0.8841,7.588654781199351,0.05951746,0.2598496,0.0015673637,0.041476805,9,24028.0,2,0,0.0
979,151,0.8839812499999999,5.957390146471372,0.048878897,0.26372033,0.00025773048,0.043634135,22,17896.0,1,1,68.0
980,835,0.8838625,3.1461441611583254,0.043223534,0.1677258,0.0013985634,0.042855706,27,10313.0,2,1,33.0
981,221,0.88374375,5.549185667752442,0.047535937,0.21287742,0.0017390251,0.04104955,21,16115.0,1,4,17.0
982,299,0.883625,4.558669354838709,0.04353563,0.17580527,0.00040650368,0.0437002,19,13269.0,4,5,19.0
983,328,0.88350625,5.2846416382252555,0.045377314,0.19385672,0.00060248375,0.047573254,17,15191.0,4,5,19.0
984,976,0.8833875,5.465349849347171,0.056092378,0.22536254,0.0012655258,0.044973616,25,16325.0,0,0,110.0
985,928,0.88326875,4.449752066115701,0.057144295,0.28767943,0.0013735294,0.044362757,17,13158.0,5,6,7.0
986,967,0.88315,6.9186528497409325,0.0552585,0.23920178,2.2411346e-05,0.044318687,19,19740.0,1,2,70.0
987,59,0.88303125,5.186333333333335,0.0571077,0.24085355,0.0009975433,0.042205673,26,15559.0,0,0,230.0
988,684,0.8829125,6.4192345760475105,0.048742075,0.17109525,4.1007996e-05,0.042896267,17,20366.0,4,1,23.0
989,561,0.88279375,4.5971342885704765,0.048909426,0.22672689,2.360344e-05,0.042324692,27,13796.0,0,0,278.0
990,885,0.882675,4.497510786591437,0.05016585,0.20067656,0.0005276203,0.043584246,28,13551.0,0,0,454.0
991,904,0.88255625,4.968387096774194,0.046213478,0.20915726,0.0011086464,0.044086803,17,15712.0,5,4,27.0
992,507,0.8824375,5.99020568070519,0.060638517,0.3217651,8.821487e-06,0.04367821,23,18348.0,0,0,74.0
993,886,0.88231875,4.336704834605598,0.06996583,0.3465519,0.000895977,0.04274222,13,12377.0,6,10,7.0
994,666,0.8822,7.129159519725557,0.047784027,0.34528708,1.4543533e-05,0.044141535,15,21073.0,4,3,44.0
995,441,0.88208125,5.816595324333224,0.053169508,0.26214266,0.0008427501,0.04359767,24,17665.0,0,0,16.0
996,849,0.8819625,5.828818998716303,0.06181477,0.34409064,0.001019001,0.04364675,19,17851.0,2,3,25.0
997,858,0.88184375,6.730494927758992,0.057837605,0.25727725,0.00028181076,0.041369904,13,21569.0,4,5,29.0
998,651,0.881725,4.367617107942975,0.06330723,0.29031408,0.0010614395,0.043127198,28,12867.0,0,0,109.0
999,194,0.88160625,5.206776859504131,0.049188484,0.19069362,0.0002758503,0.043256354,19,15448.0,3,4,32.0
1000,132,0.8814875,5.132248219735504,0.05916989,0.2996675,0.00091552734,0.043737844,26,15135.0,0,0,146.0
1001,865,0.88136875,6.40364495443807,0.045110125,0.24761379,0.00012540817,0.04315276,13,18974.0,5,5,12.0
1002,866,0.88125,6.183742847526086,0.059579182,0.20899284,0.00014638901,0.04108946,22,18669.0,1,0,17.0
1003,523,0.88113125,5.475793261367352,0.053867776,0.19370651,1.4305115e-06,0.044451755,21,15211.0,0,5,19.0
1004,922,0.8810125,4.073840328179236,0.054923277,0.1956662,0.00042438507,0.045897823,28,12910.0,0,0,228.0
1005,170,0.88089375,3.4010869565217394,0.054763258,0.41441548,0.00016832352,0.04360038,15,10013.0,7,9,2.0
1006,222,0.880775,2.217601547388781,0.052799832,0.18930864,0.00036239624,0.0433293,34,6879.0,0,0,554.0
1007,101,0.88065625,6.818478615736206,0.057099193,0.3050185,0.00025868416,0.042262364,22,20885.0,0,0,4.0
1008,136,0.8805375,7.586550836550837,0.056068834,0.28265977,0.00025177002,0.044875726,16,23579.0,2,2,16.0
1009,16,0.88041875,5.862784471218207,0.050292406,0.25204098,0.00013899803,0.0448517,22,17518.0,1,1,2.0
1010,712,0.8803,5.115187770023263,0.066959195,0.26153266,0.00054478645,0.047407806,17,14188.0,3,7,46.0
1011,47,0.88018125,6.917074763303952,0.06312994,0.3039837,2.336502e-05,0.04292643,20,21187.0,1,1,14.0
1012,994,0.8800625,7.4846311475409815,0.055744376,0.20429564,0.0011739731,0.042158615,13,20451.0,2,7,11.0
1013,836,0.87994375,5.537681159420289,0.057207644,0.36308163,0.0006300211,0.04242708,14,16884.0,5,6,24.0
1014,276,0.879825,5.917681922950281,0.049994286,0.19672847,0.000787735,0.04328415,24,17972.0,0,0,106.0
1015,333,0.87970625,3.3166873449131513,0.050697837,0.18546113,0.00025820732,0.042446207,24,10693.0,3,3,18.0
1016,372,0.8795875,6.114754098360656,0.05674835,0.2555427,0.0003912449,0.041985113,24,18650.0,0,0,177.0
1017,829,0.87946875,4.018452380952381,0.060696546,0.24037611,1.8835068e-05,0.042361204,17,11547.0,5,7,12.0
1018,171,0.87935,4.896275071633236,0.047978897,0.21769214,0.0002040863,0.044375334,22,14751.0,1,3,31.0
1019,188,0.87923125,6.763882618510159,0.057433397,0.2352922,0.0008223057,0.041031446,19,21595.0,2,0,3.0
1020,183,0.8791125,6.672075726842459,0.05259205,0.17287874,0.001922369,0.041688707,19,18257.0,0,5,14.0
1021,411,0.87899375,4.421035702798327,0.05598781,0.18335056,0.0031080246,0.04201973,27,13745.0,0,0,129.0
1022,258,0.878875,8.520988490182804,0.05753101,0.23646808,0.0016822815,0.045168575,13,25171.0,3,3,3.0
1023,704,0.87875625,4.191069574247145,0.06311216,0.412564,0.00019097328,0.045410987,22,12108.0,3,3,21.0
1024,628,0.8786375,5.673771602846492,0.06526151,0.28917086,0.00056004524,0.04893553,20,15858.0,1,4,34.0
1025,809,0.87851875,6.883653846153846,0.056468535,0.20103884,0.0008313656,0.048541706,19,21165.0,1,2,49.0
1026,960,0.8784,5.8179227359088035,0.0505071,0.20286286,0.0004990101,0.045694664,24,18373.0,0,0,120.0
1027,410,0.87828125,4.307912732009119,0.05169277,0.19228911,0.0010428429,0.04426833,15,14458.0,8,4,3.0
1028,698,0.8781625,6.0356583872065315,0.0527897,0.2932567,0.00014925003,0.041983258,15,17151.0,4,6,18.0
1029,704,0.87804375,5.822810661128415,0.04716597,0.18620872,0.0017445087,0.04234839,11,14222.0,3,12,6.0
1030,114,0.8779250000000001,6.470666224726551,0.04109237,0.25373197,8.3208084e-05,0.04346195,23,19522.0,0,0,130.0
1031,831,0.87780625,4.213509060955519,0.062450845,0.24511385,0.0026290417,0.04252681,14,13395.0,8,6,1.0
1032,382,0.8776875,6.475016655562958,0.05559765,0.25861394,9.727478e-05,0.041979868,23,19438.0,0,0,3.0
1033,703,0.87756875,3.944548872180451,0.060740072,0.21326494,0.00036549568,0.04417591,26,12591.0,1,1,39.0
1034,750,0.8774500000000001,4.995513952666904,0.04849976,0.20394915,2.7656555e-05,0.04360956,18,16124.0,7,0,33.0
1035,683,0.87733125,3.5747114375655826,0.05616532,0.23691201,0.001087904,0.042249218,21,10506.0,5,4,44.0
1036,425,0.8772125,3.615360983102918,0.058668066,0.27939403,0.0005290508,0.042764936,29,11768.0,0,0,317.0
1037,33,0.87709375,3.989322250639386,0.051589508,0.21411705,0.0012407303,0.043630857,23,11853.0,2,4,51.0
1038,214,0.8769750000000001,4.8266758336198,0.053154033,0.20041609,2.4557114e-05,0.043306727,9,13459.0,0,2,0.0
1039,894,0.87685625,5.819369973190348,0.05694102,0.2771151,0.0002989769,0.042815987,20,17365.0,2,2,26.0
1040,15,0.8767375000000001,4.910720324653365,0.055832505,0.1898793,0.00010037422,0.04244694,22,14521.0,2,2,49.0
1041,105,0.87661875,6.972495088408644,0.05605338,0.22733366,0.00045585632,0.041198708,18,21294.0,2,2,47.0
1042,314,0.8765000000000001,5.409166945466711,0.061847627,0.2340262,0.0011281967,0.04001562,25,16168.0,0,0,167.0
1043,668,0.87638125,5.184128065395098,0.056788553,0.27813283,0.0005784035,0.04137062,19,16395.0,5,1,20.0
1044,39,0.8762624999999999,4.944010416666666,0.05849819,0.31590176,0.00058221817,0.042468455,20,15188.0,3,3,4.0
1045,198,0.87614375,4.3921145799806895,0.05443259,0.18738693,0.0006480217,0.04190417,24,13957.0,2,1,52.0
1046,92,0.876025,5.8192526915769465,0.056055024,0.22573566,6.7949295e-05,0.04327786,20,18693.0,2,1,10.0
1047,502,0.87590625,5.4964737192282085,0.05658302,0.22019935,0.0010457039,0.043248814,18,15320.0,2,6,12.0
1048,289,0.8757875,6.481158517595765,0.058124512,0.19298244,0.00039196014,0.04351728,22,20811.0,0,0,79.0
1049,172,0.87566875,9.152125878808166,0.04769327,0.27830696,0.0025281906,0.044280235,10,26740.0,3,5,23.0
1050,792,0.87555,5.00676982591876,0.050079893,0.17084777,0.0033171177,0.044084966,20,13980.0,1,6,25.0
1051,995,0.87543125,4.977104377104376,0.061395925,0.25677085,0.0002245903,0.042854514,26,14782.0,0,0,214.0
1052,577,0.8753124999999999,3.6585718682671593,0.060737263,0.19045818,0.0006248951,0.04260254,21,10912.0,3,6,20.0
1053,9,0.87519375,6.050286441756842,0.061679047,0.28437066,0.00068616867,0.043457594,17,19010.0,3,3,60.0
1054,928,0.875075,4.383801652892561,0.054578442,0.2970126,0.0006210804,0.043412212,17,11446.0,3,9,18.0
1055,857,0.87495625,4.595627732667083,0.0523506,0.21926856,0.00072813034,0.043054625,12,14395.0,7,8,13.0
1056,820,0.8748375,6.152870580603308,0.05399272,0.2537408,0.00070619583,0.041976396,23,18661.0,0,1,10.0
1057,797,0.87471875,5.936130306021717,0.056467164,0.21592712,0.0019521713,0.04109855,19,17736.0,2,3,38.0
1058,823,0.8746,4.470860927152318,0.053447068,0.23785305,0.0005145073,0.043164387,26,13860.0,0,1,49.0
1059,310,0.87448125,5.583386378103119,0.049895573,0.31877995,0.00040829182,0.043800343,24,17543.0,0,0,321.0
1060,469,0.8743625,6.113273771537972,0.047766745,0.22103453,0.00040721893,0.039694745,23,19159.0,0,0,168.0
1061,237,0.87424375,4.348891873740765,0.055471297,0.28757378,0.0017542839,0.04186907,28,12951.0,0,0,408.0
1062,886,0.874125,3.8923664122137396,0.05406292,0.18394017,0.00038146973,0.04172349,23,12552.0,3,2,17.0
1063,891,0.87400625,5.449323208979862,0.048500925,0.30996037,0.00055360794,0.04220515,23,16506.0,1,1,66.0
1064,641,0.8738875,4.921177266576454,0.045053363,0.21478233,0.00018835068,0.042729992,27,14547.0,0,0,144.0
1065,904,0.87376875,5.516451612903226,0.057789043,0.2725053,0.0009121895,0.042405117,16,16171.0,3,6,8.0
1066,141,0.87365,5.4866498740554155,0.061117306,0.23049843,0.0002477169,0.04171664,18,17108.0,3,4,27.0
1067,203,0.87353125,4.334765624999999,0.05342822,0.19616485,2.5749207e-05,0.041532837,24,12702.0,1,3,19.0
1068,322,0.8734125,6.034824589636304,0.053876992,0.2067169,0.00089764595,0.043744072,14,16886.0,2,8,14.0
1069,699,0.87329375,4.791362126245845,0.05906968,0.21107715,0.0013608932,0.041191686,19,13519.0,3,6,26.0
1070,284,0.873175,5.244157608695652,0.055215117,0.23248711,0.00037384033,0.04147314,14,14850.0,5,7,24.0
1071,612,0.87305625,4.168641750227894,0.055588633,0.21196842,0.00093102455,0.044484545,27,13719.0,0,0,245.0
1072,920,0.8729375,5.7117841774246925,0.050389826,0.17730594,0.00015282631,0.042758103,20,16349.0,1,4,44.0
1073,217,0.87281875,6.521108179419525,0.06097799,0.29828882,0.0007929802,0.04182409,20,19772.0,1,1,17.0
1074,842,0.8727,4.404904118201824,0.05351085,0.23558664,0.00091195107,0.043001354,23,14012.0,2,2,5.0
1075,641,0.87258125,4.9476319350473625,0.06328928,0.26808596,0.000106334686,0.045184646,15,15512.0,7,4,10.0
1076,669,0.8724625,4.344591029023746,0.054493885,0.2927003,0.00016593933,0.043730993,21,13476.0,4,3,15.0
1077,220,0.87234375,6.278920741989879,0.05349225,0.22428238,4.8160553e-05,0.040988956,18,16245.0,0,8,7.0
1078,209,0.872225,5.32124183006536,0.05533278,0.3688226,0.00039052963,0.043112114,21,16283.0,2,2,31.0
1079,370,0.87210625,6.263484798953907,0.05242324,0.2023654,0.0003014803,0.044546526,21,19160.0,1,1,57.0
1080,469,0.8719875,6.540140395660497,0.053787798,0.27660632,0.0011239052,0.044758346,18,19870.0,1,3,24.0
1081,859,0.87186875,5.180662428905989,0.07416602,1.4573572,0.00031995773,0.043202367,26,15485.0,0,0,70.0
1082,378,0.87175,7.09597855227882,0.056132633,0.2183199,0.0015568733,0.04498567,17,20876.0,2,3,40.0
1083,728,0.87163125,6.128838239949351,0.06752839,0.3727672,0.00036740303,0.04598479,23,19361.0,0,0,86.0
1084,738,0.8715125,6.864377974167233,0.059675884,0.25958514,0.0006940365,0.04584634,22,20195.0,0,0,111.0
1085,208,0.87139375,6.726055880441844,0.041282464,0.30023193,1.4305115e-05,0.043968037,17,20395.0,2,3,16.0
1086,347,0.871275,6.224143664782176,0.05555314,0.22646642,0.0006866455,0.04426955,23,18716.0,0,0,224.0
1087,241,0.87115625,3.8574085554866704,0.052176565,0.19217134,9.441376e-05,0.041001435,28,12444.0,0,0,237.0
1088,543,0.8710375,5.077015491621878,0.059408437,0.3081391,0.00044941902,0.04108645,18,15426.0,3,5,17.0
1089,564,0.87091875,6.648097217780622,0.05092832,0.19161248,0.00019907951,0.043516237,14,21414.0,5,3,11.0
1090,254,0.8708,6.755235602094241,0.059845123,0.2656765,0.0006311536,0.044265892,22,20644.0,0,0,53.0
1091,581,0.8706812500000001,6.895458875833598,0.061078105,0.26919436,0.0006093979,0.041059226,16,21084.0,2,4,3.0
1092,903,0.8705625,7.25051903114187,0.059763815,0.23965836,0.00020265579,0.04265279,16,21243.0,3,2,8.0
1093,818,0.87044375,4.461802030456853,0.074775934,0.25540972,0.002131462,0.03989982,18,13118.0,3,6,27.0
1094,223,0.870325,4.38829431438127,0.067572825,0.551146,0.0028984547,0.039802417,23,11925.0,1,5,18.0
1095,659,0.8702062500000001,5.132410320956576,0.05349773,0.27440417,0.0006530285,0.041476857,18,15993.0,3,4,27.0
1096,541,0.8700875,5.585089650833595,0.05541228,0.18523836,0.0007677078,0.042443573,18,17755.0,3,3,16.0
1097,831,0.86996875,5.420922570016473,0.0496327,0.22874749,0.000572443,0.042752087,9,15542.0,7,10,41.0
1098,73,0.86985,4.6756499682942305,0.05041371,0.18543625,9.894371e-05,0.04250298,23,14747.0,2,2,28.0
1099,807,0.8697312500000001,3.7717842323651447,0.04815531,0.25944662,6.699562e-05,0.044075564,30,10908.0,0,0,98.0
1100,145,0.8696125,5.8011198945981555,0.06826245,0.29655492,0.00041794777,0.0417251,19,17005.0,2,4,41.0
1101,60,0.86949375,7.033116682141753,0.051247317,0.28856212,0.000248909,0.041542813,19,22724.0,1,1,1.0
1102,880,0.869375,5.596389645776566,0.05784619,0.17665768,0.00017142296,0.042326804,25,16431.0,0,0,227.0
1103,278,0.8692562500000001,3.8364199543527877,0.050658528,0.15561032,0.00085520744,0.04152499,24,12073.0,3,2,40.0
1104,313,0.8691375,5.072032193158952,0.06498275,0.20098078,0.0004863739,0.044138778,17,13932.0,3,7,6.0
1105,288,0.86901875,6.897147385103012,0.058101494,0.36901355,1.9073486e-06,0.041964635,21,21445.0,0,1,29.0
1106,705,0.8689,4.889301383732703,0.06055763,0.25847423,0.0012447834,0.041817874,21,14487.0,3,3,64.0
1107,158,0.8687812500000001,4.722777222777221,0.047982663,0.28198874,0.0008676052,0.042652283,13,12681.0,5,10,13.0
1108,795,0.8686625,7.461300214658079,0.052806016,0.22366428,0.000114917755,0.0417499,14,23353.0,2,5,23.0
1109,649,0.86854375,5.68790322580645,0.03911239,0.15323043,0.00022816658,0.04316604,14,17693.0,4,6,15.0
1110,359,0.868425,8.64512987012987,0.05022751,0.25925225,0.0005097389,0.04329219,14,26011.0,1,3,22.0
1111,74,0.8683062500000001,5.8473500476039355,0.06575454,0.2666061,0.0017323494,0.044552147,22,18425.0,1,1,75.0
1112,158,0.8681875,3.387379287379287,0.063879825,0.23255041,3.4332275e-05,0.044675972,26,9872.0,2,3,8.0
1113,721,0.86806875,4.217447081462475,0.060780376,0.31220257,0.00081181526,0.04444049,24,13150.0,2,2,22.0
1114,861,0.86795,5.758271935699934,0.054150507,0.20821214,0.00021839142,0.042334016,19,18090.0,4,1,20.0
1115,697,0.86783125,5.188690476190474,0.06468131,0.2442379,0.0016355515,0.042485416,18,14481.0,2,6,3.0
1116,237,0.8677125,7.65997313633311,0.053646024,0.27806216,0.0009589195,0.041074347,18,21918.0,0,3,51.0
1117,449,0.8675937499999999,8.086270022883294,0.05603003,0.29365897,0.00022006035,0.043244842,19,24430.0,0,1,41.0
1118,911,0.867475,6.0987081815170585,0.053670898,0.22273874,0.00014805794,0.042697404,10,18412.0,7,7,12.0
1119,509,0.86735625,5.988307892172783,0.05400471,0.21501893,0.00016021729,0.04297896,23,18438.0,0,0,19.0
1120,926,0.8672375,6.754816824966079,0.059149772,0.25206423,0.0036523342,0.040670536,17,20208.0,3,2,79.0
1121,729,0.8671187499999999,4.21608832807571,0.05688228,0.18419719,0.0016288757,0.04131339,27,13365.0,0,0,226.0
1122,638,0.867,6.528212751899568,0.05786124,0.20925713,0.0006015301,0.04038118,12,17642.0,3,10,6.0
1123,61,0.86688125,4.928141711229947,0.06141684,0.2968179,0.0008480549,0.042135615,26,14745.0,0,0,215.0
1124,216,0.8667625,5.022077922077922,0.054568812,0.29774398,0.00036907196,0.04245703,24,14402.0,0,1,0.0
1125,845,0.86664375,4.997481279782165,0.051285457,0.2455442,2.5749207e-05,0.040991344,15,14095.0,5,7,4.0
1126,95,0.866525,5.831537962362104,0.052913737,0.19309068,0.00017857552,0.040362682,13,18281.0,6,5,18.0
1127,707,0.86640625,7.1890520694259,0.055608746,0.17238504,0.0005338192,0.040151365,18,20340.0,0,4,32.0
1128,696,0.8662875,4.485170340681362,0.051216036,0.16621876,0.00091695786,0.041425806,20,12231.0,2,6,12.0
1129,250,0.86616875,5.1943614130434765,0.041799564,0.18059778,0.00015473366,0.041877896,13,14409.0,5,8,3.0
1130,811,0.86605,5.749148099606817,0.06435225,0.2640648,0.00013923645,0.040791783,15,18462.0,6,3,28.0
1131,36,0.86593125,5.319121023286322,0.059596617,0.22490573,0.0032572746,0.041776866,19,16218.0,3,3,2.0
1132,976,0.8658125,6.54147974556411,0.06214714,0.3512454,1.50203705e-05,0.042594437,21,18942.0,0,2,25.0
1133,550,0.8656937499999999,5.0961816305469565,0.05955774,0.19651794,0.0009281635,0.041294485,22,15396.0,3,1,15.0
1134,71,0.865575,4.399281515349445,0.05517137,0.19850016,0.00027036667,0.04513912,19,12552.0,3,6,16.0
1135,975,0.86545625,6.7631192074145074,0.05620921,0.7568756,0.00081157684,0.044605937,16,20536.0,2,4,72.0
1136,839,0.8653375,4.064089950808152,0.05705875,0.7582043,0.0003209114,0.043992743,24,10428.0,1,5,75.0
1137,708,0.86521875,6.904400137504297,0.049295306,0.19894621,0.00064754486,0.043946907,21,19794.0,0,1,24.0
1138,473,0.8651,4.345752705805182,0.050043,0.22605777,0.00032877922,0.043497104,19,13860.0,5,3,50.0
1139,530,0.86498125,4.582385769096616,0.0602331,0.33602336,0.000106334686,0.04439403,17,12851.0,5,6,17.0
1140,584,0.8648625,6.391596638655463,0.050825913,0.21639061,0.0002052784,0.041747216,23,19015.0,0,0,111.0
1141,364,0.86474375,6.691875825627476,0.04969136,0.21963406,0.00011229515,0.041761592,22,20263.0,0,0,225.0
1142,327,0.864625,6.736013986013987,0.05482015,0.23647046,0.00069880486,0.04007473,10,20409.0,8,4,8.0
1143,190,0.86450625,5.044062297209602,0.056075662,0.26857734,0.0007352829,0.042426024,16,14313.0,3,7,3.0
1144,743,0.8643875000000001,6.273038424281563,0.053349454,0.167777,2.002716e-05,0.043242674,20,20047.0,2,0,71.0
1145,806,0.86426875,4.868982229402262,0.053586353,0.20397961,0.00039052963,0.043835726,25,15379.0,1,0,0.0
1146,194,0.86415,4.819173553719007,0.06306483,0.19676876,0.0001347065,0.044250365,18,13368.0,3,7,51.0
1147,259,0.86403125,4.245328719723183,0.05696507,0.38098586,0.0012773275,0.041818336,19,12558.0,5,4,4.0
1148,903,0.8639125,4.985813148788929,0.06780109,0.69209146,0.0009796619,0.04252707,24,14987.0,2,0,53.0
1149,50,0.86379375,6.310797505743354,0.060046364,0.23416543,0.0010106564,0.043405116,23,19229.0,0,0,288.0
1150,220,0.863675,6.929005059021923,0.05338068,0.21386266,0.00018644333,0.04176042,14,20841.0,4,3,17.0
1151,400,0.86355625,4.5837471783295705,0.059956025,0.24306846,0.00054597855,0.040442627,17,13594.0,4,6,2.0
1152,710,0.8634375,5.451355107713691,0.06535941,0.3461612,0.00080394745,0.044764582,25,15689.0,0,0,102.0
1153,974,0.86331875,5.8062877103842485,0.052812576,0.2705438,0.0004723072,0.04185849,24,18284.0,0,0,421.0
1154,884,0.8632,5.918272425249168,0.06566521,0.2412926,0.0008661747,0.04229364,18,17814.0,3,3,23.0
1155,448,0.86308125,6.450581395348836,0.062436894,1.1136681,0.0010867119,0.04235047,21,19971.0,1,1,53.0
1156,627,0.8629625,5.604742547425475,0.069338076,0.5156462,0.00011110306,0.04214351,20,16250.0,2,3,4.0
1157,667,0.86284375,8.609811070599932,0.053796727,0.25463152,0.001333952,0.041874737,16,24769.0,0,4,38.0
1158,129,0.862725,5.855758380351809,0.06281206,0.28082561,0.0004582405,0.04236436,16,18246.0,5,3,8.0
1159,712,0.86260625,4.6414091060152876,0.04878464,0.18562937,0.00018548965,0.04131027,27,13966.0,0,0,96.0
1160,787,0.8624875000000001,6.110978835978837,0.053531658,0.23886418,0.0004067421,0.043850068,16,18782.0,4,3,38.0
1161,188,0.86236875,7.889519509835535,0.045981657,0.16390276,2.69413e-05,0.04302114,16,23225.0,0,4,47.0
1162,272,0.86225,4.63580457806628,0.067345016,0.22345889,0.00013661385,0.04422431,27,13569.0,0,0,166.0
1163,453,0.86213125,6.6584363514868015,0.051775526,0.18764347,0.0004682541,0.04483661,20,20228.0,2,1,38.0
1164,751,0.8620125000000001,5.072879716220574,0.061290503,0.2982247,0.0020525455,0.04219547,25,15731.0,0,0,204.0
1165,952,0.86189375,6.95130086724483,0.050008263,0.24536371,0.0006520748,0.044367056,16,20840.0,3,3,5.0
1166,716,0.861775,6.808475689881735,0.05203553,0.24116611,0.00050473213,0.043720778,22,20725.0,0,0,174.0
1167,261,0.86165625,5.945405037440435,0.054111842,0.26483107,0.0026414394,0.044154968,13,16880.0,5,7,55.0
1168,978,0.8615375,4.345936981757877,0.06014744,0.21819544,0.00052940845,0.043983173,28,13103.0,0,0,47.0
1169,500,0.86141875,4.532930705657979,0.051721007,0.19866037,0.00038290024,0.042201173,12,13946.0,7,8,1.0
1170,68,0.8613,6.212855740922472,0.06244229,0.25191665,0.0007426739,0.0425393,15,18687.0,4,5,14.0
1171,697,0.86118125,4.614748677248677,0.049847692,0.32597104,5.7935715e-05,0.04081129,17,13955.0,5,5,14.0
1172,351,0.8610625000000001,4.479695431472082,0.06455114,0.1996082,0.0023593903,0.041729856,23,12942.0,2,3,35.0
1173,940,0.86094375,6.2477788746298115,0.067766406,0.21489292,0.0015845299,0.04182908,23,18987.0,0,0,208.0
1174,769,0.860825,8.009470934030043,0.0570325,0.22177339,0.002023697,0.041018084,14,22994.0,1,6,19.0
1175,194,0.86070625,4.269917355371901,0.057638872,0.24228668,0.0004975796,0.041450113,17,13219.0,6,5,25.0
1176,8,0.8605875000000001,5.38476821192053,0.056027595,0.1778884,2.3841858e-07,0.042084593,19,16262.0,3,3,38.0
1177,216,0.86046875,7.355092276144908,0.060952038,0.21259975,0.0020623207,0.041612294,19,21521.0,1,1,59.0
1178,532,0.86035,5.978314745972738,0.05305195,0.26324677,0.00054860115,0.040572353,23,19298.0,0,0,130.0
1179,528,0.86023125,7.132367800606265,0.050794046,0.21568489,0.0002808571,0.039435055,22,21176.0,0,0,183.0
1180,992,0.8601125000000001,4.905333333333331,0.05569373,0.18376541,0.00039196014,0.043845754,21,13816.0,2,5,51.0
1181,575,0.85999375,4.553821032005225,0.05244414,0.22498274,0.0012611747,0.04183969,16,14250.0,6,5,29.0
1182,750,0.859875,5.807135287884141,0.047074493,0.17264509,0.00014448166,0.044365138,11,16440.0,0,0,0.0
1183,537,0.85975625,4.70066225165563,0.0531136,0.36577976,0.0024778843,0.041876283,22,14060.0,3,1,48.0
1184,64,0.8596375,5.383389830508475,0.05240005,0.18518376,0.00037384033,0.04276331,22,16176.0,2,1,12.0
1185,799,0.85951875,6.918116619893982,0.05647595,0.22853637,0.0013051033,0.04183227,17,21545.0,1,3,60.0
1186,150,0.8593999999999999,3.8058124174372523,0.06012675,0.24058056,0.00095665455,0.040897455,21,11524.0,4,4,6.0
1187,614,0.85928125,6.590299479166666,0.0559932,0.26465464,0.00016283989,0.042176753,13,19631.0,4,6,25.0
1188,934,0.8591625,4.329088558500322,0.059675287,0.2431655,0.0009920597,0.042860378,17,12466.0,4,7,26.0
1189,889,0.85904375,5.325535420098847,0.058319878,0.2753818,0.00054860115,0.042429194,25,16163.0,0,0,151.0
1190,537,0.858925,6.356395956779364,0.061733443,0.28640884,0.002033472,0.040810112,16,16802.0,2,7,27.0
1191,859,0.85880625,6.616560722649715,0.04893146,0.23126864,0.00030732155,0.03904126,16,19478.0,3,4,17.0
1192,794,0.8586875,3.324145785876993,0.057464827,0.28044486,0.000667572,0.040922012,17,11137.0,8,5,37.0
1193,539,0.85856875,6.0902684563758385,0.048734993,0.2558593,0.0008804798,0.040535714,22,18149.0,1,1,76.0
1194,339,0.85845,4.9322868574946135,0.062366795,0.25986737,0.0004582405,0.04076436,25,16025.0,0,0,165.0
1195,134,0.85833125,6.53884430176565,0.048570145,0.23341906,0.0010418892,0.041053753,5,20057.0,8,9,7.0
1196,430,0.8582125,6.477683799609628,0.046544824,0.21894789,0.00064873695,0.041975677,16,19605.0,3,4,23.0
1197,311,0.85809375,7.427605244996547,0.06337277,0.3493188,0.00049066544,0.043222304,18,20366.0,0,4,6.0
1198,146,0.8579749999999999,5.097464976651099,0.059605714,0.19556347,0.003215313,0.04150713,21,14083.0,1,5,24.0
1199,970,0.85785625,8.242226748133062,0.060377687,0.23056114,0.00096035004,0.043432128,19,23987.0,0,1,2.0
1200,801,0.8577375,5.734064188115664,0.05452292,0.35655677,3.4332275e-05,0.04256727,20,17101.0,1,4,40.0
1201,306,0.85761875,4.556351039260969,0.050145894,0.27294984,0.00084757805,0.040546637,25,12901.0,0,3,88.0
1202,96,0.8575,4.697309417040357,0.053863153,0.3685416,6.890297e-05,0.041008245,17,13104.0,3,8,1.0
1203,238,0.85738125,3.1355905511811026,0.051101178,0.23431489,0.0002808571,0.040919222,15,10273.0,8,7,2.0
1204,552,0.8572625,7.195871559633026,0.054815408,0.19558406,0.000218153,0.042739835,14,20741.0,2,6,2.0
1205,542,0.85714375,5.721725239616613,0.05788091,0.22680593,0.002752304,0.045054972,21,17283.0,1,3,5.0
1206,450,0.857025,5.469486599935421,0.061683387,0.39986873,0.0032150745,0.04317154,19,16939.0,3,3,23.0
1207,621,0.85690625,3.7275274056029235,0.058684986,0.25690317,0.00042700768,0.04211587,21,11256.0,3,6,43.0
1208,285,0.8567875,5.734031767489016,0.05717541,0.16171837,0.00035870075,0.04088083,24,16967.0,0,0,216.0
1209,592,0.85666875,5.419914837864395,0.06948459,0.45210385,0.0005180836,0.04001487,23,16547.0,1,1,25.0
1210,518,0.85655,5.51471249598458,0.050342172,0.23012102,0.00027775764,0.041786943,18,16856.0,3,4,43.0
1211,458,0.85643125,5.417916525279946,0.05937332,0.2947985,0.00064110756,0.040805552,21,16556.0,3,1,26.0
1212,352,0.8563125,4.558967571144935,0.05230422,0.22210646,0.0011487007,0.03944585,17,11964.0,3,9,49.0
1213,855,0.85619375,6.021671018276762,0.058370948,0.36352444,0.0014455318,0.040024485,15,18144.0,4,5,1.0
1214,998,0.856075,5.813298902517753,0.056122858,0.25150013,0.0013172626,0.041671973,18,17390.0,2,4,47.0
1215,630,0.85595625,6.3252582472509165,0.057559494,0.2701559,0.00078868866,0.041338593,23,18682.0,0,1,6.0
1216,404,0.8558375,5.146624472573841,0.050904036,0.24230194,0.00053071976,0.041900393,26,14637.0,0,0,106.0
1217,245,0.85571875,6.297485857950973,0.061010227,0.2276516,0.00088238716,0.042425975,18,19084.0,1,4,8.0
1218,7,0.8556,7.000627396305332,0.07174889,0.30189592,0.0005402565,0.041598577,13,19511.0,4,6,5.0
1219,673,0.85548125,7.204350736278447,0.05915914,0.2099278,0.0007548332,0.04262131,18,20929.0,1,3,4.0
1220,679,0.8553625,7.99748911951791,0.049299102,0.20025754,0.001075983,0.042171862,10,22395.0,3,8,1.0
1221,993,0.85524375,5.046079999999997,0.06192586,0.2529838,0.00014519691,0.040361937,19,13894.0,1,7,18.0
1222,506,0.855125,5.186068111455109,0.058692694,0.24024773,7.05719e-05,0.04046005,17,16105.0,3,5,26.0
1223,125,0.85500625,6.000335232986926,0.05342177,0.18928647,0.0009691715,0.042593297,6,17899.0,9,9,7.0
1224,254,0.8548875,7.682395287958112,0.053890277,0.23409319,0.001270771,0.042672396,15,22255.0,1,5,30.0
1225,99,0.8547687500000001,6.319999999999999,0.065563865,0.24521637,0.0008350611,0.042453215,17,17759.0,2,5,22.0
1226,415,0.85465,5.531552162849872,0.04933091,0.16480684,0.0009393692,0.043010328,17,16448.0,3,6,22.0
1227,836,0.85453125,6.2011272141706915,0.057939827,0.5031946,7.724762e-05,0.043598127,15,18323.0,3,6,4.0
1228,713,0.8544125,4.261013580655846,0.054623008,0.21897256,0.0010781288,0.04232259,27,12864.0,0,0,16.0
1229,774,0.8542937500000001,5.161663947797716,0.062152207,0.29440027,0.0006275177,0.04370412,21,15514.0,2,3,14.0
1230,487,0.854175,5.452277795476265,0.0572572,0.21326852,0.00021481514,0.04216118,7,16173.0,8,11,20.0
1231,266,0.85405625,6.396080336896663,0.067432456,0.320808,0.00048398972,0.04282957,20,19436.0,1,2,1.0
1232,536,0.8539375,6.513540961408261,0.05646443,0.22233391,0.000248909,0.042741317,12,20718.0,8,3,22.0
1233,410,0.85381875,3.3451644415499837,0.04046535,0.19825721,0.0010459423,0.042218182,30,10273.0,0,0,291.0
1234,147,0.8537,5.215244116613978,0.05656901,0.24880028,0.001021862,0.04174147,23,13709.0,0,4,18.0
1235,26,0.85358125,3.656797198344476,0.0541566,0.30898175,0.00054359436,0.044142213,29,11486.0,0,0,491.0
1236,332,0.8534625,5.7906354515050165,0.053439606,0.25220776,0.0024741888,0.04241526,21,17015.0,1,2,14.0
1237,131,0.8533437500000001,7.544110854503464,0.05884133,0.2726326,0.00030875206,0.04266597,15,22260.0,2,4,13.0
1238,918,0.853225,8.154602858092389,0.06411623,0.2634932,6.055832e-05,0.043414447,16,25139.0,3,1,59.0
1239,14,0.85310625,4.46006711409396,0.050862003,0.22802013,0.0013895035,0.043242384,28,13291.0,0,0,331.0
1240,966,0.8529875,5.077663230240549,0.05698448,0.29164815,0.0008010864,0.04611024,20,13903.0,2,5,19.0
1241,180,0.8528687500000001,7.027841845140032,0.049173832,0.16469276,2.6464462e-05,0.043752115,19,20419.0,0,3,39.0
1242,213,0.85275,5.520847121111846,0.054592047,0.28006482,0.00016069412,0.043878,25,16684.0,0,0,229.0
1243,431,0.85263125,3.690853864326696,0.05075639,0.18271399,0.0016379356,0.044528022,29,10936.0,0,0,584.0
1244,277,0.8525125,8.051991828396323,0.05149597,0.18740648,0.0019464493,0.040831972,19,23355.0,0,1,1.0
1245,417,0.8523937500000001,6.62501616031028,0.058120936,0.44015563,0.00040483475,0.041837003,14,21426.0,5,2,4.0
1246,643,0.852275,3.7420913302448704,0.05862121,0.24395466,7.772446e-05,0.042022172,20,11913.0,6,4,19.0
1247,141,0.85215625,4.50831234256927,0.07206846,1.0160675,0.00024318695,0.041713398,18,14636.0,5,4,31.0
1248,877,0.8520375,7.353952629960009,0.04870401,0.1879189,0.0008878708,0.040694457,14,21632.0,0,7,44.0
1249,449,0.8519187500000001,6.284341288002613,0.047186684,0.27960312,2.4318695e-05,0.04010548,22,18612.0,0,2,29.0
1250,120,0.8518,5.3927672955974835,0.050421175,0.18868303,0.00022411346,0.042510223,17,16513.0,3,5,20.0
1251,869,0.85168125,4.463624841571612,0.061981697,1.250511,0.0020337105,0.044679493,16,15034.0,7,4,8.0
1252,473,0.8515625,4.454542472941948,0.04933032,0.27153265,0.0007326603,0.04400307,17,13277.0,5,6,15.0
1253,770,0.85144375,5.805599472990776,0.049133617,0.17930996,2.8133392e-05,0.04293492,18,16715.0,2,5,6.0
1254,712,0.851325,6.279096045197739,0.05347224,0.24671483,0.0007970333,0.04215361,21,18292.0,0,2,22.0
1255,476,0.8512062499999999,5.102081268582755,0.060091402,0.26880014,0.0003221035,0.042259615,26,15444.0,0,0,168.0
1256,295,0.8510875,5.4146700832799475,0.06021921,0.29463577,0.00028157234,0.040232662,11,15968.0,6,9,34.0
1257,587,0.85096875,6.196446199407699,0.05696393,0.20517945,0.00071811676,0.039757863,23,18831.0,0,0,10.0
1258,993,0.85085,5.916319999999999,0.06792547,1.3067831,0.0015017986,0.04242815,17,18176.0,3,4,6.0
1259,524,0.85073125,7.207419251678923,0.054194827,0.27647942,0.0007992387,0.041664157,14,20036.0,0,8,9.0
1260,85,0.8506125,6.407826629248519,0.048184436,0.17686367,0.0009799004,0.04264851,17,21512.0,4,1,36.0
1261,595,0.85049375,5.6408163265306115,0.05468762,0.35357615,0.00090265274,0.040979218,16,16833.0,4,5,45.0
1262,848,0.850375,6.535069444444443,0.053842414,0.21810198,0.001156807,0.041886333,16,17669.0,2,6,22.0
1263,453,0.8502562499999999,6.704443701971268,0.05318479,0.23390055,0.00021123886,0.044261128,16,20665.0,4,2,43.0
1264,992,0.8501375,5.560333333333331,0.06679891,0.3349262,6.389618e-05,0.04239534,21,15781.0,1,4,46.0
1265,614,0.85001875,6.562434895833334,0.059036,0.41287118,0.00037050247,0.041488934,21,20467.0,1,0,33.0
1266,988,0.8499,7.54130579613591,0.057121407,0.27145648,0.0006058216,0.042331826,21,22639.0,0,0,54.0
1267,709,0.8497812499999999,6.246392820158783,0.05899332,0.23164046,0.00012564659,0.04343694,19,16937.0,1,5,19.0
1268,83,0.8496625,3.9293577981651384,0.05319132,0.22421122,0.00022554398,0.04307511,22,11868.0,2,5,7.0
1269,392,0.84954375,4.835425566874793,0.04960251,0.25136113,0.0006444454,0.04120252,17,13497.0,3,7,40.0
1270,746,0.849425,4.7451559934318555,0.050321024,0.23707795,0.0008356571,0.041681234,20,15058.0,4,2,21.0
1271,879,0.84930625,4.344884488448846,0.04863468,0.23079967,0.0004119873,0.041078646,26,13468.0,1,0,67.0
1272,487,0.8491875,4.3179993628544135,0.04751424,0.17857385,0.0003260374,0.040937338,21,14182.0,4,2,29.0
1273,565,0.84906875,4.942258282623392,0.06957912,0.29875416,0.0023703575,0.041393872,16,13436.0,4,8,29.0
1274,415,0.84895,5.832315521628497,0.06131941,0.29117107,0.0017061234,0.04103746,20,17708.0,1,3,23.0
1275,605,0.84883125,4.123364790107388,0.053911883,0.16605258,0.00011086464,0.04124123,19,13593.0,6,3,31.0
1276,154,0.8487125,5.6722185648452905,0.056591403,0.23115987,0.000895977,0.040348496,15,16017.0,3,7,44.0
1277,582,0.84859375,7.077622841965473,0.059093904,0.25855583,0.00016367435,0.041657884,20,21619.0,1,0,66.0
1278,18,0.848475,6.127147766323025,0.058446184,0.26918566,0.001572609,0.04252708,24,17830.0,0,0,139.0
1279,650,0.84835625,8.522028526148967,0.054883197,0.2883989,0.0005784035,0.042757392,8,24363.0,2,10,34.0
1280,943,0.8482375,6.264359150102809,0.05040936,0.22263789,0.0004451275,0.041322023,13,17404.0,4,7,9.0
1281,537,0.84811875,5.459776925758104,0.05328851,0.24465859,0.00016236305,0.04322261,19,15951.0,4,3,41.0
1282,925,0.848,5.094460182562165,0.058246035,0.2997395,0.0013229847,0.040447045,11,15232.0,6,9,10.0
1283,179,0.84788125,4.983734939759036,0.046891946,0.19022703,0.00031852722,0.04190619,20,15489.0,4,2,38.0
1284,454,0.8477625,6.012566137566137,0.05078425,0.27754962,0.000310421,0.041208763,24,18182.0,0,0,184.0
1285,130,0.84764375,5.7170145477545855,0.05238533,0.30226505,0.0017421246,0.04217105,13,17761.0,5,6,11.0
1286,682,0.847525,4.873010153946938,0.059093136,0.20133734,0.00014162064,0.04323472,24,14572.0,1,2,72.0
1287,191,0.84740625,4.908621246367452,0.061157305,0.27057815,0.0027913451,0.04316776,27,15202.0,0,0,526.0
1288,626,0.8472875,5.403161397670549,0.053984463,0.34125936,0.0007185936,0.04233879,23,16537.0,1,0,31.0
1289,154,0.84716875,5.551547070441082,0.057596743,0.21702075,0.0001513958,0.041756626,12,17777.0,8,5,20.0
1290,226,0.8470500000000001,7.742940414507772,0.04601252,0.19856644,0.0006272793,0.042530436,17,24219.0,2,1,28.0
1291,402,0.84693125,6.680272108843536,0.05291933,0.20741963,0.000644207,0.041676346,19,19640.0,2,2,12.0
1292,178,0.8468125,4.424667133847231,0.049890354,0.22250628,0.0006775856,0.044001948,18,12628.0,5,5,29.0
1293,237,0.84669375,7.038280725319007,0.050716337,0.19285154,0.0007214546,0.042859197,22,20960.0,0,0,28.0
1294,762,0.8465750000000001,7.766645387807214,0.048822712,0.19733298,0.00022053719,0.042420417,9,23393.0,4,7,13.0
1295,526,0.84645625,4.488620013080445,0.060336858,0.3388872,0.00062441826,0.042388055,26,14032.0,1,0,24.0
1296,937,0.8463375,4.544694330060184,0.056551885,0.24190784,0.000177145,0.04314189,22,14979.0,3,1,9.0
1297,114,0.84621875,7.556181637388134,0.06421981,0.24543136,0.0010795593,0.044015825,21,22797.0,0,0,2.0
1298,431,0.8461,7.159973000337495,0.06702239,0.25092864,0.0017139912,0.042820644,17,21215.0,2,2,7.0
1299,737,0.84598125,6.217092337917486,0.05791075,0.42506367,7.390976e-06,0.04227355,23,18987.0,0,0,24.0
1300,454,0.8458625,5.502843915343916,0.044672843,0.2537105,0.00034928322,0.04118541,20,16943.0,3,2,37.0
1301,681,0.84574375,6.433407149636191,0.053969834,0.24386632,0.0009778142,0.043626666,13,20336.0,5,5,31.0
1302,814,0.845625,6.650188938509101,0.051089246,0.2420029,0.0005450249,0.041356955,13,17321.0,2,9,14.0
1303,452,0.84550625,3.980078636959371,0.05176836,0.28405845,0.00031852722,0.041001018,18,11842.0,5,6,19.0
1304,98,0.8453875,3.8004614370468026,0.054719757,0.27185154,0.000374794,0.04056978,20,11834.0,5,4,1.0
1305,757,0.84526875,4.630741587716433,0.053753138,0.29436612,0.00015044212,0.04194364,11,15093.0,9,6,21.0
1306,16,0.8451500000000001,6.336077643908968,0.05294578,0.2042911,0.0015866756,0.041986078,16,17737.0,2,6,6.0
1307,466,0.84503125,6.359067357512952,0.051843178,0.18304276,0.00015306473,0.041847873,9,17541.0,2,5,0.0
1308,427,0.8449125,4.970807875084861,0.05634098,0.18515825,0.0010559559,0.04186892,26,14644.0,0,0,90.0
1309,949,0.84479375,8.30565723793677,0.053155154,0.18064666,0.001667738,0.040418994,19,24658.0,0,1,38.0
1310,605,0.8446750000000001,4.301106410673609,0.049968455,0.2669084,0.0014767647,0.042754516,13,12910.0,7,8,6.0
1311,819,0.84455625,7.10807248764415,0.07370546,0.22938585,0.00044441223,0.042654242,16,20966.0,2,4,45.0
1312,567,0.8444375,5.879959650302622,0.054393414,0.20058852,0.0009899139,0.042163,24,17487.0,0,0,124.0
1313,737,0.84431875,6.624426981008514,0.054495204,0.17148358,0.00021481514,0.040743377,21,20231.0,1,1,54.0
1314,741,0.8442000000000001,5.237034617896799,0.053009015,0.26469898,0.001344204,0.04112573,20,14811.0,1,5,44.0
1315,968,0.84408125,5.409936220208124,0.05745533,0.18752432,0.0010774136,0.040767137,23,16712.0,2,0,40.0
1316,683,0.8439625,4.5926897516614185,0.058091443,0.20253891,9.441376e-05,0.04317133,17,11701.0,2,7,0.0
1317,173,0.84384375,3.6821599453178395,0.052389205,0.20814276,0.00017499924,0.043178912,29,10774.0,0,0,347.0
1318,96,0.8437250000000001,5.1017296604740565,0.04810061,0.19259667,0.0005867481,0.044455465,19,16552.0,4,2,40.0
1319,320,0.84360625,6.402619207521826,0.05931141,0.34650993,0.000415802,0.045278445,23,19067.0,0,0,8.0
1320,357,0.8434875,5.607985299031072,0.059422534,0.24863839,0.0004005432,0.044137497,17,17084.0,4,3,34.0
1321,643,0.84336875,4.480542686962275,0.06319353,0.29555604,0.0004963875,0.042079344,17,13238.0,5,6,19.0
1322,127,0.84325,4.707908163265306,0.052680265,0.21842924,0.00013399124,0.041321445,26,14764.0,0,0,99.0
1323,836,0.84313125,5.865700483091787,0.053874332,0.27514672,0.00010371208,0.042836964,20,17592.0,1,3,16.0
1324,80,0.8430125,3.9817699701690423,0.053064227,0.20641291,0.00018787384,0.04122853,29,12013.0,0,0,140.0
1325,517,0.84289375,3.6933333333333334,0.06013641,0.23117077,0.00019693375,0.04019426,21,11080.0,4,4,35.0
1326,850,0.842775,5.179785450888366,0.054460276,0.17257631,0.0016899109,0.04216509,19,15153.0,3,4,34.0
1327,752,0.84265625,5.952380952380952,0.047714848,0.17723751,0.0005283356,0.042245854,12,16717.0,4,9,2.0
1328,157,0.8425374999999999,7.433836650652024,0.063270435,0.28293085,8.893013e-05,0.041272517,13,20788.0,3,6,23.0
1329,835,0.84241875,5.488605602769908,0.059232473,0.26574755,0.0002515614,0.040868524,20,17755.0,2,1,0.0
1330,695,0.8423,4.001602564102564,0.053830802,0.26048708,0.00087213516,0.04196224,18,10613.0,3,9,17.0
1331,690,0.84218125,4.566855618539513,0.06033085,0.22644258,9.512901e-05,0.041256685,17,13696.0,5,5,14.0
1332,155,0.8420624999999999,6.729801108575154,0.06958423,0.40313563,0.002679348,0.04400763,13,20947.0,2,1,0.0
1333,40,0.84194375,6.8192771084337345,0.0662918,0.8709912,0.0001680851,0.044418637,21,20942.0,0,0,67.0
1334,407,0.841825,5.302777777777775,0.057384823,0.34548977,0.0013523102,0.041791853,12,13832.0,5,10,30.0
1335,721,0.84170625,3.781911481719051,0.056158032,0.24447846,0.00011944771,0.04001517,18,10233.0,4,9,1.0
1336,84,0.8415875,6.94326337169939,0.04960672,0.263206,0.00011110306,0.04185156,19,20215.0,1,2,12.0
1337,449,0.84146875,7.082314481856817,0.065105,0.23658407,0.0011305809,0.041148655,14,21053.0,3,5,60.0
1338,949,0.84135,4.890515806988354,0.059831068,0.25081187,0.0017158985,0.042503405,27,14696.0,0,0,209.0
1339,206,0.84123125,5.134788540245565,0.050194938,0.17583442,0.0004017353,0.042304534,21,14762.0,2,3,35.0
1340,261,0.8411125,4.232471068754254,0.062265366,0.33526865,0.0015153885,0.04295234,19,9497.0,1,11,9.0
1341,220,0.84099375,3.5881956155143335,0.061891664,0.27766192,0.0001142025,0.042621333,30,10639.0,0,0,541.0
1342,494,0.840875,5.042146089204912,0.05882609,0.17338252,0.0012464523,0.04088529,23,15291.0,1,2,42.0
1343,842,0.84075625,5.035837786859478,0.055498075,0.35230565,0.0006330013,0.041383818,15,16019.0,5,5,6.0
1344,105,0.8406375,6.891224623444663,0.05393966,0.21073234,0.001481533,0.04036594,12,20435.0,4,6,17.0
1345,311,0.84051875,7.736991028295376,0.05281147,0.18881583,0.0018695593,0.04171813,20,22132.0,0,1,6.0
1346,333,0.8404,5.088151364764266,0.06285479,0.24410215,0.0016694069,0.04374137,15,13825.0,2,10,20.0
1347,536,0.84028125,6.692823290453622,0.05534801,0.23816502,0.00026631355,0.042486224,22,20066.0,1,0,1.0
1348,394,0.8401625,5.005683355886334,0.05213404,0.23807049,0.000115156174,0.04165378,21,15388.0,3,1,8.0
1349,696,0.84004375,5.858984635938543,0.06483063,0.2881974,0.00043797493,0.04471749,16,16943.0,3,5,7.0
1350,311,0.839925,7.661490683229813,0.06528001,0.2151649,0.00039583445,0.044505287,21,22203.0,0,0,207.0
1351,621,0.83980625,4.09062119366626,0.055935573,0.27215642,0.0007350445,0.044828713,21,12120.0,2,6,2.0
1352,739,0.8396875,9.230927835051546,0.052930918,0.30107546,0.00015187263,0.043062437,17,26280.0,0,2,7.0
1353,648,0.83956875,6.308823529411766,0.05050139,0.19224083,0.0003221035,0.04244567,14,20529.0,6,2,35.0
1354,862,0.83945,6.748959032907991,0.06456694,0.33843482,0.00013899803,0.04321641,20,20694.0,2,0,72.0
1355,600,0.83933125,5.241213320145071,0.048705578,0.19447756,0.0008237362,0.04321904,18,15290.0,3,5,19.0
1356,874,0.8392125,6.10824230387289,0.059531998,0.18429756,0.0013873577,0.042488366,24,18453.0,0,0,243.0
1357,173,0.83909375,7.584210526315789,0.06504672,0.6397671,0.0010457039,0.042240743,16,22484.0,3,2,5.0
1358,644,0.838975,4.4887434554973815,0.041930843,0.17741752,3.2424927e-05,0.045874383,17,13412.0,5,6,48.0
1359,304,0.8388562500000001,5.401072893657306,0.055173326,0.26790285,0.0006682873,0.04348393,17,17116.0,4,4,28.0
1360,912,0.8387375,6.725558659217877,0.04876208,0.16528678,0.0013411045,0.043508768,22,19262.0,0,0,40.0
1361,306,0.83861875,5.858792477730123,0.060843002,0.33325648,0.00058817863,0.04216787,22,17758.0,1,1,15.0
1362,23,0.8385,5.320350404312668,0.060409594,0.3272097,0.000739336,0.04148051,19,15494.0,3,4,15.0
1363,3,0.83838125,6.156160100062539,0.059225503,0.2953527,0.0009100437,0.04216216,19,20327.0,3,1,8.0
1364,167,0.8382625,6.007796610169489,0.05914725,0.8108347,1.8715858e-05,0.0418288,17,15953.0,1,7,14.0
1365,853,0.83814375,4.649537512846865,0.06188635,0.25902474,0.00192523,0.04086451,19,13572.0,4,4,17.0
1366,307,0.838025,5.424461839530331,0.05104665,0.2766208,0.00075006485,0.04402608,20,15405.0,1,5,26.0
1367,148,0.83790625,4.203336703741153,0.045994878,0.196563,9.870529e-05,0.043341562,15,12768.0,7,6,8.0
1368,774,0.8377875,6.782544861337683,0.053344782,0.22202635,0.00019431114,0.046847224,17,20482.0,2,3,12.0
1369,754,0.83766875,5.882642304989459,0.05998371,0.3106019,0.0004477501,0.046756413,24,16742.0,0,0,91.0
1370,66,0.83755,5.785691472373044,0.05143261,0.21866894,0.0010738373,0.0475665,19,18115.0,3,3,66.0
1371,827,0.8374312500000001,4.8406639004149365,0.060458075,0.31559968,0.0004620552,0.044921145,20,13710.0,3,4,52.0
1372,27,0.8373125,5.462085929813053,0.05014838,0.22122502,5.4836273e-06,0.043556754,22,16349.0,1,2,11.0
1373,27,0.83719375,6.192095769104624,0.04524256,0.2712934,0.00023579597,0.04101338,9,17965.0,6,9,37.0
1374,170,0.837075,3.1859335038363175,0.0636994,0.21080863,0.0009875298,0.041783646,21,9340.0,4,6,43.0
1375,194,0.8369562500000001,4.369421487603307,0.057475623,0.23394299,0.0009627342,0.04709847,8,14125.0,11,8,11.0
1376,656,0.8368375,5.171169686985173,0.054760884,0.4742465,0.000739336,0.044361368,19,15998.0,4,3,30.0
1377,908,0.83671875,7.632861376358249,0.059380546,0.22144175,0.0001757145,0.04304698,21,23181.0,0,0,59.0
1378,679,0.8366,5.673585537328424,0.05372576,0.2458744,0.00035953522,0.043206956,25,16947.0,0,0,267.0
1379,218,0.8364812500000001,6.388870151770658,0.059212495,0.16254199,0.00016069412,0.041010957,23,18943.0,0,0,93.0
1380,681,0.8363625,5.825972793419804,0.06023942,0.3528338,6.532669e-05,0.0449537,21,18732.0,2,1,28.0
1381,674,0.83624375,6.644343302990898,0.04966895,0.27499843,8.368492e-05,0.042028297,16,20438.0,3,3,42.0
1382,754,0.836125,7.526352775825721,0.051093295,0.21537352,0.0013217926,0.042340282,21,21420.0,0,0,169.0
1383,827,0.8360062500000001,6.00442600276625,0.06399927,0.23959017,0.0023807287,0.04470664,13,16208.0,4,8,26.0
1384,964,0.8358875,6.663065741658407,0.06261718,0.24761403,0.0027263165,0.0452594,18,19261.0,1,4,57.0
1385,323,0.83576875,5.0353866317169045,0.06124227,0.21123981,0.00018501282,0.042167675,18,13842.0,2,7,44.0
1386,851,0.83565,5.749109744253803,0.053315222,0.24797198,0.00031018257,0.04233165,25,17759.0,0,0,385.0
1387,715,0.8355312500000001,4.924848677922906,0.055499095,0.30425608,0.00063180923,0.04219616,20,15773.0,3,2,16.0
1388,544,0.8354125,4.902255639097745,0.0530209,0.26849198,0.00039815903,0.042911004,22,15648.0,2,2,35.0
1389,897,0.8352937500000001,5.721449369136202,0.055933107,0.21025658,0.0002901554,0.044396415,14,17685.0,5,5,30.0
1390,371,0.835175,2.973098330241187,0.061740458,0.28814006,0.00037145615,0.042311564,31,9615.0,0,0,267.0
1391,278,0.83505625,5.353700684708182,0.054008212,0.2402401,0.00020933151,0.04302899,20,15193.0,1,5,25.0
1392,937,0.8349375,4.76468165980361,0.053464055,0.2585659,0.00038266182,0.044153433,12,14095.0,6,9,43.0
1393,481,0.8348187499999999,5.444955387783115,0.05218019,0.27801394,0.000415802,0.043140512,14,14701.0,4,8,8.0
1394,50,0.8347,6.204988513291763,0.056348678,0.20869637,0.00056505203,0.04506384,13,19516.0,6,4,13.0
1395,531,0.83458125,5.663517915309446,0.059185594,0.96813583,0.00050854683,0.04170994,23,16773.0,0,2,4.0
1396,566,0.8344625,4.870516617308327,0.05698209,0.20628762,7.891655e-05,0.042111177,13,16321.0,9,4,1.0
1397,748,0.8343437499999999,5.494750320102434,0.05515328,0.22409391,0.0011866093,0.04289564,19,17478.0,3,2,2.0
1398,979,0.834225,6.117625231910947,0.06327957,0.2079519,0.0035521984,0.044501457,22,19461.0,0,1,42.0
1399,966,0.83410625,4.634707903780067,0.057447266,0.20374906,0.00094747543,0.043902382,15,11741.0,4,10,18.0
1400,522,0.8339875,5.451523267492467,0.05661972,0.25459373,0.0017442703,0.042388827,16,15985.0,0,1,0.0
1401,841,0.8338687499999999,5.704795852235904,0.060166437,0.21151471,0.0002989769,0.041818622,24,17605.0,0,0,88.0
1402,480,0.83375,5.996589446589447,0.049891617,0.31365502,0.00022530556,0.044758122,15,19259.0,5,3,25.0
1403,587,0.83363125,4.304047384007897,0.06366225,0.34486496,0.0007007122,0.042677462,28,13080.0,0,0,161.0
1404,787,0.8335125,6.536838624338621,0.051776066,0.23309892,0.0007134676,0.0428319,10,16441.0,2,13,12.0
1405,162,0.83339375,5.318844474302992,0.05309066,0.2645979,0.0015218258,0.041637104,9,17025.0,10,6,17.0
1406,551,0.833275,5.693225806451613,0.049798533,0.19654346,0.00072979927,0.0434467,24,17649.0,0,0,299.0
1407,950,0.83315625,4.032076637824476,0.06592242,0.26742882,0.0015001297,0.041305065,14,13695.0,8,6,8.0
1408,706,0.8330375,5.13689024390244,0.04515719,0.27258873,0.000592947,0.042562414,24,16521.0,0,1,61.0
1409,197,0.83291875,5.513702239789196,0.06088378,0.22145605,0.0014333725,0.045089986,24,16436.0,0,1,31.0
1410,944,0.8328,3.962055070517126,0.056765553,0.20640934,0.0005671978,0.044830054,29,11799.0,0,0,250.0
1411,581,0.83268125,6.692823118450301,0.053621143,0.5723421,0.0010719299,0.043958593,13,20131.0,3,6,25.0
1412,1,0.8325625,3.9155069582504973,0.06060415,0.3046279,0.00038647652,0.043336447,29,11817.0,0,0,175.0
1413,853,0.8324437499999999,4.7443302500856435,0.048727047,0.19449037,0.00096678734,0.043161735,19,12973.0,3,6,34.0
1414,99,0.832325,5.140677966101695,0.07382781,0.23470509,0.00044679642,0.044774655,22,15165.0,2,2,11.0
1415,392,0.83220625,5.470522510680247,0.048633885,0.22003353,0.00059330463,0.044678107,14,14821.0,3,9,49.0
1416,58,0.8320875,6.415876089060988,0.055984426,0.2721598,0.0015517473,0.043980896,13,19263.0,4,6,8.0
1417,88,0.83196875,5.684158740570679,0.05981322,0.27297223,0.0022969246,0.042003755,24,17331.0,0,0,138.0
1418,487,0.83185,3.457852819369226,0.05838779,0.26479053,0.00034552813,0.045109183,19,11482.0,6,4,17.0
1419,943,0.83173125,6.758190541466758,0.055318657,0.2813239,0.00072801113,0.04265232,19,18845.0,1,4,16.0
1420,396,0.8316125,5.218410041841004,0.055883747,0.2722628,0.0018122196,0.043348964,17,15540.0,5,3,33.0
1421,479,0.83149375,7.716117850953205,0.05383913,0.21361625,0.0008637905,0.041676518,21,22261.0,0,0,0.0
1422,631,0.831375,7.144832306639288,0.05928193,0.2246561,0.0010564327,0.040529035,21,20585.0,0,1,48.0
1423,585,0.83125625,5.739932370119889,0.061478484,0.21693075,0.0002502203,0.04033164,14,18672.0,5,5,8.0
1424,162,0.8311375000000001,5.960396372186764,0.056693047,0.24258876,0.0004413128,0.04195561,12,16851.0,5,8,3.0
1425,819,0.83101875,7.989621087314662,0.063557856,0.25903654,0.001396656,0.042267293,13,23945.0,3,4,41.0
1426,614,0.8309,6.950130208333334,0.06159392,0.24251735,0.000113248825,0.044382494,12,21658.0,2,1,0.0
1427,556,0.83078125,4.755260633194755,0.062124595,0.25870872,0.00023770332,0.044529334,18,14557.0,4,5,13.0
1428,509,0.8306625,5.854790516401429,0.0476589,0.25769848,0.00059890747,0.043873023,23,17719.0,0,1,23.0
1429,655,0.83054375,4.511484956324813,0.06379733,1.0901741,0.00041913986,0.045568094,27,13945.0,0,0,431.0
1430,25,0.830425,5.72262106332543,0.048025463,0.22862911,0.00034046173,0.04506196,22,16013.0,0,3,59.0
1431,543,0.83030625,5.108220044261775,0.054426014,0.19218612,0.00028797984,0.045086175,17,15841.0,4,5,1.0
1432,747,0.8301875,5.013907284768211,0.070769936,0.22151446,0.0010199547,0.04643743,20,15142.0,3,3,30.0
1433,877,0.83006875,7.746631805598277,0.058044087,0.20557594,0.0007240772,0.04525308,13,24209.0,2,5,39.0
1434,246,0.82995,8.638461538461536,0.04909989,0.27145725,6.9856644e-05,0.044049468,13,24932.0,2,5,11.0
1435,972,0.82983125,5.7934073107049615,0.058106612,0.15400338,0.0017354488,0.041469645,24,17751.0,0,0,350.0
1436,569,0.8297125000000001,6.977049180327869,0.056281265,0.3056699,4.2438507e-05,0.042720795,20,21585.0,1,0,17.0
1437,215,0.82959375,4.473828125000001,0.05573191,0.2887823,0.0003297329,0.041827843,23,12822.0,1,4,1.0
1438,999,0.829475,5.344720080455916,0.05972588,0.22011817,8.702278e-05,0.042982068,24,15645.0,0,1,28.0
1439,357,0.82935625,5.935716672235214,0.059253752,0.24857181,0.0014281273,0.042420316,14,17167.0,4,6,1.0
1440,481,0.8292375000000001,6.587371310912833,0.05046448,0.25252962,0.00043654442,0.042707976,20,18030.0,0,4,23.0
1441,471,0.82911875,6.601751034702323,0.046842366,0.21968865,3.9339066e-05,0.04391205,15,20422.0,3,4,58.0
1442,90,0.829,9.409281961471104,0.046468955,0.22121668,0.0002617836,0.043223154,13,26578.0,2,3,37.0
1443,105,0.82888125,7.726064178127046,0.053276863,0.3179345,0.0013514161,0.043539047,19,23290.0,0,1,86.0
1444,819,0.8287625000000001,7.0520593080724865,0.05896544,0.20663118,0.00093984604,0.04258557,16,20796.0,2,4,23.0
1445,244,0.82864375,4.528013029315961,0.052215844,0.19449222,0.0014464855,0.04161391,27,13901.0,0,0,111.0
1446,753,0.828525,6.561056627649477,0.0613798,0.28722346,0.0017421246,0.040142547,18,19159.0,0,5,1.0
1447,112,0.82840625,6.42406779661017,0.053468376,0.24942642,0.0017158985,0.041351415,14,18361.0,4,6,42.0
1448,510,0.8282875,4.8154920212765955,0.054997813,0.4079975,0.0006451607,0.042561937,26,14485.0,0,0,329.0
1449,199,0.82816875,7.711171293161813,0.055731002,0.16755414,0.0025868416,0.044014174,11,22188.0,4,6,8.0
1450,927,0.82805,6.722827938671209,0.066719346,1.4137446,0.0003194809,0.042656306,16,18851.0,2,5,53.0
1451,76,0.82793125,9.447994740302436,0.06553637,0.30049086,0.0014300346,0.043198574,12,29045.0,3,2,6.0
1452,82,0.8278125000000001,5.858724004229818,0.05732174,0.5603726,0.0014307499,0.04154261,12,14919.0,4,10,14.0
1453,124,0.82769375,6.6855737704918035,0.054890454,0.2846452,0.00030592084,0.043480355,16,19476.0,2,5,61.0
1454,456,0.827575,4.343873903152421,0.05850004,0.23420486,0.0007369518,0.043392956,23,12443.0,1,4,22.0
1455,543,0.82745625,5.506987037622509,0.05021122,0.20639539,0.0005040169,0.043263555,15,16786.0,4,6,1.0
1456,576,0.8273375000000001,7.0378854625550655,0.056405168,0.18821108,0.0007610321,0.04443274,19,21413.0,0,3,83.0
1457,986,0.82721875,4.729486324216144,0.058574278,0.26965404,7.83205e-05,0.041740257,17,14179.0,5,5,45.0
1458,103,0.8271,6.282146473169084,0.05193482,0.22172403,0.00035572052,0.043573845,17,18614.0,3,3,15.0
1459,882,0.82698125,6.466655640092624,0.0648608,0.23620212,0.0032596588,0.04259844,21,19851.0,1,0,24.0
1460,112,0.8268625000000001,5.244067796610168,0.06484765,0.24978232,0.0008740425,0.043612167,20,14585.0,2,5,28.0
1461,395,0.82674375,5.505210918114143,0.05102746,0.20592165,0.00041365623,0.044020306,15,17104.0,4,6,37.0
1462,496,0.8266249999999999,7.789656259854935,0.051647488,0.23809987,0.00039339066,0.04161844,14,24701.0,3,3,28.0
1463,571,0.82650625,4.736756049705689,0.06704739,0.24870205,0.000500679,0.04214899,27,14485.0,0,0,209.0
1464,607,0.8263875,6.926402640264028,0.06431969,0.3043379,0.00078606606,0.043566052,9,21593.0,7,5,40.0
1465,634,0.82626875,4.4316129032258065,0.062352914,0.21787775,0.0011730194,0.04402643,17,13738.0,0,0,0.0
1466,759,0.8261499999999999,8.257435897435899,0.049310464,0.18119514,0.001172781,0.044380825,13,24738.0,4,2,7.0
1467,366,0.82603125,5.4781271360218735,0.050091177,0.2633655,0.0027608871,0.043611918,25,16029.0,0,0,6.0
1468,101,0.8259125,8.272445315050602,0.057589326,0.19661689,0.0007991791,0.042562526,11,23807.0,2,7,24.0
1469,696,0.82579375,5.8876419505678,0.0607304,0.23613656,0.0006313324,0.042267684,19,16430.0,1,5,20.0
1470,667,0.825675,7.81060656281074,0.04966869,0.2441423,0.0006546974,0.042415217,10,24168.0,6,4,29.0
1471,316,0.82555625,4.565497076023392,0.06328763,0.20232153,0.0003182888,0.043440852,19,13437.0,3,5,7.0
1472,274,0.8254375,5.091549295774647,0.06026398,0.26875377,9.4890594e-05,0.044996396,26,15183.0,0,0,368.0
1473,375,0.82531875,7.934468358496627,0.053200606,0.21080518,0.00011062622,0.04213016,15,24700.0,2,2,22.0
1474,383,0.8252,6.8260869565217375,0.06512964,0.26256508,0.0019004345,0.041155227,16,20574.0,2,4,7.0
1475,12,0.82508125,6.793482688391038,0.048424084,0.2859773,6.16312e-05,0.042041972,20,19719.0,1,2,5.0
1476,157,0.8249625,5.407000686341798,0.06829048,0.23248553,0.00029945374,0.043444205,25,15756.0,0,0,107.0
1477,782,0.82484375,8.551653439153437,0.05647574,0.22802472,0.0008778572,0.043141257,12,24953.0,2,5,1.0
1478,829,0.8247249999999999,4.082738095238096,0.039939627,0.1968807,0.00035750866,0.044783875,12,12951.0,9,7,22.0
1479,507,0.82460625,3.819458047665688,0.05285123,0.24612856,0.0013279915,0.046388492,29,11699.0,0,0,553.0
1480,131,0.8244875,5.835037941273509,0.06318887,0.22550768,1.66893e-05,0.0438853,24,17686.0,0,0,101.0
1481,61,0.82436875,5.233489304812836,0.05613258,0.1919787,0.0007882118,0.043293104,21,16257.0,3,1,60.0
1482,701,0.82425,6.231603615667893,0.053268243,0.19116414,0.0014765263,0.042695653,19,17419.0,1,5,8.0
1483,949,0.82413125,6.493677204658901,0.055784225,0.26229498,0.00023412704,0.04375499,22,19213.0,0,1,53.0
1484,1,0.8240125,7.5331345261762745,0.061445743,0.1944507,0.001896143,0.040361766,15,21226.0,1,6,33.0
1485,706,0.82389375,5.745121951219511,0.047141317,0.21043992,0.0032849312,0.04200205,19,18188.0,1,3,8.0
1486,811,0.823775,5.705832241153342,0.05365616,0.24610794,0.00013136864,0.042925492,14,15583.0,3,9,19.0
1487,67,0.82365625,4.855440077947384,0.052413415,0.18258572,6.198883e-05,0.03985606,15,14642.0,5,6,23.0
1488,351,0.8235375,4.717597292724197,0.060349137,0.2568934,0.0006110668,0.04109661,20,14236.0,4,3,22.0
1489,386,0.82341875,5.957783099555252,0.052228555,0.23954558,0.00035429,0.042972464,11,16830.0,6,8,10.0
1490,426,0.8233,4.409130300216651,0.055394422,0.2689836,0.0010967255,0.044568103,10,14569.0,9,8,8.0
1491,883,0.82318125,5.62660915726609,0.053260993,0.2904954,0.0006017685,0.046655923,13,15753.0,4,8,1.0
1492,156,0.8230625,5.200065703022338,0.05446743,0.2164203,0.00088989735,0.046900008,26,15829.0,0,0,107.0
1493,53,0.82294375,6.238744884038199,0.056729402,0.22638866,0.0024192333,0.045075078,10,18292.0,7,7,28.0
1494,463,0.822825,4.262397641663938,0.06434121,0.2510543,0.0014913082,0.04348227,17,13929.0,7,4,12.0
1495,503,0.82270625,5.707702223654527,0.052801523,0.24922943,0.000101566315,0.044195186,16,17711.0,4,4,31.0
1496,324,0.8225875,4.733333333333335,0.057525795,0.24725366,0.00013589859,0.04483677,15,14356.0,7,5,48.0
1497,867,0.82246875,5.879872204472844,0.062351793,0.24342012,0.0008571148,0.042125802,24,18404.0,0,0,281.0
1498,76,0.82235,7.358579881656806,0.04588413,0.17513609,0.0005559921,0.04323484,19,22689.0,1,0,14.0
1499,620,0.82223125,5.838922155688621,0.055099446,0.3035959,0.0011816025,0.04330116,22,16650.0,0,3,45.0
1500,776,0.8221125,7.072436500470368,0.055506766,0.2424705,0.0002450943,0.04275167,13,22554.0,1,1,0.0
1501,672,0.82199375,5.602078521939953,0.062768996,0.33682084,6.7949295e-05,0.042066235,18,17283.0,4,3,47.0
1502,840,0.821875,5.919417475728155,0.054941624,0.20052719,4.6253204e-05,0.04148858,12,17673.0,5,7,17.0
1503,669,0.82175625,6.492216358839051,0.056355387,0.22966576,0.0009338856,0.041938066,10,20594.0,8,5,17.0
1504,909,0.8216375,6.2208387942332894,0.05027643,0.180933,0.00012779236,0.041687015,23,18986.0,0,0,216.0
1505,884,0.8215187500000001,6.004318936877077,0.051449005,0.19899893,5.7458878e-05,0.042454958,19,17772.0,2,3,4.0
1506,655,0.8214,6.917114202523455,0.055747405,0.16128266,0.00022888184,0.041779965,19,21999.0,2,0,3.0
1507,85,0.82128125,5.208387901465545,0.05581865,0.18268853,0.00045752525,0.043290693,24,17024.0,1,0,6.0
1508,805,0.8211625,5.522240000000001,0.06737868,0.25839293,0.00074863434,0.042330142,20,17882.0,3,1,10.0
1509,90,0.8210437500000001,6.7276707530648,0.055352926,0.23147249,0.00079345703,0.041520547,22,18922.0,0,1,46.0
1510,444,0.820925,5.4119464469618945,0.053599212,0.21255445,0.0009162426,0.040160876,18,15765.0,4,4,10.0
1511,53,0.82080625,4.954843110504776,0.057155903,0.27587986,0.0008969307,0.040982366,22,15114.0,3,1,46.0
1512,752,0.8206875,5.108871493802998,0.054930985,0.43086684,0.0004580021,0.043607693,17,13211.0,1,9,4.0
1513,103,0.82056875,5.737765777927775,0.063192636,0.26183748,0.0025384426,0.042253073,24,17001.0,0,0,109.0
1514,50,0.82045,8.44552018378733,0.07106378,0.40872216,0.00084757805,0.041191563,15,24210.0,0,5,31.0
1515,413,0.82033125,5.783661119515885,0.07117215,0.33588624,8.034706e-05,0.04256412,18,18454.0,2,4,16.0
1516,842,0.8202125,5.363533480037723,0.04702249,0.27613688,0.00056886673,0.043553114,16,15789.0,3,7,27.0
1517,994,0.8200937500000001,6.368032786885245,0.05938152,0.41008872,0.00019097328,0.04435864,18,18060.0,2,4,24.0
1518,128,0.819975,4.587817258883249,0.059910115,0.20358658,3.4093857e-05,0.044737775,27,13557.0,0,0,437.0
1519,776,0.81985625,5.159297585449983,0.05580229,0.30327964,3.027916e-05,0.04414147,22,16453.0,1,1,70.0
1520,179,0.8197375,4.9905622489959836,0.07251715,0.46973658,0.0009686947,0.04510017,23,14613.0,1,2,71.0
1521,521,0.8196187500000001,4.8635734072022165,0.07009054,0.23650527,7.915497e-05,0.046212226,17,14046.0,5,5,47.0
1522,258,0.8195,7.673730534867975,0.048345402,0.15936291,0.00011539459,0.043979596,15,21782.0,2,5,3.0
1523,445,0.81938125,5.929168015539012,0.049571037,0.21641982,0.00032281876,0.04391563,19,18933.0,3,1,24.0
1524,663,0.8192625,4.416994517897452,0.060634714,0.31362224,0.002162218,0.044019785,24,13387.0,1,2,76.0
1525,908,0.8191437500000001,8.840302930523542,0.057788845,0.22201729,0.0001270771,0.041898627,18,26848.0,0,0,42.0
1526,304,0.819025,6.746292205743136,0.053064182,0.17312717,0.00010204315,0.042692587,18,21379.0,2,2,4.0
1527,657,0.81890625,7.102255639097745,0.05582553,0.2436688,0.00015807152,0.042975068,15,22032.0,2,4,3.0
1528,126,0.8187875,6.7164565361645625,0.044765264,0.30076718,9.298325e-06,0.04438235,9,18435.0,4,10,15.0
1529,658,0.8186687500000001,4.950298210735585,0.050282378,0.25499177,0.0007724762,0.043408662,22,14940.0,2,2,27.0
1530,739,0.81855,5.259450171821306,0.050725624,0.22796738,0.0003144741,0.04275207,26,15305.0,0,0,344.0
1531,50,0.8184312499999999,6.082376107646866,0.054610074,0.184914,0.0002808571,0.04087052,23,18533.0,0,0,95.0
1532,698,0.8183125,5.575025518883974,0.0628456,0.27874655,0.00073838234,0.041354544,13,16385.0,0,0,0.0
1533,267,0.81819375,4.654643765903308,0.056048136,0.20209646,0.00048732758,0.044394642,18,15263.0,5,3,21.0
1534,315,0.818075,5.706510416666666,0.050822277,0.18997002,0.0005633831,0.042240907,13,16916.0,5,7,26.0
1535,482,0.81795625,5.062889165628892,0.054346666,0.23920774,0.0013291836,0.04238716,23,16262.0,1,1,45.0
1536,810,0.8178375,5.502028081123247,0.040808838,0.19189358,0.0005674362,0.041922584,17,19557.0,6,0,3.0
1537,912,0.81771875,7.6981145251396645,0.061000783,0.24655306,0.0012598038,0.04235893,20,21761.0,0,1,48.0
1538,190,0.8176,5.162037637897468,0.05676837,0.24886549,0.0008292198,0.0421166,17,15293.0,3,5,34.0
1539,505,0.81748125,6.950634213232774,0.05865577,0.214396,0.00016379356,0.042123456,22,20275.0,0,0,168.0
1540,115,0.8173625,8.736129032258065,0.060159426,0.29956412,0.00089263916,0.040720675,11,27392.0,4,3,15.0
1541,141,0.81724375,5.620088161209066,0.050879087,0.29593587,0.00019264221,0.04167539,17,16579.0,2,6,17.0
1542,401,0.817125,8.664678440519827,0.046843912,0.17709827,0.0005826354,0.04302217,8,26903.0,7,4,14.0
1543,509,0.81700625,6.761221175706398,0.05515626,0.27045846,0.00087976456,0.042757154,18,20202.0,1,3,40.0
1544,181,0.8168875,7.454420364637084,0.05532809,0.2823205,0.0007389486,0.0423967,21,21670.0,0,0,33.0
1545,636,0.81676875,5.577999356706336,0.045791883,0.15145767,0.0008442402,0.04361762,21,17342.0,2,2,3.0
1546,197,0.81665,3.8138998682476952,0.06882647,0.689108,0.0013754368,0.04238218,29,11579.0,0,0,322.0
1547,736,0.8165312499999999,6.092951991828395,0.057952207,0.39568532,6.9618225e-05,0.042929944,23,17895.0,0,0,78.0
1548,172,0.8164125,4.36457984599933,0.058958262,0.27554584,0.000346303,0.044618633,27,13037.0,0,0,283.0
1549,348,0.81629375,6.671883656509697,0.052101195,0.17945418,0.00041246414,0.042347748,9,19846.0,8,6,17.0
1550,757,0.816175,4.759686377000979,0.062101763,0.28977132,0.004335165,0.042032104,20,13345.0,2,6,6.0
1551,564,0.81605625,5.716341541413495,0.06405371,0.21882296,0.00031661987,0.04306606,24,17875.0,0,0,241.0
1552,344,0.8159375,5.937436224489792,0.062283512,0.2923782,0.0016071796,0.044076566,15,16111.0,1,9,32.0
1553,224,0.81581875,4.752556237218815,0.0519044,0.27569914,0.0002641678,0.04324059,27,13944.0,0,0,474.0
1554,137,0.8157,5.758926796952631,0.057254713,0.21490204,0.0048832893,0.04298429,8,14971.0,5,13,8.0
1555,125,0.81558125,3.9674824002681865,0.06103201,0.25497496,0.0011792183,0.042508353,21,11835.0,4,4,57.0
1556,116,0.8154625,4.588614018395178,0.055354636,0.22221977,0.00018334389,0.044094175,19,13522.0,3,6,2.0
1557,371,0.81534375,7.267717996289424,0.051982537,0.23317862,0.0013720989,0.042780146,13,22857.0,3,5,32.0
1558,223,0.8152250000000001,4.676254180602006,0.06838528,0.28302765,0.0009241104,0.044459764,19,13982.0,4,4,26.0
1559,101,0.81510625,5.320470127326151,0.05110404,0.1682562,0.0009622574,0.041878793,19,15684.0,2,4,10.0
1560,135,0.8149875,4.779200499687693,0.050491642,0.18004662,0.00031900406,0.044655193,8,13702.0,7,12,22.0
1561,600,0.81486875,4.904055390702274,0.053229976,0.21575612,0.0008122921,0.044854254,26,14874.0,0,0,290.0
1562,853,0.81475,6.953922576224733,0.057979364,0.24656868,0.0002681017,0.042593624,12,18839.0,3,8,2.0
1563,851,0.81463125,6.632988022013598,0.04897188,0.25374615,0.00014352798,0.042262312,18,21416.0,3,0,57.0
1564,730,0.8145125,4.703953337653922,0.053471744,0.15691367,0.00013637543,0.042022184,21,14825.0,3,2,29.0
1565,628,0.81439375,5.408776685869197,0.05517578,0.22977066,0.00020289421,0.042073566,18,15076.0,0,3,0.0
1566,878,0.814275,5.220910290237465,0.060316917,0.22428322,0.0008070469,0.04205529,17,14617.0,3,7,19.0
1567,524,0.81415625,5.483114806523825,0.055826154,0.29678583,0.0003144741,0.04356056,23,16833.0,0,1,32.0
1568,818,0.8140375,5.277538071065986,0.06607646,0.36530387,0.0011504889,0.043088123,12,13798.0,3,12,31.0
1569,9,0.81391875,6.6900063653723745,0.063180275,0.3048075,0.00043284893,0.042500343,22,21020.0,0,0,82.0
1570,617,0.8138000000000001,5.100961538461538,0.044951912,0.1881758,0.00021672249,0.042500928,26,14854.0,0,0,0.0
1571,680,0.81368125,5.9500166611129615,0.066381805,0.33914346,0.0017075539,0.04429898,22,17856.0,1,1,44.0
1572,702,0.8135625,6.105256327060351,0.06264347,0.23329782,0.00051116943,0.043456122,12,18200.0,5,7,7.0
1573,384,0.81344375,7.0771043771043765,0.06465292,0.2717371,0.00090169907,0.041663986,22,21019.0,0,0,166.0
1574,922,0.8133250000000001,5.427264121173872,0.055771608,0.23371416,0.00086402893,0.04231595,22,17199.0,1,1,11.0
1575,432,0.81320625,8.282177882989513,0.0532248,0.3214953,0.00122118,0.043558206,18,23899.0,0,2,8.0
1576,574,0.8130875,5.50806345009914,0.054475,0.19008863,0.00071024895,0.04219784,20,16970.0,3,2,11.0
1577,675,0.81296875,6.4065625,0.05402823,0.33388722,0.0005977154,0.042594463,20,20501.0,1,1,12.0
1578,82,0.8128500000000001,4.48011984490659,0.05763787,0.24502212,0.0008621216,0.041040562,12,11859.0,7,10,20.0
1579,78,0.81273125,6.2181286549707595,0.050325703,0.1682725,1.168251e-05,0.0435662,12,18216.0,4,7,10.0
1580,465,0.8126125,6.306426084203862,0.060346138,0.18881774,0.0006942749,0.041586373,18,19922.0,2,2,63.0
1581,251,0.81249375,7.428389965068276,0.049783308,0.38162255,0.0006542206,0.043758776,16,23392.0,2,2,69.0
1582,664,0.8123750000000001,5.783031988873435,0.05694151,0.38755918,0.00025820732,0.04228122,23,16632.0,1,1,46.0
1583,518,0.81225625,6.4260520398329595,0.05660716,0.20333195,0.00036239624,0.043889385,16,19693.0,3,4,23.0
1584,79,0.8121375,4.669102435769102,0.055648778,0.25882673,0.00101614,0.042906076,18,14293.0,5,4,4.0
1585,944,0.81201875,6.828475486903963,0.050292965,0.2561579,0.001834631,0.041556284,21,20633.0,1,0,20.0
1586,316,0.8119000000000001,4.239116309291746,0.05889222,0.24028015,1.0967255e-05,0.04270792,16,11509.0,4,9,3.0
1587,88,0.81178125,4.757953427353232,0.051561188,0.22008741,0.0006041527,0.04024186,26,14507.0,0,0,76.0
1588,963,0.8116625,7.00979329041003,0.04923259,0.2135421,0.00066661835,0.04091811,16,20981.0,3,2,23.0
1589,753,0.81154375,4.753211009174311,0.06137239,0.2559309,0.0017757416,0.04396251,13,15341.0,7,6,9.0
1590,558,0.8114250000000001,4.850272851296042,0.05821799,0.26549983,0.0025248528,0.041899826,19,12755.0,2,7,13.0
1591,115,0.81130625,6.799032258064516,0.057926018,0.24205565,0.0005350113,0.04228649,22,21077.0,0,0,182.0
1592,342,0.8111875,7.930227197892656,0.053924292,0.27338076,0.0007636547,0.04443096,16,23173.0,1,4,26.0
1593,584,0.81106875,7.2272268907563015,0.055302758,0.35346,0.00030350685,0.04293057,21,21501.0,0,0,154.0
1594,9,0.8109500000000001,6.022278803309994,0.054371793,0.20406047,0.00025749207,0.04380824,23,18922.0,0,0,224.0
1595,394,0.81083125,5.730717185385656,0.059206605,0.2068007,0.00024437904,0.042382374,18,16940.0,3,3,20.0
1596,984,0.8107125,4.843758212877793,0.05586691,0.19532108,0.0021293163,0.0430066,13,14440.0,6,7,36.0
1597,121,0.81059375,9.427461858529819,0.0568758,0.22185802,0.00026786327,0.041621234,12,26612.0,2,4,37.0
1598,855,0.8104750000000001,5.450522193211488,0.047453657,0.19470906,0.0005722046,0.041448284,9,16394.0,8,9,23.0
1599,982,0.81035625,7.87776732518031,0.055932224,0.2857833,0.0004684925,0.042457834,17,25760.0,2,0,67.0
1600,612,0.8102374999999999,4.894621695533272,0.059813607,0.255103,0.0016877651,0.042525187,20,15450.0,2,4,32.0
1601,928,0.81011875,5.404628099173551,0.06654607,0.2368753,0.00016880035,0.042060778,11,14534.0,5,11,11.0
1602,681,0.81,7.021290730781395,0.0687377,0.28242907,0.00012660027,0.04199333,17,21246.0,1,4,33.0
1603,995,0.80988125,7.44882154882155,0.05910291,0.22040445,0.00034594536,0.044474665,14,21826.0,3,4,19.0
1604,190,0.8097625,5.043802725502919,0.05625582,0.3032009,0.00022816658,0.04182974,25,15545.0,0,0,46.0
1605,642,0.80964375,6.840484429065744,0.05875431,0.2693407,0.00070786476,0.044329926,13,20058.0,5,4,2.0
1606,50,0.809525,6.055267476206104,0.059213344,0.3448883,0.0010089874,0.04324976,22,17841.0,0,2,30.0
1607,819,0.80940625,6.235584843492586,0.051495563,0.28624988,0.0001411438,0.044217985,23,18925.0,0,0,50.0
1608,857,0.8092875,4.562211118051216,0.052554954,0.19357038,0.0010368824,0.0451301,12,14288.0,7,8,8.0
1609,654,0.80916875,8.489285714285712,0.05041827,0.15893924,0.00069117546,0.044722542,14,25223.0,1,4,20.0
1610,808,0.80905,6.454622395833332,0.0534717,0.18688822,0.00040984154,0.041423135,17,18907.0,2,5,35.0
1611,11,0.80893125,5.031884057971015,0.05009569,0.2933066,0.0005774498,0.042330813,19,16606.0,4,2,2.0
1612,197,0.8088124999999999,5.992621870882738,0.057716962,0.31688058,0.0010669231,0.046376843,18,16372.0,1,7,2.0
1613,855,0.80869375,5.637140992167099,0.06867342,0.23443782,0.00037670135,0.045626137,9,14821.0,5,13,17.0
1614,794,0.808575,4.877123332248617,0.055149507,0.21522474,0.0012366772,0.044811383,14,15602.0,7,5,9.0
1615,292,0.80845625,5.831073051380637,0.061202083,0.22876978,0.00016248226,0.043137584,15,17541.0,6,3,16.0
1616,215,0.8083375,5.055859375,0.059975494,0.18420818,0.00011780858,0.04216824,22,14610.0,1,4,32.0
1617,394,0.80821875,6.09871447902571,0.055794567,0.30586123,0.00036883354,0.043659184,9,17141.0,6,9,2.0
1618,272,0.8081,5.855517594806969,0.06241863,0.31207946,0.0005238056,0.046537902,14,16261.0,4,7,32.0
1619,549,0.80798125,6.89867637326274,0.054619387,0.1752919,0.00048184395,0.044355858,17,21150.0,3,2,14.0
1620,615,0.8078625,5.6981249999999966,0.05716647,0.28381765,0.00018453598,0.043071087,11,15354.0,3,12,21.0
1621,619,0.80774375,4.461790247160989,0.053642303,0.22244215,3.9100647e-05,0.04163397,17,13658.0,6,5,27.0
1622,600,0.807625,6.0879327398615235,0.059380338,0.23100924,0.0021679401,0.04349232,16,18768.0,4,3,0.0
1623,973,0.8075062500000001,6.036522322927156,0.06412561,0.24222061,0.0,0.042821687,19,17387.0,2,4,60.0
1624,301,0.8073875,6.112929623567921,0.058685258,0.34972703,0.00024437904,0.042588662,18,18064.0,2,4,17.0
1625,598,0.80726875,5.786468032278089,0.058442105,0.24298763,2.9563904e-05,0.04415291,23,18644.0,0,0,56.0
1626,697,0.80715,5.33829365079365,0.046417654,0.21359468,0.00031757355,0.042445015,20,16143.0,3,3,9.0
1627,634,0.80703125,4.530645161290321,0.053588677,0.18228292,9.560585e-05,0.04281226,18,13425.0,4,6,25.0
1628,995,0.8069125,8.754882154882154,0.05760764,0.28784895,5.7935715e-05,0.041291635,14,26596.0,3,1,25.0
1629,654,0.80679375,6.853896103896105,0.05449183,0.22312045,0.0007724762,0.041724067,15,20802.0,1,2,0.0
1630,468,0.806675,4.664904163912756,0.071107246,0.35158038,0.0012989044,0.042148095,27,14116.0,0,0,31.0
1631,230,0.80655625,4.684773936170214,0.0526147,0.22684777,0.0016257763,0.043571386,18,15295.0,6,2,25.0
1632,567,0.8064375,7.013786146603901,0.059358586,0.25483298,0.0013091564,0.0428903,22,20859.0,0,0,36.0
1633,352,0.80631875,5.710655195234943,0.054962873,0.23982096,0.00039672852,0.04316449,18,16351.0,2,5,19.0
1634,337,0.8062,5.313233082706767,0.057086203,0.18621898,5.0783157e-05,0.041614223,14,18664.0,6,3,22.0
1635,42,0.80608125,7.217525434853953,0.056768835,0.58624446,0.00036096573,0.04190226,18,20773.0,0,4,27.0
1636,207,0.8059625,5.7232549982462295,0.060444597,0.27410054,4.720688e-05,0.044441562,25,16317.0,0,0,94.0
1637,282,0.80584375,7.639358503174071,0.04744732,0.22718325,0.000197649,0.043697182,13,22266.0,3,5,22.0
1638,229,0.805725,6.351646560156502,0.05601998,0.265861,0.00037813187,0.044388264,17,17947.0,1,6,18.0
1639,987,0.8056062500000001,8.882156009373952,0.047184348,0.22392595,0.000590086,0.04240452,15,26531.0,2,2,0.0
1640,442,0.8054875,6.31106821106821,0.054290414,0.21995473,0.00033640862,0.042709347,18,19304.0,2,3,5.0
1641,552,0.80536875,5.994626474442987,0.04461247,0.2556504,0.0010608435,0.04262567,13,17380.0,4,7,16.0
1642,784,0.80525,4.90716180371353,0.04869093,0.24632767,0.00017905235,0.043667566,12,16308.0,9,4,13.0
1643,334,0.8051312500000001,5.848344370860929,0.06419376,0.33385262,0.00032496452,0.043479156,24,17662.0,0,0,115.0
1644,211,0.8050125,8.218638466622602,0.05489808,0.25711894,0.00091409683,0.044021863,15,24567.0,2,3,4.0
1645,496,0.80489375,7.518101545253864,0.04621804,0.19770196,0.000600338,0.04261226,17,24157.0,2,1,26.0
1646,671,0.804775,5.069638069705094,0.061382692,0.2524433,0.0010735989,0.041894123,16,14531.0,4,6,15.0
1647,869,0.80465625,4.542648922686947,0.057379782,0.2526421,0.0010416508,0.04334948,10,15599.0,10,6,17.0
1648,101,0.8045375,7.065948416585047,0.05982724,0.2328291,0.00044250488,0.042053197,19,21643.0,1,1,66.0
1649,745,0.80441875,6.045898437499997,0.06360276,0.22089553,0.00058603287,0.04294713,12,17037.0,4,9,14.0
1650,957,0.8043,6.020013144922773,0.05263569,0.221475,0.000103235245,0.04271574,17,17406.0,2,5,10.0
1651,55,0.8041812500000001,5.8787375415282375,0.050863773,0.15961438,0.000114917755,0.045528483,14,16491.0,4,8,17.0
1652,203,0.8040625,7.035807291666665,0.058651224,0.21135974,0.00080156326,0.043010574,14,20078.0,2,7,50.0
1653,100,0.80394375,5.184992784992785,0.0626455,0.3020413,0.00085377693,0.04277438,23,14650.0,2,1,26.0
1654,764,0.803825,5.746713690285348,0.051303912,0.92249006,0.000108003616,0.040519726,16,17924.0,4,4,9.0
1655,325,0.8037062500000001,4.6892744479495265,0.0580588,0.25532126,0.0030944347,0.040907294,19,14865.0,4,4,8.0
1656,88,0.8035875,5.5654640865857665,0.048700124,0.3965154,0.0030050278,0.042180676,15,17274.0,5,4,12.0
1657,695,0.80346875,4.639423076923077,0.060975816,0.3686239,0.00031280518,0.040811878,11,14475.0,8,8,1.0
1658,420,0.80335,5.752334943639292,0.05939744,0.2767688,0.0010232925,0.0406989,16,17861.0,4,4,9.0
1659,193,0.8032312500000001,6.8755088195386715,0.046467006,0.18672848,2.2888184e-05,0.04177253,20,20269.0,1,1,3.0
1660,166,0.8031125,4.88220148052784,0.05275138,0.16010413,1.001358e-05,0.04164889,22,15169.0,2,2,3.0
1661,55,0.80299375,5.146843853820599,0.06830981,0.24485111,0.00022602081,0.04331294,19,15793.0,4,3,47.0
1662,224,0.802875,7.712678936605316,0.05793057,0.20869315,0.00013399124,0.042217534,21,22629.0,0,0,114.0
1663,677,0.8027562500000001,4.216,0.05573526,0.31329292,0.00015568733,0.041873023,20,13175.0,4,4,42.0
1664,642,0.8026375,6.345328719723184,0.06127025,0.2503755,0.0013904572,0.040682506,12,18627.0,6,5,16.0
1665,144,0.80251875,6.228646690813302,0.05815726,0.26255703,0.0013003349,0.04259639,14,18309.0,4,6,26.0
1666,324,0.8024,4.659450171821305,0.050642062,0.24203467,0.001821518,0.041928645,19,13559.0,4,4,41.0
1667,718,0.8022812500000001,6.599570968895245,0.062080678,0.26245356,0.0003066063,0.04302049,23,18459.0,0,0,268.0
1668,937,0.8021625,4.491004117833385,0.058238506,0.5634036,0.0014755726,0.042157024,15,13231.0,5,8,6.0
1669,565,0.80204375,5.318120351588912,0.054196727,0.31170213,0.00042247772,0.041225072,26,15731.0,0,0,62.0
1670,340,0.801925,5.958686773484131,0.058305204,0.2688161,7.4863434e-05,0.042731553,18,17375.0,1,6,14.0
1671,135,0.80180625,3.2915053091817614,0.047946703,0.14907408,0.0019164085,0.041677684,20,11500.0,6,3,7.0
1672,34,0.8016875,5.509984639016897,0.042000238,0.18608618,0.0005390644,0.040919885,20,17284.0,1,3,7.0
1673,452,0.80156875,7.459436435124509,0.049647916,0.28045595,0.00021839142,0.043119803,14,22461.0,3,4,18.0
1674,671,0.80145,6.270911528150137,0.05066031,0.22479224,0.0007505417,0.04234998,10,19906.0,8,4,8.0
1675,60,0.80133125,8.16709996904983,0.049817275,0.17627406,0.00055885315,0.042746916,11,26711.0,4,3,3.0
1676,857,0.8012125,5.791380387257961,0.057816323,0.1937784,0.00012207031,0.04274097,14,16943.0,3,8,12.0
1677,372,0.8010937499999999,6.326885245901638,0.06260877,0.501248,0.00091314316,0.0444957,22,18992.0,0,1,48.0
1678,735,0.800975,5.165748278021289,0.060615078,0.25848627,0.00081181526,0.04346627,14,16180.0,5,6,1.0
1679,552,0.80085625,8.241153342070772,0.04437383,0.1959548,0.0014500618,0.040358547,15,23626.0,0,5,3.0
1680,808,0.8007375,5.12109375,0.06429907,0.43803906,2.7656555e-05,0.041130338,26,15732.0,0,0,137.0
1681,616,0.80061875,6.389070146818924,0.05866846,0.36311436,7.939339e-05,0.043082815,18,19889.0,3,2,7.0
1682,553,0.8005,6.006802721088434,0.046587367,0.16571283,9.536743e-07,0.046481743,19,15896.0,0,6,70.0
1683,954,0.80038125,5.267564143173898,0.06377385,0.23622978,0.001031518,0.044064704,22,16314.0,1,2,7.0
1684,671,0.8002625,5.659986595174263,0.06851553,0.29849815,6.0796738e-05,0.044823978,14,16591.0,5,6,3.0
1685,545,0.80014375,4.674649766511009,0.052419413,0.2654245,0.000906229,0.042942476,11,14914.0,9,6,1.0
1686,69,0.800025,5.686397902327104,0.05744223,0.30567122,0.0007071495,0.04367372,21,16739.0,1,3,63.0
1687,128,0.79990625,8.255329949238577,0.06221382,0.23178053,0.003174305,0.042145837,14,22917.0,1,6,6.0
1688,419,0.7997875,4.8711952971913774,0.064572714,1.0766608,5.6743622e-05,0.04205731,22,13997.0,1,4,33.0
1689,361,0.79966875,5.249195930423368,0.05754948,0.19845605,0.00011086464,0.041438214,22,16299.0,2,1,48.0
1690,266,0.79955,5.362390670553936,0.05233394,0.22730088,0.00051760674,0.0427053,18,16245.0,3,4,20.0
1691,659,0.79943125,6.042920075519194,0.045130044,0.17669582,0.001701355,0.042946722,17,18251.0,2,5,37.0
1692,453,0.7993125,5.585699966588708,0.064001136,0.2379485,2.1457672e-05,0.04355453,19,16718.0,3,3,40.0
1693,729,0.79919375,7.180757097791798,0.05314371,0.16748452,9.8228455e-05,0.042913597,18,21812.0,0,3,8.0
1694,911,0.799075,6.589698575687312,0.05365326,0.3845042,0.0014728308,0.041950103,9,17781.0,4,11,9.0
1695,53,0.79895625,6.07762619372442,0.065401964,0.26309872,0.0014083385,0.043356434,14,16940.0,4,7,20.0
1696,477,0.7988375,5.956943056943057,0.055469472,0.24055576,0.00071692467,0.045721266,13,18189.0,6,5,13.0
1697,502,0.79871875,4.809381237524949,0.067385845,0.2292999,9.059906e-06,0.04208696,23,14457.0,2,2,24.0
1698,482,0.7986,5.262577833125779,0.06028518,0.18157387,0.00047445297,0.040129337,19,17867.0,4,1,45.0
1699,458,0.79848125,5.195690532745165,0.05871148,0.20845562,0.00024008751,0.042433392,19,15017.0,3,4,8.0
1700,596,0.7983625,4.32943143812709,0.05556868,0.2220149,5.00679e-06,0.04158367,20,12347.0,3,5,1.0
1701,770,0.79824375,3.599736495388669,0.06274939,0.31032795,0.0013656616,0.042315017,15,11536.0,8,6,9.0
1702,855,0.798125,5.1845953002610985,0.050942615,0.20514351,0.0014784336,0.04320587,21,16192.0,3,2,68.0
1703,188,0.79800625,6.714672686230247,0.054118156,0.21483243,1.9073486e-06,0.043473795,17,20202.0,1,3,18.0
1704,978,0.7978875000000001,7.211442786069653,0.0551182,0.18975568,0.0030777454,0.042070985,19,20838.0,0,3,53.0
1705,301,0.79776875,4.7291325695581,0.056426544,0.2772199,0.00017809868,0.040449556,19,13531.0,3,6,45.0
1706,854,0.79765,6.0410052910052885,0.06478533,0.93794227,0.00034546852,0.04398207,15,16756.0,2,7,5.0
1707,529,0.79753125,5.55142761168962,0.05142263,0.24212784,0.00035458803,0.042261634,14,17122.0,6,4,8.0
1708,738,0.7974125000000001,6.884160435078177,0.06518107,0.3201208,0.002259016,0.044043023,18,19959.0,2,3,14.0
1709,255,0.79729375,5.5549222797927476,0.05144666,0.22541213,0.0014119148,0.044090834,11,18080.0,8,5,8.0
1710,399,0.797175,6.962804284323272,0.054208625,0.27587855,0.00187397,0.043375168,15,20220.0,2,6,3.0
1711,985,0.79705625,9.685542168674699,0.046919763,0.19753838,0.0003042221,0.041651808,15,28044.0,0,3,2.0
1712,118,0.7969375,5.8074450084602365,0.0579602,0.27771974,7.1525574e-05,0.04333074,15,16570.0,4,6,8.0
1713,333,0.79681875,6.110297766749378,0.06272016,0.29883313,2.0503998e-05,0.04186484,11,18410.0,4,8,16.0
1714,165,0.7967,5.979743416610398,0.063177235,0.25580937,0.0042259693,0.041400746,23,17712.0,0,0,164.0
1715,29,0.79658125,5.515175229669955,0.05236352,0.24492592,0.0007815361,0.042178273,18,16503.0,4,3,49.0
1716,660,0.7964625000000001,5.370891738741426,0.047670603,0.27276897,0.000103235245,0.042409346,21,17338.0,1,3,27.0
1717,559,0.79634375,5.664510887227817,0.056513984,0.3297087,0.0003156662,0.040868025,20,17122.0,2,3,26.0
1718,122,0.796225,5.915573770491803,0.062215704,0.42518997,0.0003247261,0.044060845,21,17028.0,1,2,59.0
1719,371,0.79610625,6.166481137909709,0.049840596,0.1905644,0.0011334419,0.044921726,15,18002.0,2,8,11.0
1720,177,0.7959875000000001,5.2043191361727645,0.051080387,0.2325685,0.0010883808,0.04360949,18,16351.0,2,5,16.0
1721,658,0.79586875,5.639430086149768,0.054357637,0.19231862,0.0002541542,0.043216586,12,16718.0,6,7,18.0
1722,908,0.79575,7.595225551531114,0.05270577,0.25804892,0.00036644936,0.045750592,14,22763.0,3,4,28.0
1723,728,0.79563125,5.305476416587528,0.0582802,0.3955722,0.0009989738,0.043360736,25,16760.0,0,0,224.0
1724,67,0.7955125000000001,4.436862617733031,0.046927094,0.22095919,0.00090146065,0.043366626,20,13969.0,4,3,17.0
1725,138,0.79539375,6.0248353096179175,0.055625886,0.17331588,0.0018978119,0.04387554,12,17077.0,4,8,1.0
1726,626,0.795275,6.856239600665559,0.052711606,0.19687915,0.0010020733,0.04225755,19,21204.0,2,0,9.0
1727,414,0.79515625,4.760256410256411,0.053470135,0.18881512,9.441376e-05,0.043474674,23,15476.0,2,0,52.0
1728,356,0.7950375000000001,6.372336328626444,0.052937727,0.3535586,0.00026774406,0.040898494,15,19233.0,3,5,3.0
1729,312,0.79491875,5.365076209410205,0.06176431,0.228805,0.0015850067,0.04305929,19,15890.0,3,4,43.0
1730,132,0.7948,5.792099016615801,0.048764843,0.1815629,0.0003979206,0.045940116,16,16786.0,4,5,10.0
1731,101,0.79468125,6.837381651975187,0.054819975,0.22583234,0.0005528927,0.04421113,20,20024.0,0,3,21.0
1732,239,0.7945625000000001,5.927517218760251,0.05683146,0.22629404,0.0004210472,0.043141823,8,18073.0,0,0,0.0
1733,845,0.79444375,6.453029271613344,0.066287585,0.7106446,0.00026988983,0.043885995,17,18959.0,3,3,2.0
1734,164,0.794325,7.131859911594697,0.064416915,0.32866478,0.0005366802,0.041712105,17,21563.0,3,1,34.0
1735,457,0.79420625,5.655648926237161,0.056012843,0.21629834,0.0003746748,0.04288311,22,17529.0,0,2,32.0
1736,866,0.7940875000000001,4.7657354426119145,0.057546224,0.21151638,0.0008904934,0.042252883,23,14159.0,2,2,42.0
1737,666,0.79396875,5.500514579759863,0.057893883,1.1459235,0.00015330315,0.043801393,25,16034.0,0,0,238.0
1738,968,0.7938500000000001,7.574286673380328,0.061885428,0.32287043,0.0003926754,0.041549753,13,21968.0,3,5,22.0
1739,507,0.79373125,5.083578191315704,0.05717214,0.32965606,0.0015815496,0.04129846,25,15571.0,0,0,256.0
1740,420,0.7936125,5.356038647342995,0.050461307,0.22261405,0.000726223,0.043932367,21,16320.0,2,3,39.0
1741,328,0.79349375,5.075085324232081,0.054189652,0.27071494,0.0001335144,0.043634553,13,14284.0,6,8,7.0
1742,310,0.7933749999999999,6.428453214513049,0.06085472,0.23739624,0.0020780563,0.042905662,21,19884.0,0,1,41.0
1743,791,0.79325625,5.244223885453952,0.06847169,0.31731522,5.2452087e-05,0.043991085,10,14579.0,6,11,7.0
1744,387,0.7931375,6.257640039774611,0.04719296,0.16522664,0.0016663074,0.044395138,20,19181.0,2,1,33.0
1745,851,0.79301875,10.10456458400777,0.059293818,0.26667786,0.00053429604,0.043332458,16,31213.0,0,0,101.0
1746,5,0.7928999999999999,5.239452495974235,0.060752347,0.23487484,0.0003540516,0.045413777,24,15958.0,0,1,85.0
1747,582,0.79278125,4.891766268260293,0.05676347,0.20747375,5.4597855e-05,0.0425421,27,14734.0,0,0,299.0
1748,80,0.7926625,5.451309247596951,0.056111682,0.22897363,0.001982212,0.046867136,18,17050.0,4,2,26.0
1749,591,0.79254375,8.189438277833835,0.054285455,0.18888569,0.0012168884,0.04823835,12,23158.0,2,6,45.0
1750,748,0.792425,6.115428937259922,0.054127093,0.25142074,0.004869461,0.04574932,20,17855.0,0,4,16.0
1751,943,0.79230625,7.508019191226867,0.04961368,0.19928908,0.0005195141,0.043378223,19,21033.0,0,3,46.0
1752,359,0.7921875,6.7717532467532475,0.055008624,0.25356507,0.00015807152,0.04358768,20,20549.0,0,1,22.0
1753,586,0.79206875,7.51871095034528,0.057376873,0.19587898,0.0005891323,0.043621868,12,21648.0,3,7,14.0
1754,166,0.79195,5.677727711618925,0.05342694,0.29527235,0.0013828278,0.044095587,16,17330.0,4,5,23.0
1755,619,0.79183125,5.756579826319304,0.04716307,0.18180609,0.00021386147,0.043453395,11,16337.0,6,9,16.0
1756,735,0.7917125,4.076706324358172,0.05384634,0.19456363,0.0013437271,0.04345655,15,13021.0,0,0,0.0
1757,604,0.79159375,5.328814713896457,0.05418774,0.24418509,0.0006904602,0.044479683,17,14471.0,3,7,16.0
1758,30,0.791475,7.042322834645668,0.055384804,0.23685408,0.00011539459,0.042798653,14,19941.0,2,7,22.0
1759,734,0.79135625,5.207509881422926,0.05730511,0.42165238,0.00026464462,0.043517545,26,15810.0,0,0,112.0
1760,921,0.7912375,6.799475753604193,0.057261694,0.23307109,9.393692e-05,0.044014513,22,20752.0,0,0,65.0
1761,946,0.79111875,4.403223640026863,0.054537147,0.27885354,0.0009860992,0.04391262,16,12815.0,6,7,41.0
1762,987,0.791,6.746367592902578,0.046743527,0.20834428,0.0002014637,0.0460214,18,19554.0,1,3,10.0
1763,772,0.79088125,5.445087064676616,0.047085494,0.16435766,0.00026583672,0.043738637,15,16225.0,3,7,19.0
1764,126,0.7907625,5.059986728599866,0.059685588,0.28679633,0.0014951229,0.043556135,19,14648.0,0,2,0.0
1765,901,0.79064375,6.0597269624573356,0.053044066,0.21192408,0.0005671978,0.044182237,20,16290.0,0,5,54.0
1766,259,0.790525,5.751557093425603,0.06193753,0.26271152,0.00012493134,0.043336857,11,15177.0,5,10,19.0
1767,87,0.79040625,5.978730366492146,0.056155596,0.17427588,0.0005400181,0.04499009,22,18271.0,1,1,51.0
1768,931,0.7902875,5.664047768698931,0.054295313,0.25880194,0.00065660477,0.043333292,19,18023.0,3,3,13.0
1769,91,0.7901687500000001,5.593670886075951,0.063025855,0.27643275,0.00015974045,0.042322263,16,18308.0,5,3,13.0
1770,693,0.79005,6.507314595326788,0.051204532,0.26448643,0.0006375313,0.04125533,19,20102.0,3,0,62.0
1771,462,0.78993125,4.239443535188215,0.065126024,0.26420653,0.00026845932,0.044368844,18,12035.0,4,7,8.0
1772,287,0.7898125,6.051629557921909,0.05186585,0.17681676,0.0009200573,0.04410566,23,18754.0,0,0,179.0
1773,862,0.7896937500000001,6.1729348556077905,0.059944045,0.20091736,0.00015068054,0.042747166,23,18383.0,0,0,362.0
1774,100,0.789575,8.89906204906205,0.07952998,0.81184584,0.0007944107,0.045125935,6,24391.0,6,7,11.0
1775,638,0.78945625,5.982259663032704,0.049016062,0.19002008,0.0006349087,0.043490548,11,18411.0,7,6,10.0
1776,328,0.7893375,6.047098976109214,0.056167323,0.22313374,0.00034856796,0.04406264,11,17132.0,6,8,14.0
1777,971,0.78921875,6.562167620329854,0.061838258,0.27614522,0.0002616644,0.044656232,15,18902.0,3,5,18.0
1778,538,0.7891,7.4243472790185585,0.06446278,0.7960827,0.00013685226,0.044649225,20,23602.0,0,0,77.0
1779,295,0.78898125,4.7450992953235085,0.06297174,0.28660706,0.00019669533,0.05001326,22,12941.0,0,6,38.0
1780,415,0.7888625,6.39472010178117,0.06145051,0.2541573,0.0006144047,0.04545061,16,18533.0,1,6,22.0
1781,906,0.78874375,6.544189852700488,0.055243384,0.18347192,3.7908554e-05,0.044114947,15,18465.0,2,7,11.0
1782,530,0.788625,7.590547610742935,0.056876082,0.223907,0.0017659664,0.045305293,13,20902.0,3,6,9.0
1783,160,0.78850625,4.75153029356652,0.051371884,0.2092799,0.0017607212,0.04269539,19,14574.0,3,5,29.0
1784,693,0.7883875,7.341110734845918,0.06489588,0.43499756,0.0019283295,0.042553674,20,21383.0,0,1,37.0
1785,278,0.7882687500000001,4.603619171829149,0.061094563,0.28896117,0.00033903122,0.04548642,14,14426.0,7,6,11.0
1786,680,0.78815,6.568110629790071,0.06586515,0.23228264,0.00019788742,0.042269617,19,20011.0,2,1,60.0
1787,39,0.78803125,5.969661458333332,0.051155213,0.23339081,0.0009880066,0.043927893,11,17110.0,5,9,10.0
1788,895,0.7879125,6.189593823430681,0.05769856,0.24908137,0.0007150173,0.043874506,14,17843.0,4,6,33.0
1789,933,0.7877937500000001,9.632271468144044,0.059478957,0.2606042,0.0037856102,0.043962505,15,27818.0,1,1,36.0
1790,590,0.787675,6.423541594753193,0.055588383,0.26545024,0.0007851124,0.045903917,19,18609.0,2,2,60.0
1791,849,0.78755625,4.8674582798459545,0.05768587,0.17795086,0.00096178055,0.041780427,13,13609.0,5,10,28.0
1792,469,0.7874375,7.590491384811743,0.063064136,0.35288274,0.0037322044,0.041327458,18,24102.0,1,0,44.0
1793,413,0.7873187500000001,6.421180030257185,0.053765684,0.28087044,0.00041472912,0.04273266,17,20561.0,2,4,12.0
1794,885,0.7872,9.180019913707266,0.053679716,0.21031404,5.7935715e-05,0.043067336,11,25249.0,0,8,5.0
1795,722,0.78708125,6.708577194752776,0.061098088,0.29810178,0.00039339066,0.041715074,11,19350.0,5,7,11.0
1796,610,0.7869625,7.795483870967743,0.05988388,0.19689417,0.0013780594,0.04322737,12,24476.0,4,3,7.0
1797,109,0.7868437500000001,5.5388318356867785,0.05794099,0.29847288,0.0009317398,0.042595122,24,17259.0,0,0,41.0
1798,874,0.786725,7.32211188348229,0.060974423,1.3522248,0.00027531385,0.040978845,16,21818.0,2,3,10.0
1799,489,0.78660625,5.667159277504103,0.057522085,0.24873424,0.00033831596,0.042199373,11,15125.0,4,11,11.0
1800,38,0.7864875,5.572696704774711,0.063280724,0.17130709,0.0009355545,0.044642273,11,14194.0,4,12,11.0
1801,551,0.7863687500000001,8.89806451612903,0.060117166,0.2087537,0.0011000633,0.04390031,10,26964.0,3,5,8.0
1802,342,0.78625,6.482054659203162,0.06174771,0.27726912,0.0002696514,0.044989493,23,19686.0,0,0,101.0
1803,628,0.7861312500000001,6.766282616062351,0.06730018,0.35081106,8.535385e-05,0.042312115,10,19082.0,5,8,2.0
1804,105,0.7860125,6.341519318926,0.05469389,0.18299985,0.0001847744,0.042169064,22,19367.0,0,0,39.0
1805,989,0.7858937500000001,7.262222222222222,0.044381846,0.17537618,0.00015258789,0.041889187,20,22876.0,0,0,137.0
1806,34,0.785775,5.861751152073732,0.049590364,0.20675278,0.0011105537,0.042347874,23,19080.0,0,0,34.0
1807,755,0.78565625,7.136457294782318,0.048003405,0.20670652,0.0024433136,0.043749977,11,20270.0,4,8,25.0
1808,280,0.7855375,4.411449614998326,0.06280149,0.25177318,0.00025248528,0.04360112,14,13177.0,0,0,0.0
1809,534,0.78541875,5.837936772046587,0.055360094,0.299657,0.00091028214,0.044877853,8,15740.0,6,12,41.0
1810,745,0.7853,5.641666666666667,0.052957047,0.23166466,0.002670765,0.04209986,18,17024.0,3,4,32.0
1811,108,0.7851812499999999,4.372846380609237,0.055663515,0.2434361,0.0003285408,0.040370036,14,13045.0,1,2,0.0
1812,72,0.7850625,8.161161769672407,0.04560249,0.29154545,4.4345856e-05,0.042223647,18,23573.0,0,2,27.0
1813,501,0.78494375,4.481618887015175,0.064750336,0.21795535,0.00033307076,0.04100808,23,11509.0,0,6,49.0
1814,981,0.784825,7.120796314577165,0.04746892,0.17409396,0.0018785,0.043585286,16,21944.0,3,2,51.0
1815,673,0.78470625,6.489156626506024,0.05354617,0.26792467,0.0020840168,0.043608185,19,18792.0,1,3,12.0
1816,206,0.7845875,7.134379263301499,0.052116085,0.19717881,0.0001616478,0.04367638,13,19452.0,2,7,19.0
1817,197,0.78446875,6.162121212121212,0.059049744,0.18529606,0.0016510487,0.043786064,21,18101.0,0,2,6.0
1818,200,0.78435,6.206718597857839,0.05484487,0.2068665,0.00027561188,0.042711616,16,19431.0,4,3,18.0
1819,816,0.78423125,5.580739599383667,0.059980225,0.17758465,0.00061297417,0.042617302,23,17785.0,0,1,22.0
1820,295,0.7841125,5.607559256886612,0.06361488,0.38227898,0.0004043579,0.042650104,23,17819.0,1,0,20.0
1821,311,0.78399375,8.893719806763286,0.05155979,0.16046166,0.00045251846,0.042393014,17,25774.0,1,1,27.0
1822,166,0.783875,8.620244608947537,0.054965,0.21020985,0.0004975796,0.04369792,12,25851.0,2,5,12.0
1823,860,0.78375625,4.963527851458884,0.053937543,0.22497869,0.00048828125,0.04539566,18,13462.0,2,7,18.0
1824,495,0.7836375,7.670049200492005,0.056387052,0.21623087,0.0025298595,0.043243464,19,24943.0,0,0,60.0
1825,416,0.78351875,3.9433577572475307,0.056836177,0.24337399,0.0007773638,0.045005422,14,13006.0,8,6,22.0
1826,0,0.7834,7.499999999999998,0.04800209,0.23113984,4.4822693e-05,0.04415329,12,21312.0,3,6,5.0
1827,459,0.78328125,6.271334648257722,0.050206125,0.194422,0.00068473816,0.0424884,12,15427.0,1,13,3.0
1828,617,0.7831625,6.36620879120879,0.06197844,0.31708872,0.00041556358,0.04182103,14,17956.0,4,6,53.0
1829,51,0.78304375,7.058054711246202,0.057741504,0.24455178,0.0008416176,0.043012727,16,21195.0,3,2,39.0
1830,504,0.782925,4.970219435736676,0.054593656,0.2022593,0.00010728836,0.04518446,18,15217.0,3,5,18.0
1831,651,0.78280625,6.2557365919891375,0.056176867,0.21458131,2.026558e-05,0.0426728,22,18724.0,1,0,9.0
1832,4,0.7826875,6.4146422628951765,0.06263239,0.22566056,0.0012614727,0.04400195,14,19877.0,5,3,47.0
1833,585,0.78256875,3.99102367045804,0.059486683,0.37252212,4.386902e-05,0.04240689,17,14284.0,7,3,34.0
1834,83,0.78245,5.405504587155964,0.06431335,0.2727849,0.00044560432,0.04415357,9,18003.0,8,7,18.0
1835,995,0.78233125,5.810774410774411,0.056562897,0.2561922,8.106232e-05,0.043844912,25,17258.0,0,0,90.0
1836,465,0.7822125,6.119309908198797,0.057839405,0.22602266,0.0017179251,0.044241443,22,19015.0,0,1,9.0
1837,284,0.78209375,3.368478260869565,0.051624794,0.276963,6.175041e-05,0.042956587,15,10800.0,9,6,46.0
1838,842,0.7819750000000001,6.146526249607039,0.056055397,0.34375942,0.00034856796,0.041927367,9,16053.0,3,14,22.0
1839,522,0.78185625,5.246869768998995,0.063207716,0.33563375,0.00062155724,0.042791124,18,15075.0,3,5,32.0
1840,255,0.7817375,4.862823834196893,0.05448109,0.2007525,0.0012598038,0.040583745,18,15634.0,5,3,1.0
1841,908,0.78161875,6.771583799802437,0.051331144,0.19892883,4.529953e-06,0.043261822,21,20869.0,1,0,4.0
1842,766,0.7815,9.50990615224192,0.052505475,0.23091322,0.0010840893,0.042158186,17,27360.0,0,0,97.0
1843,198,0.78138125,5.781139362729321,0.050261665,0.21645212,0.00038719177,0.043395538,15,17962.0,5,5,9.0
1844,701,0.7812625,5.863408101774357,0.06178476,0.24904871,0.00038552284,0.041952644,12,17514.0,1,1,0.0
1845,834,0.78114375,5.810923276983095,0.05964772,0.2386775,5.1259995e-05,0.04166184,23,18182.0,1,0,2.0
1846,96,0.781025,5.524727738629084,0.06607017,0.24051863,0.00048851967,0.042540923,20,16936.0,2,3,50.0
1847,807,0.78090625,6.9594744121715095,0.05705904,0.18786159,8.010864e-05,0.044235557,21,20416.0,1,0,16.0
1848,396,0.7807875,7.194421199442118,0.051338125,0.23417687,0.00035345554,0.04407495,16,20060.0,2,4,3.0
1849,305,0.78066875,3.9496050552922592,0.058419544,0.2660445,0.0009293556,0.043662924,19,11551.0,4,7,13.0
1850,935,0.7805500000000001,5.302124015073654,0.05695721,0.31365,0.00033855438,0.042629853,23,15185.0,1,2,50.0
1851,829,0.78043125,6.674338624338622,0.05966199,0.25027043,0.0015916824,0.04242657,8,17764.0,4,12,21.0
1852,138,0.7803125,4.921080368906456,0.061006993,0.34407252,0.001199007,0.042935107,25,15244.0,1,0,80.0
1853,760,0.78019375,6.474926446551161,0.053471133,0.20609474,0.00010514259,0.042517696,19,19195.0,1,3,55.0
1854,157,0.7800750000000001,5.800892244337679,0.05164955,0.28037167,0.0004210472,0.040625717,13,17778.0,7,4,1.0
1855,199,0.77995625,4.4170616113744074,0.061153073,0.4108984,0.00082707405,0.043848347,22,13048.0,3,3,56.0
1856,197,0.7798375,6.735770750988142,0.05171966,0.27955538,0.00096845627,0.044611886,14,19539.0,3,6,2.0
1857,592,0.77971875,6.59973796265968,0.05888587,0.27459857,0.00031161308,0.044442605,18,20149.0,2,2,1.0
1858,350,0.7796000000000001,5.4396581196581195,0.049094617,0.2497623,0.00018596649,0.043663472,25,15911.0,0,0,250.0
1859,669,0.77948125,5.844986807387862,0.054337103,0.24787784,0.00089895725,0.042766586,21,16206.0,0,5,39.0
1860,339,0.7793625,6.368113265620189,0.059585918,0.2487433,0.0007760525,0.042859003,18,20690.0,2,2,27.0
1861,612,0.77924375,6.424612579762988,0.050931185,0.19935161,0.000111579895,0.04492581,15,19827.0,2,6,29.0
1862,741,0.7791250000000001,5.390137165251469,0.06923174,0.22675896,0.0024795532,0.04142699,15,15586.0,4,7,30.0
1863,744,0.77900625,6.296836668818592,0.060148146,0.25483066,0.0004348755,0.042301606,19,18888.0,1,3,52.0
1864,389,0.7788875,6.160154738878143,0.055908624,0.17224586,0.001483202,0.041045632,14,19419.0,5,4,42.0
1865,966,0.77876875,6.532989690721644,0.047921944,0.17159998,1.3828278e-05,0.042582806,9,15228.0,2,15,21.0
1866,476,0.7786500000000001,5.414601916088537,0.048211392,0.20528734,0.00031876564,0.043098304,25,16390.0,0,0,48.0
1867,572,0.77853125,5.887152777777779,0.05489203,0.22197509,0.0012142658,0.043765347,21,17243.0,2,1,80.0
1868,65,0.7784125000000001,6.045720945720946,0.0566176,0.18440568,0.00244236,0.04159071,17,17855.0,3,4,37.0
1869,481,0.77829375,4.922855181880575,0.045062628,0.1393168,0.00020647049,0.042791795,24,13471.0,0,3,51.0
1870,86,0.7781750000000001,5.560530679933664,0.052100684,0.24209067,3.4093857e-05,0.04245697,23,16162.0,0,2,51.0
1871,965,0.77805625,6.13485342019544,0.055374548,0.18255043,0.0005161762,0.04278551,18,19141.0,3,2,10.0
1872,696,0.7779375,4.896459585838344,0.054425854,0.19067645,0.0002605915,0.043780033,14,14660.0,6,6,10.0
1873,535,0.77781875,6.702262142381899,0.06337584,0.22759676,0.00051283836,0.04294124,9,17141.0,3,13,3.0
1874,740,0.7777000000000001,6.6084175084175065,0.047057226,0.22557783,0.0015482903,0.04339927,9,18142.0,5,10,6.0
1875,11,0.77758125,5.79029615626969,0.05785558,0.29480708,0.00023770332,0.04247796,15,18061.0,4,5,9.0
1876,177,0.7774625,4.705518896220756,0.05228108,0.23132777,0.00018048286,0.041514676,8,14688.0,8,11,37.0
1877,804,0.77734375,6.207469562356036,0.04942948,0.28016376,0.0014933348,0.042859614,16,17345.0,2,7,27.0
1878,345,0.777225,8.009432146294515,0.055090055,0.15880346,0.00084781647,0.043218788,14,24342.0,2,4,33.0
1879,159,0.77710625,5.852780425802352,0.05830286,0.19577003,0.001581192,0.044010118,19,18104.0,2,3,52.0
1880,830,0.7769874999999999,5.189101574560047,0.053644624,0.24031353,0.0005104542,0.045002967,17,15188.0,2,7,16.0
1881,743,0.77686875,8.469099128188569,0.057546288,0.17966461,0.0026922226,0.045163617,11,24990.0,2,6,30.0
1882,281,0.77675,5.786811023622046,0.06559218,0.28908634,0.0011436939,0.04469074,13,16419.0,4,8,12.0
1883,882,0.77663125,6.709460800529276,0.054770827,0.19646838,0.0010793209,0.04499163,13,20585.0,5,4,35.0
1884,722,0.7765125,7.031550622267067,0.059633847,0.2802196,0.00054335594,0.042529013,11,19121.0,3,9,16.0
1885,203,0.77639375,5.254427083333332,0.057923455,0.30446923,0.00014388561,0.04451816,19,15220.0,2,5,9.0
1886,941,0.776275,7.610193321616872,0.054604422,0.1787926,0.000497818,0.04587839,17,21651.0,0,0,0.0
1887,220,0.77615625,6.426981450252948,0.07351607,0.9491076,0.00073957443,0.04502025,13,17277.0,3,9,12.0
1888,577,0.7760375,4.236349646044936,0.0518862,0.32738352,3.2663345e-05,0.042133644,15,13439.0,6,7,5.0
1889,520,0.77591875,7.913095613758282,0.05396959,0.29703367,0.0014884472,0.04360522,14,23809.0,1,5,3.0
1890,296,0.7758,4.455532926001358,0.062414993,0.24917936,0.00078988075,0.042972054,16,13126.0,6,6,3.0
1891,980,0.77568125,5.298254856766545,0.055322424,0.23343372,0.001760006,0.04294118,22,14876.0,0,4,54.0
1892,162,0.7755624999999999,5.109942895532416,0.050738018,0.25482917,0.0012586117,0.042289194,17,15510.0,5,4,29.0
1893,724,0.77544375,4.987300553565614,0.052155364,0.21052909,0.0005233288,0.041367076,12,15316.0,1,1,0.0
1894,458,0.775325,7.6417712928401755,0.061134934,0.24540877,0.00029158592,0.04353693,10,22815.0,6,5,24.0
1895,928,0.77520625,6.300661157024794,0.04799373,0.2861483,0.001042366,0.044731315,12,19362.0,6,5,17.0
1896,297,0.7750875,7.826736324523661,0.052102152,0.42710036,1.4305115e-05,0.044659942,7,22865.0,3,11,23.0
1897,312,0.77496875,6.875745526838963,0.05407062,0.1898942,0.0004093647,0.04416794,16,19242.0,1,6,25.0
1898,131,0.77485,7.828076542395252,0.061524708,0.27869433,0.002047062,0.043088865,17,24030.0,2,1,37.0
1899,428,0.77473125,5.4704907584448685,0.057655364,0.21275425,0.0010914803,0.042627085,16,16225.0,3,6,31.0
1900,928,0.7746125,4.7748760330578515,0.05422156,0.24488759,0.0005481243,0.044156477,17,14444.0,5,5,13.0
1901,698,0.77449375,5.77560394692072,0.061293956,1.2093945,0.0010690689,0.044787537,19,15505.0,1,6,15.0
1902,576,0.774375,7.374449339207049,0.055494234,0.1670978,0.0001540184,0.046690967,16,23436.0,2,2,66.0
1903,795,0.7742562500000001,5.511806194418892,0.04783104,0.18251395,0.00039815903,0.042126294,24,17974.0,0,0,209.0
1904,670,0.7741375,6.198636673483297,0.055490177,0.22281027,0.0001373291,0.044970185,19,16133.0,0,7,22.0
1905,208,0.77401875,7.460233918128655,0.060451582,0.43701792,1.4781952e-05,0.043298256,15,22347.0,2,4,8.0
1906,813,0.7739,3.9867666232073016,0.048137706,0.19737625,0.0010375977,0.044534713,18,12845.0,6,4,42.0
1907,870,0.77378125,4.50055755985569,0.06276405,0.19739735,0.0001282692,0.04322675,21,14332.0,4,2,19.0
1908,482,0.7736625,5.895143212951429,0.056964636,0.29733086,0.0007071495,0.042781223,13,17008.0,3,9,2.0
1909,490,0.77354375,4.2517482517482525,0.054376945,0.21827209,2.002716e-05,0.042339478,26,12768.0,1,1,42.0
1910,374,0.773425,5.877425614489003,0.049948614,0.21759868,0.0014476776,0.041882902,16,18173.0,4,4,29.0
1911,557,0.77330625,5.976932629618129,0.053929076,0.16178727,0.0024914742,0.041608207,15,16997.0,1,8,24.0
1912,459,0.7731875,4.3387902695595,0.051046744,0.21134979,0.0010466576,0.040437806,18,12286.0,4,7,11.0
1913,92,0.77306875,6.327169094363522,0.05207848,0.20166683,0.00077700615,0.040541176,19,20297.0,2,1,14.0
1914,190,0.77295,2.50259571706684,0.059189916,0.2468493,3.2186508e-05,0.041695345,33,7713.0,0,0,653.0
1915,546,0.7728312500000001,5.084628551865798,0.05931774,0.18360019,0.0004580021,0.04007347,25,14268.0,0,2,85.0
1916,470,0.7727125,6.864747714188961,0.045211446,0.19641376,0.0015740395,0.040191658,7,19681.0,7,9,4.0
1917,917,0.77259375,6.979949077021005,0.063673235,0.3109151,0.002022028,0.041033983,21,21931.0,0,0,19.0
1918,426,0.772475,5.24828226555246,0.05156867,0.23527652,0.00021958351,0.04072969,11,16311.0,6,8,6.0
1919,399,0.7723562500000001,6.449464459591042,0.05092105,0.247284,0.00021672249,0.041047696,12,20487.0,6,4,19.0
1920,582,0.7722375,4.666334661354581,0.05891837,0.24782681,0.00056505203,0.04188179,27,14055.0,0,0,90.0
1921,563,0.77211875,7.530545689376815,0.060061634,0.24991608,0.00013613701,0.04179732,17,22393.0,0,3,47.0
1922,330,0.772,6.769304955104757,0.051230907,0.19617319,0.00037288666,0.03923497,22,20656.0,1,0,88.0
1923,101,0.7718812500000001,7.993666340189357,0.053474795,0.21967536,3.9815903e-05,0.04191796,16,23872.0,1,3,21.0
1924,479,0.7717625,9.257365684575387,0.06089745,0.23644114,0.00025177002,0.0430766,13,26419.0,2,3,1.0
1925,693,0.77164375,8.437419573315273,0.052459236,0.19404787,7.1525574e-05,0.042976156,18,25211.0,1,0,2.0
1926,921,0.771525,6.714154652686761,0.04512766,0.18361998,0.00046515465,0.040985104,20,19576.0,0,3,81.0
1927,166,0.77140625,4.963147730930159,0.055411723,0.28330648,0.00078201294,0.04281226,14,16974.0,8,3,53.0
1928,603,0.7712875,6.584789644012945,0.05319931,0.18804562,0.0013349056,0.044748608,10,20347.0,0,0,0.0
1929,34,0.77116875,6.596006144393239,0.05920002,0.26854968,0.00093340874,0.04517068,11,18866.0,2,10,2.0
1930,304,0.77105,5.3464815399179555,0.05554862,0.2680223,0.00059485435,0.04552373,25,16943.0,0,0,84.0
1931,256,0.7709312500000001,6.717677856482907,0.05277385,0.1976561,1.6450882e-05,0.04390314,20,22137.0,1,0,67.0
1932,485,0.7708125,5.180851063829786,0.04850101,0.13982606,7.9870224e-05,0.043327373,19,15522.0,3,4,14.0
1933,326,0.77069375,5.8043998705920385,0.050339166,0.23404598,0.00043153763,0.041679934,13,16705.0,4,8,2.0
1934,84,0.770575,8.550236966824645,0.05199796,0.1950444,0.00020051003,0.041377574,14,26439.0,4,0,40.0
1935,648,0.7704562500000001,6.79313725490196,0.050285578,0.19804382,7.1525574e-05,0.044374753,20,20787.0,1,1,45.0
1936,679,0.7703375,7.1433210579176425,0.06277057,0.33658922,0.00044250488,0.044436153,19,20441.0,0,3,51.0
1937,897,0.77021875,5.643222258168876,0.06760865,0.9545611,0.00034189224,0.04354563,17,16825.0,3,5,21.0
1938,775,0.7701,4.695131984916009,0.046743527,0.23161554,0.00043177605,0.043398693,15,13404.0,6,7,45.0
1939,804,0.7699812500000001,6.752056597564988,0.061316807,0.21444231,0.00018429756,0.040525865,14,19000.0,2,7,1.0
1940,875,0.7698625,6.874490466798157,0.0604405,0.22099924,0.0008070469,0.042747393,21,20608.0,0,1,71.0
1941,318,0.76974375,5.001416430594902,0.05613479,0.28056955,0.0014402866,0.041619036,27,14124.0,0,0,192.0
1942,739,0.769625,5.587628865979383,0.062536046,0.2857629,0.0015718937,0.04269662,24,16551.0,1,0,29.0
1943,111,0.7695062500000001,6.427375201288244,0.057075914,0.23078036,0.0005283356,0.043903086,15,19336.0,3,5,16.0
1944,470,0.7693875,6.622925838130713,0.068979315,0.63615775,0.00011539459,0.04360575,13,18081.0,3,8,5.0
1945,692,0.76926875,5.822274881516585,0.06714907,0.74088126,0.0013513565,0.0456205,20,15722.0,0,5,29.0
1946,85,0.76915,6.564951668225755,0.06788396,0.37427723,0.0016773939,0.048397396,19,19771.0,0,4,2.0
1947,979,0.76903125,5.79208410636982,0.057522666,0.22424328,0.00015282631,0.047177628,22,19055.0,1,0,23.0
1948,800,0.7689125,5.353529044347283,0.05662645,0.27796894,0.00035715103,0.04531389,17,17142.0,4,4,14.0
1949,146,0.76879375,5.792795196797866,0.053240586,0.24936998,0.0001270771,0.042100456,14,17067.0,5,6,28.0
1950,856,0.768675,5.898078628436298,0.05887426,0.27667284,0.0011959076,0.043127265,10,18600.0,5,9,21.0
1951,651,0.76855625,6.604344874405974,0.059254218,0.23022908,8.010864e-05,0.046342667,18,18278.0,1,5,38.0
1952,572,0.7684375,8.047916666666666,0.052223224,0.19055033,0.0011966228,0.04757932,17,22890.0,1,2,36.0
1953,745,0.76831875,5.3416015624999975,0.055957895,0.21557403,0.00043463707,0.043633092,14,14259.0,3,10,1.0
1954,546,0.7682,6.3449845943170144,0.043983903,0.21278465,0.00040078163,0.041492473,12,19410.0,7,4,12.0
1955,193,0.76808125,7.254681139755766,0.055942867,0.25850856,0.0007572174,0.043491706,19,21092.0,1,2,34.0
1956,490,0.7679625,5.245854145854146,0.05883515,0.26632524,0.0003271103,0.04328912,13,15453.0,6,7,27.0
1957,812,0.7678437499999999,6.931329113924051,0.054358203,0.17875457,0.0044033527,0.04310049,19,21587.0,1,2,72.0
1958,12,0.767725,6.966055668703326,0.054867562,0.21115887,7.1525574e-07,0.04186101,18,20522.0,2,2,10.0
1959,928,0.76760625,4.655206611570248,0.056628406,0.3197451,0.00018000603,0.043725204,14,13477.0,6,8,28.0
1960,527,0.7674875,4.191408036589349,0.055989966,0.22843993,0.0015664101,0.043592717,17,13136.0,6,5,8.0
1961,593,0.76736875,5.407233895969686,0.053133477,0.1949017,0.0009188652,0.046418834,18,14536.0,2,6,26.0
1962,7,0.76725,6.660474032764029,0.06631956,0.3386532,0.00073862076,0.042151462,20,18822.0,1,2,22.0
1963,589,0.76713125,6.547182620502378,0.06074882,0.21765208,0.0025155544,0.042167783,21,19288.0,1,1,50.0
1964,64,0.7670125,4.369830508474575,0.062104274,0.22991195,0.0005657673,0.041979376,15,11711.0,5,9,17.0
1965,258,0.76689375,7.09783344617468,0.06535094,0.48248768,0.0007042885,0.041355837,22,20967.0,0,0,101.0
1966,622,0.766775,5.625181758096498,0.05514675,0.303311,0.00010070205,0.04346032,22,17627.0,2,0,48.0
1967,910,0.76665625,5.860646011865525,0.05445354,0.22349226,0.0005609989,0.04415947,12,18388.0,7,5,8.0
1968,219,0.7665375,7.526662362814716,0.054804992,0.27422994,0.0016858578,0.043438345,11,21149.0,2,9,48.0
1969,735,0.76641875,5.366562304320599,0.06561992,0.35549724,6.1035156e-05,0.041652765,13,14905.0,3,10,2.0
1970,858,0.7663,6.268336919766368,0.055360764,0.2585613,0.0011947155,0.039957363,18,19415.0,1,4,14.0
1971,399,0.76618125,7.107367737747485,0.047550112,0.21256769,0.00012683868,0.04149018,11,22514.0,6,4,4.0
1972,678,0.7660625,7.151161247511611,0.0508903,0.19586372,0.0001988411,0.040915303,18,21855.0,2,1,30.0
1973,399,0.76594375,6.942648490749755,0.066161394,0.29435182,0.0001885891,0.042136993,15,20466.0,2,5,1.0
1974,562,0.765825,7.611709373986375,0.057041693,0.33857244,0.00017523766,0.045187335,12,22542.0,3,6,16.0
1975,650,0.76570625,6.745324881141044,0.060954276,0.2419064,0.0007798672,0.04628284,16,19704.0,1,6,43.0
1976,631,0.7655875,5.996577686516085,0.048650626,0.20328403,0.0004968643,0.043464508,24,17522.0,0,0,209.0
1977,593,0.76546875,5.876989321391663,0.042580485,0.17300844,0.00019574165,0.041601293,16,16190.0,3,6,14.0
1978,807,0.76535,6.070124481327802,0.053109527,0.19623637,2.0503998e-05,0.042322163,7,17844.0,9,8,2.0
1979,24,0.76523125,5.388773910316714,0.051070232,0.18253386,0.00022029877,0.0437419,16,16547.0,3,5,28.0
1980,26,0.7651125,7.7301177968799735,0.055653304,0.20398712,0.00049066544,0.043792758,17,23338.0,0,3,2.0
1981,194,0.76499375,5.490743801652893,0.051471367,0.32206702,0.0008010864,0.045191377,14,16307.0,5,6,46.0
1982,477,0.764875,5.380019980019978,0.06491694,0.22466874,0.0005059242,0.04504895,14,14955.0,4,8,20.0
1983,578,0.76475625,5.714838709677419,0.050012197,0.21467257,0.0020048618,0.042357102,18,18336.0,4,2,30.0
1984,737,0.7646375000000001,6.7004584151931885,0.0501859,0.21145296,0.00012040138,0.041838784,16,19547.0,2,5,3.0
1985,71,0.76451875,7.353690398432398,0.05571271,0.26547134,0.0003194809,0.04337282,13,22517.0,4,4,2.0
1986,806,0.7644,6.013408723747978,0.065919176,0.24050355,0.0004131794,0.04375198,17,17683.0,0,3,0.0
1987,643,0.76428125,3.5204500330906687,0.070607744,1.2732136,0.00016498566,0.044552695,29,10941.0,1,0,54.0
1988,97,0.7641625000000001,5.294389663379803,0.04649833,0.16340709,0.00040006638,0.04371509,21,16159.0,3,1,14.0
1989,348,0.76404375,4.792243767313018,0.05320752,0.18976235,0.00041294098,0.042036936,17,12396.0,3,8,53.0
1990,335,0.763925,6.383364720652854,0.051722307,0.23040819,2.9802322e-05,0.043566886,21,20656.0,1,0,24.0
1991,113,0.76380625,4.199105914718019,0.07083031,0.23297751,0.0016112328,0.045003552,29,12211.0,0,0,252.0
1992,486,0.7636875,5.991818482941369,0.063789435,0.22008157,6.246567e-05,0.044577133,13,15976.0,3,10,3.0
1993,349,0.76356875,4.618987341772151,0.058565855,0.25195408,0.00058341026,0.04485421,16,13332.0,4,8,16.0
1994,14,0.76345,7.261744966442953,0.051222924,0.24984312,0.0011630058,0.04424539,19,20746.0,0,3,25.0
1995,331,0.76333125,5.585482267152798,0.060961973,0.2704537,7.3194504e-05,0.042974714,19,16248.0,2,4,37.0
1996,729,0.7632125000000001,5.998738170347004,0.05535845,0.19938374,0.0012991428,0.04096033,22,19333.0,1,0,14.0
1997,825,0.76309375,4.565470085470086,0.059861243,0.27749628,0.00023961067,0.043223903,21,13939.0,4,2,7.0
1998,718,0.762975,8.527457990704328,0.05974953,0.2336154,0.00023722649,0.043357138,16,24131.0,2,1,5.0
1999,965,0.76285625,6.379804560260586,0.054300923,0.3490197,0.00013637543,0.044281285,15,19893.0,4,3,21.0
2000,307,0.7627375000000001,6.238290932811481,0.060723364,0.8810245,0.0012776852,0.04216707,18,18820.0,2,3,16.0
2001,268,0.76261875,7.165965143045052,0.057571635,0.19726431,0.001070261,0.04117826,10,22704.0,7,4,30.0
2002,412,0.7625,6.1189456342668835,0.065884285,0.2465396,0.0007994175,0.042256057,9,16143.0,4,12,7.0
2003,37,0.76238125,7.8259896729776255,0.056305792,0.20161384,0.00043201447,0.041542225,20,23025.0,1,0,75.0
2004,486,0.7622625000000001,5.904637297118251,0.06466017,0.249735,0.00016140938,0.04287309,19,18128.0,3,2,17.0
2005,104,0.76214375,7.469086195722618,0.054446567,0.19911945,0.00046133995,0.042524386,16,22741.0,2,3,15.0
2006,392,0.762025,4.300164311534671,0.06429594,0.24178612,6.4373016e-06,0.039416317,21,13694.0,4,2,1.0
2007,394,0.76190625,7.375304465493909,0.056536037,0.20278835,0.0006902218,0.04061734,14,20619.0,2,6,8.0
2008,865,0.7617875000000001,7.625480931488355,0.0550217,0.23186934,0.0003736019,0.04267646,18,22298.0,1,2,31.0
2009,253,0.76166875,5.725335035098913,0.053438842,0.31641537,0.0012540817,0.040385593,14,17003.0,4,7,3.0
2010,639,0.76155,6.548630136986301,0.06375957,0.32670355,0.0008946657,0.040543508,6,18246.0,7,10,16.0
2011,63,0.76143125,5.634905042567126,0.059076022,0.48566872,4.1246414e-05,0.04074603,8,17209.0,1,1,0.0
2012,710,0.7613125000000001,7.435024322446143,0.053159583,0.17143726,0.0005145073,0.041004878,13,21398.0,4,4,24.0
2013,175,0.76119375,6.732040090526994,0.0584556,0.27429724,0.0001347065,0.045551274,16,19585.0,1,5,33.0
2014,656,0.7610750000000001,6.444316309719931,0.06117505,0.2660954,0.00024604797,0.04406866,10,16827.0,3,12,16.0
2015,189,0.76095625,7.3224438902743145,0.060403127,0.2623475,0.00062799454,0.042726133,14,22528.0,2,5,46.0
2016,239,0.7608375,5.1239750737946865,0.059206497,0.22072208,0.0009198189,0.042915266,14,15623.0,6,6,5.0
2017,209,0.76071875,7.378431372549021,0.061780047,0.26595724,0.002947092,0.042754497,6,22884.0,8,7,10.0
2018,763,0.7606,5.576035409421436,0.06654304,0.25373185,0.0024597645,0.04313251,21,17637.0,2,2,1.0
2019,640,0.76048125,6.560917988525145,0.060861263,0.23054981,0.00062417984,0.043689843,22,19440.0,0,0,21.0
2020,154,0.7603625,5.552666227781433,0.05406803,0.2451508,0.00042831898,0.043140784,17,15350.0,2,7,1.0
2021,895,0.76024375,5.86431688486069,0.055865962,0.28714895,0.00047397614,0.041952237,13,16874.0,5,7,3.0
2022,760,0.7601249999999999,5.624812030075189,0.060402546,0.26933706,7.224083e-05,0.042075034,13,18124.0,7,4,28.0
2023,421,0.76000625,5.860128617363343,0.06081007,0.258906,0.00028181076,0.043708827,14,17292.0,4,7,9.0
2024,794,0.7598875,6.390758216726324,0.05811086,0.24265575,0.00016069412,0.04226063,10,17795.0,4,10,34.0
2025,268,0.75976875,7.0694179546201905,0.051512793,0.2677474,0.00042796135,0.04461625,21,21194.0,0,1,60.0
2026,328,0.7596499999999999,5.320819112627988,0.052312564,0.25527275,0.00068998337,0.04454134,9,17055.0,5,0,0.0
2027,831,0.75953125,5.4164744645799,0.045449544,0.17041981,0.00081825256,0.043989465,17,15225.0,3,7,5.0
2028,418,0.7594125,4.821518987341772,0.057162065,0.18405795,0.0007092953,0.041051745,22,15236.0,2,2,9.0
2029,671,0.75929375,5.9446380697050945,0.059599932,0.2959386,0.0006864071,0.042180736,12,18634.0,7,4,7.0
2030,925,0.759175,3.67922568460812,0.052853733,0.19579196,0.0012526512,0.04360643,15,12642.0,8,5,36.0
2031,775,0.75905625,4.567020911895783,0.06249005,1.2702546,0.00032651424,0.042460233,13,13322.0,7,7,5.0
2032,379,0.7589375,5.418314908873617,0.07310074,0.23381245,0.0019030571,0.044207793,12,17131.0,5,8,22.0
2033,881,0.75881875,6.753583389149362,0.058461312,0.31908643,0.0029404163,0.046297457,21,19569.0,0,2,22.0
2034,183,0.7587,5.452129817444218,0.056589812,0.2461977,0.0014076233,0.0443929,17,15240.0,3,6,36.0
2035,583,0.75858125,4.977674418604649,0.04926754,0.1945554,0.0007889271,0.042773295,15,14118.0,3,9,52.0
2036,903,0.7584625,8.067474048442905,0.05825731,0.30269283,0.0012521744,0.043089688,10,23026.0,5,6,28.0
2037,273,0.75834375,5.561032555080564,0.06012721,0.25068712,3.9339066e-05,0.04468046,22,16607.0,1,2,4.0
2038,719,0.758225,6.9490390987408865,0.062358607,0.37748814,0.00017976761,0.042810857,19,19765.0,0,4,7.0
2039,846,0.75810625,5.153642384105959,0.053463846,0.1897124,0.0015408993,0.041520942,16,14054.0,3,8,35.0
2040,699,0.7579875,5.206312292358803,0.05764103,0.21738434,0.0022835732,0.04390492,15,15370.0,1,2,0.0
2041,590,0.75786875,7.778771142561269,0.060978707,0.2060616,0.00032573938,0.045544866,14,21666.0,2,5,3.0
2042,217,0.75775,7.8654353562005275,0.058772057,0.20974398,0.002753973,0.043030027,18,23848.0,1,1,76.0
2043,548,0.75763125,6.306360424028269,0.062622674,0.30945086,0.00034165382,0.04500707,16,19943.0,4,3,14.0
2044,869,0.7575125,6.17427122940431,0.05542083,0.17573857,0.00029969215,0.04454367,13,19486.0,5,5,5.0
2045,151,0.75739375,7.402996005326229,0.06338649,0.3662157,0.0003633499,0.043578874,14,21037.0,2,6,26.0
2046,218,0.757275,6.701854974704892,0.049360577,0.2693566,0.000323534,0.04234228,20,20464.0,2,0,30.0
2047,191,0.75715625,5.78889247659025,0.055799093,0.20305994,0.0008430481,0.044430632,13,19167.0,7,3,30.0
2048,734,0.7570375,5.902569169960471,0.05271375,0.2056247,0.000289917,0.041554246,15,15795.0,2,9,28.0
2049,701,0.7569187500000001,5.4292266488115155,0.06287432,0.34699404,0.00050997734,0.044558506,15,15321.0,4,7,28.0
2050,38,0.7568,5.233154001344989,0.0695518,0.26636958,0.00026869774,0.04362589,15,15266.0,5,6,25.0
2051,50,0.75668125,7.158254020347881,0.056620736,0.23075557,0.0024433136,0.044039015,9,19983.0,4,10,8.0
2052,207,0.7565625,5.853805682216766,0.05036507,0.1809566,9.775162e-06,0.0420931,21,16119.0,1,3,12.0
2053,806,0.7564437500000001,7.015993537964459,0.058933426,0.24413586,0.0009562969,0.04346012,13,20786.0,3,6,15.0
2054,336,0.756325,7.45738855738856,0.054942902,0.23125207,0.0031085014,0.043695655,20,21531.0,1,0,12.0
2055,810,0.75620625,6.0803432137285505,0.049042374,0.16307116,0.0019505024,0.04383631,20,19808.0,2,1,8.0
2056,927,0.7560875,5.716695059625213,0.05776496,0.7444885,8.3208084e-05,0.043825213,18,16485.0,3,4,21.0
2057,844,0.75596875,8.543434343434342,0.05737473,0.23933125,0.00078845024,0.044374164,16,24186.0,0,4,67.0
2058,878,0.75585,4.345382585751979,0.05810428,0.2557423,9.75132e-05,0.04264197,24,12872.0,1,2,66.0
2059,495,0.75573125,7.604428044280444,0.059055958,0.21832228,0.0011868477,0.042484652,9,25380.0,6,4,25.0
2060,280,0.7556125,6.5828925343153655,0.05489548,0.22790253,0.0048730373,0.040000282,13,18767.0,4,7,3.0
2061,481,0.7554937500000001,5.0360329444063145,0.05794522,0.20266092,0.0008647442,0.042682916,23,14675.0,2,2,15.0
2062,464,0.755375,6.789059829059829,0.05700271,0.17681527,0.00021076202,0.043621138,14,19858.0,4,4,22.0
2063,517,0.75525625,4.745333333333332,0.05128033,0.20324981,0.00013136864,0.043239962,16,13336.0,4,7,2.0
2064,547,0.7551375,7.0665122435473195,0.06084438,0.23025918,0.0006599426,0.042234883,21,21355.0,0,0,49.0
2065,689,0.7550187500000001,7.35214681440443,0.05713591,0.2532996,0.0016343594,0.042973742,16,19789.0,1,6,1.0
2066,660,0.7549,7.288458097226362,0.05320822,0.21154475,0.0005865097,0.041593533,15,23097.0,1,5,47.0
2067,738,0.75478125,6.479673691366416,0.06250829,0.17675793,4.863739e-05,0.04172757,22,18769.0,0,1,55.0
2068,408,0.7546625,6.352902374670186,0.049466655,0.22454798,0.0005443096,0.042230323,23,19262.0,0,0,85.0
2069,169,0.7545437500000001,5.897305764411026,0.05235243,0.26397383,0.00010871887,0.044457525,19,18505.0,2,3,61.0
2070,597,0.754425,6.313628899835797,0.056644112,0.21318746,0.0012512207,0.04407114,22,19225.0,0,0,149.0
2071,758,0.75430625,4.736015701668302,0.066684596,0.37151515,0.00017881393,0.045464978,21,14478.0,3,3,36.0
2072,318,0.7541875,7.133215297450423,0.07410354,1.345653,0.0004837513,0.043891307,18,19297.0,1,4,51.0
2073,801,0.7540687500000001,5.503940260565619,0.064236164,0.22868696,0.0015556812,0.042366907,19,18265.0,4,1,33.0
2074,678,0.75395,6.751957531519576,0.054321695,0.17658496,0.0028393269,0.04443783,16,20049.0,3,4,38.0
2075,655,0.75383125,6.668747978000647,0.061921578,0.322186,0.00018501282,0.041909352,17,20304.0,2,3,20.0
2076,790,0.7537125,6.674958319439812,0.067574166,0.24169183,0.0007791519,0.04243244,12,17619.0,2,10,4.0
2077,480,0.7535937500000001,6.18243243243243,0.06555729,0.6674745,0.0016931295,0.0437218,11,17661.0,4,9,11.0
2078,298,0.753475,6.5006557377049194,0.066980444,0.8011874,0.00044298172,0.04318081,15,20742.0,5,2,3.0
2079,863,0.75335625,5.856195786864933,0.05364341,0.26806164,0.00030303,0.041765526,8,20195.0,9,5,8.0
2080,614,0.7532375,6.3939453125,0.069070995,0.19843596,0.0026106834,0.043392193,18,19335.0,2,3,15.0
2081,770,0.7531187500000001,4.542687747035574,0.06378239,0.30521315,0.0026245117,0.041402742,12,13488.0,7,8,3.0
2082,568,0.753,6.626137135098438,0.059194952,0.20379972,0.0011222363,0.042284194,18,19226.0,2,3,6.0
2083,761,0.7528812500000001,5.561611374407582,0.067177005,0.31312704,0.0038890839,0.043750018,25,16429.0,0,0,36.0
2084,321,0.7527625,5.421812434141201,0.058643922,0.22459859,0.00019335747,0.042411078,14,16290.0,7,4,42.0
2085,924,0.7526437500000001,6.7264094955489595,0.052271266,0.36719394,0.0006303787,0.042826343,15,19188.0,2,6,5.0
2086,508,0.752525,8.139288068556361,0.05920899,0.2689487,0.0005030632,0.042792067,16,24998.0,2,1,46.0
2087,55,0.7524062499999999,7.7016611295681034,0.05573879,0.20818222,0.00043463707,0.04230659,14,21376.0,1,7,14.0
2088,163,0.7522875,5.1000000000000005,0.058558848,0.23162818,0.00050878525,0.043954995,23,15236.0,2,1,48.0
2089,311,0.75216875,7.607315389924087,0.064713694,0.27466393,0.00093483925,0.044014502,19,22046.0,1,1,69.0
2090,721,0.75205,4.537844772289929,0.05914436,0.27259028,0.0006122589,0.044125814,19,12590.0,2,7,17.0
2091,427,0.7519312499999999,6.2408010862186005,0.059891704,0.2788499,0.00022292137,0.04430646,20,17207.0,0,4,46.0
2092,87,0.7518125,7.230301047120418,0.061011154,0.9264137,0.00062942505,0.0419652,17,21179.0,1,4,6.0
2093,7,0.75169375,7.205193447194143,0.054091204,0.20118237,0.0018081665,0.04382233,14,19811.0,3,6,23.0
2094,750,0.751575,5.989826916283999,0.06500699,0.23475844,0.000562191,0.043001845,17,16391.0,3,5,16.0
2095,418,0.75145625,5.263607594936708,0.060732607,0.2239182,0.0012698174,0.04252786,24,16317.0,0,1,32.0
2096,185,0.7513375,6.183150851581509,0.06109497,0.24427259,7.4863434e-05,0.041143965,21,20659.0,1,0,31.0
2097,322,0.75121875,5.104988735114256,0.06546414,0.31212652,0.00082445145,0.043242153,13,13997.0,4,10,26.0
2098,324,0.7511,4.880756013745705,0.07392133,0.9190232,0.0035934448,0.04168153,14,14785.0,7,5,29.0
2099,627,0.75098125,8.795189701897018,0.053631123,0.20944047,0.00022232533,0.041981045,13,23897.0,0,7,36.0
2100,435,0.7508625,6.313324315184306,0.06000774,0.24044478,0.0007843971,0.039960746,13,17190.0,3,8,1.0
2101,705,0.75074375,5.356463044211946,0.054738503,0.20531106,0.0005662441,0.04097757,22,14686.0,0,4,18.0
2102,204,0.750625,7.68138471587198,0.063770615,0.24327123,0.0024740696,0.040828187,18,22908.0,0,2,37.0
2103,361,0.75050625,4.689071217591071,0.057055186,0.2068336,0.00089001656,0.041237686,15,11850.0,3,11,24.0
2104,783,0.7503875,7.051460983155724,0.046583254,0.20159364,8.702278e-05,0.041644383,15,19640.0,2,5,20.0
2105,804,0.75026875,7.457354392892399,0.06028664,0.20886093,0.000108003616,0.044151723,10,22359.0,5,6,18.0
2106,495,0.75015,7.776875768757687,0.06309802,0.20756459,0.00023078918,0.04206037,17,24640.0,0,2,23.0
2107,754,0.75003125,8.46317638791286,0.057823222,0.1933372,0.00071930885,0.04361458,11,23517.0,3,5,2.0
2108,886,0.7499125,4.837786259541984,0.06324421,0.34431696,0.00037169456,0.04251142,22,15210.0,2,2,12.0
2109,324,0.74979375,5.283505154639173,0.06452722,0.2103455,0.0015540123,0.04367468,16,14793.0,4,6,32.0
2110,172,0.7496750000000001,8.454000669568128,0.06124528,0.29476094,0.00033307076,0.04762956,14,24356.0,1,4,40.0
2111,511,0.7495562499999999,4.810555738243999,0.052908767,0.35493982,1.7881393e-05,0.045371577,25,14933.0,1,0,52.0
2112,411,0.7494375,6.751624316500482,0.06087051,0.20258331,0.0013372898,0.043627802,16,20369.0,2,4,23.0
2113,805,0.74931875,7.5504000000000016,0.059374403,0.19341326,0.001103878,0.043811973,12,24220.0,5,3,3.0
2114,549,0.7492000000000001,7.450694904037062,0.058600053,0.23532748,0.00065732,0.044103112,15,22516.0,3,3,2.0
2115,691,0.74908125,5.706653556211078,0.059861105,0.28527296,0.00041627884,0.04334533,24,17411.0,0,0,80.0
2116,716,0.7489625,7.842312746386337,0.06560675,0.18834496,0.0015106201,0.045195952,12,25394.0,6,1,17.0
2117,258,0.74884375,8.632024373730536,0.07091718,0.29600236,0.00020861626,0.044788796,19,25499.0,0,0,123.0
2118,515,0.7487250000000001,4.342668428005285,0.060590338,0.24930549,0.0004992485,0.04108023,12,14058.0,9,6,42.0
2119,653,0.74860625,5.291173486641867,0.07250086,0.9781627,0.00015759468,0.04294947,25,15646.0,0,0,110.0
2120,407,0.7484875,6.832291666666664,0.05350432,0.2446258,0.0005450249,0.04057114,10,17373.0,3,11,21.0
2121,261,0.74836875,6.103948264125255,0.05982374,0.27285916,0.00083088875,0.041332804,10,17052.0,6,9,5.0
2122,172,0.7482500000000001,7.3093404753933715,0.053655103,0.21870637,5.1498413e-05,0.041583948,17,21833.0,2,2,45.0
2123,509,0.74813125,7.508606690483923,0.05986241,0.24043274,0.0012729168,0.04442428,16,23119.0,2,2,8.0
2124,891,0.7480125,8.098679432155826,0.057776723,0.30411512,0.0007226467,0.046466652,16,24228.0,1,2,3.0
2125,387,0.74789375,5.665462379847529,0.053517833,0.21081829,0.0002193451,0.04517378,14,16791.0,5,6,31.0
2126,281,0.7477750000000001,6.310498687664043,0.05537957,0.36592042,0.0003964901,0.043480862,15,19844.0,5,3,18.0
2127,530,0.74765625,5.760830136030695,0.060749326,0.2138722,0.0005002022,0.042749226,16,16803.0,5,4,57.0
2128,86,0.7475375,9.544278606965173,0.06958784,0.31098968,0.0024561882,0.04157265,14,27570.0,0,4,7.0
2129,818,0.74741875,5.000761421319797,0.058276545,0.3908689,0.00013875961,0.044232827,10,15132.0,7,9,23.0
2130,940,0.7473000000000001,7.345179335307667,0.056360245,0.3846898,0.00036144257,0.045102272,19,22322.0,1,1,12.0
2131,966,0.74718125,3.6780068728522326,0.053355318,0.19961214,0.0012090206,0.043543722,13,12740.0,11,4,28.0
2132,365,0.7470625,5.475506072874492,0.05663988,0.24904156,0.00025439262,0.04412168,24,15933.0,0,1,34.0
2133,819,0.74694375,7.374629324546951,0.060326386,0.25221953,0.0015237331,0.0438695,14,20561.0,1,7,20.0
2134,177,0.7468250000000001,5.721415716856625,0.06214748,0.22817993,0.0012612343,0.043645393,11,16408.0,3,11,3.0
2135,21,0.74670625,8.031575520833332,0.057540614,0.18640015,0.0010278225,0.042759567,19,24673.0,0,0,15.0
2136,706,0.7465875,6.137195121951223,0.049331576,0.16277838,0.003560543,0.04371947,14,20786.0,5,3,34.0
2137,719,0.74646875,6.866865473823725,0.071570516,0.4173553,0.003148079,0.0426195,9,21026.0,7,6,40.0
2138,407,0.7463500000000001,3.762847222222223,0.057122212,0.24932313,0.0001707077,0.042752486,18,10261.0,5,7,30.0
2139,325,0.74623125,5.325867507886436,0.04740333,0.22184038,0.00069975853,0.04432593,22,16566.0,1,2,21.0
2140,394,0.7461125,5.334032476319349,0.063182585,0.26065177,0.0005412102,0.043548834,11,16063.0,5,4,0.0
2141,274,0.74599375,7.534071093226023,0.055316504,0.22754478,0.0034081936,0.04299301,12,21572.0,3,6,8.0
2142,507,0.7458750000000001,5.619000979431929,0.051137563,0.17836595,0.00037956238,0.04236862,24,17211.0,0,0,270.0
2143,379,0.74575625,5.086674634000596,0.04994531,0.2536869,0.00091671944,0.042892277,17,16021.0,3,6,27.0
2144,910,0.7456375,7.053394858272906,0.06210063,0.23367143,0.00013828278,0.0424436,8,19883.0,5,10,9.0
2145,647,0.74551875,5.397890573500327,0.05212605,0.2001394,6.198883e-05,0.043367457,17,13950.0,1,9,7.0
2146,895,0.7454000000000001,5.338569989929505,0.05526228,0.22086465,0.0018880367,0.044292126,16,14712.0,3,7,29.0
2147,143,0.74528125,5.524020442930153,0.055828672,0.2075963,0.0009875298,0.043252375,21,16213.0,2,2,63.0
2148,620,0.7451625,6.519827012641383,0.06311793,0.24960297,0.00046730042,0.04412173,13,19298.0,0,1,0.0
2149,626,0.74504375,5.18036605657238,0.053830203,0.21052733,0.00045919418,0.042267572,23,15567.0,1,1,11.0
2150,319,0.7449250000000001,5.599999999999999,0.05005912,0.28940684,0.00029206276,0.04331626,20,14740.0,0,6,53.0
2151,469,0.74480625,6.910019144862796,0.049619984,0.26775956,0.00040459633,0.041849013,21,21656.0,0,0,70.0
2152,17,0.7446875,9.291154111955771,0.056059107,0.25516915,0.0021834373,0.042188108,13,27178.0,3,2,36.0
2153,412,0.74456875,4.341186161449753,0.06504751,0.2424488,0.0017445087,0.040828045,14,12872.0,7,8,4.0
2154,122,0.7444500000000001,7.563797814207651,0.056639362,0.18871307,0.00043344498,0.045608904,20,21854.0,0,1,47.0
2155,93,0.74433125,7.346376811594203,0.058805287,0.19697285,0.0007287264,0.043497223,19,21000.0,1,2,13.0
2156,699,0.7442124999999999,5.667441860465116,0.06394064,0.2712448,4.7922134e-05,0.04254645,18,16758.0,3,4,11.0
2157,694,0.74409375,6.192803801765103,0.053951036,0.4404571,0.0016000271,0.042781133,17,16771.0,1,6,2.0
2158,458,0.743975,6.83050559891415,0.064090736,0.3573234,0.00013446808,0.042348918,11,18656.0,4,9,44.0
2159,243,0.74385625,6.436845386533664,0.057942104,0.17966557,0.00014710426,0.041588668,10,18083.0,3,11,24.0
2160,473,0.7437374999999999,4.578451951459494,0.05820908,0.26098847,0.0014562607,0.042986464,15,13045.0,5,8,22.0
2161,191,0.74361875,6.355925088795609,0.050187867,0.2273053,1.4781952e-05,0.043082383,18,19994.0,3,2,14.0
2162,507,0.7435,6.491674828599411,0.064061396,0.24344736,0.00088763237,0.044753492,22,19884.0,0,0,134.0
2163,538,0.7433812500000001,8.975212330921675,0.052307267,0.22834256,0.0006864071,0.043571744,11,29168.0,4,2,29.0
2164,296,0.7432624999999999,6.062050237610318,0.06453795,0.20146286,0.0011329651,0.042753693,12,16975.0,5,8,11.0
2165,716,0.74314375,7.505190538764785,0.058131125,0.1997391,0.0006940365,0.041956995,17,23759.0,3,0,11.0
2166,85,0.743025,6.920829435609603,0.07036822,1.6153328,0.0006968975,0.041801136,13,21233.0,3,6,8.0
2167,233,0.74290625,6.2076824172291865,0.05894165,0.287657,0.0005748272,0.043774474,22,19001.0,0,1,20.0
2168,392,0.7427875,5.027111403220504,0.054603506,0.18255043,0.00049209595,0.042462308,20,13776.0,1,6,20.0
2169,341,0.74266875,6.826168791742562,0.0687067,0.24885881,0.0003323555,0.042320687,14,22156.0,3,4,34.0
2170,876,0.74255,5.736490338929362,0.058277,0.21716988,0.00016379356,0.043228164,8,17163.0,7,10,19.0
2171,688,0.7424312500000001,6.975328614762385,0.049969167,0.26718652,0.0009875298,0.043454736,15,19509.0,2,6,9.0
2172,136,0.7423124999999999,6.256563706563706,0.07756782,1.54403,0.0007658005,0.04235342,15,18513.0,2,5,0.0
2173,639,0.74219375,5.986986301369863,0.0742974,0.28976142,8.821487e-06,0.042383566,6,16898.0,8,10,42.0
2174,949,0.742075,8.420632279534107,0.053244155,0.2093476,0.0017142296,0.043784674,16,24102.0,0,4,21.0
2175,875,0.74195625,7.271071663379356,0.05736168,0.20154119,0.00012588501,0.04276075,11,21206.0,4,7,24.0
2176,420,0.7418375,6.5360708534621565,0.06730618,0.23121595,6.1035156e-05,0.042251293,19,18742.0,0,5,15.0
2177,658,0.74171875,5.878528827037771,0.05107205,0.29260892,0.00054359436,0.043626238,10,15327.0,4,12,9.0
2178,300,0.7416,6.1742885838634045,0.057844028,0.3175354,0.0015633106,0.04459549,17,16053.0,0,8,33.0
2179,621,0.74148125,5.29884287454324,0.052837078,0.18637943,0.00018930435,0.042897135,16,17073.0,4,5,36.0
2180,158,0.7413625,4.096336996336997,0.048224013,0.23885381,0.00038290024,0.041782703,22,12001.0,3,4,4.0
2181,470,0.74124375,5.502641381645784,0.05869029,0.24446154,0.0006849766,0.041881036,15,15954.0,5,6,10.0
2182,16,0.741125,7.158500669344042,0.05427118,0.2488811,0.00054979324,0.043267448,14,20792.0,3,5,25.0
2183,629,0.7410062500000001,6.732377174244736,0.06278383,0.2995894,0.0005271435,0.04422095,19,22062.0,1,1,15.0
2184,863,0.7408874999999999,5.5417596034696395,0.056937445,0.17861709,0.0006198883,0.042683408,13,17566.0,5,6,14.0
2185,21,0.74076875,8.422591145833332,0.057750583,0.313202,0.0002808571,0.042118017,14,24031.0,0,6,19.0
2186,611,0.74065,5.5864772338240325,0.05091235,0.28768787,0.00038266182,0.041958537,22,16026.0,1,2,55.0
2187,987,0.74053125,6.941078004686977,0.04982622,0.21006203,0.0004916191,0.04284207,22,20733.0,0,0,14.0
2188,966,0.7404125,5.867697594501716,0.058027655,0.21256042,7.4625015e-05,0.043379124,12,15911.0,5,9,2.0
2189,714,0.74029375,7.0094883090477795,0.07002456,0.3547093,0.001547575,0.04496273,22,20685.0,0,0,73.0
2190,574,0.740175,5.864309319233311,0.054127384,0.27447188,0.0004029274,0.04647902,17,18048.0,4,3,19.0
2191,250,0.7400562500000001,5.747554347826088,0.06581841,0.39117575,0.00041532516,0.0460982,11,17804.0,8,5,10.0
2192,675,0.7399375,8.393437499999996,0.050667,0.25563288,0.0007162094,0.04496837,6,22699.0,1,14,5.0
2193,705,0.73981875,5.461322983462705,0.06272169,0.25178528,0.00056290627,0.04474928,13,15293.0,5,8,7.0
2194,579,0.7397,5.886994027869939,0.05892411,0.19028878,0.0006005764,0.04469656,14,15935.0,3,9,35.0
2195,968,0.7395812500000001,6.377643504531722,0.0569676,0.17497823,0.00010609627,0.04243963,9,18999.0,1,1,0.0
2196,225,0.7394625,7.680528691166987,0.057964385,0.20531261,0.00065505505,0.045541406,10,22274.0,3,8,11.0
2197,426,0.73934375,5.37143299288146,0.057123378,0.22539526,0.0006699562,0.047530532,12,17032.0,6,7,8.0
2198,333,0.739225,4.965198511166252,0.050200567,0.2238988,0.0008921623,0.04366809,14,15363.0,5,7,22.0
2199,656,0.73910625,5.201317957166391,0.06445291,0.2927494,0.0006119907,0.04098069,7,14572.0,8,12,7.0
2200,995,0.7389875,7.5006734006734,0.059459243,0.28694203,0.0011525154,0.04240175,17,21386.0,1,4,13.0
2201,961,0.73886875,6.803327787021631,0.064405605,0.2890221,0.00086808205,0.042032316,22,20444.0,0,0,299.0
2202,493,0.73875,7.1505557426743005,0.048027325,0.16390812,0.0002632141,0.042042438,18,21230.0,2,2,16.0
2203,321,0.7386312500000001,4.9898138391289075,0.04994126,0.19303632,8.7976456e-05,0.040515687,15,14206.0,6,6,43.0
2204,713,0.7385125,6.391387876780389,0.055295806,0.18433201,0.0007927418,0.04190116,6,18088.0,7,11,28.0
2205,599,0.73839375,7.346268656716418,0.06818414,0.26884246,0.0035727024,0.041715324,21,22149.0,0,0,67.0
2206,276,0.738275,4.563384919328285,0.06531663,0.319445,0.0017864704,0.042628214,27,13859.0,0,0,390.0
2207,551,0.7381562500000001,6.735161290322582,0.05579795,0.24848294,0.00022602081,0.043155227,19,21189.0,2,1,34.0
2208,607,0.7380375,5.686138613861385,0.055688005,0.36232162,0.0027444363,0.044529274,14,17835.0,6,4,24.0
2209,367,0.73791875,6.060528097494921,0.06826056,0.2608484,2.193451e-05,0.044623435,11,17312.0,6,8,3.0
2210,208,0.7378,7.880701754385965,0.057302434,0.28030062,1.2397766e-05,0.042715047,17,23949.0,1,2,34.0
2211,84,0.7376812500000001,8.395057549085983,0.059170663,0.20098978,0.00043940544,0.04212491,11,23322.0,2,7,10.0
2212,806,0.7375625,7.444264943457186,0.060243264,0.21071833,0.00010442734,0.042932328,12,21183.0,2,8,28.0
2213,53,0.73744375,6.421145975443382,0.058192868,0.28687698,0.0002965927,0.044550892,12,17654.0,4,8,23.0
2214,343,0.737325,6.645150388644813,0.052715957,0.19330525,0.000467062,0.04201292,21,19663.0,1,1,3.0
2215,69,0.7372062500000001,7.9067518846279885,0.05733745,0.23819995,0.00017118454,0.042278945,10,22598.0,3,8,44.0
2216,570,0.7370875,6.011391564264363,0.04996671,0.21222043,0.0007214546,0.0420199,20,17197.0,1,4,39.0
2217,553,0.73696875,6.488775510204079,0.057032853,0.21902514,0.0012147427,0.044659276,20,18783.0,1,2,6.0
2218,843,0.73685,5.719906166219837,0.046179354,0.17428136,0.00011610985,0.043513987,17,16173.0,3,6,8.0
2219,519,0.7367312500000001,6.449983782030489,0.060946096,0.42586732,6.842613e-05,0.044187594,14,19577.0,4,5,10.0
2220,553,0.7366125,6.398639455782312,0.061424028,0.2340548,0.00026464462,0.04377311,14,18518.0,4,5,10.0
2221,501,0.7364937500000001,6.420236087689711,0.057198536,0.20075321,0.0014257431,0.042397555,12,17850.0,4,8,4.0
2222,309,0.736375,6.714857330272219,0.07087644,0.6757786,0.00020933151,0.044099748,11,19254.0,4,8,6.0
2223,569,0.7362562500000001,8.055081967213113,0.048159402,0.18199801,0.00020503998,0.042218357,12,23348.0,2,6,10.0
2224,712,0.7361375,6.2808574277168505,0.052089546,0.192698,0.0007996559,0.04143491,12,19200.0,6,5,12.0
2225,654,0.7360187499999999,5.662012987012988,0.054994304,0.18941271,0.00013661385,0.042730212,21,17747.0,2,1,25.0
2226,77,0.7359,5.965550239234449,0.05582441,0.248353,0.00067329407,0.04285978,20,18702.0,2,2,5.0
2227,444,0.73578125,5.7360453141091625,0.05912286,0.2128098,0.00087952614,0.04290646,15,14670.0,2,9,34.0
2228,715,0.7356625,4.458012105766167,0.06878425,0.2824992,0.004747629,0.042746473,17,13052.0,4,7,32.0
2229,605,0.7355437499999999,6.733712984054666,0.06003511,0.21749163,0.00058054924,0.04583344,7,17927.0,4,13,21.0
2230,110,0.735425,6.39201388888889,0.062188964,0.28740156,0.0016007423,0.046773776,16,19273.0,5,2,43.0
2231,441,0.73530625,7.210437932169903,0.053580936,0.19744909,0.0019598007,0.044494405,17,20987.0,1,4,37.0
2232,576,0.7351875,8.486091881686594,0.050864246,0.19773102,0.0001912117,0.04388498,15,26651.0,1,2,75.0
2233,456,0.73506875,5.932791680207993,0.05231218,0.23605484,0.00011968613,0.040849358,15,16409.0,2,8,8.0
2234,487,0.73495,6.098598279706911,0.05935843,0.25425196,0.0017642975,0.041088123,8,17574.0,6,11,22.0
2235,762,0.73483125,7.461091605489946,0.051326472,0.22479653,0.00301373,0.041489836,19,22749.0,0,2,63.0
2236,191,0.7347125000000001,6.622215046819502,0.054685164,0.25177932,0.0024613142,0.0429642,12,20509.0,5,5,13.0
2237,700,0.7345937499999999,6.187500000000001,0.06126982,0.29616016,0.00029563904,0.04238909,14,18907.0,6,4,36.0
2238,453,0.734475,6.731673905780152,0.058226954,0.2622168,0.0009429455,0.04401274,20,19250.0,0,3,61.0
2239,640,0.73435625,7.733783327708402,0.06379966,0.22656834,0.0008916855,0.04270412,13,21730.0,2,6,1.0
2240,667,0.7342375,9.627709645343055,0.05238064,0.19282031,0.00042414665,0.042905018,10,27840.0,2,6,9.0
2241,764,0.73411875,4.4065405578711125,0.060805812,0.30288255,0.001209259,0.04079279,13,13744.0,7,7,18.0
2242,483,0.734,6.541836734693877,0.055970956,0.2226851,0.00044322014,0.042685494,18,18351.0,1,4,57.0
2243,924,0.73388125,4.376656775469833,0.055665076,0.22789979,0.0006155968,0.04453653,21,13881.0,4,2,33.0
2244,97,0.7337625,6.717987079224752,0.064370446,0.3082232,0.0012023449,0.04277781,14,17993.0,2,8,5.0
2245,672,0.73364375,7.74285714285714,0.050216425,0.21571112,0.00075006485,0.042323083,14,21650.0,1,7,17.0
2246,137,0.733525,5.567141437562104,0.056333095,0.26467896,0.00022411346,0.04488871,8,14392.0,5,13,14.0
2247,512,0.73340625,5.9437202987101125,0.052281484,0.30081654,0.00068855286,0.04433617,13,15448.0,3,10,34.0
2248,884,0.7332875000000001,6.497674418604651,0.06779145,0.25607324,0.00019979477,0.04381683,22,19859.0,1,0,51.0
2249,980,0.7331687499999999,7.385281527823508,0.05708907,0.2771306,0.000207901,0.045068774,13,21518.0,3,6,2.0
2250,581,0.73305,6.640266751349633,0.06539237,0.28844833,1.4305115e-06,0.04341279,14,18391.0,1,9,34.0
2251,483,0.73293125,6.982653061224489,0.055159926,0.24735034,6.2942505e-05,0.04641741,19,20235.0,1,2,13.0
2252,682,0.7328125,5.513069112348511,0.057462137,0.335168,4.2915344e-06,0.04556668,18,17442.0,4,2,21.0
2253,787,0.73269375,5.953835978835977,0.054731756,0.23741138,0.0004491806,0.046432093,19,17702.0,2,3,54.0
2254,810,0.732575,5.180343213728549,0.051045496,0.16330817,0.0010297298,0.043516215,25,16603.0,0,0,41.0
2255,181,0.73245625,6.865841073271415,0.060590673,0.3480476,3.194809e-05,0.044421796,22,19959.0,0,0,45.0
2256,404,0.7323375000000001,7.9210970464135,0.051833916,0.2557479,0.00016403198,0.045108657,7,19968.0,3,12,23.0
2257,989,0.7322187499999999,6.0815873015873025,0.057660263,0.1890235,2.6226044e-06,0.04459472,21,19157.0,1,1,41.0
2258,96,0.7321,5.870339525944907,0.066078834,0.30533057,0.0015113354,0.044688325,13,18015.0,5,6,9.0
2259,95,0.73198125,5.967942894224529,0.06304818,0.29829502,0.0011212826,0.04534251,17,18085.0,3,4,3.0
2260,825,0.7318625000000001,3.716239316239316,0.076596625,0.36782146,0.0003950596,0.04468602,30,10870.0,0,0,192.0
2261,606,0.73174375,7.353299492385786,0.053444535,0.230474,0.001282692,0.045832347,21,21729.0,0,0,32.0
2262,742,0.731625,6.869137873196914,0.061026122,0.21350646,0.0004286766,0.043448646,19,20775.0,2,1,36.0
2263,52,0.73150625,9.057847840986977,0.06168885,0.27825326,0.0016703606,0.0428599,11,26139.0,3,4,22.0
2264,307,0.7313875,6.393346379647749,0.07227332,1.1426128,0.0024063587,0.041538384,23,19602.0,0,0,97.0
2265,942,0.73126875,7.52878639188747,0.06537526,0.23362589,6.198883e-05,0.04401885,11,21487.0,3,8,4.0
2266,439,0.73115,8.243651529193697,0.06644502,0.32369673,0.000538826,0.044865116,12,26361.0,3,4,33.0
2267,531,0.73103125,5.254071661237783,0.054103512,0.22761917,0.0002450943,0.045030247,13,15209.0,5,8,5.0
2268,344,0.7309125000000001,5.643048469387754,0.04558921,0.27423167,0.00071525574,0.04285093,23,17383.0,0,1,20.0
2269,463,0.7307937499999999,5.927612184736324,0.057880957,0.26163936,4.506111e-05,0.044349883,20,18097.0,2,2,28.0
2270,716,0.730675,7.272010512483575,0.05204785,0.308622,0.00029945374,0.04391324,18,22136.0,0,0,0.0
2271,616,0.73055625,7.898858075040782,0.056709897,0.29146028,7.647276e-05,0.041195635,7,22984.0,5,9,21.0
2272,418,0.7304375000000001,6.210759493670888,0.045384806,0.21477604,0.000521183,0.04273094,10,19942.0,7,6,20.0
2273,203,0.73031875,4.569986979166666,0.05691871,0.3185172,0.00034236908,0.045968812,23,14039.0,2,2,42.0
2274,607,0.7302,7.4392739273927395,0.06294922,0.27749223,0.00020694733,0.042803112,11,21935.0,4,6,14.0
2275,589,0.73008125,6.800067888662593,0.057017166,0.25571102,0.00032770634,0.044776425,17,20033.0,3,3,52.0
2276,919,0.7299625000000001,4.87047803617571,0.06488737,0.55593026,0.00061655045,0.04660734,24,15079.0,1,1,51.0
2277,673,0.72984375,8.61934404283802,0.056318413,0.24985409,0.0011487007,0.04507324,9,25157.0,4,6,24.0
2278,496,0.729725,5.413118889940082,0.06269378,0.39602304,0.0006837845,0.046410605,24,17165.0,0,0,126.0
2279,300,0.72960625,5.8808168731168395,0.060503557,0.21387553,0.00048089027,0.04422821,16,17566.0,4,4,36.0
2280,736,0.7294875000000001,6.866360231528771,0.05563296,0.23693955,0.00032043457,0.044686485,18,18698.0,0,5,4.0
2281,747,0.72936875,6.731456953642383,0.057150602,0.2809053,0.0006952286,0.041660815,14,19423.0,3,6,1.0
2282,17,0.72925,6.914789219073947,0.047960725,0.1971066,0.001026392,0.043799493,18,19722.0,2,3,67.0
2283,15,0.72913125,7.173047007101792,0.05882353,0.27498603,7.43866e-05,0.0425486,15,20915.0,3,4,25.0
2284,213,0.7290125000000001,6.723692918596956,0.059111685,0.24269515,0.0007853508,0.041637234,22,20319.0,0,0,86.0
2285,746,0.72889375,5.808045977011494,0.06510413,0.2527542,0.00020933151,0.043324202,19,17381.0,2,3,42.0
2286,567,0.7287750000000001,8.591459314055147,0.06254954,0.19895351,8.368492e-05,0.04406178,18,25551.0,0,0,36.0
2287,329,0.72865625,7.294933988332824,0.060924616,0.28559732,0.00033974648,0.044202134,18,24411.0,2,0,36.0
2288,978,0.7285375000000001,6.5958540630182405,0.05840068,0.28349698,1.0251999e-05,0.043049555,16,18379.0,1,6,8.0
2289,971,0.72841875,7.6722315718613245,0.06969053,0.2751019,0.0016708374,0.04345436,19,22200.0,0,2,6.0
2290,320,0.7283,6.40033579583613,0.06948934,0.46224752,0.0011444092,0.043653455,20,19358.0,2,1,8.0
2291,466,0.72818125,4.372193436960276,0.058423314,0.3546493,0.0014271736,0.045636352,19,12368.0,4,5,30.0
2292,215,0.7280625000000001,7.0453776041666645,0.0438018,0.19797182,0.00037050247,0.04469773,10,21029.0,5,7,52.0
2293,426,0.72794375,4.748282265552459,0.058290858,0.3310632,0.0003824234,0.042195275,17,13080.0,2,9,11.0
2294,681,0.7278249999999999,7.832015185068013,0.07084041,0.33656836,0.00023126602,0.04056812,8,21596.0,2,12,4.0
2295,11,0.72770625,5.531884057971015,0.06410003,0.2255812,0.0018200874,0.043322552,18,18193.0,4,2,33.0
2296,910,0.7275875,7.955833882663152,0.064367495,0.29169703,0.00013279915,0.043928545,15,24138.0,1,1,0.0
2297,930,0.72746875,6.485243328100471,0.06283339,0.23196095,0.0002257824,0.04574958,17,20337.0,2,3,3.0
2298,923,0.7273499999999999,6.0375,0.06789435,0.20530295,0.003364563,0.043187615,11,18240.0,6,7,33.0
2299,703,0.72723125,6.217481203007519,0.05129086,0.18817401,0.0004014969,0.045876477,12,19527.0,5,6,24.0
2300,464,0.7271125,7.408717948717951,0.05626312,0.32909322,0.00079107285,0.04340333,13,22548.0,5,2,29.0
2301,298,0.7269937500000001,6.728524590163933,0.060226068,0.23990989,0.00014185905,0.04371433,20,19607.0,0,3,7.0
2302,616,0.7268749999999999,7.126590538336052,0.06800557,1.1504477,0.0003323555,0.041700497,13,21843.0,4,4,4.0
2303,538,0.72675625,6.397860962566844,0.053249672,0.23566595,0.00033259392,0.047236416,19,19703.0,1,3,2.0
2304,887,0.7266375,6.40857818304627,0.063908584,0.18654919,0.000113487244,0.047519222,17,19568.0,4,2,3.0
2305,648,0.72651875,6.226470588235297,0.05120788,0.19325936,8.606911e-05,0.044975217,10,19971.0,8,5,1.0
2306,104,0.7264,7.8917692806221655,0.05616787,0.17768764,0.0014066696,0.041952077,14,24354.0,3,3,15.0
2307,241,0.72628125,6.881587104773714,0.06961864,0.25625625,0.00043535233,0.042567953,21,22200.0,0,0,31.0
2308,644,0.7261625,6.2535340314136105,0.051406782,0.20539975,0.00067067146,0.042517934,11,18194.0,5,8,18.0
2309,790,0.72604375,7.588162720906968,0.05633238,0.26747644,0.0006747246,0.042740848,6,22457.0,7,8,9.0
2310,517,0.7259249999999999,4.894666666666668,0.06320446,0.22172558,0.000672102,0.04249012,7,14984.0,10,9,30.0
2311,799,0.72580625,6.162675397567821,0.061615687,0.31925672,0.00072455406,0.043492902,20,19443.0,1,2,21.0
2312,969,0.7256875,8.705537459283384,0.054103374,0.19452891,0.00012683868,0.04227024,10,24270.0,1,9,6.0
2313,186,0.7255687500000001,6.206249999999999,0.068529725,0.30867624,0.0019357204,0.044214416,9,17766.0,6,9,10.0
2314,221,0.7254499999999999,4.5638436482084686,0.06254084,0.3608619,0.00041484833,0.04364829,20,13704.0,3,4,53.0
2315,491,0.72533125,6.8297135243171185,0.06001614,0.26727575,0.0004911423,0.044749662,5,17801.0,5,14,9.0
2316,212,0.7252125,7.4054142204827125,0.05751735,0.30483317,0.00022745132,0.042940915,9,21172.0,4,9,2.0
2317,827,0.72509375,4.691355463347163,0.06024699,0.19579467,0.00073957443,0.044190492,16,12989.0,5,7,5.0
2318,489,0.724975,4.817405582922823,0.054092,0.24630173,0.0024061203,0.043315876,12,13451.0,6,10,23.0
2319,424,0.72485625,6.999137655701054,0.062168848,0.23377556,0.00037503242,0.045153707,15,20975.0,2,5,6.0
2320,190,0.7247375,5.299675535366645,0.05420391,0.2021606,0.0006098747,0.044344302,12,15409.0,5,8,3.0
2321,600,0.7246187500000001,7.225189581272668,0.06549627,0.2537756,0.002722025,0.043120444,17,21914.0,2,2,2.0
2322,433,0.7244999999999999,6.5808565866320565,0.060878545,0.21315444,0.0004990101,0.042941436,19,19974.0,1,2,6.0
2323,458,0.72438125,6.851747539871055,0.057068318,0.30671299,0.00063180923,0.04258084,12,19308.0,4,7,65.0
2324,269,0.7242625,8.245644599303134,0.06682848,0.5932796,0.0025453568,0.04144055,16,23665.0,2,2,22.0
2325,338,0.7241437500000001,5.224027072758037,0.05834927,0.26087308,0.0001950264,0.04402486,13,14846.0,6,8,17.0
2326,780,0.724025,5.95305466237942,0.048426896,0.33823574,0.00020051003,0.043538153,21,17581.0,0,3,33.0
2327,309,0.72390625,7.593637258117412,0.059146896,0.19046259,0.0016641617,0.04322268,10,20104.0,1,11,10.0
2328,282,0.7237875,6.112495823588374,0.053090643,0.22095656,0.00027823448,0.045303,20,18594.0,2,1,16.0
2329,829,0.72366875,5.029960317460316,0.05550891,0.17976063,0.00021958351,0.044557437,17,12489.0,1,10,29.0
2330,585,0.72355,4.3139563479864735,0.057216868,0.21329331,0.0013520718,0.044615433,14,13708.0,6,7,25.0
2331,684,0.72343125,7.145496535796765,0.0510557,0.16941069,0.00056886673,0.044546768,17,21658.0,2,2,20.0
2332,689,0.7233125,5.844459833795015,0.066867836,0.41790533,0.00012516975,0.042821273,24,16590.0,0,1,55.0
2333,193,0.7231937500000001,6.755359565807326,0.05643931,0.1980071,0.00022029877,0.04518588,16,19620.0,3,4,9.0
2334,890,0.7230749999999999,5.81229773462783,0.06599208,0.40611148,0.00015211105,0.045109604,10,16415.0,5,10,4.0
2335,549,0.72295625,6.358769027134347,0.05018149,0.20596051,0.00029993057,0.044777665,18,18914.0,2,3,8.0
2336,924,0.7228375,7.151434223541049,0.06617966,0.2328017,8.440018e-05,0.044359867,11,21387.0,5,6,4.0
2337,84,0.7227187500000001,8.163236289776574,0.06278842,0.1950314,0.00043845177,0.04469334,15,23228.0,1,4,8.0
2338,874,0.7226,7.64425686858656,0.06424988,0.24655408,0.00096321106,0.043436866,18,22187.0,0,3,37.0
2339,790,0.72248125,6.991597199066355,0.058609176,0.25598848,0.00038433075,0.04425561,14,20368.0,3,5,1.0
2340,886,0.7223625,5.177862595419846,0.05406977,0.18282676,0.00021910667,0.04360036,15,15336.0,4,7,1.0
2341,607,0.7222437500000001,6.965676567656764,0.051441077,0.20236897,0.00016379356,0.0432778,14,20500.0,3,5,39.0
2342,838,0.722125,5.129141716566865,0.059249192,0.31402355,0.0006325245,0.043321464,24,14817.0,0,2,33.0
2343,909,0.72200625,7.743840104849281,0.052753806,0.25233436,3.9577484e-05,0.04270528,15,23329.0,2,3,12.0
2344,854,0.7218875,5.268849206349206,0.0651913,0.26878226,0.0008006096,0.045518592,17,14421.0,2,7,0.0
2345,927,0.7217687500000001,6.54838160136286,0.05631721,0.37526608,0.00015878677,0.047249395,17,17752.0,1,6,6.0
2346,309,0.72165,7.066349622827157,0.0595396,0.22119737,3.9100647e-05,0.04391403,14,22460.0,5,2,16.0
2347,800,0.72153125,6.327670206121171,0.05644663,0.18521583,0.0014090538,0.04222295,4,18340.0,7,13,6.0
2348,109,0.7214125,7.825288831835685,0.0577406,0.32061547,0.0011379719,0.043085057,13,22514.0,1,7,40.0
2349,642,0.7212937500000001,6.559169550173011,0.06370358,0.2604978,0.0008845329,0.04443063,17,18956.0,3,3,16.0
2350,281,0.721175,7.0105643044619415,0.054599207,0.19850922,0.00017261505,0.045180336,14,20149.0,2,6,20.0
2351,855,0.72105625,6.636488250652739,0.06312946,0.26238132,0.0014026165,0.042753104,9,17883.0,4,12,13.0
2352,123,0.7209375,5.840581068416118,0.05782691,0.17794204,0.00022244453,0.043834973,16,16455.0,1,8,3.0
2353,20,0.7208187500000001,7.800954198473281,0.05293243,0.21166694,0.0012803078,0.043982435,14,23583.0,2,5,36.0
2354,170,0.7207,4.314833759590792,0.054546207,0.25770307,0.0029654503,0.045508385,17,11620.0,3,9,21.0
2355,199,0.72058125,6.190047393364927,0.049121995,0.18081209,0.00037145615,0.045564648,15,16513.0,2,8,1.0
2356,759,0.7204625,6.431965811965812,0.050687492,0.21360004,0.00087094307,0.044487726,16,19106.0,4,3,20.0
2357,741,0.7203437500000001,5.932789026779882,0.05513339,0.20750809,0.0009765625,0.045670763,17,17860.0,3,4,30.0
2358,349,0.720225,5.03512658227848,0.056215245,0.21379852,0.00031757355,0.044950243,16,14331.0,3,8,9.0
2359,234,0.72010625,5.769529983792545,0.05873561,0.33454394,0.003191471,0.046839103,24,17799.0,0,0,122.0
2360,426,0.7199875,5.379077684927264,0.06444705,0.29881144,0.0001680851,0.04458044,13,14795.0,3,11,32.0
2361,967,0.7198687500000001,7.023143350604491,0.05240953,0.20292115,0.00014746189,0.046546396,10,20332.0,6,6,7.0
2362,323,0.71975,5.317824377457405,0.054625664,0.20704931,0.00074625015,0.04487795,19,16230.0,3,3,40.0
2363,154,0.71963125,6.2844634628044735,0.06894174,0.22292924,0.0021641254,0.044660095,10,16358.0,3,12,24.0
2364,651,0.7195125,7.3052274270196875,0.04882762,0.2160243,9.202957e-05,0.04348932,18,20932.0,1,3,29.0
2365,409,0.71939375,6.4462308414138265,0.060709715,0.17881703,0.0008671284,0.04431406,10,21248.0,7,5,16.0
2366,555,0.7192750000000001,6.837441497659904,0.061532885,0.22273946,0.0005245209,0.0447945,11,19350.0,2,10,6.0
2367,917,0.7191562499999999,7.539847231063017,0.057268877,0.22922635,0.00026488304,0.04125189,19,23376.0,0,1,55.0
2368,522,0.7190375,3.8130900569132913,0.05552882,0.24490881,0.0002822876,0.040898312,28,11091.0,0,1,21.0
2369,614,0.71891875,7.360416666666667,0.05480337,0.2578416,0.0008404255,0.044054314,8,22304.0,6,7,7.0
2370,702,0.7188,7.164114211550941,0.068564385,0.35410476,2.1219254e-05,0.04325491,14,22388.0,4,3,7.0
2371,303,0.71868125,4.810772357723577,0.05543886,0.17369235,0.00023496151,0.04398453,14,13611.0,6,8,21.0
2372,119,0.7185625,5.122685185185183,0.055526227,0.24116653,0.0009665489,0.044430453,14,13979.0,4,9,13.0
2373,457,0.71844375,7.064861500155619,0.05213471,0.21097076,0.00031352043,0.04217497,12,23342.0,5,3,24.0
2374,590,0.718325,8.339178460476353,0.061609153,0.18928742,0.00030303,0.04722324,13,21841.0,0,8,32.0
2375,218,0.7182062499999999,6.870489038785836,0.062072206,0.26815295,0.0018560886,0.04564996,14,20964.0,5,3,49.0
2376,585,0.7180875,6.687918844143865,0.05922067,0.47043967,0.0006518364,0.04427276,14,19804.0,1,7,14.0
2377,950,0.71796875,6.475401730531518,0.061209828,0.26425058,0.00036597252,0.04655205,8,18042.0,4,13,14.0
2378,656,0.7178500000000001,5.866721581548598,0.056995135,0.24203396,0.002336502,0.043401558,19,16288.0,1,6,52.0
2379,724,0.7177312499999999,4.988603060892219,0.04270503,0.17339134,8.3208084e-05,0.045225326,14,15320.0,6,6,9.0
2380,380,0.7176125,6.953673064195898,0.054008275,0.27467942,0.00023889542,0.041834082,14,21014.0,4,4,1.0
2381,498,0.71749375,7.617534055186867,0.050207824,0.20922399,0.0011076927,0.043632552,19,21809.0,1,1,27.0
2382,842,0.717375,5.459132348318137,0.058424458,0.31213552,0.0011029243,0.045032244,13,15775.0,4,9,10.0
2383,395,0.71725625,5.3408188585607945,0.05669986,0.28638285,0.00082302094,0.044867564,21,16574.0,1,3,24.0
2384,554,0.7171375,7.8989537630779605,0.05570848,0.24152291,0.000106573105,0.04477432,19,22812.0,0,2,40.0
2385,656,0.71701875,5.723558484349256,0.06206146,0.3132639,0.0005455017,0.044636607,8,15550.0,6,12,19.0
2386,773,0.7169000000000001,4.729509772508811,0.06904307,0.27834296,0.00037693977,0.04306345,22,15385.0,3,1,28.0
2387,91,0.7167812499999999,7.275316455696202,0.06479501,0.24912041,0.00018835068,0.045346577,14,22042.0,2,5,2.0
2388,317,0.7166625,6.217719826145101,0.06037746,0.2407378,0.00051379204,0.045573685,16,17999.0,3,5,30.0
2389,477,0.71654375,4.272760572760574,0.07093867,0.22606492,0.00026774406,0.044719275,12,13732.0,9,6,12.0
2390,472,0.7164250000000001,6.443150271575133,0.061250597,0.2524922,0.00032281876,0.045148045,17,20027.0,1,5,13.0
2391,417,0.71630625,6.015449256625726,0.064628206,0.2151289,0.000102996826,0.044007078,20,17993.0,1,3,21.0
2392,65,0.7161875,7.665867465867464,0.05425051,0.221071,0.0005209446,0.043996353,13,22420.0,3,5,5.0
2393,121,0.71606875,6.4124133148405,0.058971103,0.21572018,0.00078105927,0.044616487,22,18205.0,0,1,84.0
2394,853,0.71595,6.918328194587186,0.0536837,0.2510988,9.441376e-05,0.04374656,9,19027.0,5,9,17.0
2395,608,0.71583125,8.386306780776826,0.05969696,0.29456997,0.00069379807,0.04587376,17,24870.0,0,2,5.0
2396,339,0.7157125,5.445675592489998,0.05821051,0.24304914,3.7431717e-05,0.04631312,24,17693.0,0,0,220.0
2397,872,0.71559375,5.309538461538462,0.056843836,0.24653864,0.00017499924,0.04485519,12,18881.0,8,3,18.0
2398,466,0.7154750000000001,5.639205526770293,0.059767365,0.19607157,0.0018138885,0.042508554,13,16036.0,6,7,2.0
2399,869,0.7153562499999999,5.168377693282636,0.059756044,0.24589252,5.4121017e-05,0.044760067,18,16627.0,4,3,15.0
2400,920,0.7152375,6.971532605097651,0.07765559,0.30313754,0.001532793,0.041951645,20,21061.0,1,1,37.0
2401,900,0.71511875,6.134002770083102,0.057012234,0.21379387,0.00019001961,0.04300678,12,17715.0,6,6,42.0
2402,353,0.7150000000000001,5.673700688791484,0.06688305,0.4624908,0.0012922287,0.044736575,22,17483.0,0,2,23.0
2403,6,0.71488125,5.796804574503867,0.057056677,0.20017052,0.0017652512,0.043217927,13,16342.0,5,8,1.0
2404,819,0.7147625,6.284019769357497,0.04570679,0.17175889,0.0004720688,0.041729037,21,19072.0,1,1,28.0
2405,915,0.71464375,7.687981560750741,0.061505627,0.51509273,6.67572e-06,0.041726258,13,22741.0,3,5,3.0
2406,529,0.7145250000000001,6.6296943231441015,0.05924957,0.22393215,2.1457672e-05,0.04155342,10,17355.0,3,11,9.0
2407,829,0.71440625,5.947817460317458,0.07479396,0.40751183,0.00046372414,0.04207178,10,15567.0,4,12,9.0
2408,145,0.7142875,7.922002635046109,0.06251783,0.20972693,0.00046277046,0.0418835,6,21926.0,4,11,19.0
2409,782,0.71416875,5.79074074074074,0.05343026,0.16281581,0.00046753883,0.042823438,20,16604.0,1,4,37.0
2410,595,0.7140500000000001,4.9131665569453595,0.06284779,0.23940468,0.00085246563,0.042789172,13,15230.0,7,6,14.0
2411,78,0.71393125,5.720402858999351,0.06557501,0.27156317,0.00015449524,0.04281352,19,18223.0,3,1,1.0
2412,997,0.7138125,7.219211822660096,0.05940837,0.27700353,0.0021820068,0.040624112,9,19851.0,3,10,33.0
2413,622,0.71369375,6.136351619299404,0.057367772,0.20698833,0.0011599064,0.040173095,11,16753.0,4,10,11.0
2414,967,0.7135750000000001,7.015889464594127,0.053902384,0.26005352,0.0009059906,0.041520357,13,20311.0,0,0,0.0
2415,361,0.71345625,3.544437151296356,0.064590804,0.3542843,0.00088119507,0.04334576,18,11714.0,7,4,13.0
2416,482,0.7133375,5.64813200498132,0.062631615,0.23479903,0.00086808205,0.04402253,15,16857.0,3,7,45.0
2417,839,0.71321875,6.071257905832747,0.05333313,0.27362198,0.00011873245,0.0428977,10,16425.0,6,9,11.0
2418,199,0.7131000000000001,5.5900473933649275,0.054109413,0.17880511,0.00032615662,0.04350524,13,16513.0,6,6,12.0
2419,204,0.71298125,7.5203135205747875,0.06326781,0.31390333,0.00018882751,0.047516506,19,22721.0,0,1,46.0
2420,192,0.7128625,5.436935166994106,0.055922825,0.19429159,0.0005476475,0.04214294,22,16299.0,1,2,14.0
2421,787,0.71274375,6.809060846560842,0.0539922,0.4092393,0.00044441223,0.04237551,9,16357.0,1,15,1.0
2422,849,0.7126250000000001,4.724326059050063,0.05506322,0.23664021,0.0013740063,0.042234693,19,13163.0,2,7,23.0
2423,152,0.71250625,6.606340057636888,0.057543337,0.2713225,0.00083112717,0.043330044,18,20007.0,1,3,49.0
2424,615,0.7123875,4.788124999999999,0.058789533,0.20512795,0.00088882446,0.04186972,16,14362.0,4,7,6.0
2425,986,0.71226875,5.988192128085388,0.054042798,0.27420497,0.0016038418,0.043145403,17,15854.0,1,8,43.0
2426,494,0.7121500000000001,5.248028442146088,0.06985573,0.33493984,0.00014472008,0.04206645,16,15928.0,4,5,30.0
2427,76,0.71203125,7.67836949375411,0.06043604,0.27713156,0.00091409683,0.04092505,14,23966.0,4,2,23.0
2428,587,0.7119125,6.609641329384665,0.058559936,0.17176795,0.00075149536,0.044110145,20,19175.0,0,3,2.0
2429,333,0.71179375,5.109305210918112,0.05665617,0.28074348,0.0010716915,0.04194905,12,14538.0,4,10,27.0
2430,868,0.7116750000000001,5.760267996260515,0.06103787,0.31631923,0.00015974045,0.041926023,14,17522.0,4,7,14.0
2431,205,0.7115562500000001,6.4632258064516135,0.057197224,0.25631392,5.8174133e-05,0.042195532,16,20656.0,4,2,57.0
2432,594,0.7114375,9.220564932828106,0.060571548,0.2676258,0.0010089874,0.044717506,13,26477.0,2,3,39.0
2433,446,0.71131875,4.460563380281689,0.070325926,0.26528615,3.194809e-05,0.044169452,16,13310.0,5,7,5.0
2434,183,0.7112,5.939215686274512,0.056514114,0.33086193,0.00017976761,0.043836758,19,17864.0,3,2,12.0
2435,456,0.71108125,5.977900552486188,0.054828186,0.34434658,0.00038719177,0.044281065,14,18394.0,5,5,2.0
2436,366,0.7109625,7.187559808612437,0.06339201,0.22181726,0.00063204765,0.04614945,9,18690.0,3,11,16.0
2437,345,0.71084375,8.042220083413538,0.04916447,0.19362378,4.339218e-05,0.04291324,15,25691.0,3,1,46.0
2438,660,0.710725,6.408171786459886,0.069758214,0.34897828,0.00183177,0.04282688,18,20816.0,1,3,44.0
2439,972,0.71060625,7.2957571801566585,0.066152535,0.26326525,0.00034284592,0.041498285,14,22967.0,4,2,25.0
2440,593,0.7104874999999999,7.684326558732345,0.06672088,0.3867247,0.0010504723,0.042900026,9,21727.0,5,7,29.0
2441,209,0.71036875,6.125163398692809,0.058018167,0.18394932,0.00036358833,0.043403756,14,18743.0,0,0,0.0
2442,245,0.71025,6.9445003142677555,0.065082066,0.34515232,0.00022983551,0.043700144,19,21461.0,0,2,53.0
2443,791,0.7101312500000001,6.656296778392449,0.061345756,0.2469244,0.00033283234,0.044042658,10,18611.0,4,10,3.0
2444,199,0.7100124999999999,5.9094109681787375,0.054260805,0.197191,0.0006067753,0.04543582,15,15684.0,2,8,37.0
2445,638,0.70989375,5.578064089857944,0.047819037,0.152493,0.0015473366,0.044236284,14,15674.0,4,8,37.0
2446,52,0.709775,7.995887594242632,0.054798335,0.21627554,8.106232e-05,0.04445107,14,21873.0,1,6,36.0
2447,390,0.70965625,7.914940686117344,0.07083268,0.28749037,0.0009963512,0.042473856,12,23751.0,3,6,1.0
2448,242,0.7095375,7.162667497662819,0.07367022,0.28501368,0.0019009113,0.04292571,13,19776.0,0,10,48.0
2449,637,0.70941875,5.614758352254297,0.06090115,0.30100763,0.0026130676,0.0436082,21,17002.0,1,2,66.0
2450,232,0.7093,7.394326487991646,0.063394025,0.2578566,8.583069e-05,0.044357717,13,20382.0,3,6,8.0
2451,874,0.7091812500000001,7.914266799073155,0.07264111,0.37554252,0.002421379,0.043812413,16,23909.0,2,2,37.0
2452,806,0.7090624999999999,6.866235864297254,0.07015035,0.22424996,0.0013606548,0.042028237,18,21251.0,2,2,16.0
2453,716,0.70894375,8.408344283837058,0.055557627,0.20135105,0.0005428791,0.04346572,17,25595.0,1,1,52.0
2454,376,0.708825,6.334497206703906,0.052047204,0.35156193,0.0003142357,0.041759457,12,15278.0,2,12,27.0
2455,848,0.7087062500000001,6.366666666666665,0.06468306,0.29226208,0.000764966,0.042891014,13,18048.0,5,6,3.0
2456,584,0.7085875,8.316134453781514,0.059118863,0.23274708,0.0008826256,0.043303236,12,25038.0,4,3,9.0
2457,933,0.70846875,6.6087257617728525,0.0488966,0.15741229,0.00031208992,0.043174762,23,19086.0,0,0,166.0
2458,108,0.70835,5.795905666557483,0.052272867,0.2564078,0.000330925,0.044709105,11,16779.0,5,8,14.0
2459,667,0.70823125,7.33854822671528,0.06151857,0.22218704,0.0012419224,0.043952633,14,21537.0,3,5,36.0
2460,51,0.7081125,7.800675447483959,0.06614862,0.3059488,0.0006248951,0.04518533,14,23690.0,4,2,16.0
2461,101,0.70799375,7.747763630427684,0.05861516,0.24196517,0.00069999695,0.04250351,18,24344.0,2,0,6.0
2462,531,0.707875,7.915635179153091,0.06694826,0.28678727,0.0006313324,0.044231966,11,22459.0,2,8,22.0
2463,803,0.7077562500000001,7.17033957033957,0.07824045,0.45963275,0.00031495094,0.04424579,19,20405.0,1,2,36.0
2464,746,0.7076374999999999,6.833497536945812,0.056418378,0.23509282,0.00096416473,0.046071112,11,19590.0,4,8,21.0
2465,617,0.70751875,6.116620879120878,0.060210824,0.2539355,0.00072550774,0.044312734,12,16938.0,5,8,11.0
2466,623,0.7074,5.890552228875579,0.055455536,0.20924139,0.00046110153,0.043653864,14,16204.0,3,8,16.0
2467,219,0.70728125,7.493673337637185,0.058553014,0.23963916,0.0014901161,0.044211876,12,22286.0,3,6,2.0
2468,384,0.7071625,8.584848484848484,0.072606154,0.3285781,0.00093591213,0.045230884,16,24309.0,0,4,10.0
2469,443,0.70704375,6.881051619108689,0.062285546,0.15259647,0.00031661987,0.046351597,12,21462.0,5,5,28.0
2470,488,0.706925,5.9944536698771165,0.06483867,0.28090608,0.00060224533,0.04448786,9,17146.0,6,9,32.0
2471,462,0.7068062500000001,5.235188216039276,0.058434367,0.26347047,0.0005955696,0.040392887,14,12633.0,2,13,6.0
2472,357,0.7066875,6.971700634814567,0.06436363,0.24115694,0.00030994415,0.04219408,13,20567.0,4,5,50.0
2473,178,0.70656875,6.6262088297126835,0.056764085,0.23293519,0.0011701584,0.042537183,15,18055.0,3,6,49.0
2474,808,0.70645,6.980533854166667,0.06429543,0.23593807,0.000934124,0.041922603,16,21137.0,2,3,0.0
2475,849,0.7063312500000001,5.02657252888318,0.047508534,0.40673625,0.0008635521,0.040289316,14,13170.0,3,11,11.0
2476,854,0.7062125,4.098544973544973,0.057643473,0.32797515,0.00040912628,0.04387942,12,12394.0,8,8,9.0
2477,349,0.70609375,6.401582278481011,0.05673785,0.19855225,0.00044560432,0.0443635,12,18649.0,3,8,7.0
2478,65,0.705975,8.9021645021645,0.079276256,0.3135811,0.0007455349,0.045220673,9,25532.0,3,7,19.0
2479,300,0.70585625,5.623937060595916,0.05184585,0.29498196,7.724762e-05,0.046875846,16,16500.0,4,5,7.0
2480,661,0.7057375,8.056258790436006,0.0598481,0.31637967,0.0012602806,0.042899843,18,22912.0,1,1,0.0
2481,116,0.70561875,4.885220424992069,0.071323454,0.3014386,0.00029993057,0.04349871,14,13196.0,3,10,1.0
2482,608,0.7055,8.809019091507572,0.057330143,0.2573961,0.0007214546,0.044972777,13,26458.0,2,3,10.0
2483,584,0.7053812500000001,8.413781512605041,0.061489012,0.4452339,9.393692e-05,0.04231893,13,24436.0,2,4,5.0
2484,639,0.7052625,4.820205479452054,0.0588042,0.24169093,0.0012683868,0.042830016,20,12907.0,2,6,15.0
2485,851,0.70514375,8.83386209129168,0.0720522,1.0890629,0.00050807,0.04295233,11,26670.0,3,5,14.0
2486,800,0.705025,5.091380387257964,0.07747381,0.52354145,0.0005338192,0.044280823,19,16943.0,4,2,3.0
2487,248,0.7049062500000001,6.112710154673839,0.054665536,0.19648504,0.00059986115,0.04095878,11,17287.0,5,8,33.0
2488,464,0.7047875,6.624786324786324,0.06941267,0.22576824,1.8119812e-05,0.04340696,16,18500.0,2,5,30.0
2489,683,0.70466875,6.153340328786285,0.058362484,0.25682342,0.000103235245,0.04425609,13,15877.0,3,9,10.0
2490,561,0.70455,8.672142619126957,0.06847996,0.24859768,0.002388239,0.043653388,10,25725.0,4,5,27.0
2491,444,0.7044312500000001,6.058874013044969,0.05673635,0.17918244,0.00029325485,0.04218443,8,16193.0,6,11,8.0
2492,37,0.7043125,8.343545611015488,0.053341936,0.17931426,0.0005366802,0.04232345,18,23657.0,0,2,6.0
2493,166,0.70419375,6.071902156420983,0.052572798,0.23627019,0.00071549416,0.0425736,14,18244.0,4,6,26.0
2494,564,0.704075,5.920275023984649,0.06786032,0.2879901,0.00076532364,0.04198269,21,18200.0,1,2,36.0
2495,136,0.7039562500000001,6.92123552123552,0.07010704,0.32927787,0.0006635189,0.04189518,16,20268.0,1,5,4.0
2496,289,0.7038375000000001,8.43712239177826,0.056790274,0.31173718,0.0021202564,0.042554658,7,25165.0,3,9,33.0
2497,111,0.70371875,7.585507246376813,0.058972638,0.29064417,0.0025086403,0.042062726,16,24174.0,3,1,3.0
2498,610,0.7036,7.034193548387097,0.062547565,0.2760097,0.00053560734,0.04059787,17,22426.0,3,1,71.0
2499,561,0.7034812500000001,8.832089303565478,0.05718635,0.37650943,0.00020098686,0.043625582,17,26205.0,0,1,13.0
2500,744,0.7033625,7.046417043253712,0.050715,0.35993838,0.0007748604,0.042555396,16,21520.0,2,3,27.0
2501,975,0.7032437500000001,6.524129114733141,0.062348425,0.23938341,0.0037527084,0.043201517,22,20414.0,0,0,90.0
2502,950,0.703125,5.597466007416562,0.07237256,0.48939073,0.00032043457,0.041451905,15,16819.0,3,7,11.0
2503,675,0.70300625,8.012499999999998,0.06759184,0.39365602,0.00015997887,0.043343272,18,25320.0,0,1,16.0
2504,608,0.7028875,7.763923633969718,0.059448253,0.28291607,0.001493454,0.042976424,19,23283.0,0,1,53.0
2505,252,0.7027687499999999,6.812163050624587,0.06623337,0.25323653,0.0010209084,0.043077778,12,18289.0,2,10,9.0
2506,60,0.70265,8.026152893840914,0.06347088,0.2781117,0.00045871735,0.045027193,15,24317.0,0,5,25.0
2507,467,0.70253125,4.70308219178082,0.065741695,0.3847146,0.00028848648,0.042203072,18,12273.0,3,8,38.0
2508,987,0.7024125,6.042182792099096,0.054617036,0.2602365,0.00089621544,0.04525794,24,18048.0,0,0,186.0
2509,980,0.7022937499999999,5.2078037537043125,0.061344046,0.3500626,0.00029277802,0.045217995,17,14905.0,3,6,22.0
2510,913,0.702175,7.938023450586265,0.058352184,0.20554125,0.00034427643,0.04300484,16,23695.0,2,2,3.0
2511,424,0.70205625,4.504311721494731,0.06127773,0.25286412,4.6253204e-05,0.044015918,15,14103.0,6,6,34.0
2512,556,0.7019375,4.926127278541733,0.061543167,0.25239733,3.862381e-05,0.045119736,14,15404.0,6,6,17.0
2513,29,0.70181875,7.803572643756379,0.07439684,0.3480031,8.773804e-05,0.04205023,16,22053.0,1,4,37.0
2514,738,0.7017,8.022297756628143,0.06381692,0.20969415,7.605553e-05,0.043116305,16,22719.0,1,4,32.0
2515,539,0.70158125,5.978187919463086,0.05130085,0.24127603,0.00013709068,0.041830078,20,17815.0,2,2,30.0
2516,999,0.7014625000000001,6.494334562520952,0.06084676,0.25912893,0.00032639503,0.04367937,19,18776.0,1,3,10.0
2517,113,0.7013437499999999,6.416368638239339,0.06646254,0.34755367,0.00071156025,0.043601956,12,18368.0,5,6,30.0
2518,566,0.701225,7.424383020730503,0.055227738,0.29507184,0.00086402893,0.0429358,9,21651.0,5,8,3.0
2519,593,0.70110625,6.912228728901136,0.07278418,0.2278173,1.50203705e-05,0.04351938,7,18905.0,6,10,7.0
2520,594,0.7009875,8.347433689286945,0.06745024,0.2333734,0.00047445297,0.044658672,16,23652.0,1,3,15.0
2521,704,0.70086875,5.435894773277952,0.066532426,0.31060195,0.0014977455,0.04439793,8,16571.0,10,7,15.0
2522,125,0.70075,5.292658397586322,0.05826093,0.18727887,0.0022900105,0.042806286,16,15788.0,5,5,32.0
2523,751,0.70063125,7.531118993872944,0.06532216,0.3846085,0.00019788742,0.043654308,16,23354.0,2,2,16.0
2524,306,0.7005125,7.0208182118112825,0.0644866,0.39272547,0.00063204765,0.043046337,15,20977.0,3,4,24.0
2525,563,0.70039375,6.62060058120762,0.0740151,0.27982834,0.0008254051,0.04469754,22,20504.0,0,0,176.0
2526,347,0.700275,7.521316927169936,0.05001225,0.2728197,0.00045394897,0.043415103,14,23218.0,4,2,42.0
2527,580,0.70015625,4.485483870967741,0.06147171,0.27041674,0.0004851818,0.040919844,22,12665.0,1,5,31.0
2528,276,0.7000375000000001,7.990451103062233,0.06601856,0.3145609,0.0010814667,0.041959483,20,24267.0,0,0,108.0
2529,169,0.6999187499999999,7.599749373433582,0.06765028,0.26972497,0.0019683838,0.045529827,8,23620.0,5,7,33.0
2530,116,0.6998,4.023691722169362,0.061521564,0.5220927,0.000852108,0.04294206,15,13002.0,7,6,4.0
2531,545,0.69968125,7.523749166110735,0.06556984,0.2813301,4.7922134e-05,0.04438072,8,18359.0,1,15,9.0
2532,858,0.6995625,8.576606209652626,0.06274406,0.18981516,0.0024068356,0.04734605,5,24972.0,3,12,10.0
2533,205,0.69944375,6.298387096774194,0.08250448,0.5040068,0.0009160042,0.0438927,21,19525.0,1,1,41.0
2534,459,0.699325,5.921499013806704,0.06735522,0.25190806,0.000116825104,0.044162706,12,16188.0,4,10,14.0
2535,920,0.69920625,7.556471367096988,0.054611553,0.21102396,1.859665e-05,0.04473643,10,22526.0,3,4,0.0
2536,189,0.6990875000000001,8.933416458852866,0.065982826,0.24566221,0.003178358,0.042460322,15,27696.0,0,3,11.0
2537,799,0.69896875,6.644309323355161,0.06122057,0.27055228,0.0004005432,0.044189487,18,21629.0,2,1,39.0
2538,169,0.69885,7.52424812030075,0.063969515,0.21977806,0.0007441044,0.043768078,14,23379.0,2,4,38.0
2539,434,0.69873125,5.370981728089191,0.059681386,0.25238493,0.0006008148,0.043700073,20,17020.0,2,3,45.0
2540,518,0.6986125000000001,4.991326694506906,0.060410798,0.19837555,9.9897385e-05,0.04279791,26,15538.0,0,0,230.0
2541,303,0.69849375,5.424864498644984,0.06533206,0.2999016,0.0002937317,0.042210888,13,14243.0,4,10,3.0
2542,278,0.698375,4.917117704597328,0.060187932,0.24176836,3.5762787e-05,0.043774333,15,16921.0,8,2,8.0
2543,614,0.69825625,7.1405598958333325,0.07027771,0.29559374,0.00013828278,0.0425954,16,20707.0,1,5,14.0
2544,4,0.6981375,6.225790349417637,0.06285617,0.2715069,0.001033783,0.043570105,17,17807.0,2,5,20.0
2545,387,0.69801875,4.853397414650314,0.05996859,0.23521852,0.0009813309,0.04410502,24,14341.0,1,2,25.0
2546,665,0.6979,7.83873309138898,0.06153372,0.20853448,0.0002245903,0.045734417,15,23153.0,2,4,58.0
2547,237,0.69778125,7.3415043653458705,0.06299334,0.30867696,0.00014209747,0.044388924,21,21863.0,0,0,155.0
2548,797,0.6976625000000001,6.969990128331685,0.061257865,0.2818123,0.000330925,0.044349294,11,17535.0,1,13,2.0
2549,365,0.6975437499999999,6.4661943319838056,0.06354522,0.22701836,0.0007674694,0.043699056,21,18573.0,0,2,10.0
2550,111,0.697425,6.222705314009663,0.07185863,0.41310465,0.0002002716,0.04582821,18,19632.0,3,2,31.0
2551,425,0.69730625,6.215668202764976,0.05276246,0.33932412,0.00039219856,0.043371174,17,19581.0,2,4,3.0
2552,74,0.6971875000000001,7.380894953982862,0.068078496,0.38804317,0.000111579895,0.043754324,19,22627.0,0,2,22.0
2553,316,0.69706875,4.91104613385315,0.060651515,0.32758558,0.00022387505,0.04375754,19,13885.0,2,6,37.0
2554,564,0.69695,5.965078349856092,0.06868752,0.30546272,0.00015640259,0.044436593,18,17402.0,1,5,17.0
2555,437,0.69683125,6.656470588235293,0.0569322,0.2746408,2.193451e-05,0.043892816,21,19208.0,0,2,24.0
2556,651,0.6967125000000001,8.334623217922607,0.059962016,0.228302,0.0015177727,0.044066135,13,23670.0,2,5,29.0
2557,166,0.69659375,6.140585774058575,0.059036236,0.2095322,1.3053417e-05,0.043072622,13,17836.0,4,8,15.0
2558,747,0.696475,7.144039735099335,0.06473982,0.31096163,0.00012588501,0.044058952,7,20065.0,5,10,11.0
2559,380,0.69635625,6.913302448709462,0.06783226,0.23747316,0.00016331673,0.043722123,12,19381.0,3,8,39.0
2560,529,0.6962375000000001,5.7586160564326505,0.06310909,0.23251873,0.00031590462,0.046209693,15,16548.0,4,6,11.0
2561,445,0.69611875,7.858400776950468,0.06376019,0.25443816,0.0005862713,0.046206634,15,23039.0,1,5,21.0
2562,971,0.696,7.867788623359138,0.0686179,0.2338478,0.0017437935,0.04578149,13,22781.0,3,5,12.0
2563,236,0.69588125,5.343066884176181,0.069390245,0.44112936,0.0010712147,0.043829873,14,14231.0,3,10,2.0
2564,10,0.6957625000000001,5.562357166176949,0.068343006,0.31485152,0.00023841858,0.043921154,9,15506.0,6,11,19.0
2565,66,0.69564375,5.6987543915681895,0.076868415,0.34284496,0.0006096363,0.044997323,20,18469.0,3,1,9.0
2566,455,0.6955250000000001,6.1939102564102555,0.06691568,0.31782028,0.00085163116,0.04660205,16,18701.0,3,5,32.0
2567,235,0.69540625,6.635679845708773,0.06642277,0.31975818,0.0029997826,0.043999072,13,18777.0,2,8,24.0
2568,627,0.6952875000000001,5.9858401084010815,0.056068968,0.19229198,0.0012843609,0.04365528,19,17375.0,2,3,4.0
2569,905,0.69516875,8.32330324306252,0.07347534,0.30741036,0.00018262863,0.045296367,14,24895.0,3,3,47.0
2570,587,0.69505,7.6674234945705795,0.05911957,0.22549355,0.0043935776,0.044989765,9,21174.0,3,10,23.0
2571,101,0.69493125,7.369898792033954,0.05000024,0.22816154,0.00038170815,0.044390593,21,22574.0,0,0,53.0
2572,421,0.6948125,5.4385852090032145,0.059697498,0.30416775,0.0017998219,0.044685658,11,16292.0,6,8,3.0
2573,469,0.69469375,8.16809189534142,0.0551677,0.25655758,0.00075888634,0.04434361,11,26539.0,5,2,12.0
2574,948,0.6945749999999999,8.008681462140991,0.06551971,0.24558645,2.6226044e-05,0.04347135,12,24845.0,1,0,0.0
2575,406,0.69445625,6.229577464788731,0.05336115,0.1980226,0.0005993843,0.045745272,15,18103.0,3,6,26.0
2576,412,0.6943375,6.778253706754527,0.071718946,0.28642678,0.0009407997,0.045525685,10,18144.0,3,11,4.0
2577,809,0.69421875,8.081089743589743,0.06868691,0.23582584,0.0011992455,0.045295227,16,24589.0,1,3,20.0
2578,795,0.6941,7.983134007973016,0.06699558,0.20855808,0.00093746185,0.04398222,9,26033.0,5,5,13.0
2579,766,0.69398125,6.482794577685088,0.055745106,0.26830924,3.9815903e-05,0.043058828,23,18651.0,0,0,351.0
2580,8,0.6938625,6.226158940397349,0.06041019,0.21561813,0.0010399818,0.043115538,17,17897.0,2,5,56.0
2581,105,0.6937437500000001,7.114472822527832,0.059772402,0.24890119,0.0013811588,0.044112194,14,22033.0,4,3,1.0
2582,808,0.6936249999999999,6.6673828125000005,0.0604867,0.23091078,0.00013971329,0.04196791,16,20175.0,3,4,35.0
2583,970,0.69350625,6.4078071961982355,0.07539076,0.32706088,0.0005748272,0.04271696,22,19172.0,1,0,16.0
2584,32,0.6933875,5.0199052132701425,0.054496456,0.24151766,0.00032305717,0.044235405,12,14238.0,6,8,20.0
2585,379,0.69326875,5.158081864356139,0.05773549,0.23733616,2.9802322e-05,0.045735065,8,16260.0,6,9,0.0
2586,708,0.69315,8.233997937435545,0.06563384,0.45731258,0.0043416023,0.04441847,13,23080.0,2,5,46.0
2587,428,0.69303125,4.358954748247291,0.07227524,0.4527781,0.0001411438,0.041973144,17,12737.0,4,7,22.0
2588,522,0.6929125,7.167760294609975,0.06872565,0.333624,0.0011963844,0.04491325,9,20514.0,5,8,12.0
2589,381,0.69279375,7.750997340425527,0.06683464,0.26522577,0.0013284683,0.04504277,7,18803.0,1,16,4.0
2590,299,0.6926749999999999,6.161962365591395,0.06300091,0.23647547,0.0041599274,0.04507871,6,16850.0,7,12,8.0
2591,698,0.69255625,6.298128615175226,0.052060578,0.2817707,0.00019264221,0.04465932,15,16159.0,1,9,1.0
2592,730,0.6924375,6.306999351911858,0.05806276,0.3097903,0.0003182888,0.044552296,16,18229.0,2,6,3.0
2593,406,0.6923187500000001,6.161349492302652,0.05436107,0.32387215,2.7656555e-05,0.042703018,12,18200.0,5,7,28.0
2594,747,0.6921999999999999,6.540728476821191,0.056549277,0.26970124,0.000669837,0.045051828,14,18545.0,3,7,5.0
2595,604,0.69208125,6.686648501362394,0.05815944,0.25029963,0.00111866,0.04315597,5,16696.0,5,15,3.0
2596,318,0.6919625,7.244050991501417,0.07423841,1.2317156,0.0007505417,0.041698504,20,21022.0,2,0,59.0
2597,591,0.69184375,7.990346451395896,0.060432177,0.19952464,0.0017633438,0.043844547,19,23458.0,0,1,56.0
2598,21,0.691725,8.2509765625,0.05619635,0.21215165,1.4781952e-05,0.047204737,13,25347.0,3,3,23.0
2599,454,0.69160625,8.576058201058201,0.058387566,0.24662912,0.00012731552,0.046904955,15,24422.0,0,5,31.0
2600,144,0.6914875,8.089594995060914,0.05571951,0.21492192,0.00031995773,0.044597805,6,23657.0,6,9,17.0
2601,906,0.6913687500000001,7.502945990180029,0.057902664,0.26960292,0.00024580956,0.042464305,11,20783.0,2,9,12.0
2602,300,0.6912499999999999,7.307599598259122,0.062470034,0.24015707,0.00044608116,0.04452531,12,20633.0,3,7,34.0
2603,757,0.69113125,5.375726886638354,0.059546012,0.26427788,0.000893116,0.046207055,22,16149.0,0,1,0.0
2604,982,0.6910125,5.959015365318281,0.074763834,0.23656449,5.531311e-05,0.042681795,18,19960.0,4,1,41.0
2605,579,0.6908937500000001,5.888254810882547,0.062125996,0.35242343,0.00035119057,0.044233795,12,16843.0,5,8,12.0
2606,814,0.690775,5.13057368601855,0.0622959,0.26786816,0.0008895397,0.04252355,21,14644.0,2,3,28.0
2607,318,0.69065625,9.200991501416429,0.07285342,0.30726004,0.0007276535,0.04341015,13,24854.0,1,5,36.0
2608,764,0.6905375,5.418595703751206,0.059438538,0.36345792,0.00028014183,0.044429973,5,18772.0,12,6,19.0
2609,390,0.69041875,7.562936838730363,0.059518147,0.2741506,0.000385046,0.045934755,9,22965.0,5,7,5.0
2610,607,0.6903,7.3349834983498345,0.058967244,0.2860353,0.00035834312,0.04414478,16,21316.0,1,4,32.0
2611,123,0.69018125,5.804998437988125,0.068015695,0.24356258,0.000104904175,0.046322044,14,16021.0,2,10,17.0
2612,505,0.6900625,6.735584504628042,0.082449496,0.32666117,0.0019311905,0.04631463,22,19356.0,0,1,59.0
2613,529,0.6899437500000001,5.792038965401408,0.05813521,0.25850534,0.0012100935,0.04577373,11,15159.0,4,11,16.0
2614,129,0.6898249999999999,7.113972784600068,0.04877928,0.23886585,5.9604645e-05,0.046869393,15,22037.0,4,2,28.0
2615,375,0.68970625,7.907677481529071,0.059810508,0.27176595,0.0010609627,0.046249002,18,23994.0,0,2,45.0
2616,175,0.6895875,8.812350468800517,0.069118865,0.25093102,3.8146973e-05,0.044102024,8,26638.0,4,6,4.0
2617,894,0.6894687500000001,7.682841823056302,0.062620096,0.23497176,0.0005478859,0.04433112,19,23224.0,1,0,59.0
2618,511,0.68935,5.733179875041102,0.063464865,0.3508042,0.00040483475,0.043042645,12,15610.0,4,10,34.0
2619,991,0.68923125,6.687141410732365,0.05760694,0.23920321,6.198883e-05,0.0442566,13,19814.0,5,5,6.0
2620,602,0.6891125,7.731614654002713,0.061855357,0.48357415,0.0018692017,0.044420734,20,22498.0,0,1,65.0
2621,90,0.6889937500000001,9.334851138353766,0.06646346,0.32826877,0.000821352,0.044222068,14,26080.0,1,3,17.0
2622,737,0.688875,5.378258022265881,0.062191337,0.33953536,0.0005168915,0.04410733,21,17036.0,3,1,46.0
2623,181,0.68875625,9.980220158238732,0.06472882,0.3222227,0.0005338192,0.04694924,11,27559.0,1,6,1.0
2624,242,0.6886375,5.5100654409473355,0.06879746,1.3247947,0.0005829334,0.04515964,11,17040.0,6,8,13.0
2625,389,0.6885187500000001,5.730431979368147,0.06968891,0.27871704,0.00036239624,0.04490796,13,16535.0,4,8,35.0
2626,154,0.6884,4.294206714944042,0.06454233,0.20030934,0.0003194809,0.04362662,25,12742.0,1,2,34.0
2627,112,0.68828125,6.575254237288135,0.066248275,0.38772345,7.1525574e-05,0.044606686,12,18217.0,4,8,21.0
2628,986,0.6881625,6.115677118078716,0.075810336,0.30717206,0.0010044575,0.043753598,13,16536.0,3,9,9.0
2629,459,0.6880437500000001,5.926561472715314,0.062293693,0.2338784,0.00028133392,0.044350967,14,15595.0,2,10,14.0
2630,484,0.687925,6.526517886445685,0.06170271,0.19872183,8.9645386e-05,0.043228526,19,20191.0,2,1,65.0
2631,187,0.68780625,6.940558734432849,0.07627419,0.33974326,0.00049734116,0.04333663,15,19432.0,2,6,24.0
2632,607,0.6876875,8.811221122112212,0.06374061,0.43832886,0.0025262833,0.04744788,10,26092.0,3,5,26.0
2633,771,0.6875687500000001,5.586867392696989,0.059934553,0.35918838,0.0003902912,0.04573066,24,17130.0,0,1,84.0
2634,778,0.68745,8.378546712802766,0.082217865,0.29921037,0.00060367584,0.04423291,15,22769.0,0,5,3.0
2635,402,0.68733125,6.59285714285714,0.058808893,0.26164436,0.0006864071,0.04571238,14,17325.0,1,8,0.0
2636,276,0.6872125,8.029206453737242,0.06604481,0.5082208,0.0006155968,0.04531466,13,24081.0,3,4,32.0
2637,182,0.6870937500000001,5.291946527551352,0.06921315,0.24484006,9.3221664e-05,0.042671036,18,15617.0,3,5,5.0
2638,801,0.686975,6.809914204003811,0.06540159,0.35100275,0.0011508465,0.042213053,15,20172.0,2,6,17.0
2639,758,0.68685625,6.039057899901865,0.07415741,0.22811112,0.0007994175,0.042126093,13,17850.0,5,7,16.0
2640,45,0.6867375,7.289430894308944,0.06526655,0.28310215,0.0010266304,0.044191882,15,22415.0,3,3,29.0
2641,474,0.68661875,4.791072021241285,0.05474645,0.22496986,0.0006687641,0.043204013,11,12929.0,6,11,18.0
2642,893,0.6865,7.553177602198557,0.054182988,0.27318612,0.0005838871,0.047282074,18,21114.0,0,3,24.0
2643,410,0.6863812499999999,8.197492673396289,0.073615775,0.28294942,0.00038909912,0.044821355,15,23639.0,0,5,23.0
2644,889,0.6862625,7.387644151565074,0.062509745,0.25674963,0.0001552105,0.04623272,14,22118.0,3,4,19.0
2645,537,0.68614375,5.365249215754617,0.058683574,0.22775537,4.529953e-06,0.047267135,23,15106.0,1,2,53.0
2646,20,0.6860250000000001,6.2861959287531795,0.06086573,0.3293593,0.00061655045,0.045902196,13,19135.0,4,6,42.0
2647,378,0.6859062499999999,6.950134048257373,0.07122023,0.25580752,0.0014467239,0.04300852,20,19844.0,0,3,48.0
2648,351,0.6857875,8.146362098138747,0.06823822,0.28041768,0.00046920776,0.04272008,5,23186.0,6,9,10.0
2649,832,0.68566875,5.695963835970293,0.06361721,0.3062904,0.0017194748,0.04496907,19,17021.0,2,4,10.0
2650,507,0.68555,7.439764936336924,0.06624281,0.2557225,0.00051641464,0.046320613,18,22788.0,1,1,10.0
2651,888,0.68543125,7.300271739130434,0.06428198,0.23604035,0.00022363663,0.045214385,18,20020.0,0,5,44.0
2652,976,0.6853125,6.149715433545362,0.06860259,0.38643825,0.0013542175,0.042371646,15,16577.0,2,8,23.0
2653,887,0.68519375,5.649476528199933,0.06363662,0.4237594,0.0014381409,0.04291037,24,16432.0,0,1,82.0
2654,335,0.685075,6.844444444444445,0.07166477,0.27900243,0.0046544075,0.043822527,15,22125.0,4,3,31.0
2655,596,0.6849562499999999,7.0220735785953154,0.0760203,1.1954,0.00046348572,0.04396451,13,19202.0,2,8,18.0
2656,872,0.6848375,6.578153846153844,0.05818519,0.31653357,7.9631805e-05,0.044324774,10,19104.0,3,10,15.0
2657,10,0.68471875,5.376395690499509,0.055352494,0.24632826,0.00078725815,0.044301983,19,15549.0,2,5,4.0
2658,164,0.6846000000000001,8.915878952737161,0.0715589,0.22406715,0.0010347366,0.043113466,7,24457.0,3,9,12.0
2659,406,0.6844812499999999,7.470291516541105,0.06411313,0.24255031,0.000688076,0.043536764,14,20975.0,1,7,60.0
2660,246,0.6843625,6.726755852842807,0.08821165,1.2902828,0.00013971329,0.04333706,21,19515.0,0,2,53.0
2661,162,0.68424375,4.491938192811554,0.064159624,0.27925718,0.00020503998,0.04622781,16,11884.0,4,9,15.0
2662,776,0.684125,6.94101599247413,0.062002506,0.31900182,6.914139e-05,0.04474899,18,21816.0,1,2,34.0
2663,478,0.68400625,6.398652550529355,0.059225205,0.27032927,0.00019669533,0.042626783,16,20568.0,4,2,10.0
2664,962,0.6838875,7.703635183382019,0.065161414,0.22696024,0.00092601776,0.044078376,10,24043.0,5,4,6.0
2665,315,0.68376875,5.747395833333332,0.0710511,0.386178,5.9366226e-05,0.046125248,13,17656.0,0,0,0.0
2666,616,0.6836500000000001,5.904241435562804,0.07717866,0.2931372,0.0013720989,0.044387504,15,17177.0,3,6,7.0
2667,167,0.6835312499999999,6.642711864406777,0.06498616,0.23083895,0.0005142689,0.043677855,11,17531.0,3,10,34.0
2668,934,0.6834125,5.3383322559793145,0.06722352,0.31098974,0.00025701523,0.042922568,9,15898.0,7,9,3.0
2669,727,0.68329375,7.286538461538463,0.06186956,0.33041036,3.8146973e-06,0.04127308,18,23358.0,2,0,49.0
2670,990,0.6831750000000001,6.503458213256484,0.058867473,0.24039093,0.00072717667,0.042202953,11,19998.0,5,6,13.0
2671,834,0.68305625,6.087191157347203,0.068076134,0.2635476,1.1920929e-05,0.04427163,14,18109.0,4,6,22.0
2672,321,0.6829375,5.174499473129609,0.08399572,0.29148328,0.0010824203,0.042699445,21,13593.0,1,5,64.0
2673,149,0.68281875,7.324567943070148,0.06347093,0.30771396,0.00020384789,0.042932507,17,22205.0,3,1,38.0
2674,710,0.6827,6.749270326615706,0.0726748,0.30178213,9.870529e-05,0.044162884,10,20000.0,7,5,20.0
2675,101,0.68258125,6.874077701599738,0.07122728,0.3682747,0.00071287155,0.04488216,19,20749.0,1,2,2.0
2676,639,0.6824625,6.108219178082189,0.07230952,0.34880757,0.0016524792,0.04360102,13,16084.0,3,9,10.0
2677,649,0.68234375,6.846960297766747,0.05992019,0.23579982,0.0012178421,0.04380958,10,20785.0,4,8,6.0
2678,222,0.6822250000000001,7.623339780786588,0.049726117,0.23109683,0.0002462864,0.04301178,8,22717.0,5,8,14.0
2679,431,0.6821062499999999,8.821835977050288,0.07016821,0.29592282,0.00020289421,0.04396042,11,27028.0,5,2,39.0
2680,406,0.6819875,5.585424172944643,0.073074274,0.31628612,0.0014681816,0.04432105,18,16747.0,3,4,18.0
2681,695,0.68186875,6.548717948717945,0.07236994,0.42043698,0.00083851814,0.044280544,10,17000.0,2,13,2.0
2682,338,0.6817500000000001,5.269035532994922,0.06569139,0.21314758,0.0025199652,0.044192687,18,13206.0,1,9,1.0
2683,741,0.68163125,7.024820378837358,0.0670089,1.1622173,0.0018568039,0.04568763,5,19979.0,6,11,4.0
2684,235,0.6815125,7.211314689810349,0.06613761,0.25853407,0.00082588196,0.044978727,18,21190.0,0,4,26.0
2685,212,0.68139375,7.404631441617743,0.061315294,0.23090005,0.0010478497,0.04423171,12,22396.0,4,5,28.0
2686,423,0.6812750000000001,6.020202020202019,0.056336507,0.250853,0.00019645691,0.045716975,19,17583.0,2,3,15.0
2687,778,0.68115625,7.918685121107266,0.062299117,0.20443487,0.00040483475,0.04447022,10,22885.0,5,5,3.0
2688,722,0.6810375,6.11584258324924,0.06443604,0.26241347,0.002222538,0.044528116,14,15804.0,2,10,10.0
2689,616,0.68091875,6.062969004893962,0.06372393,0.23888612,0.00047540665,0.044117484,18,17970.0,2,4,13.0
2690,692,0.6808000000000001,6.496953283683141,0.056331683,0.33237386,4.887581e-05,0.043671843,23,19192.0,0,0,219.0
2691,78,0.68068125,6.1914230019493175,0.057039697,0.26018333,0.00025844574,0.04449719,22,19365.0,1,0,26.0
2692,463,0.6805625,6.209466098919093,0.07507978,0.98962164,7.43866e-05,0.045799077,12,17431.0,4,9,19.0
2693,689,0.68044375,7.407132963988918,0.08693242,0.41266942,0.0024929047,0.04707839,17,19659.0,0,6,1.0
2694,290,0.6803250000000001,7.502376103190766,0.062638044,0.35569596,0.00033855438,0.04375707,15,20629.0,1,6,4.0
2695,834,0.68020625,6.940897269180753,0.07215325,0.52121687,0.00021910667,0.0438517,17,20735.0,1,3,0.0
2696,127,0.6800875,6.316326530612243,0.071130395,0.4938165,0.0009982586,0.044801842,19,18240.0,0,5,26.0
2697,901,0.67996875,5.479522184300341,0.06850693,0.28318438,0.00081825256,0.04432303,14,16934.0,7,4,19.0
2698,240,0.6798500000000001,8.80718829516539,0.06725346,0.24057555,0.0022251606,0.045273814,8,25489.0,2,9,20.0
2699,941,0.67973125,6.43427065026362,0.050101433,0.22339165,0.0017694235,0.046118673,19,18021.0,2,3,63.0
2700,74,0.6796125,6.788670263408441,0.059619248,0.20702195,0.000446558,0.04628876,15,21076.0,3,4,21.0
2701,696,0.67949375,6.428390113560452,0.058831062,0.26771498,0.0017147064,0.044925746,12,18049.0,4,8,6.0
2702,898,0.6793750000000001,6.330618892508142,0.064922936,0.28861222,0.0011720657,0.0470407,19,18207.0,0,4,1.0
2703,740,0.67925625,5.930639730639727,0.06797883,0.3066133,0.00063061714,0.04336727,15,14644.0,1,11,15.0
2704,968,0.6791375,7.0541456864719665,0.05343041,0.26320136,0.00025987625,0.04268116,12,18929.0,2,9,5.0
2705,157,0.67901875,6.375497597803703,0.08612457,0.344943,0.00019931793,0.042063165,17,16247.0,0,8,21.0
2706,538,0.6789000000000001,9.436552374960677,0.07015821,0.4458667,0.00025343895,0.044223074,11,29363.0,2,4,8.0
2707,690,0.67878125,4.897799266422139,0.06530428,0.2800772,0.00023555756,0.045360446,14,13189.0,4,9,26.0
2708,866,0.6786625,6.5937058229552346,0.076965,0.27543354,0.001475811,0.043982226,14,19887.0,5,4,33.0
2709,241,0.67854375,5.944885306881585,0.062098604,0.22380829,6.222725e-05,0.046106834,21,18533.0,0,2,42.0
2710,239,0.6784250000000001,5.776812069530991,0.06413892,0.29775035,0.00031089783,0.04564855,13,16089.0,4,9,3.0
2711,520,0.6783062500000001,7.71823919217419,0.06268989,0.34371138,0.00016832352,0.045011997,16,24776.0,2,1,14.0
2712,130,0.6781874999999999,5.429728020240352,0.058272112,0.28139973,0.00079631805,0.04406866,15,15904.0,3,7,35.0
2713,715,0.67806875,4.569703727301687,0.057731453,0.23722267,0.00049877167,0.04360513,18,12147.0,2,9,16.0
2714,787,0.67795,6.027380952380952,0.07267951,0.27225977,0.00081181526,0.045151815,14,17622.0,4,6,20.0
2715,413,0.67783125,4.805900151285931,0.06628486,0.31032234,1.2397766e-05,0.04326655,15,15553.0,5,6,38.0
2716,311,0.6777125,7.1161490683229776,0.06852526,0.47298896,0.0008151531,0.043762382,14,18594.0,1,8,22.0
2717,560,0.67759375,7.0775164303009355,0.07323467,0.5065305,0.00024461746,0.04535106,21,20172.0,0,1,51.0
2718,207,0.677475,6.799438793405823,0.056665704,0.22972345,0.00087976456,0.043713037,17,18815.0,2,4,26.0
2719,677,0.67735625,6.252479999999997,0.07469475,0.3524722,0.0009531975,0.04226741,14,16414.0,1,11,33.0
2720,40,0.6772374999999999,7.210387495929665,0.06730254,0.27674538,0.0010700226,0.04184063,20,21836.0,0,1,21.0
2721,517,0.67711875,5.001666666666666,0.074799426,0.31232417,0.0012860298,0.045141768,9,14705.0,8,9,26.0
2722,186,0.677,6.057247340425534,0.06964458,0.27032053,0.00019931793,0.04349925,17,18521.0,4,3,4.0
2723,438,0.6768812500000001,5.139904175222449,0.05650102,0.25551915,9.870529e-05,0.04528215,15,13850.0,4,8,38.0
2724,376,0.6767624999999999,5.041340782122905,0.05995513,0.21679458,0.0003399849,0.04367328,16,14152.0,5,6,4.0
2725,569,0.67664375,6.8881967213114725,0.079573505,0.36416793,0.00024724007,0.04538591,16,18874.0,0,7,32.0
2726,539,0.676525,7.512751677852346,0.07241404,0.29375196,0.0016622543,0.04267423,12,20600.0,2,8,47.0
2727,450,0.67640625,6.3583467872134305,0.07755514,0.33865157,9.36985e-05,0.043070402,12,18453.0,4,8,11.0
2728,881,0.6762875,8.682183523107836,0.05675198,0.27502543,0.00033855438,0.044264685,17,25925.0,1,1,0.0
2729,104,0.67616875,8.276668826960464,0.07454533,0.29363275,0.0026435852,0.04277742,11,23073.0,1,9,4.0
2730,683,0.67605,4.623189926547743,0.06902874,0.41990882,5.2928925e-05,0.044151783,25,12360.0,0,3,81.0
2731,14,0.6759312500000001,6.273825503355703,0.065176584,0.65594923,0.00011086464,0.045408014,16,17504.0,2,6,39.0
2732,783,0.6758124999999999,8.882949467170846,0.056396324,0.23030102,0.00032424927,0.043849457,10,24386.0,2,7,1.0
2733,306,0.67569375,6.3705707687231925,0.06543014,0.27940124,0.0006477833,0.04255705,17,18703.0,2,4,6.0
2734,591,0.675575,7.260174907500839,0.058718618,0.27936888,0.0007712841,0.040996473,15,20098.0,1,6,19.0
2735,519,0.6754562500000001,7.0879338306843955,0.06721873,0.25641364,0.0009725094,0.04181968,14,19694.0,1,8,4.0
2736,367,0.6753375,5.986662153012864,0.08523297,1.5733124,0.0012841225,0.043977182,14,16503.0,0,4,0.0
2737,285,0.67521875,7.28952348766475,0.050675254,0.25420618,0.0010566711,0.043065365,16,20682.0,1,4,9.0
2738,733,0.6751,5.639539409665909,0.07926638,0.38086414,0.0014109612,0.04363,23,17695.0,1,0,48.0
2739,972,0.67498125,8.393146214099216,0.062839374,0.37076283,0.00090169907,0.042284105,11,24491.0,2,6,24.0
2740,305,0.6748625,5.891469194312793,0.058707073,0.29294848,0.0015025139,0.045468394,14,16431.0,2,9,24.0
2741,179,0.67474375,6.464859437751001,0.062999584,0.31699634,0.00033426285,0.045827266,13,16329.0,1,11,54.0
2742,217,0.674625,8.311345646437994,0.06452715,0.24541584,0.0016107559,0.044555828,15,25200.0,0,0,0.0
2743,692,0.6745062500000001,8.180974949221394,0.059495274,0.28373832,0.00077295303,0.046590086,17,22985.0,0,4,26.0
2744,30,0.6743874999999999,7.8540026246719155,0.070506774,0.4818707,0.00053596497,0.045106698,14,23939.0,3,3,21.0
2745,815,0.67426875,8.265217391304347,0.09142438,1.6116474,0.0009901524,0.044273417,12,24115.0,3,5,27.0
2746,304,0.67415,6.7368570526980145,0.07522032,0.37454665,0.000541687,0.046603102,14,21666.0,4,3,10.0
2747,147,0.6740312500000001,6.724762908324552,0.063377716,0.29195273,0.0008983612,0.04400739,9,18576.0,6,8,14.0
2748,298,0.6739125,6.606885245901639,0.059870135,0.21312356,0.0011677742,0.044714365,15,19541.0,3,5,5.0
2749,167,0.67379375,6.309830508474576,0.06466874,0.3144015,0.0007402897,0.043549996,13,17729.0,4,7,52.0
2750,310,0.673675,8.392297899427115,0.055430144,0.26256794,0.0004968643,0.044788193,15,25426.0,1,4,43.0
2751,666,0.6735562500000001,8.209090909090907,0.07821056,0.3330376,1.7642975e-05,0.046810627,12,22472.0,2,7,38.0
2752,186,0.6734375,5.930984042553189,0.063928895,0.2590099,0.0005598068,0.045264546,14,15434.0,2,10,1.0
2753,680,0.67331875,6.5439186937687435,0.07313248,0.31941807,0.0006542206,0.0453876,15,18738.0,3,6,16.0
2754,345,0.6732,8.746904074430542,0.074887805,0.28477395,0.0018148422,0.04573071,14,26329.0,1,4,11.0
2755,527,0.6730812500000001,5.154393988892517,0.06507332,0.24942172,4.029274e-05,0.046377316,15,13941.0,3,9,47.0
2756,235,0.6729625,7.162198649951782,0.06433731,0.34901425,0.0011107922,0.044066414,8,20415.0,4,10,18.0
2757,178,0.67284375,5.787666433076383,0.06332507,0.22457314,0.0017347336,0.04378457,16,16518.0,1,1,0.0
2758,647,0.672725,5.07883981542518,0.069526546,0.2960174,0.0011620522,0.044503972,14,14499.0,5,8,8.0
2759,956,0.67260625,6.286444516337754,0.066826254,0.3353629,0.0013616085,0.04297356,15,18195.0,2,6,16.0
2760,414,0.6724875,7.341025641025638,0.072406165,0.4301746,0.000341177,0.041733388,13,20720.0,1,8,2.0
2761,332,0.67236875,6.912374581939798,0.06431734,0.27258503,0.002699852,0.04544592,9,20369.0,6,7,18.0
2762,905,0.67225,6.299933132731527,0.053636823,0.30421737,6.2704086e-05,0.043178868,15,18544.0,4,5,19.0
2763,426,0.6721312500000001,4.957598266790468,0.054155335,0.21075124,2.3841858e-05,0.043604743,16,16018.0,5,5,13.0
2764,139,0.6720125,7.3145712443584765,0.07460242,0.30734944,0.00071287155,0.044002745,14,21449.0,2,6,40.0
2765,778,0.67189375,7.3944636678200695,0.06235667,0.3319546,1.4305115e-05,0.04297808,18,20503.0,0,3,2.0
2766,464,0.671775,5.787008547008546,0.07325419,0.27749592,0.00057530403,0.044315,15,16342.0,4,6,18.0
2767,406,0.6716562500000001,6.668784801834258,0.08333054,0.50769866,0.0006740093,0.04525025,18,18528.0,0,6,2.0
2768,123,0.6715375,5.21824429865667,0.065807216,0.29254773,0.0004863739,0.043701675,14,17984.0,7,3,14.0
2769,737,0.67141875,6.654747871643745,0.049374208,0.2594896,0.00029945374,0.04677896,9,20629.0,7,6,30.0
2770,708,0.6713,8.748401512547268,0.066391416,0.31619084,0.0016491413,0.0477864,17,25740.0,1,0,44.0
2771,43,0.6711812500000001,4.967688378033206,0.06059718,0.3596369,0.00043153763,0.047151133,17,15872.0,5,4,10.0
2772,381,0.6710625,5.677194148936167,0.07496368,0.25674176,4.529953e-06,0.04683696,12,14069.0,3,13,4.0
2773,505,0.67094375,9.667912238601302,0.06913882,0.43759596,0.0009994507,0.044234067,16,28493.0,1,0,18.0
2774,423,0.670825,6.0161616161616145,0.06819266,0.36253095,3.2186508e-05,0.043175727,17,16680.0,2,6,7.0
2775,7,0.6707062500000001,7.486510979435343,0.06443603,0.26499343,0.00197196,0.0438173,16,20905.0,2,4,2.0
2776,211,0.6705875000000001,10.006345009914076,0.0629818,0.23035863,0.00032186508,0.04376869,11,29674.0,2,4,1.0
2777,243,0.67046875,6.821758104738153,0.067572095,0.27824587,2.69413e-05,0.04279874,18,20601.0,0,4,6.0
2778,857,0.67035,7.327420362273576,0.06521734,0.2239187,4.673004e-05,0.041517105,9,21221.0,3,10,32.0
2779,825,0.6702312500000001,6.235384615384613,0.06306216,0.31297585,0.0002632141,0.042331964,16,16776.0,2,7,11.0
2780,870,0.6701125,4.705313217448342,0.082395285,1.2781806,0.0004963875,0.04399742,13,12822.0,5,10,27.0
2781,561,0.66999375,8.561479506831056,0.06900778,0.3108693,1.001358e-05,0.04687701,18,25693.0,0,0,1.0
2782,252,0.669875,5.138724523339907,0.06319985,0.17784953,0.0016801357,0.046080004,24,15632.0,1,1,72.0
2783,844,0.66975625,6.904713804713806,0.064443626,0.36917692,0.00013923645,0.04399045,17,20804.0,3,2,55.0
2784,745,0.6696375,6.140950520833331,0.07078429,0.36734894,0.0008711815,0.044630725,8,17329.0,6,11,10.0
2785,667,0.6695187499999999,9.220251905866755,0.060936112,0.27152625,0.00046277046,0.045480415,8,26309.0,3,8,13.0
2786,188,0.6694,8.037246049661398,0.06166288,0.24632254,0.0008869171,0.04500097,13,23373.0,1,6,4.0
2787,715,0.66928125,5.052086651799934,0.08053433,0.5090508,0.00071024895,0.048550908,12,14289.0,5,10,13.0
2788,456,0.6691625000000001,6.6228144296392575,0.068345584,0.28701812,0.0005514622,0.04687794,11,19763.0,5,7,2.0
2789,201,0.6690437499999999,7.591816920943135,0.08532482,0.2972257,0.00032687187,0.044579342,12,21318.0,4,6,20.0
2790,484,0.668925,8.140695766327536,0.058424205,0.247033,0.00071167946,0.04432118,11,24500.0,4,5,15.0
2791,284,0.66880625,6.239334239130432,0.07214867,0.4006698,0.0008254051,0.04456566,7,15719.0,5,14,3.0
2792,604,0.6686875,4.922547683923705,0.071632616,0.31336224,0.0007112026,0.04500078,12,14159.0,7,8,1.0
2793,432,0.66856875,8.451403449442001,0.06608835,0.38467002,0.00016641617,0.04670307,12,23808.0,2,6,16.0
2794,181,0.66845,9.36498108015136,0.058199357,0.35688233,0.00092601776,0.04553515,16,27224.0,1,1,27.0
2795,193,0.66833125,7.929918588873811,0.066484004,0.25774175,0.0030384064,0.04545495,12,22493.0,3,6,10.0
2796,107,0.6682125000000001,5.963174603174604,0.061609562,0.41653204,0.00077342987,0.045355063,14,19099.0,5,4,8.0
2797,54,0.6680937499999999,7.60274936061381,0.06567014,0.41670164,0.0022256374,0.04504676,16,22843.0,1,4,12.0
2798,881,0.667975,9.259678499665105,0.072345026,0.31005692,0.00061917305,0.044926766,11,27948.0,4,3,0.0
2799,312,0.66785625,6.163552021206097,0.055276815,0.21098137,1.21593475e-05,0.04652908,14,17998.0,4,6,33.0
2800,136,0.6677375,8.207850707850707,0.07820808,0.30688554,0.000834465,0.046384234,13,23956.0,1,6,23.0
2801,787,0.66761875,6.970502645502645,0.07155349,0.28421926,0.0024373531,0.045206014,16,20474.0,2,4,9.0
2802,593,0.6675,7.036031691353771,0.07092891,0.33770686,0.00044298172,0.04471742,8,19845.0,6,8,10.0
2803,780,0.66738125,7.700643086816719,0.051363874,0.24691468,0.0001001358,0.045018915,12,23327.0,3,5,33.0
2804,577,0.6672625,5.704216682056014,0.054579902,0.23289907,0.0012784004,0.043378707,10,15284.0,3,13,4.0
2805,842,0.66714375,5.7352090537566776,0.06927264,0.6060319,0.00027680397,0.046059523,9,16017.0,5,12,7.0
2806,398,0.667025,4.534934497816593,0.07167857,0.3297819,0.0023646355,0.045174878,19,14539.0,4,4,53.0
2807,437,0.66690625,7.672941176470589,0.06291565,0.24330515,0.0009300709,0.046291348,17,22827.0,2,2,8.0
2808,591,0.6667875000000001,8.339051463168518,0.067123026,0.62177896,0.00042653084,0.046080757,11,24792.0,4,4,34.0
2809,716,0.6666687499999999,9.477201051248356,0.07394536,1.5762471,0.00016880035,0.045492485,12,27631.0,1,5,12.0
2810,34,0.66655,6.027803379416281,0.069596834,0.3213973,0.0020508766,0.0460481,11,17993.0,4,9,1.0
2811,987,0.66643125,9.146300636089718,0.06937585,0.31348228,0.0017056465,0.04496919,12,27320.0,3,3,13.0
2812,800,0.6663125,4.802435977514051,0.05995269,0.3570876,0.00068068504,0.047252085,13,13136.0,4,11,10.0
2813,268,0.66619375,5.794146662282144,0.080345936,0.29291272,0.0022001266,0.04486152,24,17620.0,0,0,81.0
2814,595,0.666075,4.833377221856484,0.063839264,0.2887454,0.0028779507,0.045806106,18,14380.0,4,5,14.0
2815,404,0.66595625,7.152109704641348,0.0680106,0.28559422,0.001042366,0.045042675,11,19203.0,4,8,13.0
2816,204,0.6658375000000001,7.5004572175048985,0.062272903,0.40986735,0.0002989769,0.043846663,19,22354.0,0,2,42.0
2817,37,0.66571875,8.074526678141135,0.06854562,0.30437553,0.0007805824,0.04450548,16,22585.0,1,4,38.0
2818,678,0.6656,8.28520238885202,0.061059147,0.30818486,0.00078606606,0.044124663,16,23766.0,0,4,63.0
2819,723,0.66548125,7.146140651801028,0.08048635,0.4556768,0.0002951622,0.045498475,9,19665.0,5,9,1.0
2820,323,0.6653625000000001,7.471231979030144,0.08662623,0.38008034,0.0008234978,0.046209205,16,22497.0,2,3,5.0
2821,512,0.66524375,6.248200950441276,0.060757566,0.2982396,4.720688e-05,0.042619254,11,17818.0,0,2,0.0
2822,586,0.665125,6.092140743176586,0.07156911,0.23922926,0.0036935806,0.044412762,13,17918.0,5,7,3.0
2823,548,0.66500625,7.224060391904914,0.0634859,0.2370708,0.0005707741,0.044899415,9,20932.0,4,9,19.0
2824,589,0.6648875,6.485471826205022,0.06420422,0.2490027,0.00031089783,0.04369377,18,18517.0,2,4,28.0
2825,432,0.66476875,9.506493067297939,0.075372,0.25197518,0.00036621094,0.04248536,10,27815.0,3,4,19.0
2826,224,0.66465,8.178118609406953,0.06931487,0.3176217,0.00062680244,0.042439286,13,24288.0,4,3,18.0
2827,936,0.66453125,4.896895640686921,0.06034491,0.19863003,0.00025367737,0.04379073,12,14525.0,7,8,5.0
2828,826,0.6644125000000001,6.650032030749519,0.064497866,0.29911584,0.0005095005,0.04395468,15,20137.0,3,5,10.0
2829,769,0.66429375,8.33024167210973,0.07576785,0.33565545,0.0006380081,0.043177623,12,25201.0,3,4,15.0
2830,940,0.664175,7.214248107930241,0.077591665,0.3191855,0.0027227402,0.04316655,20,22228.0,1,0,84.0
2831,488,0.66405625,5.482530720690802,0.06985265,0.3222792,0.00027251244,0.04535238,14,16809.0,6,5,40.0
2832,830,0.6639375000000001,4.7325100339610975,0.07782786,0.5591775,0.00015306473,0.043843836,15,14033.0,4,8,24.0
2833,779,0.66381875,7.254947916666667,0.06832856,0.33773893,0.0010268688,0.043434072,18,21980.0,1,2,46.0
2834,76,0.6637,9.848389217619987,0.066687234,0.27271414,0.0008583069,0.044843778,11,28742.0,1,5,31.0
2835,293,0.66358125,5.940918298446993,0.0708654,0.31187677,0.00070142746,0.046278924,16,16116.0,2,7,1.0
2836,993,0.6634625000000001,5.383199999999998,0.06789432,0.30811834,1.2397766e-05,0.045685288,14,14635.0,3,10,4.0
2837,402,0.66334375,5.72925170068027,0.07254826,0.39912128,0.00014996529,0.045067504,20,15668.0,1,5,32.0
2838,71,0.663225,7.475702155453949,0.07482071,0.31236303,0.00068473816,0.04510201,10,20441.0,2,10,25.0
2839,856,0.66310625,5.6804020100502495,0.08423852,0.47319067,0.0003376007,0.0446118,9,17187.0,5,11,6.0
2840,546,0.6629875000000001,5.339643957548785,0.06741729,0.24540949,0.0016114712,0.044648584,14,15305.0,1,2,0.0
2841,718,0.66286875,7.511262066499822,0.07257139,0.33519837,0.00030303,0.045293774,21,21009.0,0,0,42.0
2842,130,0.66275,5.724731182795698,0.068596385,0.2950027,0.00039815903,0.044647545,13,17153.0,4,7,14.0
2843,202,0.66263125,6.531549388833828,0.07730198,0.39530218,0.0042943954,0.043226365,11,19771.0,6,6,21.0
2844,260,0.6625125000000001,6.742212709911095,0.05342433,0.2296952,0.00030982494,0.044911172,12,19565.0,4,7,0.0
2845,373,0.66239375,5.780743243243243,0.062037498,0.33063787,0.0006380081,0.044848572,9,17111.0,8,8,17.0
2846,839,0.6622750000000001,5.656008432888264,0.06427129,0.2584501,0.0010614395,0.043935716,13,16097.0,6,6,1.0
2847,34,0.66215625,5.260829493087558,0.07512723,0.32897162,0.00023984909,0.04219523,13,17124.0,6,6,13.0
2848,809,0.6620375000000001,7.675961538461537,0.061895996,0.39426255,0.00021624565,0.045287367,15,23013.0,1,4,16.0
2849,592,0.66191875,7.506747461513266,0.06352464,0.29205698,0.00031614304,0.044792343,10,23834.0,3,0,0.0
2850,694,0.6617999999999999,6.313441955193483,0.07111743,0.27345657,0.0005452633,0.042846296,14,18894.0,5,4,7.0
2851,518,0.66168125,7.7251847092836465,0.06813872,0.29662746,0.0015451908,0.044763338,14,22492.0,1,6,16.0
2852,582,0.6615625,6.951394422310759,0.05800547,1.0098121,7.2956085e-05,0.04501663,14,23046.0,7,0,23.0
2853,885,0.66144375,5.787587122469299,0.07129237,0.2878851,1.3589859e-05,0.04498632,24,17438.0,0,0,267.0
2854,647,0.6613249999999999,6.553460777851022,0.06968851,0.41594434,0.0031924248,0.047225375,13,18973.0,4,7,17.0
2855,215,0.66120625,6.9756510416666675,0.07252536,0.34892035,0.00052571297,0.048018735,17,21122.0,2,3,32.0
2856,75,0.6610875,6.137813370473537,0.06360445,0.26365554,7.772446e-05,0.04575589,15,16479.0,3,7,4.0
2857,937,0.66096875,5.8446626544187525,0.06720972,0.2747298,0.00053310394,0.044962864,11,19083.0,7,5,8.0
2858,119,0.66085,7.057473544973544,0.055496413,0.2866826,0.00029110909,0.045670833,8,20737.0,6,8,17.0
2859,538,0.66073125,8.244699591066373,0.07009125,0.257151,8.440018e-05,0.044536754,12,25892.0,3,4,29.0
2860,411,0.6606125,6.547346413637825,0.07605483,0.33648714,0.0011594296,0.043062035,14,19423.0,3,6,31.0
2861,274,0.6604937500000001,6.4362173038229376,0.069782965,0.4698465,0.00073957443,0.042972352,16,19491.0,4,3,8.0
2862,363,0.6603749999999999,5.579447852760736,0.07732183,0.42046535,0.00014948845,0.043862212,15,16885.0,3,7,1.0
2863,614,0.66025625,6.120117187499998,0.07939396,1.142839,0.0008263588,0.04322343,16,17265.0,2,7,31.0
2864,485,0.6601375,7.643044189852699,0.08184965,0.34844995,0.0013997555,0.045804203,15,21822.0,1,6,40.0
2865,930,0.66001875,7.151020408163264,0.061864864,0.4320085,0.00018644333,0.045240875,15,21502.0,1,5,7.0
2866,492,0.6599,7.378400524418222,0.072781675,0.38688833,0.00052666664,0.041423913,15,20986.0,1,6,4.0
2867,239,0.65978125,7.585569039029187,0.06673452,0.22629166,7.1525574e-06,0.044024576,8,21299.0,4,10,13.0
2868,156,0.6596625,6.0444152431011835,0.07166844,0.3503691,0.003689766,0.043686178,20,19008.0,3,1,13.0
2869,943,0.65954375,7.517546264564771,0.06373003,0.27365938,0.00077056885,0.04418397,16,22228.0,3,2,5.0
2870,365,0.659425,6.986842105263158,0.07066994,0.34173635,5.4359436e-05,0.043809917,22,20709.0,0,0,168.0
2871,875,0.65930625,6.517948717948719,0.06397069,0.26831532,0.00016760826,0.044699863,16,20436.0,4,2,5.0
2872,151,0.6591875,7.797070572569906,0.06535881,0.28380153,0.00020313263,0.046191156,10,23122.0,5,6,17.0
2873,124,0.6590687500000001,8.329836065573769,0.05330118,0.22399855,0.00024032593,0.046412315,12,23576.0,1,7,53.0
2874,32,0.6589499999999999,4.868652674339878,0.06673277,0.28690556,0.00030088425,0.04396364,8,14382.0,9,9,11.0
2875,762,0.65883125,9.231503351420363,0.081538334,0.30047515,0.0010967255,0.04316099,14,28609.0,1,2,8.0
2876,10,0.6587125,3.661932745674176,0.058634114,0.27762055,0.001010716,0.046183243,20,9685.0,3,8,53.0
2877,411,0.65859375,7.782727565133482,0.06807736,0.3187438,0.0017380714,0.045398757,12,22642.0,2,7,2.0
2878,15,0.658475,8.257389245857286,0.08184843,0.30757403,0.00037527084,0.044218987,13,23530.0,2,5,14.0
2879,964,0.65835625,7.178295341922696,0.05778722,0.23725393,0.00088214874,0.044473138,14,21426.0,3,4,28.0
2880,225,0.6582375,5.421018697614441,0.06785694,0.3409813,0.00011873245,0.045783237,15,15265.0,3,8,15.0
2881,813,0.6581187500000001,5.89172099087353,0.0624344,0.39059925,6.198883e-06,0.044048056,15,16235.0,2,8,22.0
2882,439,0.6579999999999999,7.66518381217176,0.064186215,0.429811,0.0012459755,0.045117844,11,22870.0,2,8,8.0
2883,515,0.65788125,4.847357992073974,0.06263593,0.22710031,0.0001244545,0.046494454,12,12861.0,5,11,14.0
2884,889,0.6577625,8.109060955518947,0.0712939,0.7702119,0.0008983612,0.044378836,10,24611.0,5,5,16.0
2885,574,0.6576437500000001,5.261599471249173,0.06760348,0.2753433,0.00028538704,0.044540364,9,15619.0,8,9,2.0
2886,84,0.657525,6.42450914014895,0.06942593,0.26202857,0.00064849854,0.04409535,19,18978.0,2,2,84.0
2887,949,0.65740625,7.090016638935106,0.06834488,0.2519374,0.0005207062,0.043900173,13,20404.0,3,6,27.0
2888,326,0.6572875,5.906567453898414,0.067350514,0.26060164,0.0001244545,0.043592606,18,17639.0,2,4,4.0
2889,23,0.65716875,5.991374663072774,0.09192758,1.2778095,0.00085425377,0.044406638,12,15408.0,3,11,1.0
2890,805,0.65705,6.887679999999999,0.069053255,0.27946234,0.0014796257,0.04395098,12,20274.0,3,7,26.0
2891,702,0.65693125,7.998377676833224,0.07396781,0.34439948,0.0013980865,0.04538488,12,23110.0,2,7,9.0
2892,451,0.6568125,6.3413350449293935,0.058976423,0.4026202,0.00084114075,0.044710677,16,17890.0,1,7,11.0
2893,311,0.6566937500000001,9.696687370600412,0.074742265,0.3990871,0.0010056496,0.044974998,11,26652.0,1,6,27.0
2894,317,0.6565749999999999,8.62915412905383,0.065179445,0.28667772,0.001658678,0.045992732,16,26408.0,2,0,10.0
2895,205,0.65645625,6.360967741935484,0.08372117,0.37302327,0.0008945465,0.04395464,15,19099.0,3,5,11.0
2896,470,0.6563375,7.551710125296307,0.08194371,0.34690404,0.00039315224,0.04488459,16,21119.0,1,5,23.0
2897,917,0.6562187500000001,8.114449395289624,0.07464696,0.33511722,0.00039958954,0.04439226,9,24553.0,4,7,16.0
2898,9,0.6561,9.826034373010819,0.06229109,0.24744272,0.0023927689,0.04535237,8,28674.0,1,8,12.0
2899,640,0.65598125,6.614883563955449,0.08513993,0.30985913,0.0008761883,0.042616803,18,18711.0,1,4,17.0
2900,307,0.6558625,7.457990867579908,0.06082506,0.4082905,7.915497e-05,0.042904347,15,22253.0,2,4,50.0
2901,185,0.6557437500000001,5.638625304136252,0.06863515,0.28439057,2.0980835e-05,0.043694537,15,18211.0,4,5,9.0
2902,366,0.655625,5.126315789473682,0.06725175,0.27847362,0.00043678284,0.044242393,15,13244.0,3,9,13.0
2903,355,0.65550625,8.095407031992396,0.06915137,0.37369466,0.003428936,0.045430046,12,23663.0,1,7,12.0
2904,149,0.6553875,9.553778380210096,0.05998369,0.2863943,0.0011124611,0.04360631,6,27603.0,5,7,14.0
2905,605,0.6552687500000001,6.209892613081675,0.07333591,0.3186586,0.0012183189,0.04362968,8,16010.0,4,14,11.0
2906,243,0.65515,5.912032418952617,0.07819534,0.30232126,0.00023651123,0.04596908,10,18645.0,0,1,0.0
2907,197,0.65503125,5.483662714097497,0.06323365,0.27906823,0.0019142628,0.044588983,14,16952.0,1,0,0.0
2908,949,0.6549125,8.783527454242929,0.056749124,0.30754173,0.0010237694,0.04316114,16,26094.0,1,2,21.0
2909,342,0.6547937500000001,8.514290418175829,0.051061247,0.229108,0.0015454292,0.045606744,11,23732.0,1,8,18.0
2910,923,0.654675,6.525065104166666,0.06567736,0.26927927,0.00023317337,0.04467411,11,18509.0,4,9,16.0
2911,426,0.6545562500000001,5.936149798823891,0.068653546,0.3015983,0.0008714199,0.043663606,8,16918.0,5,12,5.0
2912,983,0.6544375,6.7587236718013175,0.060887426,0.23954844,0.00028514862,0.044555467,12,19909.0,3,8,7.0
2913,307,0.6543187500000001,7.417416829745595,0.06648598,0.27574372,0.00011539459,0.042944,16,21822.0,1,4,6.0
2914,27,0.6542,6.174713020662513,0.051243544,0.2862773,0.000487566,0.041993678,13,17912.0,4,7,11.0
2915,387,0.65408125,6.237454424925422,0.07091879,0.29650557,8.3208084e-05,0.045687143,14,18215.0,4,6,21.0
2916,601,0.6539625,8.522480620155036,0.082593344,0.36536527,0.0026683807,0.044335365,15,26195.0,0,4,29.0
2917,739,0.6538437500000001,8.7,0.064795166,0.30125523,0.0019116402,0.0466308,14,24153.0,1,5,6.0
2918,301,0.653725,6.119476268412438,0.05734596,0.21154398,0.0016336441,0.046829928,12,18695.0,6,6,22.0
2919,865,0.6536062499999999,7.253223084711442,0.067680486,0.35645193,0.0019145012,0.047094617,10,21195.0,5,6,4.0
2920,50,0.6534875,8.032622251394814,0.060510684,0.32209992,0.00041770935,0.043694157,12,23866.0,3,5,1.0
2921,325,0.65336875,8.07160883280757,0.06516202,0.2921973,0.0004172325,0.044366147,11,23051.0,1,9,16.0
2922,993,0.65325,5.25536,0.06804944,0.32763398,0.000436306,0.042605624,11,17048.0,8,6,21.0
2923,845,0.6531312499999999,6.303199455411845,0.075291336,0.2992145,0.00020217896,0.044586852,11,18225.0,6,7,3.0
2924,582,0.6530125,6.608499335989376,0.07801955,0.3522352,0.0026426315,0.045787457,20,20206.0,2,1,56.0
2925,19,0.65289375,7.601587301587301,0.074997164,0.32600984,7.6293945e-06,0.04519536,11,21620.0,4,7,38.0
2926,98,0.6527750000000001,5.810678971654582,0.07860566,0.33323288,0.0006322861,0.04599004,20,17933.0,2,1,4.0
2927,654,0.6526562499999999,6.4957792207792195,0.072222404,0.31984192,0.00030755997,0.046818733,13,19391.0,4,6,28.0
2928,454,0.6525375,10.293121693121693,0.07449365,0.27384067,0.001406908,0.045665745,11,29312.0,0,6,7.0
2929,616,0.65241875,5.350407830342578,0.0684089,0.25105387,0.0019433498,0.043189745,19,17012.0,4,2,11.0
2930,136,0.6523,8.813835263835264,0.0761221,0.29965153,4.339218e-05,0.04379019,11,26461.0,2,5,2.0
2931,383,0.65218125,8.131078904991949,0.057582866,0.2771342,0.00012898445,0.044848796,17,24626.0,0,2,16.0
2932,203,0.6520625,6.483203125,0.07205304,0.2854391,0.000528574,0.045017596,9,19302.0,6,8,13.0
2933,924,0.65194375,6.633069568084406,0.05840985,0.20056605,0.000330925,0.043297444,17,21028.0,4,1,39.0
2934,46,0.651825,6.576513639387889,0.068899676,0.28682715,0.0017716885,0.04617181,13,18266.0,3,8,10.0
2935,16,0.6517062499999999,7.103614457831324,0.066463135,0.34659693,0.00016903877,0.04507697,18,20628.0,1,3,47.0
2936,5,0.6515875,6.758293075684378,0.07127595,0.2936316,0.00036764145,0.04388097,16,18811.0,0,7,6.0
2937,455,0.65146875,6.427884615384614,0.06578491,0.28142393,5.1498413e-05,0.0428824,13,19431.0,0,2,0.0
2938,87,0.6513500000000001,7.0648560209424085,0.06417612,0.25738406,0.0006971359,0.04425625,16,20979.0,2,4,32.0
2939,914,0.6512312499999999,6.384612913588175,0.06667213,0.30756676,0.00086450577,0.04255737,11,16451.0,2,13,28.0
2940,951,0.6511125,7.342216527866753,0.09214733,0.32633346,0.00056529045,0.044063434,11,22298.0,4,6,36.0
2941,917,0.65099375,8.192361553150858,0.07582102,0.3672245,0.005167246,0.046053153,17,25112.0,0,2,5.0
2942,126,0.650875,6.761579296615791,0.069901116,0.28679496,0.00030446053,0.0473221,9,18571.0,4,10,1.0
2943,182,0.65075625,5.095239647864361,0.08996753,0.5045433,0.0025155544,0.04604089,18,14707.0,2,5,0.0
2944,751,0.6506375,8.184843598839084,0.0844959,0.38347235,0.00062799454,0.04792821,15,24761.0,1,3,23.0
2945,571,0.65051875,8.650294310006538,0.069834545,0.3733709,0.0011897087,0.04602435,7,24312.0,3,10,15.0
2946,245,0.6504000000000001,6.752357008170961,0.07230958,0.2933259,0.0005180836,0.046689656,17,19895.0,0,5,4.0
2947,454,0.6502812499999999,9.250132275132273,0.060040936,0.2649083,5.9604645e-05,0.042939942,11,27670.0,3,4,1.0
2948,683,0.6501625,5.470549143057014,0.07628107,0.33549494,0.0005583763,0.044400636,10,16498.0,9,6,26.0
2949,323,0.65004375,5.148820445609436,0.07242394,0.2894961,2.3841858e-06,0.044230927,15,15409.0,5,6,39.0
2950,329,0.6499250000000001,5.697912189131101,0.068035126,0.3865347,0.00049233437,0.044659633,19,17581.0,1,4,21.0
2951,79,0.64980625,5.9187187187187185,0.07837674,0.40201437,0.0031445026,0.04450861,12,17139.0,5,7,14.0
2952,898,0.6496875,7.196416938110749,0.09032658,0.52526236,0.0014836788,0.043824013,19,21479.0,0,2,37.0
2953,327,0.64956875,6.679020979020979,0.06191909,0.2846932,0.0014233589,0.043332115,15,19102.0,0,0,0.0
2954,161,0.64945,6.7635294117647025,0.08271807,0.30571306,0.00023269653,0.046262488,9,18039.0,4,11,17.0
2955,80,0.64933125,7.587040106065627,0.061057046,0.309562,0.00017142296,0.04675108,14,21985.0,2,5,16.0
2956,30,0.6492125,8.36811023622047,0.07111911,0.2840096,0.001188755,0.044525832,15,25506.0,2,2,2.0
2957,910,0.64909375,5.765326301911668,0.06939627,0.26001692,0.0010552406,0.04328555,19,17492.0,3,3,35.0
2958,376,0.6489750000000001,5.525418994413407,0.06713021,0.26105237,8.058548e-05,0.043412983,16,15252.0,4,6,16.0
2959,291,0.6488562499999999,10.050342935528121,0.07348447,0.30262327,0.0022583008,0.044057313,6,28432.0,4,7,29.0
2960,451,0.6487375,5.017522464698333,0.059735835,0.3099683,1.7642975e-05,0.043870836,19,16881.0,5,1,15.0
2961,682,0.64861875,6.317228955126104,0.072464906,0.38227326,0.00082039833,0.045098368,11,17760.0,4,9,24.0
2962,720,0.6485000000000001,4.659987195902689,0.0693235,0.2752384,0.00016570091,0.046342343,13,13933.0,6,8,21.0
2963,729,0.64838125,6.652365930599368,0.06390883,0.28730744,0.0004210472,0.04597932,19,19820.0,0,4,31.0
2964,345,0.6482625,8.996823869104908,0.07351114,0.323151,1.9550323e-05,0.04532233,13,27108.0,1,4,9.0
2965,648,0.64814375,7.160784313725491,0.09310601,0.3605141,0.0006430149,0.046476375,13,21912.0,4,4,2.0
2966,53,0.6480250000000001,6.228171896316508,0.07275475,0.26519787,0.0012412071,0.04377282,14,18261.0,5,5,45.0
2967,642,0.64790625,6.114532871972315,0.074626826,0.29849118,0.00032162666,0.042731885,14,15359.0,2,10,41.0
2968,684,0.6477875,7.557406796436817,0.06817943,0.23607507,0.000238657,0.043315556,16,21391.0,0,5,58.0
2969,195,0.64766875,6.068459495351926,0.07850448,0.32992065,0.0010883808,0.04339696,17,17977.0,3,4,47.0
2970,62,0.6475500000000001,5.658772515010004,0.06408523,0.29494846,9.727478e-05,0.043664817,15,15466.0,3,8,10.0
2971,92,0.64743125,6.684547181760607,0.08530279,0.38480186,0.00024700165,0.04273613,15,20794.0,3,4,17.0
2972,392,0.6473125,6.034472559973708,0.08011634,0.41334903,0.0018413067,0.044952173,12,17450.0,5,8,29.0
2973,251,0.64719375,6.740076214671322,0.06870825,1.3072855,0.00058078766,0.04354368,14,19650.0,2,7,31.0
2974,730,0.6470750000000001,6.1587167854828255,0.06649419,0.3177855,0.0002772808,0.04344758,15,18080.0,3,6,20.0
2975,467,0.64695625,5.131164383561643,0.075713865,0.2252391,0.0007543564,0.042766076,18,14691.0,4,5,25.0
2976,972,0.6468375,8.412728459530026,0.07839354,0.34483194,0.0008454323,0.046657424,15,24551.0,0,4,33.0
2977,612,0.64671875,7.4691279246429625,0.08963602,0.3211257,0.0005276203,0.046473574,11,21619.0,1,10,9.0
2978,178,0.6466000000000001,7.016117729502453,0.07159593,0.37246186,0.0013189316,0.044311795,14,18597.0,2,7,17.0
2979,217,0.64648125,8.366820580474933,0.07246753,0.31109577,0.00018167496,0.044486154,16,25065.0,1,2,37.0
2980,919,0.6463625,6.989018087855295,0.069045424,0.25103724,0.00043010712,0.043529574,16,20090.0,1,6,23.0
2981,445,0.64624375,7.0935577856911625,0.07955063,0.3456235,0.0011758804,0.044700667,19,21912.0,1,1,41.0
2982,646,0.6461250000000001,7.095865633074932,0.06115055,0.23176599,0.0010228157,0.043902505,7,19492.0,4,12,9.0
2983,586,0.64600625,7.757316672147316,0.06899509,0.4077506,0.0005450249,0.043261338,8,20549.0,2,12,4.0
2984,957,0.6458875,7.204469273743015,0.073052585,0.38407174,0.0017271042,0.045164093,14,20706.0,2,6,14.0
2985,466,0.64576875,5.697927461139894,0.06920754,0.30140078,0.0017604828,0.045640793,11,15627.0,6,9,3.0
2986,977,0.6456500000000001,6.917112998040496,0.06525894,0.25088271,0.00066423416,0.047404762,11,19343.0,3,9,6.0
2987,409,0.64553125,6.789208633093524,0.067192435,0.41439182,0.00090169907,0.044161603,17,20746.0,1,4,19.0
2988,115,0.6454125,8.995483870967739,0.068127126,0.33700472,0.0008430481,0.04340029,9,26336.0,2,7,18.0
2989,677,0.64529375,6.679839999999996,0.077974774,1.965029,0.00034999847,0.04469219,7,18687.0,5,12,7.0
2990,34,0.645175,6.0909370199692745,0.067047164,0.33725548,0.00027680397,0.04564063,15,18524.0,2,6,13.0
2991,998,0.6450562500000001,7.05422853453841,0.07684036,0.4038697,0.0015163422,0.0471163,13,20305.0,2,7,53.0
2992,652,0.6449374999999999,6.980145598941098,0.06264817,0.3071308,5.722046e-06,0.047182173,22,21094.0,0,0,113.0
2993,151,0.64481875,7.51484687083888,0.06558605,0.96708286,0.0006496906,0.04519819,6,21373.0,6,10,13.0
2994,705,0.6447,5.037394532568341,0.06665772,0.29156688,8.058548e-05,0.042783502,10,13148.0,6,12,10.0
2995,452,0.64458125,6.633224115334206,0.068872415,0.36469257,0.0005726814,0.043382887,12,19329.0,4,7,20.0
2996,314,0.6444625,7.282402141184344,0.09433448,1.3821805,0.00041651726,0.04512942,20,22066.0,1,0,27.0
2997,50,0.64434375,8.685297013455857,0.06694617,0.31881535,0.0009241104,0.044568807,10,25550.0,3,6,14.0
2998,16,0.644225,6.236680053547523,0.06905998,0.38501358,0.00051546097,0.043500632,18,17440.0,1,5,17.0
2999,516,0.64410625,7.7441135734071995,0.06446722,0.26490697,0.00032663345,0.044661105,9,20921.0,4,9,13.0
3000,553,0.6439874999999999,8.023129251700679,0.06079058,0.26063442,0.00040626526,0.045593902,11,20942.0,1,10,6.0
3001,868,0.64386875,5.582642567778123,0.060623914,0.30614877,0.0009685159,0.045045465,12,16952.0,5,8,9.0
3002,736,0.64375,7.72301668369084,0.073096685,0.39042258,0.00037312508,0.04290339,16,21214.0,0,5,5.0
3003,619,0.6436312500000001,6.540480961923848,0.062096808,0.26010072,0.00015497208,0.043068346,9,18684.0,6,9,1.0
3004,173,0.6435124999999999,8.743950786056049,0.08378088,0.2899125,0.001742363,0.043423254,12,24707.0,2,5,1.0
3005,988,0.64339375,6.701199200532979,0.06451929,0.3999801,0.00016593933,0.045059666,19,20117.0,2,2,17.0
3006,703,0.643275,6.956390977443605,0.0716156,0.3850606,0.00029277802,0.044837385,10,19332.0,2,11,14.0
3007,410,0.64315625,7.018723542819926,0.08260495,0.35073954,0.0012135506,0.044792224,16,20019.0,1,6,11.0
3008,808,0.6430375,4.968945312500001,0.06666434,0.4484197,0.00031471252,0.045858245,20,15879.0,4,2,5.0
3009,291,0.64291875,7.910013717421123,0.064915106,0.30792215,4.7922134e-05,0.044274446,13,22774.0,3,4,3.0
3010,711,0.6428,5.898657718120805,0.078959316,0.26595357,0.00015830994,0.048319906,17,16386.0,2,6,32.0
3011,182,0.6426812500000001,5.863090968373001,0.07286132,0.31093642,0.0005517006,0.046001405,10,17062.0,6,9,12.0
3012,86,0.6425624999999999,6.875290215588723,0.060775295,0.33402368,0.00013637543,0.045706775,22,20729.0,0,0,20.0
3013,699,0.64244375,7.243189368770762,0.076111846,0.3388735,0.003196001,0.0469517,11,19996.0,3,9,20.0
3014,676,0.642325,6.776264329062709,0.09147644,1.8981714,0.0007147789,0.046797764,7,18912.0,6,10,11.0
3015,314,0.6422062500000001,8.712847106055536,0.08738018,1.1931361,0.00065660477,0.045087937,14,25146.0,1,4,27.0
3016,70,0.6420875,8.619136597938141,0.07630836,0.5062585,0.0017225742,0.044342596,11,24581.0,1,8,4.0
3017,525,0.64196875,5.577888777888775,0.068338566,0.4175205,0.00088596344,0.04321688,15,14348.0,2,10,19.0
3018,843,0.64185,5.442962466487934,0.074162126,0.3894174,0.00050354004,0.04464444,16,15645.0,0,2,0.0
3019,580,0.64173125,5.822580645161288,0.076011986,0.33224654,0.00071525574,0.04275416,10,16500.0,5,10,9.0
3020,119,0.6416125,5.978902116402115,0.06594871,0.27624866,0.0015428066,0.04362302,18,17173.0,2,5,11.0
3021,217,0.64149375,7.08660949868074,0.07549038,0.3212301,0.0026555061,0.043973256,16,22093.0,3,1,13.0
3022,948,0.641375,7.505156657963447,0.07852629,0.34583017,0.0030374527,0.044062123,17,22383.0,1,3,45.0
3023,281,0.6412562500000001,7.343044619422571,0.060641695,0.47016293,0.00036025047,0.044233948,7,20248.0,4,11,27.0
3024,170,0.6411374999999999,5.898529411764703,0.077523686,0.35679966,0.001131773,0.046475455,8,16261.0,5,12,6.0
3025,583,0.64101875,4.847441860465115,0.06322217,0.24551553,0.0009822845,0.04624997,11,14343.0,6,10,1.0
3026,597,0.6409,6.9343185550082085,0.06618082,0.27944708,7.581711e-05,0.044130262,12,20506.0,4,6,26.0
3027,277,0.6407812500000001,9.356043581886277,0.065777935,0.62824726,0.00011253357,0.0436915,9,27185.0,4,5,12.0
3028,988,0.6406625,8.962091938707527,0.075128235,0.27156442,0.0018520355,0.043811858,12,26604.0,3,4,36.0
3029,619,0.64054375,4.797127588510354,0.078439705,0.4470451,0.00035858154,0.045009535,14,14662.0,7,6,13.0
3030,481,0.640425,6.970212765957449,0.08515811,0.30081457,0.0007543564,0.049000323,10,20894.0,7,5,3.0
3031,889,0.6403062500000001,7.68978583196046,0.069186024,0.4059874,7.414818e-05,0.04508112,19,23035.0,0,1,2.0
3032,513,0.6401875,7.392190096377531,0.076160565,0.5878166,0.0024695396,0.047797177,12,19535.0,1,10,47.0
3033,213,0.64006875,8.065718067504962,0.07240112,0.3379177,0.00018882751,0.044695545,13,23468.0,2,5,19.0
3034,402,0.63995,8.160884353741496,0.067124575,0.32223392,0.0017127991,0.043086465,14,23699.0,0,1,0.0
3035,815,0.6398312500000001,8.262876254180602,0.06975682,0.337278,0.0013451576,0.044750303,9,23809.0,4,7,15.0
3036,807,0.6397125,5.863623789764867,0.07643219,0.31645346,0.00094127655,0.044419866,8,16090.0,1,4,0.0
3037,415,0.63959375,6.306615776081426,0.065715045,0.24562407,0.00034475327,0.04227932,12,19828.0,0,0,0.0
3038,799,0.639475,9.14951668225756,0.07555666,0.3753457,0.00048398972,0.041871455,9,27739.0,2,7,26.0
3039,471,0.6393562500000001,6.818274434893345,0.06855536,0.32585567,0.0003838539,0.043053184,16,20788.0,2,4,10.0
3040,614,0.6392375,7.716601562499997,0.080861084,0.39960986,0.0008883476,0.04237293,11,21555.0,2,9,19.0
3041,961,0.63911875,7.650582362728785,0.05640532,0.22770792,0.00036168098,0.0460216,17,22389.0,1,3,12.0
3042,851,0.639,8.030980899967629,0.07026761,0.30541992,0.0003824234,0.045427483,15,23881.0,1,4,8.0
3043,557,0.6388812500000001,5.966252716547656,0.07816716,0.31451228,0.0014135838,0.044478457,14,18251.0,3,6,20.0
3044,765,0.6387625,7.463149078726968,0.07401731,0.33818585,0.0009031296,0.0430389,11,20785.0,3,8,8.0
3045,899,0.63864375,5.536466774716369,0.07784239,0.33870128,0.0018372536,0.045090035,21,16463.0,1,3,45.0
3046,113,0.638525,4.184112792297112,0.054642733,0.39255536,0.00052022934,0.044214353,22,12749.0,4,2,48.0
3047,260,0.6384062500000001,6.9784326638129714,0.08174648,0.3575191,0.0011382103,0.042518843,14,19675.0,2,7,3.0
3048,601,0.6382875,7.960155038759691,0.081839465,0.303965,0.00029850006,0.04418699,12,25994.0,4,3,7.0
3049,426,0.63816875,4.898792943361185,0.057742063,0.29709607,1.4305115e-06,0.042650104,11,12597.0,4,14,1.0
3050,230,0.63805,6.375930851063828,0.059853885,0.23275304,0.00029492378,0.045588892,10,17374.0,4,10,6.0
3051,857,0.6379312500000001,4.746033728919424,0.06562995,0.2943051,2.5749207e-05,0.045621086,15,13916.0,4,8,18.0
3052,176,0.6378125,6.6376123234916555,0.062068313,0.2246356,0.0014784336,0.044710193,18,19748.0,1,4,72.0
3053,837,0.63769375,6.144871397582892,0.07784286,0.3506899,0.0002424717,0.046039727,11,18216.0,4,9,4.0
3054,594,0.637575,6.897657595590765,0.069829136,0.35362613,0.0015096664,0.045163628,20,19153.0,0,3,52.0
3055,947,0.6374562500000001,8.22184594953519,0.08176044,0.27229494,0.00094890594,0.047276706,5,22957.0,5,11,12.0
3056,57,0.6373375000000001,8.054830113257827,0.082341224,1.9706324,0.0015966892,0.04759207,13,23280.0,2,5,18.0
3057,568,0.63721875,7.039443312966733,0.08629987,0.39796984,7.677078e-05,0.04501097,16,20149.0,2,4,15.0
3058,919,0.6371,7.506395348837209,0.08142198,0.41247678,0.00024962425,0.046223793,12,23859.0,5,3,49.0
3059,703,0.63698125,7.358208020050124,0.07557142,0.32932734,0.0020256042,0.043960843,11,22849.0,4,6,19.0
3060,360,0.6368625,6.673445378151259,0.06598921,0.30813777,0.0009775162,0.043763664,7,17771.0,5,12,1.0
3061,565,0.63674375,6.230358350236646,0.08028027,0.3244084,0.0007314682,0.044438418,14,17542.0,4,7,33.0
3062,350,0.636625,8.172136752136751,0.095318764,0.39659643,0.00014710426,0.044338856,17,23026.0,0,3,33.0
3063,480,0.63650625,6.974710424710421,0.08670273,1.8777896,0.00058054924,0.04463227,11,19191.0,2,10,16.0
3064,293,0.6363875,6.311276164753544,0.07590884,0.37301755,5.6505203e-05,0.044316698,17,17213.0,1,6,6.0
3065,3,0.6362687499999999,7.860037523452156,0.06449507,0.3269481,0.00034713745,0.041453294,11,22578.0,1,9,17.0
3066,236,0.63615,6.073083197389884,0.07202451,0.36522353,0.00039815903,0.041481238,10,16162.0,4,12,6.0
3067,484,0.63603125,6.903807023301609,0.09586974,0.46102968,0.001390934,0.04407467,14,21950.0,5,2,16.0
3068,266,0.6359125000000001,7.329672821509557,0.07973963,0.38749316,4.7683716e-07,0.045227643,13,22318.0,0,1,0.0
3069,597,0.6357937499999999,6.362889983579639,0.061585113,0.34520194,8.559227e-05,0.04514891,15,18766.0,3,5,14.0
3070,519,0.635675,5.65092442426208,0.0698969,0.295987,3.4332275e-05,0.04454933,18,15572.0,1,7,63.0
3071,394,0.63555625,7.147361299052772,0.0935644,0.5092461,5.7935715e-05,0.0455641,6,19354.0,5,11,15.0
3072,530,0.6354375,8.514788978025809,0.08769068,0.31066728,2.9563904e-05,0.047395185,10,22405.0,2,9,29.0
3073,344,0.63531875,4.800000000000001,0.06898049,0.26295996,0.0004043579,0.045230016,13,15680.0,7,5,9.0
3074,939,0.6352,5.671414506071543,0.065471016,0.39613283,0.00094270706,0.041613407,17,16062.0,2,6,12.0
3075,142,0.63508125,7.100131449227735,0.07887381,0.37770796,0.0011482239,0.04239577,17,21910.0,1,0,0.0
3076,978,0.6349625000000001,6.266998341625206,0.084560186,0.32266355,0.0012156963,0.042645287,22,18292.0,0,2,63.0
3077,63,0.6348437499999999,6.275180091683038,0.08185482,0.34010485,0.0004787445,0.043537453,15,17332.0,2,8,23.0
3078,78,0.634725,7.267056530214423,0.07054239,0.32452598,0.0011692047,0.043719172,7,20829.0,5,10,3.0
3079,845,0.63460625,4.46147038801906,0.08170331,0.34178925,0.002110958,0.043825537,19,12814.0,4,5,5.0
3080,631,0.6344875000000001,8.59192334017796,0.08630622,0.39026943,0.0008702278,0.042066637,12,24229.0,2,5,13.0
3081,855,0.63436875,6.152806788511747,0.08820721,0.444204,0.0010881424,0.043079764,8,16401.0,5,13,8.0
3082,861,0.63425,7.681580709979905,0.07743051,0.4154104,0.0005273819,0.04474083,11,22340.0,4,6,7.0
3083,570,0.63413125,7.125738957157089,0.08257033,0.3324312,0.00019478798,0.045188736,11,19649.0,3,9,17.0
3084,119,0.6340125000000001,5.674338624338622,0.06855318,0.3378992,0.00031614304,0.044067804,13,14740.0,3,11,25.0
3085,619,0.63389375,6.825985303941214,0.09134319,1.9570941,0.0013747215,0.045391526,13,18940.0,3,8,10.0
3086,429,0.633775,6.396688741721855,0.065175734,0.4145476,0.0008394718,0.04405007,22,19016.0,0,1,37.0
3087,465,0.63365625,7.373345995568216,0.06344472,0.32004738,0.0014276505,0.04409258,12,21397.0,2,8,34.0
3088,334,0.6335375000000001,8.465562913907283,0.07978418,0.3899396,0.0020120144,0.046673026,14,23754.0,0,6,24.0
3089,720,0.63341875,4.992381562099871,0.07378828,0.41827393,0.00010418892,0.042559024,17,14659.0,3,6,1.0
3090,899,0.6333,8.264181523500813,0.081942,0.35771132,0.0012235641,0.046286702,7,26112.0,7,5,23.0
3091,68,0.63318125,7.804056264311416,0.072114825,0.32936034,0.0010817051,0.045845855,11,23857.0,0,0,0.0
3092,714,0.6330625,7.379871230091496,0.059320282,0.25020552,0.0029435158,0.04880062,21,21778.0,0,0,14.0
3093,631,0.63294375,8.426830937713895,0.07548804,0.32086375,0.0022711754,0.04594709,18,24331.0,0,1,25.0
3094,345,0.632825,5.78344562078922,0.06366993,0.30479452,0.00044107437,0.044106867,18,18027.0,3,3,64.0
3095,817,0.63270625,6.210480640854471,0.07503015,0.30491436,0.00065612793,0.04469408,19,18307.0,2,3,17.0
3096,715,0.6325875000000001,6.380248486779225,0.07572737,0.3513031,0.0010790825,0.044279084,8,15633.0,2,16,30.0
3097,771,0.63246875,7.442088404868674,0.078632966,0.32980648,5.4359436e-05,0.04304409,12,22922.0,4,5,18.0
3098,216,0.63235,7.48578263841422,0.07296126,0.36335635,0.0004169941,0.046565473,18,22196.0,2,1,10.0
3099,398,0.63223125,5.605364940736119,0.08285863,0.40537345,0.0004787445,0.04474817,12,17009.0,5,8,9.0
3100,770,0.6321125000000001,4.335046113306983,0.07795746,0.3450569,0.00035834312,0.04541637,11,12554.0,8,10,10.0
3101,724,0.63199375,5.333734939759034,0.06379825,0.34228858,0.0018234253,0.043631658,16,13616.0,1,10,16.0
3102,986,0.631875,5.36457638425617,0.07671738,0.32796776,0.00068187714,0.043839976,16,16083.0,5,5,48.0
3103,828,0.63175625,6.400998003992015,0.076347515,0.2698192,0.00032901764,0.044832204,14,18039.0,3,7,13.0
3104,660,0.6316375000000001,7.703847300924542,0.06351938,0.23651788,5.4359436e-05,0.045701995,9,22478.0,1,11,5.0
3105,178,0.63151875,7.218990889978976,0.066757165,0.43231285,6.341934e-05,0.044183016,12,19176.0,3,8,4.0
3106,806,0.6314,7.486106623586432,0.054420322,0.20821738,0.00058984756,0.041860502,15,23479.0,3,2,16.0
3107,735,0.63128125,4.782842830306823,0.07698941,0.32967007,0.0012874603,0.04404338,19,13360.0,1,7,25.0
3108,596,0.6311625000000001,6.417391304347824,0.07549306,0.28370333,0.00056791306,0.047947224,10,16497.0,3,12,7.0
3109,316,0.6310437500000001,4.689733593242364,0.07545152,0.32769823,0.00038218498,0.046966184,11,12896.0,6,11,3.0
3110,857,0.630925,5.759088069956276,0.07734686,0.31861332,0.0018529892,0.04359852,14,17480.0,4,7,8.0
3111,222,0.63080625,7.15370728562218,0.07587158,0.37818864,0.0013785362,0.041513078,16,22501.0,3,2,40.0
3112,441,0.6306875000000001,7.2548567665459345,0.0736512,0.33675486,4.053116e-06,0.04489945,15,22033.0,3,3,17.0
3113,105,0.63056875,7.800785854616896,0.069091044,0.35985988,0.001126051,0.045816254,8,24129.0,6,5,21.0
3114,49,0.6304500000000001,7.469727304107697,0.06953225,0.30764353,0.0010325909,0.043713275,16,20481.0,1,5,41.0
3115,12,0.63033125,6.536863543788184,0.0692386,0.473899,0.0005276203,0.042703956,18,17490.0,0,6,5.0
3116,852,0.6302125000000001,6.7736396220267165,0.06623459,0.30144304,0.00020694733,0.043762166,7,18640.0,5,12,28.0
3117,633,0.63009375,6.6360589812332424,0.082050644,1.2486203,0.0006055832,0.04176475,13,18310.0,3,8,16.0
3118,690,0.629975,7.199333111037011,0.07360163,0.37339664,0.0014865398,0.04475558,12,20991.0,4,6,27.0
3119,189,0.62985625,8.751807980049875,0.08064367,0.2966071,0.00041222572,0.045091346,9,27755.0,4,5,29.0
3120,200,0.6297375000000001,6.474618630314833,0.08133852,0.4356302,0.00020503998,0.0466157,12,19024.0,4,7,17.0
3121,607,0.6296187500000001,6.8488448844884475,0.06994124,0.39349085,0.00014281273,0.043004066,11,19540.0,4,8,29.0
3122,808,0.6295,5.937239583333334,0.07604065,0.34103572,0.00021123886,0.044635132,15,17932.0,4,5,13.0
3123,965,0.62938125,7.726384364820847,0.06302259,0.3270165,0.0008831024,0.04366741,11,23413.0,4,5,32.0
3124,594,0.6292625000000001,8.3684464347227,0.070385456,0.34968308,0.0005273819,0.0441141,18,23713.0,0,2,34.0
3125,465,0.62914375,5.9156378600823025,0.06991191,0.34110034,0.0002515316,0.045005172,17,17108.0,1,6,29.0
3126,912,0.6290250000000001,9.09581005586592,0.07115322,0.34090507,0.0013804436,0.0446925,17,25764.0,0,1,94.0
3127,350,0.62890625,8.210598290598291,0.067387916,0.37897688,0.0006995201,0.044226635,17,24601.0,2,0,23.0
3128,157,0.6287875,5.661084420041181,0.08254183,0.37877607,0.0013637543,0.043889757,18,16205.0,3,4,32.0
3129,528,0.6286687500000001,7.6900976759851805,0.06924429,0.37633365,0.0013659,0.04450075,18,22535.0,1,2,36.0
3130,839,0.6285499999999999,6.079690794096977,0.071160525,0.3203258,0.0019330978,0.044220477,17,16449.0,1,4,0.0
3131,738,0.62843125,7.719306594153638,0.064013734,0.2383908,0.002003193,0.04868327,10,23887.0,7,3,14.0
3132,738,0.6283125,7.5509857239972815,0.06546983,0.44577956,0.0004930496,0.045594748,19,22215.0,1,1,18.0
3133,767,0.62819375,5.767691232972406,0.075798094,0.3536579,0.00038933754,0.046083435,12,15654.0,5,8,28.0
3134,248,0.628075,7.921049092131805,0.07746896,0.3591755,0.0002784729,0.047731876,14,21178.0,0,8,3.0
3135,613,0.62795625,6.968377755840738,0.06784719,0.42310056,0.0013840199,0.044684898,15,20873.0,3,4,16.0
3136,240,0.6278375,8.474872773536893,0.075658016,0.2961472,0.0014472008,0.045869455,10,25073.0,2,7,13.0
3137,45,0.62771875,6.731869918699187,0.0674125,0.3055853,0.0002632141,0.044123102,10,20393.0,0,1,0.0
3138,288,0.6276,7.617591125198099,0.068358354,0.38018554,0.00030136108,0.044424385,15,24349.0,3,2,5.0
3139,383,0.62748125,8.280998389694041,0.07428902,0.34564802,0.00024223328,0.043968678,10,25402.0,4,5,35.0
3140,69,0.6273625,5.7299901671583084,0.060501635,0.3898114,0.00019478798,0.04366902,17,16872.0,3,5,9.0
3141,693,0.6272437500000001,8.745343718252625,0.08156749,0.3579551,0.00017166138,0.04480395,14,25825.0,2,2,29.0
3142,100,0.6271249999999999,6.78160173160173,0.07449471,0.40070498,0.000104904175,0.042381987,19,17967.0,1,4,26.0
3143,588,0.62700625,6.185165736790283,0.068125926,0.2104299,0.00017809868,0.04387017,17,17018.0,1,7,50.0
3144,139,0.6268875,7.102901353965183,0.07320566,0.37218654,7.1525574e-06,0.043298673,18,21723.0,1,2,44.0
3145,456,0.62676875,7.899512512187193,0.066783994,0.3472375,0.00023460388,0.045110453,14,23076.0,1,5,10.0
3146,783,0.62665,6.507322103815744,0.062182695,0.27196312,1.9073486e-06,0.04578613,21,18348.0,0,2,48.0
3147,609,0.62653125,4.97093461143444,0.07734691,0.43042967,0.0004863739,0.04504326,10,14228.0,8,9,5.0
3148,869,0.6264125,6.244740177439794,0.09046388,0.33576357,0.0003194809,0.04568492,16,16868.0,0,9,2.0
3149,630,0.6262937500000001,8.621259580139952,0.0722569,0.25353122,0.000813961,0.04652198,14,24672.0,1,5,16.0
3150,935,0.626175,7.922713257965056,0.07918199,0.41537845,0.0036358833,0.04604529,13,21375.0,1,7,28.0
3151,382,0.62605625,8.572618254497,0.07756262,0.4177884,4.1007996e-05,0.04418831,15,24234.0,0,5,18.0
3152,946,0.6259375,7.4206850235057065,0.06769111,0.25459117,0.0014231205,0.045666125,7,20312.0,5,11,21.0
3153,102,0.6258187500000001,6.995161290322578,0.062188912,0.24241507,0.0017170906,0.045554083,12,19515.0,2,9,7.0
3154,125,0.6257,6.178410995641969,0.08108597,0.36930978,5.6743622e-05,0.045651574,17,17237.0,2,6,6.0
3155,655,0.62558125,8.00627628599159,0.07352334,0.3212049,0.0001385212,0.046810124,10,23511.0,3,7,28.0
3156,19,0.6254625,6.196690307328604,0.08887542,0.547699,0.00072574615,0.047497574,13,17164.0,4,8,4.0
3157,818,0.62534375,6.555901015228425,0.071543045,0.4136144,0.00020956993,0.04751635,13,20349.0,4,5,27.0
3158,394,0.625225,6.959404600811906,0.07868029,0.36027086,0.0026774406,0.046447504,14,19094.0,2,7,3.0
3159,214,0.62510625,5.267686490202818,0.078218505,0.43341595,0.0011529922,0.0479341,15,14451.0,4,7,18.0
3160,853,0.6249875,5.614902363823227,0.07884448,0.4856959,0.00079250336,0.04920912,14,16098.0,5,6,6.0
3161,876,0.6248687500000001,5.563826417484954,0.07618544,0.24773407,0.0002808571,0.04599953,9,17565.0,8,8,29.0
3162,226,0.62475,8.98167098445596,0.07376955,0.44804037,0.00012683868,0.0465133,16,26809.0,0,3,16.0
3163,387,0.62463125,7.028969174676827,0.06809056,0.27105474,2.1457672e-05,0.0451652,9,17586.0,2,14,16.0
3164,257,0.6245125,7.788505747126435,0.08537566,0.3897534,0.00092697144,0.043885898,10,23107.0,4,6,11.0
3165,589,0.6243937500000001,7.777189409368637,0.06340925,0.31236386,0.001209259,0.0443662,14,24090.0,5,1,22.0
3166,329,0.624275,4.862757138470986,0.08144544,1.7710696,0.00017499924,0.045011953,17,15838.0,4,4,35.0
3167,145,0.62415625,8.085638998682475,0.07334795,0.59087133,4.5776367e-05,0.044692326,9,21512.0,1,11,11.0
3168,611,0.6240375,4.560527216706607,0.07334634,0.3697182,0.00016069412,0.04527053,15,12445.0,5,8,10.0
3169,741,0.6239187500000001,6.452384062704113,0.08647288,0.44859946,0.00096416473,0.045610502,12,17920.0,3,9,11.0
3170,806,0.6238,8.62471728594507,0.074684836,0.32385597,0.00060510635,0.046867635,11,27003.0,4,3,22.0
3171,379,0.62368125,5.633970720047802,0.0856748,0.4353479,0.0010581017,0.045889076,18,16514.0,0,7,4.0
3172,737,0.6235625,6.625278323510148,0.07366694,0.3405844,0.00091433525,0.04422507,17,19012.0,1,5,31.0
3173,973,0.6234437500000001,6.171131252098019,0.0967521,0.39735788,0.00026369095,0.045714602,18,17788.0,2,4,35.0
3174,268,0.623325,6.51739559355475,0.086292185,0.511355,0.0010838509,0.050701812,18,18603.0,1,5,38.0
3175,877,0.62320625,8.137803752691479,0.07897588,0.36381197,0.00025725365,0.045797374,7,26456.0,6,6,9.0
3176,949,0.6230875,9.186522462562394,0.06772485,0.4094547,0.0023505688,0.046433095,14,26103.0,0,5,24.0
3177,146,0.6229687500000001,6.396731154102735,0.066819154,0.37755644,0.0008401871,0.04423138,13,18278.0,4,7,58.0
3178,829,0.62285,6.609854497354497,0.0678304,0.34783387,0.00082731247,0.044780243,11,19081.0,3,6,0.0
3179,403,0.6227312500000001,8.128006589785832,0.0679559,0.31563067,0.000916481,0.04433706,15,23758.0,1,4,73.0
3180,284,0.6226125,5.813926630434781,0.08615699,0.36669207,0.0003592968,0.04567151,12,16233.0,5,8,14.0
3181,990,0.6224937500000001,6.178001921229586,0.06652837,0.28469014,0.0008766651,0.04723976,17,18357.0,2,5,22.0
3182,788,0.622375,8.299999999999999,0.057011306,0.28630948,0.0019078255,0.046473905,14,24688.0,1,4,35.0
3183,481,0.62225625,7.350789293067945,0.06940671,0.30433953,0.00060272217,0.044810653,7,19089.0,4,12,18.0
3184,628,0.6221375,6.6837682141646875,0.06879123,0.31037295,0.0009148121,0.043610085,10,17363.0,3,11,43.0
3185,318,0.6220187500000001,8.653116147308783,0.06298254,0.36853006,0.000977993,0.045492943,10,24154.0,4,5,7.0
3186,782,0.6219,8.378306878306878,0.08984462,0.48313367,8.535385e-05,0.045481067,16,25336.0,0,0,0.0
3187,604,0.62178125,6.692302452316075,0.06189556,0.3304074,0.0009074211,0.045935243,14,17887.0,2,8,2.0
3188,956,0.6216625,6.584568100938208,0.07459086,0.37346542,0.0008649826,0.044907812,8,20662.0,7,6,10.0
3189,553,0.6215437500000001,6.072108843537416,0.07219206,0.3775123,9.202957e-05,0.043437276,11,17558.0,6,7,33.0
3190,512,0.621425,6.392600135777327,0.08321484,0.33290994,0.0012574196,0.045919444,12,18538.0,5,6,23.0
3191,250,0.6213062500000001,5.614062499999999,0.058911745,0.32212973,9.9658966e-05,0.044457465,18,15939.0,3,5,25.0
3192,692,0.6211875,9.088761002031141,0.07196786,0.27033448,0.0006914139,0.04624571,13,25962.0,1,4,45.0
3193,51,0.6210687500000001,8.712664640324215,0.06500459,0.36510134,0.00048041344,0.0451853,15,25206.0,1,3,12.0
3194,253,0.6209500000000001,5.231333758774729,0.08521169,0.3401658,0.0022730827,0.04377154,10,16395.0,0,0,0.0
3195,490,0.62083125,5.180253080253079,0.08442082,0.33446312,0.00063991547,0.044948757,10,15256.0,2,3,0.0
3196,5,0.6207125,5.975523349436393,0.06997934,0.28821328,0.0009989738,0.04627876,14,18554.0,1,1,0.0
3197,612,0.62059375,6.7701002734731075,0.0774095,0.37318718,0.0015330315,0.047394652,18,20964.0,0,4,31.0
3198,934,0.620475,5.989722042663218,0.06958825,0.37551522,0.00018596649,0.047120646,7,17604.0,7,10,9.0
3199,716,0.62035625,7.958278580814718,0.06987084,0.37414092,0.0010986328,0.04605624,20,24225.0,0,0,106.0
3200,689,0.6202375,9.176662049861495,0.07649992,0.3197925,0.0023283958,0.04611883,7,23903.0,2,11,12.0
3201,334,0.62011875,5.667549668874172,0.07599608,0.30954182,0.0007247925,0.04601194,22,16210.0,0,3,26.0
3202,80,0.62,8.31939012263838,0.059909064,0.29932415,1.4305115e-05,0.04659094,9,22686.0,2,10,16.0
3203,734,0.61988125,8.149407114624504,0.09036919,0.4285184,0.0028562546,0.04862267,9,22920.0,3,9,29.0
3204,985,0.6197625,9.353279785809907,0.08689188,0.47540128,0.0012931824,0.04497753,12,27350.0,2,4,19.0
3205,946,0.61964375,6.500604432505033,0.079138525,0.35693955,0.001157999,0.04829021,10,16083.0,2,13,15.0
3206,626,0.6195250000000001,7.820632279534105,0.07898269,0.34958255,0.0008561611,0.04615192,9,19294.0,0,14,7.0
3207,283,0.6194062499999999,7.2578124999999964,0.088551484,0.3901243,0.0021657944,0.049026012,8,17622.0,3,13,9.0
3208,310,0.6192875,8.155506047103755,0.08956236,0.5209857,0.0012741089,0.04794288,14,24682.0,1,4,38.0
3209,908,0.61916875,8.397135330918669,0.0900802,0.48829335,0.00011396408,0.04871812,12,24591.0,2,5,35.0
3210,164,0.61905,8.59024141448487,0.08172224,0.3765844,0.0029263496,0.047195498,18,25558.0,1,0,1.0
3211,533,0.61893125,5.634291187739463,0.067432225,0.321424,0.0012822151,0.04708794,8,16707.0,7,10,17.0
3212,523,0.6188125,6.113313706247954,0.08808466,0.4261611,3.9577484e-05,0.047754105,20,18077.0,1,3,81.0
3213,271,0.61869375,5.98086522462562,0.08048429,0.4304552,0.0017888546,0.04479012,7,14667.0,4,15,11.0
3214,469,0.6185750000000001,7.888385449904274,0.08270299,1.680368,0.0006427765,0.044466566,15,23782.0,1,4,17.0
3215,988,0.6184562499999999,8.63724183877415,0.07565854,0.3902741,0.0009331703,0.045750767,15,25929.0,2,2,9.0
3216,433,0.6183375,8.37332900713822,0.08335223,0.44482923,0.0015804768,0.045373533,14,24882.0,1,4,14.0
3217,463,0.61821875,5.741958729118898,0.09016069,0.33926386,4.053116e-05,0.045210924,16,16309.0,3,7,13.0
3218,420,0.6181000000000001,6.339130434782607,0.073525496,0.36536148,0.00064754486,0.046905447,16,19062.0,0,2,0.0
3219,562,0.61798125,9.148199805384365,0.07965956,0.30485857,0.0007305145,0.04706378,7,27279.0,4,7,6.0
3220,580,0.6178625,5.758387096774192,0.06675697,0.3587854,0.0032715797,0.045628447,18,16921.0,2,5,22.0
3221,732,0.61774375,8.039639037433155,0.06807662,0.36556748,1.2874603e-05,0.045562338,11,23157.0,3,6,15.0
3222,775,0.617625,6.049434350359957,0.08804407,0.4974916,0.00018072128,0.045726266,14,15896.0,3,9,20.0
3223,534,0.61750625,6.9963394342762015,0.07427212,0.35463592,0.001168251,0.0452425,7,16817.0,2,16,20.0
3224,224,0.6173875,7.36468984321745,0.07986874,0.47426826,0.00062942505,0.04539645,21,21608.0,0,0,78.0
3225,636,0.61726875,6.7925699581859105,0.074824534,0.38842016,0.00019907951,0.046163637,13,21429.0,5,4,13.0
3226,972,0.6171500000000001,8.076697127937338,0.085926265,0.38601866,0.00011730194,0.04571511,18,24747.0,0,0,62.0
3227,641,0.6170312499999999,6.496752368064953,0.07770731,0.41678172,0.00021338463,0.04761937,20,19500.0,2,1,47.0
3228,719,0.6169125,8.621471172962226,0.071706064,0.30798766,0.00032281876,0.046513792,7,23907.0,3,10,2.0
3229,28,0.61679375,7.258144062297209,0.065410234,0.3885945,4.3153763e-05,0.04537,14,21445.0,2,5,11.0
3230,187,0.6166750000000001,6.457623695725342,0.07048599,0.24489963,0.00031518936,0.043806043,11,17403.0,4,10,53.0
3231,456,0.61655625,6.525674358141044,0.07604852,0.3815279,6.604195e-05,0.042883348,15,18541.0,2,7,19.0
3232,290,0.6164375,6.422403258655801,0.05669077,0.31955886,0.0014147758,0.045983408,12,16269.0,2,11,11.0
3233,604,0.61631875,5.473160762942778,0.08643838,0.37950513,0.0008325577,0.045072738,18,15482.0,3,5,15.0
3234,821,0.6162000000000001,5.587955086764201,0.086062096,0.36374807,0.00058841705,0.047742635,12,13484.0,3,13,1.0
3235,438,0.61608125,7.101711156741955,0.07135485,0.28868404,0.00039863586,0.046601295,13,18998.0,2,8,6.0
3236,168,0.6159625,7.039793539793537,0.0684703,0.36560062,0.0011303425,0.047605973,12,19639.0,3,8,28.0
3237,45,0.61584375,7.393983739837397,0.09425551,0.51455593,3.71933e-05,0.047889274,13,21199.0,2,7,37.0
3238,39,0.6157250000000001,6.856184895833332,0.06805781,0.2717228,0.0010957718,0.04735605,9,19219.0,4,10,4.0
3239,737,0.61560625,7.688801571709233,0.071952045,0.44182974,0.0003862381,0.04887618,11,22260.0,3,7,19.0
3240,426,0.6154875,5.545341999380994,0.06612853,0.43857643,0.00070905685,0.04672107,11,14686.0,3,13,9.0
3241,631,0.61536875,8.250034223134838,0.07479725,0.3062218,0.001009345,0.0444977,13,23230.0,2,5,14.0
3242,350,0.6152500000000001,9.722393162393162,0.097333044,0.39997172,0.0003156662,0.046237793,12,27268.0,1,5,46.0
3243,394,0.61513125,5.852368064952639,0.08603892,0.41517675,0.0006592274,0.046517212,11,17004.0,6,7,3.0
3244,182,0.6150125000000001,5.31979132702967,0.07578369,0.26483884,0.00080633163,0.046270207,10,15089.0,6,10,13.0
3245,33,0.61489375,5.294053708439899,0.08295839,0.37259248,0.0017361641,0.045206215,10,16247.0,7,8,3.0
3246,574,0.6147750000000001,5.955254461335095,0.07986153,0.46609306,0.0011063814,0.04547729,9,16205.0,5,11,8.0
3247,903,0.61465625,8.128373702422145,0.06777282,0.29121542,0.0007019043,0.047127333,12,22046.0,2,7,29.0
3248,497,0.6145375,6.534653465346532,0.094008595,0.49322772,0.00016021729,0.046958297,13,18285.0,3,8,28.0
3249,392,0.61441875,5.910680249753532,0.09913237,0.5362977,0.0009784698,0.049317643,11,16769.0,5,9,10.0
3250,175,0.6143000000000001,7.556094406724863,0.061504055,0.3692878,6.055832e-05,0.046280626,16,23371.0,2,2,26.0
3251,326,0.61418125,4.959883532837269,0.076858215,0.44945002,0.001247406,0.046436157,14,15331.0,6,6,11.0
3252,181,0.6140625,7.896456828345373,0.06295874,0.22123182,6.7949295e-05,0.04438795,20,22955.0,0,0,223.0
3253,504,0.61394375,7.881191222570531,0.07016077,0.21210837,0.0017418861,0.045172658,5,23546.0,5,10,6.0
3254,393,0.6138250000000001,8.274425380382,0.07847465,0.46087527,0.0020680428,0.046978593,11,24633.0,3,6,30.0
3255,151,0.61370625,7.300532623169109,0.07970128,0.42900434,0.0002641678,0.044186,10,22832.0,7,4,21.0
3256,147,0.6135875,6.1796276782578135,0.07749257,0.42032605,0.0017142296,0.043486863,16,17024.0,3,5,4.0
3257,104,0.61346875,7.676020738820478,0.082817346,0.3987408,0.00014305115,0.04714453,17,23071.0,1,3,1.0
3258,983,0.6133500000000001,5.594907261867337,0.070728205,0.3520755,0.00024819374,0.04692039,17,16525.0,2,6,16.0
3259,680,0.6132312500000001,6.855348217260911,0.07518742,0.420401,0.00016021729,0.04608403,5,17872.0,5,14,3.0
3260,398,0.6131125,5.881097941359949,0.07243788,0.33614522,6.1035156e-05,0.046695117,13,17893.0,4,7,14.0
3261,832,0.61299375,6.944494672263479,0.09335917,2.0534365,0.0013170242,0.04639843,15,20578.0,2,5,12.0
3262,308,0.6128750000000001,6.564468153895892,0.08978945,0.4293813,0.00044298172,0.045471653,16,19376.0,2,5,2.0
3263,833,0.61275625,7.2930747034305865,0.09204111,0.41847175,5.9127808e-05,0.046577398,12,23059.0,5,4,4.0
3264,349,0.6126375000000001,5.751898734177214,0.09477049,0.48665178,0.00060653687,0.047518592,11,16912.0,5,9,2.0
3265,700,0.61251875,7.110472972972971,0.07353005,0.39900494,2.9325485e-05,0.0470916,10,19567.0,4,9,41.0
3266,183,0.6124,7.9732927653820145,0.108944945,2.0654712,0.0008034706,0.044941936,12,23585.0,4,4,2.0
3267,3,0.61228125,7.084240150093807,0.07264546,0.38703775,0.00092959404,0.045568395,9,21696.0,5,8,20.0
3268,300,0.6121624999999999,6.865550719785738,0.08901232,0.376637,0.00087308884,0.04511833,16,19910.0,2,4,19.0
3269,918,0.61204375,10.485975407111994,0.07567156,0.3401948,0.00068855286,0.045006547,8,29446.0,1,8,1.0
3270,553,0.611925,6.202721088435372,0.07248582,0.3283471,0.0004553795,0.044428434,12,16178.0,3,10,28.0
3271,436,0.6118062500000001,7.942151556156966,0.083771266,0.38429236,0.00013923645,0.0437896,6,21999.0,5,10,14.0
3272,891,0.6116874999999999,8.981280950808847,0.081540056,0.33998,0.0007991791,0.046776026,12,25084.0,0,7,11.0
3273,383,0.61156875,7.883574879227052,0.077639796,0.5048791,0.0012865067,0.045204278,17,24789.0,2,1,14.0
3274,836,0.61145,7.771175523349434,0.07293118,0.32704487,0.0014150143,0.04554488,8,22577.0,4,9,29.0
3275,319,0.61133125,6.169470827679781,0.0847193,0.62082815,0.0038051605,0.044157814,14,17598.0,4,6,33.0
3276,871,0.6112125,8.150640424867229,0.07089827,0.28778863,6.556511e-05,0.04475485,17,25450.0,0,2,64.0
3277,675,0.61109375,6.731562499999999,0.07486338,0.44639155,0.0009822845,0.043604117,16,20261.0,1,5,10.0
3278,958,0.610975,4.729091505411611,0.09205761,0.40961054,0.002029419,0.046506416,12,14419.0,7,7,18.0
3279,106,0.6108562500000001,5.714641943734014,0.08487123,0.31496233,0.0011839867,0.045264777,8,16937.0,7,10,2.0
3280,255,0.6107374999999999,7.712499999999997,0.08029432,0.41729617,0.00093603134,0.04699469,8,21037.0,2,11,0.0
3281,403,0.61061875,7.496210873146622,0.07699839,0.46953428,0.0022075176,0.047824617,16,23358.0,3,1,17.0
3282,398,0.6105,5.666437928883344,0.076686636,0.3743847,0.0010266304,0.046351578,10,17846.0,0,1,0.0
3283,112,0.6103812500000001,6.2362711864406775,0.06447574,0.27720296,0.0026288033,0.047255676,15,18692.0,5,4,53.0
3284,112,0.6102625,7.153220338983046,0.088008724,0.47273082,3.9577484e-05,0.04503338,9,17562.0,2,14,22.0
3285,303,0.61014375,6.347425474254741,0.08357062,0.45864713,0.0021317005,0.048136204,15,16376.0,1,9,2.0
3286,858,0.610025,5.650783891792192,0.08510345,0.36746958,0.00081038475,0.045433894,8,18382.0,8,8,2.0
3287,148,0.60990625,5.615200539265248,0.06365127,0.40556657,1.9073486e-05,0.043826997,12,13990.0,3,12,14.0
3288,187,0.6097875,5.613126893301915,0.08708797,0.5552536,4.7683716e-06,0.043055292,13,14894.0,4,10,7.0
3289,599,0.60966875,5.827031509121061,0.07394577,0.39885402,0.0005054474,0.043321524,20,17267.0,2,3,17.0
3290,740,0.60955,7.21313131313131,0.08180212,0.42181265,0.0014677048,0.046864778,15,19047.0,0,8,34.0
3291,325,0.6094312500000001,7.849842271293373,0.07321783,0.21519268,0.0013208389,0.047781423,13,22982.0,1,7,29.0
3292,782,0.6093124999999999,8.527777777777779,0.10280553,0.3998105,0.0001578331,0.044621915,14,25788.0,0,0,0.0
3293,542,0.60919375,5.254632587859426,0.07872637,0.39212084,0.001136303,0.043695617,22,16760.0,2,1,50.0
3294,875,0.609075,7.54207758053912,0.07114377,0.36684132,0.00032138824,0.044919144,13,22943.0,4,4,13.0
3295,201,0.6089562500000001,6.964008321775312,0.07215298,0.36455116,0.00059485435,0.044915482,20,19219.0,0,3,28.0
3296,84,0.6088375,7.6496276235612735,0.103000104,1.8953063,0.00016140938,0.04386148,20,22597.0,0,0,90.0
3297,189,0.60871875,7.94862842892768,0.07092164,0.28068435,0.00051903725,0.044600636,12,24216.0,2,6,10.0
3298,619,0.6086,6.025517702070806,0.09859374,0.40042254,0.0026245117,0.04628204,12,16244.0,4,10,10.0
3299,595,0.6084812500000001,6.507175773535221,0.08309253,0.32319173,0.003583908,0.046165552,16,19465.0,3,4,43.0
3300,440,0.6083625,8.33804813715793,0.08206422,1.847547,0.0006766319,0.045937713,16,24986.0,1,2,20.0
3301,707,0.60824375,9.24973297730307,0.08227635,0.39137548,0.0007677078,0.046543658,14,28611.0,3,0,30.0
3302,956,0.608125,7.088482691685537,0.090993375,0.4008886,0.001405716,0.04293549,17,20365.0,0,5,38.0
3303,116,0.6080062500000001,5.348652077386616,0.105513155,0.54159826,0.0006582737,0.041701406,14,16549.0,5,6,14.0
3304,697,0.6078875,6.495767195767196,0.059587944,0.4746214,0.0002641678,0.045063987,10,18736.0,5,8,31.0
3305,615,0.60776875,6.203437499999997,0.08529677,0.53198487,5.9366226e-05,0.044763327,11,17611.0,3,10,18.0
3306,673,0.60765,7.611111111111111,0.06972004,0.30806673,0.000120162964,0.044702724,13,22742.0,4,4,48.0
3307,427,0.6075312500000001,9.147929395790904,0.0664537,0.37705243,0.00055909157,0.045343235,11,26066.0,2,5,2.0
3308,900,0.6074125,9.228324099722991,0.07585753,0.46503302,0.0010509491,0.043667983,6,25785.0,5,8,44.0
3309,584,0.60729375,8.825378151260503,0.07794901,0.3672415,7.247925e-05,0.04212749,10,25958.0,4,5,24.0
3310,798,0.607175,7.997572488199593,0.07662473,0.3709234,0.0002002716,0.04380414,9,22831.0,4,7,6.0
3311,249,0.6070562500000001,6.770572569906788,0.079209626,0.43167573,0.0001950264,0.0449802,13,18236.0,2,9,40.0
3312,173,0.6069375,8.626794258373206,0.07454192,0.5097227,0.00081539154,0.043774348,12,25242.0,0,0,0.0
3313,537,0.60681875,6.966294876263505,0.11133826,0.5031587,0.001405716,0.043875117,11,17978.0,3,10,14.0
3314,672,0.6067,9.142362256680961,0.07363526,0.35644922,1.6212463e-05,0.044003602,10,26195.0,2,7,3.0
3315,660,0.6065812500000001,5.284909036683566,0.084756054,0.3696003,0.0010650158,0.044535454,23,17385.0,0,1,16.0
3316,695,0.6064625,4.655769230769232,0.09443891,2.0175827,0.00012922287,0.043684855,9,16086.0,11,6,21.0
3317,728,0.60634375,8.86011396011396,0.091897346,0.5624269,0.0031101704,0.045367386,13,28305.0,3,2,2.0
3318,451,0.606225,6.310205391527598,0.07578663,0.35514557,0.0033667088,0.048926454,12,17793.0,3,9,6.0
3319,512,0.6061062500000001,6.72946367956551,0.07530964,0.38146624,0.0009484291,0.045317736,16,18352.0,1,6,11.0
3320,61,0.6059875,6.770320855614971,0.07318886,0.39923707,0.0012636185,0.046529427,15,19060.0,2,6,14.0
3321,692,0.60586875,7.428368314150306,0.07491727,0.39944622,0.00048828125,0.046755325,10,21648.0,5,6,43.0
3322,667,0.60575,7.928670865097779,0.0922519,0.56122553,0.00010919571,0.048820186,15,22714.0,1,5,26.0
3323,136,0.6056312500000001,7.7140926640926635,0.089851506,0.46780527,0.00063610077,0.046784032,13,23043.0,2,5,50.0
3324,66,0.6055125000000001,5.776748642606196,0.07409924,0.43334115,0.00020551682,0.04563536,22,18087.0,1,1,47.0
3325,812,0.60539375,7.158544303797469,0.06806158,0.2793284,0.00079631805,0.045039535,20,22937.0,1,0,89.0
3326,343,0.605275,9.791686380533964,0.10703292,1.9987148,0.000103235245,0.045520294,8,27790.0,3,7,15.0
3327,713,0.6051562500000001,6.142232527326928,0.072383605,0.3981843,0.0020136833,0.046377864,11,16732.0,4,10,34.0
3328,140,0.6050375,7.930132450331125,0.07547303,0.43220532,0.000718832,0.044839304,10,23647.0,0,1,0.0
3329,591,0.6049187500000001,7.292970063908509,0.07739339,0.35536766,0.0011796951,0.047760025,19,21682.0,1,1,14.0
3330,915,0.6048,7.736713862364175,0.06687641,0.3379858,0.0008587837,0.04685761,19,22889.0,0,2,12.0
3331,743,0.6046812500000001,7.967872134323537,0.101420335,0.42983305,0.00028848648,0.046344444,13,23128.0,1,6,41.0
3332,361,0.6045625,4.753626517886446,0.08157054,0.3594535,0.00019073486,0.047477648,15,14789.0,6,5,12.0
3333,620,0.60444375,6.659214903526281,0.077020325,0.40197873,0.001806736,0.047416408,20,19717.0,1,2,12.0
3334,20,0.604325,8.95947837150127,0.101185106,0.73501706,0.000682354,0.046592545,11,25339.0,0,9,13.0
3335,42,0.6042062500000001,10.157827371184768,0.07821192,0.37775907,0.00042819977,0.048559323,6,28818.0,2,9,8.0
3336,903,0.6040875000000001,9.264705882352938,0.101781584,0.4039259,0.0014977455,0.04761293,5,24174.0,3,12,17.0
3337,883,0.6039687499999999,4.580623755806236,0.06925093,0.23273134,0.0002002716,0.049207564,23,13806.0,2,2,37.0
3338,415,0.60385,6.499999999999998,0.11954824,2.1221862,0.00015974045,0.049595203,16,18864.0,1,6,24.0
3339,643,0.60373125,6.695433487756451,0.08398881,0.38419557,0.00015449524,0.0455561,8,17816.0,4,12,7.0
3340,278,0.6036125,6.473687642647537,0.08819295,0.38256383,0.0013055801,0.04645447,10,18628.0,5,9,2.0
3341,674,0.60349375,8.755201560468139,0.07573157,0.38331413,3.695488e-05,0.0467903,12,25393.0,1,6,29.0
3342,902,0.603375,7.702545923300032,0.06916934,0.4458393,0.00031900406,0.045255315,13,23901.0,0,0,0.0
3343,776,0.60325625,6.067419253684541,0.0786194,0.5536587,0.00039815903,0.04495449,9,19349.0,0,0,0.0
3344,856,0.6031375000000001,5.447856931717407,0.09295916,0.5004158,0.0025763512,0.04816636,11,16062.0,4,11,25.0
3345,741,0.6030187499999999,6.370803396472892,0.07469732,0.40972173,0.00012934208,0.04655615,13,18895.0,4,6,25.0
3346,247,0.6029,5.496139519133083,0.09065554,0.52470374,0.00010037422,0.045317113,12,14163.0,4,11,8.0
3347,802,0.60278125,7.482970425739357,0.09857448,0.40282655,0.00080776215,0.045847457,10,22102.0,4,7,66.0
3348,356,0.6026625000000001,8.24300385109114,0.09164399,0.5565588,0.0010967255,0.049895916,9,23504.0,2,9,31.0
3349,586,0.60254375,6.210128247287075,0.09968992,0.38623637,0.0010137558,0.044726063,16,18885.0,4,4,32.0
3350,161,0.602425,5.461008403361341,0.096498676,0.39020288,0.0020360947,0.046204757,14,14164.0,3,10,43.0
3351,963,0.60230625,8.032633005760758,0.097155266,0.38946202,0.00046539307,0.04697916,13,22819.0,2,5,3.0
3352,403,0.6021875,8.493739703459635,0.07945611,0.35650423,0.000104904175,0.046810422,9,23654.0,2,9,22.0
3353,58,0.60206875,5.685285575992253,0.08601567,0.34667563,0.0011534691,0.04761398,13,16689.0,4,7,1.0
3354,918,0.60195,8.989564639415086,0.077684715,0.4920491,0.0001206398,0.04751805,13,25846.0,1,5,18.0
3355,51,0.60183125,7.824113475177303,0.08120768,0.38930762,0.00048971176,0.044729874,19,22575.0,0,2,28.0
3356,684,0.6017125000000001,7.2386341141537445,0.074195124,0.4380639,0.0026946068,0.045506846,10,21031.0,4,7,36.0
3357,949,0.6015937499999999,6.806988352745423,0.077207595,0.3008994,0.00024080276,0.047029864,22,20455.0,0,0,165.0
3358,592,0.601475,8.82414018997707,0.091569304,0.5612823,0.0007941723,0.04647098,9,24803.0,2,9,3.0
3359,538,0.60135625,7.524536017615602,0.07007417,0.34378085,0.00024271011,0.0441462,16,22331.0,0,5,29.0
3360,672,0.6012375000000001,8.18251402177499,0.083044775,0.4781425,0.0012972355,0.046654984,12,24195.0,3,5,19.0
3361,279,0.60111875,7.365605875152998,0.083295666,0.45670372,3.0994415e-05,0.043435533,13,22110.0,1,7,3.0
3362,650,0.601,7.084627575277337,0.0979028,0.4344771,3.4809113e-05,0.044458687,15,22352.0,3,3,21.0
3363,566,0.60088125,5.865745310957553,0.08211138,0.42812508,0.0002810955,0.04458599,18,17826.0,3,3,11.0
3364,708,0.6007625000000001,9.35187349604675,0.09166064,0.3312602,0.0009756088,0.04439016,12,26041.0,1,5,28.0
3365,270,0.60064375,8.212203389830506,0.10234201,0.6386205,0.0012247562,0.046505008,11,23341.0,3,6,32.0
3366,202,0.600525,6.565444334324409,0.08237505,0.34430337,0.00022435188,0.044583518,13,17452.0,2,10,20.0
3367,741,0.60040625,6.059960809928153,0.070129395,0.31479466,0.0005750656,0.04451145,15,19168.0,5,3,14.0
3368,646,0.6002875000000001,6.850710594315243,0.08294999,0.43759045,0.0009431839,0.045066785,11,18733.0,2,10,18.0
3369,740,0.60016875,6.81178451178451,0.083144575,0.6102849,0.0011906624,0.04693648,11,18152.0,3,10,2.0
3370,137,0.60005,5.954157005631002,0.103686,0.47170216,0.00016498566,0.044964146,9,16768.0,6,10,11.0
3371,876,0.59993125,5.354640481469747,0.082141064,0.44560012,8.3208084e-05,0.046757564,11,14379.0,4,12,15.0
3372,146,0.5998125000000001,6.334823215476985,0.0756384,0.41631913,0.0023348331,0.04497154,21,18692.0,1,2,91.0
3373,377,0.59969375,6.85368991198375,0.086376406,0.41132033,0.00041103363,0.043749552,11,19655.0,5,7,13.0
3374,141,0.599575,6.938539042821158,0.08049608,0.37131888,2.5749207e-05,0.04380007,9,21084.0,5,8,11.0
3375,325,0.59945625,7.023659305993688,0.107779324,2.200178,0.00077724457,0.045678783,13,19729.0,1,9,33.0
3376,666,0.5993375000000001,8.329502572898798,0.09135836,0.4115126,0.00025987625,0.044410065,17,23989.0,1,2,23.0
3377,517,0.59921875,5.311666666666663,0.08211038,0.46639144,0.00043225288,0.04757717,7,12635.0,5,16,20.0
3378,994,0.5991,8.850956284153003,0.078978695,0.35955083,7.9631805e-05,0.04584371,7,23866.0,3,10,3.0
3379,45,0.59898125,7.968943089430892,0.069765486,0.353029,0.00047540665,0.044358853,11,21122.0,0,11,2.0
3380,807,0.5988625000000001,8.26058091286307,0.07706469,0.50291216,0.0017914772,0.047408383,9,21576.0,2,10,11.0
3381,919,0.59874375,7.272286821705424,0.07514717,0.40468642,0.0007791519,0.044200357,11,20967.0,3,8,30.0
3382,518,0.598625,6.566077738515899,0.09173104,0.36273816,0.001209259,0.046614364,13,19195.0,3,7,56.0
3383,198,0.59850625,5.458062439652395,0.09491717,0.3428843,0.00023269653,0.046547923,17,15094.0,2,8,17.0
3384,662,0.5983875000000001,5.829303547963206,0.08899983,0.3685311,0.0008325577,0.044596095,13,17440.0,5,6,71.0
3385,810,0.59826875,8.956942277691105,0.08297022,0.33473015,0.00021505356,0.044995915,12,28066.0,2,4,18.0
3386,679,0.59815,8.53679276866421,0.08013103,0.37024567,0.0013885498,0.045609787,5,24902.0,6,8,15.0
3387,124,0.59803125,6.992131147540984,0.076863974,0.3350203,0.00022888184,0.047608856,18,20716.0,1,3,22.0
3388,69,0.5979125000000001,8.027335299901669,0.09080062,0.41132152,0.00023365021,0.04585393,12,23271.0,2,6,32.0
3389,741,0.5977937500000001,6.179163945133899,0.08724054,0.4814701,0.00016593933,0.044551894,18,19533.0,3,1,27.0
3390,38,0.597675,4.91600537995965,0.07788437,0.33998847,0.0001411438,0.044844586,14,13728.0,5,8,19.0
3391,474,0.59755625,5.1168270826418825,0.08895152,0.38123453,0.00052547455,0.043996498,12,12404.0,3,13,8.0
3392,30,0.5974375000000001,8.253477690288713,0.0882081,0.40928507,0.0006132126,0.043917183,16,24547.0,1,3,14.0
3393,541,0.59731875,8.123497955331866,0.07762565,0.41207534,0.0027899742,0.043478604,8,24553.0,4,8,23.0
3394,154,0.5972000000000001,5.9128373930217215,0.10839504,0.45384133,0.000120162964,0.043140426,13,15229.0,2,11,17.0
3395,773,0.59708125,7.494392822813197,0.08676958,0.37168074,0.00024414062,0.047661986,8,20269.0,2,12,13.0
3396,881,0.5969625000000001,8.472806430006694,0.07035277,0.4454937,0.00027656555,0.046201523,7,22911.0,3,11,13.0
3397,80,0.59684375,8.341000994365261,0.076920666,0.37806565,0.00057172775,0.04380481,10,23958.0,3,7,6.0
3398,442,0.596725,8.217889317889316,0.07942243,0.37138164,0.0024864674,0.04335117,14,24298.0,1,5,7.0
3399,12,0.59660625,7.365919891378138,0.085632615,0.92561257,0.0009651184,0.046230674,13,20227.0,2,7,24.0
3400,975,0.5964875000000001,6.358549057206775,0.11070331,0.60300636,0.001686573,0.044103403,12,19583.0,5,6,7.0
3401,143,0.5963687500000001,8.361158432708688,0.07133696,0.31043673,0.00023460388,0.046018552,7,24540.0,5,5,0.0
3402,442,0.59625,7.226383526383526,0.07345036,0.3393786,0.0011062622,0.04564874,14,21838.0,3,5,78.0
3403,269,0.59613125,8.395818815331008,0.095044814,0.5468892,0.00085783005,0.047392424,16,23522.0,1,3,11.0
3404,921,0.5960125000000001,9.994757536041943,0.0804088,1.4404687,0.0016298294,0.04784961,14,30504.0,1,1,21.0
3405,982,0.59589375,8.07055503292568,0.07115859,0.37489665,0.00060272217,0.04598142,19,25737.0,0,0,45.0
3406,140,0.595775,6.365562913907285,0.097448535,0.5097875,0.0027017593,0.046777982,20,19526.0,2,1,43.0
3407,403,0.59565625,8.949093904448103,0.09599594,0.35301885,0.0014910698,0.04661143,10,25036.0,1,8,11.0
3408,928,0.5955375,5.493719008264462,0.07738878,0.3607801,0.0005502701,0.04438169,13,15106.0,4,9,8.0
3409,263,0.5954187500000001,7.03774834437086,0.0736344,0.4612609,0.0009894371,0.04618335,18,20650.0,1,3,56.0
3410,19,0.5952999999999999,6.828199932455251,0.073641784,0.42685986,0.00043964386,0.045603544,11,19330.0,5,8,1.0
3411,923,0.59518125,6.972656249999998,0.09239843,0.4657097,0.0039508343,0.047446277,16,19884.0,1,6,28.0
3412,688,0.5950625,8.626828446241992,0.084070764,0.3615028,0.001014471,0.04686457,14,24409.0,1,5,16.0
3413,936,0.5949437500000001,4.793394980184939,0.067021005,0.43554783,0.0013012886,0.04668036,19,12092.0,1,9,32.0
3414,728,0.594825,9.836340614118392,0.07563314,0.38497478,0.00069999695,0.046396326,12,31073.0,2,2,46.0
3415,579,0.59470625,6.475912408759124,0.06784548,0.28252244,0.0010333061,0.046283435,8,19217.0,7,8,40.0
3416,446,0.5945875,7.376504481434058,0.08974991,0.40805835,0.00017476082,0.044096157,12,22107.0,3,6,2.0
3417,983,0.59446875,6.869600754479723,0.07378718,0.32176763,0.0005016327,0.044141993,8,21216.0,6,8,12.0
3418,847,0.59435,6.621598002496878,0.08378837,0.5468533,0.0012719631,0.04596628,15,19934.0,2,6,4.0
3419,289,0.59423125,6.305169729056369,0.08847568,0.45935178,0.0009794235,0.04680069,20,20567.0,1,0,24.0
3420,867,0.5941125,9.538977635782746,0.08386189,0.4772175,0.0011584759,0.045657028,13,28918.0,1,4,30.0
3421,533,0.5939937500000001,6.3210089399744565,0.07515854,0.41490352,0.0011384487,0.04420836,15,19171.0,3,5,39.0
3422,46,0.5938749999999999,7.379973386560214,0.09430828,0.4428561,0.0012459755,0.045185935,16,23086.0,4,1,5.0
3423,772,0.59375625,4.741169154228855,0.09660854,0.4420352,4.220009e-05,0.04389221,24,14926.0,1,2,14.0
3424,255,0.5936375,6.993393782383417,0.07948501,0.4438194,0.00075912476,0.043887768,14,19434.0,1,8,27.0
3425,59,0.59351875,8.678999999999998,0.095846444,2.1325755,0.0010080338,0.043102667,9,23337.0,1,10,44.0
3426,435,0.5934,6.356205613797768,0.09519888,0.34516808,0.000364542,0.046580415,12,19091.0,6,5,19.0
3427,772,0.59328125,4.604042288557212,0.09724882,0.44584656,0.0004081726,0.045579676,20,12877.0,1,7,3.0
3428,246,0.5931625,9.093645484949832,0.09009856,0.52792037,0.0010762215,0.044850066,12,26293.0,2,5,11.0
3429,805,0.5930437500000001,8.87184,0.10085899,0.43914592,0.0009300709,0.047439907,9,27412.0,4,5,7.0
3430,98,0.592925,6.338167435728412,0.07947797,0.39884186,0.0017857552,0.044149384,15,19230.0,4,4,25.0
3431,489,0.59280625,6.119376026272575,0.075444214,0.43605363,0.00045633316,0.045138296,11,15893.0,3,12,10.0
3432,516,0.5926875,7.801662049861493,0.0658065,0.38576186,0.0020251274,0.046765912,8,19932.0,3,12,25.0
3433,624,0.5925687500000001,7.649897470950102,0.07996869,0.43956518,4.2915344e-06,0.04436476,18,22091.0,1,2,21.0
3434,477,0.59245,5.4325341325341325,0.08079106,0.70149994,0.00017595291,0.047227625,15,15413.0,4,7,25.0
3435,575,0.59233125,5.336316133246241,0.081099674,0.4677682,0.00072574615,0.046209987,9,13584.0,5,14,5.0
3436,446,0.5922125,5.841741357234313,0.10951003,2.1483405,0.0022058487,0.045784343,9,17000.0,6,10,19.0
3437,97,0.59209375,6.8390003400204,0.10542465,1.7585433,0.0018310547,0.044422477,16,18643.0,1,6,40.0
3438,956,0.591975,5.822161112908443,0.08873111,0.60538507,0.00028157234,0.047220524,15,17069.0,3,6,37.0
3439,764,0.59185625,6.264155177941647,0.08634406,0.39898655,0.001405716,0.046178684,10,19226.0,6,7,3.0
3440,964,0.5917375,7.4215064420218,0.08583077,0.5179987,0.0010910034,0.047839914,11,20346.0,2,9,21.0
3441,277,0.5916187500000001,7.7909771876064,0.08029894,0.378764,0.0012426376,0.047551062,12,22001.0,3,6,2.0
3442,888,0.5915,8.404483695652173,0.08026607,0.36762702,0.0009822845,0.044809457,14,22682.0,0,7,23.0
3443,545,0.59138125,6.931621080720477,0.07798966,0.43260002,0.0005617142,0.04379211,4,17783.0,5,15,5.0
3444,693,0.5912625,9.041754148323738,0.09048424,0.38528857,0.0040864944,0.04374331,15,26405.0,1,2,46.0
3445,501,0.5911437500000001,5.88414839797639,0.077005684,0.53304106,0.0009918213,0.044526044,12,17150.0,6,7,32.0
3446,137,0.591025,6.244518052335208,0.069732994,0.35723114,0.0003466606,0.04545203,9,16437.0,4,12,25.0
3447,872,0.59090625,5.890461538461538,0.099336304,0.5806757,0.00032949448,0.045037072,19,18169.0,1,4,30.0
3448,987,0.5907875,7.481888182122529,0.09455677,0.46305978,0.0008263588,0.045835357,12,21751.0,4,6,19.0
3449,689,0.5906687500000001,8.869806094182822,0.07693422,0.38096175,0.003127098,0.04591274,11,24172.0,2,7,5.0
3450,729,0.59055,6.937539432176655,0.09884856,0.42208844,0.0013194084,0.04339407,9,21041.0,5,8,3.0
3451,460,0.59043125,6.317362709634988,0.101811506,0.47494406,0.0014925003,0.043273658,18,18907.0,2,3,19.0
3452,264,0.5903125,7.8295392953929515,0.077593856,0.56677043,0.00054073334,0.042588726,17,21932.0,0,4,30.0
3453,124,0.5901937500000001,9.461639344262293,0.06847071,0.39524072,0.00047183037,0.045024145,8,26113.0,1,10,9.0
3454,749,0.5900750000000001,6.804581673306771,0.07507345,0.51140785,0.0003209114,0.04625648,11,18387.0,3,10,1.0
3455,187,0.58995625,7.6277347694378985,0.07374522,0.3898905,0.00097465515,0.046479236,13,22662.0,4,4,8.0
3456,432,0.5898375,9.093743659113965,0.08684594,0.5388936,0.00057315826,0.046414524,11,25116.0,1,7,15.0
3457,582,0.5897187500000001,8.327158034528551,0.09515331,0.45186996,0.00019645691,0.046023775,18,24479.0,0,2,65.0
3458,314,0.5896,7.542221478755436,0.085484296,0.37689897,0.00053572655,0.04434253,16,21647.0,1,4,16.0
3459,51,0.5894812500000001,8.149071259709556,0.07726317,0.4226513,0.0009589195,0.04359821,15,22945.0,1,5,10.0
3460,931,0.5893625,6.81024512884978,0.09118136,0.36080635,0.00010347366,0.044857826,17,21352.0,2,3,18.0
3461,637,0.5892437500000001,8.208725267596497,0.081696115,0.4978348,0.0017552376,0.048736274,10,23766.0,2,7,11.0
3462,77,0.589125,7.1025518341307805,0.08867832,0.47075605,0.0007252693,0.047315452,15,21326.0,2,5,27.0
3463,30,0.58900625,8.211286089238842,0.09315274,0.45300046,0.00073862076,0.04519168,13,23504.0,1,6,21.0
3464,765,0.5888875,8.268844221105526,0.098354876,0.42730486,0.0017468929,0.04560573,10,22593.0,2,9,1.0
3465,115,0.5887687500000001,8.60741935483871,0.08754588,0.43115923,0.0006799698,0.049113303,14,26373.0,2,3,15.0
3466,990,0.58865,6.239193083573486,0.08411465,0.3654968,0.00021386147,0.04761046,23,19485.0,0,0,25.0
3467,328,0.58853125,4.793856655290101,0.10001117,0.5647017,0.0017352104,0.044945195,18,12874.0,3,7,39.0
3468,151,0.5884125,8.340079893475364,0.08262187,0.5587661,0.0017318726,0.044774696,12,23852.0,2,6,11.0
3469,486,0.5882937500000001,7.834879099039415,0.07341555,0.364915,0.00021123886,0.045974795,16,22144.0,0,5,5.0
3470,670,0.588175,7.445194274028629,0.08390397,0.44870946,0.00072836876,0.044937808,7,20964.0,6,9,1.0
3471,519,0.5880562500000001,6.52474862147259,0.087126374,0.47615424,0.0041823387,0.046595898,16,18266.0,1,7,6.0
3472,856,0.5879375,5.563020987289389,0.091256894,0.40565842,0.0019521713,0.049837187,12,19158.0,6,5,12.0
3473,194,0.5878187500000001,5.086280991735535,0.067595035,0.40407097,0.00062942505,0.045375388,18,13571.0,2,8,60.0
3474,108,0.5877000000000001,6.182115951523091,0.08265862,0.4318774,0.00022482872,0.046559647,7,18874.0,8,8,1.0
3475,703,0.5875812499999999,6.584837092731832,0.10397709,0.49119818,0.0026278496,0.048659083,13,21338.0,5,4,40.0
3476,531,0.5874625,6.756677524429967,0.07072646,0.43496603,0.001115799,0.04667085,9,20436.0,6,7,19.0
3477,55,0.58734375,5.256146179401992,0.081321925,0.39583227,0.000975132,0.044808682,14,15219.0,5,7,10.0
3478,584,0.587225,7.9519327731092435,0.09379659,0.6426671,0.003165722,0.044698622,16,23062.0,1,3,22.0
3479,187,0.58710625,4.997038034331873,0.10100453,0.66158235,0.0012891293,0.045225922,19,14252.0,3,5,29.0
3480,872,0.5869875,6.998153846153846,0.07253232,0.4168187,0.0009803772,0.04489727,6,20794.0,5,11,1.0
3481,361,0.58686875,7.090351165080404,0.0831671,0.36682284,0.001475811,0.045431484,8,18862.0,3,12,2.0
3482,264,0.58675,8.665650406504067,0.07062343,0.28958052,0.0003323555,0.044825573,9,25581.0,5,5,23.0
3483,40,0.58663125,8.200390752197979,0.082573876,0.4251231,0.0024886131,0.043754753,14,23955.0,1,5,12.0
3484,28,0.5865125,9.251460090850099,0.06967473,0.40541184,0.0045223236,0.04482389,11,28513.0,3,3,15.0
3485,98,0.58639375,5.904943968358602,0.08119392,0.51838017,0.0005056858,0.043818865,21,16702.0,0,4,34.0
3486,648,0.5862750000000001,7.139215686274512,0.08915239,0.52560997,0.00034189224,0.04471809,19,21846.0,1,1,19.0
3487,619,0.5861562499999999,5.948363393453571,0.07682517,0.35531306,0.00018835068,0.045079138,8,16013.0,6,12,10.0
3488,457,0.5860375,7.766262060379703,0.09113196,0.39144334,0.0010824203,0.04526645,11,21740.0,0,10,31.0
3489,11,0.58591875,7.277189666036544,0.08139873,0.45991033,0.0022509098,0.04325807,9,20876.0,3,10,26.0
3490,26,0.5858,7.4824259789875835,0.066330254,0.3907175,0.00026488304,0.044758897,8,22560.0,5,8,40.0
3491,646,0.58568125,5.9028423772609795,0.08189698,0.4706178,0.0022244453,0.04642053,9,16108.0,5,12,3.0
3492,713,0.5855625,6.654587611791982,0.07456756,0.46118847,0.000993967,0.045341846,10,17675.0,3,11,46.0
3493,581,0.58544375,7.659765004763415,0.079300314,0.44741005,0.0018978119,0.044603232,3,22861.0,7,11,1.0
3494,588,0.5853250000000001,6.590022973416474,0.07221068,0.389134,2.002716e-05,0.044481695,15,18861.0,2,6,7.0
3495,934,0.58520625,5.401809954751128,0.088933624,0.44242775,0.0005378723,0.045534402,12,14238.0,3,11,25.0
3496,157,0.5850875,8.4735758407687,0.08559839,0.5569061,0.0009338856,0.045036465,13,23235.0,1,6,26.0
3497,632,0.58496875,8.702887633396106,0.090621114,0.4381494,0.002503395,0.047872514,14,26453.0,0,4,33.0
3498,85,0.5848500000000001,8.162800124727159,0.09258061,0.5013511,5.2690506e-05,0.04614778,16,25216.0,0,3,7.0
3499,114,0.58473125,7.895923102419622,0.08587885,0.45579442,0.00034284592,0.04457291,18,23822.0,1,1,43.0
3500,912,0.5846125,10.32081005586592,0.09400612,0.45609426,0.0025610924,0.04342441,15,28986.0,0,2,83.0
3501,551,0.58449375,7.224516129032256,0.08841974,0.40780845,0.0009217262,0.042392697,15,21466.0,2,5,4.0
3502,480,0.584375,7.74086229086229,0.09021672,0.529617,0.00033903122,0.044073384,10,23437.0,4,6,2.0
3503,926,0.58425625,8.62259158751696,0.091513604,0.4628954,4.9591064e-05,0.04668093,12,23061.0,0,8,24.0
3504,343,0.5841375,10.137107130787427,0.07802277,0.44754887,0.0012135506,0.04786393,6,29108.0,4,7,14.0
3505,773,0.58401875,6.496731816725407,0.09259739,0.46500143,0.000790596,0.05164833,10,19340.0,5,8,6.0
3506,129,0.5839000000000001,7.919150348489875,0.0725288,0.42327634,0.00016283989,0.047820657,11,21450.0,1,9,41.0
3507,397,0.5837812499999999,6.916556291390725,0.08391556,0.43795788,0.0006427765,0.046338275,12,18472.0,2,10,5.0
3508,794,0.5836625,4.788252521965505,0.11761624,0.4581747,0.0013213158,0.047115345,8,14407.0,9,10,23.0
3509,669,0.58354375,7.101187335092349,0.068429835,0.44686466,0.0022883415,0.046814393,11,21834.0,6,5,23.0
3510,30,0.5834250000000001,9.900721784776904,0.103666104,0.47441626,0.0021719933,0.045548428,12,29263.0,1,4,4.0
3511,634,0.58330625,9.168387096774188,0.078879334,0.40541184,0.00093221664,0.047777325,3,23772.0,1,16,10.0
3512,988,0.5831875,9.61778814123917,0.108820416,0.46489203,0.0017170906,0.048157215,9,27972.0,3,6,4.0
3513,198,0.58306875,5.706018667524941,0.0765003,0.50589025,0.000228405,0.0452572,17,15243.0,1,9,3.0
3514,54,0.5829500000000001,7.305179028132991,0.10381228,0.6405302,0.0013961792,0.04361853,19,22225.0,0,2,34.0
3515,751,0.58283125,7.671235085456301,0.10371525,0.4654724,0.00031518936,0.0454887,14,22238.0,1,6,16.0
3516,193,0.5827125,10.404409769335137,0.0939498,0.49227887,5.4359436e-05,0.04627529,1,26545.0,2,16,16.0
3517,837,0.58259375,6.365199876045861,0.09243184,0.5307076,0.0005803108,0.046917334,14,18927.0,2,7,1.0
3518,303,0.5824750000000001,4.9876693766937645,0.104900144,0.571141,0.00020074844,0.043796226,9,12362.0,6,14,28.0
3519,521,0.58235625,5.684002770083102,0.08227831,0.4672625,0.0014920235,0.046854112,11,15549.0,6,9,11.0
3520,931,0.5822375,7.978881206788182,0.10547372,0.50088286,0.00010561943,0.048558086,9,24116.0,4,8,2.0
3521,241,0.58211875,6.806571605703659,0.10774791,0.46836215,0.001033783,0.047659338,11,21958.0,5,5,26.0
3522,92,0.5820000000000001,7.531918936035463,0.08492417,0.46011257,0.00015544891,0.047023594,11,21891.0,2,8,8.0
3523,100,0.58188125,7.555483405483404,0.08685579,0.47425044,8.916855e-05,0.04829989,12,19835.0,3,7,8.0
3524,365,0.5817625000000001,9.079757085020244,0.09240046,0.45860916,0.00091958046,0.046532165,6,28098.0,8,4,7.0
3525,761,0.58164375,9.338930264048745,0.085808225,0.4480487,0.00031375885,0.047836807,7,25224.0,2,10,3.0
3526,411,0.5815250000000001,6.627468639433901,0.084838085,0.45393905,0.0018930435,0.042538393,15,19983.0,3,5,11.0
3527,626,0.58140625,9.154575707154738,0.10016934,0.6546991,0.0005168915,0.044267103,8,24805.0,1,10,9.0
3528,612,0.5812875,5.390094196292921,0.09135624,0.4761695,0.0009999275,0.04686961,14,18397.0,6,4,17.0
3529,545,0.58116875,6.796731154102733,0.109727584,1.4993675,0.00063443184,0.045454744,13,18278.0,2,9,1.0
3530,856,0.5810500000000001,5.097132722435707,0.09797001,0.5508683,1.0967255e-05,0.045592476,11,16567.0,6,8,5.0
3531,454,0.58093125,8.33994708994709,0.1015142,0.44940224,0.0061531067,0.04784186,19,25220.0,0,0,62.0
3532,526,0.5808125,7.208436886854151,0.08284473,0.43768954,5.9604645e-05,0.048608843,13,21126.0,3,6,1.0
3533,696,0.58069375,6.543086172344688,0.09146818,0.5221585,0.00096797943,0.0519473,17,18093.0,1,6,8.0
3534,129,0.5805750000000001,7.200829737802851,0.088960506,0.38536698,0.0024137497,0.049992874,12,19587.0,2,9,14.0
3535,635,0.58045625,8.235546245568802,0.09023461,0.4910767,0.0007200241,0.048483178,14,24624.0,0,3,0.0
3536,684,0.5803375000000001,7.876575387660838,0.09834515,0.41097295,0.001224041,0.04600586,18,24177.0,1,0,25.0
3537,673,0.58021875,8.341432396251673,0.08173602,0.4300877,0.00016498566,0.047229964,12,23729.0,2,6,34.0
3538,582,0.5801000000000001,7.46082337317397,0.09870439,0.39845395,0.00061130524,0.048196536,19,22472.0,1,1,74.0
3539,875,0.5799812500000001,5.089020381328073,0.104599684,0.41932756,3.7670135e-05,0.050355542,21,15785.0,3,2,9.0
3540,722,0.5798625,6.120787083753785,0.084401034,0.48116136,0.0003581047,0.048828166,16,19089.0,5,2,15.0
3541,953,0.57974375,7.832307692307692,0.09940966,0.50028354,0.00043439865,0.047801632,8,22032.0,2,5,0.0
3542,115,0.5796250000000001,10.139677419354838,0.0957186,0.56963575,0.0005927086,0.048650447,12,30813.0,1,3,9.0
3543,150,0.57950625,5.21241743725231,0.082115434,0.45955536,0.00080251694,0.05086289,11,14572.0,6,10,22.0
3544,993,0.5793875,5.263200000000001,0.089136995,0.5169673,0.0006427765,0.044288907,17,18010.0,6,1,39.0
3545,989,0.57926875,7.699999999999999,0.079067856,0.39363015,0.00020837784,0.045799952,12,23625.0,3,5,27.0
3546,361,0.57915,5.717164424023627,0.10439736,0.5208944,0.0005297661,0.04431401,10,15592.0,5,11,27.0
3547,491,0.57903125,6.604330446369085,0.109958194,0.6246065,0.0039229393,0.0446242,12,18025.0,3,9,18.0
3548,106,0.5789124999999999,5.494309462915599,0.11719954,0.5910234,6.389618e-05,0.044882607,15,15935.0,3,7,19.0
3549,142,0.57879375,8.404009201445941,0.08677868,0.42842793,0.0010638237,0.04509124,10,23139.0,1,9,3.0
3550,256,0.578675,7.205543578688019,0.06442524,0.44524193,0.0002875328,0.043738928,16,22747.0,1,3,6.0
3551,725,0.5785562500000001,5.972907983327988,0.09144487,0.60916823,0.00039815903,0.045708742,12,17070.0,4,9,32.0
3552,683,0.5784374999999999,4.907345225603358,0.09081606,0.4660282,0.0002090931,0.04490898,18,14316.0,5,4,13.0
3553,672,0.57831875,8.824942263279445,0.08333099,0.5429728,0.0027637482,0.045835603,12,25536.0,2,6,23.0
3554,772,0.5782,6.714925373134325,0.092352115,0.4004324,0.0029072762,0.04660661,9,19344.0,4,11,12.0
3555,856,0.57808125,6.0915755246822325,0.107200496,0.59222126,0.0006656647,0.049601678,8,18578.0,5,11,8.0
3556,244,0.5779625,7.888599348534202,0.09655896,0.5473565,0.0030050278,0.04721683,6,23297.0,6,9,1.0
3557,977,0.57784375,7.629196603527107,0.099534094,0.4891672,0.0007517338,0.044837236,10,22442.0,4,7,33.0
3558,374,0.577725,8.26248382923674,0.08829987,0.5235046,0.00011968613,0.04379512,7,24620.0,5,8,9.0
3559,684,0.5776062500000001,8.245958429561199,0.10024951,0.6500538,0.0003376007,0.045105547,15,23478.0,0,5,24.0
3560,978,0.5774874999999999,6.579436152570482,0.07827499,0.45695677,0.00089907646,0.04712886,10,21043.0,8,4,13.0
3561,492,0.57736875,6.515601442150115,0.102112405,0.48455948,0.00037574768,0.043566372,6,19574.0,8,9,8.0
3562,365,0.57725,9.327597840755734,0.10853819,0.53717184,0.0013070107,0.04470378,10,27647.0,4,4,14.0
3563,820,0.5771312500000001,8.14210184884852,0.0994309,0.4786022,0.0006699562,0.044340793,10,22944.0,2,9,20.0
3564,976,0.5770125,8.254134583193839,0.09910389,0.44457412,0.0007252693,0.046286073,13,23759.0,2,5,19.0
3565,296,0.57689375,6.2724372029871,0.08614264,0.41280067,0.0005221367,0.04891133,11,18184.0,6,7,21.0
3566,432,0.576775,8.088062225228272,0.10851258,0.53470325,0.0012073517,0.0477087,14,23325.0,2,4,43.0
3567,956,0.57665625,5.048236816564217,0.08735987,0.3989302,0.0008301735,0.046885252,22,15295.0,1,2,50.0
3568,336,0.5765375,6.963355563355565,0.106705725,0.4650433,0.0015542507,0.04842584,13,21548.0,7,1,26.0
3569,766,0.57641875,11.077094195342372,0.10910801,0.5954591,8.583069e-06,0.05109335,7,30718.0,2,6,45.0
3570,439,0.5763,8.116867469879518,0.07999501,0.4918803,2.1457672e-06,0.04680557,8,26598.0,6,5,12.0
3571,898,0.5761812500000001,6.759609120521173,0.09032015,0.52739626,0.002234459,0.046879414,15,20445.0,3,4,46.0
3572,745,0.5760624999999999,5.1054036458333325,0.0770809,0.37274182,9.012222e-05,0.045716107,9,14455.0,7,11,14.0
3573,111,0.57594375,8.345410628019323,0.10338914,0.43527198,0.0017819405,0.045238663,15,24360.0,0,5,1.0
3574,611,0.575825,6.745224238274561,0.100117266,0.44195962,0.0009765625,0.045829445,6,17366.0,5,13,23.0
3575,660,0.5757062500000001,6.779600357888458,0.09353765,0.6170466,0.00044584274,0.04756849,15,22732.0,3,3,14.0
3576,390,0.5755875,4.563449823661428,0.09422598,0.43301404,0.0011126995,0.045576315,15,12362.0,4,10,28.0
3577,541,0.57546875,7.584145957848379,0.0889919,0.4438503,4.1484833e-05,0.04772686,10,24110.0,0,0,0.0
3578,825,0.57535,5.87111111111111,0.08409605,0.5480343,0.0002169609,0.044330526,10,15418.0,5,11,2.0
3579,134,0.5752312500000001,6.661476725521668,0.112327,2.3310556,0.00013494492,0.044325512,8,19193.0,5,10,14.0
3580,539,0.5751125,7.761744966442952,0.11536334,0.4792333,0.0014755726,0.04509054,15,22534.0,2,4,23.0
3581,809,0.57499375,8.348076923076922,0.07745647,0.55768585,0.00024557114,0.046296228,12,25734.0,3,4,14.0
3582,881,0.574875,8.737307434695243,0.08870747,0.36610192,0.001979351,0.044210445,8,24298.0,3,9,38.0
3583,912,0.5747562500000001,8.566201117318435,0.088571765,0.5981128,0.002081871,0.045268003,10,23388.0,3,7,8.0
3584,719,0.5746375,7.940424121935054,0.10458822,0.59666646,0.0019845963,0.042494077,13,22757.0,2,6,65.0
3585,571,0.57451875,9.926095487246563,0.08163602,0.36974835,0.0008111,0.046416815,6,27296.0,1,11,23.0
3586,858,0.5744,7.194374423608975,0.105819084,1.898716,0.0004889965,0.048290446,8,23078.0,6,7,12.0
3587,232,0.5742812500000001,5.983780020884093,0.103455804,0.61632216,0.00024008751,0.04747166,20,17766.0,3,1,18.0
3588,842,0.5741625,5.282741276328196,0.10349359,0.571145,0.006163597,0.04708181,13,12351.0,1,15,19.0
3589,739,0.57404375,8.357044673539521,0.09482801,0.5598602,0.00028467178,0.047690745,17,24901.0,2,0,7.0
3590,775,0.573925,5.965032567706547,0.098602675,0.48665515,1.8119812e-05,0.04525057,10,17400.0,7,7,5.0
3591,631,0.5738062500000001,7.085763175906914,0.082950465,0.591671,0.0001320839,0.04658984,19,21289.0,2,0,16.0
3592,789,0.5736875,7.038175675675676,0.10234795,0.36655962,0.0019359589,0.046101782,15,20537.0,3,4,6.0
3593,479,0.57356875,9.908318890814558,0.093935795,0.6309997,0.0008573532,0.048086006,14,28297.0,1,2,13.0
3594,900,0.57345,7.358171745152354,0.08168627,0.44262353,0.0015153885,0.047192138,15,20384.0,2,5,18.0
3595,173,0.5733312500000001,9.101161995898835,0.08779756,0.47914267,0.00019264221,0.0478067,12,25167.0,1,6,1.0
3596,607,0.5732125,8.428382838283829,0.08435882,0.4254514,0.0019917488,0.04618742,9,24932.0,4,6,28.0
3597,858,0.57309375,7.409621887488471,0.090968095,0.45539305,0.0019302368,0.044048745,12,22477.0,2,7,7.0
3598,765,0.572975,8.043216080402008,0.10616086,0.49300063,0.0013358593,0.045592356,9,21621.0,2,10,20.0
3599,345,0.5728562500000001,9.031183830606354,0.07787695,0.4365195,8.201599e-05,0.045176025,7,29397.0,7,3,13.0
3600,663,0.5727375,6.608739116414058,0.08400058,0.3411251,0.0011298656,0.046156544,5,18323.0,6,13,4.0
3601,260,0.57261875,6.751498189002302,0.10942485,1.3985271,0.0026240349,0.0482319,9,17771.0,3,12,12.0
3602,349,0.5725,5.962341772151897,0.09782066,0.4010815,0.002956152,0.04756389,11,17893.0,5,8,3.0
3603,116,0.5723812500000001,5.7332064700285414,0.12339691,0.6054886,0.002413988,0.045192555,10,16185.0,1,7,0.0
3604,349,0.5722625000000001,7.050949367088606,0.09587189,0.60833526,0.00093078613,0.04355767,10,20385.0,3,9,16.0
3605,389,0.57214375,5.6802063185041884,0.114342354,0.5801828,0.0006914139,0.04370926,10,16069.0,5,10,44.0
3606,511,0.572025,7.540348569549488,0.10349677,0.5653243,0.00044584274,0.044444095,7,22322.0,6,8,13.0
3607,476,0.5719062500000001,7.3619425173439055,0.085154556,0.5067606,4.9352646e-05,0.045832757,15,22890.0,4,2,5.0
3608,982,0.5717875,9.61771715271245,0.11247311,0.6834607,0.00058984756,0.046275537,11,30352.0,2,3,26.0
3609,884,0.5716687500000001,9.036877076411956,0.09040514,0.4555234,0.0014748573,0.046735656,4,24492.0,3,12,7.0
3610,606,0.57155,9.074957698815567,0.07908163,0.5781183,0.00071287155,0.047207754,15,26521.0,1,2,13.0
3611,295,0.5714312500000001,6.67693786034593,0.10182919,0.4364077,0.0010619164,0.04708131,11,18660.0,3,10,33.0
3612,414,0.5713125,6.57852564102564,0.08204243,0.3578068,0.0005726814,0.044543173,14,19589.0,3,6,6.0
3613,249,0.57119375,7.275832223701731,0.09859558,0.54564655,0.00014019012,0.043502163,12,22157.0,5,4,31.0
3614,1,0.571075,7.877468522200131,0.10723808,2.3475838,0.00030231476,0.04390567,11,22567.0,3,7,6.0
3615,195,0.57095625,8.907968127490037,0.10029053,0.6467569,0.00044870377,0.045672853,3,25626.0,6,10,9.0
3616,709,0.5708375000000001,7.661201242664824,0.09353449,0.47364104,0.0010251999,0.047588963,13,20746.0,2,7,10.0
3617,8,0.5707187499999999,5.903642384105957,0.08762457,0.48755142,0.00025701523,0.045903474,13,15111.0,2,11,13.0
3618,222,0.5706,6.951386202450032,0.110677004,0.57798016,0.00033521652,0.048353594,15,21253.0,3,4,32.0
3619,421,0.57048125,6.890353697749194,0.09725016,0.4887427,0.0014033318,0.050289337,11,18941.0,2,10,19.0
3620,220,0.5703625,7.0001686340640825,0.101655275,0.42583668,0.0020680428,0.045897514,21,20459.0,0,1,35.0
3621,362,0.57024375,6.816434892541085,0.076690175,0.49519044,0.00035381317,0.04602396,10,19036.0,3,11,14.0
3622,936,0.570125,5.416248348745046,0.10415745,0.566466,0.00038003922,0.049915787,13,15492.0,5,8,24.0
3623,793,0.57000625,8.296594226402853,0.09816045,0.5524162,0.0002374649,0.046532735,5,23112.0,4,12,2.0
3624,516,0.5698875000000001,6.7908587257617725,0.091072775,0.41218308,0.000875473,0.048935205,11,19612.0,6,6,39.0
3625,610,0.5697687499999999,6.619354838709677,0.101594545,0.5517266,0.00032186508,0.047469914,12,21140.0,6,4,16.0
3626,842,0.56965,7.146651996227599,0.08886623,0.49128002,0.004700184,0.04713753,7,21143.0,5,10,1.0
3627,598,0.56953125,8.618497827436373,0.10599225,0.5462711,6.389618e-05,0.04761712,9,26480.0,3,7,1.0
3628,832,0.5694125000000001,6.76399741685502,0.11362625,0.6057854,0.002052784,0.047082666,10,20019.0,5,8,3.0
3629,831,0.56929375,7.285008237232284,0.08448613,0.43019,0.0014579296,0.046713863,9,17254.0,0,16,7.0
3630,475,0.569175,7.476771653543306,0.120983064,0.5958445,0.0007996559,0.04942964,14,21570.0,2,6,22.0
3631,131,0.56905625,8.857538766083799,0.09863099,0.51628727,8.678436e-05,0.04581271,12,26241.0,2,4,44.0
3632,567,0.5689375,7.57666442501681,0.11843716,2.372295,0.0016198158,0.048560634,15,21046.0,1,6,38.0
3633,833,0.56881875,6.6999999999999975,0.09616643,0.47630912,0.0010633469,0.046310663,15,18714.0,1,8,37.0
3634,232,0.5687,6.184754611903931,0.13936022,2.1968246,0.00019454956,0.046925437,17,16045.0,1,7,28.0
3635,435,0.56858125,6.032025701724722,0.08286928,0.42749012,0.0009088516,0.045733362,23,17541.0,0,1,37.0
3636,954,0.5684625000000001,7.386062717770033,0.08161471,0.4170779,9.441376e-05,0.0471437,11,22055.0,3,7,6.0
3637,952,0.5683437499999999,7.635156771180787,0.10562276,0.53472954,0.0006465912,0.046547923,13,23190.0,4,3,47.0
3638,354,0.568225,8.06657645466847,0.06529712,0.39968428,0.0004506111,0.044833165,18,22958.0,0,3,29.0
3639,595,0.56810625,6.924160631994731,0.10014641,0.45222282,9.059906e-06,0.048792142,8,18909.0,4,11,3.0
3640,901,0.5679875000000001,7.281911262798633,0.09005097,0.79674894,0.0006053448,0.047748983,12,19871.0,3,8,21.0
3641,10,0.56786875,4.501305909239306,0.11248914,0.58343744,0.000975132,0.047844484,12,12256.0,6,11,31.0
3642,112,0.56775,6.193559322033896,0.09497588,0.5678792,0.0026025772,0.04738683,9,17091.0,6,10,23.0
3643,791,0.56763125,5.292840872111943,0.11574497,0.69517386,8.273125e-05,0.04748043,15,15343.0,4,7,13.0
3644,249,0.5675125000000001,8.22010652463382,0.11527952,0.5965047,0.00029087067,0.04659902,5,23792.0,6,9,38.0
3645,430,0.56739375,6.914769030579049,0.08879181,0.41825163,0.000531435,0.04691188,6,19719.0,6,11,26.0
3646,782,0.567275,7.053835978835981,0.11842471,2.3329744,0.0020127296,0.04764901,16,22238.0,4,1,11.0
3647,104,0.56715625,6.317757615035645,0.074142136,0.43649194,0.00013399124,0.04578711,18,19188.0,2,3,14.0
3648,667,0.5670375000000001,8.304839244282398,0.09392834,0.6797858,0.001709938,0.045006115,11,24754.0,4,5,24.0
3649,708,0.56691875,8.678789962186315,0.10411342,0.5481385,0.0007882118,0.04346046,15,24083.0,0,4,57.0
3650,542,0.5668,7.575399361022365,0.105468534,0.45131052,0.004331112,0.045262393,15,24650.0,4,1,15.0
3651,942,0.56668125,6.789630356558716,0.08990162,0.43793976,0.000562191,0.047760304,17,18616.0,0,7,2.0
3652,71,0.5665625000000001,6.5481384715871975,0.11120256,0.40570217,0.00023436546,0.045596737,13,20969.0,6,3,3.0
3653,154,0.56644375,6.6179723502304135,0.11320945,0.7015242,0.0035390854,0.04728579,12,19194.0,4,7,19.0
3654,614,0.566325,7.891601562499998,0.08380703,0.52396965,0.00014257431,0.049018484,10,22707.0,3,8,8.0
3655,819,0.56620625,6.895551894563427,0.08099259,0.4582324,0.004069805,0.04689255,14,20928.0,1,1,0.0
3656,415,0.5660875000000001,7.45769720101781,0.08541233,0.35916746,5.38826e-05,0.04509474,8,21875.0,4,9,13.0
3657,628,0.56596875,6.502744832260249,0.10581374,0.42800915,8.9883804e-05,0.04548281,12,17419.0,3,9,31.0
3658,203,0.56585,6.392903645833334,0.0907354,0.5802024,1.7166138e-05,0.04662047,19,19639.0,2,2,1.0
3659,139,0.56573125,6.836686009026436,0.08605472,0.581707,0.00038337708,0.046479587,20,20587.0,0,2,17.0
3660,555,0.5656125000000001,6.901560062402495,0.08825513,0.4606135,0.00083208084,0.047899157,9,21158.0,5,8,9.0
3661,608,0.56549375,8.689466754443712,0.09237331,0.4862486,0.00028419495,0.04623661,5,25791.0,6,8,30.0
3662,853,0.565375,6.124049331963,0.10221374,0.4534997,0.0025601387,0.04532909,17,18168.0,4,3,7.0
3663,536,0.56525625,6.084157075152337,0.10781131,0.5902846,0.0016117096,0.04607348,13,18268.0,6,5,16.0
3664,210,0.5651375000000001,8.327061170212767,0.10268683,0.6317273,0.0007519722,0.045916274,18,24747.0,0,1,18.0
3665,890,0.56501875,6.158252427184465,0.08764727,0.60919416,0.0012302399,0.04333834,12,17793.0,4,8,3.0
3666,790,0.5649,7.917105701900632,0.08454511,0.4021281,0.0023479462,0.0458062,13,21944.0,1,7,2.0
3667,368,0.56478125,9.077716453949636,0.094383925,0.537303,0.0010428429,0.047407538,9,24287.0,2,9,26.0
3668,284,0.5646625000000001,5.329144021739127,0.10095066,0.6289936,0.0016670227,0.046790287,10,14217.0,6,11,7.0
3669,865,0.5645437500000001,8.875767802902462,0.091595136,0.5921612,0.00028562546,0.044872165,8,25410.0,4,7,7.0
3670,897,0.564425,7.4906826269815605,0.09338927,0.6331068,0.00069618225,0.05079696,7,24081.0,8,5,1.0
3671,963,0.56430625,8.480243985089798,0.118215136,0.60520613,0.0009460449,0.048156273,13,24435.0,2,4,6.0
3672,633,0.5641875000000001,5.312935656836461,0.09864029,0.40887064,0.0014429092,0.049098596,14,15257.0,5,7,24.0
3673,812,0.56406875,8.380696202531643,0.09610181,0.4724514,0.00017738342,0.050806183,8,23007.0,1,12,28.0
3674,887,0.5639500000000001,7.672002701789933,0.0777669,0.43209523,0.0017762184,0.047652394,10,20348.0,2,10,9.0
3675,370,0.56383125,9.288362209872506,0.08748498,0.53431994,0.0013389587,0.04656945,8,28719.0,5,4,3.0
3676,784,0.5637125000000001,5.397679045092837,0.10655227,0.41377914,0.0034470558,0.04696961,16,15073.0,3,7,22.0
3677,997,0.56359375,8.57011494252873,0.10729762,0.44682777,0.0002541542,0.047434792,5,22442.0,2,14,18.0
3678,665,0.563475,7.1152754866380725,0.103046596,0.5802808,0.0007402897,0.04639585,16,20354.0,1,5,14.0
3679,849,0.56335625,6.535173299101408,0.08887261,0.31092048,0.0020990372,0.046726376,6,16936.0,4,15,13.0
3680,489,0.5632375000000001,4.9817733990147754,0.12633394,2.2228448,0.0011377335,0.044022236,18,12429.0,1,10,24.0
3681,811,0.5631187500000001,8.039449541284402,0.10019681,0.6176873,0.0023183823,0.046389643,6,22400.0,4,11,32.0
3682,298,0.563,5.956721311475411,0.11042861,0.4956069,0.0009865761,0.045569167,12,18778.0,7,5,2.0
3683,539,0.56288125,9.151006711409394,0.11165104,0.6210302,0.0020661354,0.047904592,6,26078.0,4,8,8.0
3684,387,0.5627625,6.123964202850513,0.08708131,0.5963012,0.00035381317,0.047148407,10,18476.0,7,7,16.0
3685,6,0.56264375,6.041607803565422,0.07742094,0.41006893,0.0010719299,0.044849012,10,18259.0,8,7,6.0
3686,10,0.562525,4.568233757753838,0.098771,0.50845516,0.0016536713,0.047842655,15,15524.0,8,3,41.0
3687,363,0.56240625,5.875460122699384,0.09255602,0.43017572,0.0040197372,0.04683649,14,16872.0,2,9,16.0
3688,789,0.5622875,6.836824324324322,0.123176,0.5249653,0.00045108795,0.046373885,8,20237.0,0,0,0.0
3689,755,0.5621687500000001,6.794051179793948,0.086807646,0.47384533,0.0014920235,0.049293205,9,18337.0,4,11,5.0
3690,263,0.5620499999999999,8.160927152317878,0.116562545,0.55578214,0.00094914436,0.04567804,14,23438.0,1,5,24.0
3691,254,0.56193125,7.976308900523559,0.101591684,0.5711948,0.00053071976,0.04568799,19,24070.0,0,1,11.0
3692,250,0.5618125,8.619633152173908,0.081385456,0.38694894,0.0014696121,0.048613276,6,21549.0,1,14,14.0
3693,526,0.5616937500000001,6.918966644865925,0.092235625,0.5666181,0.00023889542,0.048082814,4,21464.0,3,2,0.0
3694,593,0.561575,6.916879090595938,0.100986086,0.5232953,0.001979351,0.047343437,11,20370.0,6,5,28.0
3695,70,0.56145625,7.787306701030926,0.08610789,0.44689703,0.0013813972,0.04696693,14,23551.0,2,4,29.0
3696,846,0.5613375,8.224503311258275,0.11605819,0.5061486,0.0042095184,0.04774416,7,21818.0,2,12,10.0
3697,81,0.56121875,6.271493654409372,0.11530852,0.58043325,0.0029039383,0.04566516,10,18965.0,6,7,18.0
3698,515,0.5611,5.997291941875826,0.094033726,0.55440223,0.00019216537,0.046553116,5,17857.0,9,10,7.0
3699,746,0.56098125,6.284236453201968,0.09233609,0.5924245,0.0011539459,0.04670039,7,18222.0,7,10,5.0
3700,355,0.5608625,8.536300285080772,0.10499776,0.7040187,0.00078487396,0.047680054,8,26002.0,4,7,22.0
3701,939,0.5607437500000001,5.62297341647522,0.09009701,0.6389686,0.0006799698,0.04794876,12,15305.0,4,10,11.0
3702,433,0.5606249999999999,7.384166125892276,0.08188253,0.3491409,0.0013699532,0.04829457,12,22758.0,4,4,1.0
3703,69,0.56050625,7.185316289741067,0.10231192,0.4141636,0.0011219978,0.048528608,14,20702.0,2,6,3.0
3704,983,0.5603875,6.286450801634705,0.094725154,0.5492341,0.0031790733,0.047558308,11,19361.0,5,7,3.0
3705,307,0.5602687500000001,7.1403131115459875,0.089256346,0.4434718,0.0006661415,0.045936506,11,21279.0,4,6,22.0
3706,255,0.56015,6.4704015544041455,0.086033255,0.61874306,0.002370596,0.04969889,13,19363.0,4,6,11.0
3707,693,0.56003125,9.340162546562816,0.08475622,0.5970568,0.000166893,0.04687107,9,26105.0,2,7,4.0
3708,617,0.5599125,7.460302197802196,0.09533721,0.4287585,0.0005135536,0.044846017,14,21142.0,3,5,19.0
3709,371,0.5597937500000001,7.521830550401978,0.07634989,0.47667432,0.0010914803,0.044743385,15,23032.0,1,5,26.0
3710,760,0.559675,5.923014056881332,0.0842819,0.60872644,0.0005264282,0.04669559,18,16589.0,1,6,55.0
3711,504,0.55955625,5.595611285266455,0.111080654,0.43426073,0.00012683868,0.046181876,17,14979.0,0,9,3.0
3712,522,0.5594375,6.280180783394711,0.11865905,0.6337799,5.5789948e-05,0.04332395,13,19655.0,6,3,8.0
3713,736,0.5593187500000001,6.948586993530815,0.1043044,0.5939213,0.00014019012,0.046431765,14,20408.0,4,4,24.0
3714,947,0.5592,7.058897742363877,0.083800934,0.6044822,0.0021276474,0.047963295,11,20659.0,5,7,6.0
3715,583,0.55908125,5.00077519379845,0.103778124,0.58849436,0.0009803772,0.049044903,13,15805.0,6,7,51.0
3716,318,0.5589625,9.230736543909348,0.09246769,0.42383456,7.009506e-05,0.04965123,13,26350.0,3,2,3.0
3717,537,0.55884375,7.11808992680376,0.108961344,0.6741127,0.0021641254,0.049576048,9,16979.0,2,14,3.0
3718,563,0.558725,8.095899257345819,0.11141237,2.3143213,0.00042390823,0.045842458,11,25073.0,4,4,5.0
3719,588,0.55860625,5.659927797833938,0.10384021,0.7016338,0.0009198189,0.046235036,11,19074.0,9,3,6.0
3720,530,0.5584875,7.463097314265782,0.10146131,1.232288,0.0018410683,0.04474747,15,21110.0,3,4,20.0
3721,828,0.5583687500000001,6.8145043246839645,0.116111435,0.7469584,0.0029091835,0.04766353,15,19282.0,2,6,26.0
3722,678,0.55825,9.475447909754477,0.106695265,0.5953753,0.00015735626,0.045210738,5,27052.0,4,9,12.0
3723,33,0.55813125,5.07973145780051,0.10287032,0.58861095,0.00018262863,0.0483138,9,14951.0,7,10,5.0
3724,230,0.5580125,8.130784574468082,0.08848888,0.5379021,0.0001077652,0.047728315,12,23555.0,0,3,0.0
3725,233,0.5578937500000001,7.336451301832205,0.09412002,0.6609002,0.0008878708,0.045844976,3,20646.0,6,13,5.0
3726,839,0.557775,7.572171468728039,0.09943662,0.61334896,0.0006480217,0.047122147,8,20412.0,5,9,31.0
3727,598,0.55765625,9.819490999379267,0.098558344,0.63922644,0.0007696152,0.047006827,11,30994.0,2,4,7.0
3728,566,0.5575375,8.567719644619936,0.101266734,0.52534676,0.006107807,0.04509977,5,23910.0,4,11,6.0
3729,602,0.5574187500000001,8.070352781546813,0.102238484,0.57825804,0.0038137436,0.044264372,14,24381.0,4,2,24.0
3730,167,0.5573,5.65186440677966,0.10024035,0.5136285,0.0011153221,0.04454957,24,16378.0,0,1,26.0
3731,90,0.55718125,7.449562171628721,0.09225581,0.4783417,0.0003299713,0.04621308,18,21554.0,2,1,9.0
3732,861,0.5570625,7.12458137977227,0.09651249,0.5234334,0.00028467178,0.045863956,14,21274.0,4,4,12.0
3733,762,0.5569437500000001,8.39285030322375,0.0885703,0.57458544,0.0021996498,0.0469739,14,27548.0,4,0,7.0
3734,893,0.5568250000000001,7.824390243902441,0.0970248,0.53768057,0.00050640106,0.04726718,14,23359.0,4,2,31.0
3735,944,0.55670625,7.592612491605102,0.11592424,0.68679297,0.0059781075,0.04751344,8,20824.0,4,10,8.0
3736,456,0.5565875,7.864120896977578,0.08365628,0.44685638,0.00048971176,0.04712094,12,25121.0,5,2,2.0
3737,356,0.5564687500000001,8.217907573812578,0.08516159,0.48276496,4.029274e-05,0.046966445,9,24049.0,3,8,27.0
3738,585,0.55635,5.492775899169997,0.119325124,0.5533658,0.0036582947,0.0470515,14,17868.0,5,5,10.0
3739,826,0.5562312500000001,6.364702114029465,0.09783802,0.62214935,0.0014929771,0.04464419,13,17373.0,2,10,27.0
3740,737,0.5561125,6.273280943025542,0.101511635,0.671842,0.0008018017,0.04820584,20,19464.0,2,1,62.0
3741,872,0.5559937500000001,6.9,0.1069395,0.48737562,0.00013780594,0.045350596,4,22750.0,9,8,2.0
3742,234,0.555875,7.918476499189627,0.075039946,0.3547107,0.00017213821,0.04783073,13,23503.0,1,4,0.0
3743,543,0.55575625,6.672336389503636,0.08332866,0.54174495,0.000395298,0.047596723,9,20472.0,6,8,4.0
3744,725,0.5556375,7.868515549855724,0.0930736,0.45556843,0.00087213516,0.04535252,9,24230.0,5,6,27.0
3745,920,0.5555187500000001,6.981463091691493,0.09756094,0.6511327,0.00015497208,0.046917986,10,21091.0,6,6,1.0
3746,678,0.5554000000000001,8.997013934970141,0.101307005,0.6589843,0.0017113686,0.048739567,18,27117.0,0,0,24.0
3747,591,0.55528125,8.279482004709049,0.07613227,0.4697261,0.0024318695,0.048558902,13,23723.0,2,5,1.0
3748,443,0.5551625,7.512856684834882,0.10911116,0.48031545,0.003891468,0.045762166,14,22185.0,2,6,23.0
3749,21,0.5550437500000001,9.220312499999999,0.09537851,0.43328714,0.0013480186,0.04654145,14,28632.0,2,1,25.0
3750,454,0.554925,8.888888888888888,0.12765557,0.6215496,0.003247738,0.04714541,18,26880.0,0,0,87.0
3751,696,0.5548062500000001,7.639545758183033,0.09831864,0.71244454,0.00013065338,0.0445606,18,22274.0,1,3,28.0
3752,522,0.5546875,5.358218948778039,0.10434228,0.57664704,0.002146244,0.04280655,15,16005.0,5,5,44.0
3753,324,0.55456875,5.5759450171821285,0.0827368,0.52509534,0.0010290146,0.04386416,18,15062.0,2,6,7.0
3754,48,0.5544500000000001,7.685736925515057,0.101534665,0.4974053,0.00068616867,0.048499424,14,25195.0,4,1,4.0
3755,786,0.5543312499999999,5.874630784378077,0.11761401,0.60396636,0.0007727146,0.05065191,12,17900.0,6,6,12.0
3756,140,0.5542125,9.492715231788077,0.100386284,0.5875798,0.0030026436,0.047756553,7,27762.0,4,7,46.0
3757,155,0.55409375,8.100228236061294,0.10106135,0.55531037,0.0009393692,0.046856463,10,24230.0,4,6,39.0
3758,337,0.553975,6.930526315789471,0.1022108,0.602347,0.0008740425,0.047799896,10,20384.0,2,10,6.0
3759,7,0.55385625,6.733286859532938,0.09493496,0.40944082,0.0016188622,0.04603338,17,18744.0,2,4,3.0
3760,53,0.5537375,8.52476125511596,0.104912214,0.73582876,0.002024889,0.044968914,9,22649.0,2,10,23.0
3761,921,0.55361875,8.88813892529489,0.100610256,0.39469567,0.00037002563,0.04544361,12,27737.0,4,2,21.0
3762,642,0.5535,8.872318339100344,0.10224492,0.43036175,0.002699852,0.043996777,7,23040.0,2,11,10.0
3763,571,0.55338125,8.602943100065401,0.09905126,0.5582889,0.0016140938,0.045333784,8,24473.0,3,9,18.0
3764,50,0.5532625,6.659698063669181,0.092500776,0.44528532,0.0047688484,0.045356657,10,19378.0,5,8,26.0
3765,652,0.55314375,8.341297154202515,0.10655495,0.6300899,0.00061774254,0.044358294,8,24603.0,0,2,0.0
3766,694,0.5530250000000001,6.4428377460964015,0.08032724,0.46919778,0.002708435,0.04401535,14,18686.0,4,5,26.0
3767,170,0.5529062499999999,3.9155370843989767,0.10220551,0.4909389,0.0021047592,0.043590505,14,11935.0,7,8,13.0
3768,270,0.5527875,8.197966101694915,0.098661266,0.55740434,0.0010659695,0.045267045,11,23889.0,4,5,17.0
3769,788,0.55266875,9.003305249513936,0.11309061,0.50922346,0.007997036,0.04643174,10,28710.0,5,2,6.0
3770,486,0.55255,6.273931765485259,0.112605415,0.7900912,0.000667572,0.046469297,11,18941.0,0,0,0.0
3771,889,0.55243125,7.348270181219109,0.105448805,0.6618561,0.0034296513,0.044111926,17,22302.0,2,2,8.0
3772,68,0.5523125,8.81596336277396,0.12198594,0.63487095,7.200241e-05,0.044829596,17,26339.0,0,2,9.0
3773,598,0.55219375,8.099255121042829,0.08758322,0.5156349,0.0004963875,0.046125393,12,24807.0,2,6,27.0
3774,459,0.5520750000000001,6.011834319526628,0.11152244,0.7452388,4.386902e-05,0.046996698,10,18288.0,7,7,3.0
3775,658,0.55195625,8.023724320742215,0.11598879,0.5268056,0.00039196014,0.04785281,15,25121.0,3,0,0.0
3776,550,0.5518375,6.231510147918817,0.094943084,0.45625553,0.0018641949,0.045139138,8,18115.0,8,8,9.0
3777,544,0.55171875,5.678070175438593,0.11847941,2.4359925,0.003042698,0.047757465,11,15890.0,4,11,39.0
3778,902,0.5516000000000001,7.953980019336124,0.11984085,0.6090951,0.005578518,0.048948545,16,23440.0,0,4,0.0
3779,412,0.55148125,5.428995057660626,0.092943825,0.5553206,1.6212463e-05,0.050442304,13,15870.0,2,4,0.0
3780,757,0.5513625,6.1428944789284525,0.14005782,2.5771737,0.0008225441,0.045909867,10,17579.0,5,9,5.0
3781,983,0.55124375,5.673027349889972,0.1075562,0.48737633,0.0018792152,0.045454826,9,18364.0,8,7,18.0
3782,925,0.551125,5.809852061693419,0.08897344,0.6363588,0.00020360947,0.0451691,6,16234.0,6,13,1.0
3783,843,0.55100625,6.30288203753351,0.13053773,0.70238066,0.0013623238,0.047503173,14,18211.0,4,6,38.0
3784,75,0.5508875,5.039206128133704,0.07928881,0.5821645,0.0032215118,0.046211034,8,13611.0,8,11,2.0
3785,513,0.55076875,8.98218677301429,0.117857195,0.7382594,0.0018343925,0.04585934,5,25222.0,4,10,31.0
3786,389,0.5506500000000001,5.963894261766601,0.1148794,0.524418,0.0024328232,0.04619209,15,18500.0,4,4,30.0
3787,861,0.55053125,8.375485599464165,0.08528636,0.5168838,0.00093483925,0.04487968,8,24412.0,5,7,9.0
3788,166,0.5504125,5.177405857740586,0.09890902,0.5657641,0.0014104843,0.04459255,15,17329.0,7,3,3.0
3789,446,0.55029375,6.645966709346991,0.096024215,0.5262611,0.0022494793,0.04546712,12,19200.0,3,8,9.0
3790,681,0.5501750000000001,7.297247706422016,0.14330667,0.6200971,0.004675865,0.04726315,14,21170.0,1,7,6.0
3791,821,0.55005625,4.742667574004761,0.09749526,0.56547594,0.0009536743,0.048839036,13,13057.0,6,9,8.0
3792,854,0.5499375,5.796626984126981,0.08884191,0.5346135,0.00022959709,0.045297142,6,14505.0,5,15,17.0
3793,734,0.54981875,5.827272727272726,0.11631218,0.60172874,0.00016832352,0.047189225,18,15870.0,1,7,45.0
3794,262,0.5497000000000001,9.865793780687396,0.09696162,0.46996248,0.0009875298,0.04551756,9,28918.0,2,6,65.0
3795,331,0.54958125,6.395989393437188,0.092282586,0.44482705,0.0008125305,0.04605354,12,18995.0,5,6,4.0
3796,730,0.5494625,5.857874270900841,0.107897066,0.58205307,0.00039196014,0.046347678,19,16843.0,1,5,44.0
3797,703,0.54934375,7.122493734335837,0.10736922,0.5759288,0.00022292137,0.049542382,13,21139.0,2,7,8.0
3798,961,0.5492250000000001,8.460232945091514,0.11742538,0.49786377,0.004425049,0.04962157,9,26024.0,6,4,40.0
3799,473,0.54910625,6.599376844867168,0.10902295,0.6481631,0.0006227493,0.04953051,9,18597.0,5,10,9.0
3800,980,0.5489875,7.477411919657558,0.11595684,0.8613957,0.00016832352,0.04958189,10,23620.0,7,4,9.0
3801,425,0.54886875,7.7225806451612895,0.09508144,0.56020164,0.0039992332,0.049157713,10,24486.0,4,6,16.0
3802,817,0.5487500000000001,7.351201602136179,0.11435918,0.5116361,0.0017440319,0.048177715,6,19927.0,5,12,9.0
3803,452,0.54863125,7.176146788990824,0.12952007,2.3138359,0.0020637512,0.049849387,15,20986.0,2,5,7.0
3804,759,0.5485125000000001,8.626495726495724,0.09724435,0.51582646,0.002192974,0.047348116,11,23770.0,2,7,8.0
3805,173,0.54839375,9.34572795625427,0.077219814,0.43723035,0.0013260841,0.045614675,7,25590.0,3,9,19.0
3806,171,0.5482750000000001,6.505762496020374,0.1152788,0.51370305,0.0002951622,0.044944394,14,18550.0,2,8,25.0
3807,468,0.54815625,5.649372108393917,0.07981351,0.38808632,0.00089788437,0.048624042,14,15582.0,3,8,32.0
3808,74,0.5480375,7.3786099650904475,0.10627496,0.5505599,0.0005953312,0.04660283,21,23250.0,0,0,5.0
3809,712,0.54791875,6.885310734463276,0.09445486,0.5190656,0.00036406517,0.0456394,11,20417.0,5,6,23.0
3810,800,0.5478000000000001,6.93347907557776,0.104756616,0.5514484,0.00065135956,0.045744915,9,18999.0,2,12,13.0
3811,270,0.54768125,8.157966101694916,0.09903113,0.4862709,2.9563904e-05,0.046876457,10,24361.0,5,4,25.0
3812,158,0.5475625,5.184215784215783,0.123918764,2.5346622,0.00034046173,0.049020555,11,14367.0,6,10,12.0
3813,916,0.54744375,6.985939553219449,0.102956,1.9427522,0.00046682358,0.048260093,9,21874.0,7,5,24.0
3814,591,0.5473250000000001,8.316515304406323,0.09310827,0.4866357,1.04904175e-05,0.046143074,8,24725.0,0,0,0.0
3815,935,0.54720625,8.623980815347721,0.12216965,0.65821654,0.0007638931,0.048557445,8,23422.0,3,9,21.0
3816,716,0.5470875000000001,8.607752956636006,0.089768134,0.4223962,0.00092458725,0.04550012,13,26202.0,3,3,9.0
3817,879,0.54696875,8.495049504950492,0.12396055,0.70654225,0.0029940605,0.049738705,9,23619.0,2,9,29.0
3818,706,0.5468500000000001,8.082317073170731,0.109972976,0.69005144,0.00026535988,0.046499047,9,24542.0,2,8,20.0
3819,696,0.5467312500000001,9.167201068804273,0.09244993,0.46592307,0.00018334389,0.045360908,5,24752.0,3,12,24.0
3820,481,0.5466125,7.084214138641039,0.11235788,0.5181555,0.00020122528,0.047477443,11,18895.0,0,6,0.0
3821,576,0.54649375,8.82825676526117,0.10597781,0.54405147,0.00057411194,0.048058573,12,26785.0,1,5,49.0
3822,704,0.546375,6.314053305642089,0.11558345,2.1599426,0.0020976067,0.0472005,8,16219.0,5,12,13.0
3823,992,0.54625625,7.759666666666665,0.10314319,0.49757767,0.001885891,0.045132246,5,22079.0,6,10,6.0
3824,133,0.5461375,6.010823603660459,0.11416056,0.62750316,0.001332283,0.044414897,10,16830.0,4,11,14.0
3825,570,0.54601875,5.86233809365659,0.1054397,0.6257107,0.00023126602,0.045146525,13,16146.0,4,9,19.0
3826,267,0.5459,8.024872773536892,0.11239007,0.6864853,0.0008943081,0.04771151,9,22715.0,2,10,1.0
3827,843,0.54578125,6.259584450402143,0.103268564,0.45899653,0.00022864342,0.0493612,6,17485.0,7,11,1.0
3828,853,0.5456625,6.433881466255565,0.1015437,0.5515621,0.0013608932,0.04922995,7,17321.0,6,11,14.0
3829,741,0.54554375,5.380013063357282,0.09564493,0.4733013,0.0011482239,0.050363347,20,15555.0,1,4,5.0
3830,780,0.545425,7.1459807073954975,0.11721075,0.6461247,0.0010094643,0.048325334,18,21913.0,1,2,11.0
3831,92,0.5453062500000001,6.976440785307156,0.09959513,0.5688239,0.0012106895,0.04681697,11,21400.0,4,6,18.0
3832,644,0.5451874999999999,7.309424083769631,0.11716103,0.5621827,0.00013542175,0.04517055,11,20504.0,3,9,14.0
3833,73,0.54506875,7.185605580215597,0.0963364,0.49056804,0.001844883,0.04624154,8,20771.0,4,10,7.0
3834,819,0.54495,8.010214168039543,0.09327197,0.43234444,0.001727581,0.048365366,7,25525.0,8,4,12.0
3835,770,0.54483125,4.929249011857706,0.122558676,0.69034016,0.00023412704,0.046447236,11,14358.0,7,9,12.0
3836,449,0.5447125,8.642366786531547,0.113850646,0.49892998,0.00029945374,0.04731816,19,26437.0,0,0,107.0
3837,459,0.54459375,6.884483892176198,0.12276582,0.7473423,0.0014748573,0.04698363,8,18509.0,4,12,22.0
3838,694,0.544475,7.748472505091649,0.08288536,0.6078483,0.0003232956,0.044045106,14,22827.0,3,3,15.0
3839,409,0.5443562500000001,6.044573037222394,0.09796524,0.57421,0.0007915497,0.048236202,11,17726.0,4,9,21.0
3840,294,0.5442374999999999,6.81734924217994,0.098631956,0.5405909,5.1021576e-05,0.048112974,9,19280.0,4,10,31.0
3841,812,0.54411875,7.48006329113924,0.11105758,1.2839594,0.00022745132,0.051758114,14,24269.0,4,2,11.0
3842,912,0.544,10.208449720670387,0.15236916,2.514914,0.00018501282,0.049681965,10,27805.0,1,6,19.0
3843,797,0.5438812500000001,5.6690687726225715,0.08491453,0.4679258,0.00044870377,0.04978876,11,15101.0,4,11,1.0
3844,766,0.5437625,9.458150851581507,0.13563107,0.59506965,0.0007715225,0.048758645,11,26348.0,2,5,18.0
3845,719,0.54364375,8.602783300198805,0.10573197,0.48693964,0.0015101433,0.045641545,10,24756.0,3,7,30.0
3846,901,0.543525,6.970307167235496,0.07996733,0.4364521,0.00034713745,0.047622774,9,20716.0,7,6,4.0
3847,769,0.54340625,8.860875244937949,0.105372585,0.53503704,0.00038194656,0.047441144,12,27132.0,3,3,9.0
3848,654,0.5432875,7.30681818181818,0.12800622,0.54196316,8.583069e-06,0.047393557,6,21581.0,6,9,5.0
3849,295,0.54316875,5.9064702114029455,0.122336425,0.49322456,0.0030241013,0.048582304,10,16879.0,5,10,37.0
3850,956,0.54305,6.505693950177937,0.098581396,0.5246465,0.0003004074,0.04508504,11,19800.0,5,6,5.0
3851,917,0.5429312500000001,8.999681731381283,0.1085208,0.6559359,0.0023903847,0.04537798,13,26706.0,0,5,13.0
3852,162,0.5428124999999999,5.919818609338261,0.12046041,0.7480238,0.0010175705,0.04620825,15,17921.0,5,4,1.0
3853,228,0.54269375,8.41203293223559,0.11631658,0.58121395,0.0003194809,0.049502205,12,23723.0,0,9,31.0
3854,111,0.542575,9.409661835748793,0.14672184,0.56677884,0.0008788109,0.049748544,7,29217.0,0,0,0.0
3855,17,0.5424562500000001,8.107118175535591,0.09949527,0.52546287,0.002676487,0.047556892,8,23462.0,6,6,22.0
3856,248,0.5423375,6.7643577673167465,0.11559299,0.60352725,0.006006241,0.046619073,12,20712.0,6,4,12.0
3857,357,0.54221875,6.609321750751754,0.109611936,0.6194917,0.0020661354,0.04591314,11,20081.0,6,5,12.0
3858,120,0.5421,6.950314465408805,0.09123293,0.42400002,0.0007901192,0.0463727,12,22420.0,5,4,5.0
3859,366,0.5419812500000001,5.584552289815445,0.118121065,0.5358146,0.0041537285,0.044257488,6,13707.0,6,15,15.0
3860,18,0.5418625,7.329209621993126,0.095445506,0.56073445,0.0016803741,0.04539761,16,19582.0,0,6,75.0
3861,990,0.54174375,6.874831892411141,0.10169574,0.51891,0.0022768974,0.046074707,10,19284.0,3,10,3.0
3862,857,0.541625,6.2822610868207365,0.12319549,0.6346285,0.00090551376,0.04741032,8,18835.0,6,10,8.0
3863,334,0.5415062500000001,7.141059602649005,0.12187996,0.5974946,0.0014915466,0.04862305,14,19452.0,1,8,48.0
3864,676,0.5413875,7.902225219150367,0.09514961,0.61241734,0.00033283234,0.04767937,10,20472.0,1,11,29.0
3865,842,0.54126875,6.8185161898773945,0.085029066,0.49106014,0.00030326843,0.04889593,11,19463.0,2,9,0.0
3866,69,0.54115,6.493936414290398,0.093217395,0.40585315,0.0041947365,0.04838109,22,19813.0,0,0,35.0
3867,222,0.5410312500000001,7.084848484848482,0.109930515,0.6099988,0.00025892258,0.04532905,16,20116.0,0,6,49.0
3868,628,0.5409125,7.687461877329717,0.094924964,0.63430464,0.00051403046,0.045121267,9,20620.0,3,10,2.0
3869,144,0.5407937500000001,7.484919328284493,0.120818906,0.6329992,0.0006966591,0.045626637,16,22428.0,2,3,12.0
3870,226,0.540675,8.99876943005181,0.09420452,0.5444596,0.0003399849,0.046236355,9,25009.0,1,10,16.0
3871,345,0.5405562500000001,9.269393647738209,0.09643966,0.61371696,0.0023498535,0.046681404,12,28581.0,2,3,24.0
3872,712,0.5404375,6.131571950814224,0.09921407,0.60702914,0.002102375,0.04700181,9,18149.0,7,8,7.0
3873,748,0.54031875,7.712548015364915,0.1127815,0.52444744,0.00023698807,0.045490276,16,22532.0,0,5,24.0
3874,389,0.5402,6.584461637653124,0.12391484,0.537357,0.0010595322,0.043198522,8,18874.0,5,10,15.0
3875,699,0.5400812500000001,7.1235880398671085,0.12945527,0.7404647,0.0016584396,0.045368593,11,21141.0,5,6,7.0
3876,90,0.5399625,9.351138353765323,0.104216486,0.66524446,0.0003066063,0.046916876,15,25841.0,0,3,4.0
3877,534,0.53984375,6.839933444259565,0.09080442,0.9372866,5.364418e-05,0.04507512,10,18150.0,3,11,1.0
3878,289,0.539725,7.744098411709747,0.11023686,0.7099161,0.0018844604,0.0456117,15,23903.0,1,4,32.0
3879,547,0.5396062500000001,5.764592984778293,0.10399294,0.58576834,0.0009393692,0.04493087,19,18025.0,3,1,25.0
3880,633,0.5394875,7.315884718498657,0.12827657,2.0581343,0.00043320656,0.048515588,6,20637.0,6,10,2.0
3881,390,0.53936875,6.8790638025007995,0.086466216,0.69061756,0.00012350082,0.04728253,8,20832.0,6,8,42.0
3882,893,0.53925,8.951459979388524,0.08692604,0.5162835,2.9563904e-05,0.04757357,6,24020.0,3,10,35.0
3883,815,0.5391312500000001,6.561538461538462,0.11104957,0.6558364,0.00048303604,0.04693967,16,20815.0,5,1,31.0
3884,920,0.5390125000000001,6.867560410460112,0.12030623,0.66960156,0.00011777878,0.045546915,19,21049.0,2,1,42.0
3885,967,0.53889375,7.016407599309153,0.09400753,0.49714756,0.0007543564,0.04616265,16,19444.0,2,5,1.0
3886,386,0.538775,6.949435511460825,0.138097,0.61670196,0.0026564598,0.044871807,3,19144.0,8,12,22.0
3887,160,0.5386562500000001,3.9996252342286076,0.101011075,0.525,0.0026435852,0.045738354,13,13127.0,8,7,12.0
3888,286,0.5385375,7.869735486087258,0.1287721,0.6558169,0.00024962425,0.045162376,12,23491.0,5,3,5.0
3889,613,0.5384187500000001,8.321059559065482,0.08979637,0.5118867,0.00046300888,0.04573497,9,24376.0,4,7,14.0
3890,929,0.5383,6.533910726182544,0.10221966,0.59308875,0.0010101795,0.046575222,12,19915.0,6,5,11.0
3891,557,0.53818125,7.578453896305495,0.111008145,0.50583017,0.00034332275,0.0465665,14,23766.0,2,4,41.0
3892,770,0.5380625,4.307312252964427,0.08434239,0.74305975,0.00032234192,0.04657213,14,13077.0,7,7,25.0
3893,520,0.5379437499999999,9.215020511202269,0.09201031,0.60693336,0.0014715195,0.04505747,10,27301.0,1,7,10.0
3894,999,0.537825,7.811900771035869,0.12377119,0.80135024,0.0037112236,0.047438636,10,22408.0,4,7,26.0
3895,126,0.53770625,6.4818181818181815,0.10252873,0.5944724,0.00027656555,0.047937024,6,20139.0,9,7,2.0
3896,786,0.5375875000000001,7.023925172300622,0.12215347,0.65672266,0.004869461,0.048384875,9,19269.0,4,11,2.0
3897,907,0.5374687499999999,5.608819628647214,0.08147466,0.67587435,0.00027418137,0.04716846,11,16313.0,6,8,16.0
3898,694,0.53735,7.867277664630006,0.14308904,0.80571043,0.00059890747,0.04492223,10,21704.0,3,8,23.0
3899,70,0.53723125,7.592203608247422,0.102306336,0.5433423,0.0008878708,0.047746778,10,22635.0,4,7,12.0
3900,364,0.5371125,7.321664464993393,0.11216413,0.8550756,0.0013256073,0.049240764,19,22170.0,1,1,81.0
3901,491,0.53699375,6.087408394403731,0.120118596,0.60587585,0.0013494492,0.049442943,12,17674.0,5,7,7.0
3902,194,0.536875,5.804132231404958,0.10859119,0.5691191,0.00049829483,0.04604821,14,16650.0,4,7,15.0
3903,265,0.53675625,7.713801130695044,0.12710804,0.79801154,0.00015544891,0.045545388,17,22594.0,1,3,28.0
3904,683,0.5366375000000001,6.689786638684855,0.10774655,0.5577208,0.001311779,0.048580214,12,19412.0,6,5,1.0
3905,887,0.5365187499999999,7.78341776426883,0.14554006,2.6592133,0.00041389465,0.04841755,13,23935.0,5,2,6.0
3906,969,0.5364,9.073615635179152,0.089512564,0.4583176,0.0006585121,0.046710353,6,27242.0,5,7,23.0
3907,526,0.53628125,7.1,0.1124134,0.6559174,0.0002374649,0.04862289,20,21406.0,0,1,19.0
3908,69,0.5361625000000001,9.54788593903638,0.106254004,0.555146,0.0015721321,0.048579905,10,27300.0,1,7,4.0
3909,934,0.53604375,5.1538461538461515,0.10355874,0.5606674,0.00013589859,0.047590107,15,14399.0,3,8,11.0
3910,942,0.535925,6.954628720968266,0.10035926,0.5515518,0.0022091866,0.04887251,13,18509.0,1,10,39.0
3911,571,0.53580625,7.1163505559189,0.10440141,0.6497318,0.0006752014,0.04838625,13,21456.0,4,5,7.0
3912,137,0.5356875,5.378337197747595,0.11384537,0.9337969,0.0018515587,0.049213637,9,13822.0,5,13,2.0
3913,446,0.53556875,5.715941101152367,0.12204512,2.693861,0.001115799,0.05086303,11,16607.0,5,9,8.0
3914,988,0.53545,9.074750166555628,0.11861981,0.6150482,0.0010786057,0.04830501,15,26642.0,1,3,18.0
3915,264,0.53533125,8.475338753387533,0.102265336,0.6831482,2.4318695e-05,0.04609115,10,24724.0,4,5,5.0
3916,766,0.5352125000000001,8.591136600625653,0.08582913,0.5411067,0.00034952164,0.048004795,8,24429.0,5,6,49.0
3917,43,0.5350937499999999,6.721902937420179,0.089312226,0.54445195,1.1920929e-06,0.048204273,10,21053.0,6,6,16.0
3918,35,0.534975,9.106898884004055,0.09518693,0.4656403,0.0010323524,0.048427235,10,26042.0,3,6,15.0
3919,923,0.53485625,6.893294270833331,0.10198482,0.5000682,0.00027775764,0.04839683,17,19333.0,0,6,30.0
3920,95,0.5347375000000001,6.0839714471122655,0.1113191,0.5693993,0.0031366348,0.04768989,12,19059.0,6,5,9.0
3921,564,0.53461875,8.385097537575948,0.13346796,0.6078484,0.002351284,0.046683326,6,24344.0,4,10,6.0
3922,904,0.5345,5.704193548387095,0.105393924,0.51480293,0.0012569427,0.047674034,9,15513.0,5,12,6.0
3923,684,0.53438125,9.796931705707685,0.14895682,2.4989789,0.0029587746,0.047224194,6,28179.0,3,8,2.0
3924,831,0.5342625000000001,6.517298187808894,0.09791381,0.43919542,0.0004105568,0.04445863,12,18566.0,4,8,1.0
3925,746,0.53414375,6.374876847290639,0.09773823,0.60536766,0.00024175644,0.04601914,10,19107.0,6,7,2.0
3926,402,0.534025,8.399319727891156,0.11021855,0.6364797,0.00023698807,0.04914409,8,24106.0,5,7,8.0
3927,125,0.53390625,6.358866912504188,0.08941585,0.49616992,0.0007867813,0.045483787,16,17477.0,2,7,5.0
3928,976,0.5337875000000001,6.726046200200869,0.09914648,0.50111055,0.0012264252,0.044800133,18,19792.0,2,3,11.0
3929,110,0.53366875,9.755555555555553,0.11352756,0.57884467,0.0017499924,0.045135427,7,27232.0,4,7,27.0
3930,909,0.53355,8.23761467889908,0.0924423,0.4783037,0.00019025803,0.045052227,12,23310.0,1,7,15.0
3931,11,0.53343125,5.57511027095148,0.13107385,0.7102099,0.004380703,0.046938,13,17378.0,5,6,6.0
3932,645,0.5333125000000001,6.159571010724733,0.10735649,0.6129773,0.0019207001,0.04875559,12,18953.0,0,0,0.0
3933,449,0.53319375,8.543935926773456,0.115503766,0.72331357,0.00016403198,0.048791934,16,25830.0,1,2,6.0
3934,56,0.533075,6.754007316262054,0.12938906,0.63666093,0.0004401207,0.04665723,11,20610.0,6,5,5.0
3935,781,0.53295625,5.387312186978295,0.1322042,0.8259649,0.003440857,0.046641994,15,14338.0,3,9,8.0
3936,719,0.5328375000000001,8.69516235917826,0.10336607,0.62562096,0.00020217896,0.046817914,11,24733.0,2,7,56.0
3937,389,0.53271875,5.481947130883299,0.10578165,0.47807026,0.005249977,0.046684254,13,15454.0,4,9,29.0
3938,693,0.5326,8.994344734168642,0.121648125,0.5710906,0.0013074875,0.046810865,9,26265.0,4,5,31.0
3939,556,0.53248125,5.991429485129516,0.1003255,0.67488754,0.0010972023,0.04803058,19,16859.0,0,6,83.0
3940,801,0.5323625000000001,7.61480775341595,0.12402091,0.7763318,0.0014772415,0.047143463,15,22705.0,1,5,26.0
3941,140,0.53224375,9.719867549668873,0.10814201,0.5019047,0.00018405914,0.04780641,6,29052.0,5,6,49.0
3942,263,0.532125,7.221192052980133,0.090918146,0.554212,9.059906e-05,0.04825492,13,22412.0,5,3,27.0
3943,576,0.53200625,8.384644430459407,0.09431413,0.77662325,0.0014448166,0.046042874,16,25693.0,0,3,27.0
3944,715,0.5318875000000001,5.571615164064986,0.09839031,0.533857,0.0022382736,0.046619494,11,15292.0,4,11,1.0
3945,286,0.53176875,10.775437993816558,0.111759864,0.5215385,0.00085926056,0.047959935,7,30494.0,3,6,32.0
3946,294,0.53165,5.792131570461141,0.10587368,0.5791628,0.0021457672,0.04566138,13,16721.0,4,8,18.0
3947,954,0.53153125,7.709629394995245,0.09239351,0.5895835,0.0004775524,0.046781253,12,21498.0,0,9,44.0
3948,70,0.5314125000000001,7.4805412371134015,0.109357096,0.550928,0.0021221638,0.04815148,15,21978.0,1,5,10.0
3949,496,0.5312937500000001,7.2293282876064335,0.12736413,0.63742983,0.0015170574,0.048877195,14,22290.0,3,5,11.0
3950,400,0.531175,7.385230570783617,0.12142756,0.5875819,0.0026226044,0.048474308,10,21041.0,3,9,28.0
3951,620,0.53105625,8.968396540252826,0.096966706,0.53085834,0.0024123192,0.04793499,14,25456.0,0,5,16.0
3952,262,0.5309375000000001,11.082487725040913,0.14084418,2.279229,4.839897e-05,0.04930881,7,32635.0,2,6,2.0
3953,806,0.53081875,7.194991922455573,0.104983866,0.7458874,0.0017778873,0.047630545,15,21340.0,2,5,22.0
3954,544,0.5307000000000001,8.066979949874684,0.1060698,0.5722141,0.001745224,0.04701363,6,22877.0,3,12,12.0
3955,979,0.53058125,6.893444650587505,0.08122646,0.5116297,0.00049877167,0.046236273,16,20353.0,0,6,16.0
3956,563,0.5304625000000001,7.235066193090088,0.0972785,0.484167,0.00059223175,0.049736474,13,22407.0,4,4,22.0
3957,865,0.53034375,8.716503543705702,0.09971503,0.57434237,0.00018501282,0.04857686,8,25827.0,5,5,26.0
3958,24,0.530225,6.817058639071808,0.11283666,0.60057634,0.0010690689,0.04612505,8,20464.0,5,9,2.0
3959,169,0.53010625,7.613909774436089,0.10962358,1.489464,0.00044107437,0.046811476,13,23346.0,2,5,9.0
3960,765,0.5299875000000001,6.071859296482411,0.15924676,2.7454789,0.00095033646,0.04796398,17,17826.0,0,1,0.0
3961,339,0.5298687500000001,6.941735918744229,0.08910636,0.51384735,0.00079107285,0.04788127,14,21579.0,2,5,6.0
3962,504,0.5297499999999999,5.552664576802505,0.10012006,0.5663948,0.003871441,0.04814558,9,16437.0,6,10,33.0
3963,353,0.52963125,8.522917971195993,0.10097382,0.38499522,0.0013012886,0.04610594,15,26264.0,0,3,24.0
3964,161,0.5295125,7.596974789915962,0.10050508,0.44454753,0.0008649826,0.045949653,10,20221.0,2,10,36.0
3965,723,0.52939375,6.217152658662092,0.13335958,0.55760527,0.004629135,0.04612835,10,18123.0,7,7,3.0
3966,247,0.529275,6.293802912292583,0.10880063,0.4975052,0.0011758804,0.046156015,10,17995.0,6,8,6.0
3967,248,0.52915625,6.931069266980496,0.11957856,0.58920324,0.0012273788,0.0469175,14,19126.0,2,7,2.0
3968,359,0.5290375,9.695454545454544,0.10953698,0.5196897,0.00035476685,0.044245403,12,28938.0,1,4,3.0
3969,745,0.5289187500000001,4.552864583333333,0.10712717,0.69508207,0.00037765503,0.045478363,12,13372.0,7,9,28.0
3970,142,0.5287999999999999,6.598422609267171,0.11342778,0.5858027,0.00015544891,0.048299488,16,20079.0,3,3,36.0
3971,433,0.52868125,7.120700843608046,0.09672204,0.5365541,0.00077199936,0.046407316,13,21946.0,4,4,28.0
3972,744,0.5285625,7.840219496449322,0.10766157,0.4940732,0.00023126602,0.0501225,12,22740.0,2,7,11.0
3973,919,0.5284437500000001,6.9115633074935365,0.11258987,0.7198719,0.001470089,0.04780914,14,19231.0,1,8,30.0
3974,980,0.528325,5.731412578202173,0.1370758,2.6632555,0.00063180923,0.047971655,12,17710.0,7,6,11.0
3975,259,0.52820625,5.91038062283737,0.10339552,0.7586701,3.671646e-05,0.04957399,9,17948.0,9,6,2.0
3976,171,0.5280875,6.76800382043935,0.10913032,0.555992,0.0008301735,0.04732941,6,20316.0,7,10,33.0
3977,903,0.52796875,6.883737024221453,0.12879045,0.6939409,0.0014157295,0.04803285,20,19605.0,1,2,22.0
3978,504,0.52785,6.883385579937303,0.10601342,0.47639656,0.0027513504,0.0465194,9,20363.0,4,9,3.0
3979,80,0.52773125,7.067351673848196,0.10878707,0.5219915,0.001185894,0.04445681,9,22529.0,8,4,26.0
3980,947,0.5276125,7.010491367861884,0.1093374,0.65973824,0.00016832352,0.044604566,10,20212.0,5,8,8.0
3981,979,0.5274937500000001,8.29047619047619,0.10293726,0.7979266,0.000104904175,0.045873642,13,26488.0,2,3,3.0
3982,448,0.5273749999999999,7.16388888888889,0.09828881,0.55942833,0.0009198189,0.04462263,8,22489.0,7,6,5.0
3983,212,0.52725625,7.397390737116763,0.1463742,2.6794558,0.0011668205,0.045999575,6,21454.0,6,10,2.0
3984,241,0.5271375,6.4807811531308115,0.11140311,0.5636623,0.0009636879,0.04634561,14,20907.0,4,4,8.0
3985,884,0.5270187500000001,6.534551495016612,0.09976056,0.66328263,0.0007619858,0.045875054,10,19970.0,7,6,7.0
3986,994,0.5269,8.368374316939889,0.1287899,0.5945419,0.0013132095,0.05048881,12,22453.0,1,8,21.0
3987,573,0.52678125,7.160597637248087,0.092212476,0.5333635,0.00046110153,0.045856804,7,19457.0,6,10,2.0
3988,215,0.5266625,7.810416666666664,0.102291845,0.74054587,0.0013923645,0.043733697,10,21536.0,2,10,39.0
3989,962,0.5265437500000001,7.972573839662445,0.11208195,0.5945909,0.00026345253,0.047004852,13,23023.0,1,6,35.0
3990,878,0.526425,6.4717018469657,0.08928391,0.6377167,0.00015449524,0.0463897,12,20835.0,7,3,4.0
3991,381,0.52630625,5.674999999999999,0.10580339,0.79676545,0.0010800362,0.048433345,11,16168.0,6,9,20.0
3992,706,0.5261875,7.915243902439023,0.096205555,0.5229925,0.0010604858,0.044941474,8,23666.0,2,9,22.0
3993,875,0.5260687500000001,7.944970414201183,0.12644349,0.5213089,0.0045661926,0.043724854,14,23256.0,2,5,6.0
3994,474,0.52595,5.18542980418188,0.10048745,0.5615245,0.0007226467,0.04441613,15,15925.0,6,5,4.0
3995,668,0.52583125,7.053814713896459,0.08219943,0.5570954,0.00051641464,0.04671803,12,22178.0,7,2,16.0
3996,612,0.5257125,5.142479489516865,0.089168705,0.54966176,0.00084733963,0.048245672,22,17253.0,2,1,84.0
3997,827,0.5255937500000001,7.438658367911477,0.12382105,0.8108903,0.0002822876,0.0487785,7,19199.0,4,12,2.0
3998,96,0.525475,7.373286354900701,0.101712964,0.5560603,0.00074100494,0.048736844,8,20834.0,4,11,8.0
3999,660,0.52535625,6.367133909931406,0.13366492,0.64827204,0.00046777725,0.048492257,10,21349.0,6,6,1.0
4000,683,0.5252375,7.064777894368658,0.10757955,0.5997703,0.001083374,0.046722326,12,17911.0,2,10,36.0
4001,938,0.5251187500000001,11.0677734375,0.12493455,0.6449127,0.000729084,0.0441981,9,32157.0,0,6,3.0
4002,211,0.525,8.102643754130865,0.119775794,0.47550964,0.0043063164,0.046985593,13,24216.0,3,4,33.0
4003,834,0.52488125,6.399414824447333,0.12280977,0.6744285,0.0018806458,0.048860464,14,19377.0,4,5,25.0
4004,383,0.5247625,7.352495974235105,0.109963454,0.67116535,0.0008406639,0.04643381,16,22519.0,2,3,23.0
4005,561,0.5246437500000001,7.43288903698767,0.08959559,0.57336295,0.0016522408,0.047018323,16,22006.0,2,3,28.0
4006,567,0.524525,8.23214525891056,0.10775677,0.67457277,0.00024223328,0.049191486,13,24185.0,3,4,27.0
4007,964,0.52440625,9.229864552362073,0.10981804,0.71274316,0.0026350021,0.051947996,6,26728.0,0,4,0.0
4008,363,0.5242875,6.787423312883434,0.1268394,0.67031467,0.0026283264,0.047471642,3,21801.0,9,10,7.0
4009,878,0.5241687500000001,6.1322559366754605,0.10449723,0.66239095,0.00097465515,0.04803923,24,18593.0,0,0,95.0
4010,58,0.52405,5.690416263310744,0.11410821,0.60145485,0.0009493828,0.046627764,15,16395.0,3,7,39.0
4011,142,0.52393125,8.61215905356556,0.1070893,0.6294705,0.00051641464,0.046173483,8,24381.0,3,9,4.0
4012,753,0.5238125,6.426763682378993,0.13123159,0.6301496,4.7683716e-07,0.04898624,13,20315.0,5,5,7.0
4013,435,0.5236937500000001,8.313189042948935,0.10680667,0.6324166,0.0016732216,0.05098319,15,23695.0,1,4,20.0
4014,317,0.5235750000000001,9.540153794717485,0.11444647,0.61449754,0.00044345856,0.04718603,8,26740.0,2,8,25.0
4015,905,0.52345625,7.0169842861919065,0.09667593,0.92943513,0.0009417534,0.04813987,10,18595.0,3,11,6.0
4016,523,0.5233375,6.157670919201832,0.099751264,0.62336856,1.335144e-05,0.046364155,14,18824.0,1,1,0.0
4017,501,0.5232187500000001,5.946374367622259,0.09820036,0.5743606,0.0045194626,0.04714425,11,18817.0,8,4,4.0
4018,801,0.5231,7.683190340006355,0.11113226,0.68701804,0.002562046,0.04609357,12,24179.0,4,4,7.0
4019,385,0.5229812500000001,8.292508143322475,0.16030593,2.442998,0.002796173,0.04641282,15,25458.0,2,2,46.0
4020,41,0.5228625,6.13991088478676,0.092383586,0.61971235,0.0012078285,0.044331267,11,19920.0,7,5,19.0
4021,688,0.5227437500000001,7.043073811931242,0.11113599,0.5103027,0.00043678284,0.046614435,15,19710.0,2,6,38.0
4022,976,0.522625,6.73337797120857,0.11749184,0.90049624,0.0047416687,0.048442572,14,20710.0,5,3,15.0
4023,903,0.52250625,9.046366782006919,0.10950139,0.5657011,0.002749443,0.046422545,8,25277.0,4,7,33.0
4024,729,0.5223875,7.547949526813879,0.10189587,0.48320594,7.200241e-05,0.04779084,11,22025.0,2,8,13.0
4025,97,0.5222687500000001,6.415130907854471,0.12509547,0.7479557,0.0030946732,0.049131736,12,19161.0,6,5,16.0
4026,347,0.5221500000000001,9.004223478550049,0.112482764,0.48044157,0.0007147789,0.04720212,7,26775.0,5,6,5.0
4027,823,0.52203125,7.721255124566379,0.12828109,0.54563105,0.0022301674,0.047195747,11,20996.0,0,11,9.0
4028,639,0.5219125,6.459931506849313,0.11715967,0.68468404,0.0007929802,0.047995463,11,16527.0,3,11,33.0
4029,106,0.5217937500000001,5.957736572890023,0.08118815,0.48954952,0.0003027916,0.047704816,13,16759.0,3,9,18.0
4030,90,0.521675,8.302802101576182,0.12547922,0.82103515,9.059906e-06,0.047189783,13,23419.0,3,4,13.0
4031,16,0.52155625,9.213319946452472,0.10074075,0.80531305,0.00051164627,0.043547735,12,26633.0,0,3,0.0
4032,649,0.5214375,8.09714640198511,0.116828464,0.5249681,0.0038461685,0.04487263,6,25138.0,5,8,30.0
4033,936,0.52131875,6.200462351387051,0.12408326,0.5271008,0.0015850067,0.044129148,12,15747.0,2,12,30.0
4034,756,0.5212000000000001,9.428493894165532,0.09905249,0.5995853,0.0005478859,0.04802686,12,26616.0,1,5,5.0
4035,296,0.5210812499999999,6.58805159538357,0.09761288,0.82835495,0.0022435188,0.047240525,8,18230.0,6,10,1.0
4036,79,0.5209625,8.113413413413413,0.12849326,0.6376025,0.0011429787,0.04785183,8,22218.0,3,10,1.0
4037,112,0.52084375,7.792203389830504,0.10127079,0.5743804,0.00074338913,0.04920351,4,19742.0,4,15,3.0
4038,200,0.5207250000000001,8.250048685491722,0.1098747,0.61255455,0.00024032593,0.047926646,8,24186.0,4,8,2.0
4039,203,0.52060625,6.161458333333332,0.1263807,0.547312,0.00032782555,0.04719789,15,17392.0,2,7,11.0
4040,814,0.5204875,7.563895568533148,0.12534948,0.8754407,0.001270771,0.04965438,7,20563.0,5,10,5.0
4041,110,0.52036875,8.893750000000004,0.11355382,0.8214812,0.0012936592,0.047234852,11,26478.0,5,2,4.0
4042,534,0.52025,6.213311148086521,0.17314641,0.79233164,0.0022387505,0.04846227,9,16868.0,5,11,12.0
4043,772,0.52013125,4.120584577114428,0.12948932,2.6046026,0.001224041,0.048004378,23,13895.0,3,1,21.0
4044,283,0.5200125,6.79034090909091,0.110427536,0.66801846,0.0015711784,0.045363963,12,18840.0,5,6,8.0
4045,900,0.51989375,8.610595567867035,0.094484985,0.5663729,0.00023794174,0.046012316,9,25445.0,6,4,21.0
4046,715,0.5197750000000001,6.243166613571198,0.11155335,0.60331315,0.0018997192,0.047955494,7,17400.0,5,12,4.0
4047,827,0.5196562499999999,5.124550484094053,0.11058823,0.64203954,0.0021862984,0.048235282,15,14531.0,5,6,4.0
4048,257,0.5195375,8.864203612479473,0.10513332,0.6026945,0.00069093704,0.046688575,9,26078.0,3,6,37.0
4049,920,0.51941875,6.276001324064879,0.11792103,0.83596003,0.0038704872,0.04839797,15,19564.0,5,3,38.0
4050,498,0.5193,9.647572476423333,0.11547867,0.45431992,0.0008006096,0.05018807,17,27621.0,0,0,6.0
4051,860,0.51918125,6.6033819628647175,0.11584169,0.753634,0.00021600723,0.049468417,7,15995.0,3,16,11.0
4052,694,0.5190625,6.053767820773931,0.08034239,0.43853033,0.0007853508,0.048440326,22,18129.0,1,0,14.0
4053,887,0.51894375,7.928031070584263,0.11579502,0.62922907,0.0021986961,0.04886316,11,23771.0,5,4,9.0
4054,337,0.5188250000000001,6.03984962406015,0.10937605,0.57568324,0.0007753372,0.04747801,10,18420.0,4,9,35.0
4055,16,0.51870625,7.434738955823291,0.11931911,0.78469324,0.00084733963,0.047925517,15,20721.0,1,6,11.0
4056,58,0.5185875,5.5833494675701845,0.12719177,2.1542635,0.0016489029,0.046058416,15,16683.0,4,6,3.0
4057,674,0.51846875,8.738686605981796,0.124186486,0.7862359,0.00045871735,0.046739344,9,27803.0,6,3,4.0
4058,942,0.5183500000000001,6.468989205103042,0.09729584,0.4330458,0.00017690659,0.04802476,18,19470.0,2,3,26.0
4059,365,0.51823125,8.694197031039135,0.08886365,0.84043,0.0020318031,0.04393138,12,24584.0,2,6,20.0
4060,916,0.5181125,7.058147174770037,0.09855917,0.5997259,0.00017118454,0.046240795,9,19963.0,4,9,16.0
4061,454,0.51799375,9.293055555555554,0.111181386,0.68531084,0.00024604797,0.046253596,13,27195.0,1,4,51.0
4062,658,0.517875,8.046653412856195,0.09969759,0.723419,0.0009608269,0.04709473,5,23983.0,7,8,5.0
4063,278,0.51775625,5.706097163351811,0.09776068,0.65661097,0.0001950264,0.049284052,7,18114.0,10,8,5.0
4064,8,0.5176375,5.99933774834437,0.12429732,0.6924417,0.005195141,0.046864092,7,18420.0,9,8,25.0
4065,664,0.51751875,8.831988873435328,0.10020354,0.7090105,0.0006761551,0.047434103,9,25976.0,6,4,5.0
4066,850,0.5174000000000001,4.504961448206503,0.08419653,0.4540406,8.392334e-05,0.046979066,22,13140.0,2,3,15.0
4067,637,0.51728125,7.3316250405449255,0.09748167,0.6953912,0.0011720657,0.044762883,18,23220.0,2,0,46.0
4068,490,0.5171625,7.407659007659004,0.13788474,2.4686322,0.00047397614,0.046360914,6,18041.0,2,16,31.0
4069,848,0.51704375,8.767708333333331,0.14650159,2.6221282,6.198883e-06,0.047314387,4,23235.0,5,12,23.0
4070,924,0.5169250000000001,8.221760633036595,0.1367417,0.693073,0.0035529137,0.050426472,4,24330.0,7,9,9.0
4071,60,0.51680625,8.966233364283504,0.14890327,1.0278966,0.0008583069,0.047781676,6,29293.0,6,5,29.0
4072,170,0.5166875,4.1908567774936065,0.11754308,0.6799932,0.00095176697,0.046684057,6,13109.0,0,0,0.0
4073,561,0.51656875,10.06841052982339,0.09224901,0.46682006,0.0009961128,0.047521636,7,29315.0,3,6,28.0
4074,523,0.5164500000000001,7.16735361465489,0.12917872,0.84729123,0.0015234947,0.04834668,11,22522.0,6,4,8.0
4075,670,0.51633125,7.148329925017041,0.117211305,0.68869996,0.00054740906,0.04646625,9,21560.0,7,5,26.0
4076,393,0.5162125,6.861929426999028,0.12925625,0.8971642,0.0010604858,0.04984914,14,19652.0,2,7,14.0
4077,36,0.51609375,6.456641521810432,0.098251164,0.53658736,0.00041913986,0.04818307,14,20601.0,6,3,18.0
4078,460,0.5159750000000001,8.294311081880956,0.15589383,2.4725683,0.00013446808,0.050794452,7,22182.0,2,12,6.0
4079,796,0.5158562500000001,8.128730212192655,0.11665499,0.6279106,0.0006182194,0.047472835,8,21759.0,3,11,8.0
4080,23,0.5157375,5.386657681940699,0.1162001,0.5664083,2.6226044e-05,0.05057174,10,13910.0,5,12,2.0
4081,877,0.51561875,8.171116579513996,0.13829674,0.6021172,0.0030741692,0.048613463,12,25589.0,2,5,19.0
4082,194,0.5155000000000001,5.8026446280991735,0.11514163,0.6274317,0.000207901,0.04715267,10,17553.0,1,1,0.0
4083,117,0.51538125,7.159097836025601,0.11355901,0.673357,0.0008249283,0.048883256,8,23489.0,6,6,13.0
4084,412,0.5152625000000001,6.110378912685339,0.0949569,0.4582028,0.0007748604,0.050823834,13,19152.0,6,4,4.0
4085,491,0.51514375,6.193604263824115,0.082475014,0.49050105,0.00071525574,0.047962885,9,16792.0,5,11,9.0
4086,176,0.5150250000000001,5.572913992297817,0.09523811,0.5690088,0.0007920265,0.046972424,9,16742.0,7,9,4.0
4087,225,0.51490625,6.436105738233395,0.12266972,0.6596198,0.000880003,0.04707608,12,17173.0,2,11,10.0
4088,604,0.5147875,5.533923705722069,0.11264607,0.55761266,0.0012044907,0.049149126,9,14486.0,6,12,26.0
4089,361,0.51466875,5.444240236297999,0.11155894,0.5032461,0.0011444092,0.045772787,11,17198.0,8,6,3.0
4090,424,0.5145500000000001,5.98393484509741,0.1404469,0.8250041,0.0004925728,0.047627997,10,16544.0,4,11,25.0
4091,944,0.51443125,7.086635325721961,0.12670135,0.60452497,0.0015249252,0.046826664,12,21104.0,5,5,26.0
4092,630,0.5143125,7.264011996001331,0.10296324,0.4369798,0.0004582405,0.047260057,11,20899.0,4,7,18.0
4093,105,0.51419375,8.941977734119185,0.11436274,0.76972944,0.00029230118,0.04697494,14,26698.0,1,3,20.0
4094,826,0.5140750000000001,6.8929532351057,0.11206848,0.63396394,0.0016903877,0.047013104,11,18710.0,2,11,12.0
4095,381,0.51395625,6.666023936170212,0.12132096,0.7352941,0.00022697449,0.04763639,2,19149.0,9,12,25.0
4096,822,0.5138375000000001,6.7198581560283674,0.124638416,0.8727696,0.0002708435,0.046830032,8,19294.0,5,10,9.0
4097,882,0.51371875,8.839364869335094,0.109294474,0.64766467,1.335144e-05,0.049437776,10,24303.0,1,9,9.0
4098,488,0.5136000000000001,5.847558950514777,0.11138109,0.56782126,0.00044679642,0.046648458,24,17607.0,0,0,74.0
4099,791,0.5134812500000001,6.4698340383989565,0.12395638,0.7436309,0.003727436,0.048803627,10,18038.0,4,10,4.0
4100,591,0.5133624999999999,9.18059199461823,0.1297604,2.5970805,0.00035572052,0.047690198,11,26402.0,2,5,37.0
4101,40,0.51324375,6.292640833604691,0.13631628,0.6311302,0.003942013,0.04779379,15,20246.0,5,2,23.0
4102,210,0.513125,7.922406914893619,0.11599043,0.5631307,0.00015497208,0.048293244,10,24733.0,6,3,1.0
4103,942,0.51300625,7.025744193653909,0.14109974,0.71931225,0.0015072823,0.04615787,11,21172.0,5,6,17.0
4104,628,0.5128875,5.4926804473059985,0.13088404,0.685323,0.004805565,0.046909254,12,16504.0,7,6,27.0
4105,200,0.51276875,8.178026614735476,0.1343636,0.7345732,0.0017843246,0.047151342,8,23656.0,4,9,2.0
4106,524,0.51265,5.627118644067797,0.10703296,0.5872984,0.00015497208,0.04461963,24,17596.0,0,0,58.0
4107,133,0.51253125,6.335247712212052,0.09287915,0.6506103,7.200241e-05,0.04911794,8,18175.0,5,11,4.0
4108,645,0.5124125,7.210237244068896,0.1070275,0.5303544,0.0005121231,0.044943094,10,20032.0,3,10,2.0
4109,478,0.51229375,6.352165543792108,0.13206661,0.86177844,0.0018181801,0.04648958,5,19488.0,9,10,9.0
4110,737,0.512175,7.607662082514733,0.12084842,0.56059766,0.00047588348,0.04930396,9,21096.0,3,10,7.0
4111,774,0.5120562500000001,6.08042414355628,0.10786893,0.8567332,0.0011301041,0.047201946,11,18330.0,6,7,16.0
4112,927,0.5119374999999999,7.054003407155024,0.15906648,2.4211783,0.00023412704,0.048274785,10,19236.0,4,9,11.0
4113,398,0.51181875,6.5064878353087945,0.13490374,0.92222774,0.0028195381,0.047551315,12,19898.0,4,7,20.0
4114,77,0.5117,5.868740031897929,0.10871309,0.5113262,0.0032186508,0.047823314,16,19966.0,6,1,30.0
4115,891,0.51158125,8.024397490921096,0.11758854,0.5582203,0.0008325577,0.045121297,12,24003.0,3,4,30.0
4116,582,0.5114625,9.766932270916334,0.089704596,0.63413835,0.0028700829,0.044054385,9,29418.0,4,4,12.0
4117,657,0.51134375,9.225751879699247,0.10814311,0.5509892,0.0004339218,0.047530223,6,28491.0,4,7,8.0
4118,469,0.511225,9.533120612635608,0.112347305,0.69751906,0.0023989677,0.050482467,10,29250.0,2,4,20.0
4119,662,0.5111062500000001,5.819973718791062,0.122007914,0.58144736,0.002579689,0.048463356,12,16194.0,4,9,23.0
4120,45,0.5109875,6.968292682926829,0.12807782,0.6955708,0.0019989014,0.04958287,10,19275.0,3,10,1.0
4121,789,0.51086875,6.6875,0.109114744,0.6263481,0.001938343,0.04571937,18,19499.0,2,3,6.0
4122,168,0.51075,6.813453213453214,0.12550385,0.55256504,0.0010733604,0.04618476,15,21662.0,5,1,38.0
4123,835,0.5106312500000001,5.651054453887315,0.09547498,0.6819788,0.0029101372,0.050959185,9,17318.0,7,9,7.0
4124,302,0.5105125,6.04031746031746,0.12151313,0.63703305,0.0006337166,0.04902257,10,18397.0,6,8,12.0
4125,381,0.51039375,6.4707446808510625,0.13515408,0.76366514,0.0003848076,0.049687013,5,17960.0,7,12,23.0
4126,438,0.510275,5.637371663244352,0.080211915,0.5544069,2.0980835e-05,0.050621867,11,15888.0,6,8,26.0
4127,477,0.51015625,6.92274392274392,0.12216585,0.8155198,0.0023260117,0.049332965,4,17786.0,5,15,16.0
4128,118,0.5100375,6.180879864636209,0.09979499,0.5758306,0.00010967255,0.04733317,16,16787.0,2,7,20.0
4129,974,0.50991875,8.567799301365515,0.112446845,0.6806189,0.00043344498,0.046811823,14,26980.0,2,2,28.0
4130,43,0.5098,7.483971902937418,0.10222185,0.5035103,9.8228455e-05,0.046663743,7,22187.0,5,9,1.0
4131,870,0.5096812500000001,4.435388652017057,0.117514946,0.6015246,0.000910759,0.044603284,15,15048.0,8,3,6.0
4132,792,0.5095624999999999,5.6361057382333986,0.1007118,0.74197984,0.0004310608,0.046392974,16,17173.0,4,5,12.0
4133,663,0.50944375,5.2456304417929704,0.12571298,0.8143703,0.00019216537,0.04602939,18,17197.0,5,2,33.0
4134,262,0.509325,10.033060556464813,0.14193682,2.1722274,0.0011649132,0.051005494,12,31262.0,3,1,7.0
4135,182,0.5092062500000001,6.078643625692857,0.115179665,1.010483,0.00058078766,0.048602596,13,16803.0,3,9,2.0
4136,920,0.5090875,7.86587222773916,0.12630631,0.5729516,0.0007209778,0.047440063,8,24367.0,7,5,3.0
4137,258,0.50896875,7.0033175355450235,0.114801265,0.65514195,0.0026798248,0.048420075,11,20097.0,5,7,19.0
4138,846,0.50885,6.059933774834434,0.113393314,0.62932646,0.0002002716,0.051306114,16,16791.0,2,7,9.0
4139,197,0.5087312500000001,7.831620553359684,0.11769226,0.5650587,0.005408287,0.046452165,8,22866.0,5,8,7.0
4140,963,0.5086125,9.068044730599793,0.11186888,0.5139102,0.0021543503,0.048665732,7,24399.0,2,10,5.0
4141,838,0.50849375,8.953692614770459,0.11701655,0.6136309,0.00050878525,0.048095543,16,26013.0,0,3,71.0
4142,417,0.508375,4.7492566257272175,0.14613022,2.6709173,0.0007915497,0.046092674,12,16860.0,10,3,24.0
4143,806,0.5082562500000001,8.104846526655896,0.09722787,0.65340894,0.0022535324,0.047032505,15,24156.0,1,4,1.0
4144,275,0.5081375,9.16231983527797,0.10389381,0.75808024,0.00058078766,0.04858196,16,26699.0,1,1,4.0
4145,376,0.50801875,7.281564245810053,0.12360845,0.61696905,0.0012402534,0.047620628,7,19136.0,5,11,1.0
4146,736,0.5079,8.112189308818522,0.11726382,0.49786067,0.0012273788,0.04947412,12,25294.0,6,1,1.0
4147,319,0.5077812500000001,5.240366350067843,0.12503086,0.828599,0.00091457367,0.04914713,20,16333.0,4,1,6.0
4148,680,0.5076625,7.66834388537154,0.103070796,0.5616901,0.0014481544,0.05008961,7,20912.0,4,11,12.0
4149,313,0.5075437500000001,6.58296445338699,0.115258835,0.6458691,0.0003671646,0.04927728,9,20525.0,8,5,15.0
4150,104,0.507425,10.120609202851588,0.11435171,0.5618298,0.00024271011,0.050009746,4,30615.0,2,4,0.0
4151,113,0.5073062500000001,8.363961485557084,0.1452768,0.65780544,0.0012874603,0.04753272,6,23450.0,0,3,0.0
4152,659,0.5071875,6.904908747640025,0.12551971,0.7881571,0.0005631447,0.046771895,12,21626.0,4,5,27.0
4153,251,0.50706875,8.01606859320419,0.13093184,0.8454411,0.00020551682,0.046733897,16,23983.0,0,4,7.0
4154,244,0.50695,7.909120521172641,0.10635207,0.60220456,0.0011634827,0.044207633,11,23974.0,4,5,48.0
4155,131,0.5068312500000001,7.307390300230948,0.120787,0.8717545,0.0036091805,0.04374413,17,23058.0,3,0,27.0
4156,117,0.5067125,5.2391648887534314,0.12283381,0.65828353,0.004243374,0.0467155,13,18174.0,7,4,19.0
4157,209,0.50659375,5.323202614379085,0.11186247,0.66482294,0.00030755997,0.048453342,21,16901.0,3,1,44.0
4158,146,0.506475,5.606070713809206,0.11765125,0.66580933,0.0016169548,0.046298668,23,16807.0,1,1,8.0
4159,272,0.5063562500000001,8.714554151007857,0.11925187,0.7086718,0.0015459061,0.050535962,6,24044.0,4,9,11.0
4160,266,0.5062375,7.8425979915775805,0.12064302,0.7909303,0.0029668808,0.049821693,9,23284.0,4,7,11.0
4161,328,0.5061187500000001,8.146075085324231,0.13556428,0.8209517,0.00046157837,0.05009445,14,23282.0,2,4,7.0
4162,116,0.506,5.542530922930542,0.12002534,0.5890721,8.1539154e-05,0.049468968,5,16845.0,9,11,11.0
4163,38,0.5058812500000001,6.811701412239407,0.12442601,0.99878335,0.000672102,0.048363674,8,18771.0,0,5,0.0
4164,462,0.5057625000000001,6.512274959083467,0.13140045,0.60492754,0.00081181526,0.049979847,7,16840.0,4,14,4.0
4165,308,0.50564375,6.500484966052377,0.12086449,0.6861348,0.0013613701,0.048696477,9,20106.0,7,7,3.0
4166,936,0.505525,6.340752972258914,0.12488234,1.0008698,0.0021748543,0.05092317,11,17383.0,4,10,7.0
4167,610,0.5054062500000001,8.837741935483873,0.09645271,0.4728302,0.00045204163,0.04853368,9,28637.0,6,2,1.0
4168,935,0.5052875,8.589037341555324,0.12679335,0.7155402,0.001686573,0.048546884,12,23320.0,1,7,15.0
4169,295,0.50516875,7.051633568225493,0.12597042,0.6601813,0.00023651123,0.04813947,11,20142.0,3,9,2.0
4170,923,0.50505,6.895963541666666,0.1485535,0.5688325,0.00030612946,0.04965953,3,20570.0,9,11,10.0
4171,749,0.50493125,6.94820717131474,0.12644015,1.055989,0.0019979477,0.048554257,8,19422.0,5,10,26.0
4172,390,0.5048125,6.786566207117664,0.098701596,0.52239704,0.0015697479,0.05103011,8,18984.0,4,11,26.0
4173,218,0.5046937499999999,9.452613827993256,0.10168744,0.58697724,0.0005335808,0.047931958,11,28620.0,4,2,1.0
4174,798,0.504575,8.692852326365474,0.14348833,0.7245386,0.0013203621,0.04796425,6,24300.0,4,9,13.0
4175,453,0.50445625,8.812362178416302,0.13767238,0.695934,0.0014410019,0.04709533,8,23981.0,2,10,15.0
4176,814,0.5043375000000001,7.513191343181033,0.1041317,0.47032523,0.00013828278,0.046500877,8,19251.0,3,12,8.0
4177,532,0.5042187499999999,8.380607187112766,0.1121467,0.6098238,0.0005092621,0.04397121,7,28021.0,7,4,5.0
4178,552,0.5041,5.819921363040627,0.14179596,0.7012297,0.00014162064,0.047194604,15,15626.0,2,9,32.0
4179,127,0.50398125,8.810140306122449,0.13139224,1.1426547,0.0019335747,0.046936706,5,27315.0,6,7,18.0
4180,485,0.5038625,6.653846153846154,0.1361461,0.7494657,0.0012588501,0.048083108,11,21244.0,7,4,33.0
4181,170,0.50374375,4.168030690537085,0.13268004,0.64492524,0.001144886,0.04457471,16,12412.0,5,7,17.0
4182,809,0.503625,7.757692307692307,0.12141933,0.7432678,0.0008292198,0.04590942,19,23892.0,0,1,12.0
4183,774,0.50350625,7.844045676998366,0.11934322,0.6603272,0.0020422935,0.0469467,9,22203.0,3,9,7.0
4184,548,0.5033875000000001,6.655348538387409,0.11609,0.747746,0.0034098625,0.046471056,14,21652.0,5,2,4.0
4185,649,0.5032687499999999,6.7749999999999995,0.10227687,0.6362743,0.00055265427,0.047685247,14,20553.0,2,6,15.0
4186,944,0.50315,7.7803895231699105,0.119458936,0.5706569,0.00089120865,0.048681866,8,21681.0,4,9,27.0
4187,10,0.50303125,7.28638589618021,0.110821106,0.73122925,0.0009725094,0.04707827,8,18030.0,1,15,24.0
4188,735,0.5029125000000001,7.55623043206011,0.11963681,0.5346732,8.106232e-05,0.04937509,9,21260.0,2,11,9.0
4189,205,0.50279375,7.399354838709676,0.117687054,0.6023605,0.004251957,0.04972795,9,21388.0,4,9,13.0
4190,233,0.502675,6.338508518161363,0.12681627,0.65919566,0.0022907257,0.047539204,20,19408.0,1,2,15.0
4191,489,0.50255625,6.30821018062397,0.104214005,0.6272206,0.001308918,0.04830672,9,15859.0,3,14,26.0
4192,124,0.5024375,9.037049180327866,0.12636834,0.9777373,0.0036802292,0.046814784,5,26343.0,5,9,29.0
4193,227,0.50231875,7.43415446071904,0.13870083,0.9576067,0.0009460449,0.04801919,11,22933.0,6,4,44.0
4194,225,0.5022,6.519084461637651,0.11788925,0.7837142,0.0004324913,0.04663816,12,18361.0,3,9,11.0
4195,610,0.50208125,8.65774193548387,0.08521062,0.70970213,0.0012969971,0.046596598,10,25909.0,3,6,9.0
4196,922,0.5019625000000001,6.392615967182077,0.12484061,0.7261983,0.0009794235,0.044569075,14,20892.0,5,3,2.0
4197,324,0.5018437499999999,6.326116838487972,0.11555902,0.5813397,0.0004825592,0.046292756,17,17536.0,2,5,28.0
4198,157,0.501725,7.238572409059713,0.12080932,2.7285082,0.0019497871,0.049362138,19,21676.0,2,0,3.0
4199,515,0.50160625,6.320475561426685,0.14281659,0.59842634,0.0029096603,0.044601377,19,18230.0,1,4,58.0
4200,478,0.5014875000000001,7.20458774462624,0.12102324,0.61294246,0.0016860962,0.044026528,7,19028.0,3,14,5.0
4201,101,0.50136875,7.783480248122754,0.112070195,0.53198314,0.002895832,0.047447994,12,22003.0,2,8,14.0
4202,980,0.50125,9.075963121501479,0.15289752,2.7482026,0.00077724457,0.046343595,3,24223.0,3,14,8.0
4203,11,0.50113125,6.264839319470698,0.10576079,0.5765172,0.00048446655,0.04643627,12,18615.0,4,8,19.0
4204,300,0.5010125000000001,7.361499832607966,0.13190769,0.84869003,0.0002617836,0.04631327,2,20794.0,8,12,20.0
4205,144,0.50089375,7.656997036549227,0.10039717,0.59606576,5.531311e-05,0.04668416,8,23558.0,7,6,40.0
4206,247,0.500775,8.36288520149001,0.1210829,0.6978191,0.00033569336,0.047207877,8,24105.0,5,7,10.0
4207,858,0.50065625,6.911035966799876,0.1186625,0.5766365,0.0011911392,0.04926301,15,21831.0,2,4,48.0
4208,437,0.5005375000000001,9.25361344537815,0.10515744,0.87950945,0.0010347366,0.0474686,7,27827.0,6,5,19.0
4209,806,0.50041875,8.531825525040388,0.13335975,0.69663346,0.00094890594,0.048570413,15,25787.0,1,3,6.0
4210,280,0.5003,4.441814529628389,0.11874536,0.6166768,0.0009212494,0.047081817,19,12969.0,4,5,24.0
4211,701,0.50018125,6.595580850351524,0.13636513,0.7578435,0.0068659782,0.048736494,15,19701.0,4,4,12.0
4212,587,0.5000625000000001,8.440276406712734,0.11057825,0.55583006,0.00077342987,0.050459757,11,25650.0,4,4,17.0
4213,30,0.49994375,10.271719160104986,0.11502588,0.677932,7.390976e-05,0.049915213,3,28565.0,3,12,12.0
4214,331,0.4998250000000001,5.030825323168711,0.1075311,0.52860975,0.0008740425,0.04774951,18,15178.0,0,0,0.0
4215,174,0.49970625,8.794333102971668,0.108538486,0.5058533,0.0018186569,0.045076255,9,26319.0,6,3,44.0
4216,918,0.4995875000000001,7.9634762379528095,0.13573657,2.7928278,0.0041065216,0.04860355,13,24263.0,4,3,31.0
4217,726,0.49946875,7.7326935804103245,0.13073908,0.84526587,0.00012993813,0.04865973,10,23066.0,5,6,50.0
4218,374,0.49935000000000007,7.641267787839586,0.11940684,0.7230592,0.0011086464,0.047249887,11,22390.0,3,7,29.0
4219,215,0.49923125,6.251953125,0.13018359,0.94227946,0.0007722378,0.04577746,15,19206.0,4,4,33.0
4220,99,0.49911249999999996,7.376271186440676,0.10615886,0.50750446,0.0028333664,0.04595164,5,20875.0,7,10,9.0
4221,787,0.49899375,6.5955687830687815,0.14530827,2.7064912,0.000106334686,0.047528535,8,18433.0,5,10,16.0
4222,32,0.49887499999999996,5.4513879485443475,0.112743616,0.67069566,0.0014019012,0.049197298,22,15808.0,1,2,5.0
4223,828,0.49875625,7.661011310711908,0.1066255,0.47557902,0.0012202263,0.048786853,13,21526.0,2,7,20.0
4224,380,0.49863750000000007,8.318398411647916,0.09672412,0.66731656,0.001306057,0.046798427,6,24836.0,6,7,11.0
4225,182,0.49851875,6.0570590153244215,0.10112495,0.5312202,0.00061416626,0.047472317,10,18577.0,7,7,4.0
4226,735,0.49840000000000007,6.442266750156543,0.1008141,0.6600758,0.0005478859,0.046301097,11,19299.0,4,8,14.0
4227,473,0.49828125,5.930173827484421,0.10013006,0.7487714,0.0015301704,0.04549985,11,18386.0,7,6,16.0
4228,631,0.49816250000000006,9.188911704312112,0.12919089,0.6432483,3.671646e-05,0.04506292,6,23928.0,2,12,4.0
4229,714,0.49804375,7.282344967807523,0.12037287,2.3034923,0.0006966591,0.0459813,14,20900.0,3,5,11.0
4230,0,0.49792500000000006,8.728716216216217,0.12881386,0.8678931,0.0004544258,0.04745354,12,26429.0,4,2,17.0
4231,887,0.49780625,8.243633907463694,0.10231012,0.5177872,0.0007972717,0.051499117,5,26186.0,10,4,22.0
4232,691,0.49768749999999995,7.629269092100952,0.13473041,0.71207404,0.0039186478,0.04825208,7,23582.0,7,6,8.0
4233,860,0.49756875,6.177519893899203,0.13063419,0.80526435,0.00046253204,0.046498194,7,17425.0,7,11,16.0
4234,216,0.49745000000000006,8.39548872180451,0.12408957,0.7301593,0.0012340546,0.04748321,8,22517.0,3,10,9.0
4235,662,0.49733125,5.551051248357425,0.104214035,0.57068574,0.0022263527,0.048021927,22,16593.0,1,2,48.0
4236,838,0.49721250000000006,8.553493013972053,0.10776899,0.4721071,0.00017976761,0.04862714,12,24810.0,2,5,5.0
4237,502,0.49709375,6.738922155688623,0.1016863,0.5539236,0.0005311966,0.050376747,17,19656.0,2,4,16.0
4238,531,0.49697500000000006,7.224755700325733,0.09939322,0.48845255,0.001033783,0.04644577,13,21259.0,3,6,1.0
4239,306,0.49685625,6.999505113823824,0.10776702,0.67384124,0.00020217896,0.04989715,14,22731.0,6,1,6.0
4240,933,0.49673750000000005,10.626454293628809,0.13218045,0.690972,0.0037865639,0.04873622,8,30978.0,1,0,0.0
4241,972,0.49661875,8.513185378590078,0.10088074,0.61696994,0.001039505,0.049270105,11,25778.0,3,4,9.0
4242,448,0.49650000000000005,9.0578811369509,0.1273668,0.5419971,0.0008058548,0.050110076,10,25876.0,1,8,6.0
4243,113,0.49638125,7.261416781292983,0.1543419,0.7349448,0.0007824898,0.04776096,12,19953.0,3,7,13.0
4244,144,0.49626250000000005,7.207243990780374,0.14664322,0.6157363,2.7656555e-05,0.04930474,18,21281.0,1,3,38.0
4245,169,0.49614375,8.136152882205511,0.10980096,0.88403505,6.484985e-05,0.04782802,10,25013.0,3,6,27.0
4246,407,0.49602500000000005,6.307291666666663,0.13788198,0.74415755,0.0017342567,0.04991964,17,16437.0,1,7,6.0
4247,515,0.49590625,5.7498018494055465,0.12327254,0.6783489,0.0013785362,0.049759414,20,16502.0,1,4,34.0
4248,662,0.49578750000000005,8.012089356110378,0.110347696,0.65674746,0.0005836487,0.049124744,4,22258.0,5,12,11.0
4249,816,0.49566875,8.074576271186437,0.1229864,0.6323099,0.0026602745,0.04909719,5,23606.0,4,12,3.0
4250,189,0.49555000000000005,7.1488778054862845,0.12362016,0.56518245,0.0017619133,0.04666455,11,22292.0,4,6,30.0
4251,242,0.49543125,5.803240885010905,0.1297158,0.7115307,0.00015544891,0.045514863,15,17339.0,3,7,50.0
4252,295,0.49531250000000004,4.84804612427931,0.13167371,0.69395185,0.0012135506,0.0485274,20,15760.0,4,2,19.0
4253,957,0.49519375,8.551790995727897,0.11374533,0.76812744,0.0025587082,0.049083892,5,23893.0,4,11,1.0
4254,807,0.49507500000000004,5.980567081604427,0.13061006,0.5317341,0.00060868263,0.05055124,9,17585.0,8,7,17.0
4255,231,0.49495625,7.44982602644398,0.116654865,0.5324616,0.003812313,0.04653986,6,22273.0,9,6,20.0
4256,615,0.49483750000000004,5.070937500000001,0.11014519,1.241791,0.00094127655,0.04832688,10,17507.0,9,5,13.0
4257,521,0.49471875,6.691551246537395,0.15901539,0.772995,0.0022130013,0.048532948,8,18170.0,6,10,4.0
4258,880,0.49460000000000004,8.372138964577655,0.124363415,0.7839458,0.00029087067,0.04952489,13,22819.0,1,7,1.0
4259,28,0.4944812500000001,8.661648280337442,0.09305402,0.4184506,0.003619194,0.047528777,7,24846.0,3,9,7.0
4260,638,0.49436250000000004,6.796101750908488,0.11376876,0.8255979,0.00089883804,0.049623918,11,19361.0,4,8,27.0
4261,469,0.49424375,9.603509891512443,0.16611113,2.6925147,0.0003914833,0.050869357,8,29784.0,3,4,0.0
4262,159,0.49412500000000004,8.324594852240228,0.13016619,0.97623086,2.193451e-05,0.048965544,13,24624.0,1,6,5.0
4263,872,0.49400625,7.062769230769229,0.103374265,0.81873745,4.2915344e-06,0.04800436,4,22629.0,8,9,3.0
4264,905,0.49388750000000003,8.50682046138415,0.1103991,0.6437201,0.0001707077,0.049060356,6,22752.0,3,12,9.0
4265,535,0.49376875,6.459414504324681,0.11600157,0.4790628,0.0029301643,0.046928246,11,17914.0,4,9,18.0
4266,619,0.49365000000000003,7.244154976619904,0.11558679,0.6170684,0.0024905205,0.04663525,10,20192.0,4,9,1.0
4267,493,0.49353125,8.976119905692155,0.114847325,0.49917763,0.0016040802,0.048066888,11,26947.0,4,3,35.0
4268,667,0.49341250000000003,9.018992376532976,0.10718455,0.5906474,0.0007176399,0.047810476,11,24495.0,0,9,60.0
4269,645,0.4932937500000001,6.9394865128371785,0.14899702,0.70925593,0.0024414062,0.05211838,5,20122.0,7,11,19.0
4270,300,0.49317500000000003,5.790190826916638,0.10950744,0.630553,0.0008020401,0.0540148,15,17594.0,5,4,44.0
4271,101,0.4930562500000001,9.329840026118184,0.11075816,0.8333538,0.00035476685,0.05289486,6,28271.0,0,1,0.0
4272,712,0.49293750000000003,7.949983383183781,0.13515894,0.6289555,0.0005712509,0.052925896,10,22417.0,3,8,7.0
4273,699,0.49281874999999997,5.951495016611296,0.12108811,0.63561916,0.0013990402,0.049646165,19,18215.0,3,2,75.0
4274,706,0.4927,6.870426829268291,0.10733231,0.81547487,0.0012569427,0.047800366,8,20567.0,4,10,26.0
4275,446,0.49258124999999997,7.27944942381562,0.13788301,0.7596834,0.000156641,0.048694406,3,22741.0,9,9,5.0
4276,377,0.4924625,7.475829383886253,0.101752125,0.91919947,0.00045347214,0.051799655,12,19425.0,1,10,42.0
4277,510,0.49234374999999997,8.41968085106383,0.11321274,0.766641,0.0008773804,0.050929118,12,25928.0,4,2,31.0
4278,866,0.492225,8.824638168966677,0.12494761,0.71055996,0.00092697144,0.049000267,5,26218.0,7,7,11.0
4279,260,0.4921062500000001,6.575535067500824,0.11453263,0.73498905,0.0028920174,0.05021597,11,20881.0,7,4,5.0
4280,305,0.4919875,4.920853080568722,0.12525786,0.5913645,5.1498413e-05,0.050258365,14,17157.0,8,3,15.0
4281,81,0.4918687500000001,5.809664822648879,0.15651432,2.4878974,0.00044727325,0.048615944,10,18775.0,8,5,14.0
4282,645,0.49175,7.949788755281116,0.10582977,0.59757364,0.0005583763,0.053405117,4,22923.0,6,11,4.0
4283,592,0.4916312500000001,6.784277759580741,0.1013791,0.66168875,5.054474e-05,0.049255934,14,21323.0,5,3,5.0
4284,407,0.4915125,4.944791666666666,0.1258985,0.927299,0.0006337166,0.048426628,14,13953.0,6,7,21.0
4285,131,0.49139374999999996,7.761596832728469,0.11223379,0.6395736,0.0017571449,0.04649794,15,22313.0,1,5,12.0
4286,793,0.491275,7.555887122932206,0.12300465,0.63018286,0.002070427,0.048934158,8,21445.0,4,10,33.0
4287,902,0.49115624999999996,7.532742507251044,0.15931293,0.8119173,0.0019500256,0.04830873,11,21202.0,2,9,8.0
4288,42,0.4910375,6.550082047915982,0.11030216,0.7816998,0.0021443367,0.047237456,16,19044.0,2,5,10.0
4289,340,0.49091875000000007,7.889695256047753,0.114506006,0.68930256,0.0007529259,0.048476484,7,24158.0,5,8,11.0
4290,698,0.4908,7.441000340251782,0.09794566,0.5061145,0.00066518784,0.04771762,10,19224.0,2,11,4.0
4291,181,0.49068125000000007,9.616305469556243,0.1351111,0.58551955,0.0015864372,0.04937787,11,28536.0,4,2,10.0
4292,358,0.4905625,8.173550117331542,0.124714576,0.7970735,0.0014371872,0.049739692,6,21697.0,3,12,18.0
4293,349,0.49044375000000007,5.824999999999999,0.11072162,0.51445365,0.0007920265,0.046439763,17,17143.0,2,6,41.0
4294,141,0.490325,6.983060453400502,0.09068642,0.64056945,0.00035715103,0.04856347,8,19955.0,4,11,20.0
4295,807,0.49020625000000007,7.367496542185336,0.12809366,0.59686303,0.00016260147,0.0483036,12,18704.0,1,10,15.0
4296,659,0.4900875,8.617621145374446,0.14014167,2.3952045,0.0015473366,0.04744874,7,25480.0,3,9,1.0
4297,730,0.48996874999999995,8.174983797796497,0.10756981,0.7181953,0.00044488907,0.04458225,9,22142.0,1,11,9.0
4298,323,0.48985,7.039711664482305,0.1303878,0.8124469,0.0005850792,0.049809773,19,21180.0,1,2,86.0
4299,698,0.48973125000000006,6.285437223545423,0.11577976,0.84372455,0.001106739,0.049947083,21,18179.0,1,2,3.0
4300,843,0.4896125,6.6016756032171555,0.12683725,0.84302294,0.0006875992,0.0509648,16,17909.0,1,7,1.0
4301,104,0.48949375000000006,7.496305897602073,0.119041495,0.6299974,0.0013585091,0.048659373,18,22825.0,1,2,29.0
4302,726,0.489375,7.189212442091328,0.124522366,0.7722031,0.00023031235,0.047556553,16,20517.0,1,5,38.0
4303,740,0.48925625000000006,6.642760942760945,0.119777165,0.83493876,0.0003466606,0.047641892,14,20323.0,5,3,2.0
4304,408,0.4891375,7.933707124010553,0.12064872,1.0466945,0.0019106865,0.047430854,14,24055.0,3,3,45.0
4305,37,0.48901875000000006,8.006884681583475,0.10683148,0.5571717,4.2915344e-05,0.04752268,11,22679.0,4,6,12.0
4306,900,0.4889,6.637119113573407,0.15612021,0.91278267,0.0008392334,0.049147677,15,19168.0,4,4,3.0
4307,90,0.48878124999999994,8.045359019264449,0.1140761,0.5917055,0.0035190582,0.04851972,13,23255.0,4,3,50.0
4308,522,0.4886625,5.221660528958821,0.0791081,0.67205554,0.00078344345,0.045997128,19,14701.0,2,5,16.0
4309,399,0.48854375000000005,8.24764686790003,0.11544905,0.7259711,0.006187916,0.046008468,7,25411.0,6,6,28.0
4310,701,0.488425,6.500602611315701,0.14666884,0.9054698,0.0012540817,0.049786095,12,19716.0,6,5,38.0
4311,15,0.48830625000000005,9.12045992560027,0.12598474,0.53267324,0.0009393692,0.048797265,5,25195.0,4,10,7.0
4312,13,0.4881875,6.154208084824388,0.13073605,0.87276816,0.0021715164,0.04537606,15,19177.0,5,3,50.0
4313,665,0.48806875000000005,9.50768723193665,0.1515118,0.7064469,0.0016565323,0.049185958,5,26393.0,3,11,1.0
4314,41,0.48795,8.857797581158493,0.13958043,0.5742487,0.00024032593,0.048467908,3,24375.0,3,14,9.0
4315,568,0.48783125000000005,6.633401221995927,0.101508796,0.6447734,0.00050377846,0.047758203,22,19542.0,0,0,34.0
4316,494,0.4877125,6.272592113768584,0.13990174,0.59679246,0.00048446655,0.04767446,16,19098.0,3,4,5.0
4317,868,0.48759375000000005,5.805827360548458,0.10447005,0.55708694,0.0015392303,0.04757606,19,18310.0,2,3,2.0
4318,916,0.487475,6.103219448094611,0.102699816,0.5304531,0.00045728683,0.048900317,19,17665.0,1,4,26.0
4319,159,0.48735625000000005,7.911884334286621,0.10928222,0.48460555,0.0005226135,0.046824362,15,24584.0,2,3,53.0
4320,569,0.4872375000000001,7.740655737704918,0.11059207,0.48670045,0.0016331673,0.045951813,11,23304.0,4,5,5.0
4321,314,0.48711874999999993,7.657109401137505,0.11256806,0.5181171,0.0021047592,0.045996767,15,23186.0,3,2,11.0
4322,427,0.487,9.254039375424304,0.13386004,0.6421741,0.0018258095,0.046761606,10,26084.0,2,6,35.0
4323,479,0.48688125000000004,9.041941074523399,0.10368174,0.46928817,0.0012192726,0.050157238,9,26086.0,5,5,32.0
4324,849,0.4867625000000001,5.701732991014121,0.10475298,0.65931374,0.0017976761,0.052066926,15,17455.0,4,5,10.0
4325,689,0.48664375000000004,8.397160664819944,0.120026894,0.6612327,0.0010533333,0.04908614,16,22807.0,0,5,41.0
4326,407,0.486525,6.239930555555553,0.12779795,0.76930654,0.0025954247,0.047753897,16,16531.0,2,7,8.0
4327,642,0.48640625000000004,8.785813148788927,0.13587378,0.5770892,0.00015974045,0.046656992,7,22790.0,2,11,20.0
4328,701,0.4862875,6.124238366253765,0.11348132,0.5907912,0.0050473213,0.046897832,12,17397.0,5,8,4.0
4329,788,0.48616875000000004,6.888788075178224,0.13118501,0.731616,0.0010051727,0.048264515,13,21876.0,5,3,8.0
4330,86,0.4860500000000001,9.026865671641792,0.13161232,0.8397212,0.00090003014,0.04844692,12,27216.0,3,3,20.0
4331,644,0.4859312499999999,7.8681282722513055,0.1583978,0.80723643,0.0015325546,0.047490984,8,20989.0,2,12,11.0
4332,648,0.4858125,8.66470588235294,0.1053165,0.5921277,0.0008711815,0.04919971,8,24984.0,3,8,1.0
4333,106,0.48569375000000004,7.0469309462915595,0.1027359,0.67782664,0.0009012222,0.04741494,16,21730.0,2,3,34.0
4334,847,0.4855750000000001,6.387952559300873,0.13024613,0.6135813,0.0018396378,0.048257332,7,18865.0,6,11,3.0
4335,831,0.48545625000000003,6.532619439868202,0.13479954,0.7679858,0.00038146973,0.047452483,15,17095.0,0,9,13.0
4336,113,0.4853375,8.490440165061894,0.111201935,0.516603,0.00075387955,0.0456641,12,22073.0,0,9,5.0
4337,453,0.48521875000000003,8.688172402271965,0.12521668,0.57586473,0.0011148453,0.048398346,8,23310.0,2,11,2.0
4338,780,0.4851,9.017363344051443,0.09313067,0.4947616,0.00041484833,0.049351856,9,25556.0,1,9,19.0
4339,21,0.48498125000000003,8.945898437499997,0.14044173,0.749015,0.0012536049,0.0486421,8,26253.0,3,7,25.0
4340,818,0.4848625000000001,6.818654822335023,0.12374937,0.74863064,0.0025629997,0.050438967,12,19286.0,2,9,13.0
4341,119,0.48474375000000003,6.387235449735451,0.12198639,0.6743704,0.0004911423,0.050023213,15,20827.0,6,1,13.0
4342,523,0.484625,6.963624468433102,0.12838909,0.698362,0.00079393387,0.04852024,17,20065.0,1,5,51.0
4343,741,0.48450625,8.113520574787717,0.12462345,0.8603771,0.000248909,0.04679924,11,22394.0,1,9,10.0
4344,528,0.4843875000000001,7.629639609296062,0.10093396,0.60307634,0.0012068748,0.04826894,14,23840.0,5,1,22.0
4345,952,0.48426875,8.82915276851234,0.10878897,0.5674236,0.00192976,0.046420764,13,26170.0,2,3,11.0
4346,465,0.48414999999999997,8.425672681228235,0.09953425,0.48163608,0.00033950806,0.048071433,6,25669.0,5,8,23.0
4347,753,0.48403125,8.10192976906042,0.1423107,0.66249037,6.67572e-06,0.0492105,8,21817.0,1,13,8.0
4348,969,0.48391249999999997,7.771335504885995,0.10999756,0.9061049,0.00092077255,0.048736285,13,24165.0,4,3,39.0
4349,945,0.48379375,6.572019077901429,0.110569954,0.7380034,0.0018148422,0.049341816,11,20040.0,5,7,9.0
4350,570,0.4836750000000001,6.613251411491198,0.12729691,0.5561849,0.0031003952,0.049190823,7,18407.0,6,11,15.0
4351,824,0.48355625,8.898889274557439,0.13970615,0.8479756,0.0023989677,0.054787498,3,20740.0,1,18,4.0
4352,673,0.48343749999999996,9.11211512717537,0.1183302,0.57991797,0.00055265427,0.05072747,12,27227.0,3,3,30.0
4353,942,0.48331875,5.750310762185149,0.13023198,0.91858697,0.0011029243,0.048399117,18,17273.0,3,4,14.0
4354,394,0.4832000000000001,7.136535859269281,0.122992374,0.67735606,0.00013637543,0.04909362,8,19322.0,4,10,9.0
4355,260,0.48308125,9.064669081330257,0.11414563,0.77519774,0.0017151833,0.048947886,4,23885.0,2,14,32.0
4356,104,0.48296249999999996,9.680881399870382,0.110917844,0.7276375,0.00035429,0.045348436,9,29258.0,3,5,13.0
4357,29,0.48284375,8.04338210275604,0.13274412,0.7857679,0.002981186,0.046889406,12,22170.0,2,7,26.0
4358,69,0.48272500000000007,7.560242543428384,0.13941424,0.73474705,0.0019500256,0.04741606,12,22151.0,3,6,1.0
4359,364,0.48260625,9.328401585204755,0.10444576,0.6072073,0.00012350082,0.047489997,9,27338.0,3,6,11.0
4360,381,0.48248750000000007,7.041555851063827,0.121429116,0.8938018,0.0014557838,0.046152234,6,18173.0,4,14,12.0
4361,692,0.48236875,9.273730534867973,0.1352268,0.62962615,0.0011057854,0.04733285,6,24736.0,2,11,12.0
4362,149,0.48224999999999996,9.12192477126398,0.0977977,0.5501177,0.00027370453,0.048056807,6,27509.0,7,5,19.0
4363,223,0.48213125,7.041471571906355,0.12988801,0.62389946,0.0015091896,0.047141585,6,20157.0,7,10,6.0
4364,689,0.48201250000000007,8.094736842105261,0.17345779,2.8819828,0.0019345284,0.047307923,13,22800.0,3,5,22.0
4365,537,0.4818937500000001,7.4077030324154745,0.12003479,0.5819348,0.0018820763,0.046171203,7,20392.0,6,9,1.0
4366,774,0.48177499999999995,6.417128874388252,0.10610775,0.6858896,1.0967255e-05,0.048446685,15,18136.0,2,7,4.0
4367,97,0.48165625,7.804590275416524,0.10102689,0.7070923,0.00033187866,0.051248625,6,22071.0,6,9,14.0
4368,57,0.48153750000000006,8.918787475016655,0.105484344,0.5562923,0.0011115074,0.0496968,15,26474.0,1,2,28.0
4369,687,0.48141875,7.780225988700564,0.11138833,0.59269214,0.0011196136,0.049120676,9,23832.0,4,7,9.0
4370,621,0.48130000000000006,5.589951278928134,0.13599874,0.64939994,0.0021820068,0.048766647,8,16387.0,6,12,13.0
4371,62,0.48118125,7.570046697798531,0.118174255,0.54267,0.0031895638,0.048945528,5,21196.0,6,11,14.0
4372,659,0.48106249999999995,4.817369414726244,0.120623864,0.71581423,0.001101017,0.05143043,14,16263.0,7,4,9.0
4373,958,0.48094375,6.0964578550344335,0.12348779,0.6770892,0.0011155605,0.050039336,6,15844.0,5,14,4.0
4374,124,0.48082500000000006,7.3524590163934445,0.108814836,0.5848056,0.0016517639,0.053174675,8,22730.0,7,6,7.0
4375,94,0.4807062500000001,5.51231884057971,0.11753184,0.6790224,0.00019931793,0.052167993,6,17039.0,10,9,9.0
4376,388,0.48058749999999995,6.50606372045221,0.11673144,0.6710702,3.71933e-05,0.048671957,17,19575.0,4,2,40.0
4377,767,0.48046875,5.768319944114562,0.12866627,0.5978145,0.00014019012,0.051046476,12,13938.0,3,12,9.0
4378,353,0.48035000000000005,10.195616781465246,0.11483667,0.7729448,8.249283e-05,0.048423354,5,30329.0,2,9,9.0
4379,35,0.48023125,7.327798444369294,0.1416661,0.7187941,0.0011644363,0.047509138,12,21964.0,5,4,11.0
4380,655,0.48011250000000005,8.111614364283405,0.11193345,0.83120537,0.0003247261,0.04850253,17,25073.0,1,1,1.0
4381,881,0.47999375,8.744876088412589,0.10168371,0.48325884,0.00028276443,0.052166406,13,24022.0,0,7,11.0
4382,369,0.47987500000000005,7.028844254198218,0.122018464,0.6471218,0.0030069351,0.04779722,11,18917.0,2,10,1.0
4383,995,0.47975625,7.755218855218854,0.113016516,0.8387971,0.00031375885,0.047051545,14,22142.0,2,5,45.0
4384,958,0.47963750000000005,4.7271564447359795,0.14197563,0.7112558,5.9127808e-05,0.04668146,11,14718.0,8,7,23.0
4385,410,0.4795187500000001,7.009833930315857,0.131506,0.8352274,0.0002450943,0.048134554,6,20913.0,7,9,6.0
4386,675,0.47939999999999994,7.8578125,0.13586687,0.63560146,0.0017647743,0.051035047,13,25785.0,4,2,4.0
4387,731,0.47928125,9.505928237129483,0.13467476,0.7590682,0.0013489723,0.048734855,12,28864.0,0,5,10.0
4388,205,0.47916250000000005,6.6174193548387095,0.11835126,0.815053,0.0007195473,0.050491005,15,20204.0,3,4,57.0
4389,768,0.47904375,7.70236806495264,0.11284602,0.5646423,0.0027580261,0.050174844,13,22177.0,3,5,45.0
4390,672,0.47892500000000005,8.566941603431209,0.100247525,0.6570206,0.0006761551,0.05005102,12,24754.0,2,6,21.0
4391,995,0.47880625,7.588552188552189,0.1284607,0.6046206,0.0024299622,0.05049574,17,22538.0,2,2,5.0
4392,506,0.47868750000000004,6.844272445820432,0.10464724,0.65267277,0.0007557869,0.048298527,21,22107.0,0,0,8.0
4393,891,0.47856875,8.236645757675799,0.112976454,0.5510235,0.0022387505,0.05056635,9,24343.0,4,6,32.0
4394,598,0.47845000000000004,9.03786468032278,0.1271096,1.5373323,0.001385212,0.051248852,9,29120.0,4,4,26.0
4395,189,0.4783312500000001,7.42948877805486,0.13518347,0.60840034,0.0018758774,0.04934698,15,21909.0,0,6,46.0
4396,831,0.47821249999999993,6.125370675453046,0.15198755,2.8504062,0.0047512054,0.047113683,7,17680.0,7,10,4.0
4397,839,0.47809375,6.075122979620521,0.11320547,0.73201966,0.00037956238,0.04840472,6,17859.0,10,8,9.0
4398,750,0.47797500000000004,7.620805369127514,0.10889556,0.6764352,0.00011920929,0.046707142,15,20159.0,1,6,10.0
4399,83,0.4778562500000001,5.745259938837921,0.15786852,2.4108868,0.0036325455,0.0477863,10,19114.0,7,6,7.0
4400,649,0.47773750000000004,6.1240074441687335,0.14636259,0.8678504,0.00017976761,0.049029324,17,19099.0,2,4,27.0
4401,112,0.47761875,7.443050847457626,0.13226187,0.6051142,0.0028743744,0.049804326,12,21367.0,4,6,38.0
4402,853,0.47750000000000004,6.368174032202808,0.13492489,0.7129495,0.0008955002,0.047656666,7,17713.0,7,10,5.0
4403,805,0.47738125,8.09072,0.12131701,0.667169,0.00076913834,0.048965856,14,25596.0,3,2,61.0
4404,885,0.47726250000000003,8.484633255891136,0.09757989,0.50300753,0.00044727325,0.051542196,10,24359.0,3,7,8.0
4405,521,0.4771437500000001,7.909833795013849,0.15263931,0.68868387,7.104874e-05,0.051156882,9,20822.0,3,10,25.0
4406,609,0.47702500000000003,6.355220814789453,0.11541587,0.7311604,0.0010762215,0.050526533,7,16811.0,6,12,4.0
4407,383,0.47690625,7.7793880837359115,0.12971698,0.7938333,0.00041532516,0.0479378,14,24155.0,3,3,14.0
4408,342,0.47678750000000003,7.436713862364176,0.11125138,0.8330488,0.00071668625,0.0472267,8,22889.0,7,6,47.0
4409,916,0.4766687500000001,6.639093298291721,0.13315852,0.95447445,0.0018677711,0.048178498,16,19905.0,3,4,36.0
4410,391,0.47655000000000003,7.818064516129028,0.16066812,0.70405805,0.0010728836,0.047347616,5,20826.0,3,14,1.0
4411,184,0.47643125,6.790944247502416,0.11872909,0.6520397,0.0013928413,0.04801646,13,20762.0,4,5,18.0
4412,81,0.4763125,7.0116823950536915,0.1521883,2.7819762,0.00059843063,0.044673037,11,20625.0,4,7,4.0
4413,878,0.47619374999999997,8.23238786279683,0.103281595,0.6006859,0.001144886,0.04595901,5,22535.0,4,12,11.0
4414,834,0.476075,5.676918075422627,0.12352103,0.8294846,0.00031614304,0.047285363,17,18385.0,5,2,26.0
4415,12,0.4759562500000001,6.366734555329258,0.11306212,0.74080133,0.0013747215,0.04717995,12,17578.0,4,8,8.0
4416,810,0.4758375,7.446177847113884,0.12158251,2.2625344,2.9087067e-05,0.04726593,18,23865.0,1,1,17.0
4417,46,0.47571874999999997,7.825016633399867,0.11089375,0.64910734,0.0008893013,0.044684365,14,23522.0,3,3,3.0
4418,748,0.4756,7.988540332906528,0.09990845,0.42838907,9.775162e-05,0.04505244,7,22457.0,3,11,39.0
4419,899,0.4754812500000001,8.635656401944894,0.13455999,0.6643652,2.2888184e-05,0.047599956,7,26024.0,5,7,5.0
4420,701,0.4753625,6.602946099765651,0.13470101,0.62585187,0.00093603134,0.045854475,15,19723.0,4,4,10.0
4421,835,0.47524374999999996,6.459867799811143,0.11810569,0.95160246,0.00031876564,0.047477346,12,20523.0,5,5,15.0
4422,662,0.475125,7.603876478318002,0.11229994,0.566614,0.000121831894,0.04789621,10,22233.0,4,7,11.0
4423,158,0.4750062500000001,5.509224109224108,0.12969275,0.58068466,0.00025749207,0.049214676,16,15343.0,3,7,28.0
4424,533,0.4748875,8.076117496807148,0.11897167,0.6211864,0.00018835068,0.05023681,7,21536.0,1,13,3.0
4425,730,0.4747687500000001,7.53240440699935,0.12379714,0.7040395,0.002011776,0.051991075,13,21702.0,0,5,0.0
4426,668,0.47465,8.36648501362398,0.1383933,0.9163213,0.00020503998,0.05129224,7,24564.0,6,6,13.0
4427,379,0.47453124999999996,5.56402748730206,0.10350534,0.58114874,0.0010719299,0.04719088,15,17284.0,3,7,27.0
4428,385,0.4744125,8.190228013029316,0.14717047,0.74090064,0.00031471252,0.046958108,12,24837.0,3,4,46.0
4429,177,0.47429375000000007,5.992141571685661,0.14111091,0.63730407,0.00063467026,0.04771824,7,17644.0,5,12,9.0
4430,793,0.474175,7.8054492377554325,0.12706612,0.69339573,0.001888752,0.049213808,17,22831.0,0,4,37.0
4431,874,0.47405624999999996,8.182092022509103,0.13045937,0.7714803,0.0016765594,0.048388954,13,24416.0,3,4,10.0
4432,284,0.4739375,4.743274456521737,0.12706934,0.6045072,0.0023360252,0.045674976,18,13081.0,3,6,53.0
4433,775,0.47381875000000007,5.307610558793281,0.15722616,0.73797476,0.0012102127,0.04596041,17,15774.0,5,4,29.0
4434,946,0.4737,6.90141034251175,0.0993134,0.74769,0.003103733,0.046323434,6,18170.0,5,13,7.0
4435,666,0.47358125000000006,7.480274442538592,0.10960344,0.5816958,0.00085401535,0.04558301,19,21222.0,0,2,16.0
4436,125,0.4734625,5.194099899430104,0.12866203,0.7888572,6.771088e-05,0.04856415,24,15494.0,1,1,77.0
4437,854,0.47334374999999995,5.466335978835979,0.10832018,0.56113124,0.00048542023,0.049297314,10,17135.0,8,6,2.0
4438,773,0.473225,6.6189682793976266,0.14052606,0.594641,0.0013327599,0.048933372,8,18161.0,4,12,31.0
4439,713,0.47310625000000006,6.583272606823451,0.12419095,0.9325545,0.0025162697,0.050053794,18,19573.0,2,3,18.0
4440,888,0.4729875000000001,9.113383152173915,0.13599037,0.75485384,0.0015611649,0.048946816,11,27713.0,5,2,48.0
4441,508,0.47286874999999995,8.02663150955834,0.11012753,0.60938025,0.0022034645,0.046831932,14,25263.0,4,1,2.0
4442,883,0.47275,7.235301924353017,0.14869845,0.800185,0.0016684532,0.047864586,11,19396.0,2,10,26.0
4443,74,0.47263125000000006,9.932910187242143,0.11700845,0.5621655,0.00070238113,0.04791147,7,29408.0,2,8,22.0
4444,540,0.4725125,7.255026809651473,0.11986998,0.7700025,0.0002169609,0.04981852,15,20157.0,1,6,6.0
4445,585,0.47239375000000006,6.862127267138025,0.11617309,0.5403687,0.00075674057,0.049535003,7,20696.0,5,10,16.0
4446,951,0.472275,8.428187059577192,0.11210281,0.7926818,0.0009894371,0.04592015,7,23503.0,2,11,6.0
4447,392,0.47215625000000006,6.384751889582646,0.1394717,0.53280276,0.0009884834,0.04782262,14,17603.0,2,8,54.0
4448,21,0.4720375,7.417317708333332,0.10848277,0.603212,0.002248764,0.048939586,15,22786.0,0,0,0.0
4449,904,0.47191875000000005,5.192258064516131,0.09842227,0.53169405,0.00014257431,0.05004388,17,17646.0,6,1,38.0
4450,647,0.4718000000000001,8.516677653263015,0.10357604,0.52676284,0.0009112358,0.047541156,6,23109.0,3,12,27.0
4451,291,0.47168124999999994,9.105418381344306,0.14141423,0.7081708,0.0015974045,0.048226554,11,25385.0,2,6,6.0
4452,668,0.4715625,7.630653950953677,0.099830896,0.55695873,0.0012803078,0.04760544,10,22110.0,5,6,30.0
4453,630,0.47144375000000005,9.363545484838385,0.12495515,0.6967819,0.0010080338,0.049751386,7,25099.0,1,11,21.0
4454,421,0.471325,6.710610932475882,0.10219719,0.7177329,0.00077819824,0.048839077,15,19626.0,2,6,49.0
4455,12,0.47120625000000005,8.589952477936183,0.12659687,0.7273406,0.00037193298,0.050466824,13,23833.0,1,6,1.0
4456,716,0.4710875,9.627792378449408,0.11659929,0.4795463,0.0031654835,0.051633257,9,27785.0,2,7,25.0
4457,209,0.47096875000000005,6.173529411764704,0.12759633,0.7110639,0.0011649132,0.04937054,9,17361.0,5,10,18.0
4458,374,0.47085,8.052781371280725,0.12692247,0.7650509,8.440018e-05,0.047820594,15,24590.0,2,3,14.0
4459,593,0.47073125000000005,8.582190837065102,0.114742994,0.63168275,0.0010375977,0.051636327,7,22882.0,3,10,19.0
4460,687,0.4706125000000001,7.73672316384181,0.11088225,0.54134667,0.00012397766,0.048361678,12,24012.0,3,5,22.0
4461,368,0.47049374999999993,7.996688513280443,0.105954826,0.65404034,0.0014820099,0.052119177,12,24342.0,6,2,8.0
4462,61,0.470375,9.096323529411764,0.1322236,0.6242549,0.0008072853,0.04854484,11,25421.0,1,7,27.0
4463,361,0.47025625000000004,6.581916639317361,0.12025145,0.6900532,0.00017118454,0.04774977,12,19141.0,4,7,6.0
4464,558,0.4701375000000001,4.583219645293319,0.13173896,0.6305084,0.00049209595,0.047911182,12,16370.0,12,2,6.0
4465,157,0.47001875000000004,8.45257378174331,0.09774815,0.5239456,9.870529e-05,0.045393705,12,24048.0,3,5,11.0
4466,179,0.4699,8.075769745649263,0.17262723,2.7832735,0.007473469,0.046327125,12,23234.0,3,6,5.0
4467,706,0.46978125000000004,8.265243902439023,0.109492354,0.6055186,0.0010294914,0.049362827,9,25142.0,2,8,38.0
4468,339,0.4696625,7.561711295783318,0.12946095,0.66507053,0.0010766983,0.04893152,16,24568.0,2,2,21.0
4469,750,0.46954375000000004,7.176969268809608,0.1557404,0.8637644,0.005877018,0.050319448,12,20318.0,5,5,6.0
4470,777,0.4694250000000001,8.895463777928233,0.12327278,0.73162293,0.00075626373,0.051176306,16,26868.0,2,0,10.0
4471,209,0.4693062499999999,5.924836601307191,0.14848441,0.6466708,0.0028533936,0.048723366,15,18130.0,4,4,6.0
4472,590,0.4691875,9.303313772868485,0.13286962,0.80385923,0.0011234283,0.046954762,11,26662.0,3,4,15.0
4473,924,0.46906875000000003,5.730761622156281,0.15069206,0.93032634,0.0034565926,0.045593787,14,17988.0,6,4,12.0
4474,556,0.4689500000000001,5.730156699712184,0.11259836,0.5880325,0.00056266785,0.047846574,14,19169.0,7,3,15.0
4475,659,0.46883125000000003,6.8043423536815615,0.12425533,0.6166658,0.0007276535,0.043331306,14,21942.0,4,3,6.0
4476,435,0.4687125,8.12174501183632,0.13565738,0.6190187,0.0049557686,0.049967248,17,24016.0,1,1,8.0
4477,617,0.46859375000000003,7.316689560439562,0.114054225,0.7081326,0.00015640259,0.049330726,13,21015.0,4,5,17.0
4478,482,0.468475,7.3026151930261545,0.14768596,0.7015857,0.0006299019,0.048207965,8,25062.0,8,3,4.0
4479,205,0.46835625000000003,7.6464516129032285,0.13760455,0.7828212,0.0002799034,0.047418434,11,25564.0,7,1,17.0
4480,347,0.4682375000000001,8.307249750581978,0.10529851,0.6862597,0.0012221336,0.051115513,12,25882.0,5,2,11.0
4481,410,0.46811875000000003,6.9888961250407,0.15012734,0.7807102,0.00030517578,0.04944865,11,18699.0,2,11,2.0
4482,633,0.46799999999999997,5.263672922252011,0.11806848,1.674851,0.000790596,0.04889332,22,16602.0,3,0,48.0
4483,120,0.46788125,6.740880503144653,0.14415991,0.7550162,0.0046195984,0.049099643,13,20164.0,3,7,16.0
4484,94,0.4677625000000001,6.235836627140973,0.11971273,0.7864504,0.0007429123,0.04741311,11,17414.0,4,9,2.0
4485,123,0.46764375,7.029053420805999,0.1294522,0.7230209,0.0011854172,0.04926868,11,22500.0,3,3,0.0
4486,450,0.46752499999999997,8.390539231514367,0.09849593,0.71325254,0.006559372,0.04913279,13,24437.0,1,6,24.0
4487,858,0.46740625,8.23433753458346,0.10501826,0.5204104,0.00022649765,0.0492502,6,26461.0,2,3,0.0
4488,389,0.4672875000000001,7.464410058027079,0.09211749,0.43034878,1.66893e-05,0.050011083,10,22224.0,4,7,21.0
4489,255,0.46716875,6.295336787564765,0.11593211,0.6555831,0.0017561913,0.049985155,11,17896.0,4,9,24.0
4490,487,0.4670500000000001,6.486938515450779,0.13596791,0.5474763,0.000248909,0.047105905,17,18793.0,1,6,14.0
4491,963,0.46693125,10.013724161301251,0.121029,0.9949019,0.00077676773,0.04779559,8,28075.0,2,7,46.0
4492,605,0.46681249999999996,5.961015294500487,0.1085105,0.6615344,0.000207901,0.05171238,19,17089.0,1,5,10.0
4493,285,0.46669375,9.290740114903683,0.14383397,0.69695365,0.00038814545,0.048209652,5,25420.0,3,10,35.0
4494,588,0.4665750000000001,7.586544141778797,0.11855238,0.49867213,0.0036711693,0.04961532,11,21288.0,2,8,5.0
4495,620,0.46645625,5.304856952761145,0.116203405,0.671651,0.00021076202,0.049761962,22,16247.0,2,1,35.0
4496,797,0.46633749999999996,6.360710760118457,0.11341325,0.7452329,0.001285553,0.04922874,17,16899.0,0,8,25.0
4497,777,0.46621875,10.00575490859851,0.115679264,0.67518306,0.0018706322,0.04659022,12,29557.0,1,1,0.0
4498,785,0.46610000000000007,8.394723696534497,0.11978176,0.70830655,0.0027098656,0.04428343,2,23365.0,4,15,13.0
4499,298,0.46598125,6.918032786885246,0.10052177,0.6329477,0.00076532364,0.049148113,11,20795.0,5,6,30.0
4500,776,0.46586250000000007,7.164847914706805,0.10251144,0.68987596,0.0021822453,0.047595296,14,21892.0,2,5,2.0
4501,437,0.46574375,10.705714285714285,0.14882654,2.751082,0.000787735,0.048263784,8,29767.0,1,8,19.0
4502,715,0.46562499999999996,5.428830837846448,0.1553423,0.6594271,0.0011000633,0.047404226,22,17355.0,2,1,21.0
4503,533,0.46550625,6.97432950191571,0.12008444,0.84939325,0.0010576248,0.047523733,15,22470.0,4,2,4.0
4504,930,0.46538750000000007,8.776609105180533,0.12032064,0.75382835,0.0014820099,0.04907087,11,26361.0,1,6,45.0
4505,887,0.4652687500000001,5.698142519419117,0.15181525,2.8983011,0.0014514923,0.050085176,13,19241.0,9,1,11.0
4506,126,0.46514999999999995,7.290643662906432,0.13454519,0.87362075,0.00041294098,0.048901036,11,18960.0,1,11,10.0
4507,638,0.46503125,7.045986124876112,0.13997436,0.6836863,0.0018677711,0.04724445,13,19512.0,2,8,37.0
4508,119,0.46491250000000006,5.855357142857144,0.096885614,0.75610447,0.00093126297,0.04695098,11,18009.0,7,6,8.0
4509,481,0.46479375,6.371242278654769,0.121093266,0.57564867,0.00094652176,0.048153948,12,17983.0,5,7,11.0
4510,59,0.46467500000000006,7.315666666666667,0.10401293,0.48144376,0.00015592575,0.04637287,11,21947.0,5,5,47.0
4511,641,0.46455625,7.668876860622464,0.11065271,0.8185843,0.0018234253,0.050105825,13,23556.0,5,2,8.0
4512,244,0.46443749999999995,6.910423452768731,0.08078507,0.5011472,0.0003643036,0.049944058,14,22443.0,6,2,36.0
4513,574,0.46431875,7.142762723066751,0.112092905,0.65039617,0.00068330765,0.04951941,11,18588.0,1,11,12.0
4514,828,0.46420000000000006,7.825615435795076,0.12695004,0.72236633,0.0009536743,0.04696027,6,22622.0,6,9,29.0
4515,650,0.4640812500000001,7.833438985736924,0.14500405,0.8151247,0.0012164116,0.048534423,12,22506.0,1,8,32.0
4516,11,0.46396249999999994,5.300189035916823,0.107078426,0.7490024,0.000310421,0.0481932,21,16188.0,1,3,1.0
4517,640,0.46384375,8.957846776915286,0.11188004,0.7103796,0.001363039,0.04537836,10,24468.0,1,8,14.0
4518,657,0.46372500000000005,7.0733082706766925,0.13873662,0.5945259,9.9658966e-05,0.048803985,15,22578.0,3,3,47.0
4519,232,0.46360625,6.274034110685694,0.12798704,0.6397221,0.0016112328,0.0477785,17,17738.0,3,4,21.0
4520,698,0.46348750000000005,7.411908812521266,0.15048741,0.6168633,0.00017547607,0.049026445,12,20608.0,3,7,4.0
4521,399,0.46336875,6.1396624472573835,0.12546562,1.600817,0.00041770935,0.04782887,15,17992.0,3,6,19.0
4522,936,0.46325000000000005,5.791809775429325,0.105100594,0.72184485,0.0007634163,0.04465577,15,16932.0,4,6,3.0
4523,556,0.46313125,7.244355612408058,0.119518064,0.63603663,0.00021409988,0.045152187,15,21715.0,2,5,18.0
4524,403,0.46301250000000005,8.68846787479407,0.12479105,0.71373975,0.00016021729,0.049821537,14,25459.0,1,4,51.0
4525,454,0.4628937500000001,9.253769841269843,0.104829706,0.7862439,0.0035119057,0.048760954,7,29193.0,7,3,16.0
4526,684,0.46277499999999994,9.142626195974925,0.118554324,0.72681564,0.00026607513,0.04604656,9,26802.0,3,6,14.0
4527,114,0.46265625,9.142293669207822,0.12265008,0.74352527,0.0009741783,0.045562226,9,27884.0,5,4,5.0
4528,623,0.46253750000000005,6.649367930805055,0.123852976,0.84926164,0.003358841,0.04726,16,18485.0,1,6,6.0
4529,86,0.4624187500000001,8.506301824212272,0.16293271,2.3727083,0.00037145615,0.046101388,13,24139.0,1,6,2.0
4530,870,0.46230000000000004,5.58543784847491,0.124789,0.7331207,0.00021123886,0.048490006,14,17030.0,0,0,0.0
4531,890,0.46218125,8.774110032362458,0.15514873,0.8534965,0.0005040169,0.049387325,8,25567.0,3,8,4.0
4532,929,0.46206250000000004,8.795403064623581,0.10761046,0.5240628,0.00039291382,0.047671273,10,23702.0,1,10,47.0
4533,743,0.46194375,7.692541168873102,0.12214011,0.7238766,0.0015392303,0.05014563,13,22585.0,2,6,28.0
4534,399,0.46182500000000004,7.34849074975657,0.13236167,0.66523147,0.0027928352,0.051497843,11,20484.0,2,9,33.0
4535,895,0.4617062500000001,6.760154414232963,0.114182584,0.75528705,0.00012922287,0.050332133,11,18649.0,4,9,1.0
4536,364,0.46158749999999993,9.618692206076616,0.1161589,0.56348944,0.0012922287,0.052391995,6,26703.0,2,10,12.0
4537,48,0.46146875,7.244532488114102,0.12243026,0.5961268,0.0014662743,0.048866358,11,20017.0,1,10,41.0
4538,643,0.46135000000000004,5.358504301786894,0.11145258,0.73030627,0.00030088425,0.048258614,12,14078.0,4,11,7.0
4539,661,0.4612312500000001,9.870815752461322,0.1243951,0.68142277,0.0003080368,0.0472112,12,26935.0,1,5,27.0
4540,315,0.46111250000000004,6.520638020833333,0.12377769,0.68353933,0.000749588,0.047711026,15,19417.0,3,5,3.0
4541,874,0.46099375,9.808076795762995,0.12212863,2.3413756,0.0029797554,0.04920943,11,29026.0,2,4,23.0
4542,200,0.46087500000000003,8.735670236936057,0.11535523,0.624898,0.0015454292,0.050532848,8,25066.0,3,9,9.0
4543,46,0.46075625,6.6201596806387215,0.09623545,0.6746192,0.0005326271,0.050177652,15,19299.0,3,5,49.0
4544,955,0.46063750000000003,5.909769923307767,0.13232757,0.66323495,0.0019516945,0.048504647,11,15924.0,4,10,6.0
4545,343,0.4605187500000001,10.65985130111524,0.12270498,2.873336,2.336502e-05,0.048715282,11,30063.0,0,5,12.0
4546,946,0.46040000000000003,6.779046339825387,0.12174562,0.6017023,0.00024366379,0.04840379,13,20188.0,5,5,32.0
4547,405,0.46028125,6.555849285931323,0.1324409,0.71557426,0.00089502335,0.04742819,6,17297.0,3,16,3.0
4548,611,0.46016250000000003,6.422115713796646,0.12701058,0.6776093,0.00046634674,0.04709557,13,18759.0,5,5,6.0
4549,923,0.4600437500000001,6.809570312499997,0.15560596,2.733281,0.001812458,0.051626574,14,19383.0,2,7,12.0
4550,69,0.45992500000000003,7.262536873156342,0.10373048,0.62426376,0.0008454323,0.050967142,19,22158.0,1,1,76.0
4551,130,0.45980624999999997,6.214168247944338,0.12851386,0.9228188,0.00037765503,0.048383217,14,19333.0,4,5,38.0
4552,346,0.4596875,5.244331917673963,0.14573243,0.742296,0.000849247,0.05076531,14,16359.0,6,5,31.0
4553,536,0.45956874999999997,8.199322951929584,0.10011027,0.7136923,0.0016884804,0.048388973,13,22153.0,1,8,5.0
4554,733,0.45945,7.772429451832627,0.12746269,0.5991981,0.0027666092,0.049286027,13,21496.0,0,8,45.0
4555,184,0.4593312500000001,6.571253625523686,0.11683649,0.7644784,9.4890594e-05,0.048656214,13,19770.0,4,6,9.0
4556,299,0.4592125,6.964650537634404,0.11486133,0.6987934,0.0009441376,0.0490282,4,18346.0,6,14,18.0
4557,397,0.45909374999999997,8.103642384105962,0.11618661,0.8532549,0.0010614395,0.04890308,3,25681.0,10,6,5.0
4558,335,0.458975,7.935153797865663,0.14212506,2.5304244,0.0021128654,0.04842472,8,27193.0,8,2,7.0
4559,781,0.4588562500000001,4.782637729549248,0.15019214,0.5332389,0.0005030632,0.04938147,16,13725.0,5,7,4.0
4560,451,0.4587375,7.055519897304235,0.13604249,0.7984396,0.003259182,0.0492006,15,20427.0,1,6,37.0
4561,589,0.45861874999999996,9.078818737270874,0.13266458,0.6184684,0.00088214874,0.049719166,15,26157.0,1,3,85.0
4562,717,0.4585,7.939573820395736,0.14687707,0.6474792,0.0014824867,0.04956792,7,23782.0,3,10,3.0
4563,172,0.4583812500000001,8.565651155005021,0.15942204,0.97360754,0.00049591064,0.04892945,14,26183.0,3,1,79.0
4564,430,0.4582625,6.301691607026676,0.13027099,2.239817,0.0006608963,0.0470755,16,19064.0,3,4,22.0
4565,263,0.45814375000000007,9.615231788079468,0.1062507,0.6630696,5.4836273e-05,0.049029097,11,27830.0,1,5,23.0
4566,902,0.458025,8.815823396712858,0.12289066,0.61591375,2.6226044e-05,0.0511973,6,25804.0,4,9,5.0
4567,594,0.45790624999999996,8.078849466069585,0.12584333,0.9481832,0.0023684502,0.050709546,10,25485.0,8,1,14.0
4568,257,0.4577875,8.241215106732348,0.15697809,0.6505703,0.0024123192,0.051895592,10,24790.0,4,5,1.0
4569,172,0.45766875000000007,10.121861399397389,0.12565106,0.87717664,0.0014185905,0.049595926,6,30234.0,0,0,0.0
4570,10,0.4575500000000001,6.702383284361734,0.1245412,0.75000024,0.0011329651,0.05184344,10,18079.0,3,11,11.0
4571,66,0.45743124999999996,8.674097732353879,0.14289431,0.76812094,0.0028595924,0.051348824,8,25280.0,3,9,11.0
4572,272,0.4573125,8.967338571916638,0.16560434,2.8035026,0.0016040802,0.046640236,12,25662.0,2,4,7.0
4573,56,0.45719375000000007,8.517026937146657,0.14189482,0.6902023,0.0003900528,0.048496082,8,25310.0,5,6,24.0
4574,129,0.457075,8.093461666113505,0.1647721,2.8835063,0.00024747849,0.048033636,10,20770.0,0,12,2.0
4575,811,0.45695625000000006,8.132830930537352,0.1435896,0.9429877,0.0006041527,0.047679927,16,24211.0,1,3,50.0
4576,411,0.4568375,8.644805403666767,0.10716645,0.7765751,0.00064229965,0.050131295,8,22835.0,0,13,25.0
4577,603,0.45671874999999995,9.044660194174755,0.13944493,0.6978049,0.0009832382,0.048658367,11,27330.0,3,5,23.0
4578,278,0.4566,7.633811542223669,0.13843761,0.77563655,0.002527237,0.04990764,9,21266.0,3,10,2.0
4579,694,0.45648125000000006,6.805091649694501,0.13355534,0.5935086,0.00018310547,0.04766654,13,19164.0,3,6,15.0
4580,80,0.4563625000000001,8.151706993702351,0.12941909,0.6920875,0.00034713745,0.052897636,9,24292.0,5,6,37.0
4581,50,0.45624374999999995,7.769314079422383,0.120372176,0.5648421,0.00044679642,0.049377263,8,22759.0,5,8,17.0
4582,677,0.456125,7.8651199999999974,0.12798925,0.73955035,0.0014877319,0.047484558,11,21766.0,1,10,27.0
4583,953,0.45600625000000006,8.577264957264958,0.1301168,0.571589,0.000875473,0.046414133,8,24796.0,3,4,0.0
4584,492,0.4558875,8.707800721075056,0.10887245,0.4450462,6.4373016e-05,0.045275424,14,25042.0,0,5,22.0
4585,498,0.45576875000000006,8.839608801955992,0.14491728,0.7774385,0.00031375885,0.048023056,10,26453.0,6,2,14.0
4586,802,0.45565,8.570360740981476,0.12313201,0.81272113,0.00082302094,0.04829398,13,26371.0,3,3,58.0
4587,806,0.45553125000000005,10.42294022617124,0.13522027,0.690748,0.0014629364,0.0487263,12,31021.0,0,4,33.0
4588,876,0.4554125,4.949540703199239,0.13435172,0.8226311,9.393692e-05,0.049012545,13,15310.0,6,7,6.0
4589,865,0.45529375000000005,8.949105636179548,0.09810194,0.707935,0.00043821335,0.048331093,13,25331.0,1,5,13.0
4590,683,0.4551750000000001,7.015355019237496,0.11771081,0.6056701,0.0032086372,0.047419976,14,19771.0,4,5,8.0
4591,519,0.45505624999999994,5.238339279922155,0.124717854,0.6274172,0.00074005127,0.04942152,17,17383.0,6,2,5.0
4592,192,0.4549375,6.377734119187951,0.13147464,0.77431786,0.0002322197,0.046697784,16,19783.0,4,3,15.0
4593,648,0.45481875000000005,8.839542483660134,0.130327,0.61615413,0.0048737526,0.046486896,14,27049.0,2,2,2.0
4594,244,0.4547,7.61074918566775,0.1320941,0.8748951,0.0017023087,0.045412824,11,21216.0,2,9,65.0
4595,772,0.45458125000000005,5.618345771144279,0.11505147,0.8782175,0.00031995773,0.04876807,15,17747.0,4,5,21.0
4596,306,0.4544625,8.120983173870009,0.12192681,0.6572665,3.2424927e-05,0.047163323,12,22493.0,1,8,18.0
4597,594,0.45434375000000005,8.736755080950738,0.13540494,0.704692,0.0015234947,0.046389777,14,23621.0,0,6,15.0
4598,779,0.454225,9.314062499999999,0.11989816,0.5308226,0.0033960342,0.047639266,12,27384.0,1,5,41.0
4599,785,0.45410625000000004,7.3735248204808,0.15061623,0.77364594,0.0027165413,0.046877068,16,24258.0,3,1,27.0
4600,408,0.4539875000000001,8.375395778364117,0.1317901,0.6136764,0.0041151047,0.04806151,16,25091.0,1,2,9.0
4601,187,0.45386874999999993,6.10235610905419,0.1412011,0.6652546,0.004590988,0.047834802,10,17833.0,7,8,5.0
4602,133,0.45375,6.114768065635847,0.12423574,0.8556417,0.00015068054,0.048282687,7,18427.0,7,10,13.0
4603,758,0.45363125000000004,8.577788681714097,0.11965511,0.62094283,0.0013384819,0.04869719,8,23471.0,2,11,22.0
4604,532,0.4535125000000001,10.084634448574967,0.115213685,0.757076,0.00036644936,0.050922688,8,31262.0,2,6,10.0
4605,995,0.45339375000000004,9.4,0.13719486,0.6534177,0.0020976067,0.05107833,11,27027.0,2,5,61.0
4606,864,0.453275,7.37710678949164,0.11618692,0.510741,0.0007147789,0.052281797,9,20743.0,5,8,4.0
4607,433,0.45315625000000004,7.624075275794938,0.14380415,0.6884273,0.00010347366,0.050211653,14,24422.0,4,1,27.0
4608,953,0.4530375,7.522222222222223,0.13181223,0.588562,0.00013828278,0.04941708,14,21710.0,3,4,1.0
4609,701,0.45291875000000004,7.640107130900568,0.107952215,0.45575234,0.00045013428,0.052306425,9,22821.0,6,6,21.0
4610,892,0.4528000000000001,6.896366038982488,0.086413056,0.5922034,0.0006632805,0.048876956,13,18151.0,1,10,33.0
4611,645,0.4526812499999999,7.032044198895028,0.12878627,0.7299218,0.0028214455,0.04777217,7,22253.0,8,6,6.0
4612,84,0.4525625,8.381719702098849,0.122876756,0.7479687,0.0030388832,0.050172955,14,23578.0,1,5,29.0
4613,336,0.45244375000000003,8.69371709371709,0.119263686,0.6464882,0.0007491112,0.048565004,7,23059.0,4,10,3.0
4614,323,0.4523250000000001,8.971100917431192,0.12241695,0.5219765,2.9087067e-05,0.051411245,11,27685.0,4,3,30.0
4615,888,0.45220625000000003,8.728940217391303,0.12136004,0.85611236,0.0005235672,0.048870455,9,24226.0,3,8,1.0
4616,897,0.4520875,8.229569718537688,0.14028068,0.78554136,8.678436e-05,0.048760355,8,23583.0,3,9,11.0
4617,260,0.45196875000000003,8.023378333882121,0.12874778,0.7132886,0.005250454,0.045162052,8,24367.0,6,6,5.0
4618,851,0.45185,9.863062479766915,0.11874696,0.7839962,0.0028152466,0.047298104,6,30467.0,5,5,20.0
4619,978,0.45173125000000003,6.322056384742952,0.17197567,2.5320134,2.0980835e-05,0.049435783,16,18458.0,3,5,25.0
4620,10,0.4516125000000001,5.2676134508651655,0.12316937,0.72172177,0.0020098686,0.05160143,16,16441.0,5,4,32.0
4621,6,0.45149375,5.532593340060545,0.11947017,0.50910056,0.0005893707,0.048727274,13,17043.0,7,5,10.0
4622,951,0.45137499999999997,7.417104420243433,0.12849492,0.7275264,0.0005764961,0.04885989,8,22844.0,6,7,5.0
4623,971,0.45125625,9.407101985863344,0.13772134,0.75936174,0.0020446777,0.049555864,8,26463.0,3,8,2.0
4624,318,0.4511375000000001,9.384348441926347,0.12582195,1.1280426,0.00028276443,0.049989358,15,26219.0,1,2,11.0
4625,697,0.45101875,5.8291666666666675,0.12369228,0.9999147,0.005824089,0.05035679,9,18837.0,9,5,22.0
4626,727,0.45089999999999997,10.044230769230767,0.12952487,0.8470385,0.00074243546,0.048434183,7,29778.0,2,7,9.0
4627,401,0.45078125,8.636154615128289,0.11095381,0.521008,0.002501011,0.045278206,12,25617.0,3,4,10.0
4628,664,0.4506625000000001,9.902573018080664,0.13172634,0.5765582,0.002667427,0.045447696,7,24741.0,0,13,5.0
4629,68,0.45054375,8.502126267582598,0.144758,0.83707654,0.0036716461,0.049321923,9,25991.0,5,5,4.0
4630,597,0.4504250000000001,8.969786535303774,0.114629626,0.6137831,0.00045633316,0.048049435,11,24877.0,0,8,24.0
4631,915,0.45030625,8.778860717813632,0.1290853,0.87139785,0.00037670135,0.049224675,13,26054.0,2,4,3.0
4632,624,0.45018749999999996,11.229391660970606,0.11145725,0.61236286,0.00039482117,0.048421998,7,32272.0,3,5,5.0
4633,871,0.45006875,7.747953764448608,0.14841813,0.7415962,0.0033745766,0.04778081,14,24161.0,2,4,34.0
4634,237,0.44995000000000007,10.29449294828744,0.11508238,0.63426197,0.0008969307,0.048445668,8,29168.0,2,7,39.0
4635,59,0.44983125,8.111666666666666,0.12881935,0.7449156,0.0028214455,0.049350265,10,23735.0,4,6,57.0
4636,8,0.44971249999999996,6.702649006622513,0.115523,0.6229256,0.0024662018,0.04612695,15,18128.0,1,8,39.0
4637,571,0.44959375,7.832635709614127,0.102024384,0.53554606,0.00013160706,0.045911383,13,24258.0,4,3,4.0
4638,956,0.44947500000000007,8.086056292461983,0.12483233,0.6301156,0.000330925,0.04548372,9,21903.0,1,11,15.0
4639,190,0.44935625,7.128293316028549,0.12671968,0.8319931,0.00081157684,0.049409524,9,19812.0,3,10,8.0
4640,105,0.44923750000000007,7.65108055009823,0.1365576,1.8186235,0.0022630692,0.04806905,11,23061.0,4,5,17.0
4641,64,0.44911875,6.203389830508474,0.13043416,0.66132146,0.0007300377,0.045206666,12,18595.0,6,5,10.0
4642,304,0.44899999999999995,7.6716314294730195,0.13070472,0.68352365,0.0010175705,0.0435328,13,22410.0,1,7,4.0
4643,66,0.44888125,8.7324816352603,0.10389584,0.5797221,0.00026607513,0.04880846,13,26089.0,1,5,27.0
4644,239,0.44876250000000006,6.564086585765825,0.11944616,0.772763,2.670288e-05,0.04734394,16,19709.0,3,4,78.0
4645,762,0.4486437500000001,8.41595914458985,0.1217623,1.903789,0.00036478043,0.04960504,11,25114.0,2,6,21.0
4646,887,0.44852499999999995,8.112158054711248,0.13031821,0.46154642,0.0015759468,0.04859026,9,23724.0,5,6,20.0
4647,13,0.44840625,7.30622929092114,0.13432793,0.85731936,0.00063991547,0.0469496,10,22352.0,6,5,50.0
