200
5057
59	80	19	82	26	48	97	73	44	7	23	23	43	37	48	93	77	89	31	93	21	2	83	100	71	82	5	38	19	87	66	21	30	50	82	58	70	86	95	10	72	38	86	26	93	12	36	11	60	59	25	83	41	64	50	44	48	37	67	32	60	10	86	53	3	16	31	69	83	30	79	2	20	7	69	36	84	79	74	1	22	82	18	54	69	31	22	85	60	73	33	23	57	83	77	76	97	28	50	73	11	86	86	58	100	13	80	55	45	42	40	13	19	36	75	59	53	89	96	62	43	78	55	30	27	11	39	51	7	19	21	30	59	1	17	21	81	57	90	21	44	99	60	12	36	60	45	14	35	36	8	63	66	45	50	25	18	58	55	81	73	21	99	49	98	10	71	45	83	35	37	88	15	87	80	5	94	52	8	78	63	69	51	34	63	40	61	10	33	77	68	37	78	69	64	43	75	87	74	14	
82	8	18	91	78	38	1	4	10	74	2	46	56	15	38	19	11	27	32	28	41	14	68	89	89	64	63	7	16	53	5	100	42	8	31	91	20	92	21	30	66	3	19	8	64	51	99	45	86	52	46	36	60	6	97	66	89	65	55	46	61	7	49	49	29	4	11	70	26	97	82	88	78	27	62	96	2	61	18	38	60	91	5	54	8	14	84	44	42	12	44	57	2	70	75	85	59	5	30	9	94	27	100	43	38	68	91	15	48	66	10	33	82	98	100	16	31	39	99	67	32	59	36	79	23	98	8	64	12	2	95	97	62	46	52	23	73	46	38	91	88	7	72	27	65	60	74	74	55	8	41	100	29	97	6	64	58	34	2	100	36	14	18	7	64	31	79	62	66	74	2	20	1	50	78	52	99	51	71	1	14	85	70	6	79	36	25	29	10	38	11	78	68	9	12	15	45	64	42	95	
8	13	28	98	8	34	65	67	11	19	80	70	41	12	52	18	26	19	57	55	100	71	25	50	66	59	46	95	53	81	10	80	87	89	27	29	12	30	94	51	51	95	7	64	70	94	82	82	55	77	69	47	96	63	59	31	26	6	92	23	5	17	37	81	54	58	43	65	89	66	80	83	68	66	39	36	72	11	88	53	83	22	66	94	15	56	30	92	54	41	68	97	71	5	93	31	17	13	44	31	3	87	70	45	28	15	40	20	93	90	62	8	17	33	28	11	22	84	26	63	34	20	11	82	5	51	65	21	35	9	25	8	83	19	74	23	81	10	20	86	77	94	55	49	89	47	81	53	45	78	76	47	97	28	22	59	20	44	88	80	70	61	35	30	14	90	96	2	37	66	75	14	80	74	89	7	7	62	38	19	45	50	63	88	7	9	7	77	73	13	91	7	12	3	40	82	90	20	39	41	
18	28	100	23	95	17	87	34	31	18	12	38	84	2	87	86	34	54	78	20	38	54	53	1	28	91	8	90	66	75	10	53	26	60	86	97	55	6	100	41	52	31	60	64	6	71	18	8	27	97	26	57	9	60	44	56	37	98	91	72	92	27	58	95	79	25	6	24	79	40	52	8	17	2	88	21	39	12	2	30	40	47	87	53	30	67	15	27	20	64	34	93	43	99	80	8	82	60	75	23	45	42	58	23	94	97	93	82	37	2	20	76	70	9	73	29	26	56	28	95	21	13	71	86	58	100	73	39	49	42	20	45	33	15	100	96	83	63	48	95	71	44	73	42	65	64	90	4	91	60	70	29	92	67	99	70	14	93	60	20	45	6	89	44	39	1	28	53	61	6	11	62	91	27	6	99	3	97	90	76	60	18	4	63	96	45	28	92	59	21	48	67	19	73	19	70	9	4	6	24	
91	98	23	39	33	55	20	29	65	33	37	25	84	9	29	92	7	63	81	59	80	89	41	94	12	91	20	76	90	65	95	21	59	87	35	75	90	94	98	45	62	70	68	29	26	22	77	28	21	90	69	98	87	22	64	62	87	84	92	73	84	84	80	21	91	64	6	23	2	92	81	51	43	3	79	51	79	84	16	68	74	47	25	53	80	97	59	13	72	9	59	4	33	13	64	87	24	14	22	19	54	19	53	70	57	11	15	74	53	22	40	75	86	62	65	40	29	16	44	71	13	24	46	49	38	65	71	33	53	79	95	64	9	86	26	58	97	51	14	43	55	61	82	29	80	29	9	91	16	42	9	7	6	77	87	99	18	49	5	20	30	8	18	63	84	27	26	33	9	6	15	36	90	25	41	70	36	66	41	73	44	40	89	52	37	64	99	38	77	100	7	91	49	85	24	93	55	41	5	18	
78	8	95	33	36	24	72	36	67	71	95	56	68	55	89	17	67	77	56	4	94	61	41	47	83	18	48	32	11	23	44	95	15	4	40	94	59	17	83	66	100	48	23	26	87	88	71	70	89	79	79	91	21	78	70	82	71	10	34	60	16	53	29	59	92	46	1	6	70	23	61	75	62	53	14	50	21	43	41	26	67	78	87	96	51	90	2	61	29	10	7	63	59	22	92	46	58	89	35	55	69	17	86	74	45	48	31	77	44	33	73	21	47	94	86	36	56	72	94	33	90	97	83	28	40	50	79	14	22	16	46	83	49	56	50	6	79	75	70	61	43	52	74	50	17	36	82	1	62	2	22	18	42	35	64	26	27	10	14	54	26	1	7	27	83	10	67	10	1	44	57	15	42	59	87	95	62	94	88	89	77	89	56	69	64	72	27	71	100	12	24	89	42	47	43	25	20	20	79	11	
38	34	17	55	24	57	25	87	19	56	14	37	38	37	59	46	65	83	34	82	6	47	91	69	82	68	78	39	65	20	87	51	67	89	42	58	99	73	68	17	35	89	80	48	10	59	32	54	2	18	27	43	46	78	76	11	60	60	61	80	84	57	95	58	92	62	6	97	95	3	83	99	90	56	5	28	15	63	54	8	84	89	23	92	46	23	16	36	70	39	31	86	32	38	84	41	19	70	29	21	92	30	37	3	36	92	40	81	23	64	74	50	49	88	90	32	62	35	61	31	77	65	39	24	42	21	42	10	22	99	71	7	53	37	94	37	52	95	32	81	21	19	83	64	62	78	49	30	13	37	47	8	78	3	91	56	85	86	74	91	73	47	45	33	73	99	42	22	97	53	69	6	32	43	34	25	15	29	62	5	49	38	31	17	98	34	93	70	88	93	24	36	20	89	66	10	94	69	50	31	
1	65	87	20	72	25	6	67	18	62	40	87	22	71	89	21	48	68	45	92	79	23	61	67	12	73	19	42	62	21	92	8	100	86	71	4	6	61	45	28	66	43	48	41	19	50	41	32	70	44	93	71	30	22	79	41	56	3	28	64	32	70	52	96	11	35	98	66	26	94	33	54	25	6	81	57	86	89	41	11	24	14	69	1	86	8	26	66	82	74	11	95	38	85	32	70	95	20	56	61	83	87	18	93	18	27	86	48	34	69	87	25	57	44	24	52	18	77	1	88	38	96	89	49	92	42	1	20	11	73	59	100	94	44	22	2	99	30	38	88	60	13	47	39	22	60	60	16	93	4	94	76	24	72	24	40	62	50	64	56	61	51	4	34	51	24	84	95	61	17	73	85	30	18	55	35	88	47	79	58	16	90	10	52	67	89	66	49	88	27	80	26	11	96	76	3	66	7	97	4	
4	67	34	29	36	87	67	6	92	39	39	95	96	51	71	19	74	70	11	57	70	10	80	69	44	44	28	42	79	51	51	50	49	20	1	6	87	92	45	63	23	18	86	19	63	84	68	7	48	8	100	4	59	93	94	39	53	40	70	53	60	88	86	8	97	9	59	33	100	28	93	71	61	37	78	96	6	11	14	9	24	31	89	97	37	54	34	38	3	45	83	60	28	77	3	16	31	59	35	43	41	18	91	53	2	51	41	74	14	2	25	38	75	90	47	1	99	98	44	13	39	38	44	63	99	66	95	97	77	10	5	6	76	21	60	4	77	68	19	67	37	32	95	59	44	84	91	83	96	92	83	98	1	78	34	38	59	69	71	30	37	9	11	99	1	6	8	98	50	3	15	60	94	96	46	44	77	82	50	34	100	1	81	46	61	39	82	91	68	56	57	82	11	57	41	64	39	66	80	55	
10	11	31	65	67	19	18	92	64	29	24	65	4	67	73	38	1	52	13	1	43	80	8	39	25	13	40	51	5	98	86	86	72	66	83	68	97	31	68	69	58	44	64	16	77	92	13	84	88	62	82	35	49	80	57	22	62	19	13	94	97	65	89	21	8	9	52	82	45	57	81	56	92	81	17	92	27	18	67	70	100	37	90	20	25	42	53	50	19	43	99	12	46	9	83	31	15	88	20	61	16	13	41	22	57	17	87	45	59	93	69	98	65	17	66	6	80	96	95	100	70	66	71	98	62	44	53	87	22	71	28	60	11	91	51	70	23	7	92	17	17	54	100	58	25	12	98	2	10	31	5	89	4	50	5	38	12	7	47	10	63	5	87	60	75	90	96	60	15	16	99	44	96	46	28	9	31	5	96	30	21	31	89	34	18	93	57	84	78	82	36	51	97	85	61	7	91	70	93	6	
74	19	18	33	71	56	62	39	29	40	84	72	24	68	94	45	40	71	44	30	38	48	75	30	16	43	18	95	82	20	14	44	8	8	6	72	71	78	52	11	76	83	47	26	60	76	71	95	21	7	24	75	73	50	40	80	46	83	29	82	49	70	46	79	59	33	72	59	10	56	8	49	41	67	16	74	28	62	66	83	59	22	90	80	63	27	39	17	49	65	21	43	49	46	41	8	76	29	97	89	72	14	94	36	17	7	85	42	45	41	98	78	83	60	65	67	11	11	7	29	73	1	43	5	32	15	96	53	29	82	93	12	96	47	95	69	20	20	8	10	60	19	55	6	51	75	4	88	7	35	90	44	58	75	84	21	23	76	94	27	47	6	16	29	26	74	83	67	81	13	70	75	64	35	83	34	29	65	86	8	80	72	96	26	78	29	87	2	93	69	56	8	8	80	9	1	64	6	20	84	
2	80	12	37	95	14	40	39	24	84	43	84	90	50	35	24	99	49	26	27	20	9	34	15	17	34	13	6	74	15	93	47	56	22	95	18	89	27	6	54	73	39	83	69	82	58	54	1	47	63	15	82	73	62	3	72	100	96	8	43	6	27	20	79	89	7	10	92	90	17	78	36	14	32	97	22	100	72	78	19	72	21	8	49	16	63	50	4	59	39	36	18	68	56	22	84	27	12	27	37	87	71	21	26	61	9	6	41	6	35	79	25	69	66	26	94	94	37	49	46	53	98	65	18	60	72	94	40	78	55	88	91	82	52	28	84	51	71	20	77	17	83	5	35	31	77	67	23	3	48	20	80	68	94	65	65	14	36	51	93	73	48	55	77	58	85	22	91	10	36	37	54	1	12	72	23	59	100	83	53	85	53	24	66	12	77	45	69	40	71	65	61	5	24	25	53	77	18	98	52	
46	70	38	25	56	37	87	95	65	72	84	94	31	19	53	50	52	2	17	79	30	61	65	32	51	93	52	60	16	24	65	40	97	86	40	19	96	23	30	48	15	23	17	80	87	36	61	81	79	23	57	89	6	68	91	59	56	33	95	18	96	62	95	50	96	29	7	9	21	90	30	89	25	1	36	42	64	39	75	38	43	28	24	6	8	23	43	40	16	20	97	82	50	99	16	68	89	18	8	49	76	38	66	4	37	48	35	80	44	82	51	61	81	64	63	60	83	52	48	41	46	31	90	83	20	50	35	92	20	44	26	53	93	72	79	9	27	97	40	73	99	8	45	15	13	60	62	64	92	8	22	36	43	33	92	73	82	84	32	49	45	66	87	35	66	77	60	13	45	92	63	17	39	85	72	61	62	51	54	43	18	20	99	30	32	54	58	19	51	5	27	60	64	80	64	67	10	45	58	89	
56	41	84	84	68	38	22	96	4	24	90	31	27	56	80	51	86	41	1	95	99	48	47	89	38	45	23	68	26	15	20	93	82	40	42	85	26	79	100	54	88	35	23	48	80	89	59	11	9	19	74	22	27	48	52	16	5	81	96	8	2	58	69	62	2	60	37	55	80	39	46	35	14	6	90	56	50	84	38	93	98	66	35	44	10	57	72	80	41	55	10	12	52	40	44	28	12	44	27	17	17	50	67	33	10	77	50	2	38	22	39	93	2	11	15	55	39	16	1	52	42	74	53	94	24	85	10	49	85	24	82	26	12	15	64	23	91	38	65	90	46	11	49	10	13	12	34	57	25	60	48	19	25	33	7	22	58	22	2	59	80	83	12	1	81	78	96	1	28	31	13	19	47	76	94	66	58	22	44	21	98	27	3	4	96	80	83	77	13	70	64	60	39	27	29	8	61	16	22	96	
15	12	2	9	55	37	71	51	67	68	50	19	56	12	79	2	70	52	73	59	33	55	55	64	61	16	32	11	40	70	92	8	69	1	80	96	97	8	95	30	66	27	46	46	43	68	51	76	89	95	73	51	96	78	48	67	37	57	57	10	34	36	72	9	30	25	32	25	62	55	80	44	5	14	51	6	63	83	94	89	68	45	19	40	93	32	2	45	82	55	51	88	62	7	77	19	6	50	50	38	3	91	65	19	100	72	35	94	95	34	52	36	33	50	28	48	15	51	1	56	24	49	86	60	83	47	74	100	6	90	27	6	27	29	25	26	32	63	10	40	80	9	37	54	2	91	39	84	93	58	62	9	81	58	31	68	29	78	59	25	31	22	31	74	43	13	46	86	96	23	77	18	9	35	72	69	57	25	86	92	69	14	43	67	48	21	65	63	93	35	26	1	63	41	65	84	2	33	86	14	
38	52	87	29	89	59	89	71	73	94	35	53	80	79	59	67	81	58	30	23	30	21	69	55	46	98	28	70	56	94	43	18	56	13	56	65	5	39	54	2	53	97	33	47	74	6	85	56	94	74	60	6	9	17	20	42	64	53	75	19	38	89	82	84	12	40	40	48	1	1	31	84	51	1	99	27	46	5	27	63	100	12	70	11	48	59	70	41	87	40	65	97	54	45	52	22	28	63	12	16	7	37	71	69	72	28	41	46	14	54	44	31	15	19	30	71	88	86	97	25	25	89	78	29	22	63	98	95	91	8	55	83	92	30	46	91	48	58	71	27	88	14	92	95	30	100	92	94	20	31	44	37	48	19	94	92	60	95	71	32	87	12	89	43	4	72	88	33	36	86	8	50	95	11	38	67	40	58	88	25	61	14	65	15	76	19	1	54	46	24	79	62	46	47	33	72	73	13	72	88	
19	18	86	92	17	46	21	19	38	45	24	50	51	2	67	14	33	5	41	36	74	53	43	12	60	98	9	20	52	54	11	2	9	89	80	14	61	51	55	94	36	5	31	4	90	77	67	53	30	92	9	64	4	25	51	42	89	71	46	89	35	6	99	88	73	10	42	35	88	91	7	7	16	59	67	49	74	47	17	57	80	65	21	28	51	96	81	8	95	71	2	67	28	11	94	89	73	36	49	80	56	12	98	90	65	47	7	86	69	16	32	68	72	14	23	64	74	70	93	38	73	99	70	86	46	97	63	26	61	13	28	58	40	70	67	69	34	6	73	63	82	13	14	38	18	77	62	30	95	31	67	56	4	22	79	35	30	86	76	34	11	63	82	38	38	93	64	17	38	22	15	1	67	68	7	77	14	33	54	98	52	25	50	95	24	7	69	36	100	16	90	32	90	34	27	49	82	50	28	6	
11	26	34	7	67	65	48	74	1	40	99	52	86	70	81	33	19	100	76	33	22	36	9	100	42	79	59	71	47	30	80	38	78	54	43	67	23	62	17	65	17	46	100	4	25	86	27	25	20	87	18	75	23	89	62	74	74	47	47	15	78	60	44	60	6	60	81	28	10	90	69	70	20	86	39	96	89	28	93	6	18	72	6	31	64	5	58	60	52	87	51	36	13	1	72	69	46	13	43	26	9	82	16	64	2	65	45	56	39	99	82	75	12	31	78	10	95	77	1	31	45	84	44	11	87	64	4	59	19	38	74	57	31	5	94	76	99	62	65	33	18	54	26	25	98	28	50	83	64	73	8	63	60	14	32	31	89	59	57	91	31	2	44	97	90	59	55	10	40	44	5	44	45	83	50	38	74	91	66	59	86	70	32	53	32	19	37	81	12	98	82	38	43	48	88	11	6	33	22	33	
27	19	54	63	77	83	68	70	52	71	49	2	41	52	58	5	100	35	65	12	55	60	51	64	63	37	30	10	99	39	55	37	31	51	37	12	70	16	92	47	98	72	15	10	39	48	91	16	22	10	6	5	38	84	53	75	28	23	4	2	5	1	71	75	59	89	50	23	61	1	48	75	40	93	98	73	50	74	9	77	57	99	3	35	51	84	48	2	52	41	61	24	80	12	16	29	11	4	22	85	100	74	47	96	17	100	24	27	70	53	33	6	9	43	83	37	53	22	16	37	23	30	35	11	86	82	100	27	25	35	72	69	68	19	65	4	1	74	67	49	80	22	18	5	16	18	74	26	15	71	7	3	19	29	74	62	59	17	33	97	59	12	93	21	53	35	13	63	100	86	99	2	42	9	28	1	74	28	88	89	80	5	58	11	27	25	83	34	22	9	54	43	60	90	68	65	59	86	23	17	
32	57	78	81	56	34	45	11	13	44	26	17	1	73	30	41	76	65	16	96	89	34	67	16	48	18	33	9	3	8	23	56	72	73	27	63	20	52	70	79	14	8	10	28	66	25	82	67	99	5	47	87	82	2	69	50	4	5	59	80	55	24	36	60	11	58	53	87	14	27	82	46	78	2	89	71	76	62	71	88	87	5	8	46	94	12	67	98	89	98	19	49	65	6	11	5	58	83	49	56	13	97	34	75	57	99	68	34	50	4	61	48	24	16	18	65	45	47	77	92	20	9	84	94	17	99	62	77	63	64	78	9	39	63	18	3	59	75	27	28	74	21	17	19	67	9	85	85	49	89	56	93	9	62	9	37	83	63	48	39	90	72	32	44	46	54	44	14	6	18	48	94	92	56	78	36	35	56	54	86	37	62	6	57	38	73	55	73	59	51	53	2	20	71	70	65	4	12	95	66	
28	55	20	59	4	82	92	57	1	30	27	79	95	59	23	36	33	12	96	21	49	44	40	42	77	2	80	85	97	67	69	5	95	50	16	74	7	88	35	59	55	88	11	40	23	41	27	83	82	53	15	6	31	41	46	73	100	58	54	24	16	84	82	26	28	63	67	41	36	27	39	58	85	43	92	22	71	33	87	97	43	14	5	96	42	91	8	21	45	30	13	100	81	30	94	23	63	50	84	88	36	68	90	27	4	16	32	66	31	89	70	35	43	96	70	92	77	22	44	99	8	46	81	12	40	51	97	70	37	14	92	88	86	69	43	95	63	53	42	83	48	95	8	72	79	8	62	50	28	41	23	66	55	53	49	23	78	17	22	86	40	60	94	25	19	52	44	85	60	68	80	73	100	76	59	35	73	72	82	99	9	62	46	76	89	22	22	67	80	8	81	46	66	13	95	76	2	41	48	75	
41	100	38	80	94	6	79	70	43	38	20	30	99	33	30	74	22	55	89	49	32	77	45	43	34	82	24	34	68	91	82	33	1	20	2	7	70	37	1	79	71	88	60	28	71	10	67	37	87	46	23	44	2	21	69	44	98	73	35	7	2	4	1	89	26	45	71	77	75	19	22	24	9	11	72	44	94	2	12	46	3	61	95	4	65	82	72	37	49	10	86	34	16	37	13	73	8	27	43	9	41	20	62	71	67	11	11	4	8	83	20	62	100	66	88	98	35	4	41	25	71	1	26	86	89	49	28	52	4	17	23	9	83	74	15	77	32	83	40	69	77	46	34	74	16	40	31	43	37	51	3	26	78	9	55	83	13	53	24	4	31	56	3	77	60	23	95	36	83	69	23	32	93	30	19	31	48	15	57	23	64	78	98	79	65	71	91	64	56	60	31	23	58	89	76	61	93	10	53	7	
14	71	54	89	61	47	23	10	80	48	9	61	48	55	21	53	36	60	34	44	77	76	97	20	100	98	3	61	77	44	46	21	67	60	24	64	65	92	73	86	35	90	30	72	60	39	81	52	26	2	85	51	5	36	79	25	36	76	67	34	34	48	93	46	20	52	96	29	77	94	37	44	42	78	67	93	63	7	54	6	5	64	53	32	20	51	60	84	46	38	6	80	86	70	57	37	10	24	33	44	73	78	54	42	28	4	36	58	100	58	51	73	1	6	89	82	53	45	44	37	100	82	88	28	13	51	27	40	94	88	36	36	60	10	33	1	36	57	1	95	100	35	53	85	64	24	48	36	74	33	4	29	87	43	56	45	96	71	76	70	91	43	54	10	54	28	12	80	43	8	5	45	53	32	89	83	91	88	41	63	95	75	46	49	40	5	97	7	73	71	39	38	91	67	7	59	19	22	57	25	
68	25	53	41	41	91	61	80	8	75	34	65	47	55	69	43	9	51	67	40	45	97	39	56	85	65	76	42	55	52	33	69	80	62	38	24	87	68	23	94	49	69	55	98	62	78	38	74	13	50	33	70	8	67	97	68	38	40	15	6	92	29	75	98	67	37	43	39	100	61	94	37	96	54	80	70	42	48	94	71	59	32	91	18	36	3	39	95	10	66	83	94	16	22	63	74	36	38	28	79	55	19	23	66	24	100	58	33	68	99	96	35	33	23	88	9	33	36	52	17	15	84	97	27	54	97	91	53	32	11	19	96	25	71	78	49	45	8	64	26	74	25	1	6	9	59	79	47	79	65	41	100	1	46	28	11	34	72	76	17	70	14	71	53	83	62	45	91	62	62	44	1	18	93	43	84	69	31	65	77	66	94	19	24	35	90	99	84	1	2	64	61	57	60	1	11	33	21	34	56	
89	50	1	94	47	69	67	69	39	30	15	32	89	64	55	12	100	64	16	42	43	20	56	18	27	35	53	4	26	80	16	62	53	18	66	7	50	54	99	98	30	6	98	33	5	1	58	15	45	12	32	53	10	62	12	87	30	47	38	74	18	54	81	13	41	61	61	91	40	79	1	43	97	53	46	90	34	70	92	3	70	37	64	13	36	36	75	91	49	22	45	23	29	86	86	34	47	10	29	18	53	12	31	75	9	24	4	50	33	85	19	71	85	62	99	19	88	48	1	65	42	4	38	47	72	70	42	89	21	93	78	83	96	58	19	35	45	72	3	91	58	14	81	94	70	77	75	66	87	28	25	99	19	45	86	31	47	41	48	51	67	89	81	4	78	18	80	97	24	71	67	62	61	75	61	20	16	1	71	30	42	81	32	68	80	64	97	65	71	22	69	13	12	90	1	32	11	43	92	78	
89	66	28	12	83	82	12	44	25	16	17	51	38	61	46	60	42	63	48	77	34	100	85	27	55	74	37	76	76	95	62	9	25	68	65	72	5	9	74	60	84	59	15	95	86	48	21	83	58	51	23	37	7	98	39	89	81	79	92	16	11	10	24	60	66	85	9	61	87	2	30	87	95	27	95	62	72	10	74	43	40	79	30	18	11	5	17	16	9	94	1	56	7	69	97	46	81	48	48	31	54	21	36	26	67	59	79	35	39	100	73	8	47	40	74	71	65	33	91	90	2	74	38	94	81	83	21	34	61	19	64	55	40	49	18	83	58	72	82	37	90	4	2	12	77	85	40	3	90	40	25	80	94	64	48	11	77	74	29	36	22	93	99	78	77	23	52	94	9	44	61	35	42	6	17	73	3	32	43	44	14	59	57	56	3	66	79	35	8	28	8	86	58	17	7	1	12	34	70	32	
64	59	91	91	18	68	73	44	13	43	34	93	45	16	98	98	79	37	18	2	82	98	65	35	74	57	36	69	37	24	67	56	77	10	40	70	84	9	69	95	65	87	51	83	27	15	41	19	18	69	51	45	24	36	27	98	23	1	4	32	76	89	33	71	35	99	45	3	52	60	36	94	11	31	42	100	63	63	55	8	51	53	9	46	61	21	60	18	11	9	43	5	3	30	94	40	55	82	44	11	28	83	76	72	100	49	68	60	100	81	15	42	77	60	23	96	44	1	67	12	3	10	73	77	94	68	75	1	78	88	96	72	2	93	1	37	25	9	64	100	84	92	19	76	33	45	49	70	21	11	11	41	13	80	44	54	40	21	8	76	94	94	93	87	47	86	90	30	84	94	50	99	7	59	20	8	71	53	45	87	58	38	75	20	57	18	20	65	24	99	75	15	83	77	84	43	45	17	81	95	
63	46	8	20	48	78	19	28	40	18	13	52	23	32	28	9	59	30	33	80	24	3	76	53	37	36	52	28	16	8	43	19	95	8	64	16	100	93	40	88	8	99	49	86	87	84	39	31	8	60	23	28	77	48	60	25	18	99	1	41	69	29	76	38	10	61	77	69	87	65	34	79	17	42	34	51	11	39	48	89	22	69	91	72	91	76	99	1	80	81	91	24	11	72	20	18	71	38	56	49	73	91	99	24	8	23	99	64	76	96	74	87	44	71	46	76	8	90	11	57	74	14	65	88	33	16	37	7	88	54	98	63	84	64	5	35	23	54	83	21	100	76	7	16	43	94	8	58	37	17	55	86	39	32	95	76	48	68	34	20	24	10	26	16	60	36	27	47	92	9	67	75	82	73	46	87	62	37	87	39	89	51	15	47	53	39	18	81	62	86	20	82	93	66	51	33	97	67	89	20	
7	95	90	76	32	39	42	42	51	95	6	60	68	11	70	20	71	10	9	85	34	61	42	4	76	69	28	94	41	36	47	62	4	21	69	20	14	59	80	98	6	96	61	8	64	44	88	35	96	72	24	100	37	42	53	69	8	14	76	64	46	63	86	75	82	79	55	43	79	29	13	37	34	89	59	96	87	14	2	66	24	2	36	21	7	5	13	29	46	24	4	21	62	66	88	6	26	83	48	56	23	3	82	73	2	6	90	87	39	91	77	60	19	90	13	73	16	81	80	62	16	6	85	29	22	31	62	16	69	32	1	34	79	66	69	83	67	17	95	51	57	26	63	17	74	35	15	77	82	49	30	84	22	51	40	84	21	33	6	31	53	65	57	78	35	26	55	4	75	63	73	63	59	98	51	50	60	96	55	18	92	20	35	26	53	17	50	3	35	52	38	22	13	56	23	66	35	62	69	20	
16	53	66	90	11	65	62	79	5	82	74	16	26	40	56	52	47	99	3	97	68	77	55	26	76	37	16	41	41	34	71	3	51	58	22	97	94	41	95	28	26	100	42	84	12	26	61	36	40	76	76	76	11	59	73	96	33	91	18	76	95	57	39	11	12	81	43	59	29	64	15	97	7	8	55	9	14	33	91	54	95	74	83	19	78	5	92	23	25	61	57	36	74	97	78	27	100	51	30	60	81	39	89	38	18	77	62	15	41	82	64	18	4	50	54	25	65	56	13	54	42	49	8	14	43	57	40	17	63	2	10	64	18	28	34	63	73	21	49	2	48	13	83	44	46	9	8	41	28	87	64	65	11	95	66	22	52	91	24	6	91	40	15	17	80	1	41	66	37	8	63	15	49	41	79	65	33	87	47	29	42	85	54	92	98	86	80	70	71	14	96	1	5	7	5	53	75	23	66	65	
53	81	75	65	23	20	21	51	98	20	15	24	15	70	94	54	30	39	8	67	91	44	52	80	95	24	8	36	34	41	96	66	74	48	57	22	27	53	29	12	27	84	61	70	46	21	76	92	74	99	38	61	14	20	31	10	45	27	93	74	85	62	40	35	74	10	96	27	92	94	96	54	61	32	48	18	54	94	97	9	70	54	62	5	39	78	100	64	37	59	93	10	12	9	9	35	38	1	36	39	97	100	90	90	15	91	15	44	20	76	73	84	96	30	18	18	95	80	93	21	23	86	6	64	55	49	25	65	2	73	6	71	59	75	53	74	55	86	53	87	15	49	96	38	43	37	58	83	11	49	97	23	6	28	99	64	66	72	65	77	1	91	54	37	50	73	32	93	41	70	51	93	24	91	10	47	91	94	6	47	62	88	27	79	5	75	28	64	91	59	83	96	71	69	45	69	97	36	8	89	
5	10	10	95	44	87	92	51	86	14	93	65	20	92	43	11	80	55	23	69	82	46	33	16	62	67	43	47	71	96	72	67	83	90	3	19	77	58	85	24	93	33	99	18	15	46	11	34	84	82	95	37	86	9	87	99	89	18	56	6	85	69	27	81	83	97	1	23	81	29	62	64	4	24	40	57	59	86	64	60	20	68	20	22	59	9	6	100	79	66	15	13	29	36	70	1	51	29	22	11	22	27	20	28	92	74	40	29	96	47	100	15	58	78	47	40	38	17	99	70	92	12	56	38	16	7	10	2	75	97	67	9	33	49	36	42	39	50	3	24	42	100	13	95	81	14	36	27	87	7	8	46	30	29	9	4	13	51	65	5	97	2	89	87	19	18	21	81	85	100	32	31	86	24	99	72	27	3	17	64	36	93	9	7	85	45	83	52	3	41	30	58	36	42	35	72	90	7	82	85	
100	80	53	21	95	51	8	50	86	44	47	40	93	8	18	2	38	37	56	5	33	21	69	62	9	56	19	62	3	66	67	23	55	90	12	76	57	73	86	68	82	31	74	97	14	49	11	7	53	12	83	86	94	50	54	92	46	30	22	96	69	8	90	32	47	47	12	76	99	25	24	88	16	88	57	13	29	9	44	14	40	84	64	65	66	70	15	50	6	95	69	43	11	14	5	66	37	42	49	27	17	54	85	100	87	48	97	87	3	3	62	67	12	90	42	80	73	36	77	95	91	61	10	18	55	11	17	48	94	85	73	59	65	22	27	74	17	80	61	58	63	6	19	60	47	63	50	18	10	82	33	86	91	59	18	95	25	48	76	11	77	7	95	80	47	99	11	1	74	42	94	1	64	19	90	71	15	11	37	24	9	78	52	71	55	24	58	49	4	30	60	17	97	97	76	69	82	11	87	24	
42	87	26	59	15	67	100	49	72	8	56	97	82	69	56	9	78	31	72	95	1	67	80	53	25	77	95	4	51	74	83	55	46	84	94	2	89	51	48	87	49	62	6	21	95	52	1	22	22	9	40	74	17	91	64	20	32	31	13	44	50	22	30	12	50	64	99	15	24	58	45	17	7	14	95	73	53	48	69	10	27	7	95	52	90	56	20	85	2	97	59	99	72	49	77	45	22	4	10	14	19	36	34	72	85	7	22	41	4	80	67	74	13	9	61	89	60	70	35	80	87	78	95	9	96	41	9	70	72	32	13	66	8	94	50	27	28	50	16	79	45	13	22	100	57	14	59	80	92	2	30	100	98	71	93	20	9	65	35	91	86	19	50	82	78	69	82	85	31	79	94	14	13	9	39	38	68	36	8	88	72	100	45	32	64	19	41	33	22	31	23	60	57	66	97	35	100	98	90	54	
8	89	60	87	4	89	86	20	66	8	22	86	40	1	13	89	54	51	73	50	20	60	62	18	68	10	8	21	58	48	90	90	84	46	68	91	83	81	51	35	94	79	51	96	14	58	92	62	76	35	23	84	35	79	20	67	70	85	87	64	72	72	87	43	44	28	68	83	38	57	36	98	28	90	62	89	49	67	32	24	85	24	20	28	51	83	9	21	85	70	19	17	67	70	48	15	58	11	46	72	16	66	66	39	91	40	43	47	73	50	37	42	47	23	70	95	58	64	40	13	29	28	26	77	100	34	63	54	7	64	7	94	27	33	78	10	38	52	99	84	56	80	51	65	100	41	89	62	53	74	41	10	87	43	4	25	43	53	58	21	85	19	14	70	48	45	65	47	74	52	84	81	90	24	1	73	29	83	65	99	90	1	12	66	6	12	79	24	74	50	56	18	63	43	26	65	53	23	64	97	
31	27	86	35	40	42	71	1	83	6	95	40	42	80	56	80	43	37	27	16	2	24	38	66	65	40	64	69	22	57	3	12	94	68	94	40	83	20	4	91	41	13	18	12	88	99	26	48	95	67	50	47	60	45	2	39	83	66	48	85	3	73	19	30	18	67	64	62	87	31	64	63	20	77	7	15	80	89	81	88	61	52	68	83	31	70	20	78	75	30	92	68	76	26	91	72	74	77	7	47	27	80	53	37	27	95	34	6	33	21	21	49	22	41	22	50	44	92	58	63	81	94	86	79	95	36	13	47	40	26	44	48	8	9	35	61	53	93	22	83	99	50	39	43	61	41	26	96	47	5	100	16	54	22	40	39	65	13	55	62	10	81	99	91	2	90	12	84	42	73	52	92	50	68	86	42	36	23	28	19	69	1	48	70	49	13	46	96	11	68	35	27	97	3	66	60	90	64	58	12	
91	29	97	75	94	58	4	6	68	72	18	19	85	96	65	14	67	12	63	74	7	64	24	7	72	70	16	20	97	22	19	76	2	91	40	49	70	38	11	73	95	37	69	85	50	89	16	10	67	24	42	87	13	30	21	8	45	54	92	40	2	77	100	37	76	30	44	92	63	50	73	1	26	79	6	70	50	96	4	50	38	34	99	45	89	82	95	11	46	60	69	7	33	9	41	43	1	46	37	21	77	71	24	18	11	27	56	53	95	74	11	89	18	33	100	39	16	95	2	1	88	16	85	66	92	29	32	31	76	15	54	68	81	4	62	1	11	55	15	33	6	15	25	53	66	78	21	97	61	90	77	61	31	61	71	43	10	67	48	93	17	78	58	88	42	41	82	19	99	72	53	34	13	61	4	47	6	93	74	95	14	100	57	55	47	36	29	52	84	93	61	9	30	99	57	30	75	100	70	30	
20	12	55	90	59	99	6	87	97	71	89	96	26	97	5	61	23	70	20	7	70	65	87	50	5	84	100	14	94	27	77	57	89	83	83	70	38	68	43	1	12	15	96	30	83	55	43	56	6	15	9	63	19	55	93	66	57	27	8	66	44	21	33	58	58	19	91	34	86	59	12	92	64	54	90	75	95	41	73	78	25	96	64	19	21	40	7	58	71	74	85	90	16	90	59	25	74	53	99	82	39	53	82	47	60	31	62	100	12	93	55	37	40	92	74	67	53	89	48	67	30	57	26	53	99	34	22	12	40	54	65	88	20	9	10	42	14	59	70	86	25	92	95	31	68	85	88	81	76	71	77	48	96	24	65	3	17	2	28	6	49	75	64	28	41	33	8	25	97	16	58	78	71	15	2	78	86	55	98	29	65	62	57	40	10	25	49	22	5	50	46	2	59	42	89	26	28	100	65	14	
92	30	6	94	17	73	61	92	31	78	27	23	79	8	39	51	62	16	52	88	37	92	68	54	9	9	93	59	41	53	58	73	51	81	20	38	68	64	15	9	71	35	1	25	100	89	16	54	59	79	80	31	5	34	63	8	96	30	86	31	94	62	10	90	51	94	68	58	37	20	88	88	76	71	64	62	57	79	17	53	19	4	69	25	3	44	27	89	96	23	98	44	21	84	100	90	88	70	92	19	58	55	48	91	46	46	11	33	85	14	43	22	52	19	38	46	92	22	20	33	42	63	41	69	50	46	39	56	41	99	85	77	6	81	60	71	79	100	91	22	83	29	17	48	85	12	97	62	12	50	69	18	1	29	39	7	36	70	18	45	22	96	63	22	20	72	31	72	61	40	50	100	48	34	3	96	64	26	96	67	76	7	16	4	24	30	37	48	85	22	49	59	8	67	73	1	57	32	25	32	
21	94	100	98	83	68	45	45	68	52	6	30	100	95	54	55	17	92	70	35	1	73	23	99	74	69	40	80	95	29	85	86	48	51	4	11	43	15	8	1	29	62	39	74	51	24	53	1	87	39	87	77	20	22	87	10	22	98	54	21	15	1	58	84	39	23	19	76	86	89	15	24	95	10	70	13	33	19	18	37	87	74	18	42	71	39	65	9	11	11	88	5	11	22	39	6	2	22	63	16	74	52	74	15	48	64	15	22	39	50	89	80	78	10	25	74	30	51	69	89	99	93	56	72	88	83	95	79	1	39	5	67	8	77	24	69	75	27	82	7	17	35	78	84	83	95	10	99	21	74	87	87	64	85	89	12	51	28	55	79	31	56	74	39	25	53	42	71	84	95	80	87	62	46	95	22	10	33	29	87	9	74	94	28	25	47	10	94	24	69	34	58	50	66	15	32	99	88	19	90	
30	51	41	45	66	17	28	63	69	11	54	48	54	30	2	94	65	47	79	59	79	86	94	98	60	95	88	98	28	12	24	68	87	35	91	73	1	9	1	56	90	16	13	14	76	1	86	22	46	5	78	59	30	95	47	90	8	38	31	9	86	65	64	78	18	92	53	72	79	42	35	15	79	46	98	36	73	17	74	45	22	56	15	70	62	68	28	17	37	49	37	98	67	38	2	42	18	87	49	33	29	41	37	58	1	51	94	97	79	25	69	23	75	32	72	38	96	67	7	80	97	49	31	66	25	28	73	94	91	73	73	40	69	53	41	39	41	90	86	24	24	11	66	61	95	53	92	29	15	11	67	43	93	68	41	8	99	55	34	100	3	52	29	27	96	54	36	13	27	72	62	16	77	71	60	20	31	7	73	73	96	92	88	96	35	8	92	59	64	7	71	69	52	86	73	73	84	73	14	77	
66	51	52	62	100	35	66	23	58	76	73	15	88	66	53	36	17	98	14	55	71	35	49	30	84	65	8	6	26	27	93	82	49	94	41	95	12	71	29	90	81	90	83	86	87	5	70	54	35	25	89	71	29	89	68	90	48	59	85	14	22	43	7	66	25	15	77	92	62	20	31	83	94	39	40	2	40	20	5	29	35	53	24	56	43	64	11	19	78	1	86	1	19	25	41	60	16	24	28	66	94	31	74	61	30	45	55	2	31	75	79	73	62	92	35	62	47	13	82	96	16	31	73	2	34	52	34	48	89	98	15	79	13	45	64	79	95	55	67	37	10	97	45	61	66	57	63	98	44	96	94	49	38	63	87	53	7	11	43	34	44	6	73	20	75	81	98	9	3	19	61	56	82	56	92	59	90	40	54	54	16	51	17	58	17	38	19	29	7	98	87	81	2	44	77	58	40	13	41	14	
3	95	31	70	48	89	43	18	44	83	39	23	35	27	97	5	46	72	8	88	88	90	69	6	59	87	99	96	100	84	33	31	62	79	13	37	15	35	62	16	90	23	14	77	14	69	67	93	47	41	3	84	3	53	17	70	10	35	66	59	10	67	95	17	81	51	34	84	30	37	86	5	94	76	26	81	100	95	17	89	13	46	20	70	65	28	64	43	74	75	75	69	32	15	49	50	40	48	52	7	59	25	53	43	94	89	80	69	87	68	85	31	99	35	51	11	36	15	85	92	28	96	82	82	32	54	1	52	51	30	4	33	73	71	56	97	2	60	34	40	61	37	17	57	54	46	97	10	97	36	39	80	40	80	95	65	69	67	53	47	79	14	69	40	24	33	89	81	52	68	46	11	69	83	92	35	63	13	48	13	51	33	74	48	61	3	82	47	39	38	29	35	13	39	96	99	62	47	43	42	
19	7	60	68	23	80	48	86	64	47	83	17	23	46	33	31	100	15	10	11	60	30	55	98	15	51	49	61	42	61	99	74	6	51	18	69	96	1	39	13	83	14	33	85	94	77	24	71	54	12	53	33	73	85	82	94	9	14	9	45	73	68	44	29	26	37	47	68	84	65	45	12	90	35	54	78	5	20	6	16	74	3	98	24	33	80	6	82	70	68	17	62	92	80	48	39	24	39	33	58	59	38	46	98	93	40	60	15	18	44	76	48	87	66	97	68	25	99	100	6	45	6	73	59	85	28	76	58	93	96	21	6	56	56	19	19	97	35	65	60	61	58	80	44	18	8	54	3	13	85	16	36	13	100	47	86	37	54	88	90	56	21	11	45	56	53	11	17	30	2	6	62	74	20	35	21	2	56	33	98	79	73	19	62	91	1	71	24	95	7	72	39	55	41	53	100	41	97	36	42	
8	64	64	29	26	48	41	19	16	26	69	80	48	46	47	4	4	10	28	40	28	72	98	33	95	83	86	8	84	70	18	97	21	96	12	85	30	25	74	14	86	77	85	20	23	49	84	2	51	31	65	92	78	24	62	50	45	76	77	18	35	5	98	74	95	93	88	12	93	37	61	89	20	97	72	25	34	47	92	36	22	6	30	33	92	66	89	59	48	52	59	87	100	52	93	33	27	45	48	28	66	19	87	100	53	20	53	64	78	83	85	77	24	9	29	10	67	22	76	35	79	95	23	5	27	68	25	54	9	37	18	68	34	29	59	65	91	100	27	50	15	3	96	53	97	73	58	56	56	46	41	11	18	3	41	98	60	3	56	60	9	97	48	70	31	73	32	38	23	44	92	51	79	41	31	11	47	70	26	10	33	12	26	66	76	25	2	33	18	19	37	31	13	32	8	63	91	73	86	41	
64	70	6	26	87	10	19	63	77	60	82	87	80	43	74	90	25	39	66	23	71	60	62	5	86	27	87	64	12	46	15	14	95	14	88	50	83	100	51	76	87	14	94	23	36	37	48	73	44	30	16	55	51	95	71	72	48	52	95	44	56	51	92	39	31	8	15	73	1	99	72	63	73	43	68	16	62	74	27	34	43	89	99	57	100	95	66	2	71	91	51	46	5	63	5	37	9	25	22	54	32	92	58	96	4	57	9	36	10	53	96	73	63	26	30	6	98	79	38	73	83	24	55	84	2	51	92	20	43	65	20	98	70	7	82	46	42	14	91	46	59	24	79	78	48	2	77	32	73	85	56	93	17	87	33	48	8	79	14	63	65	17	42	14	12	33	60	12	59	43	4	81	31	46	52	45	37	53	11	87	75	79	94	37	12	62	87	17	1	99	65	61	63	9	13	54	47	11	49	13	
51	94	71	22	88	59	50	84	92	76	58	36	89	68	6	77	86	48	25	41	10	39	78	1	48	15	84	44	26	21	46	49	52	58	99	89	55	89	24	1	5	69	77	49	37	84	78	16	82	74	76	47	81	11	60	57	28	61	8	87	25	84	37	5	18	80	14	33	66	11	27	80	48	71	3	53	43	67	49	36	49	43	80	91	42	93	75	25	14	49	35	89	92	20	96	65	92	15	51	21	88	89	42	77	6	4	44	85	26	52	35	99	58	44	65	99	6	72	49	80	99	6	38	3	64	21	60	52	15	42	5	40	12	57	60	15	75	13	17	38	20	72	51	83	5	54	73	22	86	54	52	52	49	91	52	37	50	81	15	64	31	39	93	52	50	84	7	9	47	57	75	79	8	71	31	1	47	99	29	37	35	20	42	19	47	92	92	41	31	29	5	12	55	44	66	78	85	57	94	50	
99	82	18	77	71	32	41	68	13	71	54	61	59	51	85	67	27	91	82	27	67	81	38	58	21	41	39	88	61	76	11	11	1	92	26	16	43	16	53	86	70	67	24	84	48	78	28	64	9	61	52	70	30	38	21	23	50	80	60	100	84	32	73	31	39	26	87	30	28	41	76	17	37	5	90	16	73	61	30	2	5	37	6	90	53	16	75	79	60	78	6	69	70	75	96	98	17	26	91	18	50	81	37	89	30	66	79	52	10	50	73	10	26	10	74	96	95	28	51	23	95	37	24	14	81	30	78	38	18	22	65	58	40	38	92	2	19	2	47	24	30	53	11	84	57	23	48	9	72	26	83	72	5	100	8	7	57	62	49	87	46	90	89	92	70	2	40	38	4	96	64	85	69	13	33	70	99	29	61	64	19	48	25	24	51	2	69	51	79	58	59	98	92	93	10	76	14	11	51	7	
45	82	8	28	70	54	32	7	84	95	1	81	11	76	56	53	25	16	67	83	37	52	74	15	83	19	31	35	36	92	34	7	22	62	48	10	56	54	1	22	54	93	71	2	73	16	64	20	5	13	32	55	70	17	66	23	91	40	23	24	67	40	51	66	75	54	7	9	17	72	5	58	53	90	74	61	85	89	27	85	9	16	49	70	30	34	75	88	29	37	56	58	16	15	37	38	60	35	21	48	78	98	95	10	37	37	71	57	81	83	81	25	9	43	15	54	15	99	58	69	97	38	6	42	64	70	94	53	95	49	33	78	58	19	18	50	47	43	70	63	15	70	63	78	95	60	50	44	28	48	7	38	83	99	33	83	18	64	5	62	27	13	35	73	27	42	23	94	85	47	24	31	23	34	10	92	49	40	46	9	29	1	7	60	9	95	85	97	51	79	45	57	32	76	37	91	21	4	33	55	
86	55	27	21	89	2	70	48	88	21	47	79	9	89	94	30	20	22	99	82	87	26	13	45	58	18	8	96	40	74	84	53	22	76	95	67	6	59	87	46	35	47	54	51	44	82	9	5	52	43	13	69	8	50	22	90	3	8	58	91	16	63	37	43	66	8	26	21	13	77	28	93	30	68	76	68	80	15	69	36	17	78	25	20	74	41	74	76	92	43	73	58	48	35	56	30	28	96	32	87	34	75	79	49	35	27	89	46	45	74	9	44	92	15	73	36	15	66	79	65	78	7	20	16	97	46	13	84	71	5	32	62	3	12	21	42	89	17	69	34	42	12	58	2	75	70	84	17	17	84	1	67	97	7	39	80	81	3	56	34	9	52	28	100	99	26	7	1	13	90	11	75	85	72	56	50	33	16	79	27	22	90	72	81	14	57	9	25	100	22	81	60	60	65	57	41	33	70	75	22	
52	77	97	90	79	18	44	8	62	7	63	23	19	95	74	92	87	10	5	53	46	2	50	12	51	69	60	72	76	99	82	12	9	35	67	24	15	79	39	5	25	41	12	31	30	74	61	13	43	89	5	61	50	50	56	49	96	91	62	1	74	87	69	4	6	83	41	80	28	69	16	32	16	46	10	64	12	32	72	42	59	85	53	33	69	29	23	40	41	67	35	27	75	52	96	39	2	24	47	33	85	25	31	71	19	29	7	20	32	27	56	50	76	45	70	83	59	96	24	72	42	18	91	9	31	13	67	90	34	60	48	9	68	43	50	22	81	89	49	82	46	23	88	42	95	23	52	71	15	29	67	25	15	11	44	20	40	84	89	6	3	79	79	57	26	41	21	67	85	26	95	54	17	30	2	30	76	77	66	37	59	6	19	57	4	7	88	56	91	25	7	46	91	23	97	19	84	82	87	66	
46	69	26	69	79	27	93	100	82	24	15	57	74	73	60	9	18	6	47	15	23	85	33	32	23	51	23	24	76	38	95	83	40	23	50	42	9	80	87	78	89	3	53	65	16	76	52	32	13	5	29	33	30	93	73	42	55	4	2	88	70	34	21	41	86	92	95	67	36	96	71	51	84	48	86	9	12	93	84	100	28	95	84	45	33	29	72	79	56	40	97	76	55	57	100	14	13	6	63	9	42	19	1	13	63	11	39	11	27	67	60	33	79	42	1	29	92	3	91	17	64	4	74	38	57	88	98	95	97	8	15	30	24	17	69	36	63	3	13	34	4	92	39	53	48	49	17	94	59	85	72	69	55	91	24	73	30	66	100	69	15	1	30	72	4	3	17	79	3	72	39	27	8	18	34	94	86	19	92	65	24	99	92	6	88	15	78	88	61	87	38	33	95	36	49	41	61	78	2	71	
36	47	57	98	91	43	71	4	35	75	82	89	22	51	6	64	75	5	87	6	44	51	70	53	37	45	28	100	76	61	37	86	74	84	47	87	63	31	77	59	71	84	33	92	55	47	70	55	69	61	33	4	85	11	81	96	50	32	86	93	9	61	21	32	62	17	3	41	22	7	75	55	69	39	62	83	3	63	32	100	43	15	56	83	51	99	24	14	55	4	37	90	73	88	64	57	88	57	63	32	26	56	100	97	74	35	54	67	43	40	98	90	10	14	38	67	19	82	77	73	60	88	79	48	39	9	6	89	42	24	58	16	68	19	16	19	78	47	90	92	13	3	69	53	83	28	43	29	70	36	45	17	45	19	54	77	74	44	22	73	35	100	53	47	42	4	56	43	2	84	46	50	81	46	12	67	9	21	57	58	89	36	50	44	3	32	43	88	90	93	86	78	18	55	96	81	28	71	52	76	
60	96	9	87	21	46	30	59	49	73	73	6	27	96	9	4	23	38	82	31	2	5	8	10	7	24	77	37	11	14	86	94	17	35	60	13	19	5	20	30	29	3	73	78	51	81	30	70	8	50	30	85	19	22	57	31	50	94	62	13	87	90	10	38	45	31	55	28	82	24	75	69	82	79	77	62	56	28	42	10	32	75	28	55	10	20	25	31	6	83	100	46	31	30	2	85	79	48	37	56	50	47	72	89	24	40	9	64	48	66	41	29	49	8	18	42	49	7	81	60	26	35	89	28	37	62	26	64	17	60	53	88	50	77	84	7	83	5	14	83	19	27	48	75	27	12	80	25	16	97	62	26	88	68	56	90	99	4	81	35	73	20	38	35	71	12	23	2	65	49	17	90	67	24	47	96	86	31	88	85	1	20	52	90	62	33	92	1	16	96	69	18	61	82	42	23	37	95	40	32	
6	63	60	22	78	78	22	93	80	50	62	68	48	78	17	25	89	84	2	41	21	36	67	62	98	36	48	42	59	20	9	50	91	79	45	30	55	34	22	95	89	53	85	24	95	11	38	17	50	50	93	11	22	27	67	27	56	9	37	91	97	86	32	54	92	47	14	77	35	62	8	11	65	17	99	100	22	45	41	95	77	97	12	6	79	37	67	71	21	7	45	36	31	93	69	28	34	59	43	29	28	3	2	14	65	37	94	47	95	51	65	47	19	15	71	88	30	17	73	35	63	52	19	35	36	55	99	8	83	94	80	14	19	95	56	69	28	61	81	59	50	74	25	15	25	95	83	100	91	17	34	38	91	29	75	39	98	55	36	31	24	38	26	46	76	13	56	100	31	74	11	46	48	59	19	43	26	65	57	30	48	13	85	53	77	13	57	10	30	42	44	36	52	11	2	43	65	58	66	32	
97	59	44	64	70	76	79	94	57	40	3	91	52	48	20	51	62	53	69	46	69	79	97	12	39	27	60	53	73	31	87	54	64	20	2	21	93	63	87	47	68	17	82	62	71	60	21	66	22	56	73	81	57	67	9	55	81	93	72	62	31	63	49	15	9	14	81	17	89	6	64	88	66	95	37	1	31	32	77	25	59	76	17	46	11	100	39	86	7	89	2	28	27	11	6	99	70	20	92	46	31	56	11	58	93	96	46	71	62	70	17	24	24	42	86	24	84	87	67	98	65	83	43	29	14	28	81	83	82	67	7	89	58	79	96	98	78	28	26	77	2	10	36	32	59	55	22	60	31	94	12	55	52	93	27	16	12	34	30	50	91	85	97	58	96	9	99	16	88	94	43	7	86	43	29	29	34	77	21	27	37	35	74	23	67	74	12	15	86	4	15	36	96	2	32	21	46	65	50	49	
66	31	56	62	82	11	41	39	22	80	72	59	16	67	42	42	74	75	50	73	44	25	68	87	89	98	25	69	96	10	99	92	20	67	39	8	66	8	10	90	90	70	94	50	72	57	23	23	90	49	42	96	31	27	55	21	34	33	99	39	40	51	78	18	98	39	51	71	93	39	3	34	74	66	59	62	21	39	56	43	28	86	50	90	72	99	97	74	13	42	59	61	100	17	8	24	10	36	62	89	61	57	95	11	22	98	42	47	17	18	56	3	100	44	26	61	53	100	43	91	25	2	35	73	30	38	66	79	66	15	95	50	83	32	8	96	76	13	86	38	28	66	40	20	39	2	57	90	62	17	79	63	91	5	22	39	79	67	66	87	62	43	24	56	52	55	79	90	85	34	45	71	40	81	94	93	12	1	41	22	49	81	19	71	31	97	31	35	75	78	72	20	45	90	89	13	21	13	27	17	
89	26	37	87	71	60	56	53	62	46	100	56	5	37	64	89	74	28	4	100	98	36	38	30	81	23	18	8	33	45	89	46	32	70	83	45	57	96	22	8	48	10	9	45	48	28	50	91	3	96	55	50	50	56	81	34	75	99	14	29	11	73	34	94	18	4	70	18	80	15	84	46	97	43	7	50	72	41	89	28	29	43	3	37	98	48	64	24	56	34	12	32	63	58	85	78	43	39	27	42	58	53	19	67	87	59	59	95	22	10	74	64	93	69	38	12	89	49	6	61	53	18	70	78	66	29	32	47	63	57	37	88	13	89	72	85	74	77	51	3	58	91	98	33	1	5	90	21	40	19	15	3	80	3	62	65	67	78	72	96	29	37	24	70	82	34	47	7	29	23	69	67	87	87	62	13	97	27	92	90	9	18	42	28	27	57	51	77	51	47	60	71	84	45	22	70	68	76	22	44	
65	6	98	84	10	60	3	40	19	83	96	33	81	57	53	71	47	23	5	58	73	76	40	47	79	1	99	14	91	27	18	30	31	85	66	54	27	30	98	38	59	35	14	76	52	61	80	40	8	91	4	32	94	9	93	33	99	50	91	45	40	31	58	5	70	85	86	25	35	100	4	76	60	18	47	9	70	31	81	65	26	93	28	12	62	86	68	59	99	77	31	76	27	84	30	81	59	21	92	11	75	12	6	39	77	8	1	21	78	89	64	50	88	71	41	43	8	6	84	97	39	27	1	49	75	43	92	55	26	98	8	4	95	80	93	91	16	56	94	28	39	84	98	51	87	38	65	88	94	36	61	65	60	94	88	59	91	71	21	77	27	4	79	61	12	68	95	98	89	13	98	17	84	75	88	76	50	28	91	60	15	11	82	11	78	94	46	48	14	79	20	53	33	1	69	40	78	30	95	82	
55	92	91	92	34	61	28	70	13	29	8	95	96	57	75	46	47	4	59	54	35	67	15	38	92	4	1	76	18	93	56	22	13	87	48	92	8	86	54	31	85	66	9	77	95	8	60	23	58	62	2	86	62	37	72	99	14	91	37	37	26	72	23	81	78	10	23	70	65	63	83	46	7	96	44	50	27	52	99	99	94	29	98	93	40	83	92	42	18	29	49	27	61	58	76	40	40	97	97	37	9	34	97	88	86	7	87	84	71	85	52	20	31	23	53	74	52	29	9	67	74	63	12	33	49	51	74	21	74	7	13	51	37	23	9	86	80	26	50	14	81	14	27	83	68	92	40	49	7	62	76	43	62	21	62	1	43	78	81	80	2	95	81	97	17	99	76	1	54	90	45	63	25	13	68	30	30	22	37	52	3	99	47	81	93	88	45	8	41	47	34	50	30	55	34	83	50	76	55	62	
46	23	72	73	60	80	64	53	94	82	43	18	8	10	19	89	15	2	80	24	7	34	6	74	16	32	41	64	76	74	6	96	44	64	85	40	66	31	21	9	14	59	45	18	44	87	100	24	91	1	88	93	13	91	62	39	29	45	37	58	24	71	18	60	76	86	93	39	44	44	57	81	20	41	35	83	32	53	15	13	91	75	100	88	9	12	67	43	30	71	38	79	100	13	5	27	70	8	61	34	48	45	93	71	49	3	62	33	50	36	36	67	60	44	99	36	31	52	44	93	65	33	95	15	62	78	23	9	46	12	60	93	33	85	99	92	96	15	15	58	15	54	84	51	65	50	47	3	67	15	29	71	22	45	7	37	71	92	15	52	45	94	74	64	49	91	90	70	63	36	100	62	46	30	96	100	64	4	73	60	13	4	55	35	21	61	47	38	37	84	56	24	34	74	74	22	96	25	65	48	
61	5	92	84	16	84	32	60	97	49	6	96	2	34	38	35	78	5	55	16	2	34	92	18	11	76	69	46	95	85	85	69	50	72	3	2	44	94	15	86	22	10	73	35	56	25	84	67	16	74	70	9	87	97	31	40	11	40	26	24	19	84	50	93	53	34	67	78	97	97	59	20	37	26	3	48	18	91	20	8	56	91	46	85	65	17	89	49	42	91	43	98	18	76	81	79	1	56	65	3	70	75	53	19	48	96	60	62	55	88	29	49	44	11	50	18	67	63	5	65	20	80	89	53	85	69	10	14	66	84	14	49	18	41	68	81	56	68	33	35	54	22	41	76	12	75	76	49	86	65	82	95	1	51	40	71	13	69	44	83	18	12	35	38	82	20	39	6	98	78	39	37	61	97	52	89	25	74	1	50	70	50	42	77	73	96	68	79	74	53	45	96	15	80	1	31	93	93	93	68	
7	17	27	84	53	57	70	88	65	70	27	62	58	36	89	6	60	1	24	84	4	48	29	54	10	89	29	63	57	62	69	8	22	72	73	77	21	62	1	65	43	67	68	5	51	84	32	40	63	87	34	61	90	86	63	51	73	31	72	71	84	66	13	31	52	39	82	69	43	79	43	86	15	71	97	59	75	18	18	71	63	85	18	41	83	52	79	83	26	50	20	19	65	58	20	16	56	54	18	86	32	30	98	69	46	68	62	76	72	15	25	93	34	30	91	8	12	43	93	56	70	25	55	33	20	83	56	64	55	44	12	80	57	92	61	34	100	92	33	73	29	73	23	14	91	95	4	89	79	41	40	27	24	63	72	57	87	11	17	92	96	27	56	13	1	24	14	34	69	69	18	68	16	26	11	100	40	69	27	85	28	15	34	6	59	79	83	62	37	22	18	39	66	5	15	69	27	49	48	73	
49	37	58	80	29	95	52	86	89	46	20	95	69	72	82	99	44	71	36	82	1	93	75	81	24	33	76	86	39	40	27	90	30	87	19	100	33	10	58	64	7	95	44	98	92	37	73	51	37	69	21	21	10	32	49	78	34	58	23	18	50	13	94	96	58	79	4	49	13	16	96	82	1	42	18	94	70	65	47	57	53	9	25	33	20	6	65	68	91	92	2	54	94	78	35	87	17	23	38	100	15	97	17	57	47	34	20	60	58	57	95	96	41	34	90	54	8	38	40	5	87	90	76	68	83	75	72	51	80	99	59	16	68	97	68	38	31	99	94	47	58	100	29	42	64	13	86	49	4	22	5	8	47	38	29	56	51	88	90	97	52	91	53	63	79	91	93	25	76	54	6	100	54	40	90	69	63	85	13	17	17	92	19	9	65	50	78	28	76	5	34	75	84	70	68	50	33	4	55	44	
49	81	95	21	59	58	96	8	21	79	79	50	62	9	84	88	60	75	60	26	89	46	98	13	60	71	38	75	11	35	81	32	12	43	30	37	58	90	84	78	66	17	29	74	39	5	31	66	43	4	41	32	38	54	15	18	94	5	81	60	93	31	96	90	68	47	33	95	78	51	75	50	97	19	85	73	18	13	15	48	29	45	100	98	64	76	34	13	51	6	49	29	45	12	64	6	32	76	48	7	72	80	58	47	3	16	43	46	50	81	92	15	33	12	31	27	76	52	60	14	95	19	67	62	58	8	31	30	62	46	89	36	48	36	2	2	10	52	47	7	9	65	29	39	34	81	12	65	35	38	90	28	18	47	1	94	34	53	42	35	23	84	34	66	64	63	56	66	58	63	38	68	91	71	31	46	28	63	78	29	13	34	83	97	55	16	15	59	97	77	46	10	8	48	31	38	9	11	36	88	
29	54	79	91	92	92	11	97	8	59	89	96	2	30	12	73	6	59	11	28	26	20	67	41	66	35	10	82	12	74	83	47	50	44	18	76	58	51	39	18	25	81	26	95	31	18	39	75	66	6	86	62	45	92	9	98	18	70	78	76	53	52	58	68	99	9	77	72	53	65	73	37	67	23	96	20	34	74	71	95	29	29	43	99	16	88	82	29	7	5	96	24	100	62	82	13	68	6	12	31	19	71	81	90	55	47	94	61	89	8	8	4	70	99	55	75	56	29	19	55	85	74	85	90	69	38	85	25	74	86	24	4	48	90	16	91	28	39	63	30	35	41	5	20	57	32	22	59	39	20	55	8	61	14	48	24	99	84	47	71	36	27	28	72	31	78	96	69	14	11	63	60	8	44	24	37	37	29	89	93	76	16	65	31	27	92	43	45	3	73	20	2	63	58	44	87	82	59	93	20	
4	58	25	64	46	62	35	9	9	33	7	29	60	25	40	10	60	89	58	63	45	52	37	61	85	99	61	79	81	10	97	47	64	28	67	30	19	94	23	92	15	51	37	93	8	80	26	54	8	83	92	17	31	47	14	39	4	85	10	86	34	39	79	47	9	81	10	90	76	8	77	1	56	97	6	80	48	92	7	19	88	4	64	77	69	9	79	37	65	82	62	28	2	85	33	98	14	86	89	19	64	1	100	20	30	53	89	5	61	20	77	14	100	16	77	56	24	26	79	17	77	22	99	90	37	70	75	83	32	15	72	42	94	71	92	69	76	38	42	92	25	62	66	85	17	80	37	82	2	59	3	49	25	44	53	51	10	99	77	57	76	23	67	26	78	51	81	100	3	73	37	97	78	66	77	96	95	33	4	68	96	57	60	83	96	88	98	62	71	47	56	16	8	56	18	33	81	36	18	91	
11	43	6	6	1	6	98	59	52	72	10	7	37	32	40	42	81	50	53	67	71	96	43	61	9	45	77	55	43	96	1	12	99	68	64	44	91	68	19	53	77	34	47	88	15	14	87	7	26	41	95	3	55	14	81	51	70	86	23	93	67	82	4	33	77	10	49	99	54	24	90	43	94	21	15	72	88	55	71	54	48	66	34	19	24	27	100	7	57	78	23	51	18	53	78	70	86	67	32	25	8	29	33	99	62	63	77	2	91	47	22	51	60	80	91	87	42	30	89	64	23	97	97	10	71	73	21	54	1	8	99	92	21	94	45	85	43	87	2	19	68	67	80	66	57	56	72	17	14	40	69	51	76	100	60	15	17	27	72	48	4	60	14	96	100	38	70	64	94	47	37	87	96	5	88	85	54	91	42	27	51	67	59	33	40	94	50	48	43	72	89	6	67	17	27	15	73	14	77	48	
70	65	24	23	6	97	66	33	82	59	92	9	55	25	48	35	28	23	87	41	77	29	39	91	61	3	69	43	59	27	23	76	15	83	62	92	34	58	76	72	92	84	68	12	73	33	30	9	21	80	67	41	28	77	17	71	18	25	70	39	78	69	49	95	72	90	99	64	80	75	9	55	57	78	64	51	49	88	88	31	60	98	60	69	28	82	45	75	26	41	64	78	6	97	51	97	84	37	14	87	14	53	18	100	74	91	30	56	19	27	40	87	99	34	75	34	80	20	69	28	88	21	94	12	29	94	74	14	74	31	49	55	74	63	32	51	7	75	16	21	11	45	33	53	26	36	32	16	60	53	69	2	86	19	57	29	20	92	94	23	28	63	34	93	36	17	9	53	59	8	90	21	60	49	53	8	50	62	55	19	88	40	7	60	4	40	97	21	63	98	74	96	64	57	12	71	58	98	70	79	
26	89	79	2	70	95	26	100	45	10	90	21	80	62	1	88	10	61	14	36	75	77	100	40	87	52	87	79	29	92	81	99	24	38	87	63	86	37	86	79	62	30	84	93	1	66	28	17	13	28	36	22	82	35	89	93	80	35	65	44	97	43	13	78	53	76	54	80	31	42	25	67	4	33	79	13	22	33	22	72	15	48	99	56	8	27	61	66	94	56	23	7	52	41	70	9	60	86	5	76	83	28	2	71	83	43	87	14	3	31	48	81	96	5	59	83	99	32	99	31	100	41	21	5	56	57	53	17	68	40	85	27	26	80	80	25	24	28	58	78	80	50	32	34	64	33	78	29	48	61	45	65	30	23	77	76	1	62	1	31	14	37	46	35	78	5	22	87	26	72	61	15	9	51	88	78	14	12	64	75	95	5	73	43	8	43	29	96	60	81	16	53	8	56	30	32	73	100	49	32	
97	66	40	92	23	3	94	28	57	56	17	90	39	55	1	91	90	1	27	27	19	94	61	79	2	60	65	29	64	94	29	25	58	57	31	50	59	20	89	42	20	37	65	37	99	11	41	72	77	69	96	7	24	62	6	39	15	100	63	44	97	79	16	51	65	8	24	75	42	20	93	74	49	23	58	67	15	100	29	2	57	72	18	94	59	81	47	57	47	39	59	44	34	9	81	31	74	39	83	86	62	32	91	47	72	56	35	3	95	86	78	57	54	62	95	13	96	96	34	99	80	40	46	37	48	84	29	25	38	98	42	96	60	3	92	62	58	65	47	97	21	6	10	58	3	19	40	67	87	59	100	6	61	30	51	78	97	93	100	34	98	68	84	16	31	11	100	8	99	91	18	35	100	67	68	96	45	38	60	49	46	77	76	13	50	84	97	67	80	30	72	31	58	1	21	96	81	99	68	1	
82	80	52	81	61	83	33	93	81	8	78	30	46	80	31	7	69	48	82	39	22	37	94	1	30	36	34	13	15	96	62	24	45	36	64	73	12	88	15	35	31	86	45	61	72	27	76	5	28	16	71	75	75	8	64	3	84	4	83	57	59	43	96	75	73	77	90	9	25	93	66	54	14	9	59	5	36	52	7	10	4	46	89	90	39	10	80	54	80	2	42	20	95	48	43	29	60	93	61	70	81	28	65	39	58	9	48	24	1	40	98	14	84	88	38	64	31	47	50	35	67	69	25	27	97	27	10	28	68	19	77	61	36	37	80	96	83	69	49	92	71	95	65	42	21	47	82	54	33	48	20	59	81	27	76	82	60	95	76	61	78	15	67	25	22	82	88	96	67	98	49	52	96	7	36	71	44	80	53	32	67	31	93	49	47	94	92	4	22	23	100	31	41	73	53	17	97	42	34	53	
88	83	8	51	75	99	54	71	56	49	36	89	35	44	84	7	70	75	46	58	24	44	37	43	87	94	79	37	97	54	64	88	17	98	63	1	92	88	24	15	83	5	12	89	63	80	17	58	93	32	51	55	69	11	88	34	46	76	46	81	20	86	82	50	37	1	43	55	67	74	54	29	27	49	30	98	28	51	52	7	62	53	23	55	81	40	43	13	10	68	5	20	84	61	36	60	39	70	22	38	8	30	23	10	11	56	46	57	78	39	27	62	53	50	60	69	67	22	49	78	19	64	96	31	82	91	91	78	36	46	2	16	33	84	93	23	97	22	74	33	4	5	1	10	73	58	23	95	14	90	23	33	62	82	67	37	30	43	74	8	14	20	22	45	52	13	24	3	98	29	20	3	3	5	29	17	71	70	50	47	79	60	53	35	30	97	34	24	99	70	9	34	96	93	56	19	34	47	41	85	
78	68	17	43	62	90	25	61	92	41	14	25	14	5	51	16	20	40	78	85	9	42	96	97	95	11	17	34	7	61	4	16	7	28	20	26	64	76	95	79	94	94	90	20	73	48	37	53	30	16	84	69	82	65	66	74	97	60	7	20	37	15	1	97	67	56	94	57	4	49	14	27	71	32	87	91	46	71	34	83	32	14	73	75	13	42	57	43	59	18	89	41	11	19	32	87	2	22	75	12	53	75	44	30	49	94	67	88	66	61	91	53	48	89	74	29	29	79	55	77	33	29	98	49	22	42	5	96	5	6	62	79	14	31	75	48	29	97	33	54	63	11	15	70	94	59	46	59	12	84	52	53	56	2	12	85	23	27	7	79	65	67	31	36	18	21	81	65	39	42	93	48	10	85	99	83	14	84	2	4	56	46	34	19	100	96	89	38	57	55	93	82	100	23	67	12	91	52	69	91	
27	66	2	3	53	56	6	37	81	67	32	1	6	14	1	59	86	93	2	43	11	78	54	53	27	31	42	89	8	32	24	88	14	90	77	79	54	71	10	46	39	76	35	97	43	71	5	90	68	46	48	39	79	17	95	66	43	18	96	41	26	71	42	19	23	97	21	78	33	23	9	49	32	56	81	58	44	74	15	81	4	12	47	89	20	19	21	38	3	95	91	85	63	52	13	74	30	54	3	12	2	32	19	66	2	12	14	84	44	89	50	73	4	8	36	20	18	2	63	83	69	83	76	70	89	52	11	66	43	33	60	53	59	75	85	76	63	73	20	54	92	31	49	37	14	98	14	97	29	66	79	37	88	29	100	24	51	56	35	51	6	99	4	53	24	58	64	56	28	86	55	79	35	73	89	9	25	80	96	74	57	40	92	2	46	55	18	96	80	64	41	68	24	60	64	47	81	50	57	11	
62	39	88	79	14	5	81	78	17	16	97	36	90	51	99	67	39	98	89	92	72	67	80	46	95	42	34	59	55	48	40	57	95	62	7	6	90	64	70	98	40	26	54	72	68	3	90	74	76	10	86	62	77	99	37	59	7	47	44	35	3	97	18	85	96	6	15	64	79	58	59	30	87	81	74	79	66	79	26	22	25	31	80	71	47	95	88	52	7	47	37	52	80	15	94	29	42	90	65	35	11	13	62	7	18	36	30	49	63	9	82	58	84	42	35	41	57	17	17	25	80	4	96	98	26	95	88	55	1	11	22	25	20	18	26	37	25	88	91	27	17	7	49	77	13	35	67	32	29	41	21	11	64	74	15	68	66	42	34	92	86	96	51	81	78	40	45	35	36	100	97	2	92	64	54	38	43	84	27	72	66	63	49	99	75	34	76	54	27	89	23	31	74	80	17	96	100	37	60	95	
96	36	21	51	50	28	57	96	92	74	22	42	56	6	27	49	96	73	71	22	44	93	70	90	62	100	51	96	9	18	57	13	73	89	15	70	75	62	13	36	2	81	78	25	16	53	16	61	68	64	9	83	62	100	1	62	50	9	50	83	48	59	94	73	20	80	72	51	13	67	5	98	91	58	79	4	19	9	47	77	49	64	8	1	30	85	100	83	33	13	51	13	16	66	81	97	84	84	41	24	4	96	83	7	94	39	92	7	37	60	55	74	18	90	7	55	19	31	2	98	86	62	22	2	88	69	52	80	81	90	34	5	14	67	74	53	19	75	100	51	27	32	63	17	34	66	27	14	17	77	78	82	28	68	36	11	93	79	71	7	75	54	14	78	49	18	60	86	57	25	73	28	6	37	29	43	16	38	46	39	69	10	14	20	25	67	39	30	10	73	78	79	91	39	59	49	99	55	39	20	
2	72	39	79	21	15	86	6	27	28	100	64	50	63	46	74	89	50	76	71	94	63	42	34	72	63	11	87	14	54	59	29	53	49	80	50	95	57	33	73	40	100	5	34	62	43	73	85	80	12	12	3	56	22	31	21	72	70	27	32	18	75	70	18	34	48	88	49	22	15	36	28	46	44	66	19	32	14	94	24	75	66	75	83	27	30	70	26	13	49	53	29	61	42	54	56	64	47	54	19	15	1	78	53	33	62	3	80	68	13	80	8	12	59	54	56	46	41	17	64	46	5	93	77	18	92	9	7	34	26	31	38	76	85	97	67	12	36	79	69	98	36	12	31	2	20	73	15	52	52	70	64	67	43	90	39	82	75	42	16	42	66	5	61	48	45	89	62	83	88	5	90	36	88	65	87	69	39	90	65	53	57	71	81	80	67	44	4	31	58	8	40	95	52	97	46	23	97	8	86	
61	11	12	84	43	63	89	11	18	62	72	39	84	83	5	47	28	74	62	33	2	7	48	70	10	63	39	14	33	94	86	9	48	67	89	96	41	79	19	17	20	95	20	47	74	67	61	89	15	32	93	63	28	45	32	39	41	31	52	53	91	18	65	13	74	92	55	88	33	100	52	51	71	74	79	9	14	60	93	6	2	36	95	99	24	98	42	37	97	65	7	33	54	40	41	10	2	86	87	60	23	68	25	3	45	52	66	91	93	100	30	35	49	95	55	17	83	89	12	96	15	55	94	95	99	59	44	91	51	57	19	92	52	83	14	94	34	14	64	21	55	83	60	14	44	87	6	90	46	50	54	79	92	68	7	63	47	13	28	61	67	70	92	66	22	95	46	98	16	53	22	70	66	98	17	11	55	47	19	92	32	27	40	47	32	18	96	74	27	61	53	21	8	100	5	69	84	13	22	91	
18	88	2	16	41	54	41	14	67	66	78	75	38	94	27	17	93	9	71	87	12	54	94	92	74	55	48	2	91	97	64	44	69	32	81	4	73	17	18	74	5	17	6	92	27	49	30	27	69	72	84	32	42	41	77	56	89	81	99	15	20	18	47	15	71	7	71	88	22	29	7	52	34	15	26	47	94	93	11	6	62	65	89	4	6	2	24	93	87	61	11	54	60	21	66	48	33	64	21	47	63	22	41	34	17	73	63	93	94	55	36	39	44	6	97	50	8	43	31	51	10	1	89	49	45	12	43	46	1	16	90	65	14	35	73	67	57	43	59	70	64	52	41	91	34	60	97	29	62	46	10	67	82	81	36	68	69	59	29	97	58	84	49	53	26	28	1	13	10	44	35	10	70	3	80	65	72	61	3	16	57	40	26	37	31	92	46	77	43	24	97	39	85	25	100	32	97	14	65	96	
38	53	30	68	26	8	11	9	70	83	19	38	93	89	63	57	6	77	88	97	46	6	71	3	43	8	89	66	54	9	60	14	10	24	88	50	78	53	37	45	29	89	16	36	34	36	2	85	36	42	100	100	10	95	25	43	28	65	99	13	8	71	57	48	95	19	54	31	72	2	10	7	83	81	22	77	24	6	6	97	24	68	65	30	33	55	96	4	94	71	84	61	95	79	2	86	2	55	98	13	91	13	50	25	22	42	78	86	32	91	65	60	89	55	80	10	77	9	16	97	81	40	40	81	85	100	65	35	42	30	71	32	75	11	100	38	57	22	71	72	49	45	88	17	72	4	35	56	93	56	38	16	44	44	6	94	68	99	49	92	46	62	43	12	1	19	11	23	99	93	20	52	77	47	25	26	7	56	28	40	83	91	55	28	12	24	58	6	81	67	48	22	92	27	56	15	1	93	88	34	
60	83	40	74	67	84	24	24	100	59	72	43	98	68	100	80	18	57	87	43	3	5	59	70	40	51	22	24	95	70	20	40	27	85	61	38	25	19	87	22	35	13	74	22	43	49	5	9	17	59	28	43	32	77	59	28	29	26	94	91	56	63	53	29	29	88	48	60	15	57	4	62	32	4	25	49	75	2	62	24	83	82	88	16	63	13	34	17	26	84	31	13	91	31	58	86	92	62	64	84	63	53	23	22	10	71	24	83	54	100	61	33	86	57	4	58	43	87	91	27	62	69	38	21	3	3	28	89	81	48	61	31	33	62	66	58	23	14	99	22	41	77	64	81	60	85	70	78	19	40	10	58	75	36	4	32	75	6	12	37	89	8	96	1	81	16	52	31	63	1	98	66	32	30	11	74	12	31	20	16	71	100	60	7	11	2	77	26	14	1	38	94	67	14	53	1	84	47	36	23	
91	22	47	47	78	89	14	31	37	22	21	28	66	45	12	65	72	99	5	14	61	64	32	37	79	53	69	2	74	54	68	84	7	24	52	34	96	4	74	56	53	46	3	6	89	43	37	16	78	85	95	15	75	97	76	86	43	93	29	75	91	85	9	45	29	4	66	98	48	72	46	53	14	12	31	64	66	36	65	68	82	31	80	82	99	68	86	90	4	33	7	81	17	10	21	12	24	3	54	33	31	4	60	90	31	73	14	30	24	64	26	84	81	43	20	21	4	68	69	51	73	14	70	57	35	21	77	3	16	8	18	76	47	70	89	15	64	21	14	95	92	83	20	19	65	72	26	60	85	66	76	23	9	88	15	64	6	73	93	19	8	100	84	22	11	4	32	72	10	11	36	81	97	41	96	25	2	24	45	35	26	71	56	77	88	45	14	69	89	51	88	4	9	64	6	91	39	71	11	30	
5	66	87	25	87	23	69	89	90	90	8	24	35	19	70	21	6	3	8	5	95	53	91	64	30	9	91	36	83	62	20	64	95	20	68	99	64	69	18	15	24	20	98	30	99	80	6	49	25	53	84	56	28	12	17	50	3	28	98	100	46	18	25	100	43	64	34	60	99	18	89	23	73	47	80	8	75	95	89	65	88	80	7	40	51	37	47	29	4	62	77	78	32	58	19	15	28	30	15	48	67	42	18	54	43	46	84	12	11	56	44	62	74	2	58	51	64	64	92	76	57	65	18	55	89	59	36	45	20	79	10	27	98	38	3	72	17	38	48	61	14	14	17	42	7	32	74	92	69	56	34	24	25	75	56	87	58	70	77	53	100	29	69	72	2	6	53	79	4	72	71	51	37	3	91	34	79	46	8	38	72	97	26	11	57	100	72	68	58	9	48	71	31	25	76	84	57	84	86	65	
54	94	53	53	96	92	1	97	20	80	49	6	44	40	11	28	31	35	46	96	4	32	18	13	18	46	72	21	19	5	22	65	52	28	83	45	19	25	42	70	56	70	24	33	57	91	90	70	20	33	45	83	55	6	46	90	37	12	93	88	85	41	33	98	99	77	19	69	56	94	90	55	75	89	71	1	83	99	4	30	16	82	40	92	82	61	1	15	38	96	4	7	9	33	47	8	36	45	100	51	17	54	73	53	75	29	37	43	52	47	38	75	34	81	60	70	71	74	6	42	90	74	20	84	4	37	24	51	77	79	95	65	79	8	53	62	32	65	4	22	54	59	21	8	36	44	33	68	55	35	27	51	56	71	17	51	28	54	99	55	75	55	82	24	27	6	79	23	60	94	54	58	14	70	35	31	31	42	47	38	92	28	15	33	54	98	78	42	3	28	17	47	72	82	95	27	20	91	18	49	
8	15	30	80	51	46	86	37	25	63	16	8	10	93	48	51	64	51	94	42	65	20	36	36	11	61	91	7	78	39	59	66	90	51	31	89	21	3	71	62	43	65	33	92	100	42	53	30	74	69	33	51	10	79	11	72	98	62	40	9	65	83	20	64	16	69	24	28	8	59	39	81	13	20	47	30	27	24	6	33	63	99	51	82	61	5	20	77	45	88	96	74	9	80	33	72	58	54	30	9	83	72	32	10	98	1	79	25	71	74	84	13	41	74	37	47	71	19	70	39	23	39	85	95	11	30	63	87	76	46	17	34	48	49	10	19	19	93	88	54	100	22	74	31	34	31	58	7	52	2	50	34	89	41	7	9	66	87	66	8	8	72	37	76	2	66	89	8	88	74	58	88	47	18	20	81	7	61	65	37	4	79	75	39	75	53	5	31	26	67	95	1	12	4	82	55	63	17	50	80	
14	56	67	97	90	23	8	54	42	27	63	23	57	32	59	96	5	84	12	91	82	51	3	36	5	21	76	5	5	78	9	70	56	83	70	82	40	44	39	68	64	28	80	66	95	93	16	34	41	29	29	99	20	37	100	99	48	86	83	12	17	52	6	76	88	9	27	82	27	81	10	40	42	19	95	85	30	98	2	55	13	68	37	61	5	18	65	38	26	87	94	25	81	34	52	71	91	64	100	97	76	16	77	19	49	36	94	73	94	26	10	98	77	57	2	12	48	46	30	45	24	10	87	71	54	57	59	77	91	90	92	34	78	38	39	51	4	76	50	98	69	14	75	14	64	96	1	36	3	62	94	88	6	39	74	55	92	64	86	47	38	29	63	84	100	7	31	22	82	5	17	70	99	59	6	10	24	34	55	86	48	87	91	26	37	10	14	97	6	95	1	99	36	17	78	83	97	45	62	18	
84	30	15	59	2	16	26	34	53	39	50	43	72	2	70	81	58	48	67	8	72	60	39	75	17	60	99	13	92	100	6	15	20	9	20	95	7	27	65	28	11	64	6	89	66	75	75	75	74	23	72	24	25	67	39	97	64	68	92	67	89	79	65	34	82	79	100	45	61	47	80	43	57	21	88	100	70	42	24	96	34	86	47	1	20	65	65	54	93	6	43	87	64	84	14	33	72	97	59	20	58	47	99	36	14	86	39	64	55	43	72	84	11	26	69	40	47	51	46	30	68	30	19	40	32	42	61	30	52	84	25	95	87	46	2	40	30	4	93	72	80	13	34	33	21	73	57	57	87	56	75	3	36	24	59	78	29	10	11	49	90	50	18	94	65	12	21	33	45	59	12	63	19	19	57	66	91	85	71	30	50	53	53	92	18	23	41	23	75	27	14	33	37	92	79	17	3	27	42	69	
44	92	27	13	61	36	66	38	50	17	4	40	80	45	41	8	60	2	98	21	37	84	95	91	16	18	1	29	23	64	100	50	85	21	78	11	58	89	9	17	19	43	82	59	2	25	79	88	76	40	79	14	31	71	86	74	24	59	42	43	49	83	68	13	29	37	7	75	66	57	54	13	43	38	52	83	26	37	93	4	17	90	29	15	77	38	54	89	21	85	48	31	93	3	50	47	23	31	43	66	63	47	72	23	50	77	93	88	67	74	16	23	89	46	34	49	3	46	27	82	46	40	50	87	99	4	83	89	42	35	92	20	61	6	95	39	69	98	36	14	22	70	79	11	2	5	48	15	11	62	7	13	66	80	70	30	26	13	37	38	75	34	12	8	86	63	55	38	53	35	81	8	18	96	97	62	88	13	29	72	13	41	85	94	6	88	28	79	80	95	6	64	58	99	84	83	28	52	10	27	
42	54	20	72	29	70	82	3	19	49	59	16	41	82	87	95	52	52	89	45	49	46	10	49	9	11	80	46	25	37	79	6	2	85	75	46	71	96	11	37	78	74	70	48	71	14	60	29	92	41	56	55	6	21	7	13	56	99	18	30	42	26	91	51	7	65	57	26	94	47	80	10	59	3	7	33	13	97	87	94	26	4	4	38	45	26	93	21	90	65	53	86	11	72	3	54	15	30	3	37	28	73	31	35	65	85	81	65	88	88	66	58	95	66	78	83	62	47	84	59	79	28	93	57	33	20	63	9	44	36	100	24	64	99	86	29	34	8	33	33	4	46	28	5	93	55	88	9	91	94	74	12	27	93	71	92	97	93	4	5	100	76	6	18	98	6	79	45	11	98	73	26	6	86	11	11	17	29	11	86	59	20	85	12	28	27	37	58	28	26	43	93	68	36	34	31	28	51	65	26	
12	41	64	9	10	39	74	45	43	65	39	20	55	55	40	71	87	41	98	30	10	38	66	22	94	9	81	24	61	59	66	95	97	70	30	60	74	23	11	49	1	75	68	52	91	49	78	37	43	67	40	4	83	7	89	42	34	77	29	71	91	50	92	6	5	82	78	41	56	39	2	68	18	95	47	13	49	65	61	71	84	33	62	96	88	87	6	85	65	56	1	9	79	98	11	83	77	38	98	63	36	46	37	57	41	55	76	3	65	21	44	37	56	67	15	16	74	86	9	54	60	28	17	22	37	28	16	73	63	53	75	42	79	74	2	44	42	7	3	51	77	87	70	28	35	94	20	22	57	42	31	9	27	33	3	89	7	39	57	1	75	48	63	16	99	23	28	67	9	99	7	91	40	2	27	93	88	21	83	56	50	7	98	37	31	75	22	81	70	1	29	85	70	3	92	65	22	100	69	16	
44	68	34	59	7	31	11	83	99	21	36	97	10	51	65	2	51	61	19	13	86	6	83	45	1	43	91	4	57	93	15	69	59	19	92	69	85	98	88	37	86	75	17	59	51	35	6	56	73	35	97	37	100	45	2	59	12	31	49	38	43	20	2	49	96	62	23	64	23	59	42	5	89	91	37	51	53	7	11	84	31	7	77	4	96	94	43	48	53	1	12	79	26	64	73	79	88	33	2	50	56	9	78	91	8	11	64	66	39	89	67	33	62	17	24	49	89	79	76	97	23	68	72	51	8	38	66	83	5	52	79	66	12	16	71	65	14	88	45	83	38	23	54	96	35	43	89	20	5	36	46	49	95	33	19	25	83	75	71	87	31	4	62	91	75	29	100	50	15	79	7	3	66	10	89	20	47	96	14	55	55	40	8	18	74	87	55	15	35	39	76	32	36	24	73	84	31	54	92	59	
57	97	93	4	63	86	95	60	12	43	18	82	12	88	97	67	36	24	49	100	34	80	94	23	56	5	24	21	36	10	13	43	99	17	68	7	90	44	5	98	1	69	62	87	46	89	69	58	58	27	76	90	46	36	28	61	32	76	27	79	98	19	54	29	24	28	51	78	7	44	20	20	41	85	52	13	29	33	54	61	13	81	78	7	74	25	87	31	86	9	79	73	57	36	34	77	25	85	75	53	57	49	29	18	4	99	85	71	45	1	63	23	46	30	28	27	82	91	1	4	84	3	29	51	96	10	32	61	56	8	86	99	16	10	1	13	62	40	59	45	28	67	47	30	8	50	15	27	47	52	98	77	80	37	14	42	45	100	85	1	71	16	29	73	3	49	12	68	34	20	69	24	63	82	14	13	75	8	39	2	32	7	40	50	74	45	79	79	73	47	89	3	74	49	100	24	58	43	37	93	
2	71	43	33	59	32	38	28	46	49	68	50	52	62	54	28	13	80	65	81	16	86	16	29	7	3	11	62	74	12	29	11	72	67	76	33	16	21	11	67	19	32	92	100	5	92	70	16	48	75	55	73	31	31	27	100	63	27	61	100	18	65	94	45	100	2	18	6	52	34	95	84	11	63	80	16	61	54	60	95	91	17	32	9	9	81	64	93	11	79	26	57	21	10	92	15	37	40	81	76	52	6	10	66	50	56	1	66	69	44	5	80	7	71	19	49	22	9	57	53	71	16	34	17	95	98	65	10	96	63	99	48	16	83	59	34	63	76	51	10	76	35	1	86	79	23	70	70	87	81	35	4	94	28	28	56	71	10	100	78	46	48	21	4	48	41	17	13	99	28	41	7	37	58	45	58	94	32	71	77	78	4	5	52	36	19	22	84	49	26	12	76	67	81	42	48	15	89	46	76	
70	5	99	13	22	38	85	77	9	46	56	99	40	7	45	11	1	12	6	30	37	70	22	86	69	30	72	66	97	9	36	14	49	70	26	9	90	84	22	38	25	15	80	52	63	20	75	15	35	52	57	88	30	93	11	17	58	84	58	13	76	58	78	12	62	85	53	97	41	9	48	61	19	52	15	66	42	40	21	79	31	10	58	33	80	34	84	3	72	98	64	36	10	89	2	48	12	53	8	50	70	58	28	4	3	47	30	11	7	55	29	62	17	61	48	43	92	38	15	33	30	19	6	45	1	34	57	94	75	26	96	70	9	48	84	53	72	96	4	9	50	36	29	9	51	10	49	44	1	18	53	77	86	11	48	98	12	35	22	40	86	86	68	72	77	71	77	82	37	41	3	45	29	43	62	78	88	37	95	3	2	42	66	4	17	56	65	68	61	73	66	26	53	6	47	51	6	27	88	64	
75	93	80	64	92	84	32	3	83	41	22	16	44	77	52	94	72	16	11	94	13	57	63	86	97	94	20	88	78	9	70	5	77	48	91	41	59	100	39	2	41	49	48	93	5	96	96	37	56	96	100	64	2	69	6	8	85	30	76	5	81	20	35	64	82	33	78	51	70	81	43	36	32	13	94	81	54	41	66	2	58	21	19	47	33	52	14	50	3	11	73	34	92	2	54	19	62	76	58	58	3	46	75	92	21	46	70	88	90	96	93	56	91	20	39	2	29	28	61	28	100	79	61	49	4	1	8	35	91	35	13	25	5	17	83	13	50	69	52	19	57	82	97	42	86	46	74	46	92	87	34	72	29	43	95	53	95	64	38	8	37	35	77	45	41	67	53	51	32	89	84	79	35	47	92	27	28	45	90	39	9	53	19	80	95	51	51	19	67	46	18	68	83	74	92	19	18	72	9	89	
85	31	8	87	46	41	70	16	31	8	84	68	28	19	22	89	69	29	5	23	73	37	74	34	46	40	18	6	27	35	1	66	45	15	72	43	25	90	6	42	60	50	39	33	37	65	98	38	30	39	14	57	85	28	99	24	78	81	40	27	79	16	87	6	13	98	70	97	9	31	29	60	87	74	29	97	56	10	48	86	86	12	15	8	72	71	33	47	54	83	79	77	15	48	19	85	13	20	4	88	90	26	84	90	53	33	61	64	39	7	42	7	35	66	13	83	79	99	32	54	83	66	98	41	89	56	59	39	52	31	55	75	86	54	58	37	37	6	12	23	27	79	96	60	66	16	42	54	80	63	40	52	79	59	48	48	23	54	89	78	63	44	48	83	5	1	83	55	98	38	28	46	47	57	34	82	82	40	67	36	10	7	2	70	29	7	87	10	62	14	91	80	53	83	94	39	26	87	83	26	
59	17	82	24	58	19	95	31	15	76	27	89	12	6	28	73	46	11	58	63	8	10	36	47	81	55	71	26	100	38	51	37	22	58	74	1	74	88	2	18	16	40	24	27	9	92	17	60	28	2	13	88	79	34	70	10	43	59	40	70	1	56	17	32	68	14	86	84	60	74	60	39	2	30	42	84	64	2	33	2	92	24	28	36	58	91	72	23	15	77	88	25	37	12	62	13	28	87	95	75	26	52	36	38	62	91	50	72	49	11	92	9	81	80	87	32	6	72	61	62	12	54	68	65	26	71	5	9	94	17	14	14	17	60	60	69	29	78	68	17	60	10	35	30	68	77	27	50	12	85	87	49	81	37	100	15	40	38	44	11	79	4	27	100	33	27	63	53	74	24	32	17	72	39	8	19	34	50	2	38	57	80	10	7	85	8	5	9	84	28	9	52	77	74	99	20	51	15	88	85	
5	13	60	14	89	70	20	59	88	29	12	18	44	50	63	36	13	4	83	50	27	24	38	10	48	82	38	83	51	1	29	42	4	11	77	46	53	70	22	87	24	48	39	45	25	15	26	35	96	24	6	57	48	59	20	36	39	21	97	8	56	54	23	76	6	86	67	37	86	39	93	70	22	54	90	84	47	86	64	55	62	3	30	45	54	64	97	31	30	38	33	85	40	53	76	20	87	35	76	34	51	89	43	88	66	15	30	52	77	26	16	10	64	50	71	93	26	7	96	77	56	49	48	47	42	53	5	13	54	77	36	68	72	5	62	14	38	23	9	64	27	65	45	51	71	40	99	57	66	28	17	27	83	37	45	15	75	92	78	100	28	55	78	90	66	42	85	66	46	63	81	48	57	21	68	57	97	15	16	3	35	82	13	9	37	65	71	71	13	60	46	59	59	100	8	22	76	4	95	40	
30	44	75	22	35	29	56	35	20	97	27	8	27	50	12	49	43	22	49	84	43	33	28	29	48	44	56	48	30	36	22	49	10	46	7	37	99	92	63	49	28	52	33	48	22	51	91	21	32	47	63	63	37	43	92	62	27	92	97	61	65	18	38	48	12	89	32	14	5	83	61	22	75	3	65	41	54	87	21	98	64	54	15	100	30	100	59	43	3	98	2	75	81	8	58	4	95	76	61	17	85	60	87	26	93	21	19	44	21	89	83	57	98	90	28	81	39	42	50	63	56	87	56	51	43	94	24	9	56	63	15	88	84	4	81	31	6	49	38	71	49	73	26	42	41	82	40	4	32	39	58	87	45	41	93	50	89	66	92	82	40	86	96	87	94	12	82	40	66	73	55	43	82	52	71	44	31	4	89	56	35	62	93	18	94	80	56	2	23	11	65	78	43	24	65	55	92	76	100	92	
9	31	23	19	55	21	61	43	61	89	37	49	17	38	16	80	26	85	56	88	9	44	79	18	31	11	49	56	60	39	11	27	14	72	47	21	82	19	16	33	66	7	58	28	54	21	18	48	87	33	9	32	56	29	46	89	42	11	37	34	3	86	100	7	31	19	25	87	76	86	70	38	12	12	35	24	19	60	47	13	84	33	48	51	9	97	20	66	37	63	50	53	76	50	58	88	75	34	17	26	92	20	31	55	85	26	92	75	28	65	93	37	23	68	13	26	17	89	78	10	10	1	48	98	77	36	65	17	71	78	47	33	32	69	54	17	8	45	7	24	56	67	85	22	94	75	26	93	42	86	29	9	17	15	6	47	11	9	39	50	24	74	48	86	84	7	47	96	65	95	86	52	33	14	57	93	32	83	58	86	50	31	36	29	43	33	29	85	44	61	32	35	31	24	52	4	9	20	35	48	
94	3	45	54	69	92	83	41	16	72	87	76	17	3	7	56	9	100	13	36	41	73	55	53	54	28	73	23	81	97	22	17	19	16	27	77	39	58	74	29	94	59	59	66	32	88	50	78	34	85	42	26	50	28	31	61	58	75	9	48	70	32	15	72	19	64	8	14	83	62	81	8	53	2	11	4	15	23	63	91	63	31	67	17	83	76	58	63	28	36	56	57	52	70	3	90	26	51	85	92	5	29	58	65	77	52	76	70	86	10	23	1	11	23	65	57	57	26	79	85	35	76	36	42	83	85	34	68	5	83	39	94	1	22	75	16	95	11	68	10	88	2	23	10	2	87	79	23	84	50	92	12	16	19	13	62	34	86	74	85	62	78	31	54	83	59	54	15	23	100	28	50	6	94	54	83	56	16	75	68	52	31	23	37	81	20	98	92	68	97	29	22	28	65	14	39	12	12	48	37	
27	87	42	19	17	30	87	18	13	14	71	38	50	91	37	12	82	74	97	68	20	78	19	12	21	83	91	3	39	100	27	54	36	66	80	71	53	55	52	41	31	25	38	19	92	89	81	98	75	25	19	56	47	3	56	57	53	12	34	45	75	30	97	80	71	1	29	53	28	32	28	30	75	32	13	96	1	68	22	13	53	4	42	54	72	16	47	47	73	46	9	49	6	58	46	26	52	89	60	20	29	83	1	57	99	61	87	24	22	64	16	54	73	91	15	17	91	48	97	93	3	30	39	42	65	46	88	63	29	23	25	6	53	98	3	18	1	91	23	4	70	55	27	81	52	14	67	43	37	67	65	19	61	89	98	92	48	74	38	27	39	88	42	8	66	48	2	46	39	94	93	94	20	12	75	9	60	87	62	71	12	75	93	40	13	96	38	10	94	61	60	33	10	11	19	62	61	68	90	48	
100	70	58	53	86	37	18	91	41	94	21	66	67	65	71	98	16	47	34	90	62	54	23	31	36	76	99	82	89	90	20	85	34	66	53	24	82	48	74	37	74	53	46	87	58	42	37	95	79	31	1	100	72	2	11	95	19	6	97	93	53	98	17	58	81	100	33	18	2	91	65	23	44	19	62	83	78	25	41	50	23	60	18	73	32	77	99	72	31	37	78	29	10	28	75	84	36	43	87	31	58	1	95	44	82	75	81	24	60	11	71	87	42	27	97	39	51	52	19	91	12	61	48	82	12	99	11	100	84	87	52	65	55	93	8	33	80	99	78	32	45	90	89	76	59	16	22	33	41	24	10	34	80	60	8	19	85	85	84	2	82	31	34	25	21	2	51	10	15	50	57	11	49	43	48	51	20	72	74	73	65	87	45	36	87	35	52	23	62	30	73	12	43	96	96	80	64	75	33	63	
43	45	23	70	74	3	93	53	22	36	26	4	33	19	69	90	64	96	75	27	71	42	66	75	26	72	24	73	38	90	28	100	72	39	37	18	47	91	15	58	61	43	98	100	96	77	89	10	49	71	13	97	89	14	58	11	67	39	88	71	19	69	57	47	90	20	99	100	71	47	39	10	30	66	7	7	53	3	34	25	22	90	54	53	10	19	36	23	35	57	91	18	66	4	92	90	38	88	26	55	65	57	44	19	53	98	51	32	17	96	44	30	13	48	27	4	14	59	59	64	15	63	95	78	36	45	87	43	76	43	81	85	77	85	64	97	78	46	85	56	91	54	72	23	27	19	8	55	76	13	63	14	30	89	72	84	44	70	19	78	9	74	42	4	62	42	56	44	83	89	90	44	96	9	54	99	66	93	31	82	23	71	91	65	63	33	63	26	70	81	46	2	47	4	4	96	37	75	90	14	
38	28	94	57	45	36	18	2	57	17	61	37	10	100	72	65	2	17	57	4	67	28	24	9	67	100	8	2	18	15	92	87	85	91	27	11	60	46	48	1	30	94	93	53	4	6	30	37	35	19	63	74	24	65	93	22	87	77	86	49	48	46	47	3	55	30	62	74	83	72	58	11	49	2	18	94	33	45	17	22	10	31	43	75	98	49	14	50	65	41	8	4	50	3	21	53	62	66	93	85	77	99	82	53	41	52	56	19	44	96	96	16	21	3	71	79	83	93	78	74	61	37	18	94	48	40	35	60	90	100	77	63	68	47	64	41	82	51	16	91	43	59	69	12	82	64	1	84	80	9	27	71	69	40	49	73	84	65	62	39	65	24	87	100	32	31	62	93	82	54	17	17	95	20	12	25	68	83	100	52	59	32	41	58	13	53	98	26	20	3	35	62	32	25	14	25	52	52	78	90	
68	15	97	11	48	92	27	51	17	7	9	48	77	72	28	47	65	100	99	16	11	4	100	24	59	49	23	6	77	91	74	48	7	40	95	27	31	46	64	51	45	89	40	20	57	4	66	37	27	29	11	35	40	37	96	98	59	8	7	3	96	68	34	16	47	53	63	91	43	56	9	56	94	12	36	39	62	52	73	42	71	73	46	29	1	36	86	77	85	55	11	99	56	47	46	33	91	15	21	26	52	61	75	98	52	86	61	73	53	6	59	7	13	61	4	14	17	4	23	11	45	57	20	11	66	91	100	81	6	79	68	12	7	90	84	36	12	2	40	31	3	14	13	82	34	49	45	63	99	48	29	48	74	71	83	83	83	95	44	24	92	25	5	36	69	33	94	78	39	10	44	24	100	42	73	23	77	46	80	6	11	23	49	79	91	1	77	33	21	27	22	68	27	33	27	64	54	7	86	57	
91	40	93	15	31	40	86	41	87	85	6	35	50	35	41	7	45	24	68	32	11	36	58	4	79	68	99	90	62	15	40	97	22	43	34	56	62	11	15	94	55	80	60	53	9	44	79	71	89	7	39	54	9	94	46	42	59	1	87	62	60	62	20	43	94	89	77	30	87	35	48	46	67	14	30	92	3	66	63	78	24	14	84	37	79	94	39	93	81	76	64	85	1	30	70	61	50	30	19	92	76	87	81	51	56	61	70	73	51	62	69	9	43	71	32	2	29	44	50	44	46	40	18	60	35	34	77	66	2	86	8	19	71	62	35	99	75	90	86	35	8	41	54	48	92	7	21	77	80	77	98	11	83	9	84	84	87	50	26	6	22	97	22	91	59	5	43	49	3	58	10	32	56	86	14	63	64	44	54	71	45	87	52	9	82	58	84	95	32	2	22	42	6	94	14	46	35	99	96	31	
15	20	82	74	77	81	48	74	45	42	41	80	2	94	46	86	56	27	34	66	4	58	33	50	35	60	64	87	15	44	29	87	41	47	6	53	100	33	22	97	2	69	15	64	36	85	52	57	46	20	11	67	64	47	71	47	95	21	84	33	62	76	60	46	61	5	2	56	14	3	24	57	88	84	49	7	80	91	93	86	83	30	12	43	25	73	64	88	65	3	66	71	66	11	88	64	72	52	44	75	70	24	24	32	19	73	73	41	47	77	61	57	51	26	4	50	38	62	75	83	83	98	36	3	60	17	78	33	66	57	20	39	88	61	68	40	52	36	18	68	66	10	27	61	47	68	54	96	81	52	69	7	8	77	29	94	69	20	10	52	93	89	86	77	7	21	44	68	69	36	97	26	87	66	68	93	55	97	96	73	12	20	53	6	91	64	90	47	9	34	53	73	2	26	55	74	95	74	91	47	
48	93	37	53	44	23	34	14	59	45	6	44	38	95	14	69	39	70	50	31	8	100	68	33	39	100	76	39	41	20	96	3	4	73	33	95	12	85	39	79	31	87	18	78	10	26	10	81	45	32	27	43	48	95	62	17	22	78	71	50	55	72	58	50	89	61	91	19	3	95	1	78	66	44	63	37	68	93	94	32	54	24	11	52	71	94	55	67	88	65	39	45	69	7	90	39	49	77	21	28	86	22	60	17	44	53	51	47	34	47	34	31	22	7	22	8	24	95	2	87	14	59	62	53	28	45	53	84	33	53	15	99	71	29	18	10	31	60	45	3	24	18	92	32	23	98	17	77	99	34	36	13	63	48	90	4	98	23	43	93	18	40	18	88	78	5	37	63	53	74	69	60	2	3	12	92	50	21	85	14	47	26	92	29	36	17	91	89	89	32	81	86	30	77	9	87	39	21	37	26	
66	90	2	22	33	64	69	2	93	41	35	82	22	34	54	16	99	53	4	89	83	58	99	85	100	81	96	91	82	76	47	3	80	50	21	74	93	14	50	25	75	68	44	83	53	52	50	83	74	27	67	40	66	51	70	18	10	89	85	36	88	15	57	81	8	20	47	27	31	86	40	39	61	89	9	60	13	100	55	91	100	64	56	47	74	26	43	74	88	21	89	1	44	55	96	7	11	26	89	65	10	64	11	96	96	6	62	77	47	76	92	85	87	38	88	37	46	12	38	3	90	93	53	88	79	51	57	13	66	96	26	91	84	20	37	21	63	53	50	75	82	52	64	9	66	62	19	52	3	27	12	7	70	12	72	41	26	71	48	42	15	24	83	63	61	29	68	8	13	56	3	35	17	56	33	98	60	83	66	39	96	67	91	81	81	77	80	22	38	86	2	24	63	65	33	28	67	5	91	57	
10	62	20	40	73	74	87	25	69	98	79	51	39	52	44	32	82	33	61	70	20	51	96	19	73	15	74	77	64	73	100	62	67	37	21	11	55	43	89	69	79	85	76	85	96	35	73	81	9	56	60	98	41	65	17	56	74	64	52	36	29	25	95	92	8	77	22	40	48	78	98	27	91	50	82	55	80	30	36	65	61	26	44	38	84	10	72	16	66	44	67	63	5	29	93	42	92	16	83	93	23	16	71	44	96	59	69	61	34	92	50	65	100	96	28	12	92	56	91	21	99	58	46	98	89	19	64	46	77	70	89	87	20	76	4	5	32	54	43	70	9	60	32	61	22	91	33	29	64	66	71	90	82	39	32	30	96	61	60	93	6	53	2	76	44	9	82	29	60	60	45	66	19	87	59	18	87	68	74	41	13	57	30	69	98	42	27	81	27	56	72	91	91	51	72	50	79	1	54	3	
33	8	76	75	21	50	25	38	98	78	25	61	93	36	31	68	75	6	48	35	62	73	35	71	8	42	87	60	18	84	15	67	74	42	49	89	37	22	80	23	73	31	48	77	73	99	10	25	44	50	33	90	29	47	24	3	64	50	20	67	49	93	96	15	4	14	51	87	81	57	14	62	53	73	58	74	8	35	39	60	33	84	62	75	13	98	84	23	58	37	33	23	80	62	56	7	9	10	57	37	1	54	87	30	16	7	9	57	31	85	65	22	1	43	78	86	22	91	25	38	33	5	16	25	83	56	24	70	37	61	32	96	90	87	28	25	72	98	56	24	96	49	41	99	73	61	36	29	62	17	61	47	21	83	7	81	60	13	33	39	78	18	60	76	25	86	70	84	42	85	49	95	74	74	36	43	49	20	2	94	51	65	52	42	6	29	10	98	63	74	60	56	49	48	29	23	67	63	73	8	
82	17	70	86	47	49	57	75	65	83	69	81	2	33	15	72	12	9	24	43	100	1	33	85	47	77	44	19	4	96	58	12	13	47	22	18	40	52	78	75	62	99	87	24	63	58	26	9	92	76	79	10	49	19	24	100	93	88	31	60	44	34	41	33	70	100	60	99	96	54	84	53	48	4	84	18	12	49	44	89	86	81	74	34	41	77	11	89	95	56	62	46	7	17	91	35	81	64	98	23	11	73	42	13	21	13	43	51	22	87	100	1	37	15	58	58	78	19	39	60	41	92	47	37	55	36	34	71	34	27	94	85	47	97	97	43	58	86	74	15	50	58	21	78	43	88	31	3	52	92	45	94	27	83	67	78	15	19	49	61	90	91	12	93	7	84	84	49	1	99	37	43	98	54	28	97	89	71	86	18	29	7	1	82	4	29	75	46	44	5	85	86	18	39	50	98	49	83	86	16	
98	33	9	62	94	88	44	90	17	60	66	64	11	50	19	14	31	43	16	96	66	6	23	62	40	60	71	90	50	30	78	90	9	23	41	33	92	19	10	32	92	35	66	9	26	44	10	43	15	45	42	14	8	15	42	44	69	71	23	44	11	30	34	12	99	16	80	34	5	62	88	50	89	8	42	90	59	95	6	55	57	43	2	81	74	57	26	46	66	67	17	30	71	61	20	66	80	50	90	68	23	91	27	48	3	61	71	26	7	38	96	43	15	79	65	84	22	67	64	7	8	87	73	12	17	99	55	31	24	50	32	37	25	65	81	100	33	51	77	85	39	25	42	8	34	74	18	97	54	48	38	71	38	67	98	49	9	70	82	20	34	44	15	51	8	16	12	45	23	99	56	96	82	42	40	9	21	71	38	65	68	20	46	67	75	24	13	79	10	5	18	75	48	14	49	26	50	68	62	75	
100	28	73	65	86	90	24	47	66	65	26	63	15	28	30	23	78	83	18	70	88	89	88	99	74	23	46	13	54	18	47	42	61	70	22	100	74	38	25	72	35	51	97	29	30	65	74	15	73	70	1	38	18	71	86	26	38	41	53	99	50	91	90	31	55	77	91	75	59	95	38	60	74	36	35	7	54	55	97	80	4	20	58	60	37	2	69	34	78	15	24	28	19	48	39	13	87	71	28	13	65	15	97	27	71	4	32	4	22	88	28	78	58	65	57	29	72	79	20	53	84	34	79	43	9	52	64	33	25	77	32	72	57	20	93	26	22	72	92	46	11	82	42	37	35	88	48	18	55	34	28	58	37	96	54	48	62	46	56	37	47	42	13	44	95	11	94	54	19	48	85	5	19	70	87	13	79	88	50	43	2	95	71	78	90	37	1	70	82	29	19	32	4	81	98	15	49	22	37	60	
16	11	29	40	36	32	52	1	6	67	94	60	55	48	71	64	10	37	65	92	98	82	9	19	71	96	76	73	25	18	40	80	89	95	50	39	67	46	74	38	62	11	68	10	6	99	96	54	36	83	29	67	42	88	24	61	12	43	74	36	18	8	54	27	75	56	87	34	83	13	64	69	29	20	41	55	56	17	50	10	58	21	51	70	47	12	40	49	83	16	49	27	49	43	2	83	32	93	81	26	57	17	39	4	79	14	2	50	8	37	12	86	58	84	29	97	24	96	24	20	98	86	63	23	49	1	37	23	70	62	82	2	27	65	92	82	23	82	42	38	26	6	58	43	66	79	49	83	52	45	13	21	56	73	21	66	47	70	58	65	29	30	15	39	26	4	81	38	55	77	22	42	75	49	87	54	20	62	74	59	17	88	4	82	17	29	91	89	83	69	92	39	49	47	5	6	34	17	62	45	
31	22	26	29	56	62	18	99	80	11	94	83	39	15	88	74	95	53	45	77	35	53	33	88	65	44	8	16	65	95	38	73	60	58	44	16	53	92	30	96	47	36	25	67	98	6	95	15	15	59	92	19	49	30	84	53	89	8	52	31	67	12	8	76	56	24	42	80	99	96	31	67	29	18	57	19	46	83	8	77	43	4	64	71	71	48	47	3	62	74	89	82	22	92	29	79	6	26	39	17	57	91	51	14	83	17	29	38	24	46	92	22	78	22	72	24	90	98	74	40	61	17	31	79	70	93	28	87	29	26	27	3	33	93	33	68	18	76	1	44	30	74	45	94	57	23	86	2	53	77	19	92	63	87	51	35	10	73	8	73	74	20	43	43	58	86	25	84	22	70	8	69	28	70	83	7	18	98	97	18	72	76	56	54	15	76	27	16	65	76	89	65	77	19	61	99	49	64	92	52	
39	84	56	16	72	35	77	98	96	11	37	52	16	51	86	70	77	22	47	22	4	45	36	48	33	1	90	81	56	80	17	36	70	64	92	95	89	22	51	67	13	15	99	22	79	72	28	99	66	96	3	82	7	17	87	100	49	6	29	52	63	43	38	52	29	26	30	20	32	96	47	22	79	2	17	31	41	89	43	9	87	68	64	74	19	46	51	46	47	86	79	91	9	38	28	99	72	7	42	89	26	48	52	59	93	4	44	62	95	12	56	91	19	67	79	96	98	9	24	17	21	45	23	99	26	26	10	68	8	24	22	21	66	32	53	70	3	71	67	42	86	10	65	59	62	19	40	41	78	26	10	11	23	51	31	67	48	32	97	89	80	33	59	6	92	32	11	94	58	22	77	5	69	94	50	65	32	54	89	92	91	36	58	57	16	94	38	11	3	76	3	76	16	39	12	73	71	80	80	65	
99	26	28	44	94	61	1	44	95	7	49	48	1	1	97	93	1	16	77	44	41	44	52	1	91	67	11	80	13	93	99	77	35	40	58	2	48	20	69	7	82	85	100	76	38	49	51	58	79	24	91	77	81	73	67	43	6	84	9	44	5	93	40	60	19	79	89	69	99	34	50	49	55	63	17	2	17	12	31	16	91	69	92	6	70	30	46	27	84	9	76	1	57	15	61	32	61	96	50	78	79	97	19	59	78	23	50	75	2	38	91	25	39	64	20	24	74	24	59	93	39	42	35	95	81	90	78	71	33	3	58	38	39	94	6	59	32	83	40	46	39	24	100	90	34	20	71	52	89	10	86	82	59	88	73	98	78	95	53	80	45	99	15	67	68	17	21	78	30	86	62	2	56	93	57	22	85	2	12	65	98	55	24	75	44	4	56	19	14	93	11	41	72	59	90	54	22	53	27	69	
67	63	95	71	33	31	88	13	100	29	46	41	52	56	25	38	31	37	92	99	25	37	17	65	90	12	57	62	54	21	70	95	80	13	63	1	67	33	89	80	96	92	6	35	73	80	23	69	65	72	17	73	60	35	98	91	61	97	67	93	65	56	5	14	55	17	64	28	31	99	35	78	77	83	25	98	64	96	51	97	27	51	76	42	39	45	30	82	59	54	97	4	53	33	28	54	62	77	63	10	85	93	91	64	74	11	44	83	87	3	21	38	60	7	53	20	40	17	93	45	60	53	21	62	42	99	40	15	43	33	29	31	19	53	75	10	14	11	81	55	56	11	10	85	97	78	14	26	82	11	80	31	67	28	69	32	63	96	68	52	70	1	76	19	84	85	49	87	7	3	41	23	84	73	63	80	77	89	89	72	72	34	32	100	100	13	7	95	100	97	19	90	61	6	76	70	41	55	35	81	
32	34	21	13	90	77	38	39	70	73	53	46	42	24	25	73	45	23	20	8	71	100	15	42	2	3	74	16	42	23	92	91	87	29	81	88	30	42	99	97	16	28	45	79	83	99	95	97	78	42	64	60	26	63	65	25	53	39	74	65	20	70	87	95	85	77	23	88	100	80	67	19	33	69	80	86	46	15	10	81	62	73	57	90	23	24	68	46	79	60	23	84	71	30	100	83	12	56	56	10	35	3	12	15	61	45	46	83	14	90	99	33	41	8	84	98	61	21	39	60	80	64	60	29	33	1	91	36	66	7	76	38	5	83	17	27	81	52	34	54	19	30	5	8	86	49	30	62	53	19	41	59	78	54	31	22	24	62	32	53	74	78	47	77	13	50	79	82	36	69	6	79	31	49	61	45	41	52	83	37	67	87	32	43	68	91	9	14	62	89	11	100	94	66	18	4	100	53	77	91	
59	20	13	24	97	65	96	38	66	1	98	31	74	49	89	99	84	30	9	46	1	82	84	4	74	10	14	6	49	86	12	61	78	28	94	16	57	63	93	49	31	96	6	95	24	6	37	38	7	18	4	88	35	52	83	2	18	27	63	33	80	25	90	19	74	22	97	21	41	40	69	64	29	83	4	62	5	55	1	40	69	14	65	74	39	10	30	40	28	28	68	3	16	19	79	66	54	49	87	1	76	30	61	63	37	57	40	98	59	93	58	5	92	87	34	86	17	45	42	53	64	31	15	67	95	4	83	73	27	45	26	67	65	60	5	67	58	74	93	34	31	28	44	65	72	60	83	37	58	47	20	69	23	96	48	48	54	60	22	70	90	41	81	37	23	5	52	53	33	25	36	80	43	3	88	66	98	67	99	59	39	16	53	38	11	98	76	23	65	74	29	34	85	57	48	13	58	51	49	70	
36	11	71	46	83	39	89	44	71	43	65	90	53	86	78	70	44	35	84	81	26	88	97	38	38	73	65	85	8	6	56	10	95	26	86	85	26	41	56	31	73	82	73	23	55	38	24	6	20	91	74	79	89	19	43	35	70	1	12	95	89	55	76	67	85	99	97	94	21	46	25	96	98	76	96	22	93	94	89	40	38	70	18	20	85	87	19	50	93	17	72	29	34	6	61	98	68	48	56	48	36	39	48	95	18	20	18	36	62	53	46	16	47	73	79	63	31	23	35	21	60	15	29	33	8	74	21	52	50	87	70	37	69	100	93	72	55	66	95	81	27	58	61	13	3	86	76	21	65	50	70	98	71	34	86	54	65	64	11	9	53	30	6	26	79	43	84	81	4	42	16	75	37	22	100	88	26	31	5	59	35	12	28	44	21	89	88	39	79	17	76	31	65	30	35	40	70	17	38	21	
79	82	86	49	28	24	49	63	98	5	18	83	94	60	29	86	11	11	94	12	86	28	27	47	94	77	88	29	14	64	38	18	9	77	79	66	53	69	72	66	2	82	59	5	84	3	14	42	16	9	38	48	28	35	29	73	78	49	33	15	53	33	68	62	90	90	10	12	5	37	27	31	49	70	98	2	77	95	49	81	21	57	55	84	95	71	40	87	57	22	51	51	17	45	49	41	65	47	51	98	42	42	82	78	94	11	60	3	53	88	98	25	37	12	43	23	79	99	95	62	29	67	33	9	53	87	55	49	28	22	75	100	35	41	85	46	63	35	78	21	81	10	99	71	48	99	2	74	68	45	56	56	59	13	82	100	71	88	81	35	97	22	6	43	23	77	69	2	94	12	17	96	11	31	57	86	14	46	94	23	78	65	19	98	25	9	70	7	100	62	19	59	20	97	2	88	66	31	19	79	
23	5	58	38	40	42	92	99	62	32	60	20	24	83	22	46	87	86	17	40	89	13	54	72	81	94	33	22	43	55	16	55	96	100	95	92	99	50	88	25	34	32	85	27	2	64	81	64	97	31	57	39	37	36	14	30	66	75	49	62	85	20	83	58	69	37	71	29	56	48	97	82	22	89	26	88	18	99	45	85	3	35	89	4	11	54	32	99	33	37	8	96	95	1	4	89	26	42	43	77	83	65	12	36	48	66	35	60	28	79	89	83	55	17	9	49	70	26	81	42	33	95	8	53	29	26	3	90	38	93	68	93	44	78	26	70	74	49	85	21	98	2	21	49	21	86	70	54	41	50	8	79	57	47	54	84	69	1	67	1	99	47	82	4	97	27	98	28	59	39	9	58	46	42	40	65	21	25	90	63	79	94	95	82	64	93	74	98	72	19	35	58	77	67	16	1	39	71	10	30	
98	51	100	65	50	21	42	66	44	15	72	50	85	47	63	97	64	82	99	51	49	51	97	70	83	68	16	31	57	49	7	11	41	34	36	29	34	46	83	28	52	54	28	68	51	21	30	70	46	13	88	9	62	55	28	38	29	43	51	78	69	83	75	8	38	70	73	94	57	84	27	91	42	52	95	69	92	59	12	100	3	21	59	37	30	57	42	4	20	28	38	10	98	34	1	56	71	53	94	36	85	46	99	45	40	91	34	17	45	51	19	56	36	99	52	1	93	26	90	99	1	4	74	87	26	93	79	42	47	43	77	85	8	80	5	91	11	12	87	28	37	64	26	86	91	25	2	97	18	97	6	12	8	99	34	62	62	2	75	33	21	26	22	70	52	26	88	10	78	78	72	5	70	29	62	25	23	14	33	11	78	83	67	92	70	40	70	15	74	79	17	86	83	71	27	77	50	86	9	45	
8	65	73	71	79	42	1	95	53	96	94	35	10	74	98	63	4	100	62	97	28	27	91	42	21	75	37	62	40	25	10	17	9	63	13	32	22	39	95	73	34	1	76	25	92	60	78	94	13	67	98	6	26	99	81	66	32	92	74	23	10	56	72	31	85	75	21	74	53	29	10	91	5	11	88	52	9	44	43	65	28	77	36	24	63	59	61	83	63	16	66	32	65	57	8	59	5	5	24	65	34	88	11	87	35	100	77	78	53	57	64	24	34	55	64	37	28	10	78	40	91	83	21	55	3	79	13	100	33	66	100	24	66	87	28	45	67	9	37	93	76	80	55	66	62	88	77	77	27	98	93	59	81	33	91	31	75	27	36	73	74	72	95	5	54	57	86	72	64	1	86	57	6	32	81	8	21	42	27	90	9	3	30	21	77	20	59	55	20	49	10	16	20	15	94	26	95	69	21	60	
64	21	39	33	14	10	20	97	87	53	40	92	49	100	95	26	59	27	77	70	52	40	53	89	34	1	7	16	17	65	2	48	70	54	47	31	12	56	79	94	48	52	58	54	20	52	38	53	84	90	95	89	64	8	83	79	47	55	21	9	14	64	51	30	25	83	54	14	17	25	28	78	96	66	55	80	7	91	46	35	89	3	45	51	87	77	30	89	9	73	83	61	10	94	35	39	9	13	9	17	68	63	100	43	60	81	66	33	84	13	46	70	71	31	33	23	87	68	71	15	36	73	52	49	90	42	100	91	56	52	42	30	26	13	22	11	47	27	41	97	47	12	5	74	6	26	86	90	37	94	42	93	35	5	42	92	86	98	11	64	82	37	39	17	36	1	48	60	65	28	51	43	16	42	66	92	93	44	17	46	76	76	86	44	64	11	51	57	28	22	12	83	22	63	35	67	24	54	96	70	
12	35	49	53	22	22	11	77	22	29	78	20	85	6	91	61	19	25	63	37	4	94	32	21	61	78	88	69	63	2	75	94	72	7	40	76	40	41	1	91	89	51	93	9	43	15	18	95	71	34	97	42	17	83	82	66	63	26	74	46	66	55	80	62	74	32	1	74	68	38	68	36	5	43	1	81	34	51	1	42	81	16	20	77	76	91	52	42	44	63	5	56	96	75	91	52	94	54	56	71	5	29	84	76	90	6	2	66	33	66	77	37	34	24	25	70	29	8	33	43	66	27	50	28	38	47	33	56	79	6	73	11	47	41	75	58	38	96	79	32	25	90	52	11	33	58	7	76	92	52	38	54	53	64	16	13	45	44	53	31	84	76	6	11	64	61	19	62	41	35	31	100	11	28	80	27	37	43	47	62	77	29	4	25	83	11	97	21	8	52	22	36	44	25	84	59	84	30	37	62	
2	9	42	79	16	99	73	10	71	82	55	44	24	90	8	13	38	35	64	14	17	88	11	93	19	88	54	32	2	73	97	85	32	64	26	15	54	99	39	73	98	30	96	37	65	42	22	49	5	60	8	24	60	94	67	15	57	98	7	12	84	44	99	46	86	15	8	31	40	98	19	46	6	33	11	90	26	57	16	30	48	8	79	79	46	90	84	35	36	53	52	8	63	26	35	31	17	77	63	78	83	23	87	43	100	79	86	57	53	96	70	61	27	50	77	62	26	24	3	33	7	45	87	22	93	43	66	52	6	72	95	31	48	72	71	43	18	28	71	44	94	28	55	60	1	76	88	36	44	68	54	35	86	84	69	39	37	45	59	61	70	94	50	56	39	24	72	46	76	59	67	46	50	67	67	36	91	58	3	36	80	81	42	18	26	9	11	74	91	58	1	35	97	10	50	21	61	83	28	47	
95	25	20	95	46	71	59	5	28	93	88	26	82	27	55	28	74	72	78	92	23	36	19	78	64	96	98	1	10	6	67	73	13	7	44	54	65	85	5	73	15	4	21	18	20	5	65	33	32	48	15	58	53	80	7	95	37	8	13	60	14	12	59	89	24	72	99	49	85	42	77	2	62	60	22	34	31	19	90	71	61	18	10	95	17	92	25	92	100	75	79	86	99	96	13	55	14	36	15	47	39	25	52	81	77	68	8	20	15	26	89	32	94	32	32	82	27	22	58	29	76	26	70	75	68	77	100	42	73	95	34	79	8	13	28	48	58	87	17	16	25	90	16	57	50	68	42	35	51	72	43	20	77	29	83	50	54	18	58	84	65	42	65	23	68	40	27	90	91	78	16	59	98	4	57	79	86	32	63	35	59	65	37	13	84	32	90	49	24	51	29	42	49	70	13	34	14	100	48	29	
97	8	45	64	83	7	100	6	60	12	91	53	26	6	83	58	57	69	9	88	9	36	96	83	55	72	63	34	64	71	9	59	66	94	48	68	88	77	67	40	79	33	6	68	98	40	58	78	62	9	30	16	88	14	89	50	88	4	51	93	49	80	16	36	4	42	92	55	27	96	61	16	79	53	25	5	38	92	65	32	31	76	27	65	34	34	95	20	24	42	66	99	48	70	25	75	14	68	88	33	94	6	65	85	63	12	19	39	99	91	87	96	85	37	72	2	3	21	38	31	38	67	37	100	93	85	24	30	11	31	79	50	58	10	35	39	43	4	41	95	50	91	50	99	25	86	14	97	47	47	4	48	46	60	99	34	41	30	4	37	45	94	11	51	46	97	36	82	96	69	37	38	67	71	80	32	64	50	75	39	57	23	57	58	8	82	28	86	63	29	52	41	83	66	72	89	59	22	73	100	
62	83	33	9	49	53	94	76	11	96	82	93	12	27	92	40	31	68	39	86	83	60	25	96	40	2	84	79	18	59	33	65	8	27	8	81	20	6	8	69	13	73	56	34	70	12	40	58	3	68	24	68	50	19	58	83	13	95	37	33	18	57	68	48	48	94	21	74	26	60	36	33	14	59	20	14	76	52	14	75	33	47	98	79	48	78	87	61	64	79	12	16	16	9	5	86	17	72	84	32	1	53	55	77	68	7	71	88	71	84	20	90	47	25	57	27	33	66	39	19	5	65	69	35	44	8	66	26	47	48	8	58	1	85	28	68	96	27	68	5	35	13	16	52	87	1	23	74	63	10	15	99	20	3	80	75	90	63	15	65	83	49	29	42	52	61	85	33	51	6	32	24	70	45	85	82	16	69	98	62	51	56	95	29	15	79	9	52	58	4	17	43	15	62	5	75	74	13	29	65	
46	19	15	86	56	37	44	21	91	47	52	72	15	29	30	70	5	19	63	69	74	10	71	58	49	93	64	66	28	75	49	22	94	33	9	4	9	81	77	53	45	71	56	29	7	57	38	19	12	43	17	19	77	95	79	32	89	80	23	85	41	92	97	36	90	71	94	63	80	3	37	84	31	75	18	67	85	83	35	11	62	70	38	8	49	38	46	6	99	74	16	10	83	48	17	54	60	5	4	69	22	98	93	85	47	90	62	61	29	20	76	87	97	65	20	65	93	32	94	53	83	60	100	41	78	80	87	13	41	72	13	10	85	62	58	5	84	95	64	57	19	49	60	53	3	49	31	46	94	11	7	30	23	22	19	80	39	18	6	61	90	58	68	77	97	13	76	81	34	3	52	34	57	65	12	78	81	6	70	34	73	76	20	48	5	42	59	94	14	32	43	64	59	64	15	53	30	53	100	34	
52	74	100	26	50	94	22	60	51	95	28	79	64	25	46	67	94	65	18	43	15	33	78	19	18	1	5	69	34	53	36	27	50	78	35	62	10	60	24	41	64	56	19	59	82	60	92	18	21	50	69	16	84	56	96	8	72	93	9	99	68	61	68	2	16	92	45	32	80	92	80	93	75	85	26	74	97	14	73	100	66	89	3	53	10	39	2	95	86	2	71	1	59	84	83	58	60	62	81	54	75	3	8	64	64	84	35	68	18	37	4	28	97	81	93	92	33	53	6	75	17	5	93	85	26	5	28	22	75	71	28	35	28	58	72	79	40	6	47	67	48	45	50	36	8	100	50	3	8	94	56	41	52	51	14	6	22	62	81	8	33	87	74	97	99	46	7	81	86	56	9	44	44	21	21	3	48	19	73	44	90	91	69	72	51	60	81	22	9	27	29	93	54	47	3	6	19	54	7	47	
23	23	96	58	6	37	2	4	70	69	84	9	23	26	91	69	76	4	3	95	77	1	49	35	83	37	35	83	63	74	42	74	27	10	61	1	42	71	69	39	79	97	19	65	46	15	2	50	42	22	36	19	7	69	98	96	85	91	86	92	81	34	38	2	91	69	85	51	25	62	96	23	48	76	37	53	67	94	67	38	58	15	72	62	19	51	40	39	29	44	65	13	34	53	13	37	69	14	31	17	16	18	33	97	41	36	99	40	10	21	5	25	43	100	26	82	68	70	59	10	27	67	72	46	70	91	45	11	58	43	48	39	68	5	79	1	84	70	46	95	7	24	99	51	35	33	39	92	10	4	33	97	93	17	19	36	37	7	11	43	98	56	73	19	3	100	81	52	75	62	17	24	56	48	96	91	17	4	54	86	83	34	64	65	87	9	25	26	39	29	16	62	51	62	93	35	27	55	62	5	
73	81	83	97	79	52	99	77	23	20	51	27	91	32	48	34	99	1	59	63	32	36	45	45	58	25	23	67	73	55	39	17	28	38	53	11	14	79	75	41	95	2	97	91	42	75	19	47	89	81	63	78	83	28	78	76	74	16	80	96	56	100	31	10	28	76	43	7	24	58	83	97	29	63	25	19	12	34	57	57	23	64	17	32	19	4	30	69	34	42	14	62	63	72	50	37	29	38	6	8	95	1	80	78	82	12	75	52	31	63	32	72	58	33	22	23	18	3	32	14	81	58	55	63	74	11	67	47	38	18	58	43	96	84	40	84	98	61	4	44	34	55	25	85	47	95	24	7	14	55	82	9	43	20	14	87	94	20	32	93	55	11	89	22	20	100	39	45	23	35	43	64	61	59	62	17	95	7	74	72	75	26	74	78	50	81	86	55	57	85	26	76	65	29	90	75	90	74	82	65	
46	10	63	51	75	95	30	68	7	20	71	97	38	63	58	6	62	74	75	53	83	57	8	72	72	9	54	17	21	86	50	80	50	52	93	55	59	100	27	90	55	60	35	100	14	13	2	43	17	89	3	47	5	61	28	13	77	56	26	15	68	92	99	52	39	38	87	75	28	65	69	22	97	73	88	75	36	14	43	22	14	21	38	65	93	76	4	98	8	7	88	40	76	96	69	6	78	23	49	45	11	91	99	46	51	2	90	36	60	53	54	98	86	51	72	82	76	71	83	11	52	74	66	35	49	12	9	27	96	28	87	4	27	95	6	70	61	22	76	64	35	7	78	92	65	76	6	8	34	85	80	42	77	73	73	43	89	76	20	56	82	81	19	73	74	45	40	38	52	37	55	81	100	7	53	5	11	10	25	76	33	5	3	91	81	9	31	55	59	54	41	7	18	34	39	100	35	81	19	55	
38	20	48	14	70	32	38	19	92	8	20	40	65	10	71	73	65	67	27	42	40	1	64	3	82	64	83	95	49	53	3	61	16	99	22	15	70	91	82	86	67	34	65	27	91	17	47	70	69	49	13	90	14	81	26	86	51	94	50	15	33	33	94	47	63	42	2	16	58	47	49	74	33	20	91	100	79	64	59	71	99	14	48	4	88	50	93	36	33	3	45	59	51	4	52	12	68	9	38	7	68	23	78	85	16	40	86	18	45	50	43	56	74	77	92	42	1	67	40	81	34	93	95	78	85	87	37	41	79	71	17	41	68	64	47	46	4	76	9	8	47	83	11	5	86	76	22	27	88	36	10	68	16	51	93	60	53	88	72	13	37	23	17	32	43	64	27	57	26	78	24	57	57	45	67	73	76	77	30	83	34	37	68	19	91	12	12	46	87	61	87	91	64	88	71	6	10	81	33	14	
91	86	95	43	61	81	88	67	17	10	77	73	90	40	27	63	33	49	28	83	69	95	26	91	37	100	21	51	2	87	24	58	79	84	83	33	86	22	7	24	37	40	60	50	46	38	24	63	34	82	34	92	83	59	77	38	3	28	14	58	35	73	47	7	30	92	19	21	78	97	92	33	54	54	27	51	69	21	70	72	22	95	61	22	54	98	72	14	33	51	83	45	10	9	19	23	17	64	71	24	10	4	32	56	91	31	35	68	3	75	70	24	15	85	46	38	44	42	46	55	54	34	81	21	21	28	93	97	32	44	16	95	5	57	67	95	44	64	8	29	55	59	52	76	70	69	42	87	50	89	46	52	72	75	55	65	92	40	37	57	59	94	79	53	15	49	64	41	37	69	66	51	84	81	9	58	57	100	72	84	65	18	56	10	54	26	89	35	2	95	54	57	19	74	44	64	17	43	69	41	
88	77	71	55	43	21	60	37	17	60	17	99	46	80	88	82	18	80	74	48	77	100	74	58	90	84	100	57	48	15	42	63	45	56	99	6	25	83	17	24	10	61	61	15	59	20	30	15	42	46	4	13	19	50	2	28	58	39	81	15	54	29	58	9	35	25	68	11	80	21	71	4	63	92	17	27	98	55	64	49	41	92	14	54	100	69	80	22	4	77	38	28	76	50	57	27	60	27	49	56	88	70	45	91	43	3	8	66	24	82	9	96	50	39	11	26	30	86	39	56	19	31	27	81	98	37	76	47	25	94	25	50	35	19	48	7	34	35	47	55	54	87	47	11	88	9	49	1	51	6	60	49	59	74	19	43	22	20	70	68	34	48	11	95	12	57	65	93	62	73	54	61	29	62	32	83	91	4	12	99	37	42	19	96	28	92	92	4	75	17	9	74	56	80	19	6	75	78	57	52	
7	94	44	61	52	19	13	32	54	19	83	8	11	9	14	13	54	22	21	95	46	35	25	14	4	92	76	26	13	49	100	6	13	80	50	15	92	29	35	11	97	37	58	3	24	72	53	70	12	23	92	3	27	74	10	66	91	84	14	54	22	73	100	65	41	62	67	45	50	6	95	5	11	31	7	32	36	83	52	45	77	83	14	59	22	14	13	70	46	87	23	67	35	36	82	79	10	65	73	67	2	55	90	54	59	14	41	10	18	52	60	49	58	25	82	6	74	10	24	11	30	28	58	10	2	64	80	12	90	28	90	91	13	49	45	24	55	7	83	59	87	41	84	27	1	100	78	92	7	44	88	8	51	80	52	92	32	69	79	77	77	97	1	9	89	7	84	20	3	15	38	11	18	23	76	86	7	82	29	96	22	80	92	71	15	23	86	39	57	78	27	5	31	77	66	58	49	75	96	56	
72	55	73	82	74	83	47	95	100	55	5	45	49	37	92	14	26	18	17	8	34	53	1	81	2	19	7	63	83	96	13	19	22	51	39	25	95	17	78	66	45	17	80	96	79	51	11	63	58	88	39	69	48	25	36	40	98	98	27	84	41	23	29	29	5	66	80	33	32	10	65	1	15	49	49	63	12	60	41	88	64	20	17	21	74	75	34	79	28	70	54	47	1	29	97	96	35	45	26	85	23	27	89	72	69	13	54	27	92	64	32	41	21	42	42	58	45	65	100	10	5	44	61	99	21	26	55	5	52	55	16	50	16	60	50	99	25	78	11	52	47	84	37	8	63	39	86	93	46	96	62	91	35	21	35	57	68	93	76	67	71	90	7	15	47	84	79	73	36	51	3	98	26	51	22	94	20	95	61	72	88	82	57	24	54	43	26	88	29	48	78	53	95	72	90	33	11	29	71	69	
27	49	42	29	50	64	39	59	58	6	35	15	10	54	95	38	25	5	19	72	74	85	6	94	12	76	16	17	44	38	95	60	100	65	43	53	31	48	84	61	61	57	44	53	78	83	84	78	2	42	53	53	75	15	32	20	33	51	83	51	76	14	42	39	20	85	66	53	34	58	42	10	70	37	77	17	31	14	91	17	81	19	42	8	31	14	33	11	5	28	96	30	86	9	42	60	30	51	42	22	10	81	76	23	12	82	48	61	32	9	61	99	78	8	37	43	94	59	90	85	8	65	13	71	49	86	66	74	11	60	57	99	52	53	36	51	85	92	5	76	11	27	8	21	15	84	11	89	19	1	14	71	4	75	22	31	75	84	54	56	29	15	20	85	18	94	62	7	6	57	89	1	17	10	97	72	71	69	75	14	93	89	85	31	35	87	97	77	21	29	23	49	94	30	6	28	29	59	34	59	
65	89	65	80	17	62	22	44	25	51	31	13	13	2	30	18	98	16	67	79	16	64	9	70	77	33	43	74	46	43	81	47	57	100	61	66	68	85	83	95	66	54	18	97	48	5	57	95	75	95	48	83	27	25	59	39	1	87	68	65	12	91	64	34	57	17	57	26	64	3	21	73	94	14	13	34	2	44	34	72	60	65	7	36	34	64	21	2	93	35	35	8	79	51	86	66	68	71	41	94	2	52	59	27	82	34	92	47	23	66	22	73	43	34	35	66	57	62	34	97	86	72	3	48	21	91	62	6	33	1	50	25	87	3	8	35	47	65	86	70	88	1	63	15	43	17	38	34	46	60	9	61	86	6	64	5	43	12	30	34	37	28	82	86	46	82	71	67	57	64	75	5	84	36	39	83	49	46	78	30	90	43	76	56	29	12	95	76	69	13	90	86	36	18	93	37	11	3	48	60	
60	47	64	29	36	78	60	84	12	75	77	60	12	91	100	77	28	18	9	8	40	24	59	77	85	45	94	35	9	37	14	63	14	41	41	78	85	12	95	53	57	46	8	73	2	54	23	60	70	23	49	28	12	95	55	2	5	38	92	50	75	95	13	81	32	80	56	36	33	19	47	58	59	98	35	66	20	87	60	4	85	72	32	44	31	96	73	5	55	94	43	50	23	10	46	16	77	40	82	75	87	14	16	19	64	49	7	68	98	62	91	61	88	74	88	79	23	19	20	78	49	60	86	99	86	25	88	26	58	76	68	86	1	49	100	33	95	76	76	69	9	100	39	84	17	85	46	75	20	68	39	100	9	83	9	74	66	3	95	63	53	81	84	75	42	16	85	23	81	22	4	42	41	82	24	33	52	83	10	78	67	8	46	87	89	9	78	74	22	2	63	7	46	17	62	73	55	52	96	65	
74	81	90	9	82	49	60	91	98	4	67	62	34	39	92	62	50	74	85	62	31	48	79	75	40	49	8	15	8	58	36	50	59	89	26	21	88	97	10	92	63	97	54	58	77	73	48	50	84	52	17	43	80	83	22	57	90	65	40	47	76	4	86	12	22	37	72	32	78	40	82	23	46	14	67	27	73	6	97	35	70	26	74	33	58	1	57	48	88	20	89	15	70	49	74	42	27	99	40	26	79	67	22	8	1	45	21	54	17	19	33	36	31	18	48	49	86	40	71	14	30	83	76	2	70	2	77	86	7	88	42	14	23	31	50	39	24	6	22	42	49	78	86	11	38	46	39	19	23	67	12	23	90	9	70	90	13	25	100	38	8	47	8	62	3	46	27	2	7	63	65	84	80	76	78	19	88	11	98	74	80	74	78	72	98	100	12	61	8	14	10	57	37	85	53	68	82	95	8	44	
74	53	4	91	1	30	16	83	2	88	23	64	57	84	94	30	83	26	85	50	43	36	47	66	3	70	58	77	41	83	27	18	80	62	96	97	81	62	99	29	98	10	3	56	32	22	9	44	17	71	94	29	25	100	60	90	21	88	49	3	49	89	49	65	59	82	17	16	29	67	54	95	59	97	32	14	15	90	29	56	78	60	92	68	7	36	57	15	9	22	20	27	70	44	46	54	50	57	4	93	23	43	33	55	84	63	77	96	77	52	29	29	3	97	18	83	2	41	52	26	62	37	21	74	54	97	77	90	76	36	35	97	74	46	3	92	7	8	27	87	1	92	93	89	34	75	19	82	96	86	31	37	45	75	71	50	87	7	80	98	25	100	100	12	66	40	8	4	79	63	14	8	77	55	88	56	87	91	35	63	50	75	9	96	96	68	41	2	98	8	58	13	98	90	79	47	35	90	16	11	
55	45	91	16	62	13	93	96	10	7	3	92	25	93	20	95	64	15	49	28	37	74	79	87	90	21	37	82	28	11	87	10	92	53	47	61	76	12	21	15	44	97	13	56	73	86	72	28	17	15	59	70	16	91	31	62	40	94	7	67	86	79	4	35	39	2	14	60	48	87	33	14	12	29	29	17	52	46	62	93	19	85	69	55	52	3	87	11	91	57	5	47	87	1	92	80	12	66	32	42	84	37	41	76	80	99	80	81	99	3	64	62	52	54	55	52	53	78	89	82	53	58	65	68	41	18	27	37	92	44	51	47	63	94	8	10	14	34	88	50	51	7	46	19	46	20	23	96	7	26	53	6	31	98	59	45	2	5	88	30	84	76	40	62	39	67	23	23	6	31	71	82	29	53	23	30	61	15	31	92	99	78	82	4	42	53	87	76	23	13	84	92	79	43	53	17	38	89	86	76	
8	78	60	42	2	37	4	92	31	35	48	8	60	58	31	31	73	71	89	41	51	33	65	28	40	11	17	49	87	49	7	82	2	74	5	90	71	50	74	11	96	36	85	46	85	54	26	48	84	29	85	36	97	17	94	17	19	36	62	15	65	41	22	38	20	59	40	53	61	59	48	90	84	66	41	77	52	50	46	56	40	66	56	35	2	62	56	62	94	42	36	52	81	18	87	63	85	28	39	86	50	67	24	13	9	48	77	52	34	27	66	17	92	48	34	45	77	26	10	11	19	47	50	45	50	97	98	94	52	68	72	47	10	11	94	4	55	85	36	89	6	44	96	1	60	68	67	86	26	45	88	84	52	64	2	51	63	98	43	68	25	37	95	75	71	70	78	88	32	43	95	21	3	98	3	1	5	66	18	31	18	74	31	71	84	75	80	79	30	92	95	74	7	66	83	10	24	7	41	99	
41	76	70	9	22	47	94	83	5	90	20	22	48	62	44	67	8	7	56	23	3	4	41	25	25	11	55	30	64	97	8	33	30	41	100	77	77	69	87	67	94	39	16	41	56	52	83	7	1	67	72	45	62	34	12	79	15	61	76	29	82	40	5	90	55	3	69	69	45	100	20	23	52	79	21	78	70	54	10	38	10	76	34	27	50	94	75	7	74	31	46	98	35	53	34	40	87	17	58	29	92	65	10	63	27	29	98	69	36	12	71	61	45	38	28	13	19	10	86	80	41	20	70	56	8	6	93	42	38	54	43	4	15	7	56	33	82	80	10	46	60	88	62	14	9	39	12	31	53	88	24	19	51	13	42	34	51	96	95	99	65	91	19	58	94	22	24	81	32	61	75	41	53	28	48	83	18	62	20	50	72	88	32	36	75	66	64	96	51	6	63	7	61	79	89	11	21	9	69	16	
100	47	29	7	18	8	76	98	89	44	80	36	19	9	37	56	63	3	93	66	26	29	100	99	80	41	86	84	65	23	46	86	100	10	16	61	48	18	87	43	49	80	36	11	93	52	72	38	67	25	69	17	26	38	55	63	3	65	43	71	95	27	8	28	8	49	51	2	65	6	59	33	53	37	11	82	64	79	67	16	58	23	24	51	34	88	3	13	12	9	49	77	4	77	72	52	49	27	87	9	12	19	34	14	71	48	11	7	13	7	90	47	94	71	58	21	92	11	82	31	59	69	98	56	79	12	59	93	54	35	20	48	99	30	41	97	9	42	68	52	49	8	91	71	61	100	23	37	6	84	19	44	45	99	34	70	7	34	92	3	27	56	9	79	24	43	25	13	7	58	30	7	66	11	56	23	26	83	95	52	69	40	49	29	12	96	95	63	55	28	89	73	74	2	12	24	99	61	95	40	
29	97	92	6	42	78	24	1	4	58	68	43	25	81	48	4	60	19	9	55	78	87	1	19	94	13	39	22	11	6	30	91	98	87	54	31	96	1	64	93	38	40	13	18	17	49	5	83	97	15	55	45	88	91	52	91	80	60	62	22	1	24	47	18	61	25	76	86	30	61	81	62	56	88	64	28	67	92	82	44	75	9	25	56	89	6	36	66	27	27	95	80	94	86	29	79	81	83	45	17	16	61	80	30	69	74	83	8	63	70	82	21	27	38	37	56	63	23	59	67	78	23	71	59	57	8	81	35	53	86	77	46	20	23	52	93	43	77	16	72	59	51	35	4	86	9	90	45	31	52	51	45	7	32	81	80	68	23	55	17	90	69	90	14	59	17	97	38	71	57	76	2	69	43	12	59	29	55	76	70	58	43	7	59	40	5	98	40	99	86	12	7	88	60	20	7	63	75	83	21	
97	28	67	77	35	3	72	78	50	75	94	33	33	58	19	22	14	29	62	53	9	43	46	45	64	80	32	51	95	28	29	59	71	43	22	61	24	29	85	68	63	80	100	3	87	91	100	99	7	11	91	19	68	29	93	5	3	94	21	45	51	63	38	47	14	44	100	19	23	30	27	82	2	29	74	68	43	68	81	44	36	88	75	71	41	39	24	80	93	33	33	37	28	11	43	59	37	37	41	15	19	89	60	89	40	71	9	77	48	12	39	83	83	67	96	73	87	51	88	28	54	96	34	13	47	99	33	5	64	84	29	60	3	22	51	17	20	73	51	75	74	80	21	75	6	83	9	75	98	64	13	99	32	5	45	76	30	47	31	82	99	74	95	22	18	74	39	52	13	13	83	56	15	85	81	100	21	40	47	45	90	35	21	99	87	53	39	47	67	53	63	11	26	77	77	46	10	50	5	37	
6	22	99	87	64	91	24	34	5	84	65	92	7	31	94	79	32	74	9	49	55	56	28	86	48	44	95	40	66	99	9	18	93	4	40	71	65	39	89	41	87	95	47	41	33	52	8	33	39	44	24	54	56	75	27	22	62	88	62	7	40	72	29	1	48	53	60	57	77	51	76	67	12	100	15	36	90	7	36	6	4	15	56	17	7	74	59	70	71	3	19	14	28	48	95	48	100	45	93	6	13	98	8	72	49	83	84	29	90	72	32	7	67	98	54	21	51	31	73	69	31	48	86	82	54	34	91	42	16	69	83	99	80	19	14	19	14	73	93	55	19	52	35	22	64	9	70	71	59	2	42	34	81	45	30	55	11	30	36	79	86	46	100	35	91	35	14	38	17	86	42	90	74	32	45	29	3	95	98	4	95	60	54	11	15	3	90	74	29	8	86	89	58	61	83	6	16	89	44	7	
64	59	70	99	26	56	40	38	38	21	65	73	22	68	92	35	31	62	37	23	83	45	11	31	11	54	76	84	22	64	4	95	20	25	39	43	3	7	12	8	53	65	86	98	48	37	7	83	80	20	73	77	90	39	16	39	65	59	1	37	71	57	56	94	24	51	15	29	76	78	82	37	85	24	68	11	39	63	68	94	32	64	87	51	9	55	78	30	92	89	25	42	56	98	53	48	15	15	50	47	62	92	19	84	73	83	84	94	4	41	30	81	78	49	48	66	35	67	98	32	22	48	54	100	84	62	31	92	13	39	50	34	75	80	6	36	87	43	60	65	43	92	57	31	5	74	90	50	45	51	34	70	80	76	55	11	38	60	47	10	12	23	65	83	27	46	82	67	90	89	50	10	34	26	34	19	70	82	33	28	14	63	4	79	88	52	56	98	66	79	81	24	9	38	1	53	89	18	50	69	
58	20	14	18	27	85	62	59	12	23	14	82	58	29	60	30	89	59	83	78	13	96	34	47	77	40	48	21	52	66	13	25	9	43	65	10	17	36	51	99	7	69	37	60	8	50	57	18	81	40	30	74	99	98	12	79	67	91	43	71	13	87	51	34	99	10	17	20	1	97	60	30	23	51	66	93	82	47	69	68	75	6	58	28	66	92	29	26	97	7	83	45	71	12	95	23	40	75	89	11	34	48	85	44	84	83	87	69	98	26	96	60	15	9	62	47	10	48	78	63	24	54	65	71	69	62	75	86	45	37	54	41	90	39	22	37	94	89	53	92	22	32	68	75	43	66	13	87	2	63	51	7	68	30	11	38	24	51	10	12	58	78	46	60	79	47	40	22	97	93	100	10	87	62	92	1	49	5	84	48	15	98	9	39	22	80	91	8	14	37	56	12	56	72	88	29	67	13	75	56	
34	44	93	49	10	86	50	69	7	76	36	84	22	78	95	86	59	17	63	17	53	71	72	41	74	21	68	33	91	72	51	48	65	53	13	67	2	70	28	55	11	67	54	3	79	81	62	64	3	84	66	44	4	55	34	67	78	71	78	92	69	11	88	53	84	99	27	92	62	93	95	43	27	56	42	79	75	13	59	99	6	73	70	54	87	64	10	13	93	39	75	100	10	35	64	54	38	92	66	9	86	74	85	70	65	95	50	20	23	71	61	13	19	70	46	70	73	32	95	96	62	60	64	88	1	2	27	98	44	45	18	30	63	18	62	7	20	76	88	40	20	69	93	84	12	3	25	7	5	98	96	34	23	47	30	60	51	35	32	6	96	100	85	5	22	86	100	96	35	73	36	81	69	53	16	27	23	2	100	58	40	69	43	4	75	27	30	81	72	66	53	58	70	65	33	17	59	17	85	97	
2	88	60	5	14	74	64	71	47	94	51	32	2	59	71	76	57	33	48	22	24	76	76	48	29	8	34	6	24	65	65	76	35	58	55	48	28	18	55	34	43	53	88	56	14	15	49	5	56	89	100	22	81	36	30	66	72	21	81	15	44	17	90	42	47	77	72	94	1	100	76	74	7	35	34	71	42	28	29	49	12	93	77	99	66	86	11	37	4	57	71	85	100	22	38	89	44	78	92	39	74	38	84	19	62	44	26	10	43	48	60	33	49	82	56	58	8	97	53	68	32	22	11	81	67	75	36	11	53	59	58	4	15	6	81	11	32	20	72	37	70	79	76	54	30	95	100	80	88	43	95	92	55	31	36	47	10	32	83	69	76	88	97	82	63	95	36	47	43	69	10	36	94	78	38	72	14	1	56	2	40	76	48	41	19	51	30	95	25	9	6	58	3	37	64	70	9	49	12	55	
100	80	20	20	54	91	56	30	10	27	93	49	59	25	32	34	91	97	39	86	4	70	17	51	36	76	20	31	6	77	5	11	91	21	62	93	6	45	79	100	34	47	90	60	63	64	87	62	34	6	69	73	35	31	50	87	96	77	80	52	83	92	97	35	71	57	48	23	31	34	61	8	79	51	92	7	16	61	97	92	37	19	53	55	8	47	49	38	5	1	87	1	78	40	8	78	11	100	82	50	85	27	2	78	39	24	6	52	93	42	93	39	61	20	37	65	73	89	80	52	53	70	9	35	1	33	73	64	31	61	84	37	65	61	8	43	93	56	13	57	68	77	67	56	34	63	38	98	30	68	99	3	17	82	79	10	12	6	69	49	40	42	42	57	95	64	70	17	44	2	65	96	40	1	40	93	75	21	37	53	54	15	42	64	15	33	49	43	95	29	41	49	52	60	91	72	88	32	66	23	
36	70	45	30	26	73	61	37	63	47	73	45	80	31	87	11	31	59	90	40	31	91	70	67	22	94	24	53	91	1	97	77	86	85	10	17	49	22	31	3	44	79	56	9	65	31	46	27	9	3	15	35	73	24	91	62	29	27	2	45	18	96	52	23	36	76	4	28	14	98	78	14	65	6	86	75	42	67	58	46	89	8	100	75	8	38	90	75	100	75	31	71	46	86	37	63	79	28	40	24	62	39	82	9	65	92	22	93	18	15	6	78	90	34	47	29	74	80	45	70	74	90	53	97	99	21	74	82	84	70	65	45	83	90	33	98	55	82	37	59	34	77	71	29	37	53	8	25	84	25	65	27	90	99	86	12	58	96	76	40	8	21	94	57	28	14	32	90	34	48	22	75	66	67	53	62	18	19	70	48	80	24	82	9	54	6	55	76	19	65	37	99	30	82	12	44	71	42	44	86	
14	61	6	8	1	47	51	9	5	6	48	66	83	22	12	63	2	12	72	60	56	43	14	89	93	94	10	65	40	91	2	7	19	19	81	78	75	96	56	52	6	14	21	97	17	39	90	13	52	79	1	100	20	38	85	43	37	4	95	94	12	27	91	84	27	23	60	63	37	68	15	20	67	99	96	54	66	70	84	62	8	100	29	55	72	29	50	34	76	48	4	16	48	86	35	44	4	55	86	74	78	88	31	74	24	25	97	89	40	24	53	18	91	44	42	30	20	33	99	1	78	41	30	22	47	26	72	37	76	94	42	94	49	58	87	56	11	81	23	94	48	97	90	15	28	81	47	100	76	37	91	56	69	74	46	23	78	100	88	42	21	72	4	24	57	75	97	46	26	26	55	54	45	66	78	10	56	94	80	5	90	7	32	76	36	9	83	42	39	13	32	57	43	89	98	63	50	95	58	77	
18	35	89	18	7	45	4	11	87	16	55	87	12	31	89	82	44	93	32	94	3	54	71	81	99	93	26	57	15	54	89	95	50	14	99	58	64	63	74	29	73	69	11	48	42	93	89	35	28	79	30	53	38	26	97	24	24	79	81	74	35	56	53	34	28	67	14	34	46	84	67	22	31	4	51	14	5	92	49	43	96	84	69	82	37	63	18	12	6	63	62	29	21	68	77	48	27	78	96	48	31	42	34	42	87	5	22	86	18	83	2	60	12	15	13	15	43	59	15	76	47	81	6	6	82	22	95	39	6	50	65	11	29	68	74	73	89	19	17	79	11	1	7	20	82	84	8	100	40	95	19	9	90	95	100	65	46	85	97	42	94	4	94	56	93	92	41	78	53	94	32	95	2	35	59	80	33	92	31	38	20	79	63	80	62	12	90	4	8	64	6	44	52	12	47	45	39	5	14	34	
7	30	44	63	27	33	34	99	60	29	77	35	1	74	43	38	97	21	44	25	77	10	53	4	78	87	16	78	17	37	87	80	82	70	91	88	28	22	39	27	20	40	45	70	14	52	92	73	100	57	72	47	35	46	58	56	70	61	97	64	38	13	63	66	72	26	96	93	35	16	25	45	36	53	81	78	61	66	53	12	1	22	72	24	76	84	94	8	18	16	91	73	4	72	45	83	100	90	87	86	54	8	25	4	100	36	91	77	88	63	76	76	93	51	44	39	43	6	67	19	77	37	26	43	4	70	5	17	11	56	23	51	42	77	97	19	22	73	32	53	95	9	15	85	86	75	62	12	62	75	58	79	14	22	35	83	60	5	82	57	57	24	56	46	97	76	71	9	7	54	34	27	77	15	44	17	50	99	52	44	22	58	7	98	41	95	34	46	43	60	99	60	73	20	46	87	33	53	37	45	
64	14	39	84	83	73	51	1	75	26	58	66	81	43	4	38	90	53	46	19	60	54	83	78	77	47	60	35	80	50	19	47	78	48	2	42	41	20	25	96	75	24	56	31	12	50	70	27	99	26	4	42	71	76	96	52	82	12	17	49	82	1	79	64	31	78	100	36	78	31	22	52	18	24	78	49	48	22	26	1	81	11	2	27	2	100	65	86	98	99	75	3	48	77	41	5	33	66	94	84	83	66	21	62	32	69	59	7	78	61	44	25	7	8	95	26	58	92	68	84	13	23	79	23	97	52	54	36	64	39	68	46	52	97	99	3	20	74	43	15	12	89	47	18	46	42	3	66	39	71	94	24	59	18	91	27	79	22	63	95	28	57	93	97	3	46	91	75	98	75	11	35	37	100	77	38	4	43	71	19	65	81	37	8	92	21	2	75	76	24	96	34	83	68	52	60	79	71	4	98	
31	90	1	27	10	99	24	6	90	74	85	77	78	13	72	93	59	35	54	52	23	28	62	18	23	86	36	26	1	73	18	99	69	45	90	41	33	72	53	54	81	33	53	73	33	84	2	42	26	41	3	4	12	13	9	55	34	68	99	91	20	24	91	63	78	51	38	17	5	11	82	13	21	58	40	18	45	95	28	19	16	4	6	6	66	7	12	63	6	23	29	49	41	71	67	1	27	42	12	7	59	48	2	42	31	33	5	21	5	29	9	86	84	16	11	4	86	32	17	85	50	5	43	77	27	26	57	1	61	24	40	97	61	13	46	100	100	45	64	49	57	7	84	94	82	16	46	40	67	70	22	43	17	74	35	46	47	86	95	64	14	75	92	76	46	3	88	63	40	81	81	19	87	1	10	3	27	49	63	73	9	75	26	36	93	9	31	18	45	86	66	71	12	22	28	8	34	62	48	51	
79	96	28	26	67	42	84	8	96	83	22	60	96	46	88	64	55	13	44	44	95	12	45	80	52	90	27	55	41	32	21	11	82	65	12	82	8	31	42	36	98	89	11	32	60	7	40	23	7	21	17	56	23	56	99	79	47	95	76	90	39	14	93	56	96	81	70	9	22	100	88	24	81	64	45	60	89	46	1	11	52	32	53	79	89	31	21	55	79	28	100	12	17	77	53	83	63	85	82	47	54	2	51	56	62	94	43	44	37	68	82	70	84	12	94	81	25	11	21	49	79	52	84	69	98	88	86	48	19	72	27	36	85	76	7	81	39	40	27	64	65	84	79	62	71	85	27	8	23	78	24	25	97	39	14	82	40	100	36	70	32	97	41	71	91	88	2	41	51	56	33	98	98	82	53	99	58	33	13	4	28	94	29	29	41	14	70	87	8	85	88	88	98	90	3	79	2	12	4	63	
62	2	53	33	10	22	95	98	60	67	91	13	1	86	33	17	10	63	14	85	36	80	91	97	94	30	47	4	66	93	81	1	85	47	84	19	25	72	71	13	9	81	17	38	12	9	38	94	1	67	79	43	2	100	16	90	7	98	1	70	6	34	25	66	69	100	64	53	87	8	96	3	65	56	35	86	62	98	13	23	31	72	79	23	8	22	33	38	45	67	50	68	13	82	51	55	53	66	40	96	15	46	10	44	93	78	49	68	63	8	29	84	49	45	54	38	84	94	78	87	82	53	81	2	28	10	72	60	62	46	90	82	33	81	81	52	45	38	57	41	93	20	73	7	67	23	2	4	23	88	81	13	38	52	38	67	22	96	47	17	90	46	78	9	75	63	41	31	12	38	18	48	23	16	61	97	73	30	3	14	87	66	90	9	79	100	43	74	84	37	6	54	36	72	87	81	63	45	40	97	
66	37	61	9	1	97	61	50	15	81	10	45	28	96	36	38	40	100	6	60	83	43	62	24	9	84	92	75	37	41	85	74	31	74	42	99	97	61	84	27	3	52	30	23	59	47	4	85	13	85	3	2	65	31	88	85	29	89	54	63	98	69	76	58	14	3	94	59	26	99	67	98	39	28	36	57	83	16	10	99	63	10	4	60	88	82	45	53	11	9	15	34	99	37	32	98	74	46	66	65	23	39	15	83	82	39	3	69	53	13	60	42	1	23	19	55	22	58	30	7	36	33	4	94	59	78	64	65	41	76	91	96	51	34	86	75	23	52	26	37	62	3	36	6	57	81	7	79	6	32	32	7	71	13	17	90	97	35	43	44	34	26	53	7	98	40	51	12	1	11	21	28	10	39	80	82	20	56	25	23	99	56	81	39	35	100	65	23	32	41	73	49	8	33	89	48	91	94	61	37	
74	66	6	6	44	53	17	3	16	13	36	92	31	23	86	22	44	86	18	68	69	8	62	71	44	94	9	63	8	70	100	42	79	52	73	72	16	40	95	72	19	68	2	44	43	57	96	47	90	26	72	84	49	74	94	34	23	13	90	36	78	69	54	63	11	73	47	8	72	91	98	29	42	86	100	25	88	53	44	93	1	11	72	94	74	5	59	35	98	99	79	20	28	41	89	38	24	63	73	95	100	94	50	89	54	10	58	36	74	56	60	85	99	99	48	77	70	22	86	3	69	25	42	12	39	78	1	28	35	59	78	69	6	3	56	62	35	37	78	69	73	15	51	57	64	22	63	63	31	43	61	58	57	13	86	89	93	73	69	2	48	26	94	54	75	81	56	38	11	83	93	77	85	49	96	92	39	52	48	25	97	21	44	28	8	91	96	5	76	69	13	44	5	6	9	55	34	6	84	67	
2	75	11	15	57	69	73	15	99	70	37	63	13	77	8	15	5	99	48	80	23	5	44	67	61	50	67	73	63	51	32	94	94	84	52	53	58	50	80	62	61	46	6	92	4	75	64	24	11	95	39	46	17	11	43	45	69	98	45	100	39	18	6	38	63	37	37	90	61	18	49	20	93	55	97	73	5	22	35	20	98	36	71	54	58	17	12	81	73	7	7	69	41	3	84	28	32	81	55	86	28	93	57	90	17	44	10	97	69	3	45	49	37	56	85	22	8	77	62	41	6	36	16	17	9	72	86	51	31	67	16	37	32	52	9	17	43	55	24	66	54	38	3	89	75	4	65	14	71	95	75	30	76	83	42	50	100	36	10	65	22	55	32	34	11	81	33	18	21	93	70	14	13	100	26	17	3	69	51	60	94	32	76	49	90	4	26	24	66	84	10	94	89	58	56	72	69	39	8	90	
20	14	62	36	15	6	85	60	44	75	54	17	19	18	50	1	44	2	94	73	32	45	1	62	35	99	75	63	15	93	31	1	14	81	92	34	78	100	87	16	56	11	62	51	81	79	85	31	75	54	27	50	90	46	7	71	67	17	63	62	37	68	100	68	60	97	87	21	15	35	52	3	48	79	2	28	90	70	10	52	66	81	51	58	88	70	63	8	26	91	3	24	7	45	79	46	17	48	43	52	50	94	11	44	17	24	32	26	60	35	66	95	43	96	5	42	69	5	2	23	79	80	75	96	58	5	57	43	100	46	59	38	24	34	44	24	64	81	57	51	61	11	98	1	5	42	84	8	82	21	41	7	2	56	90	10	10	81	36	96	75	54	95	27	35	19	98	48	28	77	14	36	43	92	36	53	13	26	16	87	16	21	81	57	89	30	31	45	60	55	75	8	23	23	84	71	28	17	1	98	
1	80	91	90	42	32	30	94	96	64	1	39	47	9	95	67	45	42	92	100	93	53	18	61	42	7	82	59	49	24	86	64	13	90	50	13	71	48	62	77	82	69	74	79	31	8	69	23	85	17	8	81	67	48	86	40	87	84	25	46	61	16	54	91	8	78	96	60	9	100	96	3	10	35	92	6	36	66	70	77	32	97	37	14	47	99	19	18	6	40	66	63	37	29	35	47	72	57	82	33	6	20	49	96	95	100	56	87	2	17	19	74	98	82	19	75	28	69	56	84	31	43	37	11	46	70	6	16	11	50	98	67	70	57	44	56	61	100	57	84	29	18	26	17	84	41	80	77	29	3	53	66	69	15	74	34	87	69	94	40	66	45	2	77	37	87	98	23	10	85	13	43	34	18	70	11	57	66	29	76	92	46	50	67	49	80	99	38	89	29	74	3	72	20	14	72	98	72	86	58	
50	74	27	25	59	43	18	96	46	35	12	85	76	35	11	68	83	9	56	76	30	32	93	75	6	59	73	98	41	91	24	19	9	24	68	61	15	34	46	71	56	83	20	41	46	71	13	34	72	30	18	46	24	59	43	81	87	75	13	30	97	26	40	71	44	66	5	49	51	67	7	5	85	73	64	37	88	98	3	47	30	41	3	70	18	59	19	96	86	2	10	82	58	43	47	57	39	21	52	14	94	12	43	9	20	42	86	66	3	56	87	74	54	42	70	49	70	94	93	73	49	3	22	31	42	29	32	42	28	67	4	71	45	65	21	48	59	7	45	81	62	23	51	10	36	82	76	55	53	98	28	11	43	85	32	26	62	53	78	1	67	66	35	15	100	1	82	16	39	49	100	92	18	18	93	70	96	69	70	91	48	60	4	42	97	86	41	20	81	94	15	60	46	91	47	99	64	33	76	52	
78	89	6	41	87	34	55	46	28	83	72	72	94	72	38	7	50	28	78	59	19	89	43	61	17	20	46	51	79	10	99	90	39	1	86	4	2	3	95	60	92	92	35	31	52	31	33	10	56	2	34	12	47	19	29	94	62	88	68	96	52	11	90	31	24	77	88	53	88	68	36	29	99	89	54	29	65	17	80	25	11	96	91	35	20	6	57	97	11	27	89	14	45	62	92	34	8	68	71	57	54	75	48	54	12	73	14	68	12	33	59	36	28	40	87	87	83	50	57	63	61	88	100	57	40	62	81	66	80	67	57	80	85	12	21	96	62	53	67	9	32	76	22	97	39	24	78	88	23	3	48	56	12	81	45	34	92	16	38	40	53	78	59	44	77	10	53	61	80	96	26	36	70	93	79	49	7	53	81	96	24	20	5	34	60	19	63	86	47	20	7	23	13	19	25	25	39	65	2	23	
52	7	99	70	95	25	35	44	9	34	23	61	66	69	67	77	38	1	36	35	31	83	84	20	73	8	87	50	65	47	72	71	38	73	42	47	78	96	22	20	59	35	21	11	45	1	70	92	50	30	94	67	96	43	29	93	13	76	30	100	89	100	69	46	37	96	85	8	78	96	71	17	83	9	38	43	87	11	65	26	74	25	34	31	81	10	66	62	11	93	20	13	58	78	27	82	19	57	44	93	83	9	51	99	25	23	63	93	92	98	18	43	97	9	13	54	7	65	22	80	45	66	88	86	65	25	8	92	27	36	79	32	82	78	3	91	17	5	73	58	83	86	94	72	83	33	19	56	30	1	83	23	59	100	29	19	1	27	72	93	62	10	80	17	38	3	99	97	82	92	17	53	11	70	49	93	82	65	17	15	37	65	73	46	21	34	30	18	32	95	81	53	33	82	6	72	81	13	85	58	
99	7	3	36	62	15	88	77	31	29	59	62	58	57	40	14	74	74	35	73	48	91	69	16	3	71	62	60	33	91	27	15	68	29	36	6	86	64	10	31	90	63	2	47	37	47	99	49	33	76	86	9	86	26	34	12	97	50	30	64	25	40	63	28	37	95	54	50	14	45	44	71	14	25	43	16	69	55	72	7	12	2	79	31	7	24	91	88	17	88	47	75	94	88	28	82	34	97	31	32	56	60	20	66	68	77	64	55	50	60	87	49	89	21	79	20	18	32	85	77	41	98	26	14	21	23	21	93	37	91	86	64	16	81	48	17	95	11	76	57	91	7	20	71	49	52	88	87	61	5	18	26	29	21	3	70	49	23	14	75	18	56	33	50	4	27	58	73	20	39	3	13	57	96	7	82	97	16	52	62	57	80	30	14	19	28	1	78	91	93	76	39	86	86	27	61	48	95	90	49	
51	62	97	66	94	29	47	82	5	65	100	51	22	25	58	33	91	28	56	72	15	88	31	1	32	53	37	96	87	94	3	11	36	83	23	93	55	26	33	7	40	13	56	70	53	99	29	40	16	77	19	21	31	65	77	1	27	28	22	4	74	69	85	63	29	33	91	62	12	38	80	70	84	80	84	38	39	47	61	56	31	24	46	42	61	34	85	13	29	21	96	8	32	37	45	40	50	15	4	83	16	87	72	93	83	46	44	97	21	83	68	20	71	71	88	62	98	54	2	89	52	67	31	46	25	14	42	44	43	58	32	50	69	6	19	4	7	10	77	100	4	82	95	69	46	83	11	91	15	66	62	83	55	40	95	82	5	2	1	21	19	94	92	99	43	49	33	30	56	52	69	26	66	69	53	65	16	19	7	54	77	19	12	67	2	14	43	44	39	16	52	63	14	6	7	34	74	43	92	94	
71	38	90	41	88	62	79	50	96	86	83	54	44	86	88	54	66	88	54	82	57	41	65	71	43	45	87	55	47	6	17	37	8	65	28	74	98	96	29	73	54	48	33	26	11	29	61	46	79	66	92	57	88	57	21	41	92	91	37	73	1	27	13	78	89	4	42	55	64	60	53	50	2	96	27	46	90	19	3	28	20	45	8	47	65	55	71	29	11	83	14	39	71	95	90	67	2	16	89	58	75	62	74	31	100	80	54	96	85	66	74	2	86	38	50	74	97	89	12	89	83	99	5	94	90	33	27	17	47	3	63	75	98	70	73	54	74	25	30	72	12	29	61	75	78	10	98	35	31	18	20	95	76	47	98	33	84	100	56	37	70	80	31	52	71	63	13	3	25	48	51	16	29	70	81	17	52	7	13	13	51	15	25	93	70	48	29	20	79	20	79	34	14	4	64	50	58	95	42	42	
1	19	76	73	89	5	58	34	30	8	53	43	21	92	25	98	59	89	86	99	23	63	77	30	44	87	39	18	29	47	64	24	88	99	19	95	29	67	87	73	54	13	98	10	87	37	64	9	27	37	65	58	85	30	27	22	90	60	52	60	50	85	17	29	93	68	27	19	75	49	32	47	4	74	72	39	65	92	16	40	16	35	38	38	37	86	30	72	86	56	55	2	77	3	39	36	38	3	56	86	68	71	73	82	52	6	71	73	14	39	41	94	18	65	43	59	18	92	65	72	37	59	59	23	63	11	90	46	62	36	35	39	62	34	44	86	72	76	83	84	99	96	72	14	30	78	74	63	92	31	50	52	70	45	4	28	48	58	2	53	48	5	38	44	19	73	4	14	23	25	60	87	76	91	96	15	62	54	13	87	65	65	74	1	20	12	80	10	45	38	35	93	72	22	47	37	82	54	89	44	
14	45	60	44	77	49	16	100	21	80	85	18	98	69	61	52	86	80	37	9	64	95	66	42	14	58	89	92	42	62	36	9	72	90	69	14	65	76	9	96	16	51	79	33	75	35	19	29	22	59	24	89	1	48	37	49	9	15	3	13	70	28	17	13	76	96	51	88	95	46	67	79	56	57	66	69	53	32	57	83	71	26	72	92	4	48	50	13	59	50	55	32	78	2	9	10	57	35	35	50	52	12	65	23	59	11	45	12	47	96	13	51	29	68	2	17	72	91	98	72	67	39	35	78	79	78	9	76	77	80	59	57	51	73	90	83	75	33	34	65	37	22	88	93	90	67	80	50	99	18	72	69	58	90	95	14	15	40	40	54	80	90	20	22	65	9	28	87	99	97	94	16	92	48	24	37	57	77	51	65	71	93	6	77	19	25	74	11	48	54	90	68	59	80	93	72	77	36	86	71	
85	50	18	40	89	38	90	1	31	72	53	20	27	14	14	25	70	5	62	62	78	75	94	81	59	38	51	20	85	88	93	78	100	1	1	100	62	7	74	92	51	33	73	12	79	20	48	1	90	6	99	36	20	13	35	81	18	11	99	4	50	15	92	34	16	57	67	40	5	77	31	60	46	40	63	10	57	27	40	91	100	71	97	28	79	87	53	41	20	7	40	7	4	42	53	7	80	82	62	31	31	75	87	71	32	23	87	20	26	67	57	65	7	20	95	88	76	36	55	34	87	16	12	65	94	83	3	76	29	81	65	23	56	76	91	34	26	5	37	18	42	80	82	89	43	8	74	75	78	74	88	40	43	35	60	63	98	69	76	15	24	7	79	58	81	75	94	66	56	21	32	21	46	60	20	65	80	19	15	65	93	50	75	49	37	70	71	82	46	17	29	80	45	84	36	45	24	23	36	61	
70	63	4	89	56	31	10	81	89	96	24	99	3	43	65	50	32	58	6	46	98	46	19	32	57	75	15	35	54	27	9	52	45	12	48	57	57	16	94	88	17	74	19	26	94	42	25	7	72	19	92	50	52	85	74	19	42	82	47	55	42	34	19	83	65	60	59	7	73	76	93	53	34	92	49	14	71	40	26	55	60	56	26	15	75	91	53	85	85	98	8	40	5	66	19	2	10	13	93	36	23	93	45	91	41	49	52	53	92	91	30	52	1	46	71	4	56	58	24	32	32	53	28	19	95	67	30	86	4	42	37	57	95	20	69	64	74	3	68	56	19	92	57	85	76	46	78	9	82	31	32	49	7	21	54	4	9	43	48	42	82	32	63	7	37	26	29	90	81	44	76	81	50	4	5	73	30	12	25	74	6	75	59	48	46	97	42	14	90	24	95	96	78	50	5	49	96	1	18	69	
6	88	63	52	69	17	52	46	34	26	66	30	4	67	15	95	53	11	57	76	79	49	24	68	56	20	47	26	92	79	7	71	32	66	70	55	40	4	28	96	58	48	62	66	37	19	24	60	81	57	6	44	90	53	23	71	28	11	81	35	77	6	9	97	31	83	33	60	43	13	49	35	19	2	99	20	81	47	37	28	7	77	11	33	39	26	92	94	12	37	18	50	52	4	80	70	7	9	18	29	37	40	36	65	58	79	9	6	29	81	69	42	82	67	78	82	54	57	75	100	43	38	44	98	82	92	21	44	25	18	13	58	29	48	72	65	78	91	19	10	96	71	24	31	56	87	72	96	4	71	36	29	59	99	11	79	39	4	41	64	9	76	80	98	8	36	29	9	39	28	49	57	67	42	34	46	14	67	93	1	77	49	48	37	78	74	41	68	4	18	69	95	12	65	69	86	53	43	77	44	
79	7	96	37	64	98	67	61	18	78	12	32	96	48	76	24	32	27	38	89	65	40	35	80	3	57	53	53	98	5	85	55	64	6	49	47	10	24	25	35	17	61	91	76	12	47	51	9	14	4	88	3	62	77	67	31	27	78	93	21	73	59	65	55	27	96	40	4	8	50	47	30	100	46	75	25	80	32	31	12	11	88	57	54	75	37	18	6	28	31	74	74	36	17	95	29	85	37	94	43	81	13	87	63	13	91	82	91	36	81	98	6	4	75	90	17	15	16	44	100	68	11	21	25	64	70	77	64	83	26	84	8	15	5	51	87	50	81	91	54	28	15	54	35	29	89	98	96	42	84	75	12	40	87	15	88	22	75	19	15	54	36	62	41	92	93	41	79	35	8	90	89	49	97	60	21	19	2	70	20	19	37	46	78	62	87	88	72	53	38	9	33	47	48	65	35	88	100	17	20	
36	9	45	64	72	34	89	39	93	29	77	54	80	21	19	7	19	25	73	22	71	5	90	64	66	18	39	17	86	75	45	24	19	12	13	36	25	30	47	8	38	3	1	25	62	92	2	95	57	7	15	32	33	13	74	97	57	94	88	61	96	79	50	16	92	88	94	40	43	84	94	97	96	55	34	67	67	18	92	24	2	45	100	98	53	10	23	88	27	75	87	45	19	56	51	7	8	65	80	33	20	96	35	33	53	1	58	64	17	77	42	29	29	24	37	29	76	94	4	13	91	98	89	9	93	40	20	11	11	9	32	82	79	42	60	9	81	9	12	26	92	23	43	87	12	9	100	68	53	75	66	96	5	53	3	52	80	27	51	33	6	9	12	95	21	9	14	100	100	91	4	30	80	86	19	34	28	14	48	12	25	70	97	74	87	95	73	19	2	89	62	84	7	23	33	24	42	7	47	40	
25	7	28	99	27	93	66	82	57	87	45	58	83	65	1	69	37	83	55	22	91	97	99	97	79	20	18	50	80	28	83	58	41	79	46	29	49	37	10	92	19	82	71	2	87	92	69	85	9	88	78	43	92	57	12	31	51	46	45	47	68	83	78	15	43	98	50	97	29	97	92	34	89	18	76	39	44	96	46	58	77	14	72	78	5	14	41	28	37	22	55	79	22	65	51	87	5	71	56	29	98	38	52	63	98	77	84	90	91	80	27	10	75	13	1	91	27	38	56	7	9	76	88	70	74	70	59	51	97	11	90	28	9	59	81	25	86	31	12	89	92	86	26	97	95	78	12	41	87	80	64	95	98	39	90	56	91	30	30	49	55	83	90	34	2	31	70	43	65	96	26	31	99	41	63	30	1	43	29	80	74	71	42	41	88	73	98	37	1	98	13	24	89	33	47	10	13	4	67	94	
29	77	92	38	71	70	49	91	84	2	69	19	77	63	54	36	81	34	73	67	64	7	84	65	35	65	81	3	70	64	52	49	33	24	96	52	22	48	94	59	29	47	24	33	17	41	51	97	25	56	88	88	1	10	15	35	77	48	8	38	79	62	28	59	45	62	48	21	96	67	4	24	38	96	54	30	4	74	77	6	26	69	68	42	31	97	23	79	58	81	15	79	84	68	19	10	9	71	2	85	92	10	23	26	26	33	95	47	89	22	81	98	46	79	70	89	16	11	19	95	14	23	39	7	98	15	55	57	21	74	49	86	52	94	22	26	55	55	46	35	4	39	88	77	76	74	61	2	76	79	96	63	40	47	74	98	8	81	95	43	76	42	4	46	75	18	87	74	23	5	24	45	38	20	86	18	78	44	20	10	11	82	14	68	72	19	37	6	26	7	62	94	9	77	11	98	87	55	18	90	
10	73	59	77	100	88	88	68	78	93	40	51	13	93	46	100	12	22	59	80	56	73	1	71	8	24	62	35	71	91	3	4	22	74	11	84	5	85	24	64	7	39	95	18	1	31	79	51	100	91	61	90	16	30	86	75	51	14	41	37	74	37	76	97	3	71	43	63	60	80	22	99	57	80	27	10	31	27	43	81	14	89	58	3	26	6	75	80	28	70	35	73	49	61	67	62	84	13	23	44	68	94	62	70	20	21	32	9	89	38	27	63	44	10	82	83	65	3	14	100	62	65	79	100	72	74	20	28	8	91	24	63	58	14	9	39	57	59	87	2	75	57	29	21	69	22	8	98	23	30	51	55	99	67	29	66	14	72	25	95	19	39	8	43	76	45	8	84	32	76	66	60	89	81	47	32	91	39	79	45	48	46	90	4	53	2	1	26	85	87	89	18	95	98	23	70	36	8	4	91	
38	13	21	100	12	93	27	56	82	69	71	5	70	35	24	16	98	9	51	8	60	71	2	22	28	99	86	52	14	59	41	30	31	50	68	93	50	22	69	7	98	38	7	19	99	29	58	79	22	25	87	93	96	42	4	78	47	79	47	84	53	22	5	77	73	47	72	98	81	30	23	70	55	64	89	73	58	61	24	67	1	51	9	28	67	95	27	95	26	1	39	47	26	73	46	14	28	60	11	61	97	61	30	81	3	27	2	34	32	86	56	74	5	5	29	69	76	76	93	97	89	74	17	62	19	79	49	22	52	58	51	29	4	32	27	29	85	54	61	95	17	78	48	29	13	2	14	8	13	92	6	28	86	53	8	79	37	66	9	29	65	13	64	60	24	86	85	37	41	69	84	55	29	94	20	95	93	16	20	38	54	17	24	18	38	89	98	7	87	95	35	6	83	23	61	73	63	36	79	33	
11	91	48	7	24	24	80	57	36	56	65	27	64	26	79	90	82	54	53	81	31	39	64	69	8	75	20	38	96	83	30	60	23	56	35	61	46	49	34	71	87	29	72	37	65	5	59	45	81	7	38	86	69	44	15	72	60	20	34	56	45	18	34	46	20	56	89	74	16	72	100	9	93	41	23	78	8	53	97	48	38	88	48	17	95	1	14	6	43	29	76	89	12	66	18	91	9	46	65	32	29	60	73	46	35	22	22	53	81	2	72	60	85	18	19	92	89	3	11	19	11	29	76	19	35	17	10	12	22	1	29	52	17	43	29	16	26	41	87	54	9	27	78	23	90	63	10	58	84	95	63	89	12	63	86	81	56	53	6	41	37	32	6	99	96	66	88	6	73	13	10	75	74	15	7	81	76	52	79	35	90	29	95	69	9	62	13	62	89	35	26	82	97	20	23	58	88	32	12	66	
78	7	67	91	89	36	26	82	51	8	61	60	60	1	62	32	38	43	2	46	23	38	61	13	86	15	82	22	1	96	58	17	60	18	27	9	2	59	58	69	81	35	39	31	61	12	98	57	60	46	33	78	18	36	36	20	71	53	50	24	96	39	75	10	2	16	6	96	53	31	31	34	82	68	31	79	40	21	39	22	94	4	71	47	1	99	33	64	93	85	32	3	76	26	68	80	52	59	78	35	22	33	12	2	62	68	42	73	86	24	91	56	86	75	32	39	65	76	41	90	100	34	31	59	58	86	16	83	36	35	42	41	43	64	93	62	76	7	91	57	74	5	53	49	86	7	57	13	92	74	7	73	7	11	89	24	12	58	58	49	99	57	44	60	34	71	88	54	49	44	94	8	3	60	23	53	39	63	34	93	68	80	96	95	33	84	24	94	18	6	82	12	46	70	48	47	55	52	41	15	
68	12	19	49	42	20	11	11	97	8	5	64	39	63	46	90	43	60	20	66	58	91	57	12	58	83	93	13	5	71	36	97	57	63	97	30	59	8	50	52	2	13	55	13	63	55	92	32	60	91	95	18	61	52	96	45	84	33	30	34	15	66	84	8	63	8	67	64	8	58	41	96	100	24	74	91	95	8	85	92	67	9	31	72	12	36	37	58	68	70	36	74	67	53	83	53	77	59	43	31	28	10	43	47	32	27	6	2	30	63	91	49	18	48	4	49	77	16	72	61	94	85	65	20	77	83	20	22	44	97	49	83	15	59	54	51	65	18	64	19	56	31	95	94	36	46	37	98	79	7	61	74	88	26	58	9	56	70	3	52	30	43	52	73	83	12	98	36	8	5	89	23	72	46	13	33	86	14	14	72	59	45	78	12	47	7	89	9	95	83	97	46	36	19	37	95	65	62	5	92	
9	3	73	85	47	89	96	57	85	80	24	80	27	41	47	34	48	90	71	13	89	67	60	90	17	77	66	56	7	69	42	97	66	43	3	99	42	67	66	86	44	39	41	32	9	44	93	76	65	23	36	55	82	11	2	90	45	1	55	74	80	5	70	48	58	56	17	57	56	1	73	93	23	60	80	39	52	100	25	27	14	64	25	82	4	17	92	99	36	3	24	49	81	6	74	83	74	100	24	24	65	11	96	4	25	33	94	26	77	65	51	48	39	14	81	47	19	39	59	6	66	57	30	97	67	71	15	63	25	10	70	66	62	64	47	62	29	34	88	74	80	77	72	30	18	17	85	90	43	66	79	2	60	77	61	38	72	65	37	60	82	89	12	20	68	22	90	72	33	6	58	23	20	91	19	82	86	6	4	22	80	84	50	65	48	23	33	77	98	23	20	70	19	29	53	90	16	62	24	12	
12	40	19	24	43	66	76	41	61	9	25	64	29	65	33	27	88	68	70	95	76	7	1	1	7	84	51	23	5	45	35	76	97	26	66	57	89	73	15	73	77	96	53	8	13	66	10	37	57	97	49	96	42	2	32	89	22	69	34	74	1	15	68	31	44	18	27	12	30	21	53	56	67	64	17	59	97	5	100	56	53	6	76	95	82	78	79	84	34	92	73	100	42	47	92	94	99	8	65	52	14	19	96	4	14	27	14	55	9	33	72	29	50	49	98	5	61	12	90	76	18	48	35	2	16	27	94	35	84	50	13	72	5	15	3	93	90	39	71	44	19	66	90	6	93	62	53	79	53	83	89	12	20	77	83	1	88	33	64	91	12	98	47	46	52	28	3	87	89	9	56	84	14	47	25	6	27	7	64	47	93	36	5	69	65	33	47	11	23	61	23	48	37	53	22	29	12	81	45	1	
15	82	70	93	25	10	3	64	7	1	53	67	8	84	72	49	11	65	65	76	61	59	11	32	1	43	33	66	53	69	72	69	35	65	60	30	26	1	32	73	58	99	100	63	54	78	76	91	41	19	41	81	23	43	21	13	70	40	83	22	31	69	50	38	87	33	15	71	32	96	17	19	12	47	96	49	46	69	32	15	1	91	84	27	55	83	17	83	31	65	84	24	48	51	19	39	20	22	55	4	39	62	80	96	25	64	46	74	87	28	50	23	98	26	15	6	99	73	54	70	4	13	40	88	1	77	26	67	59	21	34	89	75	53	6	35	75	100	6	64	6	58	33	28	37	73	68	47	17	10	11	24	7	46	6	53	29	17	70	72	44	63	45	87	60	8	79	81	48	55	72	71	72	99	25	72	61	34	50	37	72	45	49	86	35	24	10	98	70	73	58	47	95	90	29	39	93	19	35	58	
45	90	9	55	20	94	66	39	91	64	77	10	61	2	73	82	6	59	4	2	93	19	33	11	12	45	97	35	75	97	90	82	100	53	90	75	28	57	99	84	40	62	41	91	47	85	14	21	33	84	61	28	37	65	46	21	68	78	50	96	93	27	33	9	82	81	73	58	73	81	97	34	91	81	100	99	23	84	97	1	84	39	57	20	63	97	3	28	28	22	31	58	15	6	18	26	51	76	92	9	12	61	64	37	52	54	35	95	39	67	79	67	49	50	49	34	49	71	22	41	100	58	70	66	39	50	95	24	84	61	14	59	74	30	19	27	90	35	10	17	75	49	11	29	11	55	82	35	38	24	21	99	63	10	16	89	67	59	9	88	71	50	39	33	79	34	2	63	91	34	69	28	98	64	39	81	48	74	58	82	77	24	96	53	88	42	13	87	36	63	88	55	65	16	12	93	41	97	31	19	
64	20	4	41	20	69	7	66	70	6	18	45	16	33	13	50	33	86	12	41	10	22	21	43	34	17	67	62	23	36	7	11	98	23	64	100	100	32	88	73	13	47	97	73	11	57	11	4	70	82	78	71	95	58	65	13	76	30	76	25	93	49	4	11	59	36	14	98	100	99	42	47	52	50	37	55	97	13	14	93	47	71	84	91	17	45	27	52	51	100	54	43	89	27	72	87	15	4	76	20	12	68	75	75	52	7	99	74	21	5	1	63	83	68	22	17	64	80	53	55	53	51	17	31	71	86	69	54	30	83	100	22	13	53	54	55	74	81	81	43	78	75	29	59	3	52	95	90	89	7	9	61	75	50	89	18	13	17	49	32	42	95	5	53	71	62	12	45	94	6	39	17	72	33	65	13	95	43	95	54	36	23	1	43	100	7	4	55	8	36	32	52	62	62	81	19	97	10	37	29	
42	39	6	5	79	50	97	80	93	20	98	58	22	86	72	28	22	23	95	48	53	57	34	92	70	81	89	69	66	8	82	87	90	64	58	70	65	25	19	14	41	43	36	86	49	94	51	33	75	87	2	52	40	66	50	27	22	95	55	65	93	48	55	36	93	18	77	70	49	68	34	41	69	57	60	39	8	22	65	88	36	11	86	18	50	62	42	10	65	69	92	37	46	88	9	83	88	95	100	35	48	90	33	90	78	86	96	91	37	91	54	73	86	62	37	62	92	80	27	35	77	49	38	19	10	9	21	96	37	28	48	73	29	100	7	62	82	19	33	69	57	96	71	34	48	96	8	16	86	41	69	95	83	5	44	50	75	85	12	66	44	58	14	37	4	48	4	40	61	84	8	1	86	76	2	85	90	92	42	89	86	36	18	77	17	47	67	18	4	79	12	41	5	24	45	35	31	37	48	10	
95	41	24	18	11	31	4	55	6	84	52	89	96	14	88	6	33	17	66	75	7	25	56	78	32	95	20	20	65	89	85	24	54	97	12	30	14	32	90	77	14	42	42	41	13	50	7	55	22	66	71	76	32	32	49	17	44	82	62	48	68	73	44	88	20	91	48	79	32	1	53	85	91	11	95	20	86	91	96	34	23	30	65	49	80	18	69	27	26	16	59	93	76	64	89	26	85	40	92	48	37	48	63	14	90	57	31	47	26	57	3	8	16	75	60	45	52	65	69	81	91	70	21	79	30	45	60	70	62	47	29	100	65	34	47	5	65	55	14	41	52	56	69	59	60	65	44	11	76	99	16	40	21	37	7	69	56	97	55	23	86	77	34	45	98	51	63	97	37	67	90	98	58	52	23	58	49	94	42	44	71	61	69	44	20	40	94	90	91	33	66	15	92	12	1	58	19	29	10	91	
