200
4213
17	68	85	66	18	78	91	90	11	59	26	37	91	50	19	67	93	12	55	81	58	19	23	32	29	42	99	72	84	20	26	27	88	79	29	13	32	72	55	66	74	56	90	46	35	94	80	90	95	41	66	21	63	3	8	12	56	43	84	22	98	29	99	11	1	16	84	67	51	4	45	47	32	51	2	57	52	6	45	46	85	38	77	96	98	34	78	25	25	90	47	47	29	70	21	38	92	19	25	1	75	80	2	17	87	62	85	25	32	97	20	70	2	19	12	72	92	26	79	75	51	50	65	65	76	58	43	43	47	34	16	90	59	32	58	58	76	64	20	46	42	56	16	61	38	28	49	20	80	54	80	30	72	96	39	30	90	13	92	34	31	84	58	51	23	34	68	73	53	84	50	48	100	98	6	49	85	98	41	67	83	65	32	96	26	97	76	18	52	53	21	66	17	90	75	70	29	25	19	56	
8	28	27	88	53	4	62	47	14	25	46	81	40	93	12	62	43	14	24	61	94	70	30	62	22	46	73	8	2	46	13	15	24	92	93	13	94	65	25	37	65	99	17	75	35	17	94	37	49	97	35	46	50	90	23	85	37	58	70	46	13	86	99	27	57	31	18	5	5	28	23	60	3	40	64	93	15	91	77	95	44	24	85	61	60	69	81	97	58	94	40	33	53	35	55	16	24	63	61	55	93	4	22	61	30	72	26	96	10	92	8	37	95	54	62	22	7	55	39	50	43	46	19	14	33	51	24	90	31	13	78	33	54	94	96	52	78	83	60	60	1	71	98	52	90	10	6	74	75	86	18	13	91	28	39	79	11	46	92	75	49	90	39	67	96	96	91	87	5	12	21	3	98	23	30	90	68	16	86	45	43	82	20	10	100	17	8	21	43	94	83	16	26	25	27	93	57	38	71	25	
28	28	63	45	20	27	52	40	43	77	16	17	55	44	72	69	100	79	99	58	13	95	54	15	74	99	91	65	66	79	14	59	7	66	46	25	83	59	78	74	100	18	52	59	75	79	49	29	89	59	51	65	3	62	29	93	47	49	48	28	62	29	36	54	18	58	67	88	27	67	40	47	55	33	64	27	5	86	9	30	34	68	11	75	20	90	78	12	75	79	38	42	18	76	43	66	54	41	45	85	17	68	7	56	56	44	31	91	27	20	33	27	41	83	37	99	57	53	90	56	5	25	90	67	91	99	24	37	11	68	28	55	37	10	68	64	29	100	22	66	72	6	33	67	25	99	95	16	57	91	77	67	17	62	13	6	33	30	2	49	38	55	62	21	73	54	79	34	52	91	50	96	65	11	38	43	43	25	93	77	8	26	45	52	22	46	27	27	16	78	50	90	38	89	97	59	7	28	94	12	
27	63	80	2	4	22	43	74	48	43	53	84	56	46	18	66	29	36	13	56	3	1	85	19	39	48	4	16	33	9	43	63	15	44	4	77	88	28	48	33	62	87	61	13	63	50	95	28	18	3	16	72	14	40	90	94	10	15	98	29	71	64	29	46	72	41	40	32	88	46	98	47	91	6	36	24	17	46	56	64	61	54	84	57	46	41	4	97	15	60	67	28	11	57	44	65	72	53	91	94	74	9	58	91	12	37	50	42	54	41	68	90	13	74	61	70	59	88	28	46	57	15	48	24	63	5	33	25	45	69	32	51	60	69	96	64	85	20	32	47	41	49	62	1	28	12	87	56	13	26	8	14	10	71	26	93	23	24	19	91	82	36	61	14	5	19	87	61	38	74	76	27	60	65	35	33	38	21	78	51	33	32	31	53	36	45	59	51	4	87	52	33	62	88	39	83	32	18	62	42	
88	45	2	49	30	95	75	94	31	77	99	80	71	31	86	22	20	53	8	23	13	61	23	33	89	1	50	53	75	92	58	11	74	56	98	1	28	42	56	81	82	76	18	71	88	56	50	51	22	99	49	63	7	46	36	83	15	5	90	20	42	44	14	53	83	70	35	97	69	92	71	59	10	99	10	33	12	17	95	87	39	44	4	41	68	89	74	97	91	52	86	27	74	68	75	51	56	61	52	88	34	22	18	32	41	61	4	99	4	73	81	56	39	85	64	56	15	72	53	99	34	9	23	19	48	41	42	45	87	77	27	48	32	60	9	17	35	15	12	40	31	7	5	15	17	79	88	9	11	8	37	48	85	35	98	86	75	52	4	47	66	28	99	40	81	66	68	70	75	56	18	62	47	73	83	2	86	100	52	85	85	61	29	67	30	5	61	21	50	63	40	33	29	81	17	65	87	10	69	2	
53	20	4	30	11	43	12	1	96	45	26	91	16	53	58	80	59	86	43	72	26	11	56	26	14	69	80	100	21	62	34	95	64	1	18	58	28	98	77	100	6	36	40	64	27	99	37	1	89	49	38	75	22	61	55	37	75	31	45	83	34	71	98	21	52	81	98	96	5	68	76	19	24	20	96	26	87	91	12	88	62	48	66	83	21	19	11	18	78	72	8	11	80	16	34	96	83	33	71	86	20	59	60	31	4	69	4	13	31	97	70	7	94	13	48	87	75	35	63	99	72	1	68	19	72	5	17	17	68	63	36	50	84	6	3	42	18	62	21	46	92	40	63	88	20	58	95	32	10	38	18	90	70	79	54	17	33	89	15	78	8	59	49	62	5	97	92	21	77	26	80	10	24	35	24	86	89	86	3	75	39	47	8	31	3	74	31	49	29	96	38	4	63	59	30	39	39	62	41	60	
4	27	22	95	43	58	18	57	64	25	63	92	100	83	78	99	58	4	72	83	48	98	80	38	31	96	81	78	28	19	9	75	5	82	69	5	76	99	84	69	78	87	28	70	8	86	52	8	46	27	46	23	98	59	35	88	40	31	74	49	57	24	56	83	96	67	87	14	87	100	19	87	7	48	41	11	90	2	56	57	97	100	98	52	55	18	56	73	70	8	72	59	58	78	32	59	20	8	21	79	22	81	88	53	52	7	57	53	79	48	32	18	67	91	68	56	10	70	62	98	88	85	52	29	90	2	36	57	35	85	44	48	25	92	47	87	72	16	94	32	63	23	73	89	38	5	66	100	67	2	12	86	27	62	68	15	23	50	87	70	52	17	46	12	60	4	78	81	10	60	9	78	66	72	47	22	8	92	27	59	45	62	82	25	89	97	38	15	31	82	10	48	11	67	37	26	26	81	52	41	
62	52	43	75	12	18	99	49	62	37	49	23	13	30	59	81	75	100	2	58	65	2	46	83	48	84	27	65	70	30	9	81	77	73	20	85	60	65	53	10	44	62	76	84	79	77	51	21	68	64	34	23	83	50	81	58	97	8	12	14	32	69	22	80	30	50	50	9	62	69	34	77	32	33	31	69	83	3	15	27	45	38	99	84	38	79	86	73	22	17	39	53	9	5	5	52	71	27	68	84	63	93	22	89	83	28	84	23	43	95	96	78	20	68	66	48	84	35	63	100	18	28	90	25	59	83	9	49	24	9	67	37	39	78	83	1	52	35	27	72	6	21	24	64	36	49	82	52	62	49	9	34	1	82	67	100	3	73	100	15	47	74	14	53	38	13	22	65	85	19	2	12	12	58	15	44	28	42	5	20	88	24	19	55	62	48	78	3	60	53	1	72	90	12	34	52	84	36	70	65	
47	40	74	94	1	57	49	19	51	76	77	85	72	53	75	19	83	42	84	49	25	51	47	43	60	94	59	9	65	71	52	81	14	47	36	76	72	73	59	89	33	11	44	52	97	16	40	97	44	96	21	78	20	26	100	38	33	42	4	78	84	75	31	84	51	91	20	62	46	21	31	97	57	43	65	15	90	68	64	34	19	95	89	100	9	100	97	18	99	94	37	18	62	91	26	96	13	19	33	62	76	37	78	94	15	60	79	2	72	48	33	11	95	60	24	68	21	37	14	35	28	77	75	9	85	50	58	29	86	24	63	56	68	32	31	55	97	58	59	47	65	31	16	45	12	24	73	10	8	74	30	83	96	8	26	15	27	93	40	97	33	88	17	19	15	87	47	60	79	61	86	53	43	39	34	81	86	9	21	37	22	1	56	9	36	27	58	14	69	18	28	23	72	65	96	60	29	52	19	56	
14	43	48	31	96	64	62	51	88	99	79	24	45	4	81	84	2	99	62	24	73	82	78	58	73	58	54	33	39	90	91	22	92	42	52	81	32	7	40	88	51	54	81	24	28	24	31	16	76	26	4	14	89	25	83	97	96	27	38	58	76	51	21	7	44	10	43	64	22	15	39	67	3	47	64	74	100	89	68	85	76	15	78	53	24	31	14	22	65	4	44	22	1	38	25	50	72	66	99	88	16	7	1	57	16	59	94	69	17	69	69	87	14	3	35	83	77	94	9	93	81	25	80	59	28	54	23	43	54	93	41	98	21	75	64	62	83	1	50	92	56	4	92	21	37	10	41	92	25	13	99	42	88	63	10	92	91	54	66	82	37	93	72	94	99	55	54	86	93	73	79	87	80	46	25	68	86	92	44	60	21	10	20	57	65	54	53	87	44	43	30	70	37	32	75	39	92	81	60	55	
25	77	43	77	45	25	37	76	99	86	94	19	54	57	37	80	37	75	21	28	7	39	89	75	41	42	20	83	35	79	48	69	47	31	79	91	10	9	28	46	28	56	19	41	1	94	10	67	84	76	100	33	69	59	84	39	37	93	37	88	50	80	54	84	24	16	20	11	45	85	98	7	25	84	27	94	50	67	75	33	66	27	34	60	98	72	34	98	17	96	96	73	40	22	62	43	10	9	50	58	41	59	63	79	17	9	55	80	92	74	17	16	48	61	53	43	51	86	25	53	43	66	32	50	98	70	8	50	34	48	39	7	22	67	94	7	100	21	15	57	34	14	52	33	58	79	55	3	52	89	52	49	84	16	32	90	37	2	54	57	41	52	81	51	7	80	92	72	56	19	12	65	84	14	33	44	59	33	51	10	80	25	1	97	64	53	41	50	75	19	83	98	63	52	45	89	33	11	48	61	
46	16	53	99	26	63	49	77	79	94	29	93	17	5	43	78	16	78	67	30	79	53	57	54	70	56	43	73	96	6	4	33	31	9	49	36	21	49	64	86	17	92	95	1	5	54	15	77	56	56	34	80	25	30	58	53	7	62	70	30	100	51	94	79	1	7	90	96	76	17	14	81	35	41	29	67	37	65	75	29	94	30	100	78	16	4	34	76	96	26	71	35	12	13	49	51	1	1	83	75	42	6	20	48	45	4	66	55	49	1	99	86	15	38	55	29	5	49	99	55	58	81	67	7	51	76	1	23	83	48	16	2	14	95	73	31	77	60	1	15	26	40	10	36	63	36	55	58	24	82	65	17	34	7	10	78	14	26	30	22	91	71	55	77	62	49	78	75	96	16	43	24	87	9	9	31	16	33	3	26	2	60	12	86	11	4	93	41	7	39	8	83	28	91	90	23	52	33	52	80	
81	17	84	80	91	92	23	85	24	19	93	63	84	7	98	72	85	44	74	4	46	58	66	79	88	76	11	92	2	52	7	83	87	63	25	41	41	90	12	71	60	89	53	7	35	94	73	45	43	8	21	29	8	70	91	42	11	25	46	31	36	1	38	90	8	1	98	62	66	58	41	21	31	20	54	77	75	93	8	12	66	23	82	16	21	28	53	90	22	83	60	8	87	79	34	90	29	17	26	81	90	12	87	66	32	30	17	75	30	72	45	54	4	41	84	86	80	3	53	91	70	33	100	6	10	18	77	97	97	31	80	3	45	42	65	71	71	45	92	87	76	52	72	46	36	44	51	81	99	44	60	92	85	42	80	76	98	95	96	95	22	32	5	79	78	59	40	97	71	8	30	10	43	80	31	52	50	73	19	65	12	96	22	67	91	30	71	70	22	86	92	14	92	23	16	70	99	14	2	71	
40	55	56	71	16	100	13	72	45	54	17	84	23	20	12	83	98	43	86	72	77	40	43	65	53	10	87	78	21	90	70	25	24	57	96	59	14	16	16	82	84	11	70	21	63	37	38	37	26	83	62	63	65	49	28	34	2	64	7	54	10	81	23	58	93	86	35	79	45	18	70	28	61	72	32	21	92	38	59	16	14	38	64	63	6	70	21	30	73	23	33	5	97	25	82	26	44	1	11	99	72	45	95	20	30	37	76	11	62	61	27	36	24	43	19	96	3	69	57	93	56	14	4	13	13	50	82	45	24	89	25	15	65	72	1	59	42	96	27	84	85	15	86	74	40	46	63	67	88	98	13	32	16	10	32	58	89	97	44	9	71	21	45	77	69	95	89	13	38	64	80	38	61	9	8	75	45	24	61	11	2	1	48	90	14	85	90	9	1	89	16	50	59	44	85	73	47	59	37	22	
93	44	46	31	53	83	30	53	4	57	5	7	20	73	84	42	82	81	17	72	18	60	64	53	20	86	1	30	43	85	8	57	45	41	93	90	45	10	88	36	36	98	99	36	89	29	29	29	22	61	33	95	45	9	54	16	9	25	62	49	11	41	34	36	96	32	65	15	17	97	12	91	7	1	75	47	50	37	62	51	87	47	66	16	93	83	13	40	39	69	92	40	5	72	26	53	79	55	30	52	14	39	84	64	54	7	95	69	98	62	94	10	58	5	10	2	2	30	53	74	18	65	91	30	90	6	72	28	37	78	61	89	40	38	50	11	33	82	52	29	38	80	47	18	60	43	96	29	51	74	35	60	63	78	89	54	26	47	59	3	88	1	63	87	24	46	77	71	31	36	26	27	67	39	76	83	74	14	14	100	84	7	63	32	13	23	27	95	37	39	31	58	11	8	30	52	62	20	8	74	
12	72	18	86	58	78	59	75	81	37	43	98	12	84	26	64	85	43	12	90	45	23	36	94	32	27	78	29	27	65	18	14	54	22	23	78	31	81	8	69	40	59	76	21	1	18	70	94	75	72	48	40	19	37	98	27	90	6	71	98	9	77	13	96	89	92	50	2	69	45	83	70	13	75	26	3	74	93	86	83	57	90	48	59	80	41	55	25	52	76	63	51	49	66	51	95	42	12	94	98	24	5	35	20	55	87	67	50	54	26	3	28	4	59	90	80	44	57	24	95	53	70	99	61	82	5	57	92	65	61	13	83	39	24	1	26	4	57	97	97	41	94	61	23	70	69	58	73	13	46	22	66	34	90	84	16	73	65	47	53	35	39	8	90	29	21	51	67	12	92	21	41	97	48	74	41	2	63	24	15	67	23	82	6	41	33	36	80	54	82	95	69	33	50	98	89	15	26	70	10	
62	69	66	22	80	99	81	19	84	80	78	72	83	42	64	75	39	66	36	57	3	52	1	41	3	8	96	36	43	37	56	52	44	7	56	73	62	24	66	74	48	99	88	72	28	29	10	13	84	69	94	28	95	41	79	28	83	94	39	52	18	97	42	88	18	10	16	84	7	45	62	63	61	42	97	85	8	90	44	81	97	23	98	63	13	71	74	57	79	95	63	18	99	24	72	72	19	12	75	87	51	27	39	1	16	61	87	87	45	67	87	73	55	41	24	3	18	25	49	7	83	80	65	97	70	63	28	47	36	95	73	92	8	69	15	41	91	66	6	87	31	50	19	76	77	10	48	28	6	34	5	80	97	33	94	56	23	100	35	91	63	42	27	84	52	98	34	58	47	99	92	90	45	10	56	24	19	65	18	79	42	23	83	69	39	88	19	73	87	10	92	94	73	46	88	49	1	30	63	85	
43	100	29	20	59	58	75	83	2	37	16	85	98	82	85	39	83	26	86	91	88	2	19	37	100	61	25	19	41	35	31	52	80	28	29	93	98	83	2	89	10	84	95	69	95	62	94	37	11	68	54	34	35	53	62	54	56	55	67	28	15	32	9	7	53	55	65	100	3	24	15	70	59	86	17	21	51	61	16	20	69	47	7	43	92	36	4	64	72	76	97	85	24	86	88	68	23	40	69	21	21	51	80	79	87	17	69	57	46	77	35	37	39	100	47	54	54	67	51	48	48	53	13	95	73	46	19	78	23	87	68	26	55	67	38	37	28	56	53	93	81	8	16	93	18	75	55	96	5	88	86	4	80	70	15	34	90	6	65	94	90	53	37	33	12	88	20	61	79	4	3	33	40	60	27	89	80	15	17	91	58	15	95	31	84	89	83	68	42	77	96	25	68	85	79	7	91	37	86	73	
14	79	36	53	86	4	100	42	99	75	78	44	43	81	43	66	26	32	14	55	19	7	80	40	88	73	1	81	32	45	70	92	53	92	28	1	45	70	58	69	92	55	46	70	22	86	99	4	43	62	43	71	83	89	91	81	51	39	1	23	100	76	95	20	36	26	87	62	1	22	12	80	50	34	70	85	73	70	4	2	17	85	11	60	59	42	46	17	34	26	95	72	89	17	87	90	1	48	19	75	73	33	91	7	8	82	38	32	91	66	56	45	16	11	48	100	58	7	87	71	51	94	28	92	48	27	10	42	15	48	85	1	44	40	81	18	29	48	23	13	57	24	32	58	56	44	25	64	14	29	41	49	71	80	93	22	94	67	9	88	26	81	33	44	88	75	1	22	52	51	7	76	68	39	34	29	7	76	6	69	3	79	75	78	65	21	86	81	67	10	53	50	75	69	64	37	54	31	82	60	
24	99	13	8	43	72	2	84	62	21	67	74	86	17	12	36	86	14	48	21	64	61	69	14	53	89	28	54	55	62	2	86	15	3	34	83	8	40	78	2	6	50	62	7	48	84	20	76	75	37	36	3	86	86	65	23	76	66	25	99	34	11	30	33	6	4	68	54	53	72	19	67	91	77	60	77	56	2	45	21	60	95	46	68	27	34	95	44	97	42	90	24	20	48	98	71	82	61	55	67	15	1	75	59	66	71	72	78	83	78	96	6	15	55	24	54	48	40	53	73	54	68	54	25	98	27	78	97	35	47	19	8	48	12	48	77	26	53	83	73	23	20	24	78	65	22	79	17	78	96	72	58	53	100	22	77	74	55	84	29	90	35	11	37	88	4	36	31	100	85	35	62	84	9	44	60	5	100	16	53	32	28	80	3	22	43	26	53	2	32	28	95	64	32	25	77	2	43	52	50	
61	58	56	23	72	83	58	49	24	28	30	4	72	72	90	57	91	55	21	3	8	46	97	95	99	50	35	6	61	45	44	2	79	97	53	73	42	11	34	61	4	58	55	54	2	4	15	61	96	24	33	68	66	86	6	97	89	2	24	95	65	7	49	61	13	24	31	18	92	1	40	45	49	43	73	54	25	3	89	3	7	85	32	13	60	94	64	25	28	21	54	74	17	64	74	40	15	20	37	36	62	17	30	55	50	68	61	14	83	52	52	3	81	100	20	52	9	3	18	30	3	18	46	60	61	86	58	10	47	78	38	99	72	60	60	63	1	89	24	69	98	53	33	18	53	33	51	37	75	29	19	83	47	60	35	56	18	30	45	51	83	89	58	1	18	25	36	64	48	43	20	61	56	49	52	62	16	74	22	62	51	45	66	29	49	86	49	47	64	68	38	87	72	50	12	95	9	64	43	86	
94	13	3	13	26	48	65	25	73	7	79	46	77	18	45	3	88	19	64	8	23	8	19	9	45	4	52	3	48	10	64	37	58	7	78	80	22	31	40	4	39	90	75	48	35	47	66	53	52	99	32	31	71	23	91	40	98	94	48	60	81	35	60	62	81	15	32	50	51	38	31	15	32	24	19	56	44	61	89	4	38	39	65	92	68	64	78	59	7	23	21	40	81	34	3	81	44	81	9	71	31	52	67	63	85	85	43	62	70	42	21	15	40	69	5	59	40	39	7	84	38	58	8	1	79	36	64	61	21	79	23	97	33	65	91	18	29	61	67	56	76	54	14	41	67	87	71	29	15	80	30	87	24	75	34	47	62	45	54	56	62	29	77	63	66	72	22	8	25	66	1	93	11	60	45	39	57	34	92	74	100	87	70	9	50	11	73	94	11	72	40	83	24	15	7	22	69	75	24	96	
70	95	1	61	11	98	2	51	82	39	53	58	40	60	23	52	2	7	61	46	8	14	53	58	25	16	99	72	90	52	39	66	44	3	8	81	54	58	97	18	35	83	97	72	22	35	80	100	75	42	24	31	57	90	99	69	63	28	100	68	35	76	87	71	92	46	71	61	88	62	74	61	100	62	92	38	13	99	100	44	24	85	29	26	38	55	62	6	21	43	89	91	6	84	48	45	39	77	71	44	9	74	94	6	17	5	87	59	42	79	11	71	35	61	65	19	68	70	33	37	8	54	3	77	26	46	9	57	64	38	23	56	83	54	86	13	12	16	27	81	8	98	1	94	88	33	24	49	97	7	41	55	78	12	53	37	37	18	90	65	25	90	66	39	87	7	36	32	84	90	51	70	89	29	12	69	88	51	57	73	90	46	79	43	74	82	25	79	30	67	24	21	75	50	14	13	40	9	6	7	
30	54	85	23	56	80	46	47	78	89	57	66	43	64	36	1	19	80	69	97	19	53	31	68	10	27	87	67	99	22	91	85	19	15	50	47	44	97	10	12	55	92	71	86	90	35	11	100	66	80	84	82	87	64	70	74	22	93	7	38	40	9	70	32	7	71	67	23	2	12	27	51	68	65	25	2	38	72	19	38	64	59	15	25	50	38	79	30	83	31	91	31	1	4	69	18	67	49	18	19	72	20	37	18	36	59	23	37	17	88	2	87	38	61	91	33	21	77	3	36	58	24	92	10	86	79	30	53	81	7	58	14	36	90	25	78	70	5	33	61	14	38	98	88	89	59	84	47	19	94	73	97	69	87	31	31	89	70	84	48	13	96	57	47	46	98	9	46	34	26	10	43	19	100	83	70	31	63	7	54	70	52	2	88	68	100	58	17	85	9	99	65	26	79	65	74	52	26	50	95	
62	15	19	33	26	38	83	43	58	75	54	79	65	53	94	41	37	40	14	95	9	58	68	1	30	17	12	100	67	64	19	25	67	96	19	14	43	86	29	63	42	4	8	35	58	59	49	19	36	91	22	49	9	92	3	73	45	79	8	94	5	83	59	38	2	58	57	2	42	60	17	94	62	34	24	57	48	61	71	40	80	40	92	82	61	5	22	41	78	85	57	1	67	28	27	80	43	7	81	30	40	89	7	9	49	73	81	65	72	77	11	50	2	29	33	64	64	85	94	51	82	46	43	94	24	2	20	45	83	84	12	3	59	35	1	81	76	27	94	74	64	12	18	96	51	80	97	56	41	25	36	48	81	63	44	87	26	16	62	70	95	83	26	82	33	18	32	77	25	20	76	55	73	28	77	14	79	4	72	80	72	14	85	25	45	3	34	90	23	42	22	63	22	16	85	12	40	60	27	31	
22	74	39	89	14	31	48	60	73	41	70	88	53	20	32	3	100	88	53	99	45	25	10	30	33	67	95	42	100	51	6	31	88	39	84	70	84	7	5	21	92	8	25	56	100	76	84	36	96	24	98	42	50	72	63	73	61	59	90	41	5	21	22	13	86	89	10	42	89	53	81	57	77	41	45	58	89	90	13	9	48	69	81	83	44	5	17	29	19	15	85	72	22	86	96	51	78	69	12	48	40	17	18	84	45	29	10	61	67	65	60	11	94	63	33	56	51	57	52	24	58	71	93	86	54	75	4	55	68	84	47	28	55	22	22	22	11	87	7	45	90	80	11	80	55	5	21	89	22	83	35	61	80	43	3	83	90	70	41	52	17	50	73	7	83	44	35	69	55	97	42	72	46	26	46	36	50	93	95	33	4	89	55	6	20	34	22	65	30	17	46	30	7	28	17	8	52	90	97	39	
46	99	48	1	69	96	84	94	58	42	56	76	10	86	27	8	61	73	89	50	4	16	27	17	67	51	46	98	44	94	32	97	14	1	85	18	42	60	99	87	97	90	60	44	26	64	22	74	91	55	93	40	12	81	73	85	57	28	67	61	38	61	83	83	82	56	69	64	8	78	98	78	7	91	26	19	65	87	60	97	12	58	6	84	28	15	73	63	27	75	94	5	95	14	41	18	60	94	73	39	65	68	91	87	70	63	12	91	65	74	36	91	86	9	40	26	54	13	90	42	95	13	2	85	64	25	43	22	24	35	68	71	85	12	20	46	70	54	65	34	52	28	50	96	43	45	9	50	39	40	37	18	89	15	44	85	5	2	70	89	3	68	80	67	59	66	34	49	89	67	23	40	81	26	61	16	2	30	2	11	74	32	1	40	34	7	95	10	89	87	78	85	21	3	73	48	29	33	57	13	
73	91	4	50	80	81	27	59	54	20	43	11	87	1	78	96	25	1	28	35	52	99	87	12	95	46	31	98	12	2	76	27	27	19	10	30	54	43	18	22	41	51	36	60	80	86	47	22	6	34	65	35	56	92	9	74	12	46	97	89	94	17	12	82	1	22	39	50	18	10	19	19	25	11	14	63	54	46	24	88	27	61	83	100	35	61	73	69	90	82	30	1	30	98	30	35	71	32	11	65	27	11	62	56	86	64	66	30	52	19	16	86	12	50	70	88	22	13	42	7	39	11	85	91	40	73	84	83	39	87	61	47	92	14	15	91	48	74	100	42	62	27	86	49	52	29	3	60	6	33	85	73	52	40	83	84	100	65	95	56	55	84	41	20	52	47	58	6	37	44	84	66	35	80	52	89	43	65	48	61	1	58	31	3	33	99	14	10	77	22	54	52	48	49	5	24	3	1	18	82	
8	65	16	53	100	78	65	9	33	83	73	92	78	30	29	36	19	81	54	6	3	72	67	100	42	98	98	84	85	10	30	35	13	94	67	80	93	44	28	90	29	99	15	18	65	46	71	67	18	41	95	83	94	85	6	18	49	86	25	62	94	18	94	38	42	77	19	6	62	30	77	71	14	82	77	65	6	55	42	19	34	28	38	74	32	22	64	25	58	36	96	37	62	87	22	80	7	13	24	26	37	41	10	71	14	35	50	98	67	56	69	7	5	82	54	99	19	77	90	51	14	29	24	9	77	64	21	44	60	55	74	78	47	13	24	26	32	36	37	73	71	67	74	17	35	68	31	97	65	60	62	69	93	42	63	73	44	71	35	38	7	89	10	55	14	34	12	51	35	69	69	22	32	51	28	83	99	11	63	74	40	12	59	59	25	82	46	3	56	28	78	72	16	95	13	9	19	8	55	86	
2	66	33	75	21	28	70	65	39	35	96	2	21	43	27	43	41	32	55	61	48	90	99	67	100	44	12	85	24	95	26	75	55	25	4	9	51	77	60	32	14	92	80	40	83	62	12	96	50	52	8	10	40	86	64	65	51	35	58	82	77	10	86	11	4	77	58	95	73	50	15	84	4	61	77	32	97	78	100	14	69	16	70	24	76	29	32	8	65	81	98	36	20	79	91	81	37	87	100	64	34	92	11	44	3	27	78	83	42	63	64	57	91	30	35	78	3	34	35	57	77	74	82	30	68	28	40	58	76	40	18	58	4	31	80	10	31	20	62	22	92	75	92	38	39	27	51	90	59	3	97	56	71	52	33	80	80	16	49	48	47	35	60	81	83	41	13	89	22	85	23	45	95	64	80	100	92	91	88	77	51	6	34	6	1	90	94	75	20	31	88	87	77	85	5	73	3	87	78	89	
46	79	9	92	62	19	30	71	90	79	6	52	90	85	65	37	35	45	62	45	10	52	22	64	51	94	2	10	95	78	82	7	12	48	73	50	37	91	88	52	84	14	72	97	93	96	54	95	95	11	40	74	70	6	18	14	90	5	54	73	83	75	77	78	41	36	51	63	44	88	9	3	61	69	31	42	96	61	38	90	70	56	68	66	22	82	23	98	25	26	23	40	69	3	20	97	90	6	47	41	36	71	10	99	68	89	85	76	5	82	96	20	35	22	32	59	28	98	29	81	78	35	77	85	44	66	47	68	44	40	96	63	31	14	75	71	60	22	4	71	35	73	47	10	82	63	60	7	98	72	59	55	70	70	35	35	44	48	94	45	9	74	61	93	87	89	94	11	8	39	59	20	28	66	6	42	6	46	91	51	5	89	98	94	49	34	41	44	58	48	51	87	25	85	26	71	82	3	29	87	
13	14	43	58	34	9	9	52	91	48	4	7	70	8	18	56	31	70	2	44	64	39	91	19	6	32	76	30	26	82	9	4	68	85	27	78	53	59	49	6	43	59	4	50	55	49	20	59	63	29	98	47	4	24	16	6	31	11	79	68	12	33	27	52	96	72	28	81	19	41	19	60	11	8	69	47	67	3	42	45	55	69	28	40	27	15	93	69	4	94	86	69	19	39	32	22	71	36	93	22	53	63	33	89	63	26	20	36	47	28	11	97	13	28	2	52	91	51	62	32	61	97	58	16	46	82	21	68	23	61	1	7	38	2	77	10	41	40	3	80	95	21	70	19	64	1	25	35	70	57	87	20	35	64	76	97	69	89	55	48	7	34	14	17	51	26	42	59	89	3	35	26	93	75	23	16	93	19	24	94	17	91	2	13	53	35	28	100	69	19	53	47	48	7	1	26	95	50	23	64	
15	59	63	11	95	75	81	81	22	69	33	83	25	57	14	52	52	92	86	2	37	66	85	25	31	97	27	35	75	7	4	61	4	6	52	99	49	48	79	11	75	81	80	60	41	69	55	86	18	53	52	92	83	6	97	45	73	4	30	22	63	4	75	46	61	71	6	85	21	58	97	86	43	45	30	44	28	15	77	58	12	87	81	21	8	6	89	73	7	74	52	23	10	4	26	1	53	8	38	74	92	7	1	22	25	4	59	54	82	55	78	94	77	28	29	84	26	22	69	67	50	84	64	100	95	92	89	76	21	1	53	82	3	99	79	56	41	62	64	49	50	55	71	7	76	76	99	50	57	50	3	27	24	44	7	22	45	86	21	51	69	33	86	70	44	12	18	90	26	30	64	92	7	78	36	52	83	37	6	42	45	10	63	38	36	56	99	99	94	39	44	88	59	46	91	20	10	34	27	83	
24	7	15	74	64	5	77	14	92	47	31	87	24	45	54	44	80	53	15	79	58	44	19	67	88	14	27	13	55	12	68	4	36	71	28	96	98	24	73	10	61	3	9	38	100	11	65	61	62	40	41	33	42	41	33	42	41	62	25	53	50	66	56	69	15	10	79	99	50	37	54	64	54	88	20	89	1	33	97	19	46	59	81	67	99	80	39	92	3	58	68	90	16	20	30	27	4	98	54	91	63	44	56	71	3	6	35	35	18	57	77	35	52	26	4	95	17	61	8	61	81	77	11	98	61	55	81	75	96	71	37	15	82	45	33	86	3	28	17	78	35	87	40	16	33	42	59	60	38	43	47	47	89	100	23	51	73	89	33	26	53	26	96	65	73	10	25	80	13	89	4	14	69	41	21	3	33	100	65	57	56	65	92	70	20	39	95	24	64	90	77	93	58	64	1	45	99	67	64	27	
92	66	44	56	1	82	73	47	42	31	9	63	57	41	22	7	28	92	3	97	7	3	15	96	39	1	19	94	25	48	85	6	71	56	70	6	100	90	71	31	54	4	23	70	67	75	73	17	93	80	45	8	47	7	88	83	35	15	73	65	78	13	16	26	76	40	72	34	12	41	67	55	91	54	56	9	20	79	96	69	83	57	26	44	48	89	16	58	14	21	72	9	80	88	28	64	52	77	55	82	34	49	40	24	39	69	95	66	75	73	43	59	26	58	14	5	27	50	96	55	65	22	14	80	8	64	33	83	46	14	78	43	47	10	14	27	45	73	63	24	51	80	13	82	6	55	88	42	98	7	43	49	43	100	22	92	65	8	69	18	39	96	87	93	80	31	41	10	94	76	6	80	2	8	56	9	80	1	94	94	54	28	90	28	44	58	39	55	48	72	98	79	13	60	4	76	47	63	52	8	
93	46	4	98	18	69	20	36	52	79	49	25	96	93	23	56	29	28	34	53	78	8	50	19	84	85	10	67	4	73	27	52	28	70	85	14	22	14	96	70	13	97	60	72	86	82	34	87	72	93	73	67	63	56	83	90	51	84	21	72	31	3	61	95	45	64	40	100	26	85	91	35	27	55	32	96	70	7	72	78	85	17	15	82	84	48	57	60	25	97	20	81	21	57	25	82	18	93	96	67	1	7	64	98	35	56	68	7	52	23	8	85	8	24	59	74	73	92	85	43	56	97	3	66	1	40	82	53	22	58	27	86	22	69	96	3	21	37	78	1	71	89	44	37	64	17	76	66	25	52	60	57	7	16	59	83	10	93	67	37	43	62	17	67	38	36	78	95	86	45	32	1	31	19	15	51	68	35	31	54	91	40	5	90	23	85	20	97	88	42	88	45	18	46	40	17	47	30	59	46	
13	25	77	1	58	5	85	76	81	91	36	41	59	90	78	73	93	1	83	73	80	81	47	14	70	18	30	80	9	50	78	99	96	6	14	76	84	32	22	64	16	78	2	79	88	2	67	15	10	3	20	90	99	41	14	83	61	22	40	58	7	26	47	91	40	17	6	49	45	26	95	6	59	45	79	8	24	53	74	19	37	77	5	88	74	93	19	39	24	79	3	31	84	43	78	39	51	62	2	96	80	47	46	34	23	92	63	47	73	44	55	47	16	95	6	48	60	70	2	35	21	58	18	12	11	81	67	35	77	19	6	58	41	69	63	96	43	63	47	93	61	89	73	7	89	67	63	71	90	9	12	77	78	95	17	34	23	75	76	21	24	38	13	50	81	28	96	96	66	8	62	32	90	23	22	1	2	51	32	68	36	43	19	36	7	33	78	81	11	17	68	71	43	70	53	85	72	48	26	9	
94	83	88	28	28	76	60	72	32	10	21	41	14	45	31	62	98	45	8	42	22	54	44	43	84	42	54	93	51	37	53	49	98	100	22	84	26	4	64	92	59	63	78	27	47	83	54	38	62	62	43	46	52	47	86	84	10	14	9	9	66	61	37	19	6	51	95	3	35	34	77	41	58	46	18	70	45	7	45	68	5	18	82	18	52	40	3	9	33	37	26	28	26	20	32	64	34	30	24	17	34	24	30	53	88	13	83	7	62	10	97	81	93	57	77	50	88	97	47	76	78	11	11	64	41	54	62	12	21	69	50	40	45	86	90	86	57	66	8	58	22	88	87	76	60	77	6	52	15	82	47	93	89	26	46	21	34	62	69	75	31	57	38	52	13	59	33	56	78	8	84	77	98	16	64	25	75	1	73	19	10	82	87	84	24	44	77	22	80	6	83	96	98	25	18	11	21	40	30	26	
65	59	28	42	98	99	65	73	7	9	49	90	16	10	81	24	83	70	40	11	31	58	97	86	7	60	43	44	77	91	59	48	24	90	14	32	4	51	41	30	66	48	71	37	27	51	73	33	72	89	77	35	64	25	82	87	91	90	68	66	67	50	35	13	100	90	89	31	59	65	46	49	84	16	22	96	72	81	80	9	1	71	59	24	73	16	56	46	8	47	60	56	69	86	52	15	26	35	76	1	34	30	49	24	24	39	17	66	83	9	40	17	11	3	34	98	9	26	60	95	89	34	62	55	51	46	21	27	24	9	59	83	66	7	58	26	42	69	35	65	67	54	70	84	41	5	49	88	16	15	42	42	4	86	13	72	33	90	79	90	14	42	43	66	84	80	43	16	17	37	22	59	61	21	18	41	39	11	44	86	98	18	84	18	71	2	1	65	67	95	74	12	69	58	45	16	69	99	92	32	
25	78	48	56	77	84	53	59	40	28	64	12	16	88	8	66	2	58	78	34	40	97	10	29	5	99	18	28	60	88	49	79	73	71	96	22	64	41	77	72	5	54	25	54	37	39	71	67	46	80	68	98	10	72	67	16	35	50	42	90	61	48	46	65	99	22	52	82	84	32	80	85	22	57	79	66	24	28	32	98	84	23	98	36	31	67	4	100	68	5	98	80	23	18	30	70	73	36	18	15	65	65	81	32	69	92	75	68	52	60	47	93	91	22	68	75	31	36	21	75	15	100	27	59	53	42	8	7	86	7	63	82	15	16	78	71	74	57	21	86	56	54	35	84	3	26	33	11	67	81	38	18	32	76	94	99	49	31	8	48	42	15	45	65	40	10	96	77	86	19	63	32	84	71	48	13	84	79	54	36	55	47	32	13	45	98	2	29	17	43	56	54	88	82	50	25	84	55	68	69	
37	74	33	81	100	69	10	89	88	46	86	71	82	36	69	74	89	69	2	61	4	18	12	63	21	87	22	90	32	52	6	11	10	31	70	64	92	30	72	94	90	24	91	42	98	23	92	23	80	27	52	77	34	64	31	46	86	78	55	10	69	98	96	75	3	34	46	19	73	22	6	7	61	55	66	78	46	62	59	24	84	54	72	68	53	43	5	22	86	66	86	12	69	43	21	11	32	40	36	67	20	37	54	80	7	30	56	81	49	58	76	98	6	56	7	53	5	48	9	38	37	95	99	24	62	62	40	19	82	83	69	69	38	75	17	100	39	90	14	38	5	96	42	58	55	16	1	10	40	87	94	85	13	82	48	86	15	41	23	12	91	63	65	27	94	6	3	70	44	25	57	41	61	5	52	55	87	14	88	80	68	6	16	7	27	7	92	17	62	99	44	67	64	74	99	46	28	2	81	32	
65	100	62	82	6	78	44	33	51	28	17	60	84	36	40	48	10	92	6	4	39	35	55	42	92	97	41	29	14	84	43	75	61	54	13	16	59	66	5	90	33	74	94	29	7	38	5	88	1	67	71	66	92	5	40	86	14	1	83	55	17	9	14	27	24	74	61	95	83	62	67	32	31	31	68	45	50	36	16	76	26	20	91	54	25	16	21	95	41	8	6	20	36	48	19	99	14	98	31	66	94	85	57	31	82	17	34	43	3	6	57	22	14	76	52	23	54	92	81	6	68	86	24	62	91	24	86	28	42	3	32	41	18	33	81	55	71	56	39	26	39	4	25	45	8	70	93	53	87	32	86	32	18	75	97	70	44	88	88	37	20	23	82	69	65	57	37	50	36	90	6	5	64	66	4	83	86	31	11	62	19	8	64	2	83	80	15	1	72	45	32	65	35	70	52	23	21	40	70	46	
99	18	87	76	36	87	62	11	54	56	92	89	11	98	59	99	84	55	50	58	90	83	92	4	8	90	51	99	92	14	59	81	3	4	97	78	63	48	54	24	74	74	7	55	9	97	68	10	80	5	74	31	57	89	48	9	29	62	91	73	76	77	37	99	47	48	97	93	68	85	74	24	36	82	47	90	90	9	74	14	12	23	22	4	49	59	55	89	88	28	11	42	21	30	50	49	22	94	57	27	41	43	38	97	18	6	3	79	28	71	93	16	48	14	100	31	99	9	12	65	52	88	93	84	6	41	9	90	90	65	57	82	95	36	41	83	29	24	30	87	23	81	10	95	27	41	12	80	91	23	21	11	18	5	94	18	86	56	15	40	92	26	12	44	96	73	28	28	3	98	53	4	100	94	89	81	52	58	65	1	77	47	57	97	20	85	16	73	19	6	85	61	44	85	41	63	57	17	37	29	
17	52	61	18	40	28	76	44	81	19	95	53	70	99	76	88	95	46	62	55	75	97	71	8	25	60	36	15	80	72	4	80	9	23	60	2	78	71	25	91	94	7	88	58	18	49	31	87	53	37	44	18	46	48	14	35	31	68	48	53	11	52	26	40	38	81	54	45	67	12	36	32	43	80	98	16	76	52	50	46	100	4	97	34	84	33	30	13	5	60	32	66	45	77	13	32	44	4	26	78	97	8	82	70	23	19	33	86	62	55	78	84	22	12	87	75	47	82	10	34	11	9	44	92	60	42	58	83	28	27	54	42	94	25	14	93	35	72	18	81	10	15	65	63	63	27	27	36	39	95	95	33	83	5	2	29	82	93	83	26	62	98	50	18	85	79	20	64	25	79	23	22	50	99	89	90	77	65	79	7	97	41	12	41	34	34	45	81	81	49	80	41	21	38	38	95	80	68	85	90	
75	59	13	71	64	70	84	52	24	41	1	7	21	36	21	72	69	70	7	54	48	72	86	35	56	44	60	18	40	97	50	60	38	70	72	79	27	37	54	42	29	55	58	62	42	31	76	49	55	63	64	16	49	42	24	97	89	46	44	56	32	57	24	39	35	74	48	79	100	77	82	40	58	67	82	37	96	39	81	95	4	39	3	42	18	95	66	9	39	44	88	93	87	85	76	39	14	49	94	91	79	37	34	90	15	28	99	9	13	21	57	26	15	68	85	56	21	42	38	45	87	15	86	98	63	65	80	12	92	91	28	100	75	39	86	97	96	98	69	49	5	90	50	99	35	21	35	52	27	3	37	37	44	53	42	42	67	6	62	36	98	31	2	94	61	99	41	41	95	43	46	74	52	60	44	29	6	21	2	29	76	31	97	6	8	52	10	57	65	44	75	21	15	54	45	68	86	23	60	25	
35	75	63	88	27	8	79	97	28	1	5	35	63	89	1	28	95	22	48	2	35	22	90	58	100	26	80	65	83	93	55	41	100	67	86	88	47	27	37	98	7	9	18	42	57	61	53	48	7	18	34	34	23	97	84	90	35	48	45	69	33	86	16	5	70	2	87	13	13	52	33	42	57	33	34	78	1	96	2	30	79	67	4	30	28	78	78	4	22	76	28	56	95	53	3	1	59	30	22	28	6	21	72	18	92	93	7	26	37	13	83	66	72	78	37	32	68	58	35	92	7	45	69	50	43	25	20	40	25	97	83	16	76	46	65	95	54	27	88	27	84	84	31	34	18	58	81	72	55	31	57	39	30	20	6	66	47	21	91	31	69	95	45	56	64	10	94	36	42	34	73	7	72	82	68	67	33	57	18	76	64	5	56	48	7	90	18	97	3	35	70	99	94	62	81	49	70	32	21	73	
17	79	50	56	99	86	77	16	24	94	54	94	37	29	18	29	62	86	84	4	47	35	35	59	76	64	86	46	62	96	49	69	11	75	82	2	83	51	39	23	38	97	49	31	61	29	35	10	50	56	23	46	87	85	48	69	25	58	12	86	33	77	18	23	33	61	68	67	75	3	61	21	30	90	36	16	91	75	74	96	47	50	59	59	65	58	97	89	78	86	3	61	91	26	61	57	5	53	82	60	48	94	95	92	94	17	17	77	30	2	63	3	50	60	50	51	48	88	6	21	83	1	70	11	1	65	40	9	2	55	84	14	60	92	40	2	43	65	65	73	18	91	52	52	94	9	100	94	43	52	64	41	31	74	22	23	22	11	54	12	62	64	4	17	21	67	87	72	78	36	57	71	92	89	81	50	85	90	60	70	44	67	34	85	77	13	80	97	65	37	26	8	42	27	8	24	58	11	78	34	
94	49	95	50	37	52	51	40	31	10	15	73	38	29	70	10	94	99	20	15	66	80	11	49	84	22	47	71	12	54	20	55	65	73	34	67	54	73	71	92	5	68	31	76	53	35	75	41	71	5	9	47	84	29	97	32	92	9	50	63	6	86	51	40	85	11	52	16	20	79	36	90	95	49	11	32	10	26	90	78	37	80	70	40	50	95	93	97	64	67	75	73	51	79	2	27	72	21	72	24	63	79	77	73	62	81	87	16	74	97	76	70	68	3	89	78	81	36	80	35	67	39	32	16	24	63	40	50	90	74	90	66	63	81	50	21	12	62	64	27	8	29	95	15	11	62	95	35	95	84	83	22	43	66	60	41	98	30	24	36	4	52	72	84	92	35	93	61	19	16	82	17	65	47	83	28	85	58	2	99	29	22	59	6	89	98	87	82	68	9	68	82	72	33	12	57	1	57	56	5	
37	29	28	51	1	8	21	97	16	67	77	45	37	29	94	13	37	4	76	61	53	100	100	19	36	74	22	67	96	95	59	86	61	17	87	15	38	33	67	23	88	10	87	49	48	10	41	62	79	45	32	36	84	29	25	41	43	15	25	44	10	3	33	29	50	11	85	30	75	25	96	22	52	96	91	92	26	19	56	30	30	4	79	38	82	65	94	18	44	86	76	34	9	76	49	45	8	61	90	36	74	86	53	3	89	80	87	91	85	65	7	34	68	82	69	2	80	64	48	10	24	93	89	26	7	35	87	54	3	91	56	30	42	62	27	81	23	99	41	56	23	24	85	31	47	82	2	10	68	20	9	85	68	30	30	95	96	81	29	69	19	99	81	29	94	63	99	100	59	22	52	29	15	10	51	60	31	36	17	12	71	53	89	79	21	97	11	42	41	80	20	40	92	5	8	68	53	84	46	100	
49	89	18	22	89	46	68	44	76	84	56	43	26	22	75	84	11	43	75	96	52	75	66	36	96	91	6	18	50	95	63	18	62	93	72	10	62	72	46	80	1	80	53	55	7	50	71	79	35	60	14	72	42	81	5	5	98	45	42	70	17	59	100	84	7	91	30	2	53	41	38	69	85	60	5	87	48	95	80	60	17	99	44	87	75	12	1	17	37	60	68	64	89	24	70	46	58	98	35	12	45	64	50	68	2	43	11	15	90	2	99	90	98	99	44	6	14	14	47	13	54	72	39	34	67	6	22	79	59	28	32	75	6	2	1	55	39	86	74	4	31	4	88	1	48	65	55	85	70	39	75	26	57	81	66	69	4	29	47	92	5	7	98	94	80	88	99	27	7	29	64	1	79	21	18	68	77	13	8	79	81	51	77	5	80	63	55	85	56	13	44	17	37	37	70	94	18	39	40	45	
97	59	3	99	49	27	64	96	26	76	56	8	83	61	72	69	68	62	37	24	99	42	80	91	24	55	34	41	52	11	29	53	40	80	93	3	62	89	80	27	67	5	37	63	18	56	5	45	60	39	81	86	67	63	51	58	45	84	2	16	64	5	14	20	4	73	43	46	91	9	74	16	79	4	46	42	29	55	57	45	88	38	66	41	54	10	9	72	67	96	24	43	90	61	20	51	44	12	40	7	87	59	84	77	13	78	84	11	57	13	93	15	5	74	10	97	71	42	82	41	17	66	47	33	42	40	90	90	83	32	91	54	5	36	64	35	31	67	100	59	92	23	94	26	59	63	18	86	100	89	3	82	76	99	20	46	53	11	66	83	70	46	78	93	64	43	22	85	98	1	13	45	68	66	46	54	39	67	37	60	57	83	45	17	3	7	70	53	33	70	84	19	22	32	86	21	18	49	37	55	
35	51	16	49	38	46	34	21	4	100	34	21	62	33	48	94	54	43	36	33	32	24	84	22	98	93	65	95	8	40	98	52	41	45	73	20	43	77	68	52	71	74	44	64	34	23	9	32	14	81	51	29	81	73	63	45	98	58	96	73	71	84	36	99	17	99	88	29	48	96	25	30	34	56	43	32	58	60	40	94	44	34	74	24	49	88	26	41	87	90	64	72	65	67	67	95	45	37	5	62	7	85	1	33	56	69	85	19	84	25	71	92	32	84	57	78	20	82	100	80	12	11	68	26	68	32	63	38	38	4	66	81	39	96	69	55	27	46	66	89	97	26	43	17	72	74	3	44	69	1	14	36	59	56	93	86	33	39	3	63	69	82	94	38	95	60	2	99	85	29	64	61	35	33	48	74	70	41	13	52	29	79	95	67	3	69	49	41	50	75	64	62	31	47	39	81	92	93	54	79	
46	65	72	63	75	23	23	78	14	33	80	29	63	95	40	28	34	71	3	68	31	31	82	49	42	40	35	83	10	74	47	92	33	8	67	90	46	35	98	77	66	31	18	16	34	46	47	36	72	86	29	5	67	65	58	49	62	87	62	98	53	3	23	5	28	85	96	13	74	48	64	12	54	52	73	33	60	80	1	11	11	99	9	78	76	48	34	96	51	50	89	89	29	98	76	2	88	64	33	2	53	97	85	69	15	1	52	52	53	93	59	50	12	49	33	22	51	35	40	94	62	56	61	79	38	7	73	2	38	79	18	81	97	61	7	6	65	13	4	95	69	19	54	71	3	64	99	75	15	84	22	71	76	49	69	93	97	27	88	95	99	91	83	65	34	14	21	9	45	96	15	79	35	74	56	3	92	15	10	68	60	100	14	25	15	23	76	57	45	91	54	72	50	28	58	17	50	37	94	33	
50	3	14	7	22	98	83	20	89	69	25	8	65	45	19	95	35	83	86	66	71	57	87	9	50	12	56	94	40	70	4	83	42	47	63	99	52	64	10	34	92	57	46	49	23	87	84	84	42	67	81	67	23	47	51	59	56	26	72	62	23	31	47	67	35	46	6	91	2	77	15	42	94	15	29	95	67	78	67	40	84	5	60	34	19	52	96	84	90	46	41	38	10	66	48	70	17	72	17	92	64	15	59	82	3	82	23	37	17	11	10	2	52	70	6	68	61	96	37	88	62	5	53	5	5	22	10	32	1	20	21	81	97	60	53	99	50	18	49	42	49	46	11	21	42	60	79	33	3	74	30	23	83	46	7	70	92	91	44	22	34	58	80	100	68	36	65	3	95	19	60	93	81	83	3	35	100	35	81	24	61	51	6	38	16	92	99	51	16	11	86	6	56	16	55	87	31	7	74	13	
90	62	40	46	61	59	50	26	25	59	30	70	49	9	37	41	53	89	86	86	23	90	64	92	72	81	92	85	86	6	24	6	41	7	56	41	47	25	72	64	5	89	48	42	97	85	29	29	81	63	73	65	47	40	87	77	39	70	17	100	78	49	4	59	51	55	92	16	35	75	64	48	90	89	96	53	7	34	42	84	99	94	65	7	21	44	87	74	17	58	74	55	74	59	27	24	55	13	73	48	48	87	9	65	6	34	92	79	28	32	60	14	53	15	48	28	14	33	93	58	69	18	60	64	60	43	8	89	64	90	48	84	85	88	34	62	36	61	37	77	28	64	40	81	48	86	68	20	90	74	2	11	4	76	34	59	62	92	73	10	12	2	69	12	42	91	53	78	41	3	5	60	52	44	68	12	9	51	72	64	36	1	31	36	46	8	24	76	94	3	33	22	40	24	8	39	43	90	6	28	
23	29	90	36	55	35	81	100	83	84	58	91	28	54	98	79	62	91	65	6	91	99	70	3	63	73	9	6	64	18	16	97	33	88	83	14	86	82	67	31	40	48	14	24	84	48	97	25	5	51	63	58	51	87	11	41	92	24	35	66	47	56	19	20	90	48	14	26	38	11	44	3	4	34	79	60	25	27	41	17	43	27	45	24	32	91	92	80	94	33	43	96	14	2	82	21	64	70	27	53	99	50	46	21	13	54	83	37	85	97	5	17	58	1	48	41	80	48	5	78	76	76	27	20	65	13	55	79	50	51	11	90	11	86	18	72	21	21	45	60	94	46	9	63	69	96	83	50	34	57	18	76	28	28	46	99	55	94	10	2	79	79	17	53	44	6	24	57	44	41	75	98	28	10	38	92	86	96	38	90	42	22	60	25	98	70	65	9	26	44	20	100	15	98	44	75	33	57	23	15	
85	93	94	83	37	88	58	38	97	39	53	42	34	16	27	28	54	81	23	97	40	69	74	73	73	85	74	18	65	14	6	45	42	83	90	83	84	87	16	46	86	9	35	97	90	69	32	41	5	58	45	49	59	77	41	46	29	88	32	54	99	39	52	68	1	59	64	61	2	91	37	73	56	53	57	79	27	83	1	36	69	63	18	80	44	63	41	1	95	82	93	40	73	14	15	57	99	28	65	23	30	49	51	27	63	4	52	7	77	83	16	54	60	25	54	100	11	31	30	79	26	76	39	98	12	14	73	42	28	18	60	39	23	97	79	63	52	91	59	100	15	55	5	82	33	70	42	93	75	1	50	95	99	29	66	97	79	18	2	50	37	19	37	9	35	78	48	25	97	57	31	77	61	62	68	56	31	2	46	18	39	93	47	64	26	81	16	55	71	60	10	70	16	79	74	44	96	90	7	31	
37	47	10	15	75	40	97	33	96	37	7	11	2	9	90	83	56	51	76	89	98	63	22	45	61	57	12	49	51	90	31	73	41	35	51	61	10	91	35	86	14	29	31	89	35	25	92	43	98	45	98	62	56	39	92	29	26	55	38	46	89	44	44	73	35	39	74	84	1	12	47	80	40	98	28	2	53	88	16	58	12	9	11	1	86	15	72	25	34	11	8	85	43	31	83	48	10	67	32	89	17	60	63	90	15	96	84	57	5	66	17	62	46	25	93	77	4	53	33	68	40	42	34	19	5	45	67	21	3	100	44	94	87	68	49	62	97	67	49	42	56	51	22	76	69	44	87	20	40	37	58	75	3	57	86	3	91	52	95	21	46	39	82	50	54	19	22	27	70	3	3	50	63	29	45	100	34	65	67	20	54	33	93	2	67	38	51	17	5	77	32	46	57	45	31	11	56	43	87	87	
58	49	15	5	31	31	8	42	27	93	62	25	64	25	6	94	55	39	66	2	94	28	93	79	59	28	46	86	35	5	11	4	62	15	84	22	14	90	50	78	1	62	68	46	48	58	9	15	45	84	58	87	26	70	24	88	55	26	31	41	11	36	3	18	21	69	31	51	46	96	41	71	17	16	43	27	31	95	85	37	34	24	9	34	69	51	38	48	75	77	17	93	41	78	10	53	60	84	58	13	51	96	22	23	60	7	33	29	67	15	1	2	74	5	32	93	38	37	46	76	24	4	28	69	37	77	59	46	84	10	98	62	27	92	16	98	10	71	52	65	55	86	82	53	50	46	62	65	92	32	22	26	32	26	94	75	50	2	74	37	89	40	13	68	44	20	19	72	73	99	78	80	28	94	56	47	88	58	88	34	9	42	40	77	92	97	24	27	91	54	21	69	49	16	82	62	60	1	2	10	
70	48	98	90	45	74	12	4	38	37	70	46	7	62	71	39	67	1	25	24	48	100	7	8	90	67	97	25	58	54	79	30	25	73	21	40	9	68	42	55	83	91	48	44	45	12	50	25	42	2	96	62	72	17	35	32	38	31	25	25	48	50	94	39	49	93	100	59	48	74	60	54	14	29	91	62	15	68	24	42	45	77	99	10	18	54	6	56	15	73	75	17	34	3	44	45	49	10	26	51	57	21	69	64	50	68	94	36	51	94	7	90	9	38	54	95	37	30	3	42	32	85	5	43	84	88	91	43	43	94	100	6	60	29	2	55	5	17	27	75	59	57	21	92	96	65	2	20	96	46	96	64	49	92	96	5	77	45	7	93	69	81	55	40	6	87	40	56	24	56	42	45	88	33	77	63	51	7	97	74	43	83	32	88	78	15	73	9	10	2	53	36	64	29	59	13	5	25	57	74	
46	28	29	20	83	49	14	78	58	88	30	31	54	49	98	52	28	23	99	95	60	68	38	94	41	61	89	62	82	73	68	22	53	65	72	58	9	66	90	10	55	73	53	56	69	86	63	44	70	16	73	98	62	100	66	54	46	41	25	16	15	97	81	78	64	64	25	13	58	40	55	48	30	53	14	24	34	40	13	2	54	10	59	58	72	8	60	43	93	2	86	16	59	89	94	26	87	33	10	41	44	1	1	56	44	33	87	24	81	73	30	59	42	53	71	15	52	10	9	19	45	74	7	28	23	96	63	58	63	74	28	73	27	43	63	23	9	38	58	54	45	22	85	42	50	58	8	46	17	27	66	86	25	61	83	30	21	56	3	20	96	78	76	63	87	11	100	54	26	9	88	96	61	69	36	100	83	55	97	36	73	76	63	91	46	4	96	51	100	91	67	48	1	33	89	97	30	21	59	38	
13	62	71	42	34	57	32	84	76	50	100	36	10	11	9	18	15	100	34	65	81	35	40	5	5	38	94	94	77	83	12	63	50	78	31	7	66	67	61	69	17	76	11	32	33	33	6	10	17	64	71	53	23	78	47	99	89	11	48	15	99	84	49	29	24	38	90	58	17	63	39	45	53	33	54	54	57	14	48	49	58	75	32	83	40	39	84	42	83	91	33	6	34	98	65	29	56	65	73	79	24	11	32	29	17	87	52	50	64	77	11	99	48	38	86	1	4	79	77	96	79	58	10	35	16	84	46	74	2	35	56	87	18	82	28	20	41	99	43	99	51	5	32	81	34	23	55	40	6	44	59	35	68	93	85	68	91	13	38	38	13	3	73	82	69	57	18	83	9	94	33	93	6	66	94	28	91	20	12	32	67	10	39	92	35	53	56	68	49	20	11	29	5	29	93	56	28	3	82	23	
86	29	64	44	71	24	69	75	51	80	51	1	81	41	77	97	32	76	11	7	35	76	9	83	21	61	17	18	10	75	33	4	66	13	3	26	61	50	48	98	9	77	52	57	86	77	86	3	59	5	84	3	31	49	56	39	44	36	50	97	84	92	7	44	13	12	89	25	81	62	76	76	82	39	45	69	99	84	5	50	89	26	50	43	37	34	76	92	13	51	46	13	50	70	74	9	94	68	66	50	66	86	13	96	81	43	49	50	50	88	51	70	35	43	25	20	64	56	56	24	36	67	85	52	75	46	3	22	9	16	32	19	97	49	5	44	83	88	31	99	54	3	63	18	89	4	97	53	81	26	36	35	90	39	89	58	86	52	30	90	94	31	96	17	71	64	26	69	65	51	27	40	12	62	25	23	93	90	4	58	13	48	27	1	38	18	87	69	10	27	81	76	83	31	49	64	27	99	54	75	
99	36	29	14	98	56	22	31	21	54	94	38	23	34	13	42	9	95	30	49	60	87	70	59	22	83	12	94	86	77	27	75	56	16	61	47	37	35	46	96	14	37	26	24	16	18	51	33	100	14	36	23	47	4	19	52	44	3	94	81	49	7	72	64	83	85	73	74	74	1	93	80	92	83	82	20	83	95	82	68	36	31	11	38	23	72	4	7	35	56	94	69	5	82	40	24	28	79	11	58	36	96	35	72	48	16	21	60	82	9	77	92	65	14	98	51	25	78	59	1	30	86	73	32	49	2	25	29	95	93	64	22	13	26	3	36	54	13	17	81	44	14	20	23	77	3	37	59	17	36	71	64	67	58	56	46	68	4	59	21	69	69	99	85	73	8	41	55	53	71	19	38	44	88	17	24	54	71	14	90	54	56	68	80	29	81	53	46	49	46	38	89	30	29	19	93	11	16	77	9	
27	54	46	53	21	83	80	84	7	84	79	90	58	36	96	88	7	20	33	61	62	71	32	38	13	83	82	38	11	78	52	46	69	26	95	91	19	13	65	75	27	99	40	39	5	23	40	29	84	20	99	5	67	59	20	68	73	18	39	78	29	44	64	46	68	77	73	19	85	83	55	62	40	84	53	87	53	97	70	61	78	97	11	17	71	11	82	58	1	66	70	85	27	14	96	55	18	50	52	100	58	94	71	19	85	85	100	59	36	67	40	56	27	49	48	9	96	87	59	75	26	73	48	37	69	19	67	97	47	80	88	4	94	18	19	60	8	43	82	51	1	14	57	57	54	27	60	25	55	1	13	65	98	85	65	26	28	54	32	30	56	11	76	90	17	32	14	68	59	19	32	11	1	63	62	7	16	32	67	98	90	69	60	45	39	35	8	8	15	57	16	32	60	62	59	99	79	77	8	74	
57	18	72	83	52	96	30	51	44	24	1	8	93	96	89	18	53	36	6	13	81	92	7	2	86	82	1	42	4	41	96	61	15	76	45	40	6	100	99	3	24	47	38	35	70	33	85	50	7	4	17	28	35	51	90	1	35	21	49	64	24	13	83	68	13	92	89	49	54	22	41	30	92	28	60	22	85	83	5	38	68	80	46	100	26	94	51	24	62	98	1	42	44	15	3	85	55	82	25	4	50	26	47	1	73	99	94	15	89	77	93	11	71	6	17	33	34	18	23	19	63	29	30	83	83	65	24	72	69	8	26	4	67	86	89	63	2	5	71	8	55	5	68	79	26	61	41	65	72	31	94	99	100	91	58	22	2	53	70	39	58	29	34	71	28	2	48	5	24	10	1	26	21	23	18	45	30	96	83	16	85	33	57	50	52	75	86	74	8	4	10	51	78	96	92	99	78	22	2	54	
31	58	41	70	81	67	50	91	10	16	7	1	86	32	92	10	55	26	4	24	15	46	71	58	89	56	22	77	77	36	72	71	10	40	64	17	51	90	22	34	74	48	81	74	2	61	11	11	91	73	99	85	46	55	48	59	39	69	93	64	38	12	85	77	92	94	37	96	41	55	6	39	90	15	3	53	70	7	60	49	100	36	100	6	96	34	100	38	25	93	87	53	24	19	70	2	3	25	85	39	34	90	46	74	94	81	88	78	50	87	46	69	49	51	22	12	32	61	76	49	60	23	39	58	1	78	16	33	1	30	24	53	69	35	87	70	100	62	99	73	12	75	15	3	46	54	87	90	24	64	91	22	96	85	91	4	18	8	16	21	75	100	3	94	100	25	80	80	52	45	76	57	4	97	47	33	65	64	82	34	18	37	71	23	33	18	66	6	54	41	51	75	31	66	11	99	8	51	95	24	
18	67	40	35	98	87	50	20	43	20	90	98	35	65	50	16	65	87	68	31	32	71	67	57	10	69	39	19	58	51	28	6	79	72	40	6	95	89	52	46	61	97	54	48	87	68	52	85	30	43	88	96	6	92	14	64	74	31	100	25	90	89	73	73	89	37	12	57	92	75	31	72	100	23	21	44	6	10	31	85	6	7	59	95	51	41	87	93	45	76	86	14	27	65	73	19	70	73	69	55	4	5	82	79	75	89	74	61	70	15	82	60	89	7	65	14	57	45	70	37	72	27	95	7	100	88	91	61	97	35	58	71	10	93	17	8	43	81	100	33	53	13	84	48	3	8	20	22	49	33	32	71	36	84	31	9	96	2	72	46	78	40	41	90	53	15	50	65	39	47	28	76	99	30	55	7	31	38	92	2	28	13	83	70	42	65	94	38	22	73	26	7	16	38	44	70	82	25	74	10	
5	88	32	97	96	14	9	62	64	11	96	62	79	15	2	84	100	62	54	18	50	61	23	2	42	64	50	6	95	63	81	85	99	34	100	49	3	31	82	19	95	93	45	79	13	67	16	30	2	46	29	13	91	16	26	61	84	51	59	13	58	25	74	19	49	96	57	85	18	51	85	2	72	99	56	45	67	50	52	65	55	36	74	63	50	97	95	20	64	1	88	9	66	77	6	97	71	48	88	6	54	27	4	28	84	1	59	20	55	91	53	99	10	83	97	27	32	40	34	22	44	33	54	8	97	79	17	62	57	3	75	86	69	20	76	80	70	53	16	38	25	26	57	40	9	64	89	24	75	6	91	59	23	54	68	10	30	66	68	7	17	71	6	80	73	89	38	44	24	73	55	8	70	43	9	53	4	81	16	17	64	20	21	6	53	7	53	41	3	65	43	83	41	92	25	98	63	44	20	78	
5	27	88	69	5	87	62	46	22	45	76	66	45	17	69	7	3	1	53	92	51	88	2	42	89	8	18	62	73	44	19	21	50	12	26	45	35	59	84	73	83	68	67	100	13	75	20	75	53	91	48	74	2	35	38	2	1	46	48	58	17	81	74	85	54	41	92	18	83	49	19	10	23	85	44	41	97	24	53	43	62	82	20	12	100	76	47	15	73	36	27	55	85	22	55	62	100	85	28	93	13	11	35	81	25	82	60	89	45	13	67	28	24	75	10	95	1	84	51	6	12	79	94	73	78	67	27	41	12	64	65	31	74	35	33	62	63	51	31	38	87	84	64	59	36	15	83	6	54	17	91	73	72	60	46	62	60	41	47	54	67	83	4	91	28	22	76	27	36	50	79	16	93	4	14	93	5	19	94	10	97	3	85	32	11	11	37	52	36	96	70	96	22	79	2	64	80	17	49	17	
28	67	46	92	68	100	69	21	15	85	17	58	18	97	45	45	24	22	72	1	38	62	12	60	53	78	10	30	50	88	41	58	37	41	85	26	34	65	32	22	62	85	12	77	52	3	79	25	41	9	96	48	77	75	11	91	12	96	74	40	63	62	1	83	22	55	75	51	49	76	9	25	26	44	23	92	71	33	48	58	57	73	4	82	68	50	59	4	47	66	98	6	34	49	94	54	31	83	52	80	89	55	67	100	69	63	75	76	24	85	69	77	42	36	97	100	80	59	55	74	39	85	34	48	53	76	75	8	55	95	57	18	1	82	27	48	18	71	57	65	26	34	44	3	55	72	11	93	54	23	17	82	50	38	94	33	44	19	38	32	56	26	19	4	96	34	41	90	12	44	44	97	63	5	25	71	83	27	19	92	77	73	94	90	14	53	52	55	77	88	81	92	50	38	36	31	48	45	30	100	
23	40	98	71	76	19	34	31	39	98	14	41	70	12	83	62	15	12	19	40	31	74	27	17	81	98	19	77	15	9	19	97	54	67	91	95	77	46	80	6	67	74	36	82	33	61	36	96	38	74	25	64	15	64	44	37	47	41	60	55	39	76	93	55	41	6	31	85	19	9	13	72	29	91	6	94	59	87	14	45	10	69	58	17	27	53	47	65	25	100	3	21	54	6	37	93	20	70	85	100	71	55	65	43	70	30	50	61	35	11	79	95	87	34	38	46	59	82	57	52	97	21	87	24	82	36	100	9	49	58	38	98	20	1	18	87	80	9	99	39	15	80	19	1	67	57	70	93	62	62	40	81	49	100	35	77	82	61	79	83	44	39	76	46	77	49	26	27	71	15	12	25	80	55	19	41	27	1	19	95	43	3	18	62	93	68	46	32	83	72	16	1	97	72	95	38	34	44	92	67	
60	47	47	59	19	87	77	97	67	7	81	21	28	91	70	63	70	80	67	45	15	61	51	94	57	78	19	71	84	3	60	86	64	55	35	6	41	49	85	7	32	24	32	40	42	21	90	22	69	16	30	12	42	48	3	73	80	71	54	48	45	76	80	62	30	39	72	2	10	25	72	41	37	86	15	97	65	45	60	4	100	77	98	33	95	55	62	30	15	88	75	37	23	26	17	79	22	79	40	23	17	34	12	91	51	94	81	70	83	45	97	21	22	40	50	95	37	13	81	31	21	40	97	2	60	14	18	83	78	28	49	7	65	23	67	71	16	77	44	26	34	54	81	42	1	51	15	4	95	95	16	68	92	76	32	48	94	28	90	96	53	7	96	15	26	72	20	71	4	52	85	3	91	53	82	4	53	33	8	55	62	14	85	48	19	79	7	8	64	75	81	55	92	74	83	51	33	85	14	48	
3	55	91	10	24	7	32	57	3	25	35	31	61	7	13	61	59	50	91	49	32	100	68	62	77	7	25	14	4	61	11	43	54	91	27	59	58	84	22	61	31	36	43	58	57	30	95	52	85	79	34	54	94	90	4	56	40	17	14	30	53	82	92	40	92	90	100	72	23	26	29	37	56	5	48	84	100	43	23	34	80	22	71	46	69	53	24	73	65	2	3	63	24	2	87	56	74	42	57	36	85	17	22	6	7	7	43	43	33	51	38	55	44	77	62	64	55	23	58	94	79	5	31	78	66	30	30	3	45	44	86	1	19	11	71	56	79	77	70	51	73	80	3	53	16	7	73	16	40	16	74	81	100	95	33	15	39	19	59	36	55	98	4	90	35	88	39	61	88	33	62	80	20	13	99	24	23	70	88	76	6	42	77	76	88	87	28	12	93	58	33	46	47	65	97	47	87	75	93	75	
40	33	6	99	20	48	33	43	47	84	41	20	72	1	75	42	86	34	77	43	24	62	65	34	41	91	11	82	61	69	8	45	88	54	55	45	46	16	57	55	31	82	80	67	33	90	49	96	60	4	56	52	15	89	34	53	98	16	29	53	33	39	83	84	28	15	23	99	85	44	91	86	5	60	25	28	88	39	1	61	57	17	58	38	27	95	11	3	4	52	86	72	61	67	68	47	38	30	36	72	79	67	96	13	49	27	79	99	44	83	85	46	20	25	99	91	22	10	24	84	47	18	41	79	6	52	3	3	92	58	81	79	6	47	43	46	26	96	28	7	23	22	62	22	24	79	24	10	97	93	22	38	46	26	35	18	94	35	3	59	3	100	32	71	1	98	11	28	82	90	95	30	72	32	88	83	30	83	75	12	66	44	47	78	5	91	93	50	13	43	4	76	24	29	86	82	15	12	77	21	
64	64	36	10	96	41	31	65	64	27	29	54	32	75	26	97	17	70	60	73	19	92	25	24	45	26	14	77	77	31	69	30	20	56	32	79	18	22	79	66	68	47	98	82	34	36	11	91	5	46	43	73	29	96	79	57	28	43	91	14	54	45	82	53	60	3	21	56	44	23	6	15	48	25	23	44	58	5	33	16	21	96	42	1	55	30	66	90	36	12	73	92	54	1	36	96	29	30	24	93	48	67	15	54	3	15	79	55	8	54	29	18	31	28	50	15	45	58	51	77	7	83	31	58	31	59	28	9	80	3	17	6	44	50	65	94	34	13	59	64	9	75	42	75	30	20	54	91	61	34	92	8	23	46	14	92	30	15	42	27	72	72	3	25	100	92	87	52	54	2	70	73	29	3	43	46	50	41	36	27	88	76	53	17	42	53	11	28	41	93	42	81	89	56	6	67	36	75	13	36	
93	27	24	33	26	11	69	15	74	94	67	77	21	47	3	85	21	85	77	54	56	38	2	57	58	19	63	65	32	42	47	44	89	9	96	8	70	96	66	78	45	90	16	37	78	16	32	92	87	42	32	33	95	53	60	79	2	27	62	24	54	69	20	87	22	53	44	45	41	92	94	97	84	28	44	19	71	19	66	83	39	72	72	32	88	65	4	77	29	56	90	81	18	74	95	46	16	56	92	5	86	70	5	33	87	32	82	67	32	61	76	46	75	23	11	32	41	88	10	23	22	8	55	43	100	45	75	89	30	32	29	74	70	17	89	83	94	64	14	79	84	32	71	67	38	92	37	83	44	97	90	72	9	16	64	72	21	89	79	87	65	8	45	3	91	81	24	58	91	23	13	31	97	8	10	60	1	94	1	50	19	97	45	19	2	46	24	81	96	22	37	90	12	95	23	67	88	46	9	70	
15	5	17	12	87	90	83	90	100	50	37	75	92	50	74	8	51	73	56	25	44	13	38	48	89	65	54	6	97	96	67	28	1	20	70	24	45	72	24	46	50	90	76	96	1	91	10	26	48	29	58	60	67	7	25	27	53	31	15	34	57	99	83	53	85	70	6	67	97	71	59	65	100	88	58	71	20	34	52	17	83	49	23	88	77	39	3	26	42	4	67	12	2	14	93	45	64	7	93	76	54	55	13	2	34	98	78	41	22	48	82	78	26	57	80	10	31	52	87	1	64	41	85	5	100	77	2	100	72	70	50	76	26	74	66	83	56	19	70	35	54	71	63	3	69	42	97	53	5	51	17	47	81	51	81	93	82	94	24	5	40	50	42	67	62	25	14	43	64	88	66	26	88	14	1	38	96	86	72	22	85	59	82	3	10	80	71	77	98	55	41	55	61	43	84	29	12	87	43	64	
91	86	46	17	91	2	3	68	89	67	65	93	38	37	93	90	61	70	2	3	61	99	72	61	90	87	46	55	78	61	3	15	33	79	7	53	7	81	28	62	36	9	52	39	96	75	26	19	95	55	60	80	78	34	27	83	88	95	68	40	14	84	95	97	83	7	10	50	24	33	87	45	43	39	5	19	34	20	14	27	85	80	93	29	25	35	97	7	88	1	77	47	59	32	1	7	36	47	63	87	15	60	22	22	59	86	20	86	77	89	86	77	61	87	38	47	82	48	51	100	91	37	2	97	6	19	38	65	66	28	56	41	16	62	7	47	72	33	72	3	3	34	35	43	14	86	21	30	34	95	6	18	38	23	43	70	11	80	2	86	50	66	57	20	26	29	58	60	84	42	42	36	33	68	38	88	30	79	81	38	24	61	47	55	39	73	6	72	61	89	16	47	16	88	75	37	17	29	79	15	
77	9	56	95	12	56	15	64	68	75	75	8	59	62	86	44	16	4	45	89	89	100	19	71	13	60	24	42	100	38	42	77	97	96	72	74	45	80	32	59	16	74	50	81	2	74	90	56	80	57	40	1	67	42	41	1	16	85	24	13	48	5	82	70	5	60	31	52	53	48	14	60	23	1	33	66	52	14	14	69	61	87	90	77	55	14	69	82	87	51	18	35	92	28	61	43	18	32	85	58	10	16	89	79	62	50	22	49	66	67	69	54	67	14	13	37	4	52	73	36	18	20	91	29	66	15	40	59	39	85	42	22	33	97	37	12	90	83	80	34	5	86	88	49	66	100	16	5	3	10	88	77	42	67	26	57	90	23	98	76	58	41	25	52	27	81	51	11	38	16	77	9	91	39	11	3	89	23	59	63	13	93	65	54	52	54	82	14	33	61	60	33	80	40	58	62	35	35	41	65	
95	30	64	87	88	57	27	34	85	33	29	12	16	51	83	81	20	2	21	3	4	44	38	40	9	97	88	19	14	90	45	58	19	69	78	19	68	9	98	24	76	14	46	95	30	96	78	30	60	45	94	11	40	84	17	36	58	37	42	2	49	50	68	61	38	49	85	65	43	58	45	4	34	61	16	83	17	27	69	41	41	79	72	97	36	93	83	27	100	11	69	45	2	85	70	60	49	68	76	86	30	54	44	2	17	36	63	96	13	26	49	85	4	82	9	66	89	63	55	65	55	85	89	70	16	83	5	81	29	12	6	14	73	48	55	33	80	94	31	80	49	33	17	9	27	33	8	28	59	30	26	37	39	40	32	92	99	56	35	98	22	33	6	58	87	92	28	9	75	26	80	54	84	26	14	95	16	72	79	11	17	76	79	67	2	65	43	47	98	52	86	77	47	7	6	29	89	80	97	39	
44	34	61	39	62	97	45	19	76	66	94	66	14	87	57	97	69	17	60	7	38	24	64	80	48	12	27	34	69	70	55	12	46	83	85	37	5	1	84	84	26	12	100	4	79	47	37	30	17	88	44	11	84	99	43	69	12	34	45	54	58	89	36	78	68	100	6	55	62	57	10	100	80	57	21	39	83	85	61	41	34	98	59	15	56	99	45	93	21	6	61	92	29	73	59	72	38	20	10	51	58	13	67	78	25	20	11	98	47	51	50	12	56	10	66	90	35	83	2	32	55	82	87	91	72	4	30	52	88	51	79	5	55	40	35	48	18	55	99	73	55	55	57	12	6	87	29	77	57	4	82	65	74	93	80	73	37	16	43	31	55	5	99	28	25	66	96	2	99	38	89	92	53	77	85	30	25	47	80	63	59	83	16	50	1	49	53	91	26	69	19	22	70	75	67	36	35	29	3	71	
24	68	54	44	48	100	38	95	15	27	30	23	38	47	90	23	47	85	95	85	39	85	59	40	69	58	61	28	16	56	69	87	59	57	17	77	18	71	23	54	20	23	4	39	67	50	80	4	99	38	34	99	5	94	27	63	9	24	77	10	75	26	31	97	80	36	7	36	82	73	69	77	22	17	96	72	49	80	87	79	98	2	8	62	95	10	56	39	83	75	86	47	7	60	68	52	2	64	98	72	54	54	56	90	13	56	3	33	80	32	44	69	58	15	88	44	65	99	82	81	90	98	69	91	55	69	76	60	70	90	22	99	44	14	63	84	100	12	27	48	77	78	46	69	17	29	11	43	55	16	9	73	12	73	40	59	26	41	25	34	40	79	6	15	29	39	83	63	14	39	18	33	25	82	81	30	94	40	97	76	89	61	48	40	18	81	27	76	57	90	97	31	33	12	38	38	20	95	46	5	
85	11	84	4	66	98	99	89	78	34	100	82	64	66	48	98	7	11	46	32	65	29	15	92	81	6	83	38	70	68	28	81	81	26	15	5	82	59	98	72	91	22	97	3	4	59	70	79	44	66	74	9	60	65	45	18	11	9	99	59	32	50	11	11	46	100	59	74	20	4	58	98	71	58	42	72	23	93	90	72	59	8	70	62	96	61	33	84	36	8	49	94	33	83	45	65	54	84	23	99	97	58	70	33	71	47	32	26	29	15	35	47	49	33	32	90	4	17	8	32	87	34	89	74	56	8	75	80	56	92	66	12	48	10	41	57	32	91	64	95	80	42	89	7	47	56	17	85	39	34	42	88	53	38	4	49	3	74	82	71	65	48	55	48	49	86	82	69	96	47	9	39	63	68	8	58	3	71	85	33	86	61	77	69	51	42	76	66	46	41	89	88	74	83	42	39	89	33	3	49	
61	75	57	41	83	52	84	100	53	60	78	16	63	16	59	63	43	60	68	13	92	26	25	82	83	84	100	74	24	66	40	21	67	44	82	88	18	24	36	68	54	4	34	42	30	59	40	38	87	41	24	78	34	7	24	80	1	34	10	58	83	43	38	17	100	6	95	63	12	82	17	33	46	38	1	32	88	29	77	97	15	62	62	75	31	13	13	52	100	29	21	100	63	4	28	51	57	86	73	16	19	49	23	84	23	49	31	3	69	21	96	76	38	14	32	76	47	64	16	24	82	32	64	2	59	22	30	21	35	54	32	43	90	11	63	39	75	38	2	98	39	49	14	58	50	7	90	30	10	85	69	50	96	51	61	21	73	76	96	50	17	92	37	15	6	62	54	39	57	91	73	72	67	31	45	2	89	77	69	90	40	95	46	18	82	88	75	11	40	63	26	11	19	23	100	59	63	35	58	60	
60	20	46	68	21	55	38	9	24	98	16	21	6	93	80	13	92	59	27	60	68	38	50	61	44	28	35	32	76	22	27	8	99	48	84	74	52	73	31	53	25	49	84	18	28	65	50	82	75	54	49	76	19	21	32	44	86	69	18	72	40	37	23	71	26	96	51	50	100	68	27	95	69	27	55	88	77	25	55	36	56	95	96	31	12	34	12	33	42	91	4	36	83	43	43	67	27	21	58	69	38	68	93	18	30	29	4	36	41	14	44	2	14	93	11	8	94	58	2	83	24	94	1	86	43	90	17	22	40	31	43	77	32	73	33	63	68	40	82	59	12	93	19	16	57	17	59	22	100	85	49	37	67	30	45	57	35	66	68	99	22	51	97	31	71	82	18	55	5	56	53	92	27	86	97	31	87	20	21	48	61	100	2	76	31	86	59	10	47	73	19	35	86	97	16	10	55	14	74	84	
69	90	41	89	19	18	79	100	31	72	4	28	70	83	41	71	36	42	34	94	64	55	38	5	5	15	61	22	29	82	15	6	80	89	48	93	40	16	67	43	16	59	33	95	78	58	95	65	12	10	88	48	52	44	91	63	15	51	54	8	39	34	72	11	94	34	41	97	76	50	53	55	53	95	30	65	39	35	14	93	99	10	61	13	34	32	62	53	83	85	50	31	31	88	51	24	10	13	14	41	43	8	59	2	95	45	74	31	25	98	70	69	63	100	33	1	69	14	9	38	56	38	9	92	70	95	21	26	22	90	25	74	74	96	68	52	27	43	47	1	54	52	80	38	13	80	28	86	92	36	29	56	28	48	78	70	78	16	88	15	9	9	93	88	47	21	43	99	81	47	66	14	35	44	23	36	40	25	44	12	38	49	76	80	10	30	76	20	59	49	4	100	5	80	23	40	47	47	91	67	
81	78	4	74	11	56	86	97	14	34	34	53	21	13	55	74	4	46	95	64	78	62	79	22	17	73	73	64	32	23	93	89	39	16	57	19	3	56	4	5	21	55	30	66	78	97	93	94	1	9	26	34	96	87	92	41	72	38	6	60	84	76	4	82	51	100	87	95	47	59	47	62	24	11	66	4	3	97	69	83	45	56	33	13	12	62	97	59	86	67	71	78	11	1	46	63	30	71	38	2	41	6	75	57	79	54	3	99	93	68	7	75	88	4	26	12	34	79	61	93	57	41	57	4	85	41	52	36	91	40	95	60	21	56	13	24	11	2	5	22	55	45	63	63	84	58	84	50	82	66	19	16	67	60	63	13	27	62	67	71	85	82	27	98	62	23	93	28	29	62	83	63	79	36	86	9	33	67	98	30	80	28	37	4	26	27	1	18	61	69	44	36	70	1	36	73	10	5	67	25	
97	12	97	97	18	73	73	18	22	98	76	90	30	40	25	57	64	17	44	25	59	6	30	41	29	63	69	25	8	98	69	73	92	58	60	39	9	46	100	22	95	89	13	9	4	89	97	18	17	72	41	96	84	74	80	1	25	48	56	43	42	92	7	58	24	38	93	20	15	4	65	30	73	3	90	77	26	7	82	27	93	39	84	52	33	53	59	91	39	90	82	79	65	60	22	9	32	25	91	4	36	67	91	50	25	15	98	57	70	51	11	80	47	72	36	69	80	22	32	53	33	20	78	48	43	4	51	96	27	69	13	43	28	35	21	9	82	59	26	55	87	70	94	20	52	94	35	34	23	48	37	72	31	70	1	95	88	53	60	84	23	39	67	78	19	74	10	82	31	81	100	89	70	21	58	66	13	73	5	12	98	19	16	48	67	63	2	62	22	82	72	36	99	69	78	4	72	38	62	17	
58	75	15	91	78	70	22	99	65	17	96	22	73	39	52	79	72	34	97	28	7	21	83	78	19	27	90	58	65	25	4	7	3	14	25	24	33	8	68	86	41	88	5	39	22	78	64	44	37	67	87	51	90	17	94	95	34	75	15	93	83	13	35	1	62	25	45	64	73	47	25	15	65	4	36	29	42	88	87	100	21	83	36	100	42	83	86	39	40	56	8	15	54	82	7	62	19	83	55	45	56	6	57	36	83	47	90	26	7	87	69	7	65	85	96	46	2	70	37	84	77	30	38	54	78	50	56	73	10	38	42	75	55	26	64	38	36	1	61	90	98	94	23	2	80	13	96	18	26	90	47	72	8	63	47	21	43	15	42	5	7	80	1	5	76	41	15	68	62	41	38	59	34	36	22	35	65	61	49	93	45	72	66	33	100	56	76	10	80	79	24	87	95	84	49	3	42	63	89	55	
94	79	60	52	72	8	17	94	4	96	26	83	23	69	76	95	76	26	42	21	23	43	31	85	15	75	82	36	81	26	94	74	58	21	97	79	37	47	5	66	8	28	60	44	76	86	67	86	60	96	90	50	46	58	33	82	11	77	73	2	91	51	56	66	98	93	76	1	36	66	100	88	2	52	12	56	4	1	51	11	6	75	8	29	91	85	67	90	56	23	6	84	100	14	27	63	80	72	9	45	46	34	97	31	45	34	43	42	23	21	10	100	9	6	100	19	73	10	89	34	76	17	16	22	81	58	29	33	22	55	55	80	25	17	85	10	56	2	60	5	5	32	28	9	64	28	49	29	70	75	40	25	72	72	65	90	98	59	38	100	13	100	86	66	96	50	27	96	4	25	96	73	41	41	84	22	10	16	43	20	48	57	78	62	5	28	62	98	41	39	24	72	13	86	62	19	56	97	77	2	
40	38	67	86	8	72	39	37	44	96	71	60	33	92	63	63	97	95	90	54	21	89	91	57	85	94	30	96	98	23	86	52	68	72	20	3	26	60	98	86	6	11	32	88	28	3	75	76	68	24	64	89	41	74	43	93	8	17	75	86	33	46	94	70	1	87	86	88	27	98	3	75	3	86	73	90	67	77	18	69	61	86	49	21	4	50	71	82	8	6	47	69	66	48	28	84	11	74	95	62	6	74	43	20	79	66	2	5	18	10	8	47	73	50	61	90	59	5	28	62	41	52	98	22	88	18	11	24	13	12	88	77	73	77	63	78	56	1	36	34	83	50	35	100	9	22	98	69	71	58	42	78	33	91	70	69	94	79	91	50	67	19	62	38	3	31	24	45	95	84	60	5	34	63	84	84	31	76	85	67	87	34	24	19	93	60	89	81	3	12	58	12	25	51	91	81	42	88	94	25	
33	42	28	27	11	59	53	18	22	73	35	8	5	40	51	18	85	72	24	74	40	91	31	1	72	5	1	37	36	40	69	23	90	9	81	31	28	56	80	12	20	42	66	93	56	61	73	34	64	43	72	89	38	55	96	40	85	93	17	16	6	13	69	85	42	53	14	9	55	6	21	37	63	72	92	81	12	47	35	45	92	47	94	100	36	31	78	79	15	84	69	40	91	43	100	98	69	81	100	33	38	23	1	83	82	7	100	89	95	32	43	37	42	32	95	80	85	6	76	57	62	82	69	72	55	80	97	90	56	55	23	24	38	3	53	60	92	58	75	33	19	41	24	8	68	97	88	81	82	81	36	88	6	84	51	17	8	37	14	83	100	52	33	93	21	73	80	29	82	75	32	51	97	87	19	45	58	66	23	76	30	99	15	79	93	27	12	58	69	20	65	26	56	27	40	87	28	58	95	10	
53	18	11	74	80	58	9	62	1	40	12	87	97	5	49	99	24	89	20	17	81	6	1	67	22	95	30	62	20	69	19	10	16	80	21	84	26	69	23	69	36	21	45	87	95	91	51	9	89	90	65	29	10	74	14	73	43	41	34	59	34	50	5	27	44	24	27	66	85	34	54	23	24	61	54	18	2	59	92	2	29	7	33	63	83	31	11	65	54	100	66	91	36	66	46	66	64	28	9	2	27	84	73	86	93	80	38	100	61	1	7	82	86	64	31	71	66	13	72	38	17	85	43	43	78	32	80	79	22	75	12	60	52	76	43	92	8	47	91	24	15	37	24	23	48	80	39	83	19	27	21	83	33	53	95	41	62	1	9	46	3	64	36	53	57	56	61	52	63	6	66	75	100	32	1	88	2	50	95	32	41	19	52	52	83	27	87	85	53	88	84	28	56	90	41	77	75	8	65	15	
35	76	57	68	16	78	5	91	38	22	13	79	25	72	66	24	86	17	48	64	34	84	4	28	86	14	98	87	79	3	39	4	20	88	57	43	20	86	18	43	48	30	77	85	53	26	79	76	24	61	67	98	66	59	2	14	31	78	3	89	98	70	82	14	15	19	65	77	22	49	6	26	2	67	1	74	14	32	28	85	73	60	83	4	43	88	1	60	82	14	48	43	66	20	46	10	61	44	70	98	35	82	88	36	57	65	20	100	21	28	48	4	17	25	71	97	36	63	82	100	81	67	33	50	60	90	65	51	61	11	66	38	81	58	86	21	6	9	59	48	96	39	54	76	35	91	4	82	68	7	82	24	38	41	40	43	67	5	48	90	76	70	13	71	44	30	50	69	47	17	34	40	16	58	39	3	69	50	71	58	47	100	43	70	62	94	21	30	34	9	37	65	78	51	81	79	43	40	35	35	
55	43	44	75	34	32	5	26	25	62	49	34	82	26	51	72	88	87	98	74	3	48	69	27	96	41	30	22	91	20	32	26	30	28	25	78	32	52	30	21	19	50	13	76	3	61	2	49	70	20	67	76	48	27	82	15	83	10	44	94	65	74	40	96	3	70	73	6	55	94	37	17	87	68	36	95	93	1	61	70	59	68	45	28	43	51	46	22	7	27	28	100	46	46	44	49	52	21	60	77	75	79	6	45	60	72	55	44	49	89	23	99	80	65	69	41	5	88	28	44	87	31	24	61	56	10	84	17	96	82	32	54	83	42	48	28	21	1	28	97	100	45	43	82	30	61	60	96	54	85	67	95	17	5	20	23	25	16	99	55	60	19	92	3	44	67	73	76	68	52	42	16	72	43	24	9	97	75	44	39	70	97	65	63	9	40	24	23	44	73	5	67	17	5	4	4	63	72	21	39	
16	66	65	51	96	59	52	96	50	43	51	90	26	53	95	72	68	90	71	40	81	45	18	80	51	18	35	80	81	97	22	1	27	64	82	39	64	15	70	11	99	49	32	39	1	57	27	45	46	51	95	2	70	24	21	57	48	53	45	26	29	9	24	55	85	2	19	97	62	54	93	79	56	47	96	46	45	7	43	60	72	52	65	51	67	24	63	9	62	63	84	98	66	10	49	33	46	60	66	81	80	26	97	98	55	4	18	92	84	55	78	57	42	42	20	28	25	63	23	62	48	43	15	16	50	1	79	45	10	28	12	93	62	35	99	52	59	61	23	75	93	91	81	85	63	9	63	64	16	37	3	18	91	54	2	59	25	64	31	72	71	67	66	14	43	100	29	31	73	6	47	42	43	73	18	66	40	72	74	96	91	92	1	22	1	68	9	66	39	56	68	46	45	66	32	18	73	91	68	90	
24	54	72	56	83	20	71	13	72	10	1	29	44	79	42	19	23	1	82	15	44	39	67	43	78	60	71	7	37	90	71	53	4	52	18	51	34	26	73	32	14	22	44	14	59	5	72	8	58	44	45	88	17	55	64	99	10	60	49	87	56	94	28	18	55	3	70	71	100	31	20	22	74	38	29	16	64	36	18	49	38	2	54	57	27	10	30	32	19	80	11	69	64	61	52	46	98	3	43	43	49	36	76	22	62	60	60	72	98	71	80	59	93	40	35	97	77	65	12	86	91	68	23	85	34	33	99	90	71	24	74	50	29	3	22	42	91	13	46	88	3	18	17	5	94	34	99	93	88	48	34	62	27	22	70	61	84	28	57	55	2	68	19	52	24	30	42	94	12	23	24	97	98	77	73	92	45	47	46	21	6	83	60	80	74	6	29	79	9	19	33	98	25	58	70	74	44	94	43	54	
63	41	53	61	33	8	27	19	66	9	1	17	1	55	12	12	40	48	61	20	81	77	49	7	69	94	32	13	87	6	36	8	98	77	93	62	30	35	36	40	98	94	4	49	30	53	21	61	98	12	37	64	72	13	70	28	67	84	10	33	65	68	79	50	82	25	73	48	85	83	70	79	42	30	30	56	7	47	32	68	20	64	84	86	21	13	71	25	83	72	74	81	28	44	21	60	3	95	93	14	39	64	59	2	82	84	5	24	48	6	55	32	90	80	81	82	64	100	91	30	87	75	61	83	29	44	93	62	66	94	99	92	84	33	98	18	69	36	71	87	15	57	78	39	9	81	1	51	31	56	22	56	50	40	54	38	12	88	45	90	83	81	95	43	88	38	56	53	10	17	73	9	87	28	25	82	42	6	32	62	7	20	13	35	34	17	41	14	64	19	69	97	54	37	97	60	71	33	32	5	
61	45	91	52	71	21	68	33	99	50	83	26	11	30	94	75	69	19	55	37	9	71	18	81	12	73	11	24	100	47	93	38	54	55	96	2	24	76	18	36	31	57	26	94	22	82	72	90	35	40	5	33	17	73	27	65	32	58	26	10	73	66	11	52	25	85	69	88	28	52	85	40	57	36	24	92	93	63	85	76	10	98	23	73	58	14	38	91	55	9	95	100	9	70	60	66	43	93	98	97	18	69	39	62	91	60	28	56	72	4	97	44	80	36	73	54	37	69	6	35	93	20	45	13	67	40	72	58	62	61	20	58	90	2	18	29	50	94	50	2	74	95	10	83	81	31	68	5	26	51	46	76	95	20	55	61	82	88	61	22	37	43	69	96	28	84	58	17	21	61	94	81	73	30	22	44	100	4	68	84	75	59	36	21	43	70	82	27	16	24	46	82	26	95	25	16	24	42	79	85	
55	85	94	88	86	79	84	62	88	58	75	81	99	52	98	87	21	75	67	36	71	44	19	30	48	39	65	26	64	41	22	74	91	82	67	96	17	1	15	67	66	27	78	91	28	60	24	36	12	7	62	2	92	48	53	23	89	13	51	41	79	50	58	100	4	39	55	6	93	80	100	23	36	72	93	5	76	87	58	86	51	72	99	16	69	41	2	4	45	45	62	33	2	98	77	81	43	14	97	77	17	71	1	88	71	38	85	95	67	75	16	18	14	13	71	86	82	95	53	66	63	65	64	11	80	81	29	65	75	79	79	60	58	88	67	11	16	21	13	87	69	8	59	84	20	7	15	40	73	44	39	31	45	90	48	71	59	77	92	4	93	26	86	14	76	75	93	74	92	22	87	57	32	39	86	59	69	84	86	84	9	80	96	57	59	75	30	83	47	14	91	96	41	91	64	98	1	35	15	60	
93	17	74	34	20	22	63	76	16	41	42	90	72	14	24	51	21	73	15	62	31	9	72	40	40	65	27	37	34	36	53	92	63	34	1	80	34	34	65	20	94	41	97	79	6	48	63	74	45	87	7	53	64	48	99	30	17	51	57	44	24	66	36	58	50	34	4	54	13	89	71	17	85	79	48	86	54	15	10	30	58	54	97	19	38	43	41	36	56	46	6	38	27	35	75	80	49	39	18	17	33	100	66	50	18	33	79	96	58	97	51	43	79	57	73	77	64	77	86	47	71	28	21	30	64	10	94	77	52	74	42	91	2	11	51	27	76	49	59	49	40	76	55	12	17	15	28	97	23	54	30	57	42	26	93	32	38	36	78	72	65	38	4	18	17	74	5	76	19	10	40	96	41	66	46	84	47	95	57	46	57	89	52	18	10	90	23	86	97	35	57	56	13	81	13	100	19	41	70	29	
4	68	9	22	59	81	93	37	7	59	6	12	45	39	5	27	51	33	1	17	52	74	20	89	17	68	11	41	92	71	63	7	44	49	7	47	24	30	65	37	85	43	8	37	21	94	79	86	64	59	85	97	15	87	50	49	60	96	21	1	11	86	96	94	26	90	5	27	11	55	55	34	17	67	67	70	55	60	16	54	13	54	58	49	68	8	6	67	6	34	74	23	84	82	79	26	36	64	69	71	100	25	32	6	34	30	58	13	67	48	54	1	17	3	88	100	56	16	95	60	59	84	30	39	58	70	18	29	24	31	5	17	43	90	98	40	29	25	69	84	48	47	6	67	15	89	63	31	57	48	11	59	29	80	91	10	31	52	54	99	40	94	25	78	35	90	37	87	55	64	79	54	45	32	93	97	23	36	15	95	43	26	62	30	78	99	72	53	5	57	10	39	96	5	90	21	92	5	73	99	
22	7	58	18	60	88	22	78	1	63	20	87	95	84	35	39	80	91	75	30	67	94	37	7	18	91	62	10	11	10	33	1	56	40	64	46	30	49	81	54	57	38	82	34	72	95	77	53	50	84	1	85	59	9	46	51	63	22	69	1	32	13	35	71	47	46	82	4	35	67	65	12	22	96	15	5	13	22	89	44	67	56	70	23	93	59	75	91	57	97	43	1	73	88	6	97	76	59	39	1	66	32	45	97	26	100	27	75	24	71	88	61	91	92	8	90	21	14	93	29	21	10	90	83	70	11	24	51	8	50	17	4	32	67	9	99	19	19	62	14	97	80	29	23	40	57	25	76	22	22	14	12	11	97	31	43	43	50	9	11	42	85	67	40	56	72	97	96	57	26	7	28	91	97	45	12	100	89	66	12	2	1	99	15	94	4	67	82	67	69	31	63	19	82	54	37	18	65	81	53	
61	56	91	32	31	53	89	94	57	79	48	66	20	64	20	1	79	7	59	55	63	6	18	9	84	87	56	71	44	99	89	22	71	24	98	34	53	24	32	80	31	97	70	90	18	92	73	3	68	77	33	69	82	65	21	27	90	23	64	56	29	96	72	19	1	74	79	28	81	100	43	91	6	13	54	33	2	22	79	2	78	90	33	84	18	2	57	50	36	31	20	83	86	36	45	98	22	2	62	88	50	6	97	83	81	60	23	40	38	50	62	23	93	82	46	48	41	1	96	48	76	54	5	27	76	61	26	11	19	84	51	93	89	14	16	13	14	94	45	38	45	44	43	36	1	81	36	62	52	94	62	8	97	51	34	8	40	13	39	63	87	45	42	76	25	46	75	47	51	17	1	86	50	22	42	100	84	79	42	30	60	63	27	100	6	41	60	63	72	51	45	94	97	67	23	67	77	79	31	93	
30	56	12	41	4	52	83	15	16	17	45	32	30	54	55	16	87	8	66	50	85	17	36	49	45	70	86	14	3	68	63	25	3	39	35	23	88	24	69	7	82	18	23	15	92	94	62	89	2	13	56	15	3	6	13	63	15	60	50	44	17	81	48	85	73	94	75	84	25	69	70	51	7	49	3	87	34	59	62	17	25	13	71	23	30	95	79	25	83	45	79	82	93	57	60	55	62	82	91	71	18	34	26	81	49	82	36	4	88	22	37	15	15	37	91	72	69	2	25	13	60	18	15	42	38	62	48	6	88	74	44	41	44	80	79	31	91	43	79	39	76	59	97	27	21	71	32	38	22	2	39	92	29	79	96	71	8	47	14	86	26	55	74	20	20	26	65	56	60	49	70	12	28	66	53	99	17	63	24	22	65	98	25	18	69	15	91	76	34	19	97	19	80	21	1	5	6	66	58	54	
72	44	37	61	69	7	28	60	59	9	4	30	37	7	87	61	17	82	71	68	85	5	59	73	29	63	64	35	27	89	26	4	6	69	56	92	13	39	92	30	17	6	19	28	93	17	81	80	43	78	69	1	82	34	54	4	96	7	68	33	87	43	16	85	99	81	89	1	82	63	30	94	7	27	15	32	98	86	50	36	20	56	47	49	29	45	54	15	47	34	66	7	80	65	72	4	60	84	60	38	33	30	100	60	82	6	9	68	27	2	11	2	22	84	97	66	97	82	92	75	32	73	21	64	56	56	59	23	21	84	8	14	91	72	65	4	8	84	51	71	49	7	96	72	58	16	13	75	17	35	23	98	46	1	51	20	16	95	17	41	59	70	97	45	69	89	44	55	18	22	45	24	70	68	54	8	80	94	8	42	67	3	39	80	79	55	32	59	89	58	76	79	15	90	74	36	71	10	44	86	
26	31	50	4	4	57	84	79	94	55	66	17	76	95	67	87	69	38	72	61	43	87	23	81	10	12	66	50	78	85	20	59	35	95	68	63	83	17	75	56	34	3	33	99	7	17	87	87	11	84	85	52	23	92	83	52	84	33	94	87	52	49	21	100	94	88	74	59	60	75	50	81	43	79	79	82	78	20	22	63	11	3	32	31	4	74	3	98	90	43	2	100	38	20	55	18	60	5	28	85	79	58	27	23	36	9	63	5	22	93	54	37	68	42	17	20	3	42	10	8	56	8	14	89	55	52	32	47	92	32	34	32	79	89	23	29	66	13	6	72	93	100	63	45	46	94	24	78	87	78	5	37	83	1	34	13	4	13	2	8	69	8	68	53	62	7	24	42	7	16	9	85	60	75	51	41	31	52	25	4	26	27	59	85	9	100	35	36	56	91	90	26	38	3	77	90	46	97	3	99	
96	91	42	99	13	53	23	2	69	80	55	75	11	69	50	87	57	32	78	14	62	59	37	65	61	91	30	98	83	76	36	54	35	66	7	47	7	66	68	81	43	79	86	9	26	77	16	91	15	11	19	52	37	79	37	7	57	29	36	24	50	50	60	59	15	78	61	20	89	76	61	70	43	99	55	67	41	86	49	96	98	33	26	3	36	31	99	57	26	42	5	89	100	100	44	92	72	24	56	95	96	13	75	40	4	68	5	58	36	78	100	50	68	4	93	25	95	57	91	37	59	9	71	87	69	53	85	71	2	14	65	50	56	86	5	93	92	52	39	9	85	84	97	37	36	38	40	61	24	78	41	72	6	98	52	28	89	81	88	46	47	82	30	50	27	49	25	50	50	91	40	62	23	33	17	32	91	66	56	38	11	3	93	66	33	15	9	38	18	59	14	85	38	99	21	70	67	38	31	84	
10	27	54	4	31	79	43	72	17	92	49	30	62	98	54	45	46	91	83	83	70	42	17	72	67	65	52	67	42	5	47	82	18	75	52	73	62	83	52	49	3	28	62	13	37	30	74	85	90	57	84	53	17	28	85	77	5	67	51	81	64	50	82	36	89	50	70	55	45	24	35	83	33	44	8	32	22	77	66	13	47	80	29	69	41	25	93	70	7	23	18	95	61	21	49	84	98	48	72	67	58	67	24	38	88	27	22	36	43	96	93	9	29	13	21	55	72	24	51	86	24	19	41	40	11	3	12	39	3	81	6	53	91	97	5	98	45	95	60	89	46	9	98	82	34	90	84	47	79	54	47	90	77	96	99	6	81	76	87	4	40	73	86	62	56	68	89	81	63	14	2	13	77	64	43	89	26	91	100	71	22	9	16	35	33	42	70	84	76	87	78	27	3	8	50	35	64	36	22	10	
92	20	41	73	97	48	95	48	69	74	1	72	61	62	26	67	77	66	78	52	42	79	88	77	65	74	19	56	63	82	28	55	57	73	23	44	10	9	60	58	6	71	55	21	13	2	97	65	2	13	25	93	11	32	97	83	66	15	94	73	77	88	9	67	77	87	15	91	13	85	11	45	51	83	54	61	48	89	67	26	51	32	15	21	14	98	68	51	87	21	10	32	1	28	89	55	71	6	4	75	97	48	71	50	22	2	93	78	96	57	4	100	13	98	58	58	46	96	33	34	81	59	9	79	52	16	76	12	68	19	4	3	94	91	79	23	67	60	58	37	46	5	50	47	10	29	11	75	47	54	23	79	43	95	27	51	98	88	11	84	4	55	10	81	56	46	3	94	15	73	22	28	67	73	67	48	63	95	16	82	91	100	79	32	2	88	23	81	15	72	86	38	70	27	75	22	86	8	52	49	
8	33	68	81	70	32	96	33	69	17	99	45	27	94	3	87	35	56	96	52	21	11	2	11	60	36	16	69	64	96	11	78	77	43	8	55	97	40	47	76	57	93	78	57	83	63	76	7	99	93	71	59	10	60	5	16	17	1	7	30	11	51	77	40	93	46	82	53	67	69	79	97	38	85	29	76	82	86	69	49	50	44	35	96	44	70	7	11	69	10	8	43	7	48	23	78	80	55	97	16	51	54	88	62	37	11	54	100	93	4	32	59	98	38	89	48	88	41	41	28	22	62	84	96	82	19	79	40	27	35	92	15	21	46	6	39	47	48	36	29	16	72	59	76	90	52	67	53	97	51	11	87	96	8	39	15	37	44	14	36	80	23	5	19	78	98	100	92	80	47	53	98	16	7	80	21	79	75	72	18	81	4	17	79	4	45	38	76	21	95	38	34	10	25	43	6	66	19	18	100	
37	27	90	56	7	18	78	11	87	16	86	54	36	10	28	73	37	45	6	3	15	71	87	50	11	91	86	7	57	20	97	94	35	59	85	47	81	17	93	98	22	16	84	26	66	3	70	34	90	15	92	50	2	14	17	54	62	2	90	59	99	70	92	56	11	69	60	99	28	77	95	21	55	46	18	46	78	77	54	85	12	69	47	76	2	69	75	80	7	100	47	37	82	4	99	57	59	32	44	18	43	1	61	23	15	2	37	50	9	100	59	65	48	35	18	87	78	99	46	5	35	14	2	95	18	24	17	56	3	29	81	21	25	74	15	20	6	35	55	54	17	89	43	26	19	22	82	27	79	71	7	33	67	27	36	73	64	20	4	73	16	84	77	68	95	60	95	75	31	14	87	38	77	33	36	35	20	57	69	61	7	35	13	7	84	71	73	8	76	71	8	32	35	56	92	68	90	67	15	15	
95	41	13	39	94	67	20	95	14	48	15	4	24	58	4	55	39	16	15	81	40	35	38	2	94	86	12	5	91	35	13	77	52	26	8	16	93	11	91	6	14	48	22	15	72	50	68	68	98	5	32	12	52	53	58	60	46	74	9	42	48	35	65	27	71	49	89	10	24	42	87	22	44	20	31	75	26	61	67	4	56	58	49	38	14	63	88	47	65	9	73	42	86	17	80	42	93	90	80	14	79	17	91	93	15	22	68	68	29	13	98	48	68	2	82	4	91	91	71	17	31	13	14	49	80	9	74	9	28	61	50	35	75	71	99	49	5	40	8	37	90	41	69	69	87	49	69	65	4	51	46	26	73	66	95	10	3	56	5	74	27	81	68	62	2	16	93	88	77	32	78	30	99	18	99	30	48	92	1	59	83	18	4	90	16	92	22	9	64	46	3	10	95	74	100	11	90	26	6	99	
54	83	74	85	13	91	68	60	3	61	38	41	43	5	59	41	100	11	55	100	69	61	61	29	63	9	50	82	30	22	28	28	26	58	24	95	57	3	22	56	76	14	12	68	78	60	3	82	99	74	84	49	70	15	1	25	25	5	38	53	38	43	14	49	6	51	7	83	75	36	34	40	77	25	28	23	57	87	14	82	10	15	33	14	93	100	4	72	85	6	50	32	64	25	65	42	40	80	36	13	57	3	92	82	37	84	42	4	13	98	38	35	2	54	38	36	21	25	97	19	94	57	11	30	29	60	94	38	75	43	96	90	55	57	90	39	11	70	13	64	15	38	60	55	68	31	53	54	63	6	2	78	51	70	58	78	85	82	52	55	6	94	5	31	7	37	48	3	31	15	88	87	12	61	70	59	27	10	84	5	85	89	49	99	29	67	12	58	84	70	87	58	4	88	44	86	36	10	3	62	
62	37	61	64	48	68	66	24	35	53	55	84	19	10	90	24	47	48	24	20	5	65	91	33	33	40	70	54	35	32	2	29	4	14	59	6	77	34	68	7	52	100	87	85	37	50	89	69	44	10	57	33	6	48	48	54	93	32	54	71	86	25	98	48	17	22	65	97	10	97	38	50	62	99	50	11	80	38	13	9	66	88	32	32	11	33	26	36	96	100	61	95	31	71	69	20	35	81	73	71	73	88	8	46	91	97	17	93	21	58	89	18	82	38	26	71	65	50	50	31	77	55	4	22	20	95	32	55	47	76	5	35	80	38	64	23	15	26	53	44	91	41	10	35	83	9	9	7	56	92	3	91	90	87	87	51	14	31	32	25	95	46	93	25	33	97	5	51	98	11	46	63	26	4	51	6	32	31	61	82	68	21	1	81	56	25	68	43	12	26	96	50	35	100	18	14	25	40	37	17	
22	99	70	56	87	56	48	68	83	43	29	86	96	2	80	3	54	100	54	52	59	19	33	64	56	26	88	99	78	59	52	84	95	5	74	48	50	98	75	53	23	31	75	56	32	51	78	2	6	97	78	22	68	28	41	100	77	93	95	15	1	20	51	9	33	12	14	27	95	100	46	95	64	91	15	32	10	47	37	66	90	44	90	76	8	1	12	69	46	19	90	80	71	97	41	28	97	82	54	86	77	100	90	48	72	66	20	25	55	58	48	87	4	36	71	12	78	60	22	95	82	52	99	16	29	92	33	89	98	16	54	67	87	20	60	51	24	14	47	22	70	32	11	54	63	6	52	82	82	54	21	5	27	95	92	92	62	65	67	57	9	55	11	42	49	62	67	92	30	20	51	4	70	26	89	94	10	33	38	93	90	32	71	86	29	97	14	62	55	63	43	16	98	98	14	24	61	28	86	14	
7	57	59	15	75	10	84	21	77	51	5	80	3	2	44	18	54	58	48	9	40	68	21	64	51	54	22	19	3	28	91	26	17	27	73	60	88	9	31	5	54	99	47	21	68	48	81	80	14	71	20	51	61	14	80	11	4	38	37	52	4	64	25	96	34	32	57	32	1	80	59	37	55	22	45	41	31	82	4	89	35	65	4	47	94	69	34	80	2	73	59	85	66	36	5	25	77	64	37	82	64	56	21	41	69	97	3	95	72	46	88	78	91	21	65	78	69	62	23	77	12	93	76	60	28	79	50	82	92	70	17	62	52	61	1	69	67	66	1	99	50	92	41	12	12	95	32	23	15	38	42	88	3	63	26	76	8	27	27	12	66	12	49	36	78	40	49	3	21	58	73	47	21	13	55	17	92	60	50	79	71	50	50	93	64	98	34	39	62	73	8	95	69	90	83	1	86	13	44	4	
55	53	88	72	35	70	35	37	94	86	49	3	69	30	57	25	67	7	40	3	39	70	77	85	57	13	13	77	34	98	51	22	61	50	92	70	97	26	36	48	92	9	82	42	58	88	36	64	14	42	82	35	96	33	48	31	53	37	30	10	79	56	78	87	18	61	45	40	84	59	82	13	23	10	58	88	52	48	52	63	83	99	17	64	58	14	79	22	70	10	5	6	13	63	88	63	65	100	69	95	77	16	14	1	2	82	42	57	24	96	41	99	91	25	50	60	62	48	98	26	23	96	68	53	70	99	1	45	83	87	76	5	13	17	22	29	83	86	13	61	6	11	28	3	18	25	42	17	9	81	84	1	71	27	24	76	30	12	4	40	18	18	58	77	55	62	58	4	76	22	65	68	81	40	62	5	35	11	49	18	44	56	62	69	82	78	18	42	85	25	67	99	18	25	63	9	27	19	79	20	
39	90	28	53	63	62	63	14	9	25	99	53	57	53	24	49	51	87	53	18	7	33	3	94	52	90	42	90	35	29	62	69	8	96	85	2	47	60	21	9	81	12	10	38	35	6	80	48	47	82	100	40	37	93	5	30	33	46	3	9	77	56	59	59	23	76	70	34	51	55	57	81	58	24	51	10	87	51	73	55	2	82	8	16	2	9	61	32	37	89	28	76	72	82	28	23	12	91	6	53	86	95	93	96	25	92	10	91	51	33	41	46	71	97	50	22	23	98	8	34	51	5	50	29	79	57	88	67	40	51	87	84	46	80	93	31	65	6	11	21	78	80	36	46	30	21	67	67	61	65	48	62	19	38	15	48	26	78	36	72	41	74	98	87	26	94	72	47	44	74	57	66	65	37	7	2	59	73	99	63	61	72	91	52	74	44	4	12	84	93	81	32	75	19	27	75	1	6	29	49	
50	56	46	99	99	98	100	35	93	53	55	91	93	74	95	7	48	71	73	30	84	37	36	51	24	42	7	51	57	81	32	67	61	55	43	35	76	95	75	38	6	65	34	45	92	21	35	10	13	41	80	94	88	58	78	79	68	76	42	19	96	24	1	75	19	49	37	22	6	74	52	31	94	84	77	23	1	100	36	65	32	81	32	24	83	38	93	53	84	34	62	57	38	100	44	62	86	30	35	66	47	60	29	48	13	75	8	37	86	34	28	5	17	19	31	95	77	26	34	1	21	91	62	35	12	25	24	10	90	22	45	76	64	1	64	34	77	60	55	16	62	13	13	10	29	75	54	13	96	18	1	51	60	89	12	25	80	62	68	44	5	34	68	43	61	90	94	56	99	25	79	90	1	93	64	95	7	4	53	95	25	29	9	99	83	40	2	27	39	80	75	55	64	4	72	36	41	19	78	88	
43	5	57	34	72	88	18	28	81	43	58	70	56	18	53	83	48	51	54	3	38	8	58	82	58	95	39	14	77	78	61	50	81	65	56	21	78	89	15	37	68	52	11	87	7	83	67	24	54	17	12	62	62	69	76	26	40	24	32	45	79	36	30	26	63	60	72	44	12	39	97	21	79	47	7	22	64	91	18	55	55	90	87	82	24	56	57	33	77	76	41	62	17	81	87	48	91	87	93	63	71	59	21	76	60	32	56	59	24	81	22	35	31	94	77	82	12	23	51	21	46	70	46	11	78	81	76	42	16	32	46	40	67	61	51	67	43	49	100	42	31	1	89	24	18	47	90	98	95	85	43	57	89	4	22	46	78	12	7	9	25	84	80	88	50	31	6	32	32	35	45	73	89	80	97	53	77	80	74	3	53	69	92	91	84	38	12	77	64	56	22	14	21	15	45	21	34	86	58	63	
46	25	15	9	1	85	28	77	25	66	81	33	14	65	70	80	53	94	68	18	58	54	24	46	71	13	11	29	74	35	97	84	77	22	97	58	11	34	100	95	86	88	9	15	45	1	39	93	72	66	11	56	5	18	76	76	42	4	85	74	58	67	86	73	29	23	27	33	79	85	21	40	5	18	83	8	41	37	20	85	82	98	34	32	94	38	41	20	30	17	52	82	85	67	31	43	68	75	20	65	28	84	10	54	18	73	8	9	19	59	62	14	13	57	55	52	93	96	5	91	70	77	60	56	68	12	79	64	36	89	45	87	44	63	2	80	93	41	37	99	59	1	51	30	65	22	64	50	87	89	24	5	35	8	11	40	64	96	23	34	6	61	47	20	79	67	88	88	15	45	93	51	83	22	63	35	26	52	63	74	71	54	10	70	80	22	93	22	10	92	62	7	34	27	44	40	88	89	81	23	
19	90	48	23	68	52	90	75	80	32	67	100	4	91	99	65	13	28	54	46	8	3	92	43	93	2	85	24	82	77	58	64	11	14	3	18	11	62	27	99	24	93	44	86	69	70	32	89	39	47	68	61	53	60	27	39	34	28	5	7	10	85	73	48	30	39	95	54	94	34	87	97	31	41	31	55	85	2	91	89	87	69	89	64	1	9	57	78	38	16	98	69	43	33	24	15	23	61	45	64	21	30	90	5	15	21	14	71	41	9	84	2	14	11	4	99	76	68	50	62	46	60	76	85	14	69	75	31	93	30	28	79	6	18	25	99	11	70	54	99	71	33	74	13	52	76	16	90	90	49	99	58	15	55	60	61	60	65	44	60	58	79	16	48	42	93	92	47	7	30	3	18	62	65	88	17	77	58	44	40	22	70	85	27	68	8	36	87	72	92	3	71	88	76	4	13	85	7	96	5	
14	67	24	19	19	29	25	9	59	50	7	6	13	30	61	97	95	92	25	60	1	77	10	94	86	85	91	9	30	85	16	100	98	80	66	12	64	55	59	24	62	84	92	98	50	11	16	26	34	33	26	79	5	64	20	98	19	69	43	28	35	52	32	37	83	58	7	8	73	48	24	2	78	79	58	43	5	97	29	70	91	91	74	2	86	92	4	48	54	22	22	72	43	50	61	16	85	83	13	11	30	39	83	27	42	64	89	87	40	79	96	95	49	30	22	16	60	53	29	35	11	56	85	95	59	79	71	49	62	92	84	92	93	51	93	47	40	98	62	19	46	90	27	14	89	46	70	98	96	17	100	90	78	46	50	73	4	18	11	14	62	99	65	9	3	57	83	47	62	72	67	76	86	73	5	36	62	56	15	93	47	88	92	17	65	90	72	49	27	74	29	98	48	71	25	41	99	23	44	41	
33	91	63	48	72	90	59	85	28	98	51	10	13	90	82	70	73	48	98	61	79	26	86	24	54	64	40	77	68	44	46	95	61	8	1	11	41	51	53	62	91	6	60	63	43	1	24	7	67	42	68	38	5	60	65	12	5	37	84	23	16	75	49	69	83	1	100	97	78	53	82	60	66	6	31	100	100	6	66	16	72	55	56	59	43	70	85	43	78	81	88	55	78	60	56	50	34	29	67	80	64	58	70	76	38	56	55	69	11	52	82	18	80	29	20	29	28	70	79	12	78	68	14	59	86	57	94	64	95	64	70	10	52	94	87	30	86	33	90	99	7	71	46	50	95	34	65	94	31	32	74	64	89	75	58	59	61	68	45	28	70	2	99	47	42	83	91	65	18	19	65	73	48	51	13	86	46	17	62	79	87	95	38	41	16	76	36	36	20	32	1	19	56	47	5	39	99	100	73	85	
51	99	5	41	5	2	83	50	54	70	76	18	50	6	5	63	46	27	27	86	36	46	79	2	75	25	73	64	28	66	82	92	55	64	40	81	54	46	42	62	24	41	42	65	25	65	63	35	6	40	32	7	22	43	13	14	45	77	88	96	84	46	2	19	65	78	88	79	67	76	36	14	30	52	59	45	77	19	15	83	4	69	8	22	90	95	41	4	50	58	18	80	32	90	10	1	33	44	40	81	10	70	11	61	62	56	52	53	3	16	19	24	9	60	95	92	79	99	57	25	81	12	69	79	57	91	54	31	23	76	84	26	94	31	21	18	86	99	95	36	93	97	23	22	14	50	53	75	22	98	67	46	14	90	80	16	12	10	83	60	59	67	46	79	60	2	1	26	84	29	12	66	57	7	26	17	86	88	18	48	94	82	3	64	92	14	68	41	70	15	99	95	64	81	80	10	99	53	34	52	
24	24	33	42	17	36	9	58	23	8	1	77	82	72	57	28	19	10	78	58	64	9	30	20	4	43	84	21	40	47	21	89	81	33	82	67	62	21	8	40	86	9	58	80	20	40	40	87	22	90	63	73	10	8	55	73	67	59	91	63	46	3	25	67	24	16	91	17	27	75	100	18	30	3	28	75	2	38	40	5	30	76	75	30	17	21	52	51	56	29	11	97	80	65	84	79	99	93	72	29	94	18	24	26	48	59	32	85	12	76	79	17	74	94	32	33	50	1	88	24	76	79	75	71	94	54	77	49	44	79	42	94	8	97	35	95	12	62	85	15	48	29	39	65	42	46	4	23	53	56	42	57	55	89	60	34	1	95	47	71	64	29	6	8	67	59	88	46	61	26	81	19	3	92	75	43	77	54	76	14	34	83	89	30	62	20	64	41	20	50	90	73	89	71	62	88	80	31	10	97	
90	37	25	45	17	57	49	29	43	50	23	97	45	28	92	47	78	42	97	10	61	57	53	45	55	22	83	44	58	68	68	76	75	83	53	35	12	27	7	19	28	90	83	12	40	9	50	54	79	90	38	2	32	89	79	42	21	46	43	58	74	22	29	97	72	33	61	62	41	8	9	83	3	3	9	89	100	65	59	81	52	60	80	21	22	26	36	96	73	33	24	90	79	51	17	45	90	62	58	65	77	29	51	11	6	23	47	71	39	12	40	56	9	38	55	89	82	45	67	10	42	64	31	49	64	31	49	73	86	55	41	29	94	15	90	10	39	26	82	67	59	89	76	28	19	74	65	34	56	85	87	16	17	39	4	81	20	64	6	48	44	71	10	46	16	19	87	29	60	54	14	32	1	92	12	59	73	31	20	99	32	87	50	91	79	26	37	16	47	25	30	19	93	95	39	39	74	52	65	64	
31	11	45	87	68	35	24	86	54	34	83	97	24	37	65	36	23	15	35	47	21	64	81	83	68	24	39	60	76	44	23	21	96	46	22	77	21	24	86	82	42	90	28	92	25	2	90	3	59	83	38	38	1	64	50	28	3	84	43	63	2	9	95	47	69	1	97	57	12	55	49	78	45	92	80	30	72	66	39	29	88	70	56	35	40	22	91	27	10	22	13	56	22	61	96	10	71	66	62	75	52	24	8	19	88	21	92	2	3	68	27	3	28	75	47	98	92	83	40	90	16	36	93	62	95	23	44	86	75	34	51	1	48	36	70	71	28	53	46	53	33	96	28	48	8	1	25	62	61	75	28	96	77	93	53	63	67	69	40	12	44	42	50	52	94	40	99	85	84	58	7	88	25	22	90	75	52	15	7	23	37	30	55	7	1	68	59	73	76	74	15	99	59	97	25	80	58	30	48	64	
13	68	69	77	63	85	9	24	93	48	48	31	89	78	61	95	87	48	47	78	79	38	7	84	84	35	87	55	40	40	61	1	71	14	58	19	69	9	7	83	3	65	27	91	97	55	74	91	28	32	4	79	20	90	51	18	100	10	94	74	35	16	93	80	8	30	35	3	64	95	58	28	44	58	3	32	70	28	85	12	51	90	92	54	31	90	40	69	38	55	12	55	75	11	82	28	24	94	61	79	74	31	50	84	74	84	32	14	81	19	35	29	61	43	76	16	70	87	51	22	32	89	30	92	64	76	79	55	34	37	13	86	9	89	26	52	14	17	80	87	20	13	46	97	74	95	24	99	38	97	76	31	93	4	91	61	1	21	12	48	51	37	51	97	24	52	26	84	75	88	33	25	63	84	82	76	86	77	58	59	27	32	46	22	96	11	41	75	98	24	66	31	55	28	68	32	56	26	21	8	
78	28	32	27	36	44	67	63	41	39	16	80	25	61	13	73	68	85	19	38	23	23	58	12	47	68	61	74	18	96	1	53	37	78	27	6	50	59	63	69	32	57	54	28	83	84	90	56	32	91	66	18	21	48	11	60	44	98	100	28	56	32	64	88	26	24	58	75	65	57	38	49	86	81	17	29	50	56	42	6	79	22	66	32	43	25	95	13	42	55	88	23	12	66	32	12	74	99	20	79	42	5	17	51	44	8	34	65	6	4	92	81	50	96	5	54	17	76	87	45	46	45	28	84	70	84	42	41	51	13	23	12	47	33	54	10	58	7	90	87	88	20	44	50	10	61	45	59	3	100	53	60	36	3	81	2	83	60	88	15	82	70	66	36	90	49	81	9	77	99	5	50	18	78	82	45	98	16	35	8	18	4	37	88	99	33	12	38	54	76	56	49	53	81	47	99	19	85	85	91	
33	55	51	48	50	48	37	56	98	7	2	3	15	89	83	92	26	1	8	99	97	56	14	3	28	71	47	78	58	63	7	82	15	43	86	58	40	83	82	69	41	82	42	100	16	14	66	30	75	54	81	81	81	84	90	39	94	62	6	73	87	19	22	4	4	53	71	86	31	18	98	7	1	79	6	74	76	41	22	14	5	99	12	43	77	74	60	43	75	80	77	24	60	38	54	93	50	92	58	60	91	17	4	93	41	14	32	50	53	3	15	21	35	90	35	67	62	5	84	76	40	87	79	92	10	26	94	29	1	86	12	24	49	2	13	9	29	42	100	28	50	23	31	44	37	39	41	80	35	66	48	94	3	37	85	18	14	84	93	81	60	14	92	80	24	66	84	89	82	33	81	80	95	5	47	39	2	39	54	51	36	84	93	90	48	34	51	16	70	18	45	54	26	50	31	22	43	11	52	82	
54	37	60	32	84	25	39	68	21	22	14	45	65	40	39	8	55	44	48	72	33	83	36	59	55	85	92	47	4	31	38	3	82	47	22	41	45	66	15	38	18	95	94	75	76	60	63	42	6	5	39	97	97	85	11	23	87	27	60	27	18	97	13	94	67	69	10	69	74	1	20	65	19	6	44	70	26	16	33	73	55	44	48	90	32	74	21	28	55	25	73	38	52	81	83	62	29	84	90	58	2	43	32	89	44	91	79	56	91	94	21	25	75	55	80	87	52	13	46	64	67	44	6	93	52	94	8	94	48	9	47	49	30	13	65	55	97	27	83	9	14	14	82	82	90	22	79	65	37	39	52	99	79	44	84	67	99	25	60	93	66	8	62	73	37	49	29	76	73	5	82	12	47	98	64	28	19	17	33	57	19	95	97	61	63	61	21	7	36	67	12	73	62	67	84	40	54	100	54	66	
94	10	69	60	6	92	78	32	75	67	95	42	72	38	24	69	67	40	12	60	65	54	90	35	22	12	14	13	31	14	2	99	45	10	69	69	86	7	16	75	33	36	25	39	46	92	81	62	2	36	96	61	60	88	86	97	68	92	29	43	82	49	26	18	86	35	93	20	35	82	1	23	11	47	50	17	74	62	97	48	40	14	10	11	73	96	56	35	26	17	77	3	76	58	42	35	3	33	2	88	11	90	67	14	80	72	89	86	97	91	46	74	71	57	38	20	61	17	80	1	61	63	18	51	94	31	97	15	36	89	33	2	13	12	65	14	73	34	93	49	43	22	80	79	92	21	98	74	39	63	59	82	90	37	60	28	54	11	35	99	11	81	91	98	72	72	44	20	87	77	17	96	54	75	77	40	30	26	20	3	21	1	48	42	10	41	56	11	44	34	44	99	49	55	79	43	42	38	2	65	
96	68	96	9	3	47	83	31	64	94	73	65	1	50	1	15	38	81	48	60	91	86	25	1	22	20	15	24	80	75	77	79	33	14	96	63	90	58	78	17	81	41	14	86	65	40	50	27	1	64	69	7	53	34	18	79	49	16	2	63	28	5	3	19	89	87	17	76	33	27	18	67	71	43	65	89	66	7	37	55	35	63	41	63	33	68	13	21	64	85	63	53	43	86	48	99	22	98	18	67	51	98	9	16	79	65	23	5	5	79	6	15	99	90	64	60	1	22	93	64	51	2	25	93	87	21	35	90	70	26	54	13	65	65	8	50	78	29	100	87	89	24	47	66	19	6	27	33	30	97	46	86	87	91	15	86	38	63	6	4	71	21	74	53	31	41	46	41	28	4	14	94	99	77	92	56	25	36	71	3	89	3	41	58	34	8	12	100	13	71	28	82	18	49	79	74	76	65	40	6	
52	64	64	17	42	87	1	55	62	7	31	71	59	11	26	41	37	18	77	63	18	13	78	81	22	46	91	26	10	71	10	56	86	27	3	96	86	26	71	100	55	83	93	97	95	2	21	81	55	35	55	6	99	62	72	63	62	98	55	23	20	44	36	60	63	70	8	80	62	48	87	71	56	46	94	83	83	47	12	33	48	84	57	39	63	52	24	9	38	10	78	60	92	21	28	52	42	18	29	11	27	40	99	13	31	4	29	93	98	23	39	20	49	39	23	51	69	29	31	34	67	80	99	47	30	18	95	10	71	52	10	9	55	14	50	62	81	61	50	62	36	72	64	74	11	13	18	49	7	31	82	10	16	11	43	80	89	79	37	28	67	97	69	33	86	21	86	84	93	28	72	79	27	17	66	94	30	78	83	48	45	65	53	38	42	1	81	26	31	31	18	82	12	53	71	67	54	54	54	48	
78	29	85	35	18	72	52	97	83	100	77	71	42	33	4	91	28	29	26	1	29	12	70	76	11	70	48	32	31	60	41	41	3	45	21	43	57	42	74	39	71	29	35	96	54	43	12	23	39	31	27	65	50	36	21	52	97	10	5	9	41	83	54	8	2	100	43	70	63	18	80	16	79	26	34	94	56	72	90	80	18	100	32	75	68	27	11	82	36	56	56	92	8	6	21	59	91	69	50	16	76	29	19	14	91	8	66	92	45	67	47	6	5	11	15	24	67	83	65	77	43	93	11	40	86	86	12	39	28	14	58	29	97	73	78	81	87	94	2	29	38	10	22	54	84	86	73	55	29	44	84	35	85	99	73	19	57	55	97	82	62	61	81	90	97	86	77	46	72	95	86	8	53	60	62	44	72	33	10	72	2	73	91	84	63	87	37	28	44	49	34	28	48	97	72	77	3	16	54	56	
83	100	20	15	62	16	35	58	1	21	60	45	96	82	57	66	56	48	53	89	61	16	5	27	87	54	74	36	20	22	40	62	28	73	37	63	66	69	57	90	56	24	72	98	27	65	62	99	86	67	46	13	18	61	21	91	67	71	17	38	99	88	13	43	5	62	81	53	51	71	9	77	77	96	13	64	19	33	83	94	55	12	91	38	40	43	2	59	1	2	1	58	47	9	1	61	13	36	94	21	49	25	19	94	43	84	13	52	95	60	48	35	40	70	26	14	66	86	6	60	49	41	70	98	33	99	62	26	53	17	7	42	27	34	29	61	94	67	52	46	63	41	27	12	35	8	68	56	89	17	98	39	35	71	99	12	87	92	89	96	33	3	6	17	47	90	78	11	51	10	100	24	80	84	30	70	100	22	39	11	52	35	5	97	76	98	52	32	52	40	29	95	66	17	97	43	33	13	71	77	
60	22	32	12	21	94	27	59	50	15	1	92	27	52	97	6	53	23	83	24	67	27	33	94	7	65	100	37	62	4	3	64	17	63	78	47	8	35	21	14	39	30	18	69	88	65	64	41	74	100	66	4	49	37	45	59	49	52	27	58	43	31	17	82	71	99	100	16	31	57	99	44	70	28	59	14	70	72	80	31	99	27	64	2	82	47	5	26	61	60	36	75	91	59	28	23	46	71	50	13	59	69	62	45	79	51	6	39	60	58	36	55	8	13	53	47	1	13	11	55	100	37	54	62	90	95	85	82	46	80	90	100	83	93	100	50	2	52	43	77	29	82	20	40	73	57	3	55	61	15	100	92	29	21	95	52	92	72	40	9	44	28	57	82	32	75	63	61	20	29	46	70	82	6	29	38	63	27	11	79	89	33	34	69	37	40	64	26	1	27	77	63	60	100	36	44	39	84	98	90	
60	66	47	40	46	32	72	47	92	57	15	87	84	29	97	87	93	13	73	69	56	81	61	74	45	34	42	73	22	71	80	49	78	24	1	93	58	65	86	38	26	87	81	49	27	73	27	56	4	59	89	95	42	77	60	100	42	65	75	54	99	99	81	51	8	73	33	38	38	65	39	26	51	7	64	79	35	3	34	80	73	48	95	98	59	1	22	55	90	5	34	33	24	48	97	75	88	87	2	87	49	84	14	38	39	71	72	9	89	37	29	54	37	64	44	22	99	61	21	16	42	99	99	19	99	36	15	67	53	87	87	28	9	49	87	62	29	46	77	41	35	5	72	18	85	63	92	44	72	22	55	2	3	29	56	73	6	18	1	80	18	96	26	6	66	89	68	44	2	3	32	99	92	81	10	45	49	23	57	6	36	31	23	84	21	79	95	56	63	80	4	44	95	39	77	76	74	20	69	45	
1	72	41	31	92	63	6	65	56	34	26	76	85	38	41	31	81	57	23	98	76	8	14	64	90	52	62	71	92	35	95	50	35	51	71	61	22	67	56	5	39	23	10	5	84	18	8	23	31	92	97	69	49	28	94	15	56	55	59	45	51	54	44	1	55	12	53	25	87	26	15	34	73	23	9	84	54	3	5	49	55	77	80	39	12	54	55	87	98	5	83	19	15	96	100	93	3	15	74	69	40	48	97	45	76	49	93	85	46	46	16	17	90	15	91	70	50	6	78	62	31	59	71	46	7	93	48	59	33	20	88	50	14	43	89	36	38	63	29	35	20	45	85	42	24	48	61	76	66	38	70	85	75	21	4	78	52	19	47	79	21	61	26	88	3	92	21	31	88	24	6	25	58	5	52	49	43	4	100	43	18	75	75	71	72	52	10	88	40	38	93	19	24	23	97	41	11	48	70	32	
71	6	49	7	40	23	21	31	4	14	40	52	15	80	94	50	8	24	20	53	54	98	38	12	80	28	27	67	75	73	21	55	87	80	89	89	88	54	54	96	4	81	15	90	84	91	29	24	4	23	26	19	46	64	46	55	51	86	57	22	5	3	14	14	5	75	13	26	84	34	80	54	80	22	75	32	71	34	86	33	55	78	42	49	93	52	45	70	94	32	50	41	37	39	45	91	18	57	95	8	76	47	80	44	59	7	100	84	9	5	72	89	41	38	41	32	92	11	80	13	1	1	33	90	71	97	29	89	96	13	20	23	14	22	24	72	10	41	82	5	45	80	55	28	91	66	40	100	25	4	13	14	2	13	26	81	84	100	44	41	100	30	12	53	66	77	94	31	79	22	7	40	26	78	11	72	21	98	24	73	45	83	39	27	33	11	12	37	35	34	97	68	78	63	56	2	51	3	49	30	
98	33	62	5	63	73	24	16	92	52	10	72	86	47	61	19	16	32	24	33	14	1	98	18	11	50	86	74	92	47	70	71	40	13	44	73	87	70	35	42	25	10	65	50	31	52	95	85	88	94	43	54	11	40	9	5	22	82	21	85	32	63	20	57	68	15	84	57	64	44	19	81	3	62	42	71	63	35	88	17	57	46	89	14	19	80	63	94	23	28	35	24	24	54	43	81	17	78	10	59	55	6	29	43	97	96	63	97	98	50	59	43	69	60	10	11	41	28	36	13	89	51	74	27	46	23	39	76	28	46	44	31	82	80	47	64	22	27	20	72	85	55	71	12	38	3	52	91	89	79	49	25	39	17	21	25	75	21	75	95	50	45	77	84	27	48	25	17	85	61	25	33	27	96	92	25	12	100	43	17	68	9	5	42	37	27	94	25	67	61	38	54	31	16	99	73	27	24	56	26	
52	67	1	15	88	89	64	45	21	33	36	46	74	18	23	76	93	58	78	18	41	94	88	96	80	96	49	17	38	10	19	7	16	82	37	7	76	84	84	58	45	95	63	99	34	52	15	31	1	26	17	71	21	81	63	82	76	53	92	42	81	18	23	57	79	3	48	40	59	3	1	42	53	22	75	67	3	43	49	9	12	69	7	58	16	38	63	20	2	9	100	8	23	76	82	85	5	39	83	84	12	67	23	36	27	72	45	37	82	47	76	26	69	55	35	54	12	3	46	10	24	30	13	14	50	22	65	28	48	97	50	44	82	79	66	74	54	12	40	18	42	28	12	83	36	66	69	96	15	33	84	11	35	50	89	18	40	79	99	34	37	47	33	21	54	13	60	13	45	60	37	83	94	86	57	41	38	29	87	54	42	87	93	49	45	16	87	46	23	95	95	95	68	32	1	56	75	21	62	6	
90	25	28	17	20	38	36	12	37	58	63	36	40	60	70	77	18	56	65	53	67	88	89	51	55	43	52	35	39	82	64	76	33	6	64	89	60	41	3	55	8	27	63	35	18	94	11	47	48	59	72	3	42	48	69	33	69	50	96	50	34	89	77	54	26	46	3	9	36	55	67	1	16	24	30	38	69	14	66	27	6	17	47	50	57	13	84	52	80	64	9	68	48	35	30	63	94	9	81	20	17	15	40	1	21	58	46	36	34	10	90	19	87	68	83	63	12	18	30	29	18	65	52	89	95	14	42	19	8	74	10	37	90	92	19	11	84	35	73	85	24	91	38	36	61	22	51	11	5	53	65	92	9	73	39	74	85	74	17	16	60	85	14	97	85	64	98	77	57	27	96	45	99	36	39	66	78	61	6	67	19	35	45	32	59	82	70	14	42	15	46	100	61	90	93	46	60	40	69	12	
10	99	12	79	58	5	49	24	10	79	36	44	46	43	69	10	75	44	22	33	87	33	59	80	5	45	29	68	27	63	1	76	42	55	17	67	77	5	26	16	70	41	27	21	58	9	62	82	65	63	74	64	60	86	96	70	44	46	65	58	23	4	3	27	61	54	8	64	15	72	57	51	7	79	20	92	42	86	100	33	87	29	56	7	17	80	58	94	13	28	22	97	80	91	61	9	34	81	31	7	15	89	57	81	71	16	94	38	90	29	52	22	49	31	9	6	95	25	21	75	47	22	76	46	34	50	46	74	1	95	61	39	22	21	6	13	86	8	57	63	48	66	3	66	22	66	37	71	58	61	17	63	86	98	26	70	12	5	94	69	4	5	5	70	32	58	59	3	43	97	99	72	62	36	61	45	8	13	69	28	55	18	19	7	66	47	15	11	43	21	61	37	100	6	57	50	24	36	4	20	
6	95	87	88	95	66	82	73	41	55	55	51	63	96	58	48	55	25	79	51	71	24	84	97	21	9	3	31	51	60	25	99	59	88	76	63	6	49	33	1	93	12	27	35	81	100	95	2	55	18	3	99	79	68	83	42	87	62	2	8	55	97	37	60	41	87	20	89	83	11	70	15	73	24	54	37	97	21	16	8	29	11	17	90	59	28	84	35	96	49	98	88	39	4	60	63	99	1	68	15	28	63	25	36	32	13	24	40	84	11	67	82	69	53	9	52	32	42	67	54	90	64	16	70	65	53	4	65	25	24	45	41	79	98	27	18	73	68	3	92	61	40	52	69	51	37	69	26	59	45	38	55	69	10	56	50	99	100	23	15	100	46	70	9	71	21	48	75	60	84	27	82	25	49	24	8	30	78	17	38	32	68	57	26	32	24	6	97	73	69	4	52	85	33	71	56	4	21	37	26	
74	16	56	9	32	100	52	10	92	3	58	81	67	29	73	28	96	64	17	37	29	49	47	56	89	50	60	97	90	7	35	50	60	42	66	71	52	88	11	10	53	80	36	52	72	94	35	10	85	86	44	75	33	20	50	93	20	65	20	46	40	53	59	25	65	90	22	24	6	93	93	4	16	10	91	83	53	30	5	28	77	43	85	30	22	86	50	34	18	29	69	81	83	82	96	64	93	51	5	40	97	31	76	62	38	75	78	61	47	75	53	27	65	54	7	82	23	17	67	13	98	50	90	98	94	75	23	34	62	99	59	80	65	74	33	49	55	56	55	44	76	100	91	96	11	71	26	27	71	85	81	60	36	53	41	44	52	43	39	33	47	18	52	26	80	58	1	8	5	100	21	49	36	44	70	47	8	94	23	79	24	46	33	78	55	81	52	73	80	5	38	78	83	95	60	17	4	10	90	15	
75	57	13	11	10	67	62	8	25	52	24	99	88	51	13	6	5	14	78	75	15	97	19	41	22	39	6	65	59	98	70	57	38	98	25	90	15	16	67	40	87	91	39	27	55	43	95	68	70	100	69	15	3	90	34	75	40	92	96	17	6	81	17	55	72	24	49	75	54	54	62	95	40	97	61	44	5	34	3	59	57	55	39	10	100	92	82	23	26	70	71	82	19	68	54	16	88	31	26	73	23	57	22	52	22	17	87	24	79	47	97	79	4	63	56	82	15	9	61	96	95	87	90	96	31	22	53	56	61	38	3	35	37	39	30	7	29	89	61	72	66	25	89	15	5	58	59	71	40	81	35	39	30	60	23	30	4	14	36	61	15	61	98	58	16	17	49	77	24	54	63	54	53	29	30	57	43	63	94	1	32	9	5	88	99	12	12	29	90	41	68	58	42	90	66	96	3	43	68	84	
86	91	26	8	38	2	49	74	13	89	82	44	98	74	46	34	88	29	96	29	80	7	94	25	83	40	33	60	3	72	57	50	43	7	52	9	82	15	81	87	32	23	95	3	31	52	84	20	39	89	1	84	74	74	57	1	37	32	46	27	44	26	36	1	31	64	33	6	17	23	62	95	16	93	34	97	51	95	10	30	4	16	34	85	85	36	66	48	90	75	58	81	27	7	85	37	48	56	51	44	54	48	22	94	2	35	78	78	54	54	51	71	51	6	92	54	38	81	65	18	85	89	49	17	32	98	56	85	75	97	100	66	39	63	97	31	44	17	15	22	38	4	79	33	53	61	45	85	81	34	47	67	57	39	25	34	33	86	33	57	24	84	72	9	29	86	97	67	33	14	96	70	3	82	29	100	47	67	4	4	7	53	72	94	52	1	85	76	38	99	89	14	88	71	23	93	93	96	37	3	
18	77	8	37	18	12	9	30	99	52	65	60	13	35	22	5	86	41	72	19	30	41	73	36	35	37	85	62	97	59	87	3	47	43	60	12	47	42	38	94	86	21	95	37	57	64	83	9	75	3	14	22	30	2	18	50	58	22	96	66	59	36	71	13	94	91	32	91	91	17	40	16	74	22	92	90	17	6	88	26	82	9	42	69	49	29	19	37	47	40	42	36	21	82	67	3	34	22	46	39	30	11	14	62	39	23	5	41	47	23	11	7	46	2	3	21	42	84	48	1	43	24	99	100	74	67	42	87	28	76	53	48	52	59	46	82	84	98	100	55	70	13	49	84	65	17	38	81	35	47	80	27	19	92	54	78	91	32	55	27	41	16	84	21	13	57	92	73	8	49	75	42	58	2	83	46	40	95	89	92	28	71	25	20	4	21	6	42	1	84	5	86	88	92	15	85	97	77	76	21	
13	67	14	48	90	86	34	83	42	49	17	92	32	60	66	80	4	49	58	83	87	55	97	48	61	18	73	69	56	55	20	27	47	49	57	77	93	42	18	85	32	11	33	37	39	41	22	85	26	82	36	71	23	11	76	95	75	26	64	86	35	35	64	65	99	22	71	59	73	82	81	68	81	38	8	72	47	18	77	37	65	73	88	50	37	56	16	72	72	25	78	88	83	24	95	18	62	56	76	31	57	59	12	8	92	98	37	72	90	79	87	33	26	78	91	5	88	1	62	51	57	5	58	90	64	46	57	16	96	31	60	94	99	82	86	10	35	39	92	2	85	14	25	11	92	63	55	60	39	67	27	19	79	19	17	51	80	58	94	51	37	76	34	57	61	60	65	29	44	73	42	94	50	27	37	65	95	75	49	10	92	46	2	20	29	10	90	62	57	30	82	87	89	96	42	39	43	83	11	75	
91	17	10	85	70	27	1	96	88	84	34	85	16	63	34	97	80	71	53	47	24	78	69	81	80	89	52	93	71	70	35	24	89	43	7	78	89	4	32	13	18	18	83	44	30	31	43	68	57	76	59	76	83	4	28	99	3	32	49	25	68	90	67	98	100	96	36	23	72	50	49	92	100	46	23	9	81	38	42	39	74	12	53	96	67	28	67	31	8	72	33	6	33	38	17	91	27	50	95	45	42	29	11	97	29	46	83	6	77	43	96	67	73	51	90	27	3	71	19	60	89	35	15	78	89	14	55	17	77	93	36	3	79	90	87	16	85	35	29	3	75	2	39	35	9	86	69	36	30	57	19	79	69	8	4	62	7	70	1	49	67	42	37	93	7	68	3	24	6	50	49	11	66	98	26	60	6	10	58	21	72	76	4	67	100	25	2	65	43	42	59	41	96	46	34	42	86	91	30	46	
28	62	71	35	79	62	82	8	63	16	7	42	10	78	90	33	70	80	100	60	75	12	87	63	43	15	40	42	52	70	64	44	100	100	16	95	26	86	76	82	75	5	5	53	20	74	66	30	81	99	56	49	46	76	28	29	57	26	92	61	93	39	58	85	91	85	84	54	60	38	100	76	95	26	46	16	51	23	67	40	93	73	38	51	30	48	60	70	63	72	91	84	53	41	5	54	22	40	20	90	26	80	97	51	79	1	1	98	96	95	8	27	66	70	87	95	63	27	38	89	4	8	55	46	75	90	89	39	93	4	3	37	44	37	91	11	99	71	21	29	21	13	17	50	73	98	10	53	60	39	92	19	8	68	14	7	19	78	61	51	31	30	98	89	91	55	97	5	44	49	42	62	9	92	96	82	89	90	76	92	58	39	72	25	33	56	7	59	82	67	89	80	58	61	41	25	32	51	18	21	
39	13	26	98	54	68	67	26	10	32	10	80	32	89	84	94	15	93	22	35	34	53	31	44	3	44	83	63	33	35	76	7	23	22	59	17	46	13	94	48	97	94	2	42	6	22	60	30	66	20	93	69	7	34	46	66	86	94	96	83	85	89	56	65	58	91	31	68	46	94	35	32	33	35	14	64	81	43	26	32	80	40	4	61	45	78	63	1	47	65	70	51	95	40	20	2	70	54	55	48	93	91	31	34	96	51	34	52	99	27	39	36	95	58	87	92	26	24	15	12	22	11	60	50	58	80	60	4	53	91	81	85	84	60	15	43	73	99	95	56	4	26	21	89	39	26	56	41	23	25	54	17	4	14	84	52	94	78	24	25	80	46	24	52	11	96	50	88	71	52	3	93	21	37	81	14	74	78	23	98	49	43	21	87	91	75	31	32	75	60	81	62	66	57	35	95	64	27	12	49	
79	6	93	86	17	15	100	15	92	90	78	76	58	54	16	56	34	22	77	56	47	37	31	87	83	85	84	73	80	35	97	22	51	92	83	34	21	72	99	86	70	18	29	42	66	23	41	95	69	46	86	93	70	59	99	97	3	75	5	30	68	58	46	26	22	4	9	10	62	33	77	48	15	18	92	72	93	70	57	92	73	59	49	21	57	70	13	95	21	90	69	17	41	43	23	59	61	38	61	71	32	10	43	8	71	20	13	28	6	51	15	73	10	78	51	92	76	76	48	25	46	40	61	73	59	16	34	81	63	61	2	18	67	28	86	80	19	12	52	73	78	81	25	18	74	70	50	44	30	34	78	51	62	7	52	28	97	21	53	91	88	92	10	18	20	12	72	74	14	9	38	63	81	20	7	57	3	54	92	77	36	81	64	50	76	64	54	29	12	18	17	52	1	91	44	35	64	53	52	2	
11	33	23	75	33	23	3	27	91	37	14	98	89	26	73	23	90	94	74	18	62	37	89	26	90	5	100	44	80	44	69	45	73	65	10	23	34	33	49	15	44	86	82	67	47	22	98	96	4	53	33	97	92	62	55	79	91	50	77	21	91	86	68	28	2	18	96	30	60	44	82	94	39	94	30	21	82	11	90	99	37	26	3	73	35	78	27	88	43	98	94	8	62	67	25	25	84	12	82	59	38	31	43	40	8	16	4	89	81	98	37	64	3	85	14	62	8	30	26	80	78	64	60	4	61	12	1	20	67	1	83	14	99	54	38	89	57	87	92	6	52	84	75	40	85	12	99	52	4	33	91	80	7	19	94	97	67	28	16	65	37	54	43	31	76	89	47	25	8	62	51	86	9	81	100	27	84	7	4	33	47	76	98	42	88	8	83	38	28	73	15	29	75	91	35	8	11	5	58	60	
46	30	24	52	89	50	73	93	54	2	26	95	97	47	65	100	6	67	55	30	45	18	70	16	70	2	65	71	16	48	89	86	89	8	93	75	62	90	31	41	88	56	93	6	21	11	30	81	29	11	39	27	91	92	94	18	52	2	45	56	13	52	4	54	53	8	2	66	41	19	61	28	19	35	15	89	94	80	23	56	16	41	74	76	66	16	62	53	15	59	79	37	1	5	16	64	28	88	88	77	36	52	50	13	47	95	13	81	76	88	44	20	56	82	31	65	27	12	78	62	12	96	65	18	68	10	95	64	69	21	60	84	25	11	63	79	55	92	72	18	19	100	21	79	74	5	100	43	14	86	32	58	70	78	78	21	28	58	8	87	49	76	39	85	8	36	22	78	91	58	72	69	45	31	28	44	84	5	17	25	66	26	58	8	93	74	27	93	24	23	47	85	38	61	74	33	6	19	54	67	
92	2	19	4	15	87	100	40	66	54	30	96	44	59	47	35	65	9	84	45	54	90	84	62	41	70	95	35	49	94	55	21	33	69	67	76	69	79	8	23	88	15	83	62	91	54	24	29	47	66	3	88	44	73	10	2	95	74	7	3	38	30	59	32	70	16	72	68	47	38	79	90	59	3	42	79	24	2	98	35	43	25	82	96	68	88	67	60	42	38	91	14	9	48	99	31	57	45	61	92	78	54	9	39	14	17	2	88	87	11	14	4	5	52	32	67	27	4	36	68	7	23	44	11	45	83	47	6	40	12	88	93	60	35	6	37	97	89	40	1	47	44	75	99	17	94	23	39	36	33	55	94	1	61	24	53	16	8	36	10	14	19	62	63	28	13	96	66	78	87	52	23	35	31	95	36	8	5	85	68	77	80	63	11	91	27	22	10	30	28	31	7	27	91	20	71	47	44	94	100	
75	49	91	47	78	70	15	97	82	57	22	95	9	3	53	91	94	88	29	51	56	65	48	70	52	89	56	38	48	45	48	51	26	18	37	21	75	90	48	12	37	40	26	36	31	12	36	69	92	83	63	95	22	10	2	50	21	37	93	20	38	90	21	30	39	21	46	7	54	32	83	96	36	59	27	87	5	86	76	98	31	34	71	50	99	15	71	84	5	100	50	83	46	90	55	72	55	90	22	4	72	99	11	63	86	41	8	46	4	84	36	73	74	55	25	57	12	40	72	44	9	34	60	14	28	60	71	48	12	48	15	81	93	99	4	28	82	96	9	80	79	41	95	34	16	69	15	33	61	57	27	51	49	51	25	91	65	87	10	69	11	97	37	53	41	65	28	63	15	92	90	20	49	8	32	82	26	74	6	34	66	31	98	65	50	47	74	12	39	24	39	63	56	55	44	67	48	49	3	54	
49	38	82	66	8	52	47	33	37	41	91	22	71	88	35	63	90	26	90	83	62	25	13	95	17	3	55	7	47	9	7	69	53	39	43	24	31	14	42	91	20	92	62	98	69	62	4	19	5	70	69	99	34	12	79	37	46	89	69	96	13	94	69	56	58	75	78	17	67	56	44	53	55	3	72	65	40	50	58	22	55	40	65	17	22	9	85	23	7	13	67	100	3	76	60	71	2	83	37	93	65	40	42	87	26	59	69	47	40	4	80	16	27	6	95	9	66	18	41	5	25	6	58	62	70	59	64	44	44	51	82	60	66	11	71	67	62	33	44	18	21	100	50	37	60	4	100	47	15	24	41	37	67	31	80	88	37	49	14	11	48	81	79	5	40	71	87	55	78	33	97	27	3	4	92	57	19	63	4	45	9	16	36	3	58	78	7	68	48	46	5	20	8	61	11	70	17	8	2	64	
90	55	36	28	59	17	74	88	93	52	71	32	21	1	39	42	53	81	35	89	29	90	96	83	50	68	84	89	35	74	34	33	26	96	62	38	57	42	15	63	23	26	98	31	95	64	52	99	7	46	82	91	58	2	79	19	39	40	81	78	3	31	69	11	29	100	40	71	83	26	39	7	98	100	72	8	50	66	41	33	5	79	48	92	51	9	82	39	80	100	19	52	64	70	19	67	68	81	43	26	38	94	85	45	55	70	8	82	73	55	23	84	81	94	46	55	12	18	74	34	84	61	79	99	2	67	29	71	42	37	70	14	8	81	21	97	61	3	28	96	61	30	45	47	85	5	46	18	61	84	16	76	42	30	46	92	54	76	19	97	81	96	68	73	70	47	85	31	4	20	38	66	99	67	51	31	19	18	72	33	47	15	16	58	59	46	78	97	47	35	18	63	29	80	58	16	76	69	90	27	
39	62	61	99	49	46	14	17	72	81	55	5	45	63	8	27	37	33	11	58	77	66	57	26	73	80	41	10	60	61	14	86	96	87	17	13	38	43	45	65	82	12	50	2	45	4	72	81	98	78	94	83	80	69	17	37	82	13	55	76	73	96	99	76	34	3	41	6	4	19	76	96	4	32	3	45	42	57	25	6	99	6	55	37	97	93	27	67	1	86	62	33	36	13	92	66	19	95	69	86	4	25	67	42	74	97	68	30	86	10	5	77	68	5	93	11	49	58	98	68	80	47	16	65	99	46	6	10	50	51	66	92	62	91	74	69	81	6	57	26	26	12	77	33	14	5	70	52	98	72	84	34	37	98	24	10	43	39	62	37	79	68	6	11	57	37	82	51	56	46	75	30	23	91	24	24	13	86	94	29	2	98	76	46	93	97	56	72	61	52	74	6	15	17	28	74	23	41	89	32	
67	21	14	40	62	12	53	19	94	51	77	79	77	87	90	84	33	44	37	1	63	39	47	82	7	67	20	55	81	93	17	70	65	93	67	50	52	66	65	27	69	44	18	94	56	17	84	29	94	93	38	65	100	12	53	9	50	68	40	63	82	17	85	90	71	94	90	80	91	4	46	15	90	71	25	3	67	20	52	58	28	15	48	15	31	88	98	78	5	66	38	93	53	71	3	14	52	43	96	14	18	78	40	76	20	45	53	50	62	81	19	68	62	31	25	42	36	77	87	43	88	20	48	9	47	79	8	46	52	97	36	80	73	98	53	33	90	17	82	6	88	53	84	21	97	70	9	26	58	9	21	57	93	89	52	18	31	85	63	53	5	73	11	49	97	16	56	65	29	68	2	68	8	23	20	42	55	9	36	77	25	74	76	92	95	96	66	13	24	17	87	71	23	11	27	44	95	89	36	41	
96	73	5	81	5	60	38	15	99	7	62	78	69	24	29	52	12	88	88	18	66	87	46	33	83	59	52	14	83	87	51	44	73	80	38	81	13	84	40	94	65	96	85	61	64	21	92	94	80	64	95	34	68	42	44	35	54	44	6	87	69	71	73	17	28	100	53	73	28	96	77	26	35	1	100	91	62	26	27	87	25	29	49	6	71	47	62	19	76	96	3	21	57	44	44	43	24	88	28	76	17	35	56	25	20	69	62	27	56	56	78	95	2	7	33	49	78	55	26	61	50	79	42	3	42	60	67	16	94	24	90	24	37	72	31	86	97	47	32	66	3	66	27	54	85	32	71	80	16	29	13	61	7	91	11	20	76	8	28	41	40	70	57	97	39	53	4	75	19	72	23	21	96	5	7	14	15	37	3	98	10	45	97	78	14	37	34	28	96	73	90	22	95	18	62	19	4	79	65	87	
96	54	19	66	97	4	13	87	55	80	49	59	95	46	21	98	88	75	4	25	72	7	98	18	44	66	47	34	41	89	26	12	10	31	36	28	59	80	10	6	57	73	79	99	10	67	35	63	88	43	60	14	36	91	6	78	19	20	87	11	57	64	8	32	2	25	15	89	22	34	49	72	88	98	92	81	25	29	81	92	66	39	86	62	82	21	23	74	41	50	31	73	56	30	67	100	30	38	84	75	74	90	72	46	26	89	7	49	68	46	98	60	16	37	97	62	40	62	94	90	31	67	93	57	83	2	59	19	40	52	49	66	49	72	41	21	86	90	75	89	92	77	48	13	64	58	21	58	17	86	57	60	68	55	96	12	89	36	13	65	71	47	37	16	53	17	75	78	88	87	86	26	82	23	79	96	41	13	48	25	51	15	72	64	54	80	91	93	59	53	85	4	78	19	63	83	24	61	38	55	
91	79	87	68	92	78	22	47	54	92	78	40	89	77	51	34	20	1	36	36	22	36	9	32	35	34	58	12	13	94	42	18	25	41	78	96	33	43	96	3	37	28	20	41	94	87	93	99	99	22	2	21	65	53	24	48	22	19	40	100	18	26	41	14	48	80	50	38	76	41	26	20	39	11	87	24	14	58	51	28	96	83	82	54	18	43	93	10	15	27	24	80	61	50	73	29	42	56	58	93	5	37	97	75	65	44	24	25	89	3	100	95	93	48	5	67	49	58	72	94	6	88	92	83	91	1	88	87	99	26	81	84	29	44	46	86	77	78	63	68	21	94	25	60	98	59	48	1	49	97	92	65	3	97	50	72	47	22	96	28	87	85	82	56	4	75	71	52	85	78	79	6	50	50	36	4	87	63	48	3	40	45	87	52	33	86	94	14	91	83	73	77	82	10	21	29	98	12	9	75	
87	34	61	70	21	81	65	60	86	72	75	97	13	71	67	58	61	22	31	64	8	32	46	77	69	49	6	51	89	11	59	90	80	10	95	96	56	16	77	70	50	28	64	41	36	72	61	100	27	85	99	9	3	78	57	25	27	72	56	54	83	69	55	68	5	80	65	44	27	90	27	71	61	28	52	58	43	60	11	9	2	63	69	39	55	99	28	82	68	96	45	29	52	69	76	31	94	53	17	74	76	87	96	47	56	55	42	50	81	94	92	75	88	3	51	92	3	4	47	56	32	88	47	47	65	26	46	29	85	84	9	89	76	20	41	84	46	11	61	44	31	31	17	13	77	3	75	8	77	67	73	29	24	5	88	74	25	78	66	63	55	31	51	65	75	78	52	29	26	22	28	25	69	7	1	74	95	92	27	43	1	68	87	86	9	22	81	56	72	95	4	2	75	4	18	44	64	17	98	45	
5	52	38	75	77	10	85	79	93	56	96	71	38	31	12	47	79	52	100	48	25	84	34	25	55	89	37	35	22	8	89	26	13	94	86	66	78	17	86	44	36	3	25	95	42	78	19	59	7	98	85	45	95	41	44	97	70	73	24	26	9	65	53	59	24	52	39	24	36	12	71	4	88	82	54	91	64	84	38	75	99	14	96	57	5	81	29	31	62	4	95	82	63	47	68	73	12	10	21	92	19	55	57	51	60	18	7	50	63	15	80	31	77	31	98	30	21	76	44	99	32	15	7	62	18	84	61	60	84	75	77	82	73	87	28	93	72	51	20	2	88	79	85	45	57	43	60	5	24	33	8	44	6	44	71	14	8	91	78	15	78	4	56	29	19	88	85	26	51	57	41	49	65	1	17	17	81	65	66	14	21	54	68	70	17	74	21	100	97	89	22	97	4	79	46	55	18	78	72	80	
12	91	74	56	26	60	19	61	73	19	16	8	64	36	92	99	4	51	85	43	66	90	26	20	97	67	44	69	85	39	3	30	89	76	45	8	8	37	19	25	90	98	79	43	34	36	16	22	29	1	29	96	19	3	41	57	3	99	56	9	94	51	71	19	10	45	47	73	50	44	15	52	33	90	2	23	88	42	16	26	38	39	47	91	56	47	62	81	41	25	84	75	6	17	52	6	23	17	61	22	10	64	26	17	49	22	16	91	14	73	47	14	32	15	11	20	58	22	74	25	35	45	30	72	19	29	26	54	58	88	99	33	5	77	4	28	95	10	29	3	24	22	61	60	27	97	84	100	54	14	49	73	50	49	52	9	62	58	87	92	33	20	46	68	72	87	78	22	57	28	85	58	95	52	100	71	57	27	18	2	20	76	4	97	13	76	13	70	10	75	98	94	9	15	16	25	19	47	20	93	
21	50	76	18	80	9	2	86	79	12	43	30	80	26	21	92	3	7	35	20	1	51	10	76	42	23	84	69	23	59	35	64	4	6	32	62	84	22	63	57	6	53	23	46	73	57	82	52	64	13	64	15	60	5	75	31	3	78	42	88	33	27	19	32	1	76	28	55	79	44	12	85	62	95	70	13	66	42	77	80	89	18	9	73	53	66	83	100	38	96	60	32	66	34	42	47	24	73	94	87	40	79	7	1	70	45	9	40	2	22	53	87	78	88	46	51	73	65	57	79	45	93	3	67	65	12	81	14	7	33	5	81	82	17	14	72	86	100	46	32	6	7	25	37	96	99	27	21	63	96	75	42	49	42	3	38	51	72	52	90	97	38	75	2	23	86	79	28	41	85	42	92	91	51	12	96	2	9	7	97	75	32	80	86	42	40	37	1	72	88	36	43	46	28	99	15	24	10	45	44	
3	96	27	62	10	78	12	53	87	65	24	10	38	27	41	90	33	76	62	61	93	70	43	55	72	40	66	22	45	20	26	92	14	80	1	32	77	59	32	41	5	4	22	74	7	71	17	29	1	45	61	79	93	60	98	77	50	80	45	96	93	40	38	11	26	57	76	8	16	97	25	3	80	30	73	31	26	36	9	54	92	33	39	72	92	14	63	89	59	73	5	51	75	40	16	42	97	9	81	57	96	54	28	86	12	24	85	62	13	28	98	38	30	87	63	4	47	68	66	90	73	51	18	76	73	66	19	32	88	25	50	80	12	96	94	79	8	24	70	99	25	40	33	83	45	72	82	49	54	70	42	94	11	62	93	63	86	69	23	20	27	66	30	68	21	26	6	25	49	58	92	19	55	99	26	64	95	1	3	28	71	34	61	30	32	15	75	19	56	35	94	97	61	4	32	93	9	19	41	12	
98	65	60	47	24	66	12	43	80	84	87	43	61	67	97	45	40	68	84	56	11	89	19	73	46	81	35	32	95	28	93	7	69	2	31	90	98	61	84	61	64	100	50	52	72	92	65	15	79	68	35	35	81	52	28	61	63	28	88	61	6	12	44	1	21	4	99	70	93	63	80	91	20	72	29	97	88	33	91	84	53	25	63	67	27	35	79	70	34	41	34	97	100	16	72	43	98	87	73	32	41	45	91	50	28	70	60	23	77	67	16	77	99	12	26	70	21	81	65	1	89	83	62	86	48	57	3	1	25	63	18	95	47	54	99	27	53	80	82	92	58	26	27	94	99	62	25	36	53	3	58	50	66	9	21	81	9	45	35	49	3	99	23	8	96	82	50	69	65	95	91	55	40	95	13	74	16	38	65	33	41	9	61	58	3	16	82	19	37	51	93	1	39	96	52	31	75	51	35	59	
23	11	65	73	35	72	58	39	46	14	9	80	9	39	48	10	60	39	9	49	60	29	100	28	26	26	80	51	64	66	75	78	41	8	19	23	16	21	71	5	66	94	99	60	82	89	47	10	21	66	33	74	83	44	10	62	29	94	33	69	66	62	88	63	23	97	30	43	4	5	55	53	13	32	3	8	14	68	39	26	77	82	68	31	86	44	36	21	36	41	63	87	32	58	43	73	77	28	30	39	66	32	97	22	66	68	75	33	64	73	7	33	18	61	4	26	13	40	37	93	80	22	65	73	51	7	92	92	22	84	78	5	98	75	77	17	60	84	6	81	5	78	96	86	36	36	49	44	29	82	2	27	98	92	37	20	81	31	31	8	4	67	91	23	5	23	50	7	1	52	51	99	95	1	8	89	59	87	39	68	60	11	57	19	20	44	11	72	47	12	14	69	99	81	11	44	58	21	40	73	
30	38	35	83	24	47	15	34	25	33	9	31	8	76	74	56	27	34	44	52	45	12	83	77	46	61	52	28	80	6	23	36	21	56	15	22	64	18	48	52	4	89	89	44	68	81	83	51	18	46	48	56	3	68	38	68	45	56	77	36	94	25	17	62	18	47	55	9	14	25	19	82	99	88	43	10	1	38	11	14	85	81	8	45	97	23	86	58	22	84	84	19	1	39	24	18	73	25	22	86	46	93	45	42	53	54	51	17	43	67	80	36	99	70	51	89	55	62	7	64	97	63	88	5	13	26	75	12	90	82	82	47	64	77	92	66	62	30	29	10	52	11	92	57	39	61	24	70	30	29	83	37	26	96	81	7	100	28	95	32	92	51	24	20	7	79	36	1	17	100	12	26	13	8	53	73	94	74	10	9	74	10	52	34	97	11	25	45	96	6	82	33	9	41	76	29	9	51	37	100	
90	43	33	2	86	22	44	81	68	44	31	52	75	83	41	24	89	29	60	62	39	69	70	14	36	16	89	83	100	42	16	52	3	9	51	1	25	41	13	55	83	81	90	29	67	50	28	60	68	54	74	3	35	12	92	56	100	47	63	100	28	23	24	7	45	33	7	53	93	71	41	4	24	83	46	60	38	88	3	95	30	30	58	2	31	36	9	66	35	22	84	45	88	3	9	66	92	82	44	59	84	97	12	100	99	8	41	32	89	48	21	35	30	59	6	94	17	5	2	95	53	35	17	36	86	17	43	59	75	76	45	39	28	40	56	94	44	70	38	45	49	72	25	41	66	45	8	47	57	100	46	65	60	82	14	57	27	44	36	82	57	31	24	42	14	96	4	74	17	71	96	64	74	89	73	12	19	30	13	61	81	6	96	63	49	35	44	34	71	82	40	59	87	37	57	20	25	30	33	80	
68	43	38	86	89	8	28	86	86	59	16	50	45	74	2	19	80	7	5	16	57	88	31	79	50	2	43	99	92	6	93	83	33	80	68	2	75	39	84	87	86	52	77	6	33	85	85	31	77	39	70	92	100	9	86	31	34	88	51	83	91	93	54	16	30	65	31	4	5	83	27	53	23	30	50	1	96	30	89	16	25	94	3	89	87	40	33	13	65	10	31	58	2	69	97	40	45	42	100	69	47	23	100	84	17	80	31	91	26	63	79	20	48	27	32	10	92	35	59	7	77	26	77	62	46	86	77	73	52	86	98	2	19	30	25	30	72	100	63	49	43	21	12	38	78	8	30	8	43	47	40	95	6	89	74	3	84	84	8	26	19	19	13	55	15	41	87	95	81	57	2	95	16	59	94	19	85	61	79	46	78	77	100	80	22	6	83	76	25	53	72	7	98	67	48	57	68	52	75	24	
16	25	21	100	86	92	42	9	92	33	33	73	24	14	63	65	15	76	100	74	34	51	63	4	93	30	65	11	91	46	19	37	100	1	35	51	1	11	79	14	31	58	65	21	57	90	58	36	13	67	41	15	35	51	96	2	65	58	7	55	20	90	71	32	96	64	38	81	19	27	1	33	70	83	41	94	86	79	23	72	47	40	71	77	20	25	67	73	61	16	76	66	50	50	75	72	47	6	4	84	95	36	89	79	63	94	52	66	91	95	75	57	92	10	31	33	60	11	73	4	80	52	58	56	17	88	54	31	15	77	16	39	17	26	36	78	33	22	27	23	4	98	100	29	61	13	78	94	63	67	95	75	10	90	78	54	7	5	5	74	63	18	86	9	37	13	63	92	65	27	9	1	38	87	74	30	61	40	78	65	46	95	66	22	61	48	91	43	76	68	72	10	49	10	24	65	91	61	40	96	
86	93	78	52	3	27	5	21	44	51	3	19	61	14	24	18	17	6	16	22	92	57	7	72	95	2	48	63	88	91	24	6	65	94	31	32	73	44	54	88	11	65	79	2	18	60	2	17	8	37	13	10	81	72	38	46	67	88	97	97	12	4	14	67	83	82	92	16	94	19	19	8	88	75	36	1	72	81	59	79	80	97	85	69	21	44	98	5	49	43	85	23	95	71	44	74	46	32	68	86	57	15	66	42	24	8	25	56	100	16	72	69	1	84	61	38	50	49	99	53	74	63	44	15	62	18	76	20	7	58	35	54	33	20	71	83	10	39	11	57	100	24	43	87	6	69	17	23	94	4	89	49	58	76	23	92	4	17	85	6	4	72	94	36	3	48	48	27	66	18	7	3	65	39	10	13	79	78	21	69	65	3	6	81	39	62	71	24	85	42	47	47	6	25	65	86	48	90	34	19	
45	77	51	85	75	59	20	37	60	10	26	65	11	100	15	79	91	69	53	62	74	73	54	80	33	11	61	74	77	51	94	42	57	94	54	68	19	86	36	80	62	1	7	29	76	70	99	12	79	60	52	68	24	64	90	18	20	34	74	36	32	58	90	98	16	34	2	17	10	92	95	55	76	12	27	50	22	38	63	11	63	76	33	90	48	12	30	12	93	20	67	76	32	58	39	96	21	62	84	84	46	95	12	30	22	42	4	38	71	82	18	61	59	5	82	93	79	18	63	95	3	74	40	93	79	48	14	99	23	59	8	51	57	3	3	48	72	11	79	6	43	73	17	54	67	28	38	79	1	4	92	10	21	92	98	77	33	25	68	34	45	33	29	77	98	25	3	43	14	2	97	28	33	68	9	61	46	65	69	27	95	74	63	17	1	94	13	10	49	63	96	85	84	45	17	17	91	95	49	2	
43	8	33	85	39	45	88	22	21	80	2	12	2	84	67	42	58	3	32	51	100	90	70	72	4	74	1	40	51	5	17	45	56	54	91	36	10	98	55	68	19	77	97	76	64	44	29	71	81	57	29	60	61	36	42	39	54	9	43	73	67	13	54	90	85	18	28	64	97	77	43	62	6	66	88	19	85	24	13	17	59	89	86	40	61	38	80	98	45	48	87	30	41	47	70	91	6	7	75	9	57	43	2	60	65	67	26	11	22	91	81	7	83	85	68	90	71	44	61	25	53	71	22	47	87	94	34	32	37	27	18	36	19	21	89	45	2	52	89	36	18	45	68	42	19	55	32	24	32	7	28	92	72	58	49	36	47	66	77	66	9	47	2	25	10	51	40	1	21	20	75	71	41	60	74	81	78	46	65	95	77	87	64	74	53	23	100	43	99	76	83	10	11	73	27	7	35	96	89	76	
82	26	32	61	47	62	24	1	10	25	60	96	1	7	23	23	15	79	28	45	87	46	52	14	89	32	58	12	6	89	91	10	65	28	40	43	82	18	47	6	8	47	41	31	5	67	22	53	51	83	79	100	51	1	22	93	33	42	83	76	10	48	56	69	33	37	13	20	3	73	3	14	42	44	76	97	59	61	93	76	83	61	61	95	100	49	28	19	72	57	34	99	19	100	97	92	83	20	59	80	89	26	1	63	98	3	27	3	9	100	4	35	18	89	21	32	50	56	72	29	69	54	70	88	95	82	83	87	30	32	4	84	95	1	3	65	73	35	33	31	75	83	9	87	35	18	68	46	9	53	71	46	76	39	43	81	76	26	80	31	16	15	98	74	45	15	45	68	54	76	32	34	9	11	10	6	77	95	3	74	87	33	35	90	83	3	37	42	2	12	76	100	74	97	98	100	23	62	4	15	
20	45	31	29	8	82	19	56	20	1	12	22	48	63	82	83	95	75	80	66	70	79	2	85	55	1	31	59	34	98	2	63	92	90	5	19	87	84	32	16	64	57	12	97	56	34	59	89	77	45	95	14	6	31	60	47	93	40	32	63	39	27	68	60	57	71	83	21	85	94	18	85	77	47	53	45	82	47	65	79	16	48	77	46	2	76	37	16	66	78	24	15	52	43	65	1	60	13	36	96	52	62	99	27	25	39	59	93	16	79	17	13	4	49	1	71	50	62	91	9	92	10	85	92	38	3	89	50	55	46	37	93	97	48	41	53	91	5	34	23	75	39	5	93	45	19	57	33	5	72	25	2	4	72	21	64	98	58	63	98	36	16	76	76	97	72	87	87	68	4	80	61	61	57	52	96	100	66	6	63	64	35	10	32	57	52	2	32	22	64	8	55	83	36	91	44	96	85	64	22	
10	52	53	67	31	25	55	9	57	97	86	67	90	32	6	69	31	78	3	29	9	43	88	25	6	40	3	59	6	94	13	38	70	28	90	36	84	18	13	7	2	97	41	6	48	85	6	79	5	17	67	25	38	36	25	64	2	77	88	91	92	1	80	45	50	23	70	6	32	90	62	48	76	78	17	19	3	55	54	67	50	40	69	18	76	80	4	48	33	62	19	79	52	70	63	22	80	35	21	57	18	30	15	100	18	80	85	66	35	32	79	7	90	99	81	86	93	69	52	99	91	70	27	17	41	64	30	91	7	22	88	90	61	42	58	38	84	97	69	84	71	27	42	49	32	7	26	78	88	94	20	20	67	25	87	50	42	8	11	65	3	58	46	92	78	64	52	86	70	97	86	30	58	19	34	63	80	22	81	17	74	90	32	46	84	39	24	12	75	40	43	50	83	55	56	76	60	87	79	80	
100	22	36	30	3	89	62	36	65	64	11	91	14	13	41	39	84	65	22	49	50	74	68	45	20	34	33	25	1	49	53	36	20	44	23	7	24	71	45	27	83	20	34	8	7	77	89	21	80	3	3	15	16	46	98	26	67	92	78	46	35	38	29	39	52	33	42	53	11	14	93	19	88	5	42	2	10	39	52	2	1	18	51	82	31	10	26	67	100	5	93	93	83	62	9	1	74	34	43	59	10	78	94	6	69	79	9	33	33	2	4	84	16	29	56	29	64	82	74	83	84	80	68	65	16	92	62	79	1	96	99	48	63	10	34	42	63	76	37	21	72	33	37	45	59	66	32	55	99	52	4	29	100	33	91	76	88	93	91	50	58	59	93	95	14	54	33	9	17	13	42	32	3	20	97	49	22	61	39	1	53	83	57	84	36	48	29	96	25	5	80	9	37	90	48	56	15	39	43	11	
17	46	45	5	74	97	48	27	54	53	4	30	85	23	33	88	89	21	43	86	11	82	100	3	34	7	99	82	90	34	35	56	39	58	85	33	44	2	98	7	80	85	34	52	90	13	98	97	63	7	69	23	92	8	70	81	38	97	15	4	53	18	81	35	75	18	65	7	11	53	68	79	87	91	53	46	80	73	54	65	49	81	42	88	86	30	27	63	56	28	60	27	27	94	40	68	6	17	70	75	90	99	4	41	15	55	100	15	42	88	45	71	92	67	25	97	98	78	44	40	38	22	8	90	76	14	20	26	68	11	33	34	61	41	8	1	87	98	40	79	52	11	27	16	82	47	24	81	12	1	21	10	25	56	75	64	8	74	27	47	78	46	97	96	37	80	86	22	74	76	40	15	16	44	11	35	6	48	62	94	23	3	52	39	48	36	53	2	70	6	6	76	47	5	13	2	89	84	27	19	
8	27	59	61	31	38	78	58	53	41	93	71	90	27	36	19	83	86	26	49	73	25	58	34	22	95	14	46	94	41	28	99	95	39	20	78	77	1	2	92	15	16	45	10	18	80	87	11	55	70	49	76	99	24	65	16	51	24	73	96	56	87	53	8	86	66	94	53	37	52	46	7	28	93	11	24	71	6	82	43	53	27	76	75	59	76	1	2	76	62	89	12	87	21	24	9	29	41	82	30	23	72	67	60	91	32	35	9	70	23	38	73	22	12	68	14	34	18	4	2	12	93	36	72	36	68	64	37	59	41	12	51	21	56	12	81	37	52	64	95	10	12	94	87	70	15	6	52	12	85	6	90	2	7	31	54	83	27	22	74	7	78	56	66	34	91	94	81	21	13	37	75	82	11	25	44	83	91	71	13	100	37	2	24	29	53	68	92	64	100	31	23	22	94	51	5	78	84	65	92	
21	27	51	21	49	15	3	14	87	50	41	70	9	95	80	73	68	81	53	47	94	79	17	90	65	10	10	3	75	44	100	99	24	55	97	81	22	65	29	17	1	73	81	57	97	97	82	42	85	53	41	57	51	76	9	55	17	27	9	51	68	69	46	8	74	6	38	41	52	55	32	8	12	50	28	81	77	72	14	47	91	76	66	11	10	20	18	62	10	98	81	58	85	30	23	66	79	14	27	83	86	53	82	63	76	59	36	38	84	81	76	8	9	58	43	62	39	42	12	27	77	22	87	49	36	41	41	16	73	75	38	16	7	11	100	26	28	32	26	56	88	37	25	46	14	11	97	73	29	76	42	62	65	59	32	29	38	93	10	12	68	97	72	13	28	93	14	56	100	70	1	19	19	72	45	34	76	43	24	10	43	42	32	12	96	2	92	46	48	10	35	32	97	95	53	32	1	35	74	50	
43	16	4	50	29	31	60	69	44	75	7	22	1	37	54	87	42	67	2	64	11	30	85	23	30	89	77	56	20	58	69	94	64	48	88	11	80	67	17	62	72	19	81	65	3	65	68	41	56	33	50	45	16	94	26	71	5	91	10	100	49	10	49	15	8	54	22	3	36	77	83	64	93	13	41	96	98	61	33	98	26	57	46	40	47	59	61	22	80	41	3	69	53	34	44	39	9	64	16	47	97	5	67	72	34	89	56	18	76	15	21	76	64	84	12	55	62	85	84	39	64	10	72	27	20	70	20	47	76	98	54	70	36	44	13	31	44	52	1	63	40	35	67	23	42	43	73	80	90	38	1	57	43	82	75	12	28	24	30	39	48	47	61	24	96	59	91	72	97	10	72	56	37	47	96	71	25	76	85	49	99	2	22	75	25	70	64	48	38	7	46	42	63	10	15	95	23	86	87	63	
94	78	87	63	96	82	53	18	43	19	39	86	89	39	82	10	77	10	32	68	72	67	9	42	17	87	22	28	31	48	19	39	90	72	42	17	6	95	43	99	45	6	49	44	35	37	9	80	13	70	75	91	11	3	44	60	77	54	2	91	20	27	46	57	4	41	73	65	96	88	72	75	58	43	93	22	55	89	61	52	69	90	41	63	73	49	69	82	79	39	12	20	88	9	73	56	19	19	24	14	35	57	69	51	19	58	91	59	87	72	95	71	46	70	26	63	73	25	93	80	56	92	92	74	32	15	50	25	74	24	76	18	67	34	71	31	49	40	27	80	38	34	61	95	15	21	69	5	41	99	84	30	42	67	60	18	73	23	28	24	46	35	52	17	73	53	83	95	89	75	88	35	51	12	6	82	53	68	42	63	76	12	64	40	5	6	100	10	7	12	70	53	56	88	18	70	76	2	65	68	
83	50	52	40	38	10	1	28	30	83	8	92	16	31	95	92	96	53	28	38	40	24	99	22	46	78	54	78	88	51	53	44	77	98	88	68	83	74	56	44	32	85	80	75	70	26	68	20	44	84	64	54	86	33	20	10	32	21	53	67	11	81	38	16	10	51	26	43	70	81	16	81	33	4	42	37	41	16	60	86	19	97	89	26	19	4	44	72	24	24	58	65	84	37	5	68	33	69	46	91	57	10	31	45	97	76	90	14	78	86	38	8	3	87	96	43	8	67	81	75	22	62	3	29	1	99	90	30	15	66	56	45	12	44	28	18	34	29	77	4	93	97	38	95	46	61	4	38	68	89	5	82	59	89	81	17	15	47	31	39	5	18	74	87	90	85	73	4	22	98	36	94	93	14	82	40	72	72	47	96	83	76	8	43	80	6	31	35	46	70	94	52	15	52	12	48	78	57	51	49	
16	90	33	33	4	48	72	23	70	98	83	14	50	58	69	94	25	50	95	87	83	21	65	63	30	85	52	72	87	87	47	88	93	79	45	71	96	12	54	67	65	61	41	21	99	8	82	40	17	19	62	72	6	22	100	70	46	69	36	48	29	76	89	32	51	75	7	83	96	92	1	55	46	76	81	90	55	47	33	77	22	31	88	11	35	100	36	36	87	72	12	26	28	65	67	46	98	97	82	96	56	39	63	94	19	79	26	85	27	38	34	32	10	58	50	16	95	99	32	55	14	7	71	98	19	95	73	19	99	31	49	54	73	99	82	82	28	95	63	44	19	68	54	95	100	37	52	78	58	14	86	87	41	80	62	52	29	85	7	63	20	63	6	71	22	4	77	2	97	94	43	97	1	69	33	59	7	10	47	85	10	100	55	50	9	76	23	32	42	53	52	13	86	47	84	70	4	30	40	70	
26	38	62	29	63	11	90	72	37	63	28	92	59	11	33	73	68	75	64	72	24	75	26	22	7	21	48	16	77	25	48	59	58	13	18	43	98	69	88	64	35	44	21	15	94	42	72	92	37	22	31	50	56	40	15	16	57	49	64	1	5	83	30	60	78	31	16	41	22	50	97	92	47	24	89	12	61	16	80	47	70	33	74	19	86	5	70	99	95	13	25	56	56	78	17	45	25	54	26	41	13	96	19	97	80	15	38	38	3	70	10	35	95	4	35	98	69	18	75	64	21	34	88	48	56	64	89	93	59	55	53	26	62	49	18	12	48	66	60	95	24	78	31	68	61	100	85	83	42	88	88	89	96	58	66	1	75	38	27	56	8	29	15	23	95	78	82	75	4	9	46	61	39	99	9	87	98	49	6	84	11	74	83	83	37	47	22	97	63	56	15	86	56	88	9	75	1	40	48	90	
25	89	88	81	59	67	12	65	32	52	91	23	44	8	50	46	85	69	32	50	15	50	79	16	28	3	49	95	85	85	7	46	64	60	46	70	25	58	82	74	70	85	38	54	62	27	33	5	37	32	47	28	16	24	98	79	45	16	29	33	29	31	29	62	96	66	38	92	79	38	72	74	65	29	56	95	43	88	40	7	75	12	83	23	97	80	1	69	84	86	51	27	90	51	5	66	58	37	95	91	81	5	82	67	21	90	3	99	8	27	25	56	74	88	100	98	90	25	19	4	15	27	76	71	47	81	71	95	97	28	81	50	67	55	49	53	97	17	100	39	23	63	16	32	90	6	33	95	90	71	92	96	46	61	57	91	91	61	91	55	61	80	17	11	18	19	10	4	79	15	28	4	96	81	41	37	67	10	25	45	73	97	36	55	90	5	94	95	10	88	52	47	88	55	48	21	46	74	95	98	
27	97	39	17	30	37	34	96	75	45	90	16	85	30	98	88	79	64	25	12	7	14	65	85	17	73	5	13	5	26	1	91	1	4	40	53	18	45	50	99	52	41	38	45	81	8	12	8	70	86	39	58	55	8	44	74	31	82	59	89	93	49	19	59	92	11	44	25	2	36	95	83	97	86	6	23	84	75	58	6	67	38	42	100	16	23	36	78	49	62	91	40	41	81	4	32	70	97	25	64	13	90	54	23	1	74	77	21	50	75	43	92	100	44	18	14	83	63	27	72	45	44	4	25	5	80	62	39	25	68	47	31	84	79	79	71	72	97	36	77	97	56	99	1	93	57	71	60	66	23	15	42	34	41	35	44	35	74	20	44	11	58	28	27	62	63	21	18	46	16	99	32	52	11	76	57	48	24	65	17	27	98	91	56	48	13	51	53	15	18	12	84	9	48	46	64	44	15	9	88	
93	59	83	65	39	26	52	60	39	89	23	70	73	52	89	49	7	37	77	95	22	13	74	12	8	48	24	9	73	71	26	20	45	76	17	85	11	16	25	46	23	63	95	68	49	24	57	68	94	21	81	17	87	39	75	44	11	62	13	97	56	64	93	99	99	99	70	98	64	31	38	51	47	82	67	67	29	37	62	29	36	38	39	59	10	40	73	4	3	19	81	87	77	79	4	18	74	60	16	98	100	21	37	67	5	36	90	70	35	22	6	68	11	86	14	24	1	9	75	36	21	40	13	41	39	10	88	39	80	32	99	22	40	43	74	67	77	43	44	76	41	2	73	56	46	50	56	17	96	93	85	39	42	25	95	35	8	33	71	67	70	16	74	44	19	83	29	44	55	25	15	93	31	44	29	20	57	65	86	17	7	100	44	76	56	2	5	32	95	70	48	70	75	21	64	31	92	47	5	96	
57	7	32	87	39	26	84	29	92	33	52	99	47	62	15	1	91	54	2	9	69	40	52	40	52	29	3	19	3	82	95	10	99	47	47	72	21	69	84	28	21	57	80	86	70	58	1	53	18	18	92	50	31	43	33	96	56	60	5	30	28	27	11	79	78	8	82	63	80	48	34	33	87	15	36	88	12	17	35	89	35	20	89	63	55	47	10	72	42	56	42	28	75	43	63	73	44	71	24	1	19	92	18	77	6	71	46	67	64	86	66	90	90	36	25	61	86	27	1	41	34	88	85	99	99	99	80	74	58	56	19	43	54	42	76	54	3	33	39	74	11	51	27	75	60	24	4	4	3	93	97	43	86	32	64	64	11	6	47	48	17	76	23	95	4	24	98	64	18	19	24	9	75	58	9	25	68	91	48	91	35	23	96	60	15	89	78	1	23	76	78	4	1	46	44	92	9	10	88	86	
38	28	18	10	62	81	36	52	81	11	33	14	59	20	26	30	37	31	43	64	75	9	26	60	90	33	1	8	87	3	50	34	67	63	30	48	40	99	55	2	40	17	68	23	32	11	57	84	39	49	93	37	7	90	57	90	43	1	25	21	3	99	16	77	22	51	25	44	17	45	44	85	75	12	75	46	87	29	35	80	29	95	33	35	14	47	5	38	63	97	88	58	8	40	72	91	94	33	42	35	41	5	65	79	66	10	97	38	36	8	19	67	26	10	40	28	13	19	6	19	86	89	7	23	100	53	31	52	30	26	85	11	100	38	65	54	16	13	84	20	48	3	24	21	40	36	21	10	43	96	77	83	91	51	27	53	5	19	44	49	8	69	41	89	79	61	12	17	78	47	10	19	51	21	51	30	52	61	90	95	96	62	85	87	39	84	84	35	86	2	57	30	40	74	15	47	10	83	84	66	
71	94	62	69	41	52	70	19	60	48	52	2	37	8	70	63	86	82	52	43	24	6	50	27	97	57	18	55	78	29	23	27	64	52	59	26	30	92	68	81	70	37	85	60	21	78	56	46	40	37	54	94	74	6	23	7	87	2	57	59	82	54	77	8	2	95	74	20	49	30	92	14	93	77	13	9	43	79	41	97	3	46	3	58	74	91	67	62	89	77	94	95	65	35	21	68	43	32	79	15	70	73	81	31	58	44	3	31	22	52	18	15	6	3	37	86	44	79	29	78	58	81	96	44	73	34	10	65	48	21	85	52	54	2	40	54	54	71	98	69	70	49	56	62	69	4	37	90	68	37	76	11	30	18	12	52	58	54	94	3	2	90	89	36	65	38	9	98	72	20	45	41	35	40	37	33	75	40	34	49	89	4	64	79	43	27	65	74	87	65	51	40	48	95	9	5	88	84	14	97	
25	12	42	2	60	41	65	56	55	61	80	71	22	74	10	85	73	60	50	86	96	7	95	31	39	13	82	86	89	87	64	83	27	8	46	9	26	32	69	32	46	29	90	25	73	34	5	100	45	55	79	33	13	28	15	31	87	10	74	38	23	75	9	74	54	24	10	78	17	100	67	48	75	21	36	70	64	15	65	39	71	5	49	60	84	67	25	17	55	2	25	10	15	35	39	90	54	5	85	60	29	99	53	93	54	86	99	84	10	49	100	15	99	62	17	14	4	20	49	88	63	23	5	41	85	52	97	64	64	8	91	82	66	65	6	48	56	77	90	45	32	30	26	6	12	20	26	15	84	3	21	75	46	21	49	2	60	67	100	54	64	27	32	41	87	55	75	45	80	93	44	12	59	73	100	80	24	96	19	2	76	15	22	80	11	19	92	50	63	68	49	70	90	98	88	96	86	66	97	66	
