200
5445
52	54	51	34	8	48	87	35	80	18	48	97	89	73	69	22	97	74	28	24	16	23	39	4	78	96	31	75	95	5	5	39	26	45	74	10	93	17	6	15	72	26	14	58	82	89	31	19	86	21	40	22	34	44	72	18	35	8	5	93	70	41	67	27	15	16	25	35	25	35	16	71	64	69	82	17	76	36	39	77	61	24	22	24	78	6	29	20	99	12	89	10	86	99	60	43	100	18	30	70	18	87	90	25	46	29	73	16	73	72	14	34	25	21	77	67	28	72	93	87	70	45	89	77	77	68	76	60	39	36	44	31	68	78	36	19	22	27	78	30	45	61	76	35	66	20	87	59	78	93	62	9	34	27	35	96	60	29	61	100	51	33	66	100	11	8	95	65	6	57	11	50	26	56	35	71	35	39	68	16	22	19	94	89	70	13	47	85	66	56	36	62	87	11	69	28	42	84	57	46	
25	23	73	10	11	21	87	53	30	53	55	52	67	42	29	19	52	55	99	22	55	88	19	43	91	65	10	44	90	29	71	93	36	61	60	11	40	8	31	73	74	17	79	87	60	54	30	19	63	9	84	53	59	1	99	18	18	23	74	2	100	52	59	3	46	31	76	94	74	7	6	69	30	91	96	97	42	26	94	28	39	45	6	39	4	53	95	68	55	40	20	4	90	85	61	14	44	55	37	20	4	49	29	75	5	49	87	86	8	76	74	38	78	18	33	3	75	17	33	22	19	27	32	31	6	86	5	92	95	30	52	5	82	7	100	51	28	35	4	57	56	65	3	17	10	54	68	6	55	20	7	65	98	46	69	15	67	13	6	65	2	66	70	35	3	4	21	76	50	82	67	59	50	5	99	51	44	17	72	66	13	18	14	8	58	46	29	14	39	74	3	70	79	40	28	1	56	94	82	88	
23	45	16	67	19	2	37	47	67	74	65	42	65	95	14	64	12	31	99	91	22	70	10	41	92	78	46	63	39	60	89	91	60	25	1	60	26	96	53	100	72	31	82	85	16	85	76	50	54	35	17	77	11	39	88	44	24	78	36	32	2	41	99	57	10	71	13	99	73	12	71	35	56	98	53	22	35	61	57	36	58	22	44	95	90	7	70	17	76	41	20	3	59	45	14	5	40	31	75	2	97	44	84	96	43	11	28	62	17	52	70	94	92	47	67	19	92	27	78	65	14	50	89	8	8	15	73	26	80	1	94	42	87	100	99	21	9	93	29	62	99	83	65	44	55	11	30	22	48	20	3	87	97	62	70	78	31	6	22	46	27	56	81	91	3	62	52	45	24	37	93	83	52	17	38	87	95	7	100	38	96	5	94	88	6	69	6	50	96	62	98	60	50	79	44	94	45	57	74	66	
73	16	33	95	92	78	71	19	45	78	62	23	75	39	82	28	78	78	37	74	28	53	24	97	51	5	83	6	73	79	83	14	25	50	51	4	77	60	64	82	38	4	86	24	52	49	87	29	12	18	38	49	55	16	59	94	90	52	53	24	15	46	73	13	6	19	14	45	82	32	5	29	54	34	19	35	64	29	13	15	55	31	57	5	97	3	96	69	80	81	20	35	67	8	88	96	40	15	66	94	42	55	38	94	39	16	88	97	24	19	34	81	73	43	36	59	83	17	18	85	39	28	28	29	69	62	12	100	6	13	75	75	27	88	35	26	36	96	87	12	36	57	59	20	32	93	21	1	72	97	68	63	67	98	81	24	4	57	59	100	94	43	88	66	22	69	48	25	12	72	56	31	69	59	21	76	22	21	75	97	11	79	14	91	83	56	19	29	85	25	32	30	62	72	69	22	87	53	58	86	
10	67	95	98	76	55	44	28	12	87	14	33	65	87	74	96	21	35	90	49	55	78	44	85	69	70	20	23	17	51	69	91	14	45	24	69	65	5	23	42	55	30	76	65	30	25	10	91	86	91	56	63	23	38	71	98	38	97	21	84	52	65	3	98	95	25	92	48	27	80	3	18	20	55	3	79	60	78	35	12	8	51	28	83	6	45	50	32	50	95	87	81	43	95	40	40	6	96	21	49	70	58	96	78	2	64	46	37	84	9	16	31	41	48	39	98	27	46	88	26	93	85	100	5	51	59	38	58	18	34	10	59	19	83	41	71	52	20	10	96	74	52	39	58	35	51	61	3	44	32	38	78	81	83	24	96	30	39	24	71	20	39	75	76	83	49	83	10	33	45	30	25	99	40	41	65	1	67	16	89	12	100	62	66	94	37	5	40	61	92	83	55	70	89	96	12	43	13	7	22	
11	19	92	76	80	25	79	93	95	34	19	31	98	51	1	26	75	71	61	43	21	96	24	63	18	82	13	39	69	4	59	96	36	22	18	78	61	58	68	73	15	100	93	13	29	71	60	21	50	5	96	65	90	100	54	8	22	90	38	21	42	33	76	70	56	83	7	72	33	17	87	49	24	34	91	63	78	22	81	25	91	65	62	94	48	10	68	9	59	29	67	61	85	85	63	26	17	19	24	76	28	53	76	69	37	32	95	80	85	99	23	8	16	75	67	31	39	24	87	39	9	23	49	21	75	26	22	60	38	39	88	25	82	98	74	17	89	77	26	61	19	36	19	11	50	1	6	68	6	98	96	81	56	46	90	3	21	4	96	84	61	75	98	31	94	60	45	48	7	92	26	23	73	17	84	23	75	96	50	89	54	18	4	59	63	55	67	47	22	31	60	60	34	62	67	44	94	88	67	45	
21	2	78	55	25	85	50	73	24	42	26	52	84	70	14	63	32	65	12	14	41	22	16	13	68	57	71	19	68	92	95	77	64	77	97	75	35	79	36	91	5	91	15	49	14	53	3	86	97	25	71	47	82	32	85	45	94	95	8	18	39	71	79	1	38	46	33	99	45	44	1	53	22	25	34	9	68	36	86	38	3	87	91	51	64	63	83	72	53	41	7	80	37	11	85	94	58	11	18	86	69	34	84	95	23	74	53	61	16	59	13	43	92	8	2	75	60	62	31	84	4	23	26	22	79	82	10	34	69	91	77	14	40	60	76	40	27	43	79	76	22	36	55	96	53	42	40	88	56	2	37	80	24	87	70	91	35	15	15	17	10	89	22	95	78	8	11	86	16	48	5	59	47	21	54	87	48	92	82	18	29	50	24	71	26	81	84	42	95	16	62	6	46	68	64	77	93	9	18	1	
87	37	71	44	79	50	35	48	25	12	41	62	64	16	57	94	95	46	51	100	6	64	43	57	48	99	68	89	100	90	74	46	10	30	10	96	4	35	77	38	98	19	18	32	23	76	54	51	16	7	59	88	6	37	98	94	85	2	98	89	66	65	13	7	28	47	20	85	34	99	91	23	48	21	13	68	82	47	24	87	29	67	57	76	41	31	27	52	76	27	48	44	35	7	50	3	40	33	55	33	68	14	93	72	38	88	33	75	27	44	11	31	20	27	77	95	30	89	99	93	3	21	70	55	80	3	38	15	81	40	35	50	69	9	34	17	36	87	1	57	1	9	99	42	61	66	80	36	18	39	87	25	42	79	31	2	97	54	87	73	57	5	94	35	29	67	58	83	18	71	78	68	49	71	7	27	90	78	35	17	83	46	70	85	31	92	69	57	48	27	64	62	48	100	92	38	19	16	2	61	
53	47	19	28	93	73	48	34	62	22	57	50	97	72	60	16	38	96	77	66	12	74	72	32	7	74	80	24	12	62	14	42	46	46	82	34	54	82	66	5	1	80	94	70	73	80	14	76	27	96	14	1	80	98	34	77	45	51	25	43	97	88	15	78	21	58	91	86	90	32	24	47	99	7	29	51	95	53	81	61	40	40	79	57	13	11	50	82	87	11	90	6	72	82	40	10	17	55	58	32	85	96	75	41	66	21	24	77	21	100	58	40	71	8	71	80	92	81	8	34	68	83	51	57	98	10	52	25	14	78	56	96	47	21	47	26	9	18	50	24	73	22	97	36	65	28	21	63	100	83	4	58	1	57	29	5	44	17	19	76	67	20	14	69	89	15	5	2	21	62	28	20	63	8	91	95	5	93	20	74	16	5	67	36	42	92	5	81	9	44	17	70	35	49	64	49	41	93	48	87	
30	67	45	12	95	24	25	62	79	63	64	81	55	42	58	16	72	65	40	11	65	10	51	48	33	73	6	64	10	24	27	58	12	16	45	44	46	82	58	24	42	1	31	80	74	34	77	86	100	80	15	17	69	77	82	55	51	95	93	38	60	62	73	64	52	99	70	52	1	81	80	98	9	92	79	68	86	15	54	63	95	24	62	52	42	24	54	66	47	100	69	49	13	14	57	58	47	56	71	37	78	8	31	30	50	87	83	37	36	5	21	17	43	21	33	97	78	45	97	57	30	52	87	78	7	52	25	34	1	32	49	47	4	93	59	37	75	89	19	54	86	8	44	71	77	44	33	27	13	41	88	89	66	44	97	6	30	71	30	47	17	12	53	19	29	82	19	84	88	36	19	81	68	16	36	70	96	64	55	97	55	71	39	24	10	32	4	61	30	93	97	20	28	24	82	21	96	38	61	68	
53	74	78	87	34	42	12	22	63	43	69	25	88	2	34	100	59	48	20	55	42	82	26	23	54	74	65	94	81	10	34	55	39	72	55	35	57	51	48	17	31	93	56	65	43	89	50	93	80	60	10	29	74	28	33	79	98	19	55	5	69	38	60	80	31	74	78	16	95	66	77	98	28	13	85	56	29	40	35	56	2	59	18	38	32	81	76	8	74	8	38	92	39	94	13	35	81	11	33	56	44	31	79	79	78	33	40	76	30	70	61	27	12	42	35	21	32	90	90	65	20	22	59	9	44	60	46	36	57	6	86	2	37	7	50	33	99	65	66	85	11	30	92	46	53	50	55	8	73	21	53	90	35	32	4	88	92	22	100	63	61	30	45	6	26	56	1	57	32	17	16	24	32	91	92	12	25	67	85	68	76	73	28	3	36	71	100	89	24	86	79	37	98	26	58	38	1	17	70	33	
55	65	62	14	19	26	41	57	64	69	53	2	86	97	93	15	23	64	57	78	6	38	21	52	89	32	100	64	51	39	58	55	1	27	87	28	39	45	5	54	100	28	70	32	65	1	59	77	41	58	52	7	36	66	90	13	23	11	9	17	74	9	85	52	65	60	22	34	78	20	41	31	57	66	25	49	95	51	25	69	77	23	62	83	27	8	52	58	50	99	15	65	53	3	65	24	33	94	38	100	62	62	55	88	56	48	1	17	83	56	26	33	94	85	7	59	56	83	54	58	34	11	90	76	42	29	8	82	36	50	18	61	93	16	81	81	71	77	32	20	27	64	15	35	18	48	90	72	19	59	9	24	61	71	71	51	46	79	13	76	32	56	40	92	96	48	19	71	52	53	24	16	99	86	59	100	2	80	38	37	23	100	48	7	63	72	17	17	72	66	26	41	98	85	74	34	33	76	29	7	
52	42	23	33	31	52	62	50	81	25	2	99	52	55	22	54	50	15	34	9	58	49	70	93	23	95	39	35	43	19	16	29	30	19	43	40	56	100	91	41	86	6	45	27	64	11	86	42	60	18	90	87	21	68	90	57	100	53	8	80	55	41	1	67	87	59	62	61	37	7	86	55	85	66	97	56	89	67	26	47	87	3	55	36	11	99	85	75	87	70	78	95	72	5	90	11	98	37	8	96	33	6	82	2	9	36	83	73	56	92	91	36	100	54	13	29	41	65	72	79	86	68	70	67	61	65	42	34	1	41	33	66	37	29	18	98	13	55	60	20	56	67	57	45	54	5	90	89	81	2	20	42	60	26	74	51	76	56	32	42	39	76	65	31	59	59	12	87	98	17	92	39	37	98	9	88	80	62	11	51	21	44	82	77	4	29	59	41	94	36	75	5	59	44	59	87	31	79	34	74	
67	65	75	65	98	84	64	97	55	88	86	52	46	44	94	7	76	72	47	7	45	83	47	54	73	38	60	96	16	18	40	12	15	9	70	47	10	98	34	51	62	98	46	29	47	14	61	44	35	41	71	72	45	26	77	10	82	81	79	98	23	66	18	72	6	68	14	71	41	11	87	15	76	22	97	19	32	47	30	53	50	99	8	7	95	10	2	48	63	85	69	7	20	93	41	20	26	45	94	84	84	39	54	38	31	67	2	3	62	50	67	42	88	19	39	71	15	31	98	95	35	91	71	58	32	14	84	96	16	83	32	30	28	74	60	65	42	87	97	90	35	92	52	25	43	25	58	60	6	64	99	93	10	12	55	45	25	13	17	15	81	39	2	69	90	81	36	53	65	13	39	59	44	2	62	77	30	14	77	5	40	42	79	65	14	58	70	1	95	43	44	76	36	68	60	3	5	53	43	90	
42	95	39	87	51	70	16	72	42	2	97	55	44	59	19	36	51	5	99	68	16	57	78	55	13	3	55	60	45	18	28	65	34	35	1	88	44	43	62	7	1	22	58	86	68	18	44	27	32	46	51	40	75	22	70	70	86	42	70	37	54	75	29	83	78	2	69	7	13	78	25	19	100	79	15	88	63	18	78	67	89	78	90	30	77	4	33	57	22	89	90	4	56	67	67	17	21	26	99	70	50	62	10	35	74	46	64	16	1	100	80	15	29	31	29	42	62	90	80	6	76	6	59	77	94	21	27	55	76	4	72	38	24	35	82	100	11	40	87	57	26	42	80	48	82	44	28	35	6	20	3	93	6	49	91	98	30	79	70	6	72	63	79	97	96	15	42	81	85	78	90	18	91	93	91	37	80	65	24	15	56	16	44	20	92	91	100	59	67	79	46	97	27	42	37	52	88	26	2	66	
29	14	82	74	1	14	57	60	58	34	93	22	94	19	58	78	55	37	80	25	21	42	38	58	18	66	5	55	27	12	22	3	66	3	62	35	17	62	46	72	50	65	46	4	75	30	30	74	42	29	10	3	29	52	14	83	67	89	82	61	31	94	92	2	18	50	68	3	66	11	52	99	77	10	4	30	66	53	62	63	49	79	60	94	74	64	21	8	34	79	43	5	91	39	25	71	86	5	15	36	34	47	96	26	78	12	55	55	20	27	79	80	40	20	63	72	65	67	64	41	97	24	4	64	40	30	14	9	22	98	83	40	25	96	43	11	79	37	40	38	98	39	95	11	74	88	57	93	89	53	52	21	15	20	93	50	9	54	54	31	86	5	42	89	34	50	43	52	63	33	79	78	93	75	46	16	91	71	10	79	19	7	18	43	84	55	6	43	78	36	90	35	54	58	23	46	72	80	28	34	
19	64	28	96	26	63	94	16	16	100	15	54	7	36	78	95	79	83	90	4	9	3	71	74	1	30	86	42	66	67	6	14	58	6	59	72	86	67	3	94	79	25	61	100	10	23	25	82	13	30	71	73	57	15	18	55	91	45	12	6	93	53	19	47	40	37	48	66	4	86	90	15	52	95	19	100	81	49	72	73	81	37	21	72	11	34	93	75	44	12	11	45	39	4	6	36	44	90	5	41	10	54	78	68	62	54	55	100	4	44	47	30	29	83	17	19	54	73	23	60	41	21	31	31	93	95	9	11	73	59	85	43	95	46	35	58	10	3	82	88	85	85	72	100	59	29	20	10	17	90	12	10	58	51	98	75	95	32	28	87	33	70	86	32	37	13	86	70	77	22	60	57	58	46	94	56	77	70	66	89	36	77	12	35	30	90	15	30	9	98	47	97	68	10	56	77	22	81	7	41	
52	12	78	21	75	32	95	38	72	59	23	50	76	51	55	79	64	42	11	57	36	29	77	8	73	33	55	99	54	95	39	56	72	28	84	86	46	80	62	2	44	6	5	16	38	8	13	33	82	56	42	91	40	68	61	55	16	53	65	27	51	6	100	75	21	95	5	26	5	86	3	14	16	51	89	82	72	70	4	51	86	55	22	70	63	34	67	98	11	72	77	13	30	32	77	47	78	34	76	24	4	94	14	69	85	68	35	40	93	45	28	30	51	66	2	68	27	81	5	64	98	33	47	91	6	40	68	47	10	21	94	13	24	69	1	45	80	98	20	98	23	16	25	46	1	16	50	29	40	57	15	12	3	93	25	74	96	9	11	55	70	73	93	9	78	94	6	96	1	48	23	79	42	1	50	5	12	7	24	10	53	90	52	88	50	15	74	26	70	81	97	4	8	66	56	34	16	10	39	57	
55	31	78	35	71	65	46	96	65	48	64	15	72	5	37	83	42	6	99	39	70	100	21	22	99	39	30	87	79	5	33	10	29	19	11	38	51	8	35	83	45	71	60	12	3	30	93	82	60	20	19	90	75	96	32	55	39	61	46	82	46	87	46	1	59	80	73	17	18	16	79	26	80	41	41	64	2	94	95	42	52	99	16	54	81	88	91	27	31	31	59	74	36	99	35	42	99	99	57	60	72	97	45	3	80	36	20	76	32	88	85	4	13	22	99	34	57	48	52	72	86	71	75	5	97	26	93	45	86	12	46	61	3	42	100	93	27	69	73	94	16	71	6	71	88	57	3	3	86	52	14	7	92	63	20	44	74	93	45	21	99	51	45	14	67	72	12	51	14	62	61	81	41	10	17	90	57	3	86	83	34	44	66	58	41	44	49	31	64	55	6	57	11	60	54	2	90	81	4	54	
99	99	37	90	61	12	51	77	40	20	57	34	47	99	80	90	11	99	56	56	20	59	44	89	60	81	17	93	15	91	33	61	74	11	59	65	81	89	30	6	75	17	45	58	84	77	27	83	90	100	82	16	50	6	63	64	18	20	51	81	94	38	26	12	28	14	33	47	28	63	79	51	47	43	100	49	40	2	46	55	90	52	4	23	88	44	35	3	71	89	17	30	64	32	55	75	53	67	82	93	57	23	29	13	36	75	8	85	32	77	10	86	67	82	34	65	45	97	70	15	87	88	76	48	80	14	17	60	19	35	58	45	31	62	33	62	15	68	64	35	11	1	88	39	44	7	52	31	66	45	11	18	23	91	36	37	6	88	97	51	51	86	91	75	44	68	21	6	70	95	87	44	61	26	41	35	16	45	38	55	28	51	29	62	88	92	8	23	11	23	48	48	59	72	35	32	23	16	53	39	
22	91	74	49	43	14	100	66	11	55	78	9	7	68	25	4	57	39	56	69	35	78	20	9	52	100	20	90	66	61	41	69	12	84	56	48	59	6	84	29	87	82	7	48	52	16	58	66	7	67	44	27	9	31	35	42	32	2	18	81	2	51	66	25	84	65	77	53	28	58	52	83	36	29	18	94	52	78	84	13	26	97	87	91	82	45	8	92	43	74	12	87	35	86	64	71	77	89	61	22	3	13	23	47	26	9	18	83	98	84	11	93	93	86	68	78	85	80	8	17	2	27	3	17	34	43	94	60	56	71	86	10	97	45	47	54	98	41	11	95	79	13	54	40	54	47	52	73	82	17	31	71	61	76	83	89	53	84	69	43	29	45	53	98	93	49	77	75	76	100	25	97	8	57	27	31	56	75	72	24	91	53	67	38	49	59	87	31	58	35	8	72	57	43	72	70	100	96	96	76	
55	22	28	55	21	41	6	12	65	42	6	58	45	16	21	9	36	70	20	35	41	2	12	60	6	80	11	91	37	54	7	27	7	2	45	63	6	15	15	40	85	58	6	95	21	24	53	53	86	92	49	50	81	71	40	96	94	10	95	91	17	30	18	39	67	73	50	12	29	76	27	33	30	53	55	51	95	38	100	20	26	35	25	83	85	60	32	71	15	4	7	99	47	96	81	61	72	63	67	28	82	94	96	39	44	80	32	99	88	51	4	62	23	62	87	26	60	75	72	77	85	7	35	95	28	87	36	76	14	79	82	56	78	64	77	60	1	65	74	97	75	71	97	90	79	97	63	85	19	74	68	54	35	91	41	59	99	97	98	96	42	81	24	65	34	49	85	31	17	63	96	69	29	57	4	14	20	89	91	53	55	22	53	80	31	62	94	59	30	29	87	55	9	5	62	20	91	67	76	84	
88	70	53	78	96	22	64	74	10	82	38	49	83	57	42	3	29	100	59	78	2	13	39	3	4	87	33	91	86	29	21	41	94	17	99	55	53	43	60	26	73	20	1	97	33	6	94	47	83	62	68	43	12	40	23	91	3	51	95	81	24	80	83	54	43	2	12	22	82	94	90	43	69	45	79	20	24	55	66	95	73	17	65	31	87	72	1	91	43	30	24	46	48	7	21	60	35	26	84	2	90	21	81	25	30	72	39	55	55	74	41	4	33	92	23	35	12	98	61	38	67	59	53	38	81	64	95	6	96	10	66	38	47	99	14	3	19	43	46	90	97	48	42	17	84	23	90	46	62	69	68	43	61	58	69	80	33	49	81	21	11	42	93	30	71	78	95	98	28	48	82	29	9	59	82	15	22	88	11	11	34	68	41	18	97	2	73	92	13	36	100	94	1	15	25	9	34	80	67	16	
19	10	24	44	24	16	43	72	51	26	21	70	47	78	38	71	77	21	44	20	12	39	87	70	92	67	59	33	11	25	50	34	26	50	60	45	7	18	18	22	16	100	14	18	67	70	59	100	100	35	22	56	27	14	87	86	4	43	77	99	69	51	35	71	25	5	52	87	25	34	12	86	76	11	41	19	18	84	45	9	44	30	63	9	17	99	48	63	90	93	100	2	2	83	5	53	71	28	60	28	15	30	47	14	20	50	50	48	6	32	88	83	32	71	52	2	51	52	91	16	5	95	19	98	40	93	62	99	33	60	65	81	47	5	23	8	23	2	99	18	51	62	22	3	15	5	73	14	7	63	78	45	81	32	9	22	22	56	72	61	38	26	3	41	77	82	13	69	35	45	20	5	78	84	32	38	75	61	20	11	50	19	78	69	47	90	68	16	59	87	9	71	2	11	37	75	17	79	56	98	
43	41	97	85	63	13	57	32	48	23	52	93	54	55	58	74	8	22	89	9	60	3	70	92	31	44	94	94	99	41	15	99	69	97	49	63	81	71	19	96	8	31	28	74	79	46	98	52	93	18	72	45	59	89	99	63	51	37	84	76	46	65	9	61	53	63	77	5	31	86	15	84	3	55	83	82	63	83	87	45	74	12	20	60	83	64	5	17	24	48	76	38	2	64	37	38	92	68	53	56	85	6	48	41	78	3	17	19	32	24	98	69	16	66	35	2	5	42	22	21	6	25	74	80	69	26	70	5	69	69	30	88	10	69	4	80	90	85	57	89	40	30	48	37	99	36	19	93	25	98	24	16	15	75	20	12	5	57	99	23	85	4	4	2	47	86	88	86	34	67	55	59	63	89	68	66	24	23	77	1	88	31	46	28	18	92	31	68	78	56	8	57	37	59	48	36	5	15	66	77	
91	92	51	69	18	68	48	7	33	54	89	23	73	13	18	1	73	99	60	52	6	4	92	31	10	79	76	56	80	42	55	38	2	25	6	86	11	59	28	69	9	70	2	76	93	43	32	72	22	2	57	92	9	52	32	86	2	19	7	50	76	68	91	94	95	32	31	48	37	100	38	5	59	18	24	15	31	61	60	8	79	69	98	75	33	34	59	86	22	5	75	97	70	73	84	20	67	12	51	40	85	18	46	12	39	71	13	42	31	54	46	60	28	37	64	50	63	63	5	54	83	96	91	51	43	58	48	39	37	1	24	19	84	46	71	85	15	8	66	61	64	52	45	56	95	47	70	7	80	100	4	88	69	78	47	37	2	33	89	4	81	58	43	92	1	76	85	96	4	17	70	34	65	88	6	38	98	36	22	38	15	97	95	22	83	23	68	90	3	78	69	10	41	64	61	67	15	58	71	96	
65	78	5	70	82	57	99	74	73	74	32	95	38	3	66	30	33	39	81	100	80	87	67	44	79	96	40	54	52	72	10	63	64	21	85	100	64	41	9	67	21	4	72	67	52	45	55	9	5	51	32	23	36	98	62	8	85	59	74	98	38	46	75	17	60	13	23	37	90	55	18	30	28	21	28	10	3	49	13	40	60	41	87	58	1	46	64	96	42	93	13	59	78	88	66	93	55	81	73	97	38	79	31	25	10	73	35	9	44	24	92	39	61	53	34	21	54	43	94	79	56	96	60	2	71	91	15	77	90	70	93	28	40	90	86	58	18	29	88	74	71	88	94	47	4	47	7	5	88	89	67	13	95	23	36	94	89	97	66	70	60	78	68	92	56	68	35	8	74	59	96	62	14	34	22	43	26	63	10	64	78	19	67	63	26	68	55	39	46	5	97	1	42	2	69	82	53	14	7	67	
10	46	83	20	13	71	68	80	6	65	100	39	60	55	5	86	55	30	17	20	11	33	59	94	76	40	96	10	61	24	84	30	39	84	72	44	89	33	44	30	15	4	98	86	54	18	92	49	82	84	75	31	44	42	52	32	63	28	23	9	75	100	42	89	6	56	69	89	44	11	83	66	61	63	83	31	22	94	69	18	68	1	84	52	100	32	60	73	2	65	67	36	80	52	28	53	78	78	69	13	66	7	59	25	32	28	1	36	34	62	94	70	42	72	23	54	40	35	61	26	3	26	17	59	73	73	77	89	54	19	5	63	5	14	94	44	71	82	22	58	21	80	28	80	95	71	58	41	78	60	83	19	55	88	18	76	95	43	48	52	3	59	5	31	5	43	75	65	52	40	42	5	91	78	75	32	55	17	49	100	13	45	32	50	61	60	42	75	95	12	97	6	69	63	95	39	31	96	79	28	
44	63	6	23	39	19	89	24	64	94	64	35	96	60	55	42	99	87	93	90	91	91	33	94	56	54	10	95	49	61	6	34	81	58	6	31	74	14	83	8	2	90	77	11	94	68	23	52	26	75	50	85	45	85	49	64	96	31	63	81	8	31	81	9	92	20	73	6	32	12	53	87	20	73	12	79	27	1	20	70	42	38	1	13	67	81	14	52	58	92	29	86	49	99	41	74	89	15	18	32	39	39	65	79	75	37	78	13	24	70	80	93	65	48	90	20	40	24	39	12	44	90	24	93	38	89	71	81	87	91	99	45	72	46	71	29	86	7	94	43	31	92	52	30	95	6	52	8	5	53	8	25	84	37	94	9	61	82	68	46	65	30	72	44	8	47	66	61	96	32	4	84	30	17	44	32	71	53	68	29	1	40	25	51	1	55	39	73	7	10	77	75	63	34	65	7	29	80	36	100	
90	39	73	17	69	68	100	12	10	81	51	43	16	45	27	66	54	79	15	66	37	86	11	99	80	52	61	49	69	18	55	13	93	44	56	55	46	74	42	39	66	38	92	35	59	48	34	74	70	47	6	63	23	51	41	82	49	40	90	91	80	55	47	36	39	96	32	89	2	63	71	81	36	39	66	54	16	77	42	46	66	83	2	41	98	87	37	52	76	36	56	22	15	3	95	52	25	97	93	55	76	57	8	22	73	27	76	18	87	98	52	39	18	8	100	19	88	79	75	33	52	83	55	34	29	17	1	69	22	83	88	19	62	73	20	13	15	28	64	14	59	17	71	50	32	35	9	79	43	97	12	92	88	44	99	90	30	38	38	45	80	19	46	79	64	99	44	13	80	2	61	68	27	23	5	43	84	37	78	99	29	20	85	54	90	23	60	20	91	27	5	18	39	38	17	82	7	40	72	30	
29	60	79	51	4	92	90	62	24	10	39	19	18	18	12	67	95	5	91	61	54	29	25	41	42	72	24	61	18	88	38	27	42	70	65	41	90	22	68	30	79	47	52	11	95	66	90	14	33	54	67	99	18	64	10	40	35	73	65	19	41	84	63	80	95	15	77	78	42	13	64	70	41	47	32	70	95	51	11	55	98	97	21	16	20	97	64	4	96	96	86	40	18	11	95	34	22	6	66	12	62	70	95	84	59	41	42	35	97	80	86	67	85	34	83	70	82	62	45	74	65	73	13	69	47	4	81	46	88	32	64	16	60	18	67	65	39	46	54	17	2	36	40	47	89	88	49	20	42	41	92	11	54	30	16	40	13	13	29	71	97	82	2	96	16	69	93	73	22	47	67	82	48	39	29	60	74	69	97	14	23	75	32	66	24	19	98	100	65	32	21	84	96	10	4	93	2	12	67	41	
71	89	83	69	59	95	74	14	27	34	58	16	40	28	22	6	39	33	33	41	7	21	50	15	55	10	84	6	55	38	19	37	21	38	96	8	2	18	35	32	27	22	100	18	92	86	76	93	24	10	17	46	97	18	14	21	5	40	26	40	28	30	79	22	61	53	61	56	86	30	43	71	37	35	46	75	51	8	77	8	32	11	63	28	87	59	46	8	35	14	41	59	73	81	45	22	64	87	43	35	43	85	35	9	74	88	45	21	8	37	56	90	77	34	58	96	60	37	40	73	43	99	26	84	62	74	91	21	93	13	3	18	17	32	75	76	55	8	43	29	1	21	83	34	1	14	50	87	48	61	41	7	63	13	63	67	57	85	51	32	87	89	99	13	16	27	89	42	92	84	38	49	56	21	57	87	6	56	19	70	56	93	49	5	49	39	36	63	78	56	64	22	26	76	10	84	12	18	72	100	
93	91	14	91	96	77	46	42	58	55	55	29	12	65	3	14	56	10	61	69	27	41	34	99	38	63	30	34	13	27	37	85	30	89	65	49	52	44	22	90	10	10	3	60	19	53	95	10	62	41	21	48	25	90	25	37	6	79	10	53	63	13	50	7	72	87	4	89	40	45	42	41	40	33	67	11	32	62	69	28	45	23	16	49	65	8	46	60	27	16	5	76	97	87	44	67	42	25	6	30	57	6	89	63	22	36	41	74	40	60	79	95	68	36	13	30	6	15	12	28	75	97	4	57	93	95	77	22	45	25	30	78	21	17	43	4	12	8	14	75	70	57	22	36	59	56	17	14	44	75	28	77	45	26	83	49	45	4	33	6	54	93	99	25	46	50	60	93	77	89	58	75	76	46	37	44	86	9	21	67	44	2	93	7	14	2	5	10	82	50	61	48	46	88	17	63	59	2	8	92	
36	60	25	14	36	64	10	46	12	39	1	30	15	34	66	58	72	29	74	12	7	94	26	69	2	64	39	81	93	42	21	30	89	25	82	32	59	98	47	33	55	8	50	26	12	88	65	57	68	54	97	95	24	19	70	25	9	42	18	29	49	27	91	97	59	91	50	85	37	25	96	3	60	39	27	85	31	48	87	89	43	92	34	94	5	80	77	34	17	44	22	75	82	59	92	34	36	48	44	48	99	51	4	88	27	93	73	55	9	71	80	32	91	18	69	58	53	21	80	86	79	77	76	89	98	54	16	95	58	65	54	30	54	89	93	36	79	33	52	78	71	1	97	59	91	36	17	81	40	86	94	37	93	13	20	69	47	9	82	12	5	85	93	28	13	11	31	52	78	37	34	14	72	17	15	74	21	71	54	44	13	66	32	48	29	25	56	51	16	100	61	69	29	20	21	5	89	89	1	48	
61	25	50	45	22	77	30	46	16	72	27	19	9	35	3	6	28	19	11	84	2	17	50	97	25	21	84	58	44	70	38	89	25	67	82	66	19	86	72	8	4	4	57	76	96	8	66	45	32	73	87	93	92	97	24	84	41	20	18	13	5	90	89	35	54	8	34	71	50	67	47	5	89	20	79	2	46	34	86	73	19	10	81	84	46	39	17	49	49	68	46	58	90	56	20	32	90	41	68	10	57	70	100	93	100	75	34	86	32	91	47	34	1	37	7	6	49	5	25	98	31	98	84	94	27	76	77	46	72	54	56	30	50	21	72	76	23	4	50	31	98	29	13	2	75	68	34	2	12	50	85	47	45	44	83	47	65	19	33	100	47	87	69	60	76	89	79	48	89	80	83	31	47	64	79	41	35	88	58	41	89	82	25	6	61	73	100	32	32	14	18	35	100	65	33	82	79	78	76	18	
60	1	51	24	18	97	10	82	45	55	87	43	70	1	62	59	84	11	59	56	45	99	60	49	6	85	72	6	56	65	96	65	82	82	23	44	13	47	4	63	11	75	66	29	88	52	56	65	34	20	39	69	97	22	11	19	11	35	62	90	26	53	15	86	15	12	64	45	3	40	70	65	8	88	60	30	19	11	78	22	9	74	57	29	14	95	75	25	25	8	60	61	92	62	28	56	76	81	6	42	21	91	78	2	69	32	40	47	80	45	44	58	39	12	49	80	84	79	77	9	84	18	56	92	44	1	88	63	78	92	66	39	17	75	98	97	78	97	37	10	28	7	16	38	33	88	27	47	79	84	2	91	71	87	43	33	70	96	67	59	86	45	87	97	53	39	31	67	18	9	29	58	39	64	70	32	84	68	79	39	43	66	79	55	90	15	39	86	11	33	23	42	38	16	43	21	98	86	67	21	
11	60	4	69	78	75	96	34	44	35	28	40	47	88	35	72	86	38	65	48	63	55	45	63	86	100	44	31	55	41	8	49	32	66	44	8	46	86	37	29	16	47	53	73	37	49	91	79	70	57	11	93	87	10	63	62	46	94	54	94	26	67	98	98	67	35	32	96	80	93	43	83	93	61	43	39	89	44	60	54	81	57	19	58	64	7	20	97	35	13	58	46	57	25	31	92	82	2	55	12	36	23	26	33	38	17	53	55	51	68	5	71	62	77	81	46	17	68	64	73	71	4	78	35	41	96	58	10	24	50	45	11	35	94	13	62	15	86	99	76	66	7	43	96	24	38	42	80	59	68	27	47	94	18	13	60	10	82	85	18	8	38	25	83	17	17	59	84	66	85	39	35	50	10	57	99	29	23	63	14	88	36	82	11	59	93	13	9	58	17	52	70	1	91	29	12	88	98	77	13	
40	26	77	65	61	35	4	54	46	57	39	56	10	44	17	86	46	51	81	59	6	53	7	81	11	64	89	74	46	90	2	52	59	19	13	46	78	67	29	37	57	78	44	35	95	95	74	73	11	65	51	32	99	19	21	70	57	75	99	62	84	98	40	68	27	19	22	15	65	63	80	39	4	33	85	14	8	75	4	47	14	53	83	39	80	55	39	4	79	67	29	28	57	87	4	5	27	100	20	46	48	18	3	93	48	73	14	20	56	76	92	4	24	7	81	99	37	1	24	99	65	25	69	92	7	80	31	75	3	79	53	59	56	34	68	67	72	83	90	91	71	75	12	92	99	98	63	49	81	74	38	67	56	12	10	98	89	35	73	9	41	60	14	93	99	31	73	2	36	71	1	53	13	26	27	88	73	73	24	38	45	5	68	32	30	71	67	86	47	4	65	72	25	76	67	51	21	19	31	47	
8	96	60	5	58	79	35	82	82	51	45	100	98	43	62	67	80	8	89	6	15	43	18	71	59	41	33	14	74	22	18	44	98	86	47	86	67	29	18	51	92	25	9	15	70	82	79	56	85	95	66	97	1	27	89	27	9	65	85	16	97	1	48	45	5	64	94	47	4	25	70	46	1	49	23	81	16	38	35	39	77	89	49	100	67	78	62	29	22	71	97	95	78	94	62	2	71	21	51	41	69	18	11	4	66	79	31	45	2	58	35	31	53	99	35	82	61	47	68	95	64	64	87	20	58	75	21	39	53	35	60	55	41	75	57	24	80	89	27	73	19	7	60	84	88	69	12	31	78	84	75	56	80	98	6	2	5	55	47	87	74	54	16	59	2	18	54	22	13	93	72	70	61	31	95	19	76	15	74	80	37	61	7	11	14	2	58	21	96	62	33	77	75	10	20	46	19	67	97	38	
31	53	64	23	68	36	77	66	58	48	5	91	34	62	46	3	62	35	30	84	15	60	18	19	28	9	44	83	42	68	35	22	47	72	4	37	29	18	92	92	87	14	32	66	68	21	30	7	4	88	30	20	7	68	99	92	64	78	98	73	65	81	76	32	48	51	91	65	75	73	86	38	7	42	15	42	80	32	62	82	27	89	92	39	81	55	74	3	19	98	26	9	35	72	63	75	74	26	25	10	5	61	11	15	96	71	2	20	32	99	41	44	39	20	67	79	70	5	35	52	42	48	81	52	40	57	98	26	40	37	89	80	84	60	47	27	41	25	41	82	94	90	49	89	52	83	74	63	53	13	93	44	29	72	97	95	8	97	10	46	52	96	78	14	17	88	93	9	33	10	15	6	26	46	16	80	51	82	56	41	68	25	46	35	95	52	86	67	89	89	56	79	66	28	13	64	57	96	61	84	
73	100	82	42	73	91	38	5	24	17	54	41	51	7	72	94	2	83	6	29	40	26	22	96	69	67	30	8	39	30	32	90	33	8	63	29	37	51	92	63	65	20	11	72	74	64	21	58	36	27	66	77	34	26	29	91	74	51	63	77	80	94	17	89	12	63	57	78	23	43	63	17	56	3	55	32	91	65	97	76	6	10	27	68	74	58	80	56	24	72	61	31	49	84	86	83	7	62	81	50	59	49	14	23	56	69	97	82	36	1	43	65	82	21	29	81	51	70	37	1	71	84	5	38	93	23	99	84	76	72	35	94	76	3	10	4	42	11	34	36	10	90	42	90	68	8	18	13	29	86	55	82	52	73	21	34	44	89	100	88	61	61	65	10	44	97	35	1	24	45	66	39	86	27	9	37	65	75	57	1	91	43	19	39	68	96	28	48	67	25	1	81	82	22	20	80	48	9	79	95	
74	72	38	55	15	5	98	1	42	31	100	86	62	1	50	79	44	45	75	87	85	73	16	8	9	21	15	2	66	79	27	10	55	4	11	16	57	92	87	65	40	28	27	53	52	32	76	39	56	33	34	31	58	97	60	95	83	91	92	80	36	61	12	74	7	17	47	22	74	69	34	26	42	71	74	17	92	63	38	5	10	7	18	72	77	47	46	97	32	74	6	37	35	15	18	86	46	69	69	30	84	31	25	14	37	76	40	69	50	44	11	17	4	95	99	43	95	58	76	88	83	97	19	70	98	91	37	74	53	94	11	49	30	17	11	17	14	53	18	53	66	97	43	9	14	35	55	75	77	15	73	23	16	94	28	7	57	87	81	40	34	29	62	32	20	11	50	49	8	20	34	4	35	60	5	22	89	56	67	99	21	68	25	78	99	26	20	7	48	8	58	74	30	36	13	88	29	84	70	63	
17	31	4	30	100	91	19	80	1	93	28	6	98	22	65	25	6	71	17	82	58	20	100	31	70	4	4	90	38	47	22	10	8	4	75	47	78	25	14	20	28	67	6	10	80	12	36	28	94	70	26	21	78	60	85	81	33	71	41	40	12	8	88	27	32	16	87	93	70	34	59	46	53	5	90	37	83	89	62	60	58	72	22	33	32	47	99	92	100	97	48	100	19	76	32	60	72	23	5	79	37	17	56	19	45	92	53	30	50	49	97	77	79	95	67	40	78	2	28	4	35	45	82	3	99	26	83	9	75	89	86	80	65	32	84	7	50	85	32	98	79	87	41	34	74	94	63	25	48	63	26	38	52	1	21	85	53	96	74	62	76	12	57	93	17	40	71	24	46	15	17	94	18	90	34	41	94	5	63	48	37	30	7	43	37	35	58	98	37	20	93	50	2	83	17	46	65	39	57	35	
79	82	86	76	93	15	18	94	31	56	70	45	46	58	46	61	5	60	45	7	6	1	14	28	2	72	98	77	92	52	100	3	50	57	66	53	44	9	32	11	27	6	69	61	76	68	45	22	25	33	21	3	78	66	92	36	77	41	19	52	2	25	30	52	71	39	85	58	58	54	71	34	72	39	40	12	82	38	57	43	36	81	77	85	61	73	30	82	23	45	23	29	96	42	95	64	51	38	24	49	67	5	71	76	32	41	70	53	89	44	53	99	98	99	63	49	94	72	54	37	20	11	95	20	90	54	87	42	43	13	23	48	45	95	73	39	89	9	96	91	62	100	95	38	34	80	60	36	73	35	61	44	71	10	60	39	40	58	72	22	69	26	89	53	22	50	6	99	22	1	43	56	36	94	54	82	41	32	92	48	6	73	26	26	63	62	13	17	1	15	54	21	99	49	32	27	60	17	58	9	
87	85	24	65	13	49	32	70	80	65	32	27	29	86	4	100	16	12	58	48	95	97	18	74	76	67	86	11	35	11	18	60	26	76	29	73	35	15	66	72	53	10	61	24	77	34	45	50	24	55	5	73	21	7	70	53	83	49	90	54	3	34	27	60	14	37	61	40	43	11	70	28	22	73	20	46	83	32	45	34	55	39	66	97	57	54	9	1	29	92	76	58	29	5	50	86	63	65	78	58	1	64	50	95	27	55	69	39	76	66	48	71	83	100	84	84	96	68	58	29	25	17	24	66	1	18	24	68	3	34	91	8	68	52	47	10	31	55	11	38	56	12	21	16	92	10	48	74	19	92	92	42	85	23	53	17	3	99	53	51	94	45	53	36	81	72	4	25	56	55	84	91	26	92	97	65	70	60	81	9	6	89	19	86	31	93	73	71	100	83	2	79	12	81	77	80	48	37	11	31	
60	16	52	30	29	14	23	73	74	43	65	64	47	68	75	10	38	3	84	52	21	33	67	79	93	52	54	94	59	95	92	19	12	96	88	37	95	70	68	74	52	80	76	77	81	97	44	54	36	22	44	23	26	10	44	22	50	39	72	7	61	90	22	80	58	42	35	69	26	42	73	46	52	35	15	89	27	58	4	28	42	67	3	30	12	67	95	47	13	65	43	34	56	81	78	95	4	95	22	30	53	74	28	36	80	77	31	81	71	52	62	74	73	40	2	10	74	17	58	98	70	83	91	35	95	5	95	66	50	80	36	28	12	69	100	32	65	96	43	26	90	89	24	30	19	22	67	64	90	93	68	21	57	84	28	26	74	24	37	56	9	82	71	76	17	72	60	15	12	97	37	55	80	27	30	50	85	77	78	42	88	71	28	49	99	72	42	22	94	38	77	78	10	68	57	80	33	59	100	41	
54	85	49	25	71	53	76	80	34	89	1	11	14	18	30	23	8	30	77	16	24	6	70	46	43	45	18	68	48	66	86	53	88	8	52	49	95	82	21	64	32	12	68	34	97	2	12	95	15	67	57	40	43	29	60	64	84	27	94	60	4	12	94	5	10	81	92	56	91	6	66	24	85	100	63	69	8	9	79	96	99	29	66	93	45	1	86	51	82	19	34	40	64	43	23	7	27	7	84	81	58	43	66	95	75	81	55	7	10	99	51	68	65	98	100	100	89	36	19	16	44	46	57	74	44	79	85	96	21	11	84	57	79	68	1	72	92	60	61	24	2	77	47	80	77	28	59	75	67	36	35	95	96	7	58	46	59	80	24	59	45	4	54	63	65	35	80	26	99	87	42	84	71	38	82	97	45	6	43	22	57	99	97	22	95	53	62	68	43	12	10	57	88	62	97	67	83	73	27	22	
30	76	87	10	60	3	54	14	77	50	59	86	61	44	30	25	13	93	27	58	53	94	59	98	32	55	92	23	34	90	76	95	65	66	56	91	74	79	30	21	76	36	45	45	44	12	73	32	76	3	42	98	57	14	80	84	85	74	84	76	6	38	74	19	75	21	6	56	96	45	31	49	29	6	63	36	65	92	59	21	60	98	26	94	18	43	89	68	71	95	19	55	82	79	53	1	66	47	86	5	58	66	25	1	69	4	23	95	45	31	97	66	90	92	35	27	43	86	91	78	14	69	52	1	100	53	11	31	40	40	68	57	84	2	63	89	94	19	55	72	64	8	16	91	40	100	8	79	95	87	51	13	43	86	1	79	67	46	11	18	36	24	27	14	57	51	93	31	87	43	37	20	30	24	84	7	77	65	95	85	82	40	84	96	94	25	60	60	31	54	3	49	76	79	60	23	16	82	72	42	
19	50	29	91	21	86	51	76	86	93	77	42	44	27	74	82	33	82	83	66	53	47	100	52	72	9	49	52	74	14	93	10	57	45	65	79	73	56	7	58	39	28	22	50	54	95	32	57	97	23	25	87	30	16	83	93	88	90	81	100	53	70	44	75	71	63	75	26	43	50	28	71	94	28	75	8	92	38	13	90	98	21	84	76	13	70	92	30	70	88	73	99	2	27	48	97	36	47	15	6	29	70	23	33	94	92	12	40	93	75	90	41	99	50	95	36	58	83	48	89	44	91	16	76	41	3	21	64	76	52	55	36	74	92	47	45	70	59	77	10	82	53	100	91	32	64	5	96	81	76	4	85	21	76	1	37	41	6	22	33	88	86	55	47	78	28	40	67	61	41	32	24	28	71	23	2	12	89	53	8	3	10	17	16	89	74	79	53	10	75	50	27	88	88	18	1	87	58	60	20	
63	54	12	86	50	97	16	27	100	80	41	60	35	32	42	13	82	60	90	7	86	83	100	93	22	5	82	26	70	33	24	62	68	32	34	70	11	85	4	36	56	94	25	24	36	15	76	97	1	69	36	16	54	40	81	77	26	29	63	42	36	83	61	84	82	74	51	59	65	9	42	42	45	35	36	85	57	38	26	45	100	98	94	14	99	82	60	18	17	42	17	5	71	20	16	88	66	93	45	12	11	69	42	49	50	2	54	34	12	69	79	69	53	33	77	30	40	23	74	44	89	75	69	39	92	25	43	95	40	75	45	81	45	21	54	55	60	95	68	76	90	91	3	26	53	65	77	15	55	76	9	10	84	76	35	68	92	57	89	38	98	88	49	22	10	58	43	35	65	98	96	46	29	75	24	64	74	46	24	69	66	98	46	64	52	5	35	91	59	87	23	74	64	43	65	17	87	77	66	58	
9	35	18	91	5	25	7	96	80	60	58	18	41	46	29	30	56	20	100	67	92	62	35	18	2	51	84	75	47	54	10	41	54	73	20	57	65	95	88	27	33	70	33	55	22	67	3	23	69	9	24	3	12	44	61	14	65	37	36	60	81	52	91	10	4	65	57	57	6	97	11	94	4	65	62	39	63	82	47	52	27	38	32	80	50	54	58	20	64	23	69	23	6	82	100	56	93	58	15	52	10	38	15	87	90	62	39	25	65	8	90	61	43	45	64	93	72	47	71	37	83	63	12	41	96	73	68	3	41	86	14	75	10	25	72	80	80	79	86	66	48	8	76	65	88	16	12	6	2	53	42	55	85	11	87	80	24	54	5	70	86	72	78	3	53	37	80	70	56	26	25	91	24	21	58	42	42	42	24	14	24	55	23	91	5	16	55	84	53	5	72	29	15	1	84	71	38	97	18	47	
84	17	38	56	96	71	59	14	15	10	52	90	71	51	10	71	42	19	82	44	49	68	22	72	57	32	75	50	6	67	17	21	97	87	39	11	51	66	30	66	34	26	21	5	44	57	42	25	36	24	100	85	60	59	50	46	74	69	13	62	59	72	30	60	62	49	86	52	47	85	24	67	26	13	41	63	93	84	21	64	25	42	14	62	89	45	24	43	31	18	22	100	67	97	52	33	6	34	55	50	93	23	39	82	41	22	35	50	33	56	23	51	59	35	4	62	66	52	73	48	73	75	27	95	65	38	59	94	41	18	21	48	48	92	63	14	18	1	6	100	99	58	16	22	12	52	30	6	12	86	20	1	50	64	99	81	91	84	99	12	65	38	10	53	16	73	18	91	14	88	61	39	15	65	32	23	82	5	84	54	33	92	69	51	29	89	65	90	29	76	19	66	21	91	51	97	81	79	13	14	
53	77	49	63	65	47	88	1	17	29	7	87	72	40	3	73	91	90	16	27	50	43	56	45	92	23	31	85	63	99	46	48	95	93	69	93	32	97	20	77	31	21	3	73	23	40	98	87	16	3	85	50	52	12	79	70	55	70	12	90	72	7	23	24	8	45	40	19	27	63	17	56	67	95	94	46	87	10	41	79	73	65	21	22	16	76	9	80	84	32	93	98	62	73	24	50	86	9	45	39	48	28	43	58	97	86	13	50	92	93	78	52	100	74	41	79	62	92	17	33	16	27	70	88	66	40	46	38	47	78	76	93	32	44	36	93	32	2	50	76	35	52	94	77	31	1	1	40	40	3	59	46	33	29	59	29	8	68	10	33	27	5	97	99	18	77	75	66	55	24	21	36	59	67	45	75	38	79	62	69	34	71	79	6	95	25	5	6	27	72	78	59	96	71	10	83	61	69	16	9	
59	11	55	23	90	82	6	80	69	74	36	21	45	75	29	57	40	75	50	9	81	12	27	59	9	36	44	45	23	18	97	25	24	92	97	87	99	1	7	34	58	78	78	21	26	43	57	30	54	12	60	52	37	93	55	43	5	77	49	3	78	30	40	42	60	25	77	66	47	87	16	98	32	36	95	62	79	73	81	7	49	41	100	68	18	59	48	45	63	41	79	69	6	42	17	66	40	71	96	47	51	93	73	40	64	55	87	51	61	3	73	13	3	12	40	9	30	22	24	53	2	88	74	36	66	71	52	17	35	99	26	46	43	98	54	80	64	83	59	58	54	62	2	87	38	21	19	57	37	44	84	35	37	44	3	39	73	33	99	88	44	95	18	3	49	21	97	74	25	72	14	3	60	30	74	21	67	63	26	28	16	14	54	92	22	6	4	65	49	67	88	26	69	27	28	28	84	12	36	29	
1	39	16	38	100	32	37	98	77	28	66	68	26	22	52	15	68	96	6	31	71	40	14	89	52	98	42	85	51	64	18	90	19	97	22	10	19	27	68	26	97	60	66	7	10	29	14	16	40	44	59	12	93	61	78	34	58	53	22	2	41	86	4	44	1	9	66	60	97	29	72	100	6	68	51	8	38	50	15	80	76	46	93	18	46	94	37	68	33	76	86	59	25	22	64	44	2	85	10	33	10	54	74	80	3	25	58	91	44	18	71	30	8	86	94	46	93	3	61	40	46	33	39	28	46	60	57	38	17	81	43	40	7	99	64	30	35	63	94	76	12	27	35	75	25	54	20	68	2	3	69	31	19	87	73	73	86	88	98	35	7	10	1	18	6	19	55	25	27	8	8	94	9	45	53	91	93	84	86	56	58	96	98	14	81	76	18	87	100	61	1	12	50	10	2	92	3	8	49	76	
99	88	59	71	54	85	98	34	82	33	90	90	77	70	14	18	61	32	63	35	40	23	87	99	32	62	52	49	41	10	14	25	70	24	11	63	21	89	99	29	60	85	92	70	44	60	80	83	81	61	50	79	55	78	80	50	5	28	9	86	67	71	81	85	32	69	19	69	98	89	23	55	1	5	78	61	27	33	37	32	43	15	88	83	62	70	30	22	30	24	90	83	9	35	41	4	52	7	95	8	53	33	75	10	67	20	12	5	94	77	74	55	73	79	71	59	96	30	12	92	63	4	18	93	91	68	11	40	75	100	90	13	3	65	31	48	17	40	6	90	11	39	95	62	30	63	87	61	37	79	31	22	73	5	48	53	70	3	35	81	2	24	11	69	22	17	17	27	48	83	45	98	96	56	24	16	44	91	95	28	58	41	7	96	64	98	67	79	21	21	80	36	43	84	81	86	5	6	21	23	
18	44	94	98	8	45	94	77	55	79	13	57	10	70	83	55	55	55	64	42	96	91	86	63	86	8	32	64	82	40	21	37	25	84	19	62	70	27	92	91	95	81	36	53	22	64	84	93	77	14	46	70	43	34	50	7	36	56	41	24	47	77	30	44	85	68	29	72	66	24	25	98	59	80	70	23	74	36	6	36	20	83	44	90	28	51	97	58	22	13	60	59	58	44	20	55	38	48	26	83	40	69	59	62	80	77	14	99	21	35	26	55	70	8	59	97	80	41	74	70	63	84	44	60	30	31	46	24	12	10	38	70	10	1	26	59	91	44	39	87	44	80	55	64	51	66	64	73	88	50	18	48	86	51	2	11	80	77	85	31	25	75	3	55	2	34	13	81	39	40	8	48	34	70	67	38	34	12	39	46	38	75	53	60	84	40	100	78	59	26	29	88	17	89	83	70	46	77	46	68	
18	24	90	38	22	94	85	45	51	98	23	100	82	86	67	91	16	39	18	32	94	3	4	51	2	85	63	96	49	35	5	6	9	41	11	46	57	9	64	74	83	33	77	83	50	84	85	88	26	65	74	55	5	58	5	36	19	67	97	39	43	10	26	86	14	11	2	16	94	9	30	81	81	87	11	31	40	30	16	77	78	28	59	64	25	22	71	42	55	36	51	40	89	43	96	88	98	74	26	79	24	62	84	81	73	77	12	62	54	36	71	96	36	83	90	86	44	73	76	47	73	80	90	15	69	79	79	65	38	71	36	71	4	49	42	57	82	74	48	54	85	70	35	99	96	67	86	42	82	70	17	18	52	72	40	100	72	95	60	2	72	13	45	17	34	79	64	26	16	60	52	59	38	19	62	9	48	92	60	40	67	14	23	99	5	18	69	24	88	50	46	11	91	20	49	86	33	1	60	47	
23	78	52	97	90	95	2	51	95	19	11	53	81	42	89	45	53	61	20	2	10	51	43	37	19	59	28	31	40	73	40	79	42	20	35	94	75	65	78	51	91	71	41	49	39	27	74	90	29	37	69	70	77	53	28	56	67	16	52	37	22	59	35	98	8	40	63	42	89	18	80	14	28	46	80	83	22	10	67	37	51	92	45	53	42	7	98	82	30	7	28	11	45	32	20	5	1	12	66	5	84	99	60	64	67	23	20	39	35	49	9	36	53	86	65	10	89	37	30	48	30	30	72	76	47	56	80	41	64	87	51	1	93	29	5	82	54	67	93	55	39	60	21	8	2	48	74	45	90	93	44	2	32	74	71	93	41	63	86	61	4	24	92	89	45	9	5	22	14	60	32	91	46	95	74	89	40	7	12	13	96	43	78	57	50	36	74	46	13	37	14	14	86	65	36	70	83	73	1	50	
74	36	53	21	38	8	98	25	93	55	9	8	79	70	82	12	65	46	51	18	95	95	77	84	7	74	23	63	90	65	26	10	18	18	62	54	99	85	98	63	92	41	19	90	72	94	84	81	63	36	13	12	49	22	9	41	97	52	2	32	13	7	22	70	8	27	68	89	92	13	61	92	36	66	25	24	93	57	27	26	10	34	52	9	64	11	91	73	57	33	96	89	3	14	87	40	59	45	2	87	92	50	20	79	58	31	85	4	11	4	23	57	35	33	53	26	24	75	3	14	4	5	79	90	13	4	51	18	42	28	69	42	75	10	83	41	22	14	24	32	8	74	28	35	77	66	55	56	45	18	12	69	7	32	14	66	7	97	78	61	42	97	13	20	99	63	83	62	13	23	67	87	83	90	62	22	89	14	56	95	36	71	58	9	75	86	5	64	54	5	99	22	84	79	22	81	42	89	31	26	
2	32	24	84	21	18	89	43	38	5	17	80	98	37	61	6	27	82	81	81	91	81	99	76	50	98	9	81	91	19	40	53	29	13	90	94	62	16	73	77	80	40	52	54	7	60	76	100	42	60	62	90	3	2	86	24	39	37	32	22	95	15	74	21	71	33	70	86	88	79	21	83	81	35	24	9	12	95	89	54	11	25	2	9	52	70	44	29	10	20	39	71	46	83	85	69	3	43	90	39	45	60	90	9	12	78	73	34	68	25	14	38	58	5	9	67	31	90	85	5	47	76	74	71	7	97	30	54	22	74	28	32	45	89	82	37	88	73	2	77	91	5	50	58	3	87	85	74	30	8	9	71	69	12	8	83	73	30	3	38	19	85	1	32	41	97	28	56	3	61	100	72	58	29	6	39	30	77	44	53	49	21	79	39	96	29	99	15	18	5	64	3	57	84	73	93	54	95	87	7	
100	2	15	52	42	39	66	97	60	69	74	55	23	54	31	93	51	46	94	2	17	24	69	46	76	38	75	8	80	41	28	63	49	5	26	26	84	97	65	80	36	12	2	3	61	4	6	53	36	81	59	72	78	41	67	47	43	22	13	95	4	48	73	45	77	47	16	32	10	20	2	28	75	71	61	51	70	18	91	22	17	37	97	100	19	43	26	10	33	75	89	54	57	89	75	57	27	92	28	39	100	38	58	78	23	99	68	37	40	76	22	74	1	3	36	2	51	27	26	2	16	22	59	72	91	45	54	98	61	44	92	52	52	35	40	57	98	50	58	12	64	14	34	66	80	85	23	24	87	29	89	73	32	53	96	5	37	38	34	32	56	24	22	24	47	91	86	66	71	68	47	38	86	40	86	91	10	63	74	21	70	35	8	51	70	49	59	68	98	39	80	78	64	73	7	78	77	76	62	80	
52	41	46	65	33	71	65	88	62	38	9	41	66	75	94	53	6	87	38	51	30	80	51	65	68	46	100	31	55	84	30	13	27	90	53	67	98	1	81	94	61	8	25	34	90	12	38	70	83	52	72	7	30	86	71	77	10	59	7	15	48	94	47	3	99	55	76	39	99	95	52	75	13	26	17	4	66	78	27	28	17	4	1	94	55	60	31	48	57	12	95	83	79	47	48	26	37	34	66	16	94	87	54	18	16	66	10	99	73	13	52	77	86	23	8	98	61	68	30	54	20	90	23	22	40	17	78	14	72	54	40	98	60	94	23	28	65	3	93	89	20	85	18	55	15	70	31	3	65	13	79	69	13	90	14	15	80	25	32	60	72	54	92	75	10	24	50	47	45	68	19	55	27	21	86	61	83	1	100	72	29	50	73	22	31	97	80	77	12	42	30	37	8	85	96	88	27	77	29	77	
59	99	73	3	76	79	13	15	73	60	85	1	18	29	92	19	100	46	26	66	18	83	35	9	91	75	42	81	47	63	79	50	91	89	15	98	40	48	76	17	12	88	30	27	22	94	74	44	61	91	30	23	40	4	81	30	26	35	22	74	73	47	33	87	96	80	53	16	21	37	29	76	38	95	6	81	99	48	54	20	42	70	48	24	56	95	78	96	36	74	80	35	27	69	64	77	90	12	73	87	78	92	59	83	57	97	18	20	78	6	92	73	14	11	68	53	10	27	18	42	50	28	74	89	54	32	100	74	99	57	20	50	94	100	12	30	100	30	96	25	60	45	76	99	38	7	65	58	83	14	36	61	58	9	57	20	55	65	20	31	23	30	56	18	21	100	95	72	20	94	80	86	74	79	31	8	13	22	67	44	33	13	56	97	34	95	50	43	33	28	92	61	81	76	69	62	32	59	75	57	
3	57	13	98	70	1	7	78	64	80	52	67	72	83	2	47	75	1	12	25	39	54	71	61	94	17	89	9	36	80	22	7	97	35	86	98	68	45	32	89	74	27	52	60	80	5	19	75	84	10	60	24	42	44	85	44	86	98	70	21	45	3	87	91	88	71	44	52	84	76	23	37	57	85	82	86	25	32	46	92	21	10	9	67	56	62	97	100	47	1	70	25	22	85	73	55	81	90	25	97	66	15	23	17	58	83	28	17	92	36	36	88	14	69	89	70	16	41	81	16	62	55	88	23	9	7	50	22	58	50	45	88	85	83	5	55	20	62	45	16	40	56	84	23	98	4	9	13	90	48	72	22	26	11	24	1	74	16	2	28	10	77	50	18	100	56	43	99	70	52	13	89	57	82	24	14	26	54	10	68	14	11	35	49	6	10	37	67	20	6	61	47	11	59	27	69	71	4	18	34	
46	10	6	95	56	38	28	21	52	31	65	87	6	78	18	40	21	59	28	84	67	43	25	53	95	60	6	92	39	95	61	72	59	54	15	67	27	5	48	12	7	32	71	14	58	10	75	71	82	4	62	8	60	1	32	85	14	8	8	71	77	99	96	88	17	92	82	38	1	66	13	71	12	11	25	65	92	77	83	71	25	25	10	27	34	70	16	74	35	11	76	78	99	71	9	22	95	88	45	45	65	74	72	92	22	46	92	80	25	95	48	95	90	66	56	59	65	57	66	61	35	82	40	63	65	60	50	15	33	58	60	41	67	68	83	55	42	44	20	13	37	39	7	35	65	46	31	28	16	100	19	34	43	23	79	87	95	51	50	73	91	11	10	56	6	73	40	93	39	24	79	40	72	11	32	51	20	9	96	81	100	32	50	45	11	92	29	67	28	12	87	60	73	51	84	15	52	31	73	22	
31	71	19	25	83	46	47	58	99	74	60	59	68	2	50	37	95	80	14	65	73	2	5	63	32	13	56	20	96	15	53	87	91	8	12	35	19	64	51	63	17	16	39	37	42	81	21	63	74	65	49	45	25	9	69	68	11	40	27	33	47	55	80	71	92	79	25	3	4	54	71	55	65	4	1	27	70	51	24	65	73	41	61	86	79	21	27	52	62	66	54	42	35	81	25	71	76	57	23	58	90	28	78	46	13	23	14	71	66	26	61	27	12	74	72	69	57	50	47	92	67	74	31	31	16	44	67	49	17	34	23	28	52	68	13	65	1	77	49	16	85	31	68	44	81	68	71	5	64	86	61	27	54	12	59	57	95	59	43	3	67	2	71	85	10	90	97	93	60	90	95	58	92	74	2	15	28	37	43	96	10	89	33	15	8	67	51	20	84	8	17	25	14	20	57	1	67	16	77	48	
76	13	14	92	7	33	20	91	70	78	22	62	14	69	68	48	5	73	33	77	50	12	52	77	31	23	69	73	32	77	61	4	50	34	64	32	22	94	91	57	47	87	85	61	35	92	6	75	51	57	86	40	77	66	19	29	2	63	68	70	16	76	53	44	82	25	1	85	13	46	1	49	45	90	40	21	55	10	20	92	23	18	35	24	82	33	42	44	51	83	17	48	40	5	16	53	14	89	32	52	82	51	22	69	66	24	42	92	88	2	56	37	19	39	43	44	64	89	39	33	4	52	8	67	54	61	57	32	42	39	82	40	98	69	19	23	32	57	43	25	97	35	95	74	56	14	72	87	56	68	30	18	23	37	58	85	4	22	75	34	93	98	34	79	73	17	90	92	12	31	60	92	6	4	46	14	67	100	8	17	61	31	46	82	91	8	75	73	75	80	81	56	83	7	85	4	30	9	100	41	
94	99	45	48	72	99	85	86	52	16	34	61	71	7	3	66	26	17	47	53	12	22	87	5	48	37	89	6	89	78	56	89	85	71	45	96	15	47	65	78	22	93	58	40	69	56	56	26	59	57	52	19	66	60	69	72	16	42	89	86	32	39	16	52	38	3	85	2	96	23	14	36	77	99	19	6	60	18	6	49	37	9	96	79	98	35	71	32	31	61	84	29	90	58	61	95	82	28	25	93	36	32	17	96	20	30	33	59	31	15	92	22	45	52	54	24	81	79	14	30	53	39	22	54	96	38	83	1	38	94	67	43	84	80	4	74	36	55	11	26	33	22	48	95	43	10	62	65	55	93	39	75	55	73	73	24	49	65	94	12	31	25	29	87	83	45	97	11	29	85	13	65	26	92	84	99	50	79	52	51	13	97	68	82	37	82	6	1	92	14	10	46	46	89	62	56	24	88	36	99	
74	73	82	27	33	45	34	90	1	95	78	37	41	13	66	4	5	18	28	28	29	82	25	31	37	90	44	32	2	42	86	40	37	50	3	80	65	4	75	23	74	70	58	43	26	91	96	43	65	6	47	27	47	97	98	66	94	89	92	88	10	99	21	84	1	4	13	96	69	74	11	76	27	96	31	59	48	85	12	42	76	91	23	23	32	67	91	2	34	90	75	16	60	46	15	56	51	71	9	34	49	82	88	84	92	79	78	74	59	43	61	81	55	51	89	29	33	28	12	59	29	82	72	65	98	18	33	23	55	11	6	60	7	88	22	24	73	54	1	91	29	99	100	11	27	9	54	26	70	2	29	52	37	48	37	29	68	73	65	72	80	19	19	88	4	31	5	64	5	45	32	50	65	64	94	22	22	97	51	79	69	81	68	36	73	22	28	1	68	57	29	92	45	51	56	34	14	90	56	10	
7	12	32	80	17	44	99	32	81	66	20	7	11	78	11	86	86	16	63	58	76	94	34	86	100	55	11	12	63	13	30	45	25	67	40	93	63	25	73	43	69	34	54	11	42	6	45	50	9	97	85	63	87	29	89	24	9	18	13	79	20	95	37	76	66	54	46	23	74	98	68	83	56	44	71	98	5	1	63	77	70	62	8	41	26	96	91	91	34	6	44	6	93	12	72	42	61	11	37	47	53	2	12	64	4	12	15	36	70	83	90	69	95	6	36	75	36	88	52	28	79	85	77	81	94	49	25	14	5	36	40	64	17	97	33	97	80	21	27	18	33	18	45	4	96	75	51	68	45	27	54	31	81	7	37	53	24	40	25	31	31	64	91	42	4	72	66	95	97	16	70	21	96	77	9	17	31	32	97	7	76	66	33	68	26	24	33	24	90	41	85	21	33	32	76	95	84	68	42	96	
6	71	5	3	87	1	91	24	80	77	41	86	87	25	52	90	3	79	79	52	27	90	12	15	38	18	83	53	71	64	43	42	96	47	70	43	80	70	86	63	34	59	71	70	73	66	31	28	42	11	24	17	16	72	23	25	30	80	61	21	2	52	29	23	13	71	1	14	11	68	89	69	11	7	62	44	66	4	83	20	30	41	83	95	33	23	96	5	80	9	40	95	57	47	19	62	8	95	48	41	52	56	80	1	43	7	39	10	39	24	2	44	94	95	38	50	56	35	55	37	59	32	79	34	87	70	14	44	91	14	87	89	79	79	37	83	19	18	28	37	24	92	86	18	92	61	27	73	11	8	4	73	35	93	34	29	54	21	43	2	43	81	92	9	100	71	92	30	88	36	67	2	5	2	76	24	88	24	63	89	84	42	6	96	82	60	73	34	90	65	88	7	26	49	70	20	53	34	59	33	
69	35	29	18	49	53	23	47	98	98	31	55	15	19	99	15	14	26	51	83	33	43	86	84	5	30	66	87	81	70	71	41	3	5	65	83	39	46	38	17	26	46	34	28	46	24	49	71	42	94	67	56	98	100	55	98	81	14	92	83	28	75	76	37	71	55	49	36	76	83	69	87	64	79	10	28	37	76	81	7	70	91	84	92	8	51	1	74	47	33	14	16	23	53	43	79	25	82	37	18	54	47	59	69	88	86	53	82	63	1	35	57	62	86	12	26	49	46	10	75	58	12	42	10	22	90	50	92	42	8	82	2	66	20	65	17	13	54	4	41	72	36	8	67	15	88	59	34	1	9	27	62	15	23	10	20	96	30	63	19	60	30	95	55	56	18	11	36	13	82	71	32	83	11	40	14	14	65	2	23	19	55	6	6	99	96	49	9	9	85	24	43	57	97	56	18	21	94	66	60	
30	56	54	20	24	22	48	99	9	28	57	85	76	100	77	52	16	80	47	36	30	69	76	3	59	28	61	20	36	41	37	40	60	89	8	93	4	1	7	56	42	53	72	22	52	85	29	94	45	4	26	67	32	6	1	59	81	28	36	81	75	13	38	57	12	65	45	77	27	56	11	64	32	85	36	85	10	54	46	69	47	98	65	92	24	87	29	11	18	36	82	92	77	28	20	22	97	61	71	77	36	68	89	99	36	89	22	13	63	37	19	34	41	30	13	3	64	80	77	59	27	47	54	46	93	67	61	70	80	15	49	88	100	87	98	33	44	26	68	33	35	72	33	55	4	78	6	38	8	58	22	62	19	82	49	73	51	3	90	94	64	57	83	62	49	78	45	91	69	5	81	48	24	65	63	78	27	4	31	13	10	45	18	7	17	1	6	41	4	100	48	25	60	41	93	28	42	42	71	1	
91	98	34	55	34	25	21	7	92	13	66	66	22	79	10	95	51	41	43	29	53	45	11	55	18	21	63	73	39	47	35	33	39	20	88	61	33	49	42	3	71	5	39	73	35	100	6	28	35	65	13	95	36	68	5	80	87	46	66	35	71	26	95	85	11	4	90	99	96	44	7	79	85	67	53	28	24	96	54	83	82	89	11	23	33	42	86	96	12	77	23	52	82	34	75	33	36	29	68	35	40	95	76	96	12	2	43	98	68	58	53	23	28	45	12	61	10	9	60	17	73	90	58	27	83	37	28	86	41	78	71	26	62	18	84	98	71	29	64	33	79	29	86	73	32	7	97	22	86	74	64	94	73	30	66	23	15	14	60	48	86	27	21	35	5	70	8	98	80	26	55	95	20	96	65	47	23	32	98	17	59	51	51	69	92	58	63	95	82	35	55	49	18	24	54	36	9	59	22	66	
96	53	19	3	91	34	13	29	79	85	25	97	97	15	4	19	89	41	100	18	55	79	41	83	24	28	83	12	66	32	46	67	27	79	60	43	85	23	15	55	74	90	40	20	15	63	63	75	36	62	41	94	95	51	78	70	11	80	25	24	61	17	6	82	25	1	40	19	31	71	62	10	36	53	24	86	84	27	40	57	99	14	36	61	78	47	31	90	14	64	42	46	2	62	5	86	70	84	29	91	11	73	17	2	21	95	99	22	51	32	1	11	68	82	56	69	75	44	36	82	26	71	82	8	67	47	50	36	47	26	49	26	15	58	68	43	95	16	63	84	11	80	82	37	99	88	33	64	40	6	16	76	49	82	44	9	84	87	32	89	71	13	50	74	19	59	69	58	95	43	56	17	73	78	97	69	80	72	69	83	57	30	93	77	71	37	9	28	87	27	1	73	21	37	12	24	85	37	64	90	
97	22	35	79	63	9	68	51	68	56	49	56	19	88	30	100	82	64	49	94	51	20	19	82	15	10	31	79	54	70	75	11	85	2	30	39	14	81	42	32	17	37	12	46	89	69	36	8	85	39	63	46	62	8	61	23	31	83	24	9	51	4	81	86	65	27	21	6	59	98	44	28	85	28	86	55	11	17	85	64	91	99	57	72	59	99	96	84	77	15	31	65	52	51	74	83	16	93	5	27	27	17	63	20	6	86	30	33	8	53	74	24	61	31	55	78	62	35	41	65	97	89	75	52	22	24	22	78	31	22	98	3	38	19	21	50	78	87	32	44	46	35	44	33	6	2	5	4	1	82	18	29	49	51	28	50	63	86	8	22	91	76	58	31	1	8	12	73	56	16	43	64	75	64	96	97	99	21	13	95	49	67	72	74	5	16	67	91	91	1	31	77	62	95	67	41	6	60	19	97	
42	35	64	60	78	68	82	95	86	29	95	89	32	63	66	81	72	2	40	52	95	24	18	63	31	3	22	27	16	95	51	32	31	46	19	89	8	16	80	91	92	83	82	83	27	8	65	92	57	63	93	87	79	38	27	74	40	22	93	12	70	66	99	25	92	70	55	60	48	5	66	37	10	24	84	11	30	42	95	32	8	75	96	53	26	48	96	30	20	72	21	58	69	13	52	10	71	52	25	88	6	21	24	84	14	22	74	14	94	85	29	68	38	72	79	65	73	89	65	2	4	64	23	51	98	34	7	5	39	42	17	41	98	30	28	17	45	90	30	22	7	87	36	18	41	8	48	57	92	11	63	65	76	59	27	59	57	1	54	60	59	72	30	17	2	13	43	1	45	74	26	76	3	42	53	1	72	82	99	28	33	60	34	28	43	69	35	11	23	58	98	13	71	77	21	93	13	33	96	74	
26	61	29	78	22	36	47	53	15	40	51	67	47	18	53	49	70	94	2	78	38	55	84	83	61	49	94	1	77	51	8	62	48	34	11	44	75	38	32	65	63	89	38	32	58	9	92	38	38	82	84	10	73	50	33	36	30	10	57	95	18	78	48	32	77	51	10	18	85	1	4	76	54	96	27	17	42	55	64	40	45	18	50	50	89	38	30	100	49	12	92	49	34	23	29	91	7	10	1	35	39	87	8	42	1	85	58	40	59	50	97	54	15	66	8	46	19	73	2	28	70	89	71	29	15	67	16	76	100	19	91	94	12	87	20	9	71	5	22	92	81	48	62	61	1	17	14	69	55	54	80	96	45	89	4	80	71	88	67	32	91	20	45	97	91	99	97	22	50	74	70	34	6	28	87	48	33	4	80	93	1	72	92	87	69	90	55	38	83	21	17	34	29	86	8	54	25	23	12	86	
94	57	13	35	81	86	24	81	54	35	25	26	30	78	62	72	4	95	46	84	100	66	45	87	60	13	69	20	42	11	77	69	87	86	78	60	4	35	62	97	38	62	57	45	4	79	59	13	26	47	21	41	81	15	37	6	16	67	27	89	91	27	54	46	83	24	20	6	12	63	83	81	46	54	40	85	95	64	23	39	53	91	56	39	82	3	88	2	89	61	75	63	12	52	41	77	12	41	19	37	14	3	55	63	59	92	26	23	14	50	100	90	6	79	32	91	20	11	39	17	76	46	97	74	27	65	86	96	90	42	87	94	69	48	51	12	44	64	39	77	47	68	24	21	96	64	100	41	37	82	15	75	98	2	66	46	60	7	36	95	74	98	100	31	77	10	18	99	37	73	59	60	10	38	4	64	53	64	75	24	46	90	92	54	96	20	39	73	61	21	63	90	79	94	44	73	14	15	74	39	
28	36	15	12	25	38	87	61	63	56	69	47	53	67	63	73	51	42	55	13	20	95	9	45	8	40	18	70	46	55	8	28	89	73	22	54	47	39	82	76	5	60	43	34	28	96	21	90	45	52	64	79	7	80	32	36	77	37	26	54	22	28	20	92	71	65	92	49	42	77	20	7	69	83	57	64	32	40	39	95	32	59	50	82	91	35	16	38	7	91	85	83	94	2	50	10	10	11	24	28	10	79	19	36	90	14	12	83	56	53	66	19	38	25	21	28	53	85	19	52	62	73	33	36	69	52	45	48	16	13	22	52	5	98	88	63	49	28	83	79	69	36	25	18	15	54	32	55	96	35	53	80	1	79	48	91	44	100	14	37	10	49	3	99	60	53	20	78	38	82	25	87	59	76	67	97	5	72	88	4	77	40	60	19	43	91	42	52	65	57	78	98	4	68	61	59	88	24	39	24	
39	58	55	8	91	3	29	40	95	2	77	87	50	89	49	81	86	52	90	26	26	73	44	74	79	60	68	42	66	98	32	45	43	19	9	81	14	77	27	6	10	58	36	55	42	99	60	98	100	27	25	73	49	76	43	20	78	51	10	11	17	17	42	21	25	73	23	37	76	70	30	70	47	82	99	91	8	45	53	32	81	63	56	23	7	6	13	41	95	55	3	4	62	62	28	27	60	29	91	21	72	66	80	91	45	41	27	34	68	6	15	61	62	75	34	46	59	75	89	16	57	5	72	63	80	41	6	67	70	100	15	94	23	55	71	37	66	50	20	53	62	38	6	95	73	11	71	17	41	67	76	84	70	90	76	96	37	68	53	100	91	54	98	60	96	19	16	30	17	46	82	10	70	18	92	88	73	91	8	32	97	59	93	8	38	60	11	58	27	11	94	53	82	74	47	93	93	93	57	92	
45	22	31	51	65	87	67	40	24	59	23	3	99	78	79	37	55	99	52	97	35	17	30	12	69	41	1	38	83	97	11	23	92	10	74	57	53	89	89	10	7	72	81	39	67	29	98	21	98	38	42	65	41	46	15	83	28	92	34	25	37	4	70	10	25	41	18	9	91	62	41	91	98	89	14	99	75	18	91	59	63	72	31	59	54	21	58	100	34	91	15	48	40	45	39	88	57	67	26	5	91	91	9	44	73	96	60	25	77	27	50	12	26	32	25	41	10	40	95	46	65	85	33	92	92	54	30	44	48	93	28	57	87	2	34	21	21	45	51	48	17	16	22	98	30	49	30	2	8	45	68	7	1	1	7	10	65	95	33	99	32	32	81	46	75	21	85	93	45	68	65	80	93	55	84	46	1	52	74	48	85	75	80	30	7	57	55	29	41	86	7	50	87	17	73	24	71	56	78	20	
6	44	57	28	62	91	57	79	62	18	62	55	8	90	60	21	22	16	4	87	25	65	63	20	98	87	84	1	2	21	63	16	34	81	57	19	83	49	92	27	18	22	77	66	3	66	26	84	94	32	14	21	100	93	88	44	59	45	52	2	97	1	48	9	10	61	35	96	23	8	83	84	65	11	36	57	96	50	56	50	56	31	30	25	46	72	50	7	94	100	41	91	25	28	11	26	77	9	30	75	52	61	99	66	25	100	31	26	9	99	64	62	24	100	42	59	12	68	76	6	53	67	34	29	47	98	79	41	38	19	9	4	50	84	81	35	24	28	58	41	19	59	40	93	70	24	78	72	31	96	43	37	24	3	64	76	79	8	57	91	42	24	63	33	68	67	48	1	21	16	88	60	57	66	55	1	57	63	51	77	83	79	100	28	89	80	54	3	10	54	59	25	19	97	59	66	58	9	23	23	
39	95	5	83	94	51	76	57	52	38	83	36	7	30	94	72	70	54	23	91	83	31	9	60	75	58	52	13	41	16	28	49	94	84	29	58	39	100	39	68	72	33	85	97	30	93	94	76	14	80	62	22	68	18	83	90	64	53	9	9	100	94	24	67	27	86	24	79	23	41	95	92	92	23	61	72	53	50	39	82	23	59	25	96	86	50	96	53	32	84	9	31	91	56	80	48	12	5	48	2	33	50	50	47	92	34	69	16	51	53	13	78	1	100	28	42	19	97	57	51	88	69	76	87	67	39	68	36	69	79	54	41	19	82	74	44	51	85	8	90	17	66	67	80	31	13	21	21	89	22	15	48	86	52	50	77	94	36	24	14	38	4	35	11	2	32	16	12	51	76	69	72	79	58	72	92	68	90	16	5	96	38	65	59	68	64	6	29	62	42	58	37	18	22	68	48	37	50	2	18	
4	90	97	6	48	64	41	13	42	32	27	11	95	77	74	11	63	81	88	82	85	87	17	83	33	1	100	67	98	20	87	65	5	46	14	64	80	67	81	74	77	32	61	57	12	45	18	13	99	50	89	16	18	46	62	28	25	42	64	52	19	55	56	56	34	79	82	98	32	26	33	8	24	33	78	59	26	89	82	91	7	54	46	86	96	41	40	43	52	52	26	76	90	40	16	55	97	33	4	35	88	55	77	17	85	49	43	41	92	63	5	41	89	1	84	56	46	21	88	53	29	62	38	12	4	21	39	77	68	16	27	27	42	59	33	51	100	55	98	61	36	3	10	82	7	51	25	73	11	32	72	94	93	49	58	62	76	91	41	50	45	67	25	38	17	18	87	6	85	96	30	59	86	42	66	27	91	54	50	23	42	56	45	94	3	51	22	95	6	31	60	14	6	35	85	97	51	3	16	11	
53	7	3	45	10	63	31	11	24	81	8	99	10	4	64	34	34	88	44	45	60	72	99	64	34	46	32	81	87	97	59	8	80	39	95	7	55	78	55	58	47	47	73	54	67	1	43	70	82	54	45	76	59	94	70	51	22	7	11	70	43	60	95	62	70	21	33	35	67	96	23	51	87	42	47	99	48	38	3	35	6	21	72	50	41	19	12	87	98	17	58	45	88	20	16	89	51	44	92	2	59	40	49	56	91	99	2	26	59	61	60	52	100	77	79	65	87	79	83	7	39	24	34	72	7	47	96	43	22	78	89	78	76	57	67	11	41	89	87	21	99	23	72	2	29	9	96	66	15	31	35	16	25	77	45	80	72	36	66	5	66	12	37	76	25	97	21	71	12	52	51	35	48	22	33	40	62	37	7	64	30	9	68	43	46	68	53	91	87	87	1	2	74	29	14	38	55	83	28	29	
95	70	96	50	68	83	27	50	54	76	52	85	2	33	21	93	67	91	35	8	32	1	48	5	59	64	60	14	37	64	46	46	77	17	75	20	39	62	74	80	46	99	30	9	95	86	89	92	60	58	24	9	48	37	30	97	71	98	91	44	26	31	78	97	16	27	42	71	91	91	96	1	29	86	31	96	96	30	88	16	13	58	50	96	40	12	92	88	22	32	42	92	56	93	25	55	97	64	9	84	75	75	22	94	78	87	30	19	42	57	62	81	53	66	83	2	11	77	23	31	7	3	86	77	11	61	24	90	99	10	80	24	8	90	100	84	91	45	37	6	99	68	23	2	53	72	58	39	93	80	23	94	87	95	64	58	20	15	12	75	44	88	5	21	86	57	64	93	17	88	68	78	61	37	19	26	14	94	64	41	17	17	47	98	98	18	97	30	58	20	100	75	94	91	27	83	98	20	98	9	
68	17	69	32	9	72	52	82	66	8	58	75	48	57	8	75	98	27	3	92	71	91	63	17	86	96	73	52	52	4	8	60	34	49	25	97	4	29	3	56	97	92	82	1	47	51	68	30	18	20	43	80	45	68	22	58	42	82	73	29	10	48	96	100	74	52	44	32	2	91	5	74	11	96	90	84	30	100	2	38	41	100	7	53	43	87	88	60	71	68	36	31	67	60	60	69	22	38	84	10	57	98	17	97	65	67	14	6	24	90	54	79	32	62	81	80	1	15	42	38	60	42	79	53	29	11	21	7	97	20	20	59	48	27	71	100	45	97	31	6	3	51	56	36	49	90	6	51	92	13	68	9	44	8	71	98	3	57	60	4	25	75	6	66	69	58	55	75	26	34	12	55	89	25	55	80	88	34	22	11	30	64	60	58	37	81	32	67	9	52	81	44	16	70	93	50	41	35	65	53	
55	76	80	50	59	53	76	87	47	74	50	87	63	22	34	44	11	31	71	43	15	43	90	24	22	42	2	58	76	96	35	27	17	49	25	35	79	22	19	24	32	100	23	29	13	82	71	70	17	64	31	84	63	33	30	22	55	30	57	10	33	57	36	47	35	62	51	31	34	34	80	47	18	12	14	77	20	49	89	7	95	34	94	32	52	98	22	71	3	80	81	47	40	84	3	96	71	64	30	96	83	73	64	1	15	5	4	96	73	39	99	73	73	78	71	45	58	62	50	90	26	2	8	9	36	42	51	29	82	39	36	67	58	88	44	83	73	27	23	51	49	21	80	100	35	53	2	52	52	44	44	65	97	78	83	68	6	27	7	57	61	89	27	29	85	10	79	56	18	10	73	94	56	1	38	93	84	24	28	82	23	46	35	73	81	4	40	98	63	9	19	72	84	42	12	80	91	16	62	96	
40	41	81	95	29	41	27	11	100	8	99	70	85	89	79	12	72	31	89	74	4	30	93	48	5	93	65	92	36	96	14	16	44	68	8	13	67	71	98	72	74	97	45	92	65	19	95	88	42	23	18	32	41	76	24	13	36	7	33	20	75	12	74	1	11	66	83	61	90	6	9	33	36	77	64	15	72	12	61	91	55	91	100	84	52	17	32	68	80	36	78	47	66	37	67	13	5	43	34	98	24	53	4	65	78	28	66	87	38	64	73	85	8	44	67	59	99	53	33	73	54	39	16	63	96	13	67	38	85	38	8	3	91	28	97	70	66	77	59	93	27	75	78	58	52	25	2	36	13	87	9	30	50	2	1	8	35	9	55	50	71	95	8	10	75	36	95	46	75	47	46	20	20	94	45	99	54	57	3	87	77	7	11	14	53	78	94	36	70	40	12	34	49	41	25	64	100	14	20	50	
20	20	20	87	67	7	48	90	69	38	15	78	69	90	43	11	77	59	17	12	7	24	100	76	75	13	67	29	56	86	41	5	22	46	60	58	29	97	26	61	6	48	23	76	43	34	19	73	17	69	22	93	79	86	90	60	51	28	96	39	89	95	80	70	76	54	17	84	75	44	40	14	82	23	42	31	21	92	75	85	3	15	41	9	26	58	42	36	81	78	58	22	48	23	67	8	65	13	53	10	60	38	96	88	43	27	12	50	6	77	31	11	56	43	38	17	10	2	33	81	39	97	16	75	45	89	45	66	91	67	51	10	45	91	70	46	99	75	16	37	77	28	18	3	33	1	98	96	16	59	33	19	3	58	53	60	39	17	28	81	75	37	13	79	9	47	89	66	83	57	1	44	56	57	98	8	23	82	18	84	37	97	46	23	56	63	36	65	16	68	45	2	21	1	21	58	62	19	36	38	
4	3	35	81	61	80	44	6	49	92	65	95	7	4	5	45	13	74	30	87	99	46	2	38	97	59	36	86	22	40	59	76	75	58	61	46	28	95	9	31	37	100	29	58	34	40	55	99	5	23	100	98	69	59	83	59	40	11	89	71	54	83	35	25	78	42	48	29	16	6	95	16	92	52	46	65	58	49	63	83	4	48	91	31	76	45	92	31	47	47	22	84	92	32	2	91	93	36	52	13	9	67	35	88	38	11	51	60	57	62	36	51	8	37	50	10	31	63	51	30	67	96	47	68	21	18	43	58	13	4	61	42	100	60	23	6	29	13	11	86	57	90	100	29	33	49	55	66	54	71	47	11	99	70	56	13	34	56	75	80	77	15	8	15	70	94	61	61	96	2	68	99	2	45	51	20	12	66	49	34	21	10	36	87	32	23	34	75	35	82	61	2	92	8	33	18	55	87	14	97	
90	59	67	43	85	37	35	72	13	39	53	72	20	56	91	39	30	36	64	35	47	48	2	2	70	78	80	49	15	18	73	97	82	90	92	57	57	78	35	49	35	19	96	29	56	64	82	2	71	6	67	62	6	25	9	58	89	45	3	46	57	79	27	22	99	35	40	90	60	93	57	23	77	82	2	52	69	34	12	94	62	40	25	91	90	88	56	67	40	66	48	92	33	46	40	68	32	62	87	36	45	26	17	85	21	7	98	74	86	71	66	38	65	1	38	82	89	80	33	59	18	98	41	14	5	61	24	99	82	60	57	8	67	13	10	58	77	94	95	25	100	73	53	89	1	85	27	8	26	50	85	48	6	86	37	32	52	36	56	1	31	89	24	87	44	59	7	91	32	40	86	12	47	89	90	88	1	20	74	89	19	16	94	90	25	72	60	92	7	27	51	86	80	86	85	37	88	42	97	24	
85	45	8	95	85	11	7	82	14	94	3	5	93	67	39	4	32	99	32	86	96	7	83	64	73	88	52	99	3	11	81	87	59	56	62	25	87	94	72	84	15	76	42	5	81	43	79	27	20	82	97	73	42	22	35	44	43	32	14	83	89	47	69	85	71	81	5	58	46	12	47	53	28	34	62	51	13	23	52	2	62	45	28	56	40	20	93	60	84	37	23	32	46	81	52	84	94	32	51	95	3	94	24	22	27	62	79	76	29	91	80	32	13	90	13	5	59	27	31	92	95	32	67	21	97	13	82	45	33	24	57	71	18	95	34	16	1	6	67	35	95	52	44	31	36	19	39	48	64	12	79	24	73	42	2	98	8	22	67	34	30	68	82	46	43	94	73	85	85	44	99	22	35	8	18	48	22	96	37	61	97	34	3	89	47	8	88	27	15	16	100	14	48	4	6	54	11	23	37	92	
61	14	88	40	63	85	50	40	57	13	65	90	41	67	25	6	77	35	55	64	81	21	5	37	84	66	28	41	95	95	45	44	92	20	28	31	4	62	63	86	18	32	95	50	78	23	53	48	16	100	52	24	17	64	41	20	96	20	87	85	75	48	64	73	9	25	16	61	15	72	19	43	20	75	5	74	52	29	41	50	28	39	11	80	16	16	25	60	3	67	67	2	40	52	85	39	53	41	31	75	7	31	93	90	74	36	42	74	11	99	51	44	27	9	83	37	14	55	67	69	78	27	10	12	36	86	60	16	63	99	4	7	64	10	82	21	49	61	53	51	91	51	22	29	49	99	43	49	18	83	94	28	45	62	80	87	70	93	94	37	17	15	65	10	44	99	1	34	6	80	65	40	19	41	71	51	77	72	98	68	39	45	49	58	28	16	13	15	68	43	53	9	29	1	46	41	40	41	89	66	
14	5	96	40	26	94	3	10	58	35	24	11	20	17	71	36	47	42	75	71	61	60	53	38	20	93	53	74	52	34	22	67	34	32	56	92	5	2	75	83	86	60	64	86	95	7	1	97	88	56	33	50	66	44	4	55	88	5	40	69	57	26	77	55	22	71	53	95	56	42	62	79	22	33	86	83	10	91	77	10	27	88	26	48	55	89	55	69	96	13	8	91	68	84	39	85	81	53	55	100	30	2	93	75	60	50	95	26	37	42	25	67	97	72	60	87	75	92	79	70	56	57	57	23	79	56	68	55	12	63	92	1	65	72	70	60	15	64	9	37	26	97	23	15	22	14	90	76	99	42	8	54	72	27	39	96	35	11	36	8	30	73	26	91	81	98	26	71	13	89	29	82	30	75	47	61	92	9	6	97	19	83	59	53	96	87	73	76	89	57	83	93	71	66	24	35	48	43	16	9	
44	40	40	6	17	58	40	17	47	81	33	98	26	21	86	44	78	99	53	77	72	35	71	92	67	55	78	89	25	22	64	42	36	90	76	82	27	71	74	7	46	72	51	63	4	27	66	36	66	93	6	86	40	2	52	38	98	1	59	3	27	37	90	81	95	76	14	82	51	61	8	25	97	36	70	16	71	7	12	10	60	57	77	12	97	51	97	22	71	5	65	93	32	94	53	81	82	77	72	42	14	3	12	32	29	5	45	81	56	98	83	90	47	18	61	39	81	78	12	44	44	94	14	17	84	86	22	95	53	41	8	31	72	27	99	99	12	19	40	76	98	12	56	21	98	53	66	23	93	84	67	26	35	96	59	47	15	9	55	78	59	42	21	36	3	18	85	54	66	17	71	18	6	1	16	24	90	8	16	77	92	92	30	71	38	65	98	69	5	80	26	36	16	69	62	53	33	42	57	61	
55	31	15	96	19	11	33	55	56	11	94	37	45	26	5	90	34	99	67	89	63	26	28	68	12	81	78	15	97	6	87	25	48	41	81	2	100	21	26	62	69	23	38	65	95	7	47	47	93	58	34	9	71	85	7	48	74	12	45	43	92	34	12	90	88	57	89	28	71	11	95	82	61	29	84	93	52	10	41	11	29	67	9	5	33	44	64	38	64	43	13	36	62	32	41	53	77	45	43	56	81	36	76	38	55	59	93	12	82	18	63	69	64	8	75	76	46	35	30	37	10	57	44	22	18	64	92	70	61	42	38	27	4	16	49	76	16	81	22	95	99	7	68	63	72	4	53	57	82	3	85	76	75	23	37	19	55	76	67	36	63	34	21	46	3	11	76	47	11	46	83	15	27	87	42	51	26	37	94	87	9	39	80	23	56	22	48	12	33	38	97	81	84	15	100	73	67	22	21	81	
37	75	66	21	24	18	55	58	71	33	38	8	94	99	15	5	76	57	82	61	67	84	60	53	51	73	69	18	93	66	43	6	44	68	6	55	20	51	25	81	69	5	24	78	22	84	86	15	45	15	55	45	96	10	95	26	26	66	2	90	28	66	73	25	45	23	32	25	9	37	48	37	71	68	29	5	25	1	19	24	91	26	30	48	4	92	9	84	30	34	53	52	87	51	31	55	72	43	33	42	93	14	79	62	59	22	84	4	8	10	6	88	53	61	60	31	2	49	84	63	61	85	61	35	48	95	65	18	82	68	78	13	75	73	53	44	75	32	44	44	83	94	12	17	10	49	31	50	16	85	63	36	72	21	24	99	42	9	47	78	6	78	87	56	28	13	79	39	44	14	3	54	98	93	99	53	55	33	56	36	15	57	17	25	40	11	2	61	32	64	19	41	15	2	56	93	23	3	88	29	
20	2	94	49	76	86	33	32	37	56	100	96	84	70	36	41	24	60	93	22	28	2	28	56	40	97	13	32	55	12	35	30	48	10	42	12	46	41	10	50	30	79	49	58	30	81	5	6	12	52	50	39	47	33	8	83	79	5	87	39	39	16	87	97	45	58	52	93	34	47	41	18	77	35	91	27	88	35	37	28	21	5	75	2	35	2	84	10	96	98	10	13	36	95	75	100	42	56	42	58	79	23	21	7	41	9	72	58	44	11	85	18	42	12	64	27	72	92	25	63	37	25	7	56	93	65	42	38	99	12	91	51	36	89	4	30	26	86	50	34	84	34	32	8	38	26	22	4	51	54	47	33	90	78	83	36	99	100	30	97	64	4	25	94	27	91	75	7	58	91	47	59	59	39	22	10	83	67	83	42	6	50	36	14	93	44	5	32	52	26	75	79	10	7	41	24	66	99	95	17	
4	97	42	70	28	69	68	85	78	44	62	33	84	50	34	10	4	72	57	3	82	90	15	85	85	38	66	39	76	62	43	57	99	57	21	36	48	69	5	59	84	37	67	1	53	58	58	29	11	10	93	48	51	10	53	40	24	84	92	45	100	94	78	66	65	90	82	36	49	53	52	54	36	40	11	27	6	39	14	10	72	91	52	33	88	59	75	57	83	24	60	9	45	3	7	30	14	81	93	79	36	88	35	2	16	80	32	98	18	50	35	68	45	41	11	44	33	10	90	93	79	41	94	10	54	7	47	9	48	18	53	6	9	89	2	70	97	61	6	96	99	2	10	83	90	72	88	46	80	45	98	20	72	67	78	99	43	76	63	100	59	25	2	36	8	68	55	91	23	59	14	41	88	21	29	23	57	37	90	44	94	63	86	46	94	31	86	73	45	11	61	56	90	33	60	10	2	27	78	34	
49	44	55	58	53	34	14	96	8	31	62	6	39	62	47	54	94	97	23	13	94	21	30	6	18	79	7	39	57	70	85	6	51	70	91	23	18	18	61	49	31	17	5	64	74	43	66	70	69	38	23	28	93	54	33	69	62	99	50	60	38	87	92	15	74	28	51	32	82	2	56	47	68	95	73	17	21	87	3	79	66	91	61	50	55	40	75	98	73	53	38	67	26	94	31	2	3	36	14	23	88	79	57	33	99	68	57	69	49	41	31	18	20	51	59	2	23	80	57	80	45	72	86	32	98	1	25	21	47	37	22	56	34	83	17	48	20	88	14	77	37	80	97	69	29	16	9	59	19	10	8	32	17	33	21	83	16	79	36	6	46	93	21	83	90	32	62	49	25	50	69	91	48	23	46	25	4	45	40	18	66	41	10	26	20	38	40	50	95	91	7	35	43	17	20	91	54	58	29	27	
29	84	38	96	76	84	93	75	31	79	55	82	54	10	96	78	14	45	29	23	96	81	47	48	46	31	59	65	8	95	35	89	4	100	78	26	3	11	11	14	25	56	71	50	28	66	25	23	42	15	39	43	73	74	75	59	84	60	20	90	58	54	59	23	72	78	22	17	88	12	80	59	89	76	17	63	24	8	55	19	80	9	99	50	77	49	22	17	64	4	96	35	17	24	93	93	12	76	79	21	35	57	35	29	68	52	87	98	16	6	5	11	66	87	74	15	7	20	78	36	32	21	9	26	93	20	17	72	78	42	13	7	88	65	5	65	47	72	63	98	23	26	35	12	42	67	25	48	3	20	12	30	74	75	96	15	88	97	74	88	68	98	80	50	34	4	69	16	14	49	46	99	33	52	40	28	73	18	45	1	43	77	53	75	77	12	29	36	36	20	89	15	30	12	90	95	21	51	24	58	
75	96	94	78	69	95	72	41	30	79	88	2	38	35	26	68	69	3	13	47	39	25	14	41	12	25	25	79	22	84	9	63	88	93	2	33	93	4	15	23	14	19	76	95	36	95	1	33	49	87	82	58	40	80	10	62	81	64	79	9	78	18	83	17	92	46	69	96	84	64	1	69	99	96	2	20	84	42	63	36	91	44	66	47	17	56	94	97	1	65	88	88	85	22	90	75	32	38	62	7	2	33	29	64	17	62	75	21	14	18	82	51	81	56	46	51	10	66	1	70	81	90	87	1	77	33	81	49	14	12	14	33	80	10	76	79	67	73	13	8	42	32	15	17	84	54	44	35	75	23	25	92	63	92	21	80	33	16	34	14	72	13	84	88	35	41	44	55	28	10	11	7	58	5	36	100	17	69	84	14	71	46	38	59	54	100	54	59	1	22	12	78	78	98	99	52	90	78	51	15	
5	43	39	2	37	23	38	66	50	78	56	9	31	74	78	62	85	80	36	26	44	30	20	78	39	10	32	75	73	59	74	22	27	100	69	38	48	66	96	56	37	45	32	27	80	75	69	94	50	90	41	97	64	3	67	80	73	67	58	12	23	16	57	58	22	13	66	20	92	4	43	88	36	12	21	6	14	1	59	90	45	73	25	92	85	91	78	65	15	78	43	38	21	27	74	60	29	55	59	41	16	99	68	17	94	93	62	31	78	54	40	44	41	68	46	62	21	47	69	30	30	58	16	12	48	87	56	15	72	64	96	22	78	50	14	87	48	63	71	48	46	96	31	59	71	14	78	51	67	39	57	80	27	25	80	93	60	15	98	17	7	53	94	33	43	60	18	22	2	36	64	57	6	41	80	40	1	13	93	61	42	97	90	48	18	97	37	77	76	20	51	19	88	4	33	18	73	89	97	52	
49	11	16	64	32	74	88	21	87	33	48	36	67	46	12	54	68	36	75	9	80	72	50	3	71	73	28	37	27	41	88	36	93	75	32	17	73	79	71	69	76	92	41	55	77	81	4	92	2	62	22	86	55	25	20	77	77	23	31	78	99	66	97	83	46	23	24	30	79	12	7	86	89	2	95	86	22	85	92	14	41	96	100	34	49	99	87	67	5	28	27	11	7	62	36	50	5	59	22	9	80	68	52	62	93	1	29	77	58	59	83	53	60	75	2	52	89	88	94	47	50	19	27	34	72	44	78	84	37	39	48	51	99	47	88	61	2	28	59	31	78	38	39	52	14	52	58	72	53	8	5	80	98	94	32	80	72	65	81	52	52	8	25	13	90	59	37	87	72	89	99	17	72	29	63	52	54	86	65	15	66	32	69	28	12	48	39	1	43	67	17	50	33	22	11	38	21	32	4	64	
87	28	88	46	95	53	33	24	83	40	1	83	2	64	55	55	35	20	8	18	32	39	50	17	13	35	1	78	76	42	45	41	73	34	40	53	14	31	2	97	40	53	70	69	31	55	23	12	54	39	35	13	87	58	12	14	12	20	85	73	68	10	18	28	92	14	42	33	78	15	39	53	22	43	99	30	74	58	26	12	27	60	31	69	43	2	30	14	4	66	12	51	98	79	42	95	45	93	84	72	32	57	87	75	62	29	15	2	93	98	41	66	17	17	43	16	39	34	92	94	85	64	80	70	80	78	13	60	59	31	68	44	81	77	12	6	28	75	10	94	63	63	17	94	81	83	97	15	33	83	16	3	67	40	60	20	99	17	36	26	98	10	66	38	71	87	28	18	7	81	35	28	16	13	15	16	86	55	91	100	88	33	92	64	43	84	35	7	59	31	42	81	89	86	84	23	13	31	7	26	
86	62	97	37	80	61	75	77	37	76	17	73	3	16	55	100	40	76	85	83	99	55	48	19	42	9	36	13	18	35	21	74	55	86	47	55	20	45	20	82	69	30	53	39	81	7	95	40	34	25	50	50	51	91	5	99	62	39	4	34	37	99	20	17	80	71	92	59	74	36	10	82	13	98	22	33	14	40	23	83	34	25	26	16	41	26	19	6	96	87	50	60	74	76	74	26	81	12	4	58	98	69	98	21	31	77	2	78	34	24	51	6	1	3	85	41	81	59	8	82	33	75	12	27	18	29	14	47	34	32	59	37	76	61	28	11	1	28	57	69	59	50	44	97	53	14	19	76	72	36	6	38	43	100	51	66	15	30	16	10	72	74	69	60	76	92	97	24	11	11	28	84	66	30	71	87	39	52	48	93	39	25	35	51	24	90	36	71	25	36	3	75	84	82	16	73	79	48	16	18	
8	17	24	84	85	16	27	21	36	30	83	56	62	1	20	4	93	32	32	98	88	55	6	32	31	44	34	24	87	97	8	40	9	32	80	51	56	2	32	36	50	50	89	76	71	10	45	93	12	65	33	92	61	44	94	21	54	35	11	68	40	73	78	92	25	66	88	31	59	70	39	63	63	68	51	8	94	59	14	56	68	77	9	51	92	59	42	24	73	38	6	57	86	29	11	37	56	82	8	44	18	49	16	14	78	58	93	34	48	59	80	93	92	17	79	27	83	59	6	86	96	38	47	96	22	58	13	43	64	66	91	13	56	42	36	81	5	21	1	27	89	59	98	24	11	61	98	12	24	95	15	82	82	85	53	15	92	60	82	16	16	34	38	50	100	27	50	60	44	90	85	65	64	28	88	10	100	91	63	27	16	31	71	55	95	40	81	13	40	88	88	74	12	23	88	36	76	32	76	93	
76	52	19	9	99	59	44	100	5	70	56	92	50	100	27	44	45	88	77	84	51	74	32	24	54	24	62	70	98	80	37	60	71	91	45	68	76	58	99	1	44	49	44	66	52	99	31	75	69	8	56	93	3	18	77	35	36	49	4	25	76	13	6	36	95	26	2	15	43	83	24	1	37	58	32	53	85	50	50	53	6	27	99	53	63	61	57	90	39	64	77	62	71	91	99	42	98	18	10	11	50	41	6	18	54	59	98	24	59	65	88	97	23	73	69	46	63	93	63	14	57	16	21	55	53	31	4	15	22	5	43	10	52	26	29	62	77	14	61	41	13	99	37	64	32	1	7	96	68	39	60	65	26	47	32	55	59	5	22	48	87	55	4	49	7	18	30	5	50	70	4	23	63	89	58	28	33	91	68	22	75	68	12	80	37	74	49	40	45	39	83	85	76	58	100	56	91	88	3	15	
74	70	34	16	23	13	11	58	21	61	26	91	67	80	79	47	28	85	10	11	4	41	88	98	46	92	94	80	52	86	56	79	80	47	44	5	92	35	41	43	11	97	53	48	62	51	97	90	79	90	23	78	73	71	74	26	71	9	23	14	22	52	92	36	48	61	56	92	61	90	2	35	19	53	1	74	29	97	100	66	15	50	64	13	5	60	62	54	99	73	31	36	66	80	51	25	83	63	6	85	35	31	5	82	40	83	41	51	80	88	26	93	12	40	36	45	34	38	59	1	93	18	71	74	64	47	36	72	29	32	91	53	8	52	29	17	17	83	32	94	67	47	96	22	44	99	16	76	14	88	1	72	5	67	47	89	92	14	67	35	98	44	85	78	25	29	28	94	2	53	73	19	48	24	78	29	30	82	91	24	82	59	90	27	73	49	87	56	40	40	61	57	97	38	19	37	72	59	27	19	
38	94	81	31	8	43	31	40	17	27	33	36	42	15	80	30	30	4	86	93	62	4	83	69	60	39	70	93	39	67	90	95	32	34	58	71	4	31	44	65	17	77	99	71	74	68	66	41	69	61	51	52	13	30	55	55	96	36	57	38	74	77	73	88	95	27	37	22	81	69	44	57	34	23	11	24	68	54	90	19	61	12	62	78	41	52	81	79	73	85	11	51	38	32	44	67	90	69	88	18	68	18	11	51	44	53	66	6	93	97	93	68	3	56	78	36	43	48	40	80	8	1	61	58	86	58	23	43	26	24	55	36	31	22	2	90	44	54	88	27	48	82	14	42	35	74	28	41	86	46	10	83	75	89	50	80	64	66	61	77	31	38	22	55	37	50	99	6	43	95	57	57	36	41	44	99	82	17	99	77	4	29	80	16	11	92	45	52	4	95	6	81	64	78	25	35	87	88	92	81	
78	92	73	41	16	92	20	71	43	12	94	100	88	29	40	29	51	13	67	93	23	33	32	16	28	61	42	65	18	85	77	68	91	1	39	62	24	53	39	82	4	79	98	83	73	65	90	99	53	43	59	100	3	8	73	70	36	53	35	58	1	86	14	14	90	12	19	45	55	95	94	62	41	28	68	61	38	15	6	38	62	26	24	1	89	100	53	32	73	8	56	8	65	13	27	97	47	64	53	42	45	20	66	81	41	60	17	1	92	23	12	3	25	90	86	84	92	44	72	22	94	36	81	57	24	40	54	24	50	7	67	7	5	31	29	21	24	40	85	89	54	86	78	16	50	69	78	66	73	56	24	96	41	26	76	65	56	41	25	8	77	37	77	48	69	26	66	50	46	3	27	61	25	96	30	62	41	8	97	57	56	9	69	56	68	54	45	67	90	49	94	69	15	80	83	78	10	74	51	79	
18	47	43	48	75	8	27	8	21	42	85	54	19	31	20	83	66	22	82	86	62	92	71	66	37	53	72	48	8	34	34	36	18	37	12	77	7	99	20	21	95	95	99	100	40	98	92	50	33	45	35	74	12	86	79	8	83	86	33	5	3	23	11	69	66	74	39	52	51	6	95	86	30	45	82	31	72	66	79	25	75	32	100	100	1	77	66	62	78	44	43	37	1	90	9	72	18	8	61	12	41	51	87	56	68	75	17	3	17	73	40	56	90	38	31	72	34	12	25	13	58	74	32	65	28	19	2	77	70	38	51	93	47	2	76	30	81	15	97	89	68	8	45	50	64	32	76	31	14	25	9	49	97	22	35	9	68	19	90	40	73	33	28	22	72	92	59	63	77	69	6	13	35	18	24	42	71	37	39	91	2	66	28	9	34	88	73	75	87	28	40	38	58	81	26	44	67	72	53	92	
33	67	36	39	67	2	77	71	33	35	7	13	39	29	63	17	2	99	34	68	87	23	52	35	64	34	23	90	100	83	58	13	69	7	49	81	81	35	67	29	99	67	63	84	2	100	35	95	77	64	4	41	40	94	71	59	90	65	53	9	36	8	68	89	56	72	43	54	89	36	38	12	13	12	56	55	79	8	32	21	34	25	42	28	84	79	83	81	71	67	38	50	38	13	83	60	61	75	60	64	11	59	74	46	46	2	43	85	79	69	36	78	86	31	91	67	60	9	82	43	57	52	41	69	78	73	11	48	93	34	46	68	17	14	87	15	86	8	53	4	52	46	41	81	52	40	33	32	94	77	50	21	41	83	95	99	71	97	5	15	10	6	11	43	21	5	55	91	34	40	39	53	2	2	40	18	64	47	66	77	7	35	46	74	64	100	23	43	86	21	52	67	79	73	55	29	98	87	94	4	
3	19	59	98	31	75	95	80	97	21	59	29	71	42	72	19	68	34	65	78	26	35	2	2	50	21	54	20	19	70	96	30	58	6	80	46	99	82	79	81	43	40	49	84	10	100	27	36	30	93	62	79	9	46	59	97	86	10	26	67	2	98	53	70	59	69	44	24	29	75	50	26	3	61	69	78	65	46	91	28	46	41	59	42	56	65	2	80	45	59	17	10	82	5	37	87	39	76	31	27	44	2	15	51	62	52	16	41	27	46	45	36	84	72	67	55	73	96	4	83	52	43	50	29	46	43	57	91	31	2	42	31	72	38	4	48	7	19	63	29	18	72	3	65	75	5	11	92	21	87	48	82	74	52	43	88	51	13	39	24	72	60	70	19	16	88	8	41	1	3	61	1	74	92	69	93	94	68	73	19	21	99	60	5	3	5	73	2	46	68	57	27	70	58	70	78	27	45	5	14	
75	92	83	27	39	60	30	92	78	32	56	41	15	62	65	54	27	57	45	85	60	12	51	5	63	54	40	40	88	82	60	6	53	49	84	17	37	61	70	51	95	78	94	96	74	89	43	58	40	72	66	62	30	93	96	80	44	89	24	31	51	61	10	16	65	57	64	81	33	36	56	49	64	10	75	62	73	19	20	53	59	10	12	19	46	87	11	1	58	99	10	31	89	59	14	75	81	46	2	72	33	23	7	10	21	89	39	81	83	63	34	43	92	34	60	73	76	85	50	27	92	86	25	31	6	32	92	55	36	10	93	61	17	7	41	29	3	31	90	97	48	100	70	81	55	55	44	63	63	24	50	80	48	19	12	6	37	48	1	36	66	34	36	1	69	51	39	32	76	25	1	27	86	4	23	49	12	72	22	94	79	98	85	89	39	78	38	68	62	89	13	54	31	97	45	30	85	4	64	43	
17	27	17	46	24	62	89	81	45	90	83	65	31	90	67	73	81	48	97	80	75	98	52	42	63	43	35	24	79	62	37	15	21	5	79	68	1	47	5	70	58	2	72	68	17	36	86	83	23	47	52	92	22	3	30	41	73	37	75	90	27	68	27	41	57	50	89	79	28	88	35	46	80	9	44	35	89	73	11	85	75	40	68	97	21	79	77	15	62	53	2	63	80	27	55	92	78	35	49	92	10	80	20	66	47	88	34	59	59	93	38	48	44	12	9	96	85	83	46	17	42	69	38	42	83	54	20	77	33	58	100	61	50	11	37	95	92	38	65	66	29	76	79	75	99	96	22	99	28	91	90	89	23	56	85	49	36	77	5	3	85	34	6	34	56	91	78	55	96	73	76	60	80	48	40	71	54	88	62	4	18	20	72	93	8	45	85	3	32	17	62	93	29	45	91	31	80	25	41	69	
33	78	18	88	87	31	99	8	97	90	54	72	98	80	64	23	5	52	70	8	72	61	91	22	5	94	61	39	75	45	40	12	80	25	77	64	24	68	35	37	76	28	54	58	58	19	91	48	74	71	73	17	24	61	12	74	76	30	3	85	26	30	18	81	66	47	39	14	12	52	55	10	77	60	36	41	65	2	39	19	89	95	76	57	88	83	23	42	50	33	33	51	33	31	67	79	12	30	84	25	90	57	78	1	69	94	92	8	6	63	59	40	72	25	82	4	50	46	38	89	30	87	94	13	98	20	68	74	85	32	92	2	93	52	79	64	95	42	27	74	37	62	80	29	94	21	81	87	11	1	87	13	94	56	35	75	31	61	18	54	88	25	68	59	65	7	28	83	58	62	87	96	81	86	38	38	66	61	36	16	98	25	73	56	23	54	53	49	22	36	11	31	78	62	56	26	41	70	48	79	
22	65	85	26	39	84	93	34	57	65	58	79	95	6	41	60	64	72	15	17	77	38	16	21	54	79	26	12	33	74	73	28	86	98	9	73	99	95	52	1	88	4	37	29	98	16	78	89	44	37	48	33	53	40	92	70	47	48	14	5	2	54	42	16	61	92	33	30	59	28	37	75	59	17	82	65	2	28	17	52	16	46	6	51	53	7	31	38	90	73	81	30	59	92	69	70	44	37	63	63	93	80	36	70	30	47	94	82	86	14	1	80	22	13	43	83	27	17	89	9	92	30	27	26	30	91	86	13	72	43	83	68	63	65	55	75	35	84	53	27	48	81	90	98	80	85	6	58	42	48	49	50	85	50	36	64	15	83	89	26	53	16	40	39	8	30	32	16	93	40	99	62	31	9	71	27	90	32	10	86	28	10	52	88	64	7	75	17	83	83	9	16	66	31	74	67	50	48	78	86	
19	14	39	93	9	4	3	68	30	20	34	86	35	76	97	41	98	86	87	2	85	67	5	6	83	56	3	44	52	65	43	75	79	31	84	71	65	64	42	71	83	35	20	25	70	44	14	44	89	83	73	16	2	46	63	63	73	30	4	47	16	20	50	62	35	67	4	53	29	79	59	58	27	73	26	97	4	70	76	62	57	65	53	88	29	39	7	60	26	54	39	67	18	95	78	56	44	10	61	37	79	45	32	81	30	50	85	33	96	57	93	8	94	58	57	52	92	42	30	92	24	60	73	15	18	70	12	86	48	96	82	12	23	3	61	16	93	10	90	7	60	56	2	89	28	85	5	17	52	77	69	7	54	17	93	69	45	100	84	93	4	42	75	85	38	83	53	21	85	15	81	42	62	54	5	41	48	98	12	31	54	42	59	88	47	91	68	29	53	89	63	61	11	88	95	55	13	54	40	79	
27	50	28	85	23	23	21	83	52	22	11	68	91	6	24	21	33	71	88	27	7	59	95	25	96	96	26	90	83	73	99	97	77	98	18	4	25	64	48	84	97	45	11	17	83	46	69	91	75	63	75	27	88	33	4	84	80	30	5	76	22	90	28	55	82	74	52	39	82	85	32	12	47	90	71	89	64	89	46	73	5	85	67	69	62	24	3	42	2	39	97	96	98	32	27	57	94	57	85	25	41	72	21	90	58	19	64	75	38	16	18	1	36	74	52	43	86	69	87	30	60	90	73	62	13	39	62	83	18	20	71	47	70	54	35	22	33	55	45	92	84	42	10	4	99	71	50	90	11	97	57	6	37	20	97	2	62	27	1	91	77	8	11	81	79	64	23	91	61	86	38	77	25	77	70	66	11	67	44	65	43	62	23	33	43	57	7	50	96	72	6	63	92	6	100	19	39	82	30	70	
32	89	28	100	49	26	70	51	87	59	90	70	71	59	4	31	47	75	76	3	35	53	19	74	91	60	17	24	55	13	26	4	76	84	56	78	69	87	81	5	19	82	95	24	91	57	52	16	69	12	27	70	74	39	18	44	90	72	79	74	59	23	74	88	40	31	8	22	72	77	79	42	54	58	82	75	23	71	97	33	72	33	34	76	38	34	86	79	8	16	16	47	41	67	10	57	14	44	61	7	94	86	9	87	16	27	80	12	47	21	71	61	81	32	41	50	25	38	94	27	73	73	11	87	12	58	30	55	52	12	19	12	59	9	92	40	3	6	45	30	90	87	19	99	34	80	54	81	83	9	96	10	70	18	19	79	96	28	12	84	57	72	86	71	75	77	54	26	38	64	96	62	66	39	26	46	88	81	75	30	75	10	76	81	29	9	91	99	1	100	65	66	7	23	19	54	91	52	31	19	
31	8	29	5	21	22	55	57	78	9	76	67	58	77	64	31	91	5	48	17	95	38	98	80	51	2	59	93	34	69	84	57	89	94	92	35	92	20	52	38	70	3	20	66	35	74	1	76	39	41	95	88	36	28	93	60	15	76	90	71	72	22	89	23	63	31	67	54	65	81	34	10	46	27	8	52	51	29	74	36	63	92	29	87	12	72	77	53	9	63	75	68	14	21	12	23	17	22	35	56	10	32	26	1	12	34	70	27	96	55	74	58	57	65	69	29	31	42	13	26	15	62	87	5	33	1	98	89	20	92	51	77	72	63	83	32	7	34	5	8	96	43	24	23	1	60	92	39	73	29	88	17	7	61	88	68	74	99	69	99	39	90	45	15	51	65	61	45	100	53	97	75	34	48	18	65	55	40	77	40	16	12	46	91	73	67	46	7	38	56	56	83	44	48	39	20	54	4	92	64	
6	8	69	51	75	79	80	98	7	44	42	61	32	94	40	93	6	97	80	34	28	81	40	69	43	71	73	38	29	47	62	93	98	27	44	41	7	58	40	93	98	99	90	1	95	44	100	41	92	96	65	66	66	46	91	30	69	47	13	7	91	40	54	9	65	16	54	96	98	94	87	22	93	83	67	22	98	15	27	69	80	92	47	67	4	7	11	29	36	96	45	21	5	97	36	79	84	18	48	93	54	98	93	77	48	72	80	18	22	53	64	86	24	28	78	46	6	83	98	30	18	13	12	33	74	54	11	69	75	25	56	47	66	73	20	25	64	34	20	48	76	31	56	65	27	96	29	45	75	42	67	9	87	88	51	57	76	12	59	39	17	33	47	63	30	67	10	55	99	12	92	57	19	73	63	51	69	94	5	73	13	72	35	25	31	16	72	96	17	27	91	83	81	44	89	18	4	79	22	81	
86	15	62	59	26	82	3	10	52	60	29	65	14	21	30	95	40	26	14	43	87	64	93	26	58	91	73	89	17	4	74	95	54	76	1	96	80	75	57	23	91	26	54	18	5	79	53	3	25	73	38	40	71	60	68	31	79	56	4	97	45	17	32	7	60	44	61	38	18	49	70	90	67	37	47	24	34	67	65	52	41	54	98	39	21	47	61	11	42	13	89	18	61	13	86	56	86	64	95	65	7	1	20	33	87	44	78	29	58	31	47	58	40	19	73	43	32	54	20	91	70	39	58	1	54	59	9	49	16	40	34	57	50	22	25	34	88	22	89	68	41	64	31	77	79	39	24	40	42	64	13	73	53	60	61	79	34	35	42	23	39	6	78	1	35	30	26	10	97	85	90	37	99	86	40	19	98	30	19	68	49	86	92	81	33	62	47	73	90	94	1	28	12	55	96	96	24	9	16	35	
5	73	12	38	22	10	38	52	25	46	8	42	84	27	14	9	68	93	17	94	36	95	62	70	48	15	77	71	1	81	91	77	16	77	88	58	31	21	98	99	37	83	87	24	95	85	11	21	43	68	59	46	52	57	11	46	79	80	51	30	54	78	100	50	50	67	57	83	33	25	14	50	61	28	50	22	7	16	86	45	6	30	79	68	39	96	24	21	51	67	45	43	24	82	60	68	22	92	65	42	47	25	17	81	56	78	13	14	13	4	36	23	54	2	11	57	92	20	68	86	12	62	30	98	11	9	92	81	14	97	63	18	25	53	9	34	91	45	83	58	56	1	36	4	33	59	36	11	59	30	16	73	11	92	82	55	32	88	36	17	2	80	31	75	36	95	47	45	75	15	47	79	45	9	33	83	100	52	95	3	1	6	62	83	79	71	78	28	16	40	46	10	82	19	20	90	82	16	83	38	
92	26	100	58	60	34	15	25	34	36	82	34	96	55	9	11	47	45	60	60	76	6	99	5	39	77	89	81	69	46	21	22	95	46	63	10	75	39	26	84	74	9	42	68	66	96	31	64	95	3	94	38	17	38	40	24	65	41	18	54	98	14	74	22	15	49	32	1	23	14	44	92	70	86	36	78	5	76	96	48	67	44	41	36	77	43	90	7	29	38	66	58	99	45	16	55	95	70	18	38	9	21	72	49	15	84	60	47	43	15	72	43	24	77	48	91	55	77	74	13	86	83	55	89	69	49	81	49	28	84	76	7	79	76	73	1	87	55	9	36	58	51	49	53	48	70	88	66	59	57	90	98	51	6	24	57	92	53	57	20	80	14	54	4	94	91	32	78	4	12	5	60	6	19	52	77	99	67	13	97	47	37	15	57	33	43	95	42	6	79	38	99	3	57	15	36	87	46	17	70	
95	80	6	18	38	69	81	14	1	57	36	1	16	76	22	73	10	86	19	56	14	96	33	69	37	90	54	87	22	88	93	45	58	72	78	24	3	53	40	76	53	75	43	3	50	21	40	76	40	41	41	47	35	17	75	12	38	64	42	22	61	72	99	58	33	17	42	38	55	5	91	42	80	41	47	31	39	100	90	16	70	48	38	69	68	22	99	97	82	85	91	13	82	33	63	12	53	61	82	99	48	47	78	14	72	37	59	34	64	22	29	26	50	70	93	31	36	33	85	72	48	18	52	20	75	16	14	28	62	49	41	85	83	82	96	45	68	60	21	60	100	66	30	80	75	57	43	22	62	57	73	11	10	16	61	95	79	36	52	25	82	53	43	89	16	89	67	11	15	50	72	85	62	42	36	8	50	34	31	91	93	42	73	42	71	14	43	45	3	49	25	25	96	92	7	79	58	49	97	53	
30	1	13	34	39	91	40	78	32	6	50	41	83	4	98	59	21	12	35	71	79	10	60	69	1	70	19	91	83	32	13	25	65	54	92	50	79	35	37	72	94	89	13	34	80	11	40	52	75	86	18	78	99	81	100	10	71	87	28	74	44	54	57	50	58	34	39	94	11	36	14	8	15	78	26	22	42	19	42	13	100	93	19	79	16	78	10	20	39	38	67	4	60	24	99	63	41	42	68	12	18	37	42	12	64	39	31	32	66	5	32	24	7	38	34	2	10	58	32	43	96	20	12	92	25	40	97	84	49	24	35	99	40	39	37	81	10	20	69	60	53	100	11	43	26	14	48	53	70	53	100	41	51	88	63	59	48	96	58	68	30	57	49	52	68	94	57	64	40	99	20	45	37	52	74	6	29	56	79	11	98	75	12	78	3	84	41	14	38	80	4	12	18	74	12	51	85	20	5	4	
52	94	75	10	88	77	35	56	49	86	18	33	32	72	83	85	94	46	58	86	82	66	65	30	24	93	5	99	88	64	3	30	54	56	66	45	53	60	89	35	11	86	23	91	36	84	68	55	45	14	21	76	26	43	90	38	36	51	69	28	92	40	20	45	60	23	82	67	6	40	87	82	49	71	49	98	17	91	87	22	15	28	9	54	27	89	80	20	36	8	51	61	57	57	4	92	8	38	78	91	53	22	13	14	96	48	68	59	91	43	91	55	67	51	46	42	93	100	92	83	82	71	19	51	56	34	63	76	41	35	78	38	30	67	73	6	96	80	75	38	68	57	30	75	48	9	65	68	12	3	78	23	58	83	37	68	93	32	51	70	29	31	26	78	72	69	21	15	36	70	5	22	54	9	23	54	98	26	54	9	18	25	96	80	11	4	81	9	19	30	42	39	17	68	57	90	52	32	24	29	
5	42	75	59	25	14	50	96	47	2	61	66	30	38	40	43	13	61	45	10	56	38	81	88	19	28	63	45	19	16	18	78	30	30	39	11	59	55	80	94	49	80	48	8	28	57	57	36	81	75	48	93	46	40	13	70	71	1	42	32	52	98	50	88	41	28	40	43	60	64	89	2	88	26	26	3	41	94	94	52	94	57	4	41	27	78	24	59	67	3	10	42	8	71	7	1	31	27	13	51	6	56	7	33	22	51	44	37	13	10	53	36	7	93	68	31	61	61	2	68	12	47	12	77	47	57	18	7	85	99	38	46	40	12	59	94	78	41	65	38	75	65	82	61	9	13	52	28	60	33	34	44	20	32	48	80	9	68	21	84	40	82	51	84	9	17	27	42	49	63	18	28	41	99	50	93	4	71	91	83	93	29	18	61	63	24	14	79	7	19	67	94	66	13	10	73	81	9	25	88	
82	87	27	19	82	40	69	47	4	37	93	37	28	24	25	95	24	3	31	97	78	47	47	10	84	40	5	72	62	60	17	21	54	50	17	35	56	41	84	76	30	65	45	68	12	79	84	74	45	10	48	32	43	7	3	10	4	93	75	45	52	60	94	85	67	52	98	84	7	17	79	66	100	62	15	38	98	12	69	5	23	87	50	19	42	76	8	48	58	91	45	100	67	18	64	65	72	4	75	36	9	34	88	80	78	99	81	76	56	52	8	31	5	47	17	72	17	50	93	63	23	70	59	72	66	50	25	79	83	40	30	40	46	79	56	42	4	33	11	81	40	54	84	41	62	69	100	11	67	11	30	96	62	97	51	48	69	26	72	8	91	26	65	49	85	8	84	20	41	80	65	76	87	5	7	25	52	2	36	87	80	83	38	3	37	63	19	54	97	71	94	67	28	67	72	47	66	92	97	64	
7	100	88	83	98	60	9	21	93	7	16	29	74	35	96	46	69	42	62	45	64	99	5	69	46	90	14	46	73	18	32	17	89	21	75	94	34	75	60	3	17	32	95	52	69	68	2	92	21	25	92	44	98	99	65	1	49	29	10	89	35	94	100	83	68	68	69	80	88	97	79	20	87	18	58	19	30	87	48	98	55	2	84	82	59	57	90	27	88	28	91	60	13	95	10	72	27	16	73	89	89	83	65	10	50	47	77	61	42	26	52	22	31	2	14	38	7	11	52	65	3	54	9	63	73	22	53	76	82	39	67	12	79	90	33	26	22	59	93	36	8	99	51	77	47	47	94	51	22	76	74	55	43	34	66	83	7	50	43	15	74	36	26	71	5	60	46	70	77	93	76	44	50	3	14	49	56	22	24	96	57	17	59	67	12	64	42	21	31	82	39	96	30	93	87	81	47	73	51	56	
100	99	35	41	74	76	34	47	59	50	81	18	60	82	43	35	1	100	33	47	77	14	23	4	71	86	94	71	20	67	75	43	93	72	98	13	68	57	47	10	11	84	73	47	100	1	63	47	54	72	63	36	54	64	31	26	42	5	83	82	40	23	12	5	83	13	19	4	22	33	37	65	98	84	68	21	28	20	51	88	71	34	81	74	33	67	100	71	44	97	70	23	10	34	82	70	99	49	53	4	2	17	5	76	14	88	12	28	36	29	29	2	29	76	87	4	41	37	79	55	61	35	92	83	20	25	9	73	96	37	73	59	56	33	45	18	63	80	67	13	86	29	35	3	95	47	28	53	66	79	77	83	69	58	87	46	30	43	54	42	100	28	83	75	2	100	93	56	85	98	60	72	49	24	12	40	74	95	83	96	74	47	19	94	46	9	5	71	76	84	89	6	55	51	92	72	10	47	8	26	
51	21	26	71	17	40	17	26	37	33	81	98	65	100	11	58	45	93	62	54	60	3	8	80	85	58	44	29	13	65	76	4	36	76	97	62	67	24	27	4	17	7	39	10	32	72	89	45	55	80	14	93	80	30	48	59	57	82	41	37	57	28	30	55	55	65	23	74	24	97	83	17	33	98	43	50	17	9	12	63	37	21	35	44	51	11	84	100	83	70	46	6	58	16	21	60	99	76	44	30	70	48	65	79	87	61	6	11	81	62	17	90	21	30	15	48	29	95	64	75	16	22	40	32	25	34	34	1	45	81	6	94	42	26	18	78	34	92	97	34	30	47	35	5	36	58	52	75	88	55	44	79	44	34	70	25	48	56	9	2	39	55	27	69	67	27	51	21	97	7	24	10	59	42	49	59	6	9	83	62	63	42	32	83	67	52	95	11	25	39	5	99	54	50	25	18	18	91	91	47	
28	9	36	52	89	27	36	9	75	99	71	13	42	11	79	10	80	27	15	98	1	19	23	90	15	18	71	86	15	39	55	12	79	23	78	15	72	80	41	42	14	50	89	31	65	92	94	70	60	80	18	32	64	35	17	91	82	54	22	88	98	65	100	20	42	1	32	36	73	80	19	13	44	71	95	78	45	71	44	49	66	21	24	51	100	41	91	45	73	66	99	29	77	1	49	15	12	16	75	26	97	20	47	67	48	2	28	1	5	77	17	44	24	81	86	7	3	92	95	35	93	33	3	7	64	88	91	87	68	10	96	78	4	22	63	34	67	44	23	21	94	73	59	1	13	75	61	15	34	71	31	33	56	22	40	98	54	67	2	70	39	87	64	59	69	78	71	18	51	62	57	53	64	91	80	96	42	27	36	75	30	59	83	53	98	10	9	6	4	78	6	39	14	14	16	78	83	54	68	21	
35	93	96	20	77	43	87	18	89	65	77	55	87	40	37	3	98	69	68	41	65	43	2	85	8	29	82	7	28	46	8	8	33	4	97	86	83	89	25	11	53	85	9	55	96	60	19	59	95	79	1	2	83	63	40	44	74	67	14	73	50	3	30	62	44	77	57	55	54	21	18	54	26	29	16	87	90	5	64	28	50	45	28	85	55	89	45	97	27	77	75	13	94	6	61	64	19	81	32	86	61	88	72	73	63	28	75	28	21	14	83	54	40	15	8	19	31	38	42	84	10	55	6	34	34	22	45	55	60	20	80	41	33	59	80	92	44	90	55	85	96	33	29	29	12	61	18	63	58	87	43	9	44	64	76	91	86	83	22	56	53	69	60	28	65	41	26	91	61	93	7	4	56	18	4	54	45	77	71	1	3	60	36	40	69	20	30	27	13	12	33	71	60	37	100	33	93	33	9	28	
4	29	87	10	26	79	1	50	19	66	32	60	97	87	40	82	20	73	64	11	74	46	99	57	66	88	22	94	64	54	43	14	52	50	37	99	90	27	41	34	18	32	96	11	43	61	55	77	68	86	6	50	59	94	6	39	48	93	24	2	58	93	96	45	20	49	43	11	1	27	28	4	68	64	63	32	30	22	39	83	20	51	58	8	98	87	37	31	23	59	16	11	95	67	53	9	40	22	44	50	6	14	63	13	71	59	10	57	1	61	32	88	85	97	53	63	90	65	27	53	90	45	45	5	20	89	83	9	21	69	75	65	11	93	67	97	23	55	5	23	51	42	23	32	65	35	94	46	33	75	19	20	51	6	95	21	59	52	40	29	97	18	60	59	17	41	67	11	16	38	34	70	72	42	49	37	85	17	85	58	72	34	92	35	66	52	59	19	34	89	60	56	95	25	52	51	52	32	48	53	
57	62	12	96	61	76	57	24	54	85	20	20	90	57	38	88	98	94	35	95	97	90	18	89	61	74	58	43	14	17	29	75	78	31	10	76	91	73	82	36	53	98	91	38	26	24	72	10	76	66	100	76	58	76	90	87	54	55	32	77	12	89	25	16	13	16	25	26	91	18	37	41	33	33	84	44	22	92	77	79	53	48	41	90	61	21	6	6	51	93	37	86	25	35	51	37	76	95	44	34	96	77	98	8	48	31	94	69	27	41	94	27	89	89	4	29	97	66	74	27	7	92	30	8	48	68	58	36	60	60	38	38	81	36	13	34	21	85	23	43	49	13	26	4	6	22	12	89	2	61	60	42	14	43	62	12	99	30	87	78	6	86	66	96	73	54	21	90	40	10	74	40	11	36	74	75	66	37	11	50	31	42	81	1	15	29	30	23	77	2	62	98	94	30	30	37	93	83	85	37	
56	99	36	74	19	22	1	73	86	11	27	56	35	26	98	85	23	16	11	79	75	97	51	40	64	71	21	31	59	2	1	70	71	98	28	66	71	19	94	10	66	79	62	56	90	2	64	82	90	48	99	35	54	12	11	44	85	39	8	91	64	20	60	40	37	85	97	33	29	33	24	72	35	79	11	46	7	81	47	69	62	17	19	17	36	99	99	3	49	27	77	57	100	95	91	26	98	99	83	84	99	37	23	42	46	78	63	59	89	13	67	48	54	68	52	18	48	29	37	48	60	84	90	96	76	41	56	58	100	53	68	75	40	8	86	30	94	96	51	49	57	36	16	67	31	61	41	7	61	67	14	23	31	32	58	25	7	51	63	100	95	46	91	88	97	23	60	68	35	33	6	34	5	76	93	80	8	89	76	7	76	60	10	94	55	7	45	80	50	100	30	53	62	84	43	61	83	35	7	43	
65	83	57	52	36	36	9	22	8	30	64	67	92	42	39	85	16	71	1	13	71	48	62	30	52	88	80	92	17	36	21	57	1	29	7	7	75	7	90	90	97	87	100	12	89	77	8	53	91	8	58	52	62	27	39	80	70	60	74	5	14	85	45	56	39	31	35	22	99	18	92	36	72	29	80	35	87	48	68	36	38	16	59	66	3	23	68	51	21	75	28	90	73	52	51	97	12	7	94	34	2	80	26	32	96	38	63	50	59	99	47	82	86	8	46	72	100	76	62	81	56	42	87	43	31	64	1	51	66	100	57	65	54	99	29	47	73	33	42	13	36	3	21	68	56	73	35	28	79	77	94	57	34	77	68	44	23	66	89	26	14	50	69	47	71	85	5	65	13	74	76	93	44	88	41	24	23	63	16	27	16	14	30	72	91	80	99	7	24	57	5	16	7	87	51	87	84	32	77	25	
3	65	59	39	19	55	99	97	44	92	15	57	52	80	95	72	25	6	88	54	97	42	22	48	45	94	28	52	71	40	83	22	97	13	16	43	12	60	49	42	43	41	95	21	24	47	16	100	3	76	16	94	2	35	95	55	35	21	28	50	34	18	76	84	7	68	95	48	100	45	86	8	33	86	82	44	36	62	24	25	6	22	40	67	10	72	23	56	80	78	18	100	53	44	22	23	56	68	12	32	10	97	35	15	31	39	17	44	98	37	96	14	78	45	41	3	70	79	80	90	2	10	19	24	56	31	36	49	30	11	30	82	84	51	35	35	59	29	23	26	16	21	83	83	5	24	8	18	20	20	57	53	79	54	81	60	78	43	52	14	33	91	78	51	94	52	93	99	97	67	95	53	15	85	74	34	4	76	62	60	64	19	44	36	99	89	17	52	85	64	44	20	77	82	96	69	24	65	1	11	
17	44	20	58	11	96	42	36	71	46	35	45	25	48	11	100	46	71	39	40	90	17	3	37	56	47	80	30	50	47	34	36	59	2	38	96	92	84	89	90	9	34	38	16	30	80	91	91	26	65	22	77	87	75	62	64	99	8	35	58	66	55	99	23	35	44	74	95	11	4	18	67	55	73	37	33	18	61	21	18	95	98	93	80	82	2	2	36	100	58	3	29	89	31	29	15	21	63	17	8	83	69	12	17	59	52	94	97	24	64	22	42	16	50	81	65	81	75	29	98	89	4	99	23	65	77	4	53	80	43	75	61	41	77	3	5	1	29	32	4	67	68	83	51	38	48	71	31	53	49	87	99	2	51	92	51	2	10	53	1	80	96	32	21	7	71	91	42	54	44	26	45	43	94	75	29	54	44	71	34	68	46	5	98	5	21	14	40	58	41	56	85	56	93	10	54	31	85	13	72	
10	55	32	35	50	53	61	65	77	53	18	54	43	82	74	59	1	88	44	54	79	84	15	99	95	4	95	95	32	89	1	59	91	75	33	24	99	88	52	68	14	74	34	92	19	77	40	32	53	88	12	31	38	25	30	51	96	2	77	3	80	15	38	98	65	81	56	43	27	96	92	15	4	32	99	6	41	1	96	15	73	30	70	31	7	29	53	49	35	52	33	33	1	36	49	22	98	72	10	38	90	29	42	84	71	14	81	53	11	32	44	35	50	64	52	75	55	99	94	80	28	99	34	1	27	79	33	48	75	26	48	9	62	47	95	36	13	12	65	6	31	56	5	38	56	3	8	42	66	91	50	21	49	84	9	74	28	8	99	16	60	11	25	2	81	34	47	64	89	81	18	48	15	73	84	70	93	14	74	41	60	4	68	46	54	50	84	76	13	67	61	54	63	78	58	2	8	28	53	86	
54	11	93	51	1	42	66	28	44	50	48	5	25	44	88	29	16	57	7	47	97	23	5	36	47	47	71	6	35	88	14	56	36	68	88	38	98	69	83	8	35	94	80	10	22	28	100	64	65	16	52	1	21	54	63	66	67	48	66	87	85	70	7	4	46	68	14	10	9	75	61	88	78	7	88	2	8	17	64	54	11	49	24	13	51	9	72	90	53	25	1	49	85	19	99	14	53	4	49	26	72	16	67	54	14	52	83	14	61	1	99	74	69	32	40	5	55	96	21	85	85	71	80	60	96	39	59	70	57	14	9	13	69	47	47	58	75	61	35	22	61	73	24	48	3	17	16	1	60	65	48	24	81	23	17	98	1	83	82	76	9	31	38	70	10	21	98	75	87	20	68	32	93	53	32	2	16	70	62	100	65	6	59	43	100	5	16	12	73	92	43	38	55	68	71	21	88	14	67	42	
68	30	21	61	6	40	80	21	33	55	90	90	58	28	57	20	50	3	52	52	63	90	73	19	70	7	58	52	9	49	50	17	17	34	27	42	63	12	74	18	55	63	60	48	67	59	8	5	77	12	30	1	19	20	87	64	86	74	55	85	23	31	65	9	31	71	72	62	54	51	27	59	6	97	33	5	48	14	100	32	71	30	78	21	25	96	58	6	2	2	98	55	27	39	43	90	66	53	31	22	88	9	25	44	78	58	97	19	98	7	16	28	78	76	33	11	44	22	81	6	5	50	54	92	29	24	36	88	43	48	65	52	100	94	28	52	61	18	94	12	41	35	8	71	8	16	20	9	40	1	13	95	77	11	58	59	18	97	97	46	20	61	93	6	43	30	8	77	89	55	7	29	69	100	36	27	96	63	61	91	80	89	32	89	47	50	30	37	87	80	55	53	1	88	20	93	56	12	59	85	
6	22	1	3	68	88	36	63	27	8	72	89	60	35	93	10	29	3	31	73	85	46	14	93	7	5	41	8	79	20	87	14	81	2	47	80	49	31	63	13	75	25	36	74	64	75	79	96	15	6	6	40	57	68	61	73	42	45	56	74	24	3	58	13	28	5	87	65	26	68	73	34	38	22	64	4	57	69	41	55	17	2	72	21	73	66	39	51	52	36	96	66	8	48	49	76	23	57	50	4	46	59	48	35	51	72	15	76	12	96	76	41	66	31	32	92	63	99	87	58	17	90	81	39	45	40	11	66	22	53	68	28	11	51	53	75	15	63	46	89	7	28	18	31	42	1	9	71	50	23	11	95	45	77	90	94	55	44	2	26	10	1	64	10	51	6	62	73	69	61	15	51	92	28	49	50	66	33	62	72	58	85	3	29	10	96	45	98	84	33	97	100	43	76	85	87	60	92	68	63	
55	48	72	44	6	56	18	100	13	73	19	81	6	6	89	17	40	86	66	82	19	62	7	25	80	88	78	5	43	42	48	44	40	12	79	59	81	78	53	29	77	48	73	19	90	67	95	81	55	2	12	40	37	2	37	88	82	90	45	30	87	65	83	90	16	64	56	55	70	45	11	1	8	86	40	1	92	55	37	96	41	8	31	89	11	15	93	92	52	13	16	54	26	64	18	99	93	82	16	51	80	19	3	75	67	53	33	72	24	68	14	86	73	14	94	21	63	28	11	42	52	11	83	73	75	42	59	59	62	70	12	60	67	22	66	88	34	58	33	2	61	79	20	53	66	60	40	50	79	3	26	59	54	18	7	6	70	8	11	29	65	39	81	90	20	76	99	41	23	74	68	33	36	52	27	94	79	72	73	55	47	68	68	97	2	65	1	56	32	43	79	71	50	88	55	100	97	62	98	50	
20	20	97	32	98	2	39	83	41	21	59	2	64	20	53	90	57	52	45	17	74	69	63	98	100	89	60	53	97	41	61	75	86	50	84	68	74	84	13	86	15	63	35	92	93	36	87	76	76	53	86	3	44	3	79	50	70	93	18	8	29	13	14	48	100	86	68	93	2	27	8	9	58	74	6	82	11	54	82	35	67	45	96	22	32	31	80	13	44	87	59	71	50	12	83	42	84	3	85	54	45	10	20	23	39	8	83	36	95	39	88	46	56	25	77	87	24	91	1	48	77	97	9	29	42	64	30	57	57	53	3	33	11	76	79	55	71	87	75	61	67	77	20	49	91	65	1	23	3	68	3	42	69	52	30	41	77	68	20	17	78	63	24	89	22	76	72	43	55	31	18	86	93	83	29	76	40	30	92	27	14	54	75	89	86	70	74	9	41	10	94	44	47	52	62	35	2	70	4	95	
7	3	68	38	96	37	87	4	88	53	9	20	99	3	52	12	15	14	11	31	68	68	78	24	4	67	83	8	12	92	41	28	94	85	2	27	38	75	93	55	73	26	61	92	68	35	51	4	9	42	20	59	84	69	31	18	17	44	12	9	89	79	36	72	19	61	30	39	29	54	4	27	22	64	16	18	63	80	15	53	76	68	43	15	72	35	23	68	44	9	33	47	85	79	94	8	67	85	63	47	98	8	12	25	57	5	16	6	15	60	1	10	24	9	50	48	50	90	87	49	69	57	96	88	67	13	16	90	73	100	78	34	30	74	77	44	31	43	19	60	14	94	57	87	50	48	13	11	26	3	32	79	86	70	47	30	26	75	29	75	55	50	7	43	73	70	90	3	84	38	76	14	17	18	99	2	50	45	60	25	63	22	68	56	2	49	82	90	30	79	52	65	75	87	94	96	15	20	4	99	
65	87	63	78	81	80	25	58	89	90	24	42	93	93	21	10	12	7	18	71	54	43	45	16	88	13	19	25	92	11	7	77	37	47	91	47	67	56	44	82	23	38	44	42	21	95	13	85	10	55	1	46	35	31	22	48	18	2	69	71	73	69	61	22	34	27	18	75	52	31	73	62	62	94	76	29	65	96	75	80	84	7	37	48	94	16	94	9	65	30	19	11	48	24	28	54	26	76	36	33	20	32	30	92	80	80	3	38	82	65	72	83	96	49	21	82	80	89	13	50	7	6	10	17	9	73	73	98	11	41	23	44	96	55	83	79	33	9	20	42	23	57	53	99	21	24	95	95	59	42	79	33	55	51	78	97	3	97	48	9	99	5	21	44	74	67	57	39	37	52	30	75	49	57	36	11	37	3	59	43	98	79	52	72	39	84	41	98	55	14	39	59	20	25	26	38	40	8	32	87	
98	97	67	81	56	24	42	1	66	35	61	60	10	6	15	58	3	92	23	61	35	61	81	15	69	95	55	84	88	54	63	45	93	45	71	94	56	80	29	52	16	52	71	85	57	96	43	21	84	85	50	33	37	19	73	86	52	32	7	69	32	13	58	26	43	54	23	55	37	81	35	15	19	73	49	49	76	45	98	1	70	1	24	86	93	25	87	44	97	50	3	99	6	73	45	72	35	75	72	90	72	17	74	63	27	98	67	43	82	26	5	75	41	97	41	74	48	23	94	85	54	37	70	7	87	53	11	51	10	51	58	20	62	43	69	44	56	44	51	14	31	34	79	2	49	81	77	45	54	69	86	55	80	24	98	16	32	51	58	79	17	59	81	55	41	45	4	38	3	81	72	25	64	70	52	52	58	2	31	79	30	7	49	75	44	70	74	57	63	20	27	85	19	71	40	11	31	68	87	18	
46	62	98	83	46	87	79	57	44	32	71	26	12	49	20	51	93	63	91	76	91	58	32	75	78	23	88	37	44	30	13	26	13	44	87	18	12	98	72	73	94	1	10	23	84	7	86	76	76	11	64	29	44	87	5	51	72	74	32	12	53	90	9	11	23	12	37	73	48	7	93	23	82	30	82	51	59	89	2	79	90	1	3	52	49	77	95	8	78	2	58	70	86	42	62	27	96	23	21	78	67	33	75	92	25	94	40	100	85	47	67	89	26	22	83	52	19	56	56	50	17	20	18	61	88	60	92	6	16	88	83	32	97	34	58	34	22	64	6	43	32	77	54	51	84	23	11	77	18	52	70	51	24	77	2	67	88	8	80	79	89	24	50	34	30	37	99	67	87	53	79	76	69	61	34	81	75	74	37	17	39	35	97	24	43	24	46	22	6	83	84	35	57	1	83	72	29	93	5	33	
69	70	81	24	90	70	31	29	97	4	71	74	55	91	93	98	25	20	36	83	41	69	9	20	47	36	18	94	99	16	63	83	20	83	43	13	10	6	97	21	28	21	60	53	28	58	1	1	35	87	99	59	3	73	48	2	40	71	14	8	96	14	57	24	79	59	58	73	37	37	34	10	49	66	44	28	27	4	66	48	76	7	64	50	58	45	64	71	83	1	53	56	37	2	80	39	59	37	24	83	78	21	96	21	80	32	60	51	53	32	47	50	76	35	95	43	12	85	35	36	93	97	19	88	51	61	82	24	61	63	37	48	51	66	87	70	40	76	95	62	58	68	81	92	9	17	58	90	7	30	47	78	98	2	64	12	58	73	25	9	62	16	47	28	11	53	37	24	94	78	1	84	53	38	9	27	23	27	12	67	11	97	97	30	87	48	10	78	88	77	45	11	70	54	51	53	89	16	4	60	
15	78	24	96	3	91	2	5	6	88	51	51	45	98	50	75	74	44	37	89	59	80	22	12	37	94	76	9	90	40	67	49	69	47	33	60	98	2	95	34	7	85	39	17	26	46	79	37	68	80	81	29	39	73	53	11	100	93	66	83	5	15	20	1	87	57	85	24	29	53	29	20	73	23	9	50	59	80	46	91	96	10	76	77	62	80	58	98	68	8	60	13	32	98	87	96	47	19	99	36	99	83	15	80	93	80	20	66	15	55	89	80	65	9	99	88	6	49	75	64	69	2	79	68	57	79	55	57	95	59	68	80	48	83	46	25	98	91	21	12	25	44	60	51	74	98	59	94	6	41	30	97	16	67	12	52	55	88	21	38	73	20	26	6	17	26	81	14	50	52	33	12	80	5	56	5	97	57	18	49	91	47	56	96	62	29	79	79	41	30	87	81	38	29	4	81	87	100	23	10	
67	31	4	30	21	35	97	44	30	92	46	76	25	30	9	95	96	74	6	53	99	33	22	5	2	89	95	61	30	13	57	45	47	65	70	10	89	5	8	44	57	53	40	3	74	59	67	41	92	24	91	8	73	86	70	80	72	41	7	73	37	80	55	74	95	95	4	49	68	24	54	96	51	15	84	63	57	71	60	44	37	65	79	94	76	72	20	3	6	35	39	34	52	8	70	35	15	55	42	99	43	16	88	33	60	72	99	15	92	59	92	64	56	68	71	51	37	36	31	15	45	62	96	74	76	34	32	92	79	48	93	9	69	7	30	48	54	86	59	99	7	23	78	2	28	1	18	55	70	77	26	3	32	88	58	55	18	80	35	29	50	77	85	28	9	33	76	44	71	30	16	58	69	83	75	86	41	26	72	15	79	24	20	92	43	80	2	58	9	70	1	1	34	89	58	96	91	54	21	9	
13	6	57	39	4	15	54	17	71	22	79	56	13	79	54	32	9	93	88	84	97	49	56	57	33	97	43	82	38	13	85	4	9	19	96	82	35	55	97	89	87	96	58	99	24	80	46	6	57	54	84	68	33	88	3	77	95	63	97	30	38	25	65	16	51	59	22	65	73	40	21	30	3	14	87	86	1	88	7	100	68	95	8	36	91	36	15	57	27	9	17	56	36	22	93	11	9	76	9	100	76	79	97	16	15	65	17	30	60	5	14	66	41	19	97	13	48	77	61	83	100	27	28	99	12	35	88	53	36	96	32	68	26	50	43	56	67	83	52	30	51	66	43	10	8	83	97	44	8	68	75	97	51	8	73	88	80	25	66	24	33	1	39	87	68	62	7	82	25	38	75	80	85	33	58	24	90	20	1	96	97	45	73	31	50	63	29	26	88	48	97	66	41	18	74	4	69	21	66	77	
6	22	59	24	96	15	87	19	30	100	13	32	17	70	54	28	11	45	97	69	98	81	72	99	89	66	48	68	38	29	51	33	82	33	67	85	73	47	10	100	81	74	72	53	37	24	11	22	89	5	99	10	99	98	35	85	60	86	78	3	34	32	20	2	50	43	75	94	65	25	43	63	90	60	32	8	54	67	36	14	53	33	57	24	41	66	12	60	7	55	28	75	56	67	94	36	55	67	47	30	63	36	74	34	98	81	36	16	82	22	67	61	25	90	5	39	1	5	18	89	84	1	12	69	59	42	36	57	52	58	51	21	72	43	54	9	2	22	40	87	63	89	52	53	99	82	97	2	11	20	29	48	58	80	25	21	35	66	69	94	27	32	86	68	100	56	71	4	59	48	58	53	29	32	2	21	67	31	19	24	33	86	22	16	70	90	96	96	16	37	77	68	19	47	75	75	25	52	67	35	
65	46	100	71	84	17	73	76	47	63	76	42	15	6	31	87	55	21	51	43	96	21	61	23	4	70	52	46	45	71	32	6	12	100	59	18	9	87	46	88	40	62	22	51	56	59	18	33	38	70	12	33	88	35	81	31	2	61	61	38	32	60	31	28	73	3	34	12	72	31	2	19	94	48	89	22	60	32	95	37	100	99	91	14	50	5	75	4	57	50	81	80	1	34	37	8	78	36	78	97	100	6	88	14	17	52	26	10	16	48	35	77	8	40	15	24	36	3	54	26	93	91	84	99	39	23	17	20	25	68	70	84	8	15	42	2	70	56	29	78	100	26	14	1	16	76	46	26	29	17	75	9	79	79	9	38	29	24	94	70	74	93	12	29	60	97	82	52	30	65	88	94	3	61	27	32	73	97	28	14	68	44	96	26	48	99	75	4	85	95	5	20	84	69	13	7	35	78	35	55	
2	27	94	20	61	10	57	67	17	61	32	39	81	72	86	33	70	99	51	29	42	11	38	85	81	60	3	65	80	97	87	54	5	47	86	8	41	74	52	61	34	76	69	94	9	45	36	88	98	86	65	27	44	7	2	25	72	4	42	19	56	72	23	10	91	67	93	31	80	31	43	60	64	86	71	91	59	91	74	10	91	32	42	38	45	66	44	25	61	71	75	77	31	30	17	30	59	63	6	64	59	46	68	72	7	52	98	72	16	87	98	31	77	73	10	72	66	85	88	53	4	77	57	39	17	39	2	80	82	30	29	40	91	74	100	39	39	53	97	6	95	14	33	80	60	9	20	10	65	78	55	99	17	89	62	73	50	33	27	74	94	19	60	59	48	94	93	87	62	70	61	3	82	70	58	22	53	26	58	23	8	8	74	52	19	44	54	27	11	71	99	6	29	86	52	65	83	29	36	67	
66	56	43	39	75	89	5	20	12	30	56	76	39	63	5	70	73	51	86	45	81	42	26	4	58	78	59	30	19	82	89	93	85	87	45	38	60	54	96	61	29	12	26	45	82	4	24	86	88	72	38	5	95	10	24	75	13	24	97	85	24	54	30	77	11	2	98	25	19	64	81	30	57	27	13	76	72	20	98	49	54	32	24	4	67	12	88	75	89	95	37	15	89	68	15	73	42	34	78	4	25	93	98	13	53	8	10	74	34	55	44	38	37	33	6	60	34	34	25	16	42	8	72	90	33	6	80	14	53	57	31	82	26	36	28	55	87	69	18	86	46	50	91	96	11	31	61	1	39	63	50	5	59	24	16	20	77	1	32	93	19	82	45	37	18	18	28	17	4	59	19	9	43	49	62	6	22	70	88	75	100	87	46	79	40	10	77	58	22	40	63	83	46	3	34	35	41	45	82	1	
70	81	88	75	98	22	94	14	53	45	40	65	2	79	42	86	93	45	91	53	24	93	3	4	43	68	5	72	46	2	99	99	93	69	87	25	14	16	78	65	62	57	89	53	71	54	27	55	49	78	10	97	18	1	11	3	45	92	13	1	22	92	56	50	10	71	34	29	19	91	92	95	83	21	50	58	30	45	100	3	98	81	63	35	25	37	5	6	27	8	13	8	24	82	65	26	21	21	87	25	2	21	80	84	94	25	66	69	38	4	85	22	77	28	11	70	36	6	68	40	75	11	86	45	47	78	31	54	43	49	26	51	65	26	83	27	64	60	60	66	91	69	78	32	25	38	93	64	81	24	7	21	81	50	47	26	85	39	86	12	60	45	6	100	8	35	85	32	6	89	100	54	76	60	60	19	6	65	15	51	53	50	28	47	4	24	1	34	14	6	64	76	3	49	45	22	26	58	46	92	
35	91	66	76	31	95	35	69	19	6	92	31	69	97	89	32	9	14	75	98	65	30	41	2	92	92	31	44	79	96	13	25	28	60	97	83	93	59	14	10	32	93	53	36	76	63	14	47	22	3	53	99	3	18	69	55	17	89	20	32	24	75	18	18	56	85	79	87	88	42	9	55	62	35	74	31	17	97	31	99	60	46	33	11	38	76	21	66	29	10	79	15	87	46	10	91	36	46	56	94	36	83	50	88	33	13	38	60	50	49	78	55	48	22	43	19	1	34	59	39	85	81	71	15	63	1	75	4	89	52	78	84	49	71	75	69	59	28	59	96	88	47	51	21	2	70	6	10	90	89	43	44	55	34	28	6	28	87	68	29	59	37	100	5	50	22	52	38	1	12	57	41	25	40	2	67	35	20	60	78	86	11	16	29	51	66	36	86	70	66	38	12	22	70	78	31	92	98	89	33	
3	3	22	83	94	78	29	89	29	26	96	59	90	96	34	37	78	67	44	93	34	71	77	47	1	56	5	8	64	16	16	46	13	76	53	17	99	2	17	44	20	17	22	81	17	65	57	78	10	53	16	18	49	6	22	2	34	45	99	41	47	10	21	100	6	10	73	83	4	4	100	56	49	5	19	1	2	91	77	60	96	75	68	2	17	25	86	69	85	75	9	70	44	43	44	81	3	3	28	27	8	90	34	35	43	90	71	76	100	7	25	37	69	72	21	16	69	56	65	8	38	79	75	51	30	35	36	94	16	68	72	9	85	5	2	67	69	65	17	73	97	71	94	7	81	10	43	51	20	22	73	74	41	30	11	17	9	68	100	60	48	18	8	50	76	78	63	10	77	25	71	61	5	25	74	21	55	59	88	44	88	97	13	33	95	37	77	100	31	100	21	93	85	12	5	87	31	65	9	65	
4	62	69	49	60	8	67	15	82	56	48	59	81	15	50	13	94	72	68	49	49	78	82	86	76	68	43	47	99	69	27	50	11	89	39	17	31	18	88	97	11	40	50	72	72	35	51	28	58	37	73	77	21	19	17	34	79	9	63	97	91	24	100	56	73	90	17	45	31	72	71	18	78	70	59	8	13	99	10	53	19	21	67	32	18	97	57	58	10	36	47	94	59	94	99	98	18	11	13	91	68	32	4	41	60	59	87	92	27	18	29	50	26	92	5	88	51	91	7	30	83	64	77	65	67	30	95	91	89	94	69	17	8	60	100	27	78	41	41	54	23	85	52	71	34	21	30	6	76	76	70	67	45	37	53	26	33	62	56	97	94	18	35	22	78	36	56	86	12	8	30	16	76	4	25	18	56	67	82	31	63	24	11	52	67	2	46	54	86	47	93	74	45	81	47	15	37	32	10	15	
21	52	48	83	45	11	58	5	19	1	19	12	36	42	43	86	6	12	21	77	85	95	13	88	85	35	75	66	44	93	89	60	31	79	31	59	73	54	93	35	50	71	6	4	60	80	93	40	43	80	18	75	97	55	17	13	64	5	83	28	86	50	95	43	40	97	90	97	5	66	92	11	45	8	69	12	43	97	18	20	16	85	48	16	87	21	64	55	79	95	89	61	7	73	1	26	85	76	79	75	55	62	69	44	18	37	28	97	50	30	28	99	66	59	55	8	39	78	28	32	53	23	54	61	10	26	47	32	67	57	21	27	84	46	93	51	71	26	67	21	60	5	93	91	47	98	8	62	99	72	90	57	4	99	37	81	76	7	71	82	93	28	85	52	63	56	7	80	11	97	42	20	96	88	59	70	20	3	43	39	45	74	38	32	44	64	9	96	88	95	1	90	18	86	4	38	44	29	67	71	
76	45	25	10	48	86	83	2	84	57	71	87	53	81	52	70	96	51	6	75	31	98	69	86	96	8	65	61	13	73	42	93	52	48	67	84	2	22	9	1	49	24	99	25	15	26	31	67	35	70	91	66	74	25	27	81	26	22	62	56	66	47	72	99	93	93	92	11	64	95	30	36	91	98	58	73	1	22	99	78	30	93	1	12	6	71	93	75	56	46	66	61	91	85	34	71	54	47	39	7	91	49	16	55	22	87	18	24	60	5	94	6	50	63	91	41	32	55	83	16	21	91	26	45	55	10	45	78	11	64	15	42	20	70	56	21	18	91	11	90	68	65	99	42	64	75	77	73	41	43	3	39	38	67	24	14	44	82	4	52	87	17	32	38	10	86	80	14	40	82	80	58	52	72	25	19	66	34	37	91	99	89	29	43	100	4	75	38	3	74	73	91	64	20	32	60	88	6	48	31	
50	24	12	33	7	16	18	21	88	32	52	98	65	85	63	77	1	14	70	76	17	28	35	34	4	74	52	96	80	22	92	77	78	89	18	66	36	13	33	24	8	46	22	56	12	99	87	61	65	56	14	55	25	27	48	39	16	14	13	3	71	45	20	70	39	60	12	29	5	97	88	13	69	80	95	56	45	50	37	38	17	45	21	51	85	12	17	26	18	75	83	96	32	85	6	13	66	11	44	58	23	25	14	28	2	72	7	11	44	50	2	43	46	77	34	1	76	96	58	93	85	61	38	100	99	97	75	4	15	40	36	49	41	77	85	97	51	61	16	40	35	13	97	54	89	87	89	69	23	55	84	37	3	87	94	50	71	25	59	30	62	4	6	1	77	12	11	40	46	98	43	59	88	68	3	76	26	74	8	40	29	57	45	54	53	5	74	48	72	47	76	78	56	84	86	97	71	2	6	34	
82	37	72	45	92	48	71	62	36	17	53	17	13	78	33	22	48	62	95	100	63	48	45	67	17	59	40	32	2	47	84	89	37	80	9	85	71	93	10	45	20	15	1	55	97	87	43	41	98	26	88	24	72	8	83	40	60	60	23	61	68	68	94	52	24	90	31	85	45	16	36	82	5	26	43	16	74	74	73	82	46	68	16	76	96	52	88	34	10	47	57	2	40	44	80	89	17	46	14	91	59	50	49	10	36	89	81	11	90	70	53	95	3	69	40	3	25	73	62	40	15	86	64	53	12	85	15	12	50	99	70	63	80	93	98	7	62	93	38	10	33	74	67	44	81	20	55	61	74	31	38	52	81	53	78	52	30	38	48	65	70	59	89	12	25	8	97	82	98	81	70	22	90	61	11	40	88	97	77	3	20	10	85	46	47	87	73	67	19	33	13	69	81	33	8	5	36	6	26	85	
67	93	56	30	26	5	78	28	19	16	24	92	39	90	79	60	23	61	87	25	96	82	20	55	70	96	42	4	61	67	38	58	34	83	29	39	1	72	15	66	34	17	43	84	37	42	37	32	96	25	61	21	14	8	45	8	52	32	67	100	47	19	80	13	79	95	60	13	32	70	67	71	81	55	56	43	26	70	59	25	82	65	88	69	30	51	68	12	73	46	1	68	86	99	65	29	71	83	3	47	14	69	46	11	64	99	35	28	85	4	73	57	27	6	39	61	1	76	87	99	81	38	96	97	92	90	47	5	72	20	5	18	65	76	60	24	57	7	34	74	6	76	95	26	18	68	7	15	68	18	76	30	72	79	1	33	16	75	58	88	61	19	100	57	71	30	42	80	43	70	76	53	33	90	36	84	31	59	6	97	90	23	79	14	61	66	98	94	45	67	32	12	16	87	88	45	13	53	65	13	
59	83	31	25	23	59	68	20	81	24	16	39	59	18	78	57	79	81	44	97	69	29	5	59	34	62	5	84	68	82	49	75	14	31	58	35	53	70	6	39	4	94	56	91	55	84	20	24	46	91	39	36	3	94	98	48	59	91	87	72	38	55	86	89	40	58	92	65	50	21	2	32	48	95	17	64	76	34	60	87	10	80	60	72	59	35	78	55	94	20	44	99	12	22	40	82	18	15	54	59	41	91	99	7	57	17	28	84	65	23	19	57	61	13	53	1	27	60	96	62	42	77	62	75	57	37	79	60	85	45	22	28	76	44	72	10	53	4	70	40	34	93	53	45	48	32	29	51	33	86	14	75	25	76	84	12	58	80	53	94	3	9	54	41	61	16	20	58	59	22	53	97	25	21	24	43	19	31	65	31	53	56	83	74	96	94	32	6	97	4	32	7	31	95	50	33	40	61	29	52	
50	52	69	99	73	47	49	63	68	32	99	37	44	91	93	58	42	41	61	8	29	9	78	63	65	14	91	30	27	48	56	76	72	47	39	50	13	61	26	86	35	18	36	26	80	71	30	28	29	24	15	59	60	9	96	34	38	46	83	58	86	27	74	57	72	92	6	26	65	96	5	83	24	20	73	75	3	6	10	59	70	93	57	79	86	48	61	89	56	20	56	2	47	35	19	30	6	27	98	59	88	48	33	58	6	72	16	66	64	63	48	36	25	35	2	74	86	80	81	31	62	25	66	34	19	99	45	6	62	37	54	41	87	50	49	59	64	56	72	11	5	44	15	43	15	93	69	92	36	93	17	49	64	69	53	80	69	85	29	3	82	43	76	25	5	76	96	52	88	90	33	25	10	89	26	95	49	27	36	57	89	83	29	55	64	18	73	98	59	45	68	45	72	49	39	36	16	2	83	80	
5	17	59	40	17	21	71	8	16	91	86	98	2	93	75	46	1	10	26	57	57	59	84	89	88	34	78	17	23	39	21	46	17	64	64	10	26	31	46	27	60	90	94	92	27	38	24	71	75	21	65	67	30	45	56	70	19	95	90	29	40	21	79	82	11	74	4	92	64	77	2	11	65	96	78	64	42	28	38	76	18	55	66	58	42	22	37	25	1	94	57	45	89	8	41	75	1	87	93	39	21	23	52	5	41	29	13	30	28	89	24	41	96	18	2	92	4	48	86	9	54	77	39	48	73	86	9	19	42	52	9	99	5	3	24	42	91	18	42	36	76	88	85	94	73	53	100	28	52	83	18	57	70	61	38	5	83	33	32	61	70	49	60	40	25	4	88	72	68	61	90	21	89	8	37	17	9	22	55	74	26	82	57	39	2	45	41	37	76	58	4	28	2	52	7	65	75	63	23	24	
99	38	21	41	84	54	7	91	36	92	59	9	62	91	46	94	50	17	41	27	4	82	32	68	6	22	75	44	5	29	57	37	15	79	70	57	27	95	16	9	5	34	54	97	30	82	84	23	24	58	32	45	74	53	24	67	62	74	62	6	86	86	31	24	32	2	46	84	94	9	76	40	63	65	97	96	53	87	4	67	92	84	55	72	66	33	19	55	38	45	98	51	90	18	71	47	16	42	99	22	29	46	40	36	80	63	15	71	88	58	78	44	30	24	40	69	23	40	38	71	5	70	26	18	63	40	33	52	36	74	23	50	7	14	12	49	80	4	49	74	93	41	74	75	84	32	36	49	27	29	99	36	52	34	9	56	75	58	2	27	58	62	60	2	74	25	59	25	3	11	36	24	26	37	37	11	8	21	23	80	12	85	26	53	77	49	40	52	13	100	41	4	74	19	32	87	49	86	2	71	
51	87	76	65	23	87	27	95	70	12	100	88	77	37	16	56	5	90	35	31	14	15	38	66	38	43	32	32	43	60	87	44	74	41	32	99	88	19	80	37	22	41	82	65	50	97	7	2	64	42	23	75	21	91	16	38	9	89	22	39	91	61	8	14	51	15	14	99	22	17	24	14	78	47	69	97	1	48	64	97	88	46	1	92	27	40	26	80	93	99	8	20	88	48	51	61	24	51	53	10	23	25	28	100	40	52	16	87	10	28	29	99	62	42	18	93	49	71	38	27	41	66	46	65	51	19	83	77	8	6	54	93	25	49	40	59	96	54	37	75	80	24	34	29	70	2	27	50	94	76	2	11	52	81	27	5	86	24	21	32	22	6	19	67	21	18	70	19	76	40	84	43	95	17	11	9	39	71	79	31	87	69	70	14	86	40	86	99	91	100	89	59	33	5	8	46	100	66	44	68	
44	95	22	1	75	48	90	5	96	25	2	80	30	80	91	77	12	57	16	56	20	22	75	24	98	26	55	71	84	74	6	86	21	35	84	29	73	76	51	65	89	94	41	70	85	45	77	12	74	42	82	38	67	93	44	34	48	40	89	30	10	83	13	26	20	28	67	50	22	31	88	14	27	23	80	99	72	33	53	5	73	1	57	68	91	62	14	88	84	54	23	12	1	22	77	92	90	26	55	83	57	4	73	17	1	54	86	39	100	33	30	82	41	71	64	94	12	54	66	90	48	11	88	55	69	98	100	99	50	29	98	4	52	56	74	6	42	45	85	66	8	23	4	54	93	16	96	66	79	40	50	37	58	75	23	97	41	90	67	73	53	22	6	35	55	56	20	66	26	88	31	19	49	9	8	39	84	85	41	26	32	15	1	79	61	63	71	67	87	75	80	41	43	71	78	97	19	3	35	73	
17	7	21	67	96	92	78	93	64	67	80	62	14	65	71	70	7	3	45	75	89	88	61	23	36	63	17	53	37	69	56	9	71	88	68	23	73	15	82	75	56	5	32	60	77	6	65	89	46	42	5	79	63	84	91	12	92	7	14	77	63	1	22	54	9	37	100	79	97	32	24	65	4	32	72	21	82	4	64	72	91	52	63	90	54	37	94	34	24	57	82	66	20	96	72	9	8	37	33	67	37	45	18	69	13	86	55	52	91	91	82	17	8	37	47	68	72	88	61	32	98	67	81	40	94	30	52	67	34	56	26	71	2	22	95	9	27	77	17	37	89	63	76	44	14	70	63	33	72	30	45	3	2	74	27	57	26	20	31	97	26	70	65	20	59	67	3	34	74	97	59	31	27	22	21	71	85	74	26	89	20	86	31	53	56	67	87	100	6	1	83	29	45	35	58	64	83	3	87	69	
72	100	75	16	50	82	35	20	55	85	38	11	77	24	10	66	24	86	38	72	91	11	20	77	22	10	49	68	78	97	19	21	54	58	79	63	24	74	56	57	67	63	92	81	78	43	95	53	24	24	84	62	26	86	95	39	60	12	56	44	74	100	67	10	96	43	8	52	51	97	63	2	31	98	69	13	99	80	75	88	8	74	51	16	50	7	64	22	28	3	18	49	74	37	98	6	16	94	56	83	90	40	45	84	93	65	91	48	63	68	91	99	97	39	66	73	22	62	36	10	12	44	75	77	5	19	95	13	31	79	54	91	36	24	83	83	36	71	85	11	76	16	62	71	74	62	61	62	73	92	60	59	31	37	12	18	72	1	19	28	58	88	15	60	88	82	43	37	8	77	6	65	36	55	23	79	41	26	4	32	30	20	11	2	11	46	25	77	45	60	87	4	69	61	66	43	68	48	53	32	
66	38	97	89	89	18	17	74	97	68	37	51	5	15	79	89	10	83	55	24	53	11	11	1	38	64	100	29	99	14	70	67	44	41	39	14	38	80	41	1	99	48	48	9	42	22	85	8	69	14	54	69	28	56	28	46	40	13	95	53	21	72	44	68	81	96	17	51	79	7	89	23	13	17	83	95	28	93	24	4	32	48	77	5	23	64	41	11	82	87	84	34	89	61	68	97	77	87	36	42	44	18	1	14	61	15	100	93	27	22	24	77	57	91	77	19	94	4	16	86	31	65	30	40	73	68	3	97	91	11	9	83	87	96	96	62	75	1	58	50	7	27	60	34	41	100	91	72	55	27	25	43	79	17	67	49	15	96	24	14	23	75	51	78	44	31	39	91	40	3	97	31	57	74	80	31	26	89	32	81	21	70	76	32	12	62	69	90	50	14	97	90	4	9	54	1	4	55	65	91	
13	96	11	12	54	29	83	16	55	76	23	21	40	56	19	36	53	34	28	91	55	34	50	88	15	78	13	1	29	23	56	44	13	89	43	88	45	37	68	91	21	37	6	6	88	57	82	3	66	24	33	34	16	58	58	38	67	96	36	49	70	29	33	14	100	10	61	13	69	76	84	19	10	59	57	49	33	1	46	77	97	85	83	96	42	30	17	30	23	77	37	21	19	97	39	19	92	9	15	6	94	66	43	71	42	66	88	39	16	75	82	4	56	2	7	21	79	18	98	28	54	43	75	16	13	49	1	47	93	98	18	93	80	57	74	63	30	3	72	31	76	16	64	68	60	65	80	58	47	14	63	98	30	39	11	91	79	97	33	68	8	100	53	86	88	63	45	99	29	20	90	53	89	26	12	87	32	20	30	21	46	26	74	98	13	82	52	85	7	23	64	21	30	93	62	49	30	80	12	81	
18	5	79	100	18	50	46	5	71	73	100	44	42	16	7	77	90	44	51	53	22	68	19	31	97	19	45	40	20	75	93	2	66	82	66	36	5	61	25	43	68	30	73	89	71	99	40	10	98	55	92	71	14	96	41	75	14	43	71	21	35	50	13	11	32	89	31	97	81	66	42	55	45	51	30	67	60	72	90	40	59	75	79	38	56	9	17	64	46	7	97	10	16	34	45	83	92	39	57	50	63	41	77	46	97	32	33	25	31	68	59	29	9	66	35	99	98	20	25	10	42	62	10	12	72	86	6	37	42	75	25	29	83	17	47	42	59	60	34	42	60	14	19	46	4	6	89	85	68	54	22	79	7	35	97	47	24	45	86	44	8	87	50	11	97	24	74	89	57	10	23	56	83	82	85	69	15	86	20	70	26	33	96	88	15	92	76	67	36	72	63	65	18	51	71	97	84	81	73	6	
14	94	14	62	4	24	70	67	39	28	48	82	79	44	18	12	52	66	29	67	53	41	78	46	95	67	32	25	85	32	49	93	32	25	79	82	68	7	46	19	25	7	26	19	28	97	84	17	46	23	69	79	54	98	7	53	23	78	58	79	8	73	56	35	50	33	46	68	68	33	6	6	18	51	93	72	34	92	92	60	93	80	100	65	45	68	47	60	35	11	46	36	94	3	49	59	30	80	17	36	86	10	53	38	90	69	92	35	71	12	90	80	69	28	46	60	85	72	73	52	59	23	76	46	35	92	62	15	73	12	96	18	38	59	19	32	83	36	92	81	10	30	44	5	68	59	32	3	68	75	68	52	49	97	97	56	20	73	22	96	74	46	28	16	13	11	38	29	45	85	79	83	29	57	26	70	1	31	11	76	74	96	83	55	64	81	76	56	94	44	97	45	73	59	72	93	29	32	12	31	
8	88	91	66	59	71	85	36	24	3	7	77	65	20	43	35	88	58	62	38	80	18	69	28	22	63	50	51	54	66	5	7	48	6	55	11	32	11	35	39	78	43	26	86	49	22	96	16	64	91	51	6	92	14	96	60	99	57	9	39	51	22	97	49	45	15	82	82	36	68	96	6	7	69	77	74	28	87	54	19	8	30	28	59	94	43	98	58	73	14	23	87	90	89	58	53	71	23	25	14	46	26	75	59	48	28	64	51	55	80	27	16	56	9	74	5	89	93	56	88	88	33	81	91	25	81	83	57	42	78	80	61	3	67	94	83	53	40	35	1	94	72	36	98	46	43	89	29	97	89	56	72	75	24	30	96	92	31	16	26	52	79	47	29	33	52	32	43	54	46	14	74	55	39	53	14	79	53	2	32	98	88	55	92	23	36	59	16	34	57	27	32	97	19	1	51	44	35	9	51	
58	6	83	94	63	26	31	42	10	36	63	4	14	92	84	30	50	41	88	49	31	97	47	18	83	26	61	1	90	24	49	14	29	61	90	59	30	14	95	68	99	37	63	31	99	95	94	89	52	5	29	95	22	81	64	84	5	50	75	96	70	31	34	6	11	8	91	37	73	26	82	99	17	92	71	5	43	69	96	43	38	7	89	68	3	46	98	37	81	53	56	32	25	47	28	96	38	56	40	93	94	20	77	54	18	12	43	24	95	37	73	11	68	34	64	3	39	8	23	64	47	43	29	73	31	33	79	33	71	3	11	63	37	12	46	67	98	69	66	15	55	91	99	5	54	100	47	10	2	86	2	39	44	43	87	62	43	50	70	48	19	40	4	51	95	67	44	100	53	47	61	96	64	2	77	86	61	56	11	12	13	15	64	23	87	25	62	43	92	23	33	61	13	65	61	14	26	39	14	2	
46	69	56	37	55	81	92	92	32	71	72	29	58	91	55	90	15	44	92	59	62	2	90	92	23	68	60	55	23	19	39	2	25	73	15	93	71	2	52	96	26	35	62	93	72	53	25	74	5	16	89	25	6	76	98	40	18	36	86	29	49	97	95	10	92	67	8	82	22	24	60	96	1	58	37	16	69	90	20	91	60	57	80	64	51	68	18	81	4	78	63	23	72	8	16	87	65	22	11	44	31	38	12	100	97	48	84	90	40	74	49	92	54	88	100	5	78	45	54	7	91	57	9	67	16	62	71	43	14	84	4	24	63	64	9	52	10	20	52	29	7	80	89	21	50	5	50	96	65	70	49	84	70	24	48	29	80	63	90	99	44	10	24	66	37	2	64	4	5	87	66	94	18	45	49	40	63	67	46	62	82	92	81	36	25	6	72	74	34	22	19	42	41	76	88	96	21	12	79	97	
29	6	19	5	67	84	69	5	4	100	17	59	70	100	6	15	74	49	8	87	94	73	68	31	68	55	42	39	60	98	36	5	56	100	39	13	67	58	86	28	20	58	13	73	42	62	60	79	35	55	65	5	4	18	67	100	69	74	5	99	59	80	50	37	29	51	75	6	28	33	73	49	6	63	9	67	35	55	39	42	11	55	54	6	22	53	97	32	40	94	36	34	60	88	13	73	98	48	2	5	86	40	29	54	37	39	35	36	81	49	87	45	45	73	23	73	38	85	53	75	68	7	91	46	72	47	78	95	43	41	81	14	19	42	5	95	9	30	59	30	45	99	17	14	84	16	30	45	1	74	82	41	74	46	10	79	2	29	96	75	54	77	1	36	77	46	9	75	74	73	98	32	73	41	40	86	71	87	25	69	52	76	76	59	62	72	33	60	22	39	45	13	9	63	5	92	4	19	82	24	
14	50	29	40	47	42	57	81	61	89	17	41	1	59	43	30	26	31	23	31	59	92	16	68	90	39	75	73	20	100	63	10	51	32	86	9	86	21	67	48	7	98	17	71	22	68	60	53	91	84	90	6	65	87	79	78	24	46	64	15	68	77	43	67	67	20	73	1	1	24	34	9	41	95	28	91	11	38	73	52	58	29	3	29	95	91	30	67	98	36	65	75	92	27	15	76	69	12	61	32	73	50	36	59	77	1	7	71	13	40	56	52	67	75	43	2	68	3	49	17	29	50	99	7	96	73	28	42	45	14	9	79	54	21	71	11	6	27	19	23	80	7	52	40	76	12	37	98	56	9	90	98	57	22	78	79	58	26	96	4	27	58	34	86	100	54	96	38	48	67	94	6	98	37	52	99	67	100	77	90	85	67	56	16	43	74	60	56	10	33	40	67	29	34	4	93	15	1	26	71	
39	96	85	61	22	95	48	9	30	24	72	94	95	67	78	9	70	64	11	58	30	13	59	78	3	46	95	7	91	65	78	82	16	32	11	58	47	96	89	67	48	37	1	100	94	43	31	10	59	53	29	27	49	100	21	59	88	13	54	18	98	12	33	20	28	84	75	92	68	90	90	9	4	82	87	91	23	83	61	65	27	41	10	62	6	87	58	9	63	70	16	35	7	15	68	89	5	33	32	52	45	95	36	1	76	43	59	25	40	45	40	4	90	87	86	46	62	32	22	83	53	96	1	38	17	90	16	6	3	38	19	7	97	31	76	25	4	13	34	77	50	24	85	58	13	73	87	84	32	41	30	55	63	6	88	41	9	88	16	85	11	22	14	70	31	86	88	3	72	19	45	97	59	76	13	91	87	6	45	50	7	36	94	34	92	34	22	10	76	28	47	58	90	52	92	66	7	95	44	38	
74	62	25	92	31	16	27	44	93	86	66	36	43	79	36	98	81	55	23	35	29	36	87	56	78	5	12	10	27	32	56	50	100	14	33	17	4	62	89	25	8	20	15	83	38	12	54	75	87	5	76	72	67	61	21	26	50	37	5	5	39	42	28	6	12	8	80	14	57	41	65	85	100	35	27	1	58	21	21	57	11	86	54	42	31	87	20	52	9	40	68	82	27	16	43	57	80	38	64	26	11	91	20	22	20	67	31	36	88	39	40	95	49	28	21	68	89	17	36	83	89	72	100	56	27	94	40	79	49	80	30	19	71	82	84	39	78	12	89	2	100	57	64	41	67	92	80	33	43	10	79	14	20	83	77	30	70	48	37	95	71	40	6	66	100	47	95	74	47	33	67	4	45	58	100	100	75	1	60	14	23	72	44	57	23	22	39	33	28	22	23	53	19	19	18	82	49	17	46	21	
3	98	32	83	60	62	64	17	97	79	26	75	44	46	90	47	97	6	48	8	87	100	9	8	69	97	97	77	5	21	64	61	61	18	23	52	65	33	56	1	58	93	54	2	77	10	3	50	23	72	19	78	88	1	80	29	46	14	99	64	80	30	92	61	87	17	81	10	29	85	88	24	48	55	1	31	98	17	63	78	94	7	59	58	60	1	100	81	19	12	45	61	51	100	53	83	26	97	19	75	61	7	89	12	51	17	42	3	88	83	61	6	94	40	52	57	13	62	11	9	63	6	65	56	91	1	46	38	25	4	42	67	94	39	89	5	6	33	60	62	30	5	44	56	61	43	55	97	79	94	52	39	27	84	45	87	1	97	77	5	99	63	64	38	21	93	1	73	76	13	32	32	68	4	41	89	80	83	87	97	64	63	97	27	33	19	45	40	47	23	53	5	41	59	69	67	47	58	13	17	
70	60	30	55	60	6	62	70	20	37	41	5	76	97	35	97	4	57	48	72	55	94	71	57	10	1	6	75	18	84	22	48	69	35	42	70	72	77	79	81	74	50	21	79	78	57	49	27	74	29	66	59	26	12	36	88	11	14	22	3	78	37	61	47	60	25	56	46	92	21	7	43	25	49	73	77	13	34	90	98	53	50	25	37	14	2	75	44	72	34	2	2	86	14	9	93	36	81	41	79	56	35	15	78	19	50	81	75	74	85	57	81	69	38	67	27	54	93	31	16	61	63	66	83	83	28	10	99	25	12	39	94	67	96	6	99	39	71	56	98	53	16	20	85	54	38	53	100	71	44	65	59	85	35	11	81	1	66	68	20	6	83	76	12	93	74	90	91	78	69	12	7	45	28	4	59	41	29	4	90	21	65	45	32	61	42	13	67	58	53	5	11	23	2	48	79	82	25	9	96	
79	50	62	70	34	46	48	35	28	98	98	59	36	27	54	68	8	11	59	57	9	1	2	37	41	42	69	63	39	96	26	46	29	100	38	1	25	75	66	82	30	2	99	12	10	88	76	88	64	15	21	96	69	50	43	17	91	86	84	57	64	8	81	11	73	14	83	46	45	33	26	57	60	18	21	62	71	29	79	4	82	87	19	18	6	74	94	16	84	49	21	92	80	48	29	71	16	84	15	10	90	43	30	78	88	33	89	84	12	76	97	64	15	58	79	70	31	29	78	66	11	92	7	44	81	12	82	3	96	18	17	66	28	30	55	54	14	60	95	94	62	7	77	56	63	55	1	43	50	47	75	20	19	57	70	38	34	41	19	84	29	46	3	22	85	45	18	64	56	81	16	31	72	2	74	33	43	45	69	4	30	18	73	97	13	41	9	29	90	19	41	23	50	82	2	74	65	29	74	35	
40	79	72	89	62	68	100	49	24	26	85	44	68	42	58	10	66	60	72	43	5	15	11	59	64	2	63	34	38	10	76	88	20	65	16	91	76	10	28	22	36	83	49	81	68	62	79	88	43	1	91	71	27	10	84	89	20	65	79	84	73	85	76	59	51	20	7	89	51	32	49	97	41	24	37	95	77	86	94	68	74	17	97	22	35	29	91	70	42	41	1	8	86	4	1	66	69	15	2	7	33	17	12	98	4	22	86	82	23	58	38	78	80	81	73	58	97	45	62	31	88	6	23	48	44	55	19	57	92	74	68	13	67	93	51	50	14	37	25	30	84	87	82	93	78	68	88	76	88	52	87	25	71	1	54	29	89	18	47	69	86	3	49	70	12	81	86	20	84	33	87	95	49	52	19	5	71	35	61	9	93	51	59	19	65	76	63	34	52	19	59	2	82	75	20	92	4	98	36	36	
28	44	69	96	67	64	92	64	82	58	74	59	60	37	23	56	56	54	35	72	62	25	37	48	61	69	95	65	17	4	10	17	21	33	43	29	67	20	13	20	13	17	32	77	57	97	60	18	65	84	51	10	28	2	81	83	49	36	22	73	7	96	69	27	84	57	85	62	56	76	70	56	93	54	12	67	21	8	44	61	47	73	59	68	85	14	27	93	12	25	21	33	85	6	46	24	62	100	56	41	60	20	90	99	33	11	84	16	88	100	19	25	83	26	55	70	45	91	56	74	95	100	19	39	89	96	20	15	7	12	57	10	72	87	92	25	16	100	52	30	43	51	96	10	58	71	20	85	55	62	94	26	40	83	51	4	58	74	75	13	52	34	45	78	5	47	4	32	86	8	88	50	39	7	32	8	78	58	66	54	62	71	72	1	61	88	5	4	92	18	69	48	2	20	84	70	68	33	7	78	
1	94	22	12	44	77	38	49	21	38	34	87	3	52	46	77	34	2	32	70	20	9	75	36	67	82	39	7	82	93	84	63	5	82	21	12	51	46	64	80	88	46	27	80	80	67	23	1	17	71	97	83	28	92	86	70	86	70	81	93	78	88	62	69	15	1	4	56	34	95	20	18	28	36	24	41	93	54	73	59	93	24	66	48	97	38	83	50	80	64	58	18	37	54	41	35	53	73	93	24	10	91	95	52	18	38	23	73	36	56	37	35	78	44	29	78	30	31	26	67	55	19	54	20	18	96	90	36	79	51	90	73	47	81	72	18	78	33	51	37	61	87	69	54	2	21	93	87	100	35	96	38	11	72	53	81	96	4	75	7	65	35	22	31	87	15	38	60	97	5	45	33	36	65	87	46	97	64	43	1	49	97	93	51	14	96	92	93	66	82	67	79	74	92	70	34	82	85	87	54	
56	45	87	43	94	93	19	41	96	1	33	31	5	88	72	22	16	90	23	100	91	34	17	5	15	53	31	29	7	2	12	59	89	79	98	88	21	19	57	48	29	65	60	48	33	83	16	87	87	38	81	61	84	3	5	46	33	83	42	54	77	27	32	71	52	67	30	24	14	84	53	21	42	9	85	6	13	25	14	88	93	71	58	37	51	55	98	41	91	100	62	55	88	11	40	48	33	67	23	66	2	54	21	90	73	21	13	79	76	91	72	87	10	67	98	27	85	80	41	50	13	39	91	54	4	24	82	87	58	85	52	81	66	47	10	18	83	93	52	93	83	84	24	31	8	88	56	60	97	2	15	40	31	29	89	87	91	69	25	35	83	41	26	92	31	37	44	88	71	36	13	40	16	75	49	100	19	83	68	4	30	84	29	44	26	21	4	15	7	49	47	82	65	4	68	82	12	24	26	91	
94	57	53	13	88	9	16	93	38	17	76	79	53	26	80	81	10	81	16	96	67	80	79	15	58	14	96	80	40	12	18	2	89	78	86	98	19	67	96	9	84	39	17	37	59	73	82	58	77	97	79	69	12	8	6	77	1	73	89	95	76	77	59	4	31	16	9	88	90	68	34	94	42	59	37	60	33	23	15	24	93	56	9	50	3	83	20	35	16	14	19	87	42	23	41	43	42	22	3	99	27	58	51	78	89	32	31	48	32	88	59	88	74	72	87	45	4	25	70	48	54	82	52	4	79	9	16	46	49	20	32	9	92	73	47	91	54	33	32	83	35	32	65	85	28	14	12	92	62	70	20	8	68	93	16	100	54	21	52	78	29	45	58	98	65	32	29	6	2	6	53	61	2	63	86	66	3	3	48	55	80	81	32	35	39	12	19	1	95	17	58	25	29	98	33	85	24	12	32	96	
82	74	58	7	67	18	2	48	61	70	29	34	43	2	28	7	39	4	53	96	76	67	56	66	71	7	79	36	72	67	72	8	1	76	67	77	31	97	61	79	70	57	58	11	100	27	72	60	66	18	13	16	36	49	21	46	60	1	31	87	62	29	75	18	73	77	100	36	56	42	59	66	71	22	64	19	96	12	74	39	57	78	23	2	16	28	98	65	62	20	36	14	97	37	89	16	57	21	88	95	78	29	24	51	97	4	7	16	76	3	27	92	51	53	94	5	64	41	48	78	40	30	31	92	22	16	83	17	97	5	24	25	97	51	8	91	68	9	48	85	7	77	1	13	53	67	59	68	98	4	4	32	87	5	4	23	21	66	67	35	36	82	46	89	9	10	67	48	6	26	65	29	83	23	2	44	35	87	53	65	12	73	12	9	14	79	82	26	44	46	13	9	74	36	7	87	26	32	2	87	
88	66	86	22	45	1	61	87	68	33	7	74	90	66	34	41	57	54	39	76	84	16	98	77	96	67	28	100	30	41	100	92	48	18	21	13	47	38	84	95	63	35	9	31	41	22	42	20	58	47	14	9	29	76	23	68	47	50	26	7	80	77	57	34	22	48	41	99	10	96	33	60	1	66	90	97	74	86	39	24	92	20	23	18	11	29	9	53	96	50	38	97	24	92	66	9	61	81	29	17	34	27	58	15	52	64	26	18	93	15	19	81	79	92	4	14	43	69	79	86	79	70	19	64	81	35	38	70	53	4	29	88	64	56	26	47	21	28	53	37	43	25	11	72	86	42	85	63	50	95	99	87	18	33	60	10	9	77	35	55	67	1	92	33	65	15	71	31	34	85	13	52	80	24	71	68	73	69	32	91	81	6	31	51	2	97	24	71	38	21	17	96	35	36	78	54	91	96	87	38	
