200
5423
26	55	3	33	21	100	92	58	29	92	15	91	20	96	24	53	93	37	12	41	51	12	71	36	4	69	28	48	84	93	68	38	75	27	93	38	41	44	52	10	53	12	47	23	79	77	59	2	27	89	32	5	90	30	31	82	77	14	47	91	16	47	98	51	8	40	28	6	86	58	28	78	12	88	74	38	58	36	8	40	87	70	53	43	50	98	69	33	55	65	32	36	30	19	28	66	93	79	40	30	44	98	12	83	69	4	43	17	20	14	59	32	87	88	4	69	95	96	49	44	52	31	43	15	22	47	82	49	24	41	68	68	68	23	67	56	89	13	45	79	83	90	51	34	99	39	76	9	84	8	74	80	28	79	81	99	70	37	97	78	47	29	49	59	70	81	69	9	13	75	73	37	33	2	15	53	59	45	100	25	35	27	71	85	82	58	79	52	78	89	4	17	15	11	17	62	88	89	27	41	
87	76	62	72	63	97	15	86	58	54	81	52	65	15	83	73	43	43	41	15	24	10	78	96	78	15	77	8	1	21	48	44	95	24	40	65	94	57	47	94	92	55	53	27	72	8	96	26	63	57	68	80	9	89	45	7	87	97	47	98	7	82	46	47	66	18	13	87	73	49	71	13	74	44	94	61	97	21	97	3	34	89	44	38	40	55	90	44	84	55	88	96	53	31	9	14	17	18	68	4	45	20	46	91	10	96	34	53	7	39	40	32	70	66	34	95	63	75	39	74	16	59	28	77	9	60	42	14	62	22	98	63	99	9	73	83	70	1	76	91	22	97	63	88	17	95	90	7	2	11	18	47	63	33	88	26	3	30	97	96	36	61	88	53	82	83	27	43	98	48	41	99	39	47	42	52	60	23	57	99	99	87	42	37	52	45	60	82	80	46	56	75	75	95	89	19	42	94	61	99	
76	75	88	19	73	67	70	89	75	14	58	8	89	6	45	86	52	20	62	42	53	21	73	47	22	4	78	12	73	35	5	34	1	74	32	3	62	47	24	87	33	93	58	7	24	93	49	50	55	48	41	87	31	73	35	16	25	53	13	85	56	20	86	12	37	46	61	78	42	80	11	85	1	85	27	15	55	70	27	51	75	24	27	22	92	24	2	79	50	46	84	40	71	6	49	7	93	95	40	25	14	89	56	19	85	97	49	45	58	67	97	98	67	87	73	61	80	87	25	75	53	11	64	15	64	52	14	88	7	30	65	45	25	34	86	66	49	4	35	97	18	58	38	6	38	95	53	42	1	45	51	41	16	67	11	92	60	85	25	82	92	51	63	76	65	33	80	40	66	45	88	53	78	13	58	98	50	12	100	42	43	87	68	81	25	73	58	26	32	64	97	96	19	11	37	7	34	33	99	84	
62	88	30	14	2	45	69	78	59	4	17	82	25	32	90	12	31	84	75	28	69	52	55	74	17	28	62	67	87	29	73	85	68	89	93	29	3	58	67	14	31	23	39	91	64	89	85	19	15	99	88	32	80	42	82	6	40	94	56	60	63	9	1	2	89	74	49	65	39	33	57	15	33	40	10	7	36	96	9	14	83	43	52	53	30	99	94	9	88	35	22	9	21	17	13	19	22	83	17	22	46	9	98	6	71	44	39	34	43	78	60	81	52	70	10	57	19	55	37	99	73	18	69	88	62	63	55	79	95	50	91	47	47	29	32	100	56	86	84	96	71	68	94	7	77	38	62	82	79	47	33	82	83	34	42	20	77	73	6	38	89	65	51	79	48	18	16	89	71	22	98	96	41	5	17	55	98	76	87	31	96	24	22	42	87	31	88	82	21	42	77	73	7	44	100	73	97	51	23	22	
72	19	14	94	91	63	14	34	99	25	8	50	82	67	49	11	11	78	86	65	91	64	78	15	25	64	86	100	53	79	24	56	66	34	43	95	85	5	76	83	78	66	89	51	46	75	23	8	95	99	63	30	3	45	80	90	77	77	22	69	43	6	79	99	64	39	76	77	24	67	53	93	44	49	92	51	25	52	56	96	18	90	93	38	26	80	57	39	34	67	72	14	10	99	84	71	35	19	61	93	83	33	33	90	53	40	48	94	46	66	51	39	4	36	53	64	90	94	94	29	16	25	6	92	71	57	19	26	39	9	33	8	24	62	81	75	79	52	51	76	88	33	95	71	38	32	97	48	22	98	83	27	49	18	61	100	2	73	20	90	85	5	28	31	69	64	10	86	11	58	63	53	97	73	15	87	32	90	48	10	57	62	3	48	33	90	55	94	83	57	26	18	19	62	14	77	6	66	67	84	
63	73	2	91	17	12	67	34	95	59	40	69	78	84	54	4	82	56	27	94	70	35	41	87	100	68	74	68	44	48	31	49	42	72	53	60	30	25	80	62	42	99	71	78	44	63	55	96	30	60	72	37	57	25	20	99	31	75	15	67	48	30	74	62	62	9	21	90	39	82	33	16	97	86	72	39	80	43	83	6	48	96	44	45	81	31	4	31	73	14	65	25	17	48	83	68	37	100	59	51	92	50	67	93	61	9	50	25	27	2	62	59	62	93	12	52	92	92	62	49	9	85	71	23	37	28	43	11	3	68	90	43	60	98	44	68	59	74	83	61	62	51	57	68	77	29	100	39	11	66	91	4	82	59	23	63	10	45	58	54	87	86	5	17	58	61	17	30	7	18	14	44	6	6	25	2	7	24	3	66	17	56	16	69	64	17	89	3	92	33	60	95	95	72	25	86	36	89	10	10	
97	67	45	63	12	81	83	5	67	47	13	93	36	66	88	52	49	27	91	34	19	17	3	30	16	30	64	33	55	27	79	39	46	18	71	15	29	70	22	96	98	12	100	100	48	45	55	88	50	7	11	29	26	99	6	44	15	18	93	60	76	43	20	16	88	73	54	85	94	27	50	11	43	70	29	20	27	60	27	11	6	72	70	16	69	6	20	80	94	60	11	76	33	8	95	69	76	74	2	63	19	99	19	2	6	25	71	24	62	62	17	64	61	64	68	25	94	75	92	38	41	25	23	92	38	68	55	93	67	36	4	51	76	84	11	98	87	35	96	99	3	38	63	93	59	86	27	31	50	66	7	92	74	74	96	5	50	1	69	23	65	87	14	10	77	47	24	2	90	66	67	98	30	11	91	31	84	28	45	40	89	7	88	77	75	66	26	43	44	86	33	35	28	64	77	39	24	69	11	100	
15	70	69	14	67	83	48	55	66	91	54	45	26	65	79	65	4	11	37	11	34	54	64	78	40	5	88	14	44	70	19	17	88	18	44	29	43	80	33	61	12	96	67	58	71	77	34	91	63	65	40	40	14	3	6	35	76	29	28	3	74	82	66	6	59	69	33	2	60	50	12	19	5	53	13	91	35	22	96	30	2	9	58	43	26	60	79	32	77	3	6	63	28	52	41	22	37	67	45	63	86	77	24	20	88	26	62	1	39	20	47	8	83	48	31	67	58	67	68	75	94	2	45	32	29	79	44	84	56	45	29	70	27	88	72	88	84	81	70	30	98	23	13	16	76	95	84	44	64	14	79	57	2	82	49	31	81	100	15	16	34	92	2	80	15	6	93	19	17	69	11	64	93	39	93	98	51	19	47	93	100	29	79	70	60	88	77	30	50	14	42	11	91	44	16	28	23	4	81	85	
86	89	78	34	34	5	55	22	64	73	94	87	47	98	62	44	47	30	43	46	99	53	51	6	89	54	100	65	56	31	42	52	53	97	52	38	98	14	14	82	77	61	63	79	52	45	20	42	85	40	80	49	84	96	6	50	27	44	6	55	36	100	11	70	68	13	49	64	86	55	64	77	23	49	31	76	19	52	82	4	20	37	100	77	89	70	86	24	71	40	90	18	86	34	14	10	9	91	58	78	69	56	80	52	8	8	9	2	67	51	41	39	87	2	31	74	88	78	3	90	25	36	1	83	1	87	40	86	8	50	71	90	83	8	82	34	72	31	98	19	63	21	76	29	97	65	33	82	30	8	50	25	76	95	4	18	99	61	78	36	31	17	8	61	40	25	94	70	22	4	76	85	2	74	19	44	58	96	46	80	90	91	53	81	76	59	19	26	73	99	32	45	30	48	88	81	100	59	83	93	
58	75	59	99	95	67	66	64	24	65	95	83	77	88	46	26	13	15	86	20	90	26	57	25	44	45	49	20	99	98	27	61	60	24	90	97	54	5	19	3	70	58	23	68	14	95	68	91	63	75	32	56	66	8	34	37	1	91	82	99	69	91	5	32	10	65	80	88	80	76	42	47	71	75	12	67	91	32	94	54	43	1	97	63	29	62	55	27	1	49	62	92	67	100	53	97	58	74	23	28	39	83	87	9	1	12	68	49	6	34	87	1	22	61	44	12	20	88	60	77	14	3	89	44	2	90	32	93	19	71	9	51	74	62	73	29	71	32	50	55	72	46	95	49	36	86	18	4	68	50	30	46	53	83	52	4	60	81	78	30	88	51	68	75	99	37	97	61	11	62	48	27	100	43	91	38	79	62	14	42	21	55	7	69	13	97	25	100	37	12	83	61	24	81	33	21	10	30	5	54	
54	14	4	25	59	47	91	73	65	47	11	99	75	87	41	36	89	64	99	80	31	93	42	28	19	45	15	20	88	32	86	98	67	30	11	55	83	2	46	60	55	26	67	14	62	89	91	63	50	26	50	21	87	72	8	8	98	42	20	20	86	69	28	60	74	75	49	94	21	40	22	79	11	24	99	40	15	98	49	57	77	50	42	51	36	70	76	97	75	74	4	85	25	28	81	11	46	38	53	25	87	44	33	76	49	26	98	5	36	8	84	66	34	59	87	3	46	67	24	84	5	3	97	28	72	60	27	48	73	56	3	70	51	15	64	72	79	81	49	45	28	7	93	68	22	19	75	30	63	19	71	33	55	60	53	2	49	54	9	11	15	3	40	40	58	8	52	76	4	67	56	24	10	63	16	12	72	78	57	51	72	19	89	24	18	57	40	42	58	85	13	32	87	67	75	85	70	12	70	1	
81	58	17	8	40	13	54	94	95	11	48	25	68	7	49	75	34	79	34	53	10	42	15	10	49	96	31	86	17	30	90	16	1	39	84	42	42	23	6	1	45	86	42	96	8	89	48	65	22	2	44	45	50	31	48	71	51	32	58	37	36	95	37	2	48	20	89	94	49	73	5	88	30	48	29	86	56	79	21	58	75	62	32	37	3	49	4	8	32	56	14	46	57	74	82	59	39	23	77	85	36	59	42	88	17	92	22	55	77	61	54	85	20	46	45	41	100	2	50	23	8	4	32	36	39	63	9	45	56	14	49	32	19	43	44	70	54	33	98	69	53	91	45	61	61	65	24	48	77	67	30	14	24	71	35	79	62	72	27	22	16	94	81	38	67	92	7	54	27	78	2	53	70	38	37	91	2	18	94	87	54	11	64	44	98	1	65	53	2	32	28	92	1	12	1	5	86	43	61	26	
52	8	82	50	69	93	45	87	83	99	25	73	30	38	88	43	49	58	21	11	87	97	17	1	38	34	54	59	99	14	34	82	29	38	50	13	19	91	51	25	35	81	97	13	45	43	76	41	54	72	32	73	78	75	83	61	75	83	42	78	26	42	57	23	70	77	81	86	9	23	83	71	54	61	99	34	55	56	95	2	6	83	13	49	23	16	47	8	55	27	79	47	21	29	40	73	30	69	57	19	63	85	15	37	16	93	18	31	92	50	99	65	10	37	67	88	66	66	18	51	5	96	84	33	41	61	67	3	73	58	45	62	15	70	45	2	89	9	43	56	46	31	6	5	80	87	79	36	76	41	21	18	70	90	2	89	12	40	3	99	45	7	51	90	86	42	88	75	71	18	65	15	54	20	64	84	12	86	27	55	63	56	6	76	99	13	35	32	60	98	68	79	27	69	1	79	5	15	42	68	
65	89	25	82	78	36	26	47	77	75	68	30	23	10	39	79	18	23	98	88	96	23	8	61	42	9	51	61	67	15	28	39	37	6	67	94	33	21	69	43	57	76	78	39	29	57	72	36	62	90	89	3	69	30	97	10	98	69	27	93	50	99	47	86	71	63	47	19	95	97	85	36	84	87	4	26	52	60	95	92	9	77	72	6	87	99	73	91	34	48	98	27	97	58	65	30	73	85	8	90	100	98	1	48	58	77	44	65	62	31	25	78	81	49	99	71	39	95	44	25	66	73	34	5	24	23	2	33	53	77	25	66	15	90	83	26	97	74	42	67	37	80	8	57	33	4	54	66	64	38	87	55	77	15	87	70	74	72	97	65	79	6	7	83	5	74	20	98	97	59	16	15	60	33	63	6	30	16	91	12	24	73	1	81	56	72	61	10	65	75	89	45	13	77	54	64	16	95	23	35	
15	6	32	67	84	66	65	98	88	87	7	38	10	56	7	77	54	32	38	1	13	7	88	55	51	18	94	89	10	54	35	45	39	23	7	35	3	47	81	48	82	53	5	27	11	17	39	100	87	55	7	16	99	52	61	46	53	85	90	34	45	47	98	28	52	44	24	100	80	39	42	97	27	10	55	9	31	95	37	5	4	31	70	33	41	43	34	7	69	89	69	72	7	89	42	42	14	57	22	28	47	76	64	98	38	86	43	32	79	47	89	39	69	47	65	35	43	70	71	66	43	96	92	87	22	38	29	83	24	14	9	8	82	42	21	8	13	89	66	28	47	47	35	62	87	40	66	51	67	62	12	50	20	74	43	98	59	8	36	55	20	2	92	91	80	44	80	36	38	38	100	78	87	48	37	3	75	33	73	73	57	1	77	58	75	97	31	90	5	38	77	17	5	87	75	71	9	87	97	88	
83	45	90	49	54	88	79	62	46	41	49	88	39	7	44	43	58	2	98	6	65	41	1	3	53	92	39	9	30	46	92	34	71	93	75	44	22	83	17	74	84	34	80	83	53	23	43	32	92	89	18	77	54	99	19	8	11	27	49	23	58	14	84	52	56	90	65	19	58	52	63	39	31	10	66	80	6	14	35	17	86	39	14	42	19	72	99	80	81	90	33	34	59	19	1	62	93	17	23	28	56	72	42	97	62	18	26	95	27	18	100	99	90	83	88	23	50	80	58	57	22	73	60	47	16	59	96	63	2	100	97	16	43	61	91	82	95	10	22	23	28	79	94	89	89	48	39	33	36	58	42	22	8	91	25	95	91	50	68	73	87	28	1	80	61	23	57	35	9	5	26	24	76	28	32	33	98	97	78	18	31	98	6	26	55	82	43	9	49	88	79	32	30	7	70	39	9	17	89	53	
73	86	12	11	4	52	65	44	26	36	75	43	79	77	43	46	72	89	20	16	90	77	70	30	91	29	79	93	81	53	92	12	13	79	12	95	28	67	93	23	16	64	91	98	51	5	22	42	84	13	23	75	78	39	57	41	24	87	99	56	15	8	3	88	43	60	92	97	59	41	99	57	97	73	56	71	86	64	62	16	79	48	58	22	81	44	89	48	100	83	97	96	6	15	68	15	69	92	57	58	33	17	45	62	40	32	23	22	99	34	85	39	76	20	73	35	79	46	55	26	100	60	77	24	31	71	56	70	84	39	65	51	66	28	88	93	91	69	25	58	80	13	81	32	81	58	68	29	74	38	36	55	54	19	90	63	51	1	62	22	19	15	70	41	82	89	12	24	71	15	70	6	44	43	28	89	23	70	6	97	15	14	65	23	38	81	45	3	9	83	67	67	64	81	18	17	11	65	18	41	
43	52	31	11	82	49	4	47	13	89	34	49	18	54	58	72	35	77	57	82	50	93	57	92	25	39	14	73	89	86	66	49	85	69	73	45	53	99	6	27	51	40	25	73	10	27	56	27	51	22	60	11	37	17	53	92	56	5	11	41	19	26	27	91	27	4	36	71	71	46	100	100	13	17	28	55	35	66	38	77	25	87	68	78	3	86	73	58	15	65	4	74	31	70	68	98	92	17	72	82	72	81	82	88	30	40	61	88	73	8	96	35	49	71	39	79	35	64	63	71	44	32	50	86	71	25	99	62	77	77	95	17	8	71	57	18	27	33	69	16	26	41	50	15	18	77	78	13	37	10	27	76	82	57	8	87	54	6	75	79	76	8	7	72	100	53	50	55	85	23	23	60	63	63	31	43	7	5	61	21	90	5	36	98	46	55	19	59	32	85	70	55	38	88	49	94	10	60	88	22	
43	20	84	78	56	27	11	30	15	64	79	58	23	32	2	89	77	56	77	37	53	91	7	84	55	76	32	63	90	84	66	84	57	90	92	51	87	89	13	39	78	22	74	87	56	47	72	8	7	35	43	81	97	40	91	37	41	17	58	82	62	39	58	60	83	83	7	45	55	99	75	96	24	81	11	15	25	70	80	43	9	52	61	38	67	37	10	39	64	14	21	24	42	17	92	11	39	58	76	85	20	33	13	13	87	47	68	50	95	11	4	62	61	73	60	73	44	28	25	8	48	11	9	66	76	54	88	29	91	80	67	82	35	38	93	19	48	21	81	60	86	1	24	64	92	21	62	24	78	100	78	11	92	86	54	83	84	10	14	9	72	63	50	12	37	6	55	44	94	29	75	3	65	56	86	67	79	1	25	75	59	77	57	54	27	46	37	89	35	6	15	84	70	72	68	29	58	51	96	55	
41	62	75	86	27	91	37	43	86	99	34	21	98	38	98	20	57	77	30	47	90	51	29	33	97	31	39	63	36	35	69	19	36	93	31	65	72	13	15	1	38	87	70	9	82	73	26	58	94	81	96	36	61	14	99	31	6	25	51	14	59	26	59	87	66	99	83	90	88	61	65	21	25	46	92	53	53	75	37	2	90	28	54	19	99	32	49	4	90	33	24	18	98	74	4	18	21	67	47	85	73	57	20	72	28	67	93	21	33	21	87	83	19	7	80	100	42	25	43	85	43	27	74	73	85	99	68	89	85	20	38	6	88	21	29	16	18	4	39	62	20	3	19	3	78	25	89	87	75	24	77	26	27	36	45	86	26	61	63	19	20	63	82	20	97	16	10	62	47	86	30	79	62	39	65	37	7	68	32	58	90	12	56	90	25	74	79	37	84	12	88	46	74	27	38	5	87	96	48	24	
15	42	28	65	94	34	11	46	20	80	53	11	88	1	6	16	82	37	47	11	46	4	59	89	12	47	54	53	75	87	10	23	28	82	92	35	82	13	10	32	69	99	42	46	4	50	19	23	86	20	97	73	60	77	80	66	64	34	47	76	19	34	34	78	75	28	88	21	57	24	46	39	96	96	2	23	87	87	80	40	43	86	53	98	23	44	57	44	81	27	64	11	67	79	43	50	5	5	57	31	28	11	62	35	90	13	28	28	46	97	34	73	87	49	56	73	14	48	85	5	75	62	1	92	10	47	46	78	64	76	4	41	1	94	78	59	44	40	94	26	38	99	28	21	13	37	79	42	92	18	50	93	36	64	18	34	82	97	59	85	36	68	59	80	70	53	59	28	97	23	12	90	45	52	14	27	35	71	78	29	56	27	77	40	38	9	17	10	70	6	18	31	41	42	49	87	29	48	36	17	
24	53	69	91	70	19	34	99	90	31	10	87	96	13	65	90	50	53	90	46	70	44	6	59	81	27	96	1	80	55	5	12	6	72	90	67	41	7	39	43	7	34	63	30	86	88	55	99	83	96	52	95	88	5	90	68	46	31	65	43	1	20	88	81	48	91	86	19	11	7	100	30	5	30	11	94	74	74	36	22	71	5	11	43	93	25	81	45	57	61	91	57	31	70	86	56	3	9	75	15	51	74	27	46	80	82	25	21	84	44	25	76	17	90	100	2	14	89	7	23	32	27	38	95	42	6	7	27	67	82	74	63	20	6	18	82	60	29	97	84	76	15	75	89	86	44	20	21	93	89	13	41	78	15	66	16	97	71	19	13	11	50	14	97	22	20	76	55	34	84	64	58	96	77	33	80	84	100	81	36	39	87	14	47	98	67	46	84	77	69	82	64	28	95	65	53	13	59	73	80	
10	21	52	64	35	17	54	53	26	93	42	97	23	7	41	77	93	91	51	4	44	54	11	3	16	58	10	68	80	12	13	79	69	92	56	49	86	10	48	91	5	10	94	97	17	1	9	39	58	51	1	10	39	24	92	30	79	18	18	23	46	21	78	6	82	20	65	36	25	23	5	6	7	56	2	38	54	33	28	82	74	31	29	42	3	37	42	62	98	68	73	56	79	25	39	7	21	21	39	11	87	46	36	80	80	60	86	56	30	34	15	64	74	45	92	40	64	81	82	40	70	67	37	27	21	52	26	96	29	92	58	17	85	76	23	93	40	50	32	85	11	39	82	59	59	2	65	72	53	28	92	6	59	74	2	12	6	11	57	23	28	76	61	6	69	88	51	90	65	73	80	9	26	7	47	98	38	52	90	29	58	85	40	7	91	22	58	88	41	78	100	70	36	7	60	13	22	15	27	78	
78	73	55	78	41	3	64	51	57	42	15	17	8	88	1	70	57	7	29	59	6	11	18	37	11	68	62	43	36	15	97	31	40	26	5	5	53	45	26	58	53	30	80	45	2	11	96	72	81	47	41	31	47	97	21	74	38	7	49	76	75	51	30	26	24	26	28	87	69	80	85	52	46	18	65	59	64	21	50	55	9	60	7	58	15	33	12	51	83	96	94	81	46	15	9	23	72	65	82	45	77	4	3	50	68	43	79	83	33	46	30	27	27	23	11	38	8	95	88	92	92	47	89	75	3	80	48	37	6	24	3	21	36	48	18	76	50	10	33	26	4	51	67	12	89	16	6	43	39	2	65	5	74	59	63	70	52	23	88	84	61	16	49	77	98	6	90	51	70	16	92	48	57	74	93	34	32	20	72	17	51	17	69	47	72	92	90	64	34	69	20	33	75	99	55	6	88	98	5	23	
96	47	74	15	87	30	78	6	25	28	10	1	61	55	3	30	92	84	33	89	59	3	37	35	83	28	7	5	4	35	37	39	77	84	75	36	86	70	36	57	69	92	98	2	59	65	3	45	52	22	86	26	29	86	90	89	42	62	100	79	74	50	17	32	49	84	70	16	67	35	93	82	93	92	14	44	94	37	16	69	42	71	80	44	14	15	91	2	89	35	45	66	45	58	100	99	49	98	45	62	70	56	27	87	3	56	50	92	63	55	88	92	7	69	25	50	61	71	2	60	62	60	75	60	87	31	93	74	21	25	68	37	51	51	84	66	32	46	77	66	91	58	7	29	60	99	77	19	37	1	68	78	95	69	42	63	41	11	28	79	19	91	33	63	28	51	100	39	21	53	69	54	67	73	23	1	70	68	30	46	46	19	46	14	72	71	93	91	36	24	86	3	26	74	98	11	28	27	28	25	
78	22	17	25	100	16	40	89	44	19	49	38	42	51	53	91	25	55	97	12	81	16	11	83	2	61	23	94	35	56	9	28	86	15	4	88	64	5	100	76	12	97	86	69	66	15	59	55	29	15	81	97	64	95	28	20	35	64	98	91	64	84	94	73	1	61	56	44	52	56	43	39	66	74	14	23	52	27	26	34	55	17	35	93	12	53	83	44	1	80	96	18	67	84	26	13	29	2	33	46	77	13	81	23	42	67	9	79	78	19	37	52	39	24	4	5	53	41	17	40	30	67	49	48	60	79	1	44	66	70	36	20	69	63	15	61	30	49	32	65	39	87	28	61	17	96	49	8	76	71	11	42	66	89	45	91	57	9	40	95	73	31	26	7	14	45	71	49	49	9	47	19	43	59	80	52	67	91	65	61	80	21	1	66	16	11	50	82	88	79	52	20	14	47	28	8	95	22	19	84	
15	4	28	64	68	30	5	54	45	45	96	34	9	18	92	29	39	76	31	47	27	58	68	28	61	78	44	2	43	55	53	68	37	88	44	29	61	3	3	3	15	91	95	32	56	84	16	2	88	26	85	25	64	67	100	95	2	64	32	99	25	19	35	32	21	8	57	53	10	89	14	4	13	45	44	65	40	92	94	4	82	16	82	98	56	61	62	24	97	36	17	98	98	80	87	98	81	33	33	39	9	18	39	58	37	60	44	9	72	89	61	96	4	94	11	17	60	57	65	76	78	94	68	35	34	8	53	20	54	88	91	86	57	78	10	90	80	18	76	35	22	5	77	79	33	25	51	77	44	90	11	99	67	43	57	3	72	89	96	63	9	58	24	48	16	80	46	73	25	56	39	27	46	19	52	4	54	9	22	10	93	84	70	6	20	84	77	29	56	93	64	81	11	39	98	2	92	78	21	1	
77	78	62	86	74	64	88	100	49	15	31	54	51	94	39	79	14	32	39	54	96	10	62	7	23	44	47	7	41	93	97	91	54	89	24	48	77	56	73	40	28	22	41	74	46	2	67	41	38	96	10	50	60	1	52	14	98	34	34	87	20	9	15	90	57	71	40	33	21	93	24	6	18	82	63	1	65	64	69	28	8	35	19	80	20	28	93	88	52	45	61	57	81	69	42	43	31	43	33	15	51	81	16	68	4	51	24	18	12	37	42	73	11	27	70	89	64	1	75	34	6	17	67	96	50	75	83	47	84	70	65	18	17	27	75	54	86	100	62	83	1	24	47	82	100	14	32	27	31	23	26	64	37	8	37	51	93	19	86	89	49	38	21	24	49	45	14	74	66	75	36	68	15	45	96	90	43	83	45	84	21	53	21	27	77	28	32	6	73	42	51	31	95	44	92	33	94	2	92	15	
8	12	67	100	68	33	14	65	20	20	86	59	61	89	9	93	73	63	63	53	1	68	43	5	94	2	7	76	73	15	59	83	58	7	94	17	21	13	69	36	46	65	79	14	70	100	87	39	24	84	64	98	81	28	47	46	7	10	70	48	53	36	37	50	71	4	23	70	88	96	20	4	10	74	83	40	11	5	73	39	100	34	51	42	83	30	7	39	17	14	26	22	6	84	91	84	92	77	97	61	78	3	32	14	60	69	84	48	46	57	69	92	85	85	81	95	10	71	12	18	23	41	79	67	68	92	20	94	4	6	33	11	28	43	54	83	7	88	36	26	92	1	81	50	41	81	90	5	25	32	41	59	65	19	71	37	77	35	57	45	9	28	9	90	45	4	15	94	25	18	71	53	4	34	39	55	54	71	71	94	49	31	32	76	28	9	19	89	88	78	1	70	69	81	69	29	5	22	62	37	
1	73	87	53	44	55	44	56	99	88	17	99	67	10	30	81	89	90	36	75	80	80	36	4	35	43	41	73	54	20	76	80	69	5	70	2	61	48	1	3	3	70	70	55	3	3	17	38	49	75	100	39	56	63	40	92	3	88	45	73	46	47	22	89	25	49	78	67	80	53	49	13	82	46	55	52	41	100	40	86	48	41	60	20	3	91	83	69	73	24	77	45	26	54	67	49	45	72	22	77	84	46	58	70	78	19	79	1	87	98	53	49	61	11	61	36	92	13	91	18	77	8	22	59	66	85	35	25	74	34	19	69	99	82	48	88	54	67	3	72	100	98	2	38	61	63	5	44	57	4	36	50	35	32	44	61	1	14	62	17	69	26	24	83	58	80	14	45	17	35	20	86	64	19	77	29	2	8	48	43	44	62	59	48	8	47	43	76	19	40	19	41	63	56	36	94	20	82	99	51	
21	35	29	79	48	27	70	31	98	32	30	14	15	54	46	53	86	84	35	87	55	12	15	35	56	55	93	15	20	67	46	30	17	62	30	92	38	33	88	64	50	33	51	78	39	56	39	4	58	93	76	16	40	49	48	82	75	49	96	2	33	3	13	48	63	76	100	17	42	3	89	89	96	69	90	26	16	35	71	69	87	30	65	32	67	67	100	45	45	60	100	91	32	64	61	41	52	87	24	88	68	15	47	85	29	79	19	49	67	5	12	8	84	25	28	93	91	71	74	67	72	61	95	59	23	77	84	67	47	48	65	25	50	51	69	34	67	58	43	56	14	85	57	95	15	57	30	77	79	54	26	76	98	66	40	49	64	40	33	78	24	21	72	5	5	70	62	27	36	83	48	83	9	75	45	83	73	60	86	97	22	68	92	11	15	92	31	7	4	22	95	37	54	77	1	40	16	10	60	30	
48	5	73	24	31	79	19	42	27	86	90	34	28	35	92	92	66	66	69	10	5	13	97	37	9	53	97	59	76	46	41	87	71	9	79	51	95	47	42	30	63	17	48	2	28	83	69	91	8	7	5	77	40	74	28	19	71	65	78	7	30	65	88	68	51	52	32	98	73	47	90	21	67	66	7	72	56	16	76	25	78	81	25	83	50	97	2	98	15	35	95	62	75	9	10	100	64	23	68	32	36	82	59	90	18	25	11	91	63	25	26	2	60	27	70	58	95	58	16	28	65	57	84	29	31	86	86	92	7	44	50	87	42	28	3	60	49	29	53	28	95	69	43	33	78	35	70	17	59	64	7	45	73	31	22	56	62	86	9	13	30	48	75	8	3	1	50	72	91	64	73	36	72	10	8	88	17	97	84	83	20	18	33	53	92	49	96	62	18	60	28	72	45	11	75	87	74	13	97	53	
44	34	85	56	49	39	17	52	61	98	16	82	39	45	34	12	49	84	19	23	12	79	31	39	28	68	91	83	80	30	87	58	21	67	17	8	31	35	28	5	59	24	58	27	74	56	64	95	22	70	80	64	99	9	49	6	29	7	82	45	29	6	76	52	36	81	53	46	9	83	12	47	31	25	31	8	34	67	64	17	48	27	28	56	30	39	80	66	25	28	50	73	100	94	52	72	74	41	58	60	33	91	45	56	68	91	15	47	15	79	4	90	80	98	25	67	94	80	24	40	59	28	49	55	21	39	24	11	44	90	33	95	6	61	7	52	8	62	82	7	68	62	1	82	6	24	31	52	82	81	84	9	66	54	80	37	92	82	83	81	76	34	73	15	86	7	45	14	89	25	49	44	13	42	94	47	16	50	16	1	72	87	47	12	42	14	88	79	86	11	37	42	100	68	16	19	97	34	44	7	
95	1	68	66	42	46	88	53	60	67	1	29	37	39	71	13	85	57	36	28	6	69	40	77	86	37	54	58	69	17	71	21	65	29	55	98	1	43	70	43	16	46	50	37	3	44	26	26	85	13	92	66	77	90	24	86	28	21	61	96	88	58	77	21	67	61	3	47	62	98	12	64	63	34	68	6	73	100	38	62	62	30	61	64	11	28	79	80	85	52	19	55	59	22	88	92	82	78	27	81	85	88	51	81	30	8	56	33	58	9	64	14	60	57	74	53	18	16	26	62	12	46	85	42	74	49	35	44	15	9	91	89	92	53	50	74	25	89	75	36	51	84	25	81	55	85	8	86	82	27	78	96	21	30	82	79	78	94	51	96	78	88	84	72	63	85	96	2	4	9	95	15	32	40	80	54	7	90	3	7	25	67	59	71	45	88	87	86	18	93	30	56	93	9	98	70	39	4	38	26	
24	74	89	34	72	18	18	97	24	30	39	38	6	23	93	79	69	90	93	82	72	92	26	84	15	88	89	7	5	62	9	67	29	51	70	7	49	17	71	18	64	73	6	43	67	94	98	40	36	8	39	96	58	65	2	62	22	25	22	72	88	60	21	58	94	68	64	76	75	23	45	96	35	28	68	20	89	10	47	95	93	89	8	71	20	77	50	46	76	21	84	36	86	77	61	54	15	67	17	79	30	3	74	70	67	74	61	70	71	62	1	91	73	50	18	45	3	57	95	26	69	9	25	38	43	68	88	45	68	49	16	87	73	49	97	50	97	1	37	66	6	25	47	12	32	36	85	41	94	47	31	13	91	8	49	2	65	41	98	59	4	51	12	54	33	37	86	26	70	40	54	47	14	13	56	54	84	76	15	53	82	78	46	100	4	93	28	65	26	39	19	83	91	92	52	90	43	44	57	67	
40	32	93	43	53	71	44	52	90	11	84	50	67	7	75	12	73	92	31	92	90	56	5	75	4	44	24	94	70	30	79	17	55	70	89	51	77	79	99	96	94	8	35	18	5	55	94	39	35	76	12	16	28	93	95	27	90	98	97	29	72	8	87	86	34	58	22	90	52	68	29	79	65	37	49	23	44	33	34	64	76	39	71	29	90	56	14	52	48	21	28	40	57	53	62	2	39	93	11	25	71	37	2	20	82	26	29	22	86	33	17	92	57	16	30	22	7	89	59	29	37	25	40	41	98	4	54	7	99	34	72	90	50	29	63	36	30	65	5	95	92	68	15	78	14	94	82	7	93	39	30	72	56	94	23	48	30	27	73	23	62	1	53	56	86	59	4	98	91	12	2	9	4	87	21	83	2	50	99	95	53	77	53	59	55	88	8	32	35	41	40	19	90	12	30	83	71	73	21	10	
65	3	29	95	60	15	29	38	97	55	42	13	94	35	44	95	45	51	65	35	67	49	5	36	88	29	48	17	2	92	51	8	98	7	51	56	47	54	71	21	16	35	1	75	39	68	49	47	58	51	76	92	95	4	96	51	31	27	7	93	57	9	56	8	42	73	29	37	8	22	91	81	95	35	73	33	70	87	89	47	98	93	61	25	33	25	65	41	35	51	92	35	44	94	43	67	75	12	8	88	36	18	12	52	96	34	10	24	3	9	20	63	74	84	77	75	41	87	86	37	52	48	37	89	60	86	37	69	22	5	64	18	30	86	20	93	86	31	54	85	52	100	10	48	84	5	99	8	41	77	18	4	20	71	30	93	10	35	34	10	63	90	28	61	62	48	53	13	19	5	43	62	39	89	38	25	60	90	39	54	61	16	66	49	81	46	13	96	94	94	45	43	68	81	28	96	14	58	66	92	
94	62	3	85	30	29	43	98	54	83	42	19	33	3	22	28	53	87	72	82	41	86	53	86	64	61	77	21	61	38	95	31	1	49	77	47	47	55	59	21	66	79	89	47	7	65	15	77	36	37	70	6	83	50	20	92	32	12	64	51	96	66	31	71	95	79	36	43	66	62	50	11	35	74	30	68	83	88	15	26	15	69	7	80	84	72	2	36	28	70	19	58	35	31	82	8	42	18	70	75	28	2	86	91	50	52	84	45	37	13	21	18	20	83	69	100	58	85	18	43	95	39	96	83	10	70	97	95	16	14	5	21	51	52	39	84	19	93	40	73	78	11	15	17	80	84	61	39	95	7	62	89	18	88	21	96	17	11	41	74	41	75	27	61	26	80	85	79	99	18	3	79	71	22	81	58	12	34	50	21	62	84	90	50	11	80	71	26	66	72	18	20	54	67	91	86	96	2	96	20	
57	47	58	5	25	70	80	14	5	2	23	91	21	47	83	67	99	89	13	13	7	10	45	70	5	3	56	13	48	33	47	35	43	17	79	54	55	28	69	65	88	34	2	20	25	99	1	90	43	71	65	36	14	76	100	91	53	27	51	38	55	24	11	50	73	49	18	17	97	94	75	49	27	99	96	58	17	27	58	98	37	74	87	36	68	46	33	65	25	24	76	99	64	26	88	27	95	39	86	49	29	48	22	9	17	6	62	83	85	73	86	13	19	14	20	17	97	93	71	9	59	89	72	27	76	90	25	6	3	97	44	28	27	42	72	21	90	43	15	58	79	1	20	82	64	89	79	80	17	12	26	99	18	90	88	25	74	83	84	13	36	1	26	52	100	49	32	78	67	29	62	52	63	75	45	7	42	14	54	93	64	37	24	48	48	37	97	79	25	11	29	44	61	16	27	43	53	42	19	89	
47	24	67	76	80	22	33	14	19	46	6	51	69	81	17	93	6	13	15	10	39	48	26	36	100	3	73	69	1	88	42	28	70	71	99	71	59	69	75	45	57	97	65	21	9	84	50	93	19	47	75	56	41	32	86	21	43	68	88	88	38	24	88	95	94	59	65	41	61	60	65	100	13	49	44	37	52	11	98	45	27	95	7	35	63	84	7	83	61	50	31	59	93	83	3	12	45	47	13	66	3	6	79	82	77	77	88	72	100	62	73	20	74	58	30	95	60	18	57	11	78	56	25	31	29	45	43	29	69	75	84	21	5	39	19	19	47	73	67	16	15	14	98	88	78	17	89	92	55	77	96	50	97	58	75	22	66	64	68	61	48	63	92	6	78	67	1	60	64	39	80	65	68	75	35	76	25	65	41	51	47	86	96	88	75	82	64	22	51	5	93	71	9	91	4	61	54	48	60	21	
94	87	14	83	62	96	61	82	3	60	1	25	43	48	74	23	27	39	1	32	43	91	58	57	76	3	40	36	3	64	30	5	43	18	96	21	21	65	45	33	85	17	13	29	51	58	26	84	22	46	17	93	49	1	66	45	91	91	7	40	36	26	75	38	26	31	66	42	86	80	36	95	22	84	18	93	67	32	96	44	42	69	19	18	97	7	88	24	53	97	44	12	40	52	83	65	10	50	33	20	32	58	87	7	53	65	42	37	64	31	11	73	5	15	56	48	66	28	43	32	7	77	10	35	65	30	14	59	56	72	73	20	21	41	26	72	48	26	76	24	44	17	71	1	36	84	42	89	19	78	64	80	21	62	38	5	50	92	28	50	37	76	52	60	38	84	24	53	31	66	81	47	70	44	17	21	42	79	35	33	67	35	59	82	75	56	94	25	78	8	20	6	72	51	69	6	81	20	39	36	
92	33	31	78	42	98	12	77	70	55	45	35	57	82	84	16	51	78	38	69	7	5	53	69	12	15	28	46	3	50	63	59	16	64	94	16	66	88	57	85	48	16	93	70	14	99	7	20	61	98	97	95	58	83	71	32	84	55	34	27	53	5	2	14	76	51	88	62	9	25	30	82	21	49	31	11	14	49	98	66	59	65	65	17	41	88	77	81	93	50	72	27	65	73	28	1	64	56	80	47	11	8	19	88	29	30	71	22	8	67	40	99	51	5	2	97	58	91	100	97	34	6	2	1	75	6	36	48	62	29	84	25	92	87	27	8	44	19	44	14	54	48	84	65	68	14	96	62	79	38	84	99	32	95	77	5	26	24	35	24	39	16	12	68	34	31	66	43	94	22	5	4	41	60	29	21	21	89	51	38	81	79	70	73	73	87	95	15	99	99	60	66	40	56	51	82	99	83	79	22	
55	93	23	66	99	12	96	61	58	26	86	81	76	53	34	64	40	22	87	99	34	10	30	92	97	91	22	65	70	33	17	24	46	73	8	35	79	34	97	17	16	5	68	33	95	67	30	24	44	89	40	36	86	58	38	63	51	38	92	39	44	86	89	64	2	92	4	90	94	97	2	19	40	80	2	82	80	8	91	56	73	5	12	39	79	68	44	68	66	43	2	43	36	1	25	47	85	26	87	28	22	81	97	19	74	15	34	69	88	83	100	42	74	90	70	29	39	60	17	27	35	44	35	12	44	64	17	12	78	79	37	19	81	3	33	62	13	36	97	26	70	36	21	38	60	13	85	3	5	85	40	94	79	90	74	11	93	51	31	17	17	28	58	71	63	4	50	25	80	17	10	61	26	3	45	76	2	78	19	47	13	14	83	14	42	34	41	90	28	67	75	57	70	91	81	15	91	76	98	46	
53	58	39	89	71	100	67	63	23	67	42	97	78	5	80	91	25	74	70	42	63	94	80	98	86	95	41	79	70	51	48	58	50	6	35	1	89	2	65	13	93	68	34	17	81	34	34	86	24	87	1	81	22	98	30	49	66	66	22	73	15	48	18	27	43	89	93	65	94	32	82	36	26	27	23	77	99	44	32	82	55	44	74	48	7	23	28	17	98	62	43	78	13	37	48	1	11	76	72	60	39	49	77	45	61	51	19	48	76	5	9	51	63	46	24	25	24	21	85	23	50	76	4	31	7	70	11	14	72	60	86	87	18	95	100	14	29	31	37	18	46	31	44	88	20	83	65	96	75	94	100	75	39	56	26	46	7	18	91	57	36	93	44	99	72	40	84	79	94	83	20	31	97	50	17	68	38	48	36	88	9	62	37	46	56	25	96	98	78	15	9	80	19	82	97	3	21	67	27	78	
27	7	91	51	78	100	58	79	68	14	96	13	39	27	83	98	73	87	9	46	30	97	45	2	69	32	74	14	55	78	2	27	37	43	18	75	47	20	21	29	70	33	17	7	64	4	54	57	60	92	52	81	66	35	11	33	23	43	98	92	16	83	95	27	19	92	53	40	86	35	63	35	22	7	48	42	49	71	30	48	99	6	35	45	83	74	5	84	65	71	88	16	34	82	23	35	20	28	48	57	68	73	28	37	77	26	84	42	5	84	22	81	88	52	36	43	43	47	19	3	88	44	4	91	79	56	10	84	70	9	93	18	80	85	64	63	52	15	99	44	68	88	10	88	48	74	90	34	11	34	48	69	49	65	29	62	99	100	21	82	52	10	47	4	24	55	100	44	47	49	3	81	45	99	100	88	98	82	55	10	49	16	81	76	21	31	83	19	22	40	48	1	87	84	49	98	51	77	91	25	
72	24	64	46	44	48	71	52	14	62	8	45	29	11	53	51	10	56	82	4	86	17	2	59	66	56	46	70	3	39	28	74	3	67	5	39	7	25	9	51	14	95	81	64	98	23	29	58	26	3	56	35	36	94	79	21	7	49	76	22	47	6	2	22	56	27	66	19	15	83	51	39	29	66	96	63	31	75	3	80	61	95	96	93	35	80	89	1	84	51	58	79	61	21	82	50	81	55	61	67	2	39	5	57	1	71	80	28	13	81	57	69	88	78	52	2	85	1	99	90	100	94	69	20	70	75	23	15	22	37	68	24	45	97	34	85	66	11	5	6	52	31	4	13	56	77	30	100	72	37	82	57	29	5	3	10	4	30	14	22	58	46	2	67	52	85	64	70	84	67	33	5	25	69	11	63	96	72	99	11	82	81	85	62	40	17	64	80	71	93	64	6	100	58	95	66	48	72	8	6	
8	93	89	75	63	45	77	45	95	89	89	43	57	17	23	5	27	47	73	50	88	1	11	65	15	84	2	100	3	56	83	56	44	94	55	68	65	99	84	58	99	67	34	4	23	39	13	16	21	32	99	30	12	34	80	87	63	2	90	51	68	27	16	16	59	35	83	53	73	92	12	95	55	43	72	98	56	74	74	88	61	2	27	22	42	77	99	69	88	15	3	5	98	6	56	36	3	79	72	7	72	55	98	10	15	41	12	67	89	15	27	36	75	59	9	37	68	36	50	3	65	77	87	13	20	75	56	100	43	74	70	37	25	20	64	58	68	18	86	82	83	37	10	19	51	65	56	8	50	65	22	96	75	94	12	52	22	35	60	82	31	54	100	48	90	9	94	55	85	3	95	19	84	80	94	49	93	19	95	28	70	49	9	87	61	85	79	89	36	75	34	38	89	85	32	66	61	44	9	26	
96	49	85	23	55	55	34	20	68	91	48	76	72	39	43	22	56	72	26	19	55	9	96	3	59	16	67	87	17	39	69	64	26	98	94	49	15	1	50	26	7	30	34	54	29	13	68	21	29	95	97	96	70	75	35	75	61	5	63	78	94	54	79	17	34	20	100	29	100	14	97	28	33	24	49	74	50	66	83	56	73	48	24	8	22	85	86	76	91	15	79	97	78	23	80	22	80	59	10	50	13	5	60	93	8	80	19	90	94	42	12	80	67	56	58	30	48	40	67	49	26	7	84	41	5	94	31	75	27	79	63	86	48	23	32	22	32	76	43	45	81	61	80	49	37	1	65	85	18	80	55	88	100	41	19	29	43	16	88	47	74	46	71	81	98	33	83	79	49	40	39	82	14	47	83	55	27	44	95	69	19	79	44	77	97	90	92	44	17	7	55	5	94	1	58	65	84	3	68	23	
26	50	19	8	96	88	91	42	91	63	65	41	36	100	32	42	27	8	58	23	99	39	72	45	55	2	41	39	38	4	91	95	26	40	39	47	77	90	93	84	20	24	86	57	58	16	21	93	89	72	25	48	68	50	100	57	99	100	68	32	80	26	21	33	61	3	11	19	55	16	22	28	83	54	36	24	29	3	100	36	39	49	81	20	5	29	67	65	70	19	43	76	86	94	1	35	92	56	14	60	56	72	29	76	54	74	11	30	32	93	94	95	65	87	40	49	92	45	37	83	83	9	17	22	25	61	93	82	54	31	98	48	86	24	27	93	1	98	89	100	100	10	37	2	38	72	24	1	65	45	96	34	31	27	17	41	28	75	36	2	36	89	21	95	20	28	76	51	75	48	9	4	84	72	8	76	1	21	51	68	39	88	75	12	61	69	69	2	43	89	68	88	96	27	75	83	73	95	61	18	
63	55	15	95	30	50	63	85	63	50	22	54	62	87	92	84	51	7	94	86	83	58	81	52	29	88	38	24	49	58	8	22	85	36	35	58	36	43	19	22	61	44	24	60	26	21	29	89	9	73	72	5	84	89	55	17	67	51	28	77	24	16	62	18	49	49	96	71	30	36	31	4	95	49	21	34	68	27	37	41	27	87	27	34	42	22	15	36	80	31	21	8	47	99	14	72	51	13	51	25	34	29	95	52	51	11	13	37	97	63	22	30	23	87	75	20	100	35	44	39	36	12	85	97	34	58	43	56	70	49	80	43	75	86	73	55	29	15	1	14	18	28	43	27	83	32	66	91	62	77	95	53	13	96	95	4	2	50	31	32	94	92	67	6	30	64	1	98	87	83	14	34	27	8	83	53	73	73	56	3	56	42	51	39	95	97	58	78	52	72	35	30	38	11	69	10	31	100	58	17	
57	48	99	99	60	7	65	40	75	26	2	72	90	55	89	13	22	35	81	20	96	51	47	22	15	26	96	84	75	93	7	70	13	8	76	51	37	71	47	46	98	89	87	92	3	32	95	72	73	29	12	10	47	54	20	35	17	84	70	50	56	72	65	32	80	69	84	94	34	33	61	46	14	51	28	50	49	13	69	58	97	39	93	1	38	25	56	46	58	53	14	24	57	76	88	80	3	36	63	80	57	50	79	53	54	97	49	18	81	18	25	15	100	52	69	55	53	20	53	18	55	92	73	7	71	26	24	11	21	71	76	64	92	17	96	78	35	90	70	13	1	25	43	2	81	28	33	24	39	73	88	79	80	83	43	54	89	56	81	99	66	41	36	25	69	18	61	42	19	26	55	79	24	1	94	43	3	47	69	68	79	38	31	37	66	3	16	14	23	60	8	47	92	77	51	14	7	82	29	88	
68	41	88	63	72	11	40	80	32	50	44	32	89	7	18	23	60	43	96	97	52	1	41	86	81	85	10	64	100	76	5	80	92	39	12	76	70	65	75	17	97	40	1	52	56	99	97	25	72	12	84	9	41	35	37	50	72	44	35	2	27	12	1	48	22	64	98	27	19	26	84	60	72	43	98	70	88	29	8	6	28	54	67	29	42	86	76	65	11	88	20	2	36	80	51	45	3	38	10	96	9	67	81	85	11	74	1	69	80	81	50	68	99	87	90	55	92	2	42	44	62	36	100	35	57	96	16	99	48	100	47	34	58	57	68	51	99	85	76	96	75	86	28	55	85	90	72	82	45	82	41	10	59	97	100	26	21	48	16	62	24	84	36	36	8	43	91	69	60	56	48	15	82	44	12	21	20	65	12	76	77	26	16	22	38	9	37	84	34	77	44	5	59	81	60	41	19	23	45	5	
80	87	32	30	37	29	40	49	56	21	45	73	3	16	77	75	11	81	36	73	95	10	31	26	97	25	50	98	39	16	77	64	66	96	16	92	6	36	56	93	95	36	81	81	35	30	96	48	5	10	9	93	81	26	13	43	94	96	62	53	37	86	81	27	87	25	46	50	64	60	90	33	94	11	72	50	42	83	95	39	56	71	47	62	90	47	72	23	16	77	56	100	95	34	89	39	20	7	88	81	84	77	56	21	63	15	37	98	14	28	10	75	93	45	94	57	45	7	77	53	99	38	15	41	92	18	35	20	25	24	86	47	86	16	75	89	94	44	26	7	27	38	93	60	29	15	72	8	29	91	93	26	54	65	31	43	15	32	15	30	24	17	34	44	78	30	12	4	36	7	4	10	92	19	50	96	22	55	100	8	74	71	87	29	50	39	35	61	29	50	66	76	92	26	95	71	13	58	51	54	
9	31	80	3	57	26	14	84	66	87	50	78	69	99	54	78	37	97	61	60	88	39	47	29	64	64	60	81	56	40	40	99	77	58	28	95	83	14	41	49	58	86	22	66	36	12	70	68	84	47	41	81	38	35	100	87	10	36	3	30	99	61	16	10	77	59	67	19	17	80	16	50	21	69	34	57	75	90	20	50	26	69	8	48	29	34	29	8	92	42	22	56	99	38	39	20	31	88	46	5	16	79	3	46	29	29	23	87	22	53	92	59	19	10	13	66	5	43	77	15	7	24	28	41	11	41	45	91	15	89	64	51	46	33	15	99	100	22	99	19	96	38	56	51	100	45	94	86	5	31	70	85	22	65	34	17	40	30	26	87	8	60	93	9	65	41	60	33	96	87	75	94	10	77	14	79	44	80	30	43	59	88	42	89	64	46	99	32	50	15	64	37	89	68	84	15	24	89	19	77	
89	73	42	45	25	99	3	96	8	72	31	75	30	52	99	39	17	40	14	77	5	24	97	86	95	67	1	28	63	49	74	9	90	65	93	4	50	76	32	1	83	58	98	35	94	34	75	50	89	54	35	26	35	35	96	28	89	56	14	48	40	30	31	20	80	44	91	41	25	71	18	38	83	30	32	61	30	50	45	66	90	63	19	7	74	77	86	88	14	25	8	62	79	3	68	28	64	48	62	79	48	37	28	5	52	82	95	35	68	72	48	84	6	35	98	98	56	82	17	2	81	1	86	51	24	23	87	65	50	70	78	1	59	10	45	2	16	27	70	66	92	92	80	82	72	48	96	92	37	86	27	56	52	71	67	26	58	77	36	30	48	54	7	39	60	86	48	81	37	15	1	88	27	12	15	53	5	68	36	84	55	25	41	29	55	52	26	70	2	65	49	51	82	78	41	86	92	91	18	28	
45	35	82	80	20	6	6	6	34	8	48	83	97	61	19	57	53	91	99	80	90	92	21	90	28	100	52	47	40	48	28	49	24	2	95	96	20	100	86	66	71	38	30	11	79	80	35	100	55	20	37	13	100	96	14	69	65	35	32	74	4	42	7	63	98	95	4	15	40	96	63	89	94	22	79	25	80	68	77	90	36	4	4	75	48	60	50	39	65	70	63	27	56	49	57	25	39	79	17	25	69	35	48	90	68	22	73	93	77	53	89	15	52	37	56	97	6	50	53	26	75	15	50	16	18	33	1	32	20	70	24	73	18	76	43	5	55	16	37	49	53	55	64	62	30	75	4	4	26	30	79	73	41	38	53	80	87	60	31	12	7	77	9	11	96	21	49	89	85	68	97	93	13	8	58	81	18	21	5	85	14	41	41	91	91	49	90	34	73	36	99	3	86	24	16	6	77	26	7	45	
7	16	6	90	99	44	35	50	37	8	71	61	10	46	8	41	92	37	31	66	68	30	74	89	20	95	14	46	92	82	19	6	86	62	27	51	92	91	21	45	32	63	49	33	21	87	75	57	17	35	50	43	87	28	69	60	65	76	41	97	22	34	37	40	11	2	86	90	79	27	93	70	66	17	63	8	57	80	46	69	38	13	53	28	42	57	32	54	95	69	72	56	83	86	45	83	59	27	80	79	81	15	75	32	52	47	27	22	6	9	36	4	54	84	70	61	49	45	56	24	91	16	17	24	66	52	65	11	98	42	13	30	1	71	79	71	15	76	47	64	20	3	62	86	40	25	16	48	48	15	100	35	80	20	12	20	20	16	35	68	16	8	30	5	90	13	85	49	26	65	51	20	79	51	67	29	60	23	64	39	83	25	77	12	9	99	50	99	29	2	7	32	8	59	21	18	54	80	58	69	
87	25	40	77	31	15	76	27	1	98	51	75	98	53	11	24	56	41	6	64	46	79	38	42	35	2	98	7	3	75	71	29	28	22	90	31	32	53	43	91	84	51	66	23	7	63	61	99	67	17	72	94	10	89	65	65	67	73	49	2	95	4	19	48	44	49	59	25	62	16	41	52	55	39	58	84	77	72	78	59	15	3	64	51	9	7	22	75	60	58	21	83	84	65	49	66	27	37	84	52	71	96	50	74	10	99	25	15	40	76	79	65	41	80	7	87	57	100	55	77	62	58	29	76	79	26	22	4	12	45	51	74	83	54	21	47	27	97	93	79	63	50	33	96	5	22	74	88	86	52	9	18	42	73	95	55	51	33	18	62	55	91	78	10	31	15	15	14	60	34	44	36	65	41	95	27	52	57	77	94	40	37	79	83	10	83	30	35	66	53	47	14	9	38	93	22	26	25	2	76	
97	53	94	77	75	18	29	44	91	42	32	83	69	85	27	87	5	17	25	34	31	18	7	62	64	64	34	10	88	49	65	7	21	25	98	27	12	27	68	91	55	38	66	43	49	2	5	100	51	84	44	96	36	56	35	76	73	88	20	90	57	63	60	34	40	2	26	76	23	17	82	28	40	90	97	65	46	7	58	61	7	26	25	73	85	76	60	34	19	20	14	55	89	75	45	25	34	30	49	51	29	53	16	85	6	88	67	43	90	78	32	46	26	60	19	29	78	46	93	57	62	41	47	48	46	37	46	65	75	8	33	81	6	18	77	23	39	98	18	54	71	48	23	28	80	68	6	39	49	55	77	77	40	59	27	42	100	13	51	11	26	17	69	36	19	97	74	24	41	73	63	50	27	46	29	48	28	11	71	50	7	61	2	53	54	55	46	92	10	42	97	1	51	30	13	62	83	46	45	25	
47	13	56	22	15	93	28	6	82	20	58	42	27	90	49	99	11	58	51	47	65	18	49	100	98	32	34	70	45	96	78	82	61	22	97	7	64	51	88	7	34	92	22	98	76	90	63	68	28	70	35	62	3	14	32	41	49	20	25	18	45	86	39	19	64	25	3	13	68	20	99	66	64	23	69	43	82	63	67	84	90	23	46	28	30	75	60	70	31	15	38	84	22	25	86	16	63	1	64	56	80	3	84	72	78	26	100	61	54	76	87	92	57	64	88	10	62	92	67	10	23	45	77	43	34	53	27	88	16	15	66	60	61	46	59	31	100	97	4	27	100	52	68	40	46	17	5	57	15	17	46	19	9	35	92	71	75	98	3	30	64	22	52	56	54	52	53	73	30	74	17	1	51	53	61	81	84	3	78	98	83	24	93	14	49	82	89	43	22	12	20	34	58	15	97	73	70	26	51	94	
98	85	60	69	67	60	3	55	99	20	37	78	93	34	23	56	41	82	14	76	43	23	76	79	91	99	87	48	73	2	7	45	96	72	29	93	51	38	88	40	27	39	73	92	22	51	78	32	77	50	2	53	30	48	74	97	2	90	18	54	3	83	39	35	66	48	55	66	84	79	13	20	8	53	26	83	24	7	88	77	12	93	91	67	5	89	9	64	26	92	93	97	26	61	95	24	20	53	3	86	10	82	9	68	43	19	23	6	48	46	97	70	50	99	93	89	91	37	16	2	29	65	25	24	34	73	25	13	84	29	57	9	45	59	36	55	49	51	68	36	54	10	19	61	27	43	23	70	1	34	32	10	69	33	47	42	20	56	77	13	5	10	99	62	47	96	34	73	73	42	26	17	68	31	47	80	32	11	51	87	66	84	80	17	67	13	95	75	72	94	81	65	71	35	75	62	4	6	54	51	
7	56	63	43	48	76	74	36	69	86	36	26	50	45	58	15	19	62	59	19	1	46	75	74	64	25	20	53	46	33	30	29	88	88	72	57	96	55	38	36	53	44	15	16	47	68	94	80	24	56	27	37	99	40	4	22	95	57	45	3	3	19	86	54	23	98	82	75	17	32	97	71	84	16	48	39	61	47	7	46	36	19	64	66	61	85	9	97	62	58	46	34	8	70	84	44	15	86	21	65	88	59	48	89	88	54	66	26	21	33	82	37	61	82	62	93	23	10	78	98	92	51	76	98	84	72	17	49	22	86	88	54	96	67	49	48	37	74	73	37	37	22	9	7	62	61	65	71	60	17	52	33	41	35	99	31	100	24	55	1	33	88	21	91	93	2	53	24	49	54	78	48	75	26	54	6	31	6	65	40	95	2	64	6	31	66	31	79	56	64	29	30	80	64	92	28	88	21	32	95	
82	20	9	6	30	43	82	100	91	69	95	42	99	47	14	8	26	39	26	34	20	21	51	50	84	19	9	36	47	3	65	6	58	60	8	9	66	24	24	26	5	86	48	83	6	27	54	26	16	72	12	86	61	30	42	34	4	63	86	83	19	66	58	52	13	66	39	39	66	22	58	17	7	12	82	53	59	13	35	92	22	17	7	95	25	100	15	93	45	72	8	35	36	96	81	66	14	59	81	12	49	94	2	21	28	71	34	16	50	73	98	11	16	79	69	42	50	24	75	43	95	76	7	78	57	97	36	47	18	99	12	59	16	16	76	64	85	5	67	42	77	51	63	45	4	37	77	18	13	14	6	39	15	25	8	89	83	34	99	39	65	60	15	80	19	74	75	89	78	17	24	5	26	95	98	25	62	13	68	83	98	48	82	54	54	19	7	96	55	95	63	83	85	20	32	31	26	56	4	52	
46	86	1	79	74	20	66	11	5	28	37	57	47	98	84	3	27	58	59	34	88	78	30	17	94	35	15	37	22	13	88	76	77	21	87	56	31	11	88	75	2	89	18	95	2	16	79	21	62	65	1	81	16	31	7	37	19	60	39	39	86	58	57	14	50	63	71	89	27	40	76	13	30	76	28	8	36	44	5	67	66	92	42	23	53	51	92	46	66	5	11	6	63	65	21	70	36	98	72	29	54	96	53	54	26	78	29	18	3	81	94	62	92	69	40	99	2	42	91	47	39	37	51	33	13	59	93	43	69	65	31	1	87	85	33	74	72	20	31	45	1	47	39	100	18	93	89	51	21	81	62	14	42	45	78	63	43	93	41	14	40	89	87	39	88	65	57	88	62	54	75	82	60	7	73	25	64	28	36	37	13	89	17	62	73	24	73	38	75	42	20	41	58	88	91	48	50	12	61	85	
47	12	2	99	62	16	6	70	32	60	2	23	86	28	52	88	91	60	87	78	81	6	26	32	73	32	90	50	89	48	68	52	21	58	86	8	71	50	95	38	14	64	27	27	22	16	17	33	18	32	48	27	10	20	63	40	48	34	19	35	54	52	14	75	20	23	54	36	14	98	85	21	31	92	30	13	65	48	97	71	31	44	10	75	99	43	9	69	16	53	94	1	31	78	50	95	52	96	6	81	79	25	39	82	52	16	90	81	38	42	12	3	11	47	42	42	47	39	24	62	97	25	44	39	46	87	95	74	46	40	22	40	86	48	70	76	83	8	16	77	87	8	51	97	40	70	45	74	6	37	95	7	96	69	1	67	15	36	54	54	38	63	57	6	87	34	13	54	28	13	24	65	61	59	84	86	54	5	72	80	91	75	100	28	76	5	58	61	21	71	26	31	77	15	86	93	56	42	96	19	
66	37	89	64	62	88	59	68	10	74	48	70	71	52	56	43	27	83	66	75	48	82	24	49	1	21	57	71	25	63	51	36	67	94	34	42	95	73	94	26	76	2	43	19	56	59	34	61	49	80	22	87	77	80	98	11	44	40	64	66	23	13	50	20	73	13	70	78	76	90	90	64	99	1	29	50	99	7	14	97	86	81	97	18	85	100	6	25	98	81	6	94	51	7	68	63	45	92	92	14	76	48	92	93	66	61	7	44	85	83	46	48	19	52	1	48	82	29	68	84	44	43	8	39	21	98	9	78	95	2	59	17	69	75	16	23	17	47	39	53	57	82	65	67	98	95	49	81	54	87	12	98	85	38	47	41	77	7	53	66	62	47	83	22	59	63	96	59	33	12	47	19	15	98	52	30	31	31	97	8	44	28	99	14	42	65	45	4	13	39	11	97	78	9	6	50	87	20	89	74	
18	46	74	39	9	73	69	13	65	75	20	77	63	44	90	60	4	83	99	28	91	20	26	84	61	8	71	4	49	76	52	81	61	68	58	73	79	49	59	31	51	92	89	92	27	35	20	3	49	69	64	25	59	44	95	2	49	2	25	48	98	66	63	23	13	31	39	55	61	56	16	54	44	91	39	78	7	52	25	93	20	89	8	25	92	98	38	29	29	56	46	4	59	4	10	85	52	42	70	89	97	6	33	97	51	46	46	5	65	80	33	61	42	47	75	96	31	19	3	11	3	22	21	87	77	38	49	60	31	51	73	44	55	2	20	11	33	25	76	69	31	97	53	72	59	26	95	47	95	64	67	38	72	14	64	87	9	36	24	56	18	26	34	74	35	82	78	76	94	58	68	36	100	18	97	74	73	64	70	58	34	58	51	5	95	63	48	10	73	48	1	63	10	89	36	96	63	33	97	8	
13	61	49	76	21	54	33	49	80	49	89	81	47	24	65	92	36	7	83	88	86	65	28	70	56	57	40	23	78	100	32	53	3	64	22	29	36	18	65	66	88	4	93	53	66	83	100	11	96	84	98	46	67	91	4	86	59	26	3	55	82	39	71	54	70	39	74	20	97	55	22	65	36	14	92	44	15	6	81	50	55	3	90	43	14	83	76	77	5	1	65	60	70	23	65	7	87	97	5	66	32	74	1	64	26	50	17	74	38	13	27	43	33	62	8	31	70	84	73	12	45	84	64	77	39	79	11	94	12	94	26	4	57	2	67	59	24	24	52	87	45	69	34	72	74	97	27	25	58	37	66	86	76	41	96	15	1	40	75	9	85	81	41	12	53	79	59	33	94	26	62	46	17	52	31	73	91	47	20	21	55	1	31	15	71	64	52	54	92	10	59	2	2	95	49	99	66	31	33	19	
87	78	65	77	90	85	2	64	88	94	94	86	19	100	19	97	71	45	90	21	19	36	87	16	44	53	33	70	67	17	98	46	47	76	90	37	43	17	41	42	62	90	65	40	19	53	29	19	71	94	27	50	19	41	15	90	25	76	13	66	75	39	89	36	78	55	20	38	36	20	22	47	85	48	51	30	9	6	36	95	47	18	99	5	20	25	1	63	61	75	37	65	11	76	56	87	32	89	34	78	76	6	18	88	73	74	20	97	61	98	8	58	7	42	42	72	80	78	17	78	44	60	56	52	53	74	20	5	7	55	1	65	18	17	2	80	6	79	76	28	94	43	5	38	65	14	61	71	76	34	78	73	41	54	46	63	27	75	64	2	40	70	48	80	9	86	93	62	23	34	10	27	99	96	4	60	60	77	94	84	5	96	18	78	16	12	94	66	5	64	46	93	47	68	23	23	68	24	65	50	
73	42	39	24	39	94	60	86	80	21	49	9	95	80	58	59	71	55	88	57	11	25	69	67	52	10	21	88	80	42	73	9	62	75	52	8	66	97	61	86	9	94	94	86	15	73	100	55	30	34	19	64	17	25	40	79	62	23	68	84	17	66	27	14	76	61	97	36	66	5	44	51	51	68	55	75	7	11	98	63	88	19	21	67	15	77	64	39	30	45	5	90	91	17	21	35	59	5	7	86	57	1	92	89	74	42	63	7	18	21	23	52	88	22	11	97	65	99	15	51	81	25	9	13	42	74	91	2	10	10	3	90	15	19	4	39	82	94	68	44	46	15	94	54	52	99	70	59	63	35	71	32	12	67	70	73	60	59	80	62	48	93	72	30	100	27	35	49	43	39	90	94	38	1	72	85	84	100	29	60	35	50	85	33	94	92	43	88	25	51	86	76	43	61	17	18	16	18	75	77	
49	80	33	67	82	27	50	55	76	40	73	23	97	39	52	41	46	99	61	24	7	23	80	35	56	89	93	96	53	3	47	83	98	23	68	22	62	94	60	80	25	97	32	35	83	92	14	16	36	33	26	60	80	71	96	27	16	17	20	79	32	22	40	98	90	56	55	20	5	23	18	71	67	35	32	54	24	93	84	37	96	83	21	63	23	74	35	49	68	95	47	47	48	91	43	97	94	32	76	32	68	76	74	44	47	78	8	5	67	41	79	59	32	95	95	88	30	21	57	76	42	40	25	2	75	46	45	64	4	76	38	85	61	97	57	3	25	82	63	31	47	56	34	5	66	78	95	9	96	56	23	50	77	44	48	38	89	90	100	26	4	95	62	17	82	46	14	63	8	77	48	30	26	85	5	27	44	6	69	100	10	20	35	44	10	60	62	1	14	2	10	40	47	5	7	70	57	100	29	57	
71	11	57	53	33	50	12	64	42	22	5	83	85	42	63	99	100	75	65	46	100	5	85	93	43	14	24	20	49	89	90	12	12	45	29	91	50	75	65	36	30	2	82	63	51	12	97	22	31	61	84	90	16	18	63	93	41	82	99	13	97	58	76	85	90	16	22	22	44	18	27	55	80	27	85	40	72	40	39	31	55	99	68	26	43	27	74	40	73	20	59	71	20	63	61	57	33	57	98	80	42	99	24	5	25	14	1	31	10	71	55	55	87	13	20	21	67	23	75	8	23	72	55	50	33	20	87	6	94	73	47	32	5	52	21	2	18	65	80	64	82	58	40	81	49	69	36	98	48	11	35	24	35	62	69	92	52	77	39	16	45	25	34	60	31	31	51	29	37	35	10	54	24	82	67	50	25	32	21	61	88	2	51	90	71	74	69	56	16	95	91	8	27	91	16	65	47	85	24	60	
13	85	15	93	16	11	19	77	47	79	88	71	36	97	39	57	100	96	21	39	30	6	52	82	39	4	6	4	13	89	21	47	64	96	79	81	11	49	100	95	82	19	36	35	39	95	28	28	4	46	60	33	50	38	89	70	52	28	66	20	71	17	13	21	64	54	65	47	51	71	55	59	77	26	15	22	38	53	15	13	64	54	12	98	53	5	86	76	60	17	79	31	78	58	37	33	51	73	57	88	47	64	92	94	97	88	54	74	54	89	6	6	36	47	46	62	52	2	81	35	28	1	36	97	47	91	3	99	43	56	79	87	61	15	72	92	97	75	78	52	37	72	27	39	49	46	59	10	1	17	6	50	49	17	59	61	90	13	63	12	13	53	57	39	72	24	1	12	4	58	55	47	18	56	52	66	77	81	12	37	52	13	66	38	83	10	82	47	64	98	85	48	43	47	87	57	16	1	55	80	
74	1	33	44	97	43	5	23	71	11	30	54	84	27	31	97	13	24	25	96	5	7	46	93	66	13	18	10	82	96	67	31	63	35	65	95	35	27	13	22	21	40	26	22	29	55	33	83	95	14	72	94	21	83	94	66	55	40	64	8	84	7	30	31	99	44	36	85	51	67	80	77	47	75	91	52	32	83	65	62	47	6	93	83	22	100	43	28	79	10	27	36	67	76	97	27	57	99	62	77	46	24	33	14	28	7	56	38	41	56	46	58	88	73	85	97	30	5	2	24	5	71	24	92	26	24	70	77	58	43	8	51	35	85	9	33	7	99	37	28	24	24	32	23	3	39	25	23	29	31	68	3	88	20	29	5	3	6	44	57	78	39	54	24	82	79	35	42	78	25	55	6	4	52	60	84	18	21	45	34	98	10	73	37	67	77	98	79	39	11	66	10	68	99	86	61	4	24	73	21	
44	85	40	49	86	70	53	49	75	24	48	61	87	10	10	73	17	81	46	96	30	56	18	92	74	45	82	74	46	69	66	25	34	28	37	35	74	99	49	84	49	80	27	7	66	43	24	54	49	51	43	11	69	30	22	17	39	90	23	53	16	12	76	92	1	91	14	48	68	35	27	26	75	37	42	74	90	45	1	83	52	96	89	91	57	69	56	97	34	24	51	72	30	90	78	88	76	8	66	84	46	47	84	69	66	82	39	51	9	15	39	72	20	66	23	63	74	44	46	42	91	29	28	84	36	93	15	98	18	77	22	2	14	80	13	18	64	63	50	65	70	39	83	40	36	48	98	53	85	1	27	65	99	55	10	36	67	69	21	62	59	54	27	71	42	13	96	44	18	86	2	38	51	14	54	92	14	86	6	57	81	12	56	30	21	45	8	56	76	96	41	36	55	35	69	56	72	45	1	79	
94	27	10	92	72	29	13	31	12	99	29	99	4	55	66	56	28	11	92	2	11	2	65	14	14	44	63	83	55	90	7	31	68	68	49	73	30	96	44	18	31	2	23	48	96	72	49	36	21	28	98	72	34	32	79	63	58	97	69	26	48	82	28	30	29	39	92	51	55	32	85	15	91	42	90	38	17	24	57	61	35	20	78	4	93	41	42	88	54	80	36	17	71	23	31	69	6	8	73	7	44	81	69	83	61	60	62	40	23	55	1	61	4	47	88	95	5	55	81	78	70	19	3	48	66	11	58	28	29	51	41	3	22	44	41	10	73	61	29	12	48	99	64	73	45	40	14	84	15	71	73	76	25	5	97	85	56	10	78	19	52	5	65	75	14	78	5	96	13	95	74	13	62	44	53	72	1	69	86	62	92	11	79	29	22	22	69	5	7	82	35	44	1	31	61	84	5	64	64	21	
61	15	7	51	39	20	91	76	67	40	86	34	26	9	80	71	55	15	53	23	94	38	59	44	23	65	1	40	52	26	72	8	6	20	23	33	68	58	37	93	11	82	77	42	63	98	74	24	34	50	70	50	57	61	25	8	84	65	43	83	39	53	8	13	50	78	44	30	75	54	40	22	52	74	38	72	6	41	41	41	61	2	91	58	80	54	73	17	90	54	67	29	60	27	18	24	97	59	11	46	86	36	79	47	3	50	63	52	5	11	89	41	48	77	76	97	21	11	67	66	19	71	52	45	84	96	58	71	94	13	95	47	1	14	73	3	74	80	5	86	31	7	15	53	14	58	44	55	6	89	25	18	75	62	41	43	57	60	50	91	51	37	53	71	52	28	38	22	73	44	20	31	41	58	89	88	33	50	91	8	20	7	10	14	28	12	56	51	27	28	11	71	29	60	51	16	11	30	17	1	
97	55	36	25	80	27	35	19	91	15	56	55	52	31	6	86	35	25	53	87	74	54	64	94	52	40	65	11	41	16	56	34	73	89	44	70	83	17	52	67	14	80	99	49	31	56	50	29	68	49	88	42	75	30	80	57	77	46	82	24	61	59	36	65	99	7	15	9	7	24	72	38	32	90	17	6	71	57	13	36	9	13	31	30	7	93	19	20	25	11	90	14	2	34	94	84	34	19	53	63	21	93	57	51	67	49	52	91	82	60	74	64	42	91	7	79	46	97	84	91	73	57	26	18	24	44	64	89	64	31	49	67	35	99	70	40	17	91	77	23	7	51	8	16	21	64	99	48	83	19	29	37	94	41	1	78	66	45	56	48	16	3	77	10	50	55	7	4	44	14	57	30	93	15	49	19	84	71	23	23	7	52	97	28	53	73	43	93	70	47	99	74	8	79	39	23	77	36	20	78	
21	70	96	52	43	60	22	52	32	98	79	56	60	95	14	64	66	70	75	87	74	33	21	37	27	92	64	5	100	35	16	67	100	10	33	87	88	27	11	32	49	8	44	71	75	74	66	3	27	13	29	83	90	50	68	80	72	7	63	7	47	13	44	48	7	52	6	6	11	93	40	53	83	45	24	41	57	37	33	64	36	92	70	18	49	45	67	34	52	53	15	24	5	45	89	53	38	84	3	100	57	70	73	90	42	86	27	6	63	16	3	13	84	6	16	38	94	64	11	81	73	67	4	49	51	76	43	85	79	5	99	81	71	84	35	15	66	70	2	93	78	44	4	52	41	25	2	48	62	90	22	28	40	86	78	20	38	53	65	72	56	43	48	22	24	45	15	60	77	28	36	83	46	63	91	81	48	4	63	25	56	97	13	56	80	50	67	72	89	47	10	73	94	90	4	53	30	42	56	39	
97	27	9	56	83	27	96	82	94	49	21	95	95	37	35	62	38	80	37	80	36	28	50	16	26	94	69	73	40	71	76	64	38	47	34	89	15	58	98	96	98	91	32	30	3	74	83	100	37	69	8	95	20	45	77	46	78	58	67	88	7	35	5	97	14	25	81	36	98	84	39	15	65	1	57	41	13	33	9	12	4	11	97	46	96	56	45	14	97	6	24	83	51	29	69	22	57	7	38	81	40	19	12	38	85	30	92	90	51	83	42	46	30	55	10	85	2	85	62	25	32	33	13	39	41	49	6	31	54	54	71	84	38	29	43	42	90	91	58	28	10	48	97	57	19	80	38	30	23	22	13	74	43	74	48	19	38	88	28	31	2	51	6	19	22	44	7	87	41	4	86	72	8	48	47	47	83	54	50	72	27	87	10	15	63	99	13	98	13	86	19	71	85	43	88	88	86	81	87	9	
3	51	14	96	6	11	30	4	54	57	58	2	92	5	17	16	77	43	2	40	22	82	55	69	34	4	28	39	86	69	25	17	62	95	64	47	26	98	45	44	66	56	82	48	80	88	56	36	41	58	6	39	50	66	90	69	59	61	84	77	46	92	67	71	97	93	50	95	63	37	31	13	62	83	61	41	36	64	12	7	91	44	49	51	69	33	11	43	99	33	98	98	99	54	81	98	90	64	94	85	2	67	27	73	69	1	54	73	34	34	62	71	72	91	29	84	12	89	64	66	14	72	42	13	77	47	73	27	96	13	65	4	79	47	72	43	39	40	35	95	80	54	43	25	57	29	67	85	94	37	81	64	38	57	90	85	33	70	84	78	97	86	53	92	6	49	79	43	88	20	92	100	2	20	6	75	73	95	39	46	58	45	3	22	38	35	60	11	8	97	39	14	89	80	99	60	48	10	2	63	
34	75	83	18	48	6	2	20	43	77	75	6	9	4	86	79	25	9	90	43	71	74	9	42	55	82	8	100	48	87	78	48	62	93	76	98	15	37	27	42	59	73	55	99	61	61	73	39	27	97	28	56	26	90	36	38	15	7	90	12	36	22	66	31	86	20	55	47	88	96	55	64	47	52	35	61	9	36	4	91	69	97	72	28	38	49	73	28	64	43	91	11	68	45	5	98	63	6	60	27	68	82	59	8	99	1	50	96	41	28	5	2	96	11	44	13	68	27	36	27	8	1	47	63	16	62	59	78	26	75	56	65	4	51	30	77	55	49	93	14	19	50	74	86	82	41	21	1	95	31	5	55	29	88	52	99	37	29	11	53	99	72	29	46	10	99	40	49	18	70	15	97	37	100	18	44	79	55	42	26	7	44	82	64	51	60	85	26	77	43	52	2	62	14	2	90	94	16	14	34	
89	24	43	90	96	72	9	37	1	50	62	83	77	31	39	48	87	52	28	86	5	31	60	71	17	16	35	34	41	30	81	27	30	89	39	93	69	74	95	69	65	5	44	6	95	2	48	49	87	39	54	71	69	63	4	13	3	26	23	93	19	17	92	44	81	89	3	18	19	83	99	54	6	96	20	2	13	92	11	44	97	78	86	95	32	20	8	49	26	62	51	26	79	2	75	85	36	76	90	19	49	97	83	87	63	43	65	57	84	87	9	13	86	27	29	82	15	86	52	78	35	47	15	97	54	91	83	70	87	4	50	98	90	96	67	92	56	50	94	77	54	1	97	17	75	58	63	38	97	94	65	85	51	25	15	34	85	41	73	25	55	11	13	53	12	52	84	19	41	82	5	53	60	32	58	48	44	98	88	82	61	27	4	60	94	12	51	47	44	84	12	66	90	64	72	17	50	3	31	29	
44	27	52	93	44	70	58	100	97	42	32	13	72	70	14	58	68	61	54	53	11	29	7	80	35	82	19	51	60	65	25	28	61	8	71	61	7	87	7	19	65	12	74	35	96	27	24	81	27	93	67	47	8	19	4	53	64	25	46	91	64	7	42	10	97	8	90	99	21	21	68	12	93	89	78	91	31	70	97	49	72	86	75	32	83	79	88	23	33	27	88	2	77	21	20	86	23	38	7	19	47	63	57	35	92	56	6	85	6	33	86	8	56	60	66	32	93	89	66	25	1	35	30	99	70	65	36	62	1	79	36	56	93	61	85	22	40	32	12	31	53	85	93	22	45	31	9	91	2	8	82	29	4	57	54	69	76	97	57	65	52	75	51	90	81	45	54	33	74	27	74	28	81	89	21	86	62	7	71	30	88	82	13	1	8	2	27	33	8	70	25	34	24	2	51	19	14	40	63	25	
38	22	53	38	45	16	43	77	63	51	37	49	6	33	42	22	78	38	19	98	43	42	58	44	93	98	80	42	20	32	83	56	64	71	29	25	80	36	35	18	17	39	48	45	93	22	8	20	34	1	29	62	48	7	75	28	51	73	28	67	66	95	23	75	18	25	43	5	67	63	26	98	83	91	4	58	30	18	46	51	28	95	32	96	84	59	6	18	44	39	71	57	53	50	64	40	77	40	66	90	33	32	15	46	49	31	13	14	54	11	60	28	40	17	92	89	90	79	46	72	80	22	35	10	77	16	64	46	66	6	2	40	57	34	74	44	43	19	73	76	90	72	39	32	83	72	83	78	84	52	12	88	39	27	7	42	28	9	99	69	91	98	53	15	35	79	59	43	56	83	56	43	18	61	37	12	77	86	97	56	20	26	92	2	17	21	49	51	37	14	46	66	47	5	46	11	60	73	41	12	
40	92	30	26	81	69	26	89	29	36	3	23	87	41	19	81	3	67	99	23	93	3	15	14	12	56	20	83	3	67	50	30	11	20	90	33	84	68	63	97	41	79	7	83	35	42	22	5	42	38	42	90	29	74	48	42	9	85	30	5	61	25	53	99	85	92	14	20	15	23	43	53	22	57	93	80	7	49	96	69	38	32	83	84	62	88	66	42	78	42	99	41	30	73	97	89	18	52	68	24	85	20	76	84	31	73	20	54	77	50	9	24	79	16	2	83	51	92	52	55	8	89	24	31	30	53	20	53	77	55	66	54	76	34	46	28	74	97	56	34	99	76	67	17	55	39	54	62	56	80	14	4	70	84	69	50	88	48	92	9	48	100	12	81	62	20	20	98	64	55	71	26	30	65	7	35	77	57	73	12	16	17	46	5	57	40	95	52	56	83	76	42	92	2	93	75	72	44	14	99	
55	24	99	80	31	6	60	70	62	70	49	16	99	43	72	44	86	37	32	44	25	37	33	15	53	61	28	30	91	67	97	39	28	77	56	25	72	46	84	7	88	68	23	74	80	77	85	29	22	25	86	47	34	77	60	57	7	76	75	89	85	100	51	43	100	98	83	25	77	74	27	5	100	69	41	54	93	45	56	33	49	20	79	59	88	39	39	86	50	4	48	18	26	59	72	56	12	33	76	1	32	49	76	84	78	4	85	14	18	2	35	73	75	23	2	71	50	94	85	6	46	59	85	71	69	65	37	67	93	80	98	4	70	8	97	58	30	24	5	69	69	29	51	81	88	84	70	43	35	52	84	55	69	21	91	17	65	30	28	13	94	45	99	56	28	14	18	75	33	12	74	3	87	9	73	90	27	54	44	24	26	36	35	37	100	30	12	73	80	9	63	83	28	58	90	60	39	95	7	84	
90	2	94	57	4	20	79	86	55	76	4	47	73	34	99	89	73	10	49	57	81	42	12	91	83	62	93	7	83	100	2	80	79	50	14	65	2	33	7	88	77	44	28	5	89	99	86	67	15	56	76	72	29	86	50	32	22	60	60	9	9	15	92	9	6	38	76	1	64	35	74	86	43	56	42	73	19	67	45	11	73	8	88	6	66	39	35	20	6	96	98	90	75	64	77	14	15	50	50	98	36	54	16	60	74	38	47	6	27	99	21	55	25	85	20	29	24	55	94	1	46	41	35	88	77	31	99	24	42	51	69	95	54	87	30	40	84	7	49	77	50	32	37	49	36	7	30	55	86	37	1	100	50	32	55	18	14	16	26	88	3	6	67	37	93	69	5	83	23	10	1	55	23	88	26	61	65	72	7	20	61	71	26	36	16	25	18	95	16	55	55	4	93	31	24	44	17	31	96	77	
44	79	9	39	31	80	32	24	27	97	8	8	91	7	80	48	58	39	4	44	45	62	51	2	44	24	88	39	69	45	98	66	80	46	52	41	36	65	83	24	81	68	17	84	1	69	76	65	36	46	65	23	8	88	39	54	75	34	70	64	97	93	46	69	25	29	77	63	39	49	40	76	28	97	88	17	20	34	14	43	28	49	23	18	42	86	20	50	41	50	36	67	37	69	90	4	89	96	84	57	10	41	16	7	63	95	79	69	84	63	11	19	23	60	44	43	78	3	29	68	11	11	96	7	45	28	24	26	30	2	89	80	67	54	32	69	89	37	79	50	48	87	89	49	35	59	84	3	91	59	25	4	22	88	32	48	11	51	66	44	94	58	75	86	61	66	22	61	85	30	99	61	94	91	99	85	59	78	32	76	66	53	68	100	12	15	56	10	81	66	33	51	58	76	82	23	35	2	98	97	
84	50	88	34	73	94	77	71	1	75	32	55	34	69	81	100	15	64	90	81	57	98	83	89	1	97	52	17	73	45	15	25	85	76	48	35	28	25	61	53	93	66	98	65	84	88	91	70	80	58	11	16	92	14	65	95	60	19	31	26	62	45	66	16	98	29	5	61	30	68	73	60	79	34	54	90	25	52	97	99	64	26	33	44	78	50	6	41	48	98	22	40	47	5	25	72	95	75	80	85	1	81	11	9	83	13	10	76	42	33	27	50	81	11	80	99	52	53	85	37	53	49	95	9	55	78	95	17	85	47	12	26	56	57	22	76	89	28	91	65	17	8	39	15	67	18	53	40	78	82	82	98	64	98	34	12	18	44	61	54	92	96	19	76	70	57	31	87	51	77	44	36	8	86	9	24	11	57	54	29	19	22	29	98	30	46	59	2	23	35	60	40	47	76	79	40	92	52	28	5	
55	46	35	67	14	60	3	40	49	74	56	27	48	89	90	83	65	14	33	27	61	68	96	35	80	36	45	14	24	60	35	28	52	21	21	51	70	24	50	97	50	43	62	71	51	15	15	19	31	53	88	77	42	25	70	69	58	20	15	92	58	72	5	53	81	56	1	75	45	95	20	17	10	24	80	54	11	53	6	33	43	62	27	39	42	4	96	50	98	2	70	65	43	89	7	79	35	96	8	76	61	64	78	80	70	75	67	80	33	10	46	45	83	25	37	52	68	100	8	3	47	16	70	7	98	45	23	89	3	29	9	59	95	85	24	47	86	30	33	53	55	29	30	43	2	78	73	51	24	66	97	94	82	97	82	94	35	46	11	32	57	55	76	79	81	50	43	14	10	19	8	14	2	81	83	23	87	76	82	85	66	97	66	58	94	44	66	59	48	63	51	86	4	79	13	17	34	23	66	52	
88	84	22	72	65	11	6	90	62	4	14	79	98	69	33	97	4	21	24	64	91	73	94	45	96	17	61	26	77	100	95	50	19	84	28	92	19	76	31	44	72	2	43	88	58	3	79	43	21	14	20	56	22	8	63	72	21	14	38	93	46	8	11	94	6	46	65	37	5	47	59	79	27	51	36	67	90	15	24	98	91	51	88	71	99	48	98	36	22	70	43	51	78	45	88	28	27	83	78	23	67	67	73	75	2	13	68	17	2	84	62	45	69	68	96	4	88	69	91	85	39	85	90	32	51	13	82	95	10	5	77	89	18	92	6	76	61	8	33	4	13	69	12	84	5	20	96	85	55	69	10	65	41	92	67	57	86	61	26	74	94	93	14	27	24	20	39	58	63	36	82	24	5	59	46	94	62	81	58	14	42	75	45	58	48	36	17	97	92	75	30	7	76	85	41	78	75	34	83	41	
96	40	9	14	25	76	63	18	92	85	46	47	27	72	34	96	74	24	18	11	57	56	81	66	18	98	57	22	45	91	62	73	55	36	40	35	58	99	59	12	27	43	78	16	79	5	97	76	8	24	2	100	56	62	27	56	83	55	84	97	34	35	6	1	94	4	60	65	90	47	71	31	36	72	17	29	14	24	83	98	11	26	2	57	41	18	90	67	40	65	51	20	86	17	22	99	51	14	51	32	56	97	38	11	33	21	72	71	35	71	66	1	77	89	74	34	3	6	55	100	21	16	92	47	85	49	44	5	96	70	79	56	13	81	10	41	84	82	38	62	59	47	41	89	44	59	69	55	56	10	58	99	76	59	10	55	17	37	99	7	39	9	8	40	28	79	92	46	37	98	38	17	26	22	10	15	72	30	2	49	92	20	22	70	64	45	10	80	86	93	60	87	70	22	86	14	39	90	78	65	
53	71	21	10	17	33	28	86	67	25	57	21	97	7	59	6	31	42	98	67	31	79	46	45	67	98	81	6	26	32	75	100	59	86	57	44	35	64	93	40	65	36	13	34	61	98	78	86	47	57	36	95	99	79	56	83	84	89	22	26	8	36	63	31	51	59	70	11	91	48	20	78	67	30	71	60	2	5	51	99	68	79	77	53	30	26	75	37	47	43	78	86	53	99	93	8	20	75	95	12	82	7	7	92	90	52	41	32	44	65	11	41	35	26	86	5	29	19	1	14	95	53	95	77	2	46	100	49	89	9	24	53	34	45	27	72	95	73	27	43	24	91	69	84	77	88	56	53	87	93	47	93	81	9	93	21	32	30	42	90	36	94	33	93	85	24	59	47	2	7	76	74	26	53	69	47	82	20	53	43	69	78	1	56	44	60	2	75	17	10	61	50	81	40	70	4	40	53	85	55	
31	6	17	99	48	8	52	34	100	28	74	29	58	89	19	15	70	17	74	79	70	25	15	58	84	80	69	84	54	64	9	94	22	77	53	94	31	26	83	52	73	1	37	82	21	6	23	94	99	76	80	34	38	3	49	86	65	75	25	61	70	96	65	78	7	4	23	76	17	91	63	58	76	90	23	27	34	45	29	54	45	2	21	50	73	59	64	69	5	89	45	17	99	35	64	46	41	3	14	16	49	75	25	65	20	53	43	27	63	40	86	47	68	76	89	25	37	94	41	86	66	45	97	38	46	29	41	55	72	3	34	76	51	51	27	25	22	20	53	70	27	13	58	33	76	88	94	90	26	53	72	69	11	9	15	81	55	53	92	69	14	13	69	14	69	24	92	40	57	10	46	18	73	64	45	5	72	99	42	87	71	63	22	50	84	11	74	84	49	20	91	63	45	54	17	20	43	97	14	73	
9	49	13	84	83	95	41	14	53	81	82	40	65	42	1	68	68	92	4	43	86	39	9	100	26	87	42	91	67	61	10	52	88	61	62	43	82	88	3	83	28	25	48	23	82	56	80	1	14	88	51	89	39	68	57	45	49	45	86	95	84	81	21	50	68	10	65	56	21	43	61	37	97	78	31	18	94	89	69	81	5	75	20	64	97	72	77	90	25	7	88	22	93	64	32	91	51	91	50	86	57	71	22	53	32	13	49	67	8	29	5	64	50	81	61	62	77	75	40	70	61	80	94	21	29	87	20	69	92	83	81	81	21	42	73	77	99	89	74	76	22	27	50	80	99	10	6	35	49	64	85	65	7	53	78	75	43	72	31	41	67	32	48	37	7	48	96	50	61	79	3	38	81	89	13	18	61	56	11	68	75	10	95	21	45	80	26	1	45	7	26	48	6	89	92	66	26	55	23	40	
14	7	19	71	68	69	22	10	97	11	59	73	30	42	62	15	98	11	18	50	56	7	23	99	13	98	43	84	49	41	100	72	92	54	2	67	8	27	12	65	1	47	1	35	50	36	22	35	72	80	45	39	20	28	25	83	66	25	16	24	44	66	70	95	63	85	7	87	35	97	57	33	27	88	69	24	84	53	22	98	98	85	86	40	89	56	14	4	72	79	28	99	8	46	91	90	8	32	41	91	17	28	16	1	18	34	27	83	75	63	9	5	74	94	26	72	72	11	53	3	15	60	63	86	43	53	15	49	66	8	42	38	31	29	26	3	50	37	18	58	16	7	80	16	66	92	79	64	93	60	42	98	45	48	51	42	75	55	98	80	39	15	79	84	69	89	75	18	67	37	50	35	56	86	84	66	9	76	4	50	1	86	6	18	94	11	61	98	42	66	50	83	99	29	51	13	10	3	3	66	
17	93	22	35	37	76	37	9	58	46	39	30	73	14	93	69	92	39	21	5	3	21	72	49	29	81	31	92	45	52	64	74	82	15	39	75	42	95	45	10	64	85	11	20	81	3	80	92	51	3	3	20	31	64	39	59	27	34	63	20	15	14	36	52	45	52	87	32	59	94	33	51	57	76	6	97	34	38	57	90	63	36	23	77	18	12	15	89	95	35	27	51	20	41	51	8	24	17	36	64	41	58	87	71	55	40	26	42	56	87	49	74	96	10	48	5	35	48	71	82	42	52	71	90	18	10	98	1	4	18	53	53	36	77	48	87	65	100	12	67	67	51	40	32	48	77	77	22	74	74	74	64	76	70	23	28	53	24	76	8	52	54	50	14	98	82	39	56	88	54	50	40	19	51	90	51	68	43	8	21	52	89	86	28	40	38	48	27	33	13	11	27	47	18	84	71	21	1	91	70	
18	95	83	19	100	74	67	91	74	38	23	69	85	57	17	92	17	58	67	5	9	21	65	98	2	33	43	77	72	87	23	41	78	67	93	12	18	39	47	50	56	26	76	28	55	79	59	56	13	36	38	7	88	48	79	27	37	30	1	53	86	59	98	96	92	42	97	89	5	32	57	73	99	8	8	59	19	84	7	64	6	76	38	40	52	33	50	96	75	96	83	14	75	3	91	32	17	42	46	40	59	37	56	75	100	60	60	84	37	32	69	72	45	99	7	68	58	28	1	84	51	9	96	84	71	28	27	12	34	67	74	55	98	98	86	34	3	66	55	43	33	15	94	19	54	87	88	49	40	35	77	15	75	15	45	9	64	57	20	2	83	5	24	11	51	98	85	82	7	56	82	62	13	74	47	2	8	32	64	48	74	83	73	85	42	55	14	16	1	14	57	40	65	75	76	46	36	25	79	59	
68	40	17	61	59	2	45	58	23	53	77	57	8	22	23	57	72	76	47	57	75	39	82	45	33	33	33	97	22	24	68	58	27	17	11	8	70	86	13	33	80	87	72	48	61	72	10	14	51	63	10	88	46	62	17	80	84	49	64	3	21	81	72	6	92	70	5	34	7	76	98	57	62	66	73	11	53	3	38	94	60	90	7	66	68	76	50	84	80	8	78	51	95	14	50	41	36	46	12	66	44	80	59	4	42	46	59	51	83	62	53	63	2	16	15	21	44	85	18	18	86	14	60	28	76	100	28	92	9	93	48	74	42	14	12	37	80	77	68	86	91	5	35	58	21	29	70	29	31	54	20	23	19	58	32	62	49	98	47	53	23	4	62	69	30	95	8	78	77	93	25	90	45	41	48	85	75	63	31	36	34	56	99	65	73	58	17	6	85	51	99	94	79	51	78	100	31	18	43	44	
4	25	22	93	51	63	63	78	28	25	85	19	90	28	28	58	82	85	85	31	15	11	45	62	46	39	15	61	77	88	32	60	81	79	25	88	75	49	66	20	47	28	60	57	67	7	50	60	25	80	96	81	5	79	25	79	52	51	56	86	65	12	29	81	14	89	66	78	86	32	80	88	77	84	7	46	63	100	81	85	27	19	19	90	24	1	98	57	85	76	23	32	12	16	86	91	64	40	66	29	59	26	2	90	52	72	99	52	45	66	44	17	7	42	42	49	30	48	27	54	30	68	17	50	29	39	16	2	52	30	92	41	12	40	3	49	74	89	39	46	12	21	8	2	88	19	26	90	25	74	91	21	62	41	50	88	58	26	32	22	71	78	51	83	19	83	40	59	29	5	38	41	80	72	5	48	76	58	25	22	93	35	52	29	90	31	15	86	94	88	66	95	13	60	33	13	32	89	16	21	
45	14	46	83	92	19	86	69	39	87	36	63	100	47	56	33	72	20	73	28	51	87	77	70	77	9	51	78	84	68	36	33	85	30	71	36	28	29	3	32	11	22	39	68	2	72	13	56	34	57	9	84	16	48	69	81	71	29	80	10	88	49	54	79	76	97	32	76	57	68	42	47	46	46	44	86	21	57	40	2	68	49	47	33	85	32	36	10	1	61	67	56	82	49	57	17	41	59	44	59	34	5	71	28	80	19	81	55	7	38	95	97	18	7	22	28	80	30	21	52	81	17	64	80	88	93	44	98	20	2	66	46	6	97	59	84	84	41	11	25	65	80	66	88	74	80	72	98	33	95	87	23	87	93	22	24	30	3	70	92	49	52	22	53	71	18	54	5	83	67	72	86	68	46	87	42	8	77	43	10	46	22	60	9	21	13	30	58	6	51	37	23	95	64	32	35	100	26	56	20	
20	89	9	33	50	99	77	56	83	44	59	85	98	76	72	17	81	33	57	11	74	46	4	56	13	18	81	3	46	15	82	91	88	3	37	18	2	48	6	58	8	81	49	73	39	55	5	72	29	50	67	77	79	37	35	15	96	53	3	82	59	94	96	25	48	6	74	6	1	76	99	64	24	47	81	36	93	70	19	67	82	97	63	32	20	49	54	41	81	64	67	97	7	75	71	28	58	37	80	26	5	94	70	87	53	42	15	70	94	78	94	33	88	15	36	48	40	83	23	95	46	89	51	81	19	85	38	16	18	55	60	90	28	47	17	16	31	26	82	66	72	1	30	10	85	61	92	25	20	13	93	95	84	33	84	16	71	55	75	45	49	70	86	42	67	100	51	82	96	39	26	4	43	39	44	89	70	30	2	42	31	2	3	58	50	32	42	45	49	14	88	6	56	32	10	49	24	44	83	81	
46	56	98	33	67	19	24	80	87	33	42	15	1	64	42	45	82	13	20	62	27	36	3	27	81	39	16	32	58	47	59	45	51	74	2	12	86	22	79	87	19	97	77	28	5	98	60	29	95	79	81	56	3	28	48	75	50	16	84	9	48	2	53	39	92	33	1	18	92	74	24	92	33	84	69	79	57	73	12	27	59	83	57	15	76	76	16	16	11	78	73	38	7	25	22	16	87	56	59	2	71	70	48	10	11	62	27	63	27	96	28	42	81	34	86	27	47	23	100	4	47	17	78	53	86	73	60	8	23	10	75	70	100	72	67	60	98	41	29	48	72	58	7	68	60	34	85	5	74	37	47	22	53	41	53	71	68	49	9	17	97	44	28	46	4	96	93	76	95	26	43	23	26	42	56	58	45	11	44	21	87	70	8	18	100	36	12	97	71	57	80	49	10	1	35	50	92	59	49	78	
91	19	6	90	93	2	20	52	9	76	88	37	48	98	97	62	88	13	72	35	46	80	50	87	23	58	68	14	70	85	90	56	81	70	20	52	91	9	82	7	88	19	45	37	57	10	93	76	52	53	85	21	46	5	90	32	74	85	72	68	89	21	54	82	93	97	64	88	89	44	5	94	14	69	83	47	51	90	38	73	8	87	35	46	84	84	60	7	9	80	75	11	92	65	53	1	71	75	4	90	28	87	10	70	22	40	44	6	54	17	29	34	94	4	64	61	3	8	11	35	18	45	62	72	70	54	75	17	89	33	77	51	39	5	51	99	99	88	99	73	98	24	79	66	34	24	94	86	68	7	52	52	9	30	76	42	72	6	33	18	93	63	24	77	38	51	38	13	37	11	82	95	10	34	69	92	1	45	68	18	2	23	53	11	65	24	35	74	68	83	42	66	44	91	14	13	74	66	72	10	
10	85	71	53	61	6	88	8	1	49	17	16	58	38	62	40	30	87	28	90	80	80	68	3	42	37	4	60	78	29	18	68	30	67	82	96	50	17	77	53	29	74	61	77	1	15	8	54	51	54	11	63	29	52	68	52	10	6	78	43	88	28	26	52	66	51	26	73	74	47	25	97	28	66	61	3	67	42	85	69	99	63	92	49	31	78	74	63	83	70	2	33	90	20	32	18	55	100	42	52	80	53	11	22	72	22	83	37	97	39	18	35	83	70	23	95	17	10	22	82	79	89	65	43	81	90	14	65	34	59	44	41	18	84	4	95	94	67	8	36	63	86	11	61	31	93	92	4	53	76	61	18	3	38	50	15	18	94	61	65	60	72	78	83	86	31	11	48	46	72	32	75	81	28	51	41	45	58	73	62	85	77	28	74	89	34	8	22	2	67	99	54	68	2	40	30	95	9	96	81	
96	97	44	40	9	25	26	8	12	26	92	93	77	86	18	32	40	47	67	13	82	60	43	56	67	60	51	69	19	79	25	91	8	74	26	34	52	6	77	65	30	15	51	26	71	41	80	74	11	97	74	15	29	82	22	47	99	88	26	19	54	71	78	16	61	46	50	74	42	78	14	88	7	82	60	50	49	86	30	1	1	43	56	31	73	4	38	95	13	75	13	21	52	53	13	34	40	60	46	72	19	42	62	40	22	88	79	100	11	39	88	74	100	42	68	54	37	78	47	15	77	15	96	49	95	47	97	30	31	59	85	7	77	12	53	75	66	25	24	66	95	33	24	29	77	47	59	26	50	75	96	33	26	39	87	9	12	26	53	91	63	92	26	80	10	8	99	37	43	26	17	12	60	36	33	14	10	80	27	75	73	64	5	69	13	4	49	8	49	26	68	49	82	97	35	83	18	18	97	8	
34	49	39	48	50	71	62	9	68	98	22	18	44	43	26	23	61	68	93	28	25	86	79	50	9	44	24	84	79	19	11	15	56	61	29	10	84	62	88	42	71	34	19	84	80	12	19	11	13	49	1	37	23	95	73	27	25	67	100	23	66	34	29	90	7	46	17	20	63	8	1	54	56	39	62	63	52	27	92	54	50	65	6	13	20	85	47	79	10	67	68	72	41	43	49	27	26	60	59	99	81	15	27	44	83	79	71	2	7	78	51	85	91	82	88	15	70	32	12	69	82	67	57	90	4	91	6	20	75	58	38	90	65	99	91	28	71	59	18	50	62	48	36	59	100	46	45	72	99	29	35	43	52	67	66	35	76	53	18	49	28	22	36	31	32	64	55	32	43	34	34	51	3	68	34	62	5	88	58	12	24	4	87	87	56	20	3	56	27	50	78	5	83	51	61	74	96	41	7	47	
53	45	34	94	25	24	1	2	49	5	55	31	65	32	95	22	88	50	21	28	21	56	83	92	79	9	18	48	1	49	91	47	33	70	22	24	45	83	72	37	22	69	48	42	28	67	90	30	37	18	69	98	87	35	93	22	15	43	61	6	26	16	18	81	44	5	74	97	7	5	31	74	38	51	40	52	91	6	90	73	96	57	85	14	54	14	6	69	76	80	17	71	32	27	67	83	42	84	51	52	55	70	63	6	37	100	2	97	79	99	35	25	55	82	57	48	80	53	21	72	58	90	42	32	60	26	13	45	90	40	71	24	17	60	80	61	8	58	87	27	75	99	61	55	51	59	16	99	74	4	40	33	96	22	66	13	11	38	57	50	1	80	55	67	39	32	35	27	64	41	38	67	63	21	61	34	65	85	63	58	21	27	46	27	81	40	50	44	78	81	74	13	50	59	48	75	84	23	28	89	
7	58	43	46	27	62	39	67	6	36	77	92	62	79	27	99	73	95	33	46	84	30	33	63	78	72	12	46	87	67	63	15	58	71	86	3	37	85	100	64	8	88	76	5	13	89	94	32	97	81	80	14	22	68	77	6	40	90	54	48	21	50	3	38	85	65	38	61	18	67	10	54	41	9	23	5	82	63	51	34	41	84	6	54	77	18	27	84	42	33	2	35	44	63	8	75	56	37	83	45	7	94	27	54	97	11	7	79	36	66	70	31	9	95	91	38	70	32	55	6	79	35	30	57	77	2	4	3	9	11	28	19	49	22	75	95	28	16	17	34	59	6	37	77	19	35	2	57	39	94	72	23	11	46	98	45	97	19	93	92	80	68	3	42	48	5	70	67	73	55	38	12	66	46	74	24	23	3	24	39	27	1	97	26	44	8	56	68	24	94	72	53	6	70	18	57	5	15	91	34	
39	67	78	66	2	62	20	51	34	8	61	50	31	47	18	34	8	11	21	97	44	34	46	55	19	89	37	57	98	5	25	79	9	62	33	9	13	73	62	31	67	83	5	84	81	15	42	93	63	18	81	28	53	72	53	9	76	78	76	46	33	73	81	42	83	80	13	98	21	41	71	89	56	15	55	11	60	16	83	34	28	87	33	11	50	2	99	63	33	10	84	71	65	40	29	63	87	32	62	66	38	78	96	17	39	39	78	99	66	54	75	27	71	54	46	64	93	67	98	6	54	86	78	49	59	96	51	40	78	93	56	51	45	20	98	69	2	20	63	60	86	43	84	68	77	35	71	56	77	88	48	74	4	45	99	80	16	78	77	25	76	53	2	68	78	51	28	83	90	7	4	93	4	7	53	21	25	80	33	81	56	12	90	81	10	9	16	97	100	34	33	98	72	54	74	42	88	52	40	75	
40	97	60	51	62	17	47	41	87	84	54	99	25	89	100	85	96	4	87	34	25	15	30	88	37	61	42	69	53	12	26	4	64	1	17	20	21	86	73	11	40	100	9	22	57	27	12	94	22	25	50	10	92	48	89	36	79	32	87	97	82	98	94	12	46	33	27	8	23	79	55	6	46	39	1	89	74	3	42	62	5	9	86	60	9	35	21	11	27	46	62	66	11	86	5	9	49	69	53	44	95	94	28	29	18	88	51	35	70	75	52	31	58	27	14	90	48	9	13	76	6	71	99	98	33	89	93	60	32	78	20	61	55	18	3	47	57	12	86	46	97	92	26	18	5	21	38	75	12	64	17	39	17	2	71	88	34	44	43	40	38	78	20	80	30	44	62	15	100	77	1	58	68	63	38	90	12	53	50	85	14	77	53	50	35	85	54	93	71	83	45	6	73	21	40	82	62	84	9	76	
32	98	81	39	59	64	8	39	1	66	85	65	78	39	99	39	35	62	83	73	76	64	27	92	52	96	73	92	49	8	2	90	14	91	92	63	18	13	20	73	99	42	51	81	69	36	80	95	30	15	68	75	59	84	15	4	65	46	92	70	37	11	62	3	48	61	43	58	52	59	55	6	58	72	61	41	64	13	46	71	2	13	8	28	24	73	55	19	50	45	45	1	41	47	64	5	74	72	63	17	97	33	42	34	35	74	85	25	31	27	31	83	90	25	46	44	45	24	75	80	70	33	21	91	64	84	80	42	78	21	10	78	19	34	21	83	79	26	87	44	52	69	6	2	44	88	35	14	77	37	81	26	75	36	56	16	2	72	66	73	69	3	84	70	91	22	90	94	16	91	83	33	33	4	80	48	70	54	49	82	91	29	84	45	90	74	57	32	83	60	59	94	51	89	61	24	41	95	89	30	
70	67	52	4	62	61	83	87	22	34	20	10	81	69	90	76	49	61	19	87	17	74	27	7	39	4	11	85	61	84	60	80	60	73	57	74	20	19	74	5	51	74	63	88	88	75	67	65	23	100	99	93	19	6	52	54	41	26	57	50	61	16	92	11	19	42	33	7	88	32	87	36	88	20	4	48	42	84	30	72	96	86	56	40	79	75	25	23	81	83	69	77	35	68	50	74	96	45	2	7	18	88	81	94	83	100	91	55	9	71	58	90	49	56	57	37	65	37	77	18	27	53	33	21	53	80	65	87	1	93	70	31	15	77	87	37	60	76	3	44	92	65	83	12	48	35	2	70	10	72	43	28	30	45	37	19	96	51	7	16	2	73	55	28	81	96	83	28	63	77	41	40	30	54	47	34	61	26	43	10	65	78	29	38	71	71	88	57	94	8	32	76	46	95	79	14	1	93	33	6	
66	87	70	36	93	64	48	2	61	59	46	37	49	47	83	20	71	73	7	49	90	45	23	69	24	94	27	85	11	25	27	98	57	50	16	84	83	14	58	15	5	90	46	52	78	59	56	87	87	52	87	45	10	35	37	84	80	60	64	99	82	79	69	47	52	47	62	42	22	95	13	47	73	66	47	77	91	6	55	91	11	27	60	17	16	23	85	60	11	25	68	89	26	76	81	94	10	99	16	42	7	15	34	4	70	42	82	82	95	54	27	25	56	85	96	73	58	19	68	39	18	70	91	76	15	54	4	89	63	52	56	56	85	12	99	76	99	51	59	33	5	74	23	9	90	28	8	51	92	90	97	84	79	93	56	22	11	74	81	50	27	51	21	76	12	95	64	26	77	24	62	38	66	49	57	75	23	77	24	9	38	15	71	26	7	68	1	16	84	13	63	60	77	100	91	83	72	45	69	100	
34	73	10	53	12	68	31	31	44	87	45	67	99	65	88	73	39	60	80	56	100	92	11	25	4	11	70	81	61	28	70	25	74	18	30	77	69	20	30	56	2	70	24	36	52	9	58	40	75	69	90	94	13	98	56	70	7	19	88	93	62	69	40	42	1	75	8	42	11	95	20	46	85	23	88	76	7	16	10	29	44	29	66	92	2	2	20	44	80	37	96	74	86	89	61	26	48	7	15	42	22	36	86	64	23	68	88	57	91	46	14	46	57	96	46	30	7	57	10	78	97	56	59	14	83	66	31	4	50	57	62	84	15	30	51	44	48	73	43	4	100	29	97	51	41	85	19	43	61	42	22	42	41	49	86	24	70	57	58	82	18	46	76	41	84	62	80	62	51	6	77	9	15	43	99	37	18	68	5	37	84	77	40	53	72	43	22	49	97	89	28	14	42	99	93	18	82	17	61	58	
95	61	57	64	52	25	67	74	12	3	41	88	71	35	23	35	79	73	100	73	2	40	38	50	5	17	89	95	36	93	58	67	53	45	22	75	100	17	95	48	97	29	25	43	2	37	30	49	20	55	55	57	66	98	97	61	87	29	10	89	93	42	99	42	48	96	31	72	97	88	21	62	97	63	95	97	79	38	85	84	13	82	32	89	83	71	29	43	99	52	4	34	5	25	62	72	5	68	21	49	28	48	27	61	95	54	15	48	38	64	90	44	37	73	30	29	82	2	11	69	85	20	22	62	96	35	89	68	96	80	56	64	93	41	38	69	70	85	41	52	61	3	80	52	51	45	64	52	45	58	24	1	57	19	90	51	19	33	72	62	71	92	67	2	6	52	72	100	39	39	25	6	92	4	47	49	97	83	14	64	31	15	15	12	84	62	94	5	29	18	84	36	38	38	9	14	79	74	33	69	
63	80	19	90	92	94	58	88	20	46	100	66	39	43	50	79	35	44	42	14	14	64	8	61	53	60	64	10	92	91	95	94	18	3	7	41	58	97	60	66	58	39	24	43	85	68	48	92	100	53	92	45	5	56	6	49	57	78	62	91	23	50	2	47	82	31	70	80	65	30	67	52	30	74	5	21	46	94	2	12	68	15	93	90	51	50	24	78	52	68	88	3	29	37	77	72	35	58	44	30	80	40	47	3	17	37	70	80	70	93	48	45	65	58	7	82	51	67	5	29	38	37	3	34	30	61	97	72	42	94	87	54	42	62	19	91	52	31	87	74	88	95	9	99	72	31	66	69	87	70	40	8	94	53	26	58	36	20	65	91	77	56	40	54	69	87	13	94	70	24	46	30	82	13	84	78	80	48	36	16	73	32	68	97	95	74	51	56	57	69	17	38	23	19	84	14	12	96	39	52	
75	87	55	94	92	75	67	78	88	67	2	66	95	70	80	46	64	28	25	48	89	81	95	71	41	57	1	71	13	71	58	80	16	57	89	87	85	93	18	28	91	60	21	47	1	36	40	45	35	20	2	7	43	82	50	45	100	46	92	37	10	24	42	39	29	19	84	78	99	21	23	2	5	44	55	11	97	64	85	89	27	86	89	79	92	94	55	3	53	100	69	6	19	94	75	11	48	28	85	48	30	83	23	8	10	78	32	53	32	67	9	24	37	19	57	2	67	20	43	40	65	33	42	82	70	53	24	4	17	27	22	28	22	21	62	18	83	3	78	17	54	48	10	66	61	16	25	59	84	58	92	75	25	63	17	76	72	86	74	85	64	20	29	77	54	71	49	51	59	46	98	27	99	32	67	58	31	67	7	19	18	91	44	14	56	14	50	41	41	99	100	22	18	77	62	29	48	93	68	89	
39	25	37	94	62	92	68	3	60	24	50	18	44	71	58	55	63	25	43	85	7	82	88	2	17	65	75	12	91	74	16	24	26	95	59	86	18	71	57	43	100	17	85	19	99	50	67	37	44	53	42	77	77	17	53	56	55	93	67	16	78	75	91	24	68	3	73	17	15	57	75	81	2	46	81	67	84	11	62	64	36	52	66	46	52	85	94	29	85	8	91	55	1	41	40	53	71	1	18	27	21	23	100	11	22	47	12	21	55	98	13	75	77	68	10	11	5	43	75	49	100	50	42	5	1	19	91	70	67	94	28	34	14	28	51	32	81	35	15	79	39	26	62	27	37	55	73	59	50	59	8	41	73	30	10	41	97	35	42	79	60	20	62	94	74	2	37	39	51	95	57	35	25	51	99	29	81	99	63	49	27	98	79	74	8	93	85	25	99	21	33	66	91	50	20	78	60	54	17	38	
74	75	99	29	49	38	75	90	77	84	23	51	25	66	57	26	71	8	85	5	23	40	92	60	40	76	34	18	18	67	28	40	62	26	29	37	43	9	11	32	97	27	23	3	90	3	49	83	39	18	44	53	15	2	26	24	77	57	10	2	98	43	47	62	84	11	12	78	51	76	8	35	24	42	78	66	91	81	25	66	27	78	25	72	55	6	1	68	37	3	85	100	14	86	70	3	82	84	18	54	52	95	4	35	82	15	69	72	6	6	76	80	18	39	78	69	29	40	49	36	66	2	47	59	12	18	59	70	8	51	83	20	66	16	46	57	62	26	16	85	84	36	96	12	12	72	61	9	50	11	20	13	48	99	24	38	29	34	90	74	89	70	51	69	65	93	19	7	59	82	87	30	7	86	20	37	79	36	75	40	1	62	64	1	80	51	42	57	43	2	8	69	22	83	82	28	68	47	48	81	
16	53	73	16	9	41	94	25	14	5	8	5	66	43	22	100	44	48	43	75	32	70	92	62	30	78	6	23	77	72	65	59	12	69	37	52	95	59	78	7	34	35	50	88	100	65	26	83	36	55	62	99	7	81	75	91	62	62	23	29	92	95	39	97	44	3	45	44	81	42	23	28	5	91	70	19	73	73	32	14	8	35	1	80	8	46	46	11	53	47	39	21	95	66	61	15	42	51	86	30	81	46	47	18	79	77	82	58	79	54	6	70	27	18	97	85	38	65	100	66	7	77	55	71	75	3	8	66	43	26	38	93	35	38	94	35	13	71	29	20	66	91	53	42	35	4	52	5	4	60	9	5	35	94	58	11	47	30	92	24	94	36	80	40	89	24	16	29	17	84	88	17	57	49	35	48	35	11	31	82	93	56	16	78	25	3	15	34	90	93	84	54	41	77	33	25	32	20	40	4	
59	11	18	25	85	25	2	36	3	3	4	96	73	96	73	60	32	11	27	62	27	67	47	60	67	94	17	41	8	61	57	28	46	9	25	48	39	89	56	77	6	44	76	44	94	77	7	9	12	92	36	38	24	1	15	16	58	41	45	65	51	76	37	25	43	22	84	60	25	40	72	1	71	29	19	71	57	67	33	72	1	47	35	22	89	59	41	11	49	16	85	16	53	45	80	60	52	9	14	68	17	89	17	45	89	15	67	90	35	86	71	33	53	70	56	20	37	33	50	2	77	77	18	58	44	55	98	68	75	81	82	80	26	93	91	8	5	26	91	56	38	10	65	43	63	4	3	93	93	74	54	25	1	54	78	7	1	38	81	12	25	7	20	17	57	10	32	34	57	31	90	55	24	84	41	29	54	42	53	71	5	75	16	39	52	47	83	91	90	97	15	15	97	86	65	79	75	11	52	47	
28	64	69	6	71	23	45	1	89	97	32	84	34	92	60	77	50	9	74	1	38	37	89	75	49	68	67	79	22	95	84	49	85	25	40	37	96	72	25	10	2	35	4	4	69	87	84	17	85	73	100	15	28	86	50	17	29	47	77	25	76	7	51	44	8	21	64	56	9	25	55	36	24	28	3	52	26	4	13	42	47	15	30	35	24	85	35	96	95	70	90	92	95	97	94	63	71	96	60	17	64	51	78	62	65	96	57	42	30	78	99	21	33	91	59	22	3	42	42	47	55	18	16	67	43	18	17	80	30	69	87	54	99	95	37	11	17	26	73	82	24	67	63	75	35	93	23	15	13	34	27	98	85	46	48	91	31	52	25	34	86	2	44	12	21	22	70	2	37	72	69	18	97	8	14	7	87	13	34	25	22	84	24	66	4	62	70	97	55	83	22	9	75	2	8	18	7	21	96	19	
77	15	88	92	23	92	32	83	44	28	36	33	5	87	47	24	86	66	73	92	95	27	75	60	48	35	96	67	59	59	29	55	42	38	41	89	83	27	31	35	1	12	31	91	20	13	41	22	97	7	35	41	41	51	16	24	76	48	43	24	98	78	33	39	39	87	77	52	13	2	50	97	92	84	48	45	18	49	39	13	63	97	99	10	31	71	88	7	9	7	32	47	77	38	21	86	90	84	28	50	80	81	53	72	43	49	90	32	57	49	98	91	21	76	14	62	34	82	5	59	71	58	67	60	8	50	31	27	19	68	36	86	93	22	54	54	77	89	14	97	47	81	36	53	36	1	18	64	73	91	87	36	26	51	9	17	74	7	33	28	61	8	41	88	33	53	1	30	34	56	50	43	12	80	32	81	80	52	10	63	49	74	68	61	70	20	84	83	95	78	56	40	42	75	23	66	69	48	63	32	
9	64	62	71	37	38	29	1	2	72	39	41	24	22	16	31	71	76	85	10	42	21	3	87	60	34	50	68	66	23	31	21	74	43	98	60	10	76	29	65	75	44	7	79	70	20	5	25	34	71	57	92	11	24	18	66	79	46	34	34	84	57	13	46	21	77	39	53	42	75	33	47	26	36	66	84	24	51	41	77	16	54	70	77	30	69	77	45	55	98	51	85	2	46	29	43	18	71	76	29	88	19	86	70	81	95	4	60	77	59	33	64	53	15	83	96	30	70	1	12	75	44	43	8	83	21	59	52	85	41	36	51	76	51	69	34	3	31	10	92	29	17	49	28	70	62	73	20	80	47	2	47	18	5	88	76	47	32	79	48	94	31	39	91	8	74	10	67	46	29	13	79	41	96	92	18	74	39	88	76	83	48	33	41	88	24	16	99	65	19	1	55	9	84	18	73	81	34	36	93	
60	52	63	57	28	68	79	87	90	60	63	61	23	38	59	71	25	54	99	47	6	52	80	31	79	8	75	92	85	77	86	39	49	68	4	86	70	90	45	30	6	64	70	56	75	75	94	61	58	26	96	18	41	23	33	52	26	37	53	73	72	97	59	87	98	38	79	74	74	46	20	91	24	93	11	96	44	76	49	47	62	91	65	16	53	65	31	28	78	45	13	49	46	29	87	53	10	28	100	39	93	85	73	54	90	47	91	26	2	96	89	84	80	54	66	35	61	53	19	18	3	55	18	50	21	66	6	99	34	68	49	39	36	33	42	79	56	56	13	48	7	95	63	90	94	9	6	44	63	92	88	52	13	59	74	62	16	91	27	73	30	16	75	64	75	66	85	94	78	55	86	80	38	14	42	83	84	86	90	27	55	89	94	92	92	52	53	92	48	46	36	18	22	31	21	32	9	80	99	17	
42	14	55	19	43	55	44	40	32	27	9	67	2	29	96	56	99	88	68	46	7	26	48	93	1	53	83	20	35	84	86	24	35	88	54	37	97	25	43	14	36	17	11	10	23	56	31	93	43	24	16	35	45	87	1	65	22	46	27	25	17	36	93	95	9	49	11	20	91	45	87	3	70	15	58	58	64	43	6	73	59	83	36	64	20	37	99	24	95	23	82	44	100	41	20	15	98	27	28	16	44	38	60	75	14	97	6	13	4	51	93	80	65	4	31	89	97	24	91	59	8	98	17	31	59	6	23	59	11	77	46	98	15	22	30	68	81	90	34	83	26	87	12	15	33	20	58	45	82	60	31	21	12	94	38	84	37	97	72	84	42	31	8	61	19	92	36	35	12	81	93	47	74	14	40	14	58	34	24	83	55	48	78	17	90	91	18	48	98	71	73	45	40	59	88	6	12	80	15	42	
14	88	79	26	11	93	84	86	93	48	45	3	33	83	63	70	62	29	89	78	27	96	37	74	44	20	47	94	25	67	92	11	44	45	7	69	95	6	29	59	48	12	14	84	15	100	75	82	56	11	99	20	91	65	32	11	4	65	88	13	49	47	43	74	78	60	94	5	2	64	6	99	77	98	28	71	89	85	31	27	78	70	62	46	53	67	24	26	17	89	95	5	49	55	69	49	1	12	92	2	98	16	8	17	65	30	20	45	3	40	60	42	87	89	4	68	72	4	70	70	66	68	80	27	52	99	59	41	71	66	34	45	52	25	79	35	39	51	29	20	40	79	91	19	26	33	98	49	18	47	28	99	75	78	17	44	39	58	27	62	26	76	51	53	18	26	71	95	100	17	86	17	94	38	3	74	36	36	37	45	25	12	1	42	44	27	34	19	6	73	50	29	50	18	73	39	58	5	79	80	
62	7	95	39	3	67	56	8	19	73	56	73	53	24	2	84	77	91	85	64	67	29	6	21	66	54	84	4	74	47	7	44	15	68	99	22	16	3	69	56	62	78	72	70	22	43	27	54	70	21	48	25	15	50	20	98	12	75	16	84	22	18	69	46	95	31	12	7	10	4	94	43	58	18	29	94	64	79	54	96	26	87	1	66	77	93	42	30	85	3	10	96	89	72	92	66	4	34	9	52	20	18	23	89	34	31	75	90	9	78	32	78	1	63	50	96	42	17	67	8	43	75	30	19	85	34	11	71	2	68	70	12	80	68	5	8	99	19	91	37	70	100	7	75	15	23	80	47	94	58	46	30	98	62	31	37	88	35	72	53	66	44	86	70	17	45	70	68	89	43	91	51	56	79	30	57	86	21	20	57	95	42	83	2	82	74	7	7	18	1	82	83	79	47	7	59	54	53	66	98	
22	30	50	9	68	36	45	50	71	56	14	58	77	14	100	39	77	80	20	76	82	92	24	25	70	88	70	6	34	48	44	90	9	49	34	5	14	97	75	72	29	79	60	9	37	74	79	31	49	71	100	24	89	70	70	42	45	8	15	29	86	99	65	40	2	51	94	55	10	76	73	56	43	77	51	13	31	5	54	13	75	4	79	6	55	80	51	2	47	29	5	70	9	3	83	8	18	67	93	30	2	55	10	33	59	59	58	40	11	93	78	21	93	52	57	80	94	27	94	51	26	81	69	68	41	68	77	66	68	15	71	77	61	79	89	34	50	11	22	35	20	11	69	86	48	80	67	95	84	62	50	97	45	23	20	83	75	52	38	87	21	100	74	59	68	22	60	26	64	93	79	16	16	72	45	63	100	21	16	53	49	19	40	2	90	61	6	95	89	61	74	30	67	1	35	6	46	14	70	95	
98	65	91	33	90	4	29	71	9	3	49	45	25	9	97	65	95	67	38	4	74	58	3	68	36	91	65	33	19	65	50	33	91	16	72	64	5	44	84	73	84	37	86	93	68	70	63	98	80	76	47	86	64	78	24	13	51	33	66	57	88	12	31	22	59	73	26	1	3	38	47	79	8	22	41	95	49	99	71	65	56	50	36	2	66	98	69	89	12	9	77	79	24	34	81	42	53	74	48	92	66	60	75	77	44	85	38	71	28	56	20	10	70	56	62	56	87	22	28	83	38	82	87	36	36	49	46	34	70	71	46	2	62	48	44	11	87	46	46	49	36	86	48	34	16	18	92	44	21	83	48	27	10	83	45	77	71	57	49	80	22	39	50	29	51	73	58	11	20	44	14	28	12	80	69	74	3	76	87	59	76	48	46	33	65	28	60	78	80	71	43	15	99	46	63	85	33	100	57	87	
63	45	47	8	43	51	70	90	51	70	32	62	66	8	16	51	17	82	6	41	63	17	21	37	20	86	18	11	69	25	87	95	89	87	90	18	21	28	21	20	25	19	87	18	24	37	86	48	43	64	34	47	51	1	73	30	74	81	60	9	54	59	1	40	17	44	4	65	90	85	32	87	51	2	3	47	67	81	84	4	65	98	56	40	54	4	95	80	26	59	89	56	53	76	81	38	53	55	74	41	46	90	70	51	41	7	90	24	19	51	61	78	31	56	84	64	54	28	34	20	93	80	54	86	51	39	98	45	12	77	2	41	100	39	34	83	80	31	59	32	84	29	38	45	55	74	86	47	36	37	39	78	18	31	79	23	17	65	28	8	64	42	82	88	28	39	57	80	7	30	13	50	60	26	53	46	63	96	84	67	52	23	31	23	25	67	74	41	58	8	18	32	1	94	49	87	64	69	91	1	
99	25	47	24	60	76	27	83	74	51	19	15	15	82	43	66	8	35	88	1	20	85	36	51	69	57	17	28	99	50	42	6	92	73	50	30	51	27	5	21	92	81	18	80	45	25	48	86	75	92	58	86	46	59	18	1	83	6	61	45	96	16	87	86	69	55	57	18	15	61	5	61	35	14	22	1	35	71	38	79	4	90	93	57	76	70	54	67	56	95	18	13	34	51	21	31	36	98	42	12	6	28	100	39	18	77	65	17	49	45	55	19	15	85	15	93	42	22	14	66	35	26	99	93	76	36	15	52	80	61	62	100	64	37	5	39	22	71	33	95	85	23	87	47	94	12	62	86	44	100	83	11	93	7	19	85	46	23	3	88	9	100	58	50	15	90	29	68	19	28	10	39	31	46	81	55	35	38	75	42	31	18	43	29	29	84	2	67	53	12	14	29	41	9	70	85	51	19	58	27	
9	34	29	62	98	84	88	8	62	15	43	70	90	42	61	28	71	38	21	94	6	76	48	51	63	78	27	43	82	51	28	61	53	49	29	86	52	42	39	41	87	3	95	85	97	20	23	24	86	17	57	16	33	10	76	71	54	18	46	59	67	16	85	48	75	2	2	17	19	97	52	15	85	80	44	14	99	84	29	47	51	96	61	34	34	8	87	54	57	85	92	81	45	51	42	29	77	98	14	40	97	47	72	5	84	12	99	60	22	20	18	34	77	12	30	41	62	21	28	16	38	93	95	22	51	33	22	25	68	79	48	39	37	30	17	18	93	16	73	94	85	75	14	55	37	76	94	30	67	92	6	85	16	57	81	94	66	75	29	12	36	67	62	35	71	61	1	74	8	57	19	90	30	67	72	48	96	66	27	61	44	21	65	58	7	45	50	7	62	15	50	57	55	14	98	9	6	92	45	72	
73	86	32	81	44	11	72	82	73	64	44	45	83	21	91	88	57	93	29	78	18	23	18	84	15	10	75	54	48	69	3	7	50	97	63	20	39	72	19	26	27	33	100	64	34	64	32	27	73	96	68	75	15	45	43	79	21	77	59	36	49	76	33	70	16	20	67	2	4	57	21	72	9	13	41	73	70	35	43	72	30	67	85	74	46	97	30	32	22	24	6	10	27	27	73	26	48	86	12	3	59	17	67	51	4	53	91	80	75	98	3	21	87	99	51	38	19	62	51	46	94	91	37	54	69	42	30	79	5	89	44	34	5	17	80	74	58	72	56	38	7	3	48	87	18	29	10	84	98	32	80	10	94	39	16	50	4	14	97	76	60	2	61	72	60	23	71	49	58	5	90	79	82	12	62	25	47	98	54	28	92	51	98	31	45	7	3	46	78	22	81	94	71	36	93	17	44	66	74	58	
83	66	100	75	68	98	88	34	29	72	70	2	26	8	82	93	18	19	16	59	82	93	76	66	61	90	54	83	88	34	60	52	74	50	36	93	84	21	19	72	8	62	14	63	85	58	22	93	55	78	51	89	99	2	5	71	47	23	31	55	48	64	74	76	23	11	59	80	39	3	2	92	33	18	10	3	40	15	42	43	77	92	22	44	28	58	40	69	76	47	76	41	72	25	77	3	87	34	37	49	84	16	60	99	95	75	28	61	95	69	47	83	37	76	44	69	91	18	32	57	35	8	11	54	34	79	68	35	8	34	11	83	39	18	74	85	45	40	68	52	96	93	66	91	83	35	29	60	68	24	45	13	54	49	89	31	20	24	43	14	47	68	92	90	98	49	10	14	100	80	81	83	95	64	77	97	78	29	45	62	8	32	52	30	18	47	54	85	30	37	13	40	65	58	11	5	81	6	27	68	
70	49	56	79	59	87	84	72	71	79	54	89	97	13	95	91	27	48	18	44	60	40	50	32	30	80	86	7	54	67	49	8	25	97	30	86	19	90	47	48	44	13	29	52	66	68	32	1	29	35	99	94	100	16	55	15	27	39	100	49	37	85	72	83	17	33	24	6	82	25	18	97	7	64	73	74	17	66	90	39	55	56	40	43	74	30	84	89	89	86	61	84	95	22	99	50	65	3	80	74	84	31	98	99	94	66	71	8	28	2	57	79	60	99	48	70	52	83	81	62	13	5	17	77	3	56	81	39	99	50	87	80	22	93	58	45	65	34	12	43	28	94	65	70	8	82	59	30	2	98	20	60	58	41	44	4	12	10	67	29	84	57	91	37	75	97	56	39	49	23	46	82	77	97	58	15	59	16	49	59	100	15	74	85	17	40	53	60	4	56	8	20	67	100	2	80	38	7	20	92	
1	4	86	52	74	35	81	31	32	81	33	9	74	89	10	69	33	21	4	40	29	50	10	46	49	18	100	88	67	58	29	62	89	1	65	31	93	43	73	26	19	36	31	15	11	18	76	98	15	90	85	44	22	27	16	76	97	98	97	51	74	5	20	8	47	25	24	79	94	82	65	75	99	63	61	80	91	70	91	40	49	50	32	19	97	24	7	37	28	30	8	82	73	20	89	37	100	66	77	89	41	26	41	88	67	25	59	58	16	20	12	26	76	51	73	85	31	3	35	26	71	26	26	89	31	56	90	51	19	11	46	31	71	16	72	40	34	64	52	38	94	20	13	8	17	96	55	35	21	22	23	75	25	80	23	37	100	23	86	71	87	69	8	66	45	16	54	99	82	70	18	92	52	67	14	46	97	27	33	25	13	52	28	73	52	96	17	42	96	50	31	31	95	85	65	92	13	47	56	23	
76	35	84	51	83	96	70	98	50	49	98	43	42	66	22	25	69	81	39	94	97	32	33	77	32	76	62	36	3	43	53	82	75	37	5	54	40	15	67	76	44	97	37	99	5	86	43	89	1	70	76	26	99	70	37	47	93	18	4	68	73	67	31	16	39	76	52	76	68	63	80	78	37	50	29	5	77	2	58	35	93	94	12	73	56	5	49	79	91	33	33	38	27	53	74	18	12	55	68	39	11	82	29	99	8	24	18	87	17	63	86	87	3	59	43	41	87	78	15	16	29	91	73	14	10	13	34	29	91	22	46	59	33	73	56	68	12	52	80	74	42	41	52	90	85	60	98	20	2	2	91	8	16	50	81	91	56	95	46	6	3	22	56	35	66	10	32	15	31	69	67	27	84	2	90	63	95	26	15	90	91	100	34	52	80	36	21	96	62	37	42	30	22	99	43	80	44	70	84	79	
91	97	96	76	61	99	30	19	55	45	69	56	67	28	23	58	16	60	62	26	84	85	26	66	65	35	83	26	72	56	28	7	36	66	95	85	73	58	16	24	14	26	18	44	6	82	45	100	14	13	96	7	19	66	49	64	79	54	27	36	37	42	45	77	53	69	87	28	44	31	64	52	28	65	12	86	23	93	28	95	14	77	31	76	34	69	77	50	65	53	4	62	43	70	76	58	67	43	86	46	25	66	48	73	36	66	50	27	34	60	46	44	44	33	4	52	74	17	79	85	20	56	82	97	92	48	83	20	37	35	49	32	95	94	38	52	43	38	74	1	41	5	72	81	17	12	89	51	31	8	63	18	13	93	98	97	15	24	79	51	84	1	22	18	58	7	7	39	48	3	76	20	81	35	4	77	68	83	10	32	7	15	84	3	9	57	68	12	21	21	98	45	47	26	55	39	49	9	83	29	
22	18	71	88	62	3	98	63	72	28	53	46	37	47	28	80	26	86	20	38	76	11	4	91	39	22	1	92	100	14	95	68	51	6	92	52	78	79	15	44	54	70	46	68	52	83	81	100	18	1	75	27	96	92	53	20	63	71	100	54	37	77	1	87	57	31	45	94	46	47	82	37	24	70	48	31	7	78	10	80	19	54	53	90	99	69	50	48	17	55	13	59	24	27	22	16	67	33	91	12	65	72	72	98	63	95	62	75	59	86	97	52	92	5	100	61	88	54	39	84	66	38	24	47	29	7	26	40	70	20	36	84	85	85	7	96	28	94	42	41	9	92	1	14	4	63	24	31	79	42	32	83	7	24	1	25	95	57	41	74	70	76	52	70	34	89	92	93	58	3	74	11	2	61	60	28	45	41	8	44	33	36	76	71	15	37	89	83	51	72	12	70	35	18	33	86	84	5	100	8	
97	58	68	33	51	38	23	21	46	7	91	31	80	47	79	13	41	1	3	99	15	39	51	58	87	5	24	1	98	85	69	62	84	25	68	100	11	1	14	17	48	36	31	88	31	37	61	10	28	25	86	38	38	92	55	3	50	48	52	10	22	51	47	8	82	97	69	43	15	56	58	72	24	39	99	7	51	44	48	54	50	1	85	72	76	29	32	87	8	29	69	47	91	13	27	7	51	15	5	21	80	1	58	24	86	33	48	99	6	43	92	69	65	74	29	3	95	48	26	36	91	10	67	81	17	95	87	79	100	11	86	29	23	75	3	93	94	20	41	5	92	29	31	32	4	34	78	59	83	53	84	18	24	54	23	79	80	15	50	98	83	77	85	64	68	25	74	57	69	69	69	32	57	25	71	97	66	28	46	5	92	15	31	34	52	15	43	89	66	43	8	51	48	18	89	75	87	60	24	28	
63	38	94	95	57	63	13	76	95	93	45	6	8	35	94	81	50	24	19	28	75	82	67	7	28	77	47	81	2	57	43	1	25	47	15	10	15	20	98	71	84	21	44	10	4	10	80	37	43	43	28	93	56	80	64	62	33	23	68	19	9	63	39	51	65	53	34	5	94	34	40	27	32	83	64	15	8	4	97	43	74	97	93	39	67	51	37	89	39	30	12	41	69	58	50	80	40	94	35	8	66	30	7	79	11	24	36	61	37	84	26	6	83	23	97	80	9	10	62	96	53	65	63	36	49	63	12	91	7	69	48	38	87	14	48	66	65	13	52	72	1	31	11	97	30	11	38	85	41	62	40	43	13	74	81	61	5	29	55	97	65	28	3	96	66	61	30	82	75	57	100	85	23	59	41	92	64	94	95	83	81	53	23	91	42	7	57	43	81	54	44	26	8	100	42	74	75	47	59	56	
88	6	7	71	68	93	16	29	49	68	61	5	57	62	89	32	15	64	3	21	89	59	12	29	61	79	82	50	38	95	33	82	81	12	78	48	17	82	88	1	65	38	88	88	13	19	49	2	27	2	55	60	51	82	62	86	96	28	40	61	7	45	100	97	67	72	72	38	54	5	81	39	23	40	73	53	16	52	57	25	86	17	22	32	17	81	49	49	15	43	84	89	84	33	80	16	32	19	58	2	88	10	68	66	61	29	59	55	77	68	18	2	12	9	51	52	99	66	27	12	42	43	75	53	28	90	15	19	75	86	34	45	47	55	87	91	70	8	90	81	14	32	97	91	95	57	97	17	9	21	97	49	65	55	100	47	4	39	61	88	81	4	22	57	11	72	92	39	83	28	10	14	89	32	7	46	43	35	54	68	55	88	71	33	72	58	14	94	22	41	35	63	1	92	61	61	30	8	11	93	
17	38	77	38	77	59	76	97	36	22	61	80	33	87	89	81	18	92	78	13	86	59	89	60	17	33	100	41	61	15	78	6	55	32	14	84	80	64	78	36	68	60	20	48	56	51	37	38	83	81	85	29	100	72	30	40	5	80	46	27	62	4	18	40	98	59	74	65	52	66	49	49	3	36	45	14	21	41	19	57	82	75	45	83	55	88	36	35	67	2	5	44	77	76	99	66	48	54	21	88	74	85	60	34	31	77	100	51	19	77	5	44	48	90	41	51	72	61	37	12	35	63	35	36	70	94	33	26	15	48	16	55	94	37	18	83	8	17	85	17	4	4	30	95	92	99	3	11	4	31	32	38	49	64	85	25	61	71	96	48	96	70	43	26	16	95	93	46	17	85	100	6	33	44	17	85	29	88	48	82	77	61	71	76	100	8	55	74	46	2	94	82	91	39	1	38	2	64	23	24	
95	95	38	32	29	86	95	65	86	19	65	87	4	40	48	58	77	21	25	37	44	2	16	99	96	25	14	81	63	57	35	24	85	36	94	5	84	89	17	84	14	13	83	74	77	65	1	72	32	28	90	15	45	48	75	25	22	68	17	43	61	37	93	70	95	26	97	14	99	78	69	46	39	48	40	58	64	25	80	29	41	58	31	72	39	84	7	59	18	78	20	59	88	88	10	92	77	87	29	19	80	61	34	24	93	47	46	59	35	35	21	88	35	28	85	45	31	16	55	72	4	4	93	1	62	9	20	33	23	80	18	74	12	76	29	35	82	96	60	12	63	34	11	57	99	28	63	47	21	15	97	14	34	94	95	95	56	95	76	76	65	47	51	28	100	48	19	35	14	61	61	43	31	69	38	60	13	95	26	33	26	54	99	6	78	76	96	77	32	18	40	73	47	85	96	44	5	38	26	48	
90	53	62	97	100	27	84	33	18	75	24	79	54	66	39	68	78	62	89	79	20	65	6	77	49	51	32	90	5	30	70	31	8	85	82	99	61	79	89	42	96	85	65	90	30	56	65	24	66	33	72	72	94	96	4	16	74	6	5	23	65	77	89	45	49	95	27	61	70	95	36	59	25	98	14	44	99	2	38	67	21	63	9	83	54	70	30	84	53	73	96	69	56	94	6	79	77	88	70	26	72	92	85	94	92	59	45	16	2	71	38	35	2	8	19	64	66	25	73	61	52	3	23	18	73	6	58	98	80	67	92	86	62	94	10	29	59	55	98	89	24	78	38	97	3	63	96	63	86	85	53	88	61	75	88	57	93	53	33	30	1	7	82	36	94	85	88	96	39	4	25	8	54	26	31	95	40	22	27	4	26	11	50	7	97	87	98	54	5	7	8	49	23	95	13	50	37	22	77	18	
7	42	82	48	39	31	44	82	4	30	48	36	66	51	33	29	13	24	87	42	21	72	43	19	8	77	27	5	44	77	17	52	86	41	7	8	39	80	92	89	62	3	96	34	100	8	85	1	91	24	82	8	86	92	4	48	88	39	57	70	71	18	51	74	81	47	25	71	59	9	98	10	23	53	84	55	48	48	30	85	1	38	91	78	62	43	55	3	40	51	85	55	53	90	35	64	22	49	29	90	98	25	5	86	4	26	72	99	57	56	75	14	70	51	43	52	69	59	59	9	5	93	15	64	20	44	45	49	47	95	44	47	86	30	84	60	30	35	20	51	31	59	85	17	11	47	63	64	21	39	51	56	29	51	9	32	18	12	16	16	26	20	45	92	30	69	87	57	30	45	54	13	82	86	12	5	55	93	32	86	18	84	39	54	61	87	66	51	82	39	34	60	26	21	23	55	84	46	19	47	
2	1	79	22	11	50	64	30	68	63	77	76	64	67	36	74	37	78	75	92	93	53	39	37	76	44	31	25	57	79	59	82	82	94	93	41	95	17	55	19	79	5	75	11	72	50	18	65	62	39	45	29	5	37	26	48	86	49	15	1	60	13	21	6	54	95	58	76	63	96	48	1	29	85	15	6	83	62	23	94	95	97	2	84	56	35	86	91	78	24	55	56	87	26	49	93	74	40	31	25	33	20	74	68	53	50	99	74	39	77	12	77	10	92	61	45	87	84	50	50	4	93	13	73	80	63	82	18	94	84	21	36	44	67	98	68	2	21	2	31	79	83	41	9	4	21	86	21	72	49	94	19	70	56	7	21	95	33	31	87	84	27	100	89	73	80	8	31	79	92	24	51	5	77	7	77	26	61	35	31	54	45	18	82	27	60	24	65	48	1	18	32	54	91	80	64	38	9	58	54	
11	45	47	98	66	66	14	8	50	19	67	41	38	62	58	38	10	100	24	18	89	28	2	1	71	90	23	32	4	54	64	81	27	47	39	77	7	12	77	78	38	85	94	34	37	65	80	45	77	73	82	91	31	86	30	15	52	55	17	34	17	14	81	37	87	64	37	34	35	56	11	17	31	1	71	89	19	90	22	37	31	94	8	52	80	52	37	59	82	66	69	10	93	53	64	60	74	35	54	74	95	13	37	7	76	75	29	4	94	88	64	37	72	90	42	58	70	58	59	11	60	74	34	91	47	92	60	47	58	62	83	37	100	92	32	24	98	22	2	8	42	53	62	21	31	15	85	39	49	50	35	67	25	16	41	81	89	49	90	81	70	52	51	75	79	33	95	65	37	85	84	31	14	32	64	46	81	24	33	96	41	87	38	98	60	24	54	47	73	5	31	60	59	34	36	79	51	47	68	70	
18	51	33	83	91	7	79	50	30	71	30	21	87	12	42	36	27	78	77	50	13	92	65	68	11	11	26	41	36	26	7	84	78	31	30	18	62	26	96	64	84	40	100	48	82	22	55	96	95	88	41	93	70	27	79	100	9	77	46	32	52	6	62	95	12	67	66	78	71	23	35	6	68	27	73	25	29	22	13	81	5	65	82	12	14	84	1	25	82	97	10	58	47	72	85	42	74	77	20	91	87	93	47	52	61	96	35	40	72	48	17	81	43	97	22	24	40	92	8	20	9	54	27	87	2	88	31	28	46	50	48	39	83	6	80	45	20	23	91	63	32	84	40	97	32	97	53	51	94	35	3	69	89	49	1	73	91	6	20	25	86	92	71	30	59	81	13	64	77	19	97	25	97	81	11	82	52	46	37	38	89	66	30	77	93	72	44	14	83	37	23	95	70	100	87	36	55	23	1	61	
47	41	82	27	4	92	57	25	46	33	14	18	55	50	22	55	76	11	26	93	41	6	5	78	42	99	64	59	50	76	45	9	96	13	72	4	89	99	50	80	99	94	75	69	57	96	88	34	53	79	10	26	85	56	73	35	18	77	19	10	33	39	14	7	98	38	86	73	32	50	24	50	3	65	76	18	37	28	74	64	55	85	29	88	4	55	100	4	98	94	65	99	93	69	65	98	64	15	23	21	23	95	22	52	18	33	43	33	23	74	39	26	28	84	42	1	8	75	41	13	5	25	98	36	47	52	21	99	30	97	27	78	11	85	10	13	60	75	8	18	83	18	43	49	38	14	88	56	19	67	69	94	49	88	77	73	7	100	77	33	87	94	2	31	22	59	9	30	48	46	6	71	8	34	91	42	59	60	45	9	25	1	54	86	13	17	27	16	79	73	39	27	54	42	100	68	94	47	79	50	
63	16	83	49	82	74	2	76	53	55	24	70	77	20	8	54	82	92	27	36	78	59	74	95	66	67	37	65	35	98	73	66	21	91	56	20	18	18	97	21	32	79	39	49	29	75	100	31	13	80	59	54	22	52	41	80	42	40	9	69	41	15	42	96	85	72	76	41	12	77	35	49	88	99	25	75	94	40	43	38	29	51	4	39	70	69	50	22	64	82	41	76	81	11	7	45	76	75	19	62	87	84	53	9	3	26	52	96	11	4	17	75	30	79	41	57	94	25	73	48	35	1	85	26	18	13	12	75	98	45	10	18	93	16	94	54	58	25	16	13	7	24	13	65	49	34	61	29	70	25	89	49	51	64	99	22	20	67	24	95	82	31	27	98	32	32	59	16	92	55	1	4	8	28	94	99	19	55	15	9	76	52	17	54	89	26	50	98	28	84	21	68	56	51	79	31	28	1	15	22	
33	67	34	18	59	74	82	95	83	60	71	90	15	74	91	19	57	86	36	64	15	74	59	69	89	43	8	19	32	66	31	54	30	8	94	71	88	90	58	62	95	90	56	65	5	94	41	27	96	83	97	65	65	71	38	20	73	59	35	33	35	25	45	69	38	14	41	54	67	44	62	17	20	55	5	62	41	86	74	57	88	25	57	27	84	21	32	88	98	97	92	59	9	9	53	48	70	15	58	41	93	33	41	30	38	39	67	22	46	45	2	36	45	93	49	19	53	63	30	99	94	54	46	51	5	59	94	78	62	23	83	31	7	57	39	49	41	80	50	93	24	54	74	55	64	94	75	51	56	16	49	88	64	10	89	92	15	36	68	87	84	79	24	11	17	79	85	56	31	42	36	56	42	100	20	59	44	65	90	29	46	85	2	42	48	80	6	91	75	67	9	43	24	3	15	61	12	19	42	78	
88	11	42	61	23	96	49	4	52	53	35	2	87	43	25	90	8	54	45	18	66	2	63	42	45	57	37	71	44	40	22	80	82	49	23	30	21	88	75	38	77	74	26	29	3	12	19	17	95	43	100	31	34	67	53	12	95	27	92	47	99	8	78	1	47	64	96	46	70	48	69	59	29	10	97	41	1	78	48	90	52	15	54	7	69	91	55	32	34	82	67	10	93	15	78	51	23	45	32	50	22	84	53	76	50	87	66	66	98	99	71	56	37	56	86	90	26	17	10	24	58	78	48	9	88	74	38	17	31	20	45	79	19	81	16	89	44	23	81	98	1	23	81	100	85	95	88	9	7	41	1	77	99	89	30	67	20	49	35	45	50	100	3	57	77	43	17	62	80	60	50	9	80	18	96	9	12	67	66	59	70	37	15	41	13	57	96	89	33	86	43	88	95	3	43	85	74	45	15	13	
26	92	20	100	63	5	31	18	4	2	79	89	70	98	95	63	87	83	86	34	16	12	70	63	91	3	51	37	61	49	56	37	79	2	48	93	96	25	22	5	5	11	46	62	10	52	29	41	4	54	26	43	17	26	80	20	55	42	71	42	31	89	63	67	41	87	15	63	73	38	92	61	5	36	85	43	78	20	19	85	99	34	69	42	50	17	18	48	12	94	57	55	21	81	75	42	28	9	62	88	24	16	71	42	15	9	35	13	45	80	88	16	19	22	24	51	58	76	41	38	11	7	91	17	76	62	84	44	37	83	77	23	85	94	50	31	4	37	91	97	25	79	61	47	25	95	57	32	21	81	73	73	22	92	67	54	62	13	76	69	12	37	34	82	64	10	41	17	67	25	45	81	66	38	38	97	5	41	13	67	26	71	65	28	22	6	64	46	8	90	49	95	52	70	60	29	56	94	6	75	
3	60	77	2	10	50	81	99	60	49	62	12	74	59	91	51	54	84	26	82	97	6	52	41	57	72	93	77	1	64	62	92	78	65	30	10	17	74	66	50	26	93	7	99	4	22	43	28	2	89	21	15	40	58	87	20	51	100	75	20	100	83	43	15	77	9	1	27	60	89	52	90	3	67	56	57	66	38	38	33	37	85	76	28	88	65	14	11	18	35	86	17	32	55	43	75	53	64	49	58	30	71	68	72	18	12	76	11	97	16	34	2	96	11	70	19	36	72	97	29	47	1	31	74	47	16	37	39	88	75	71	17	46	66	4	20	12	100	56	15	95	80	5	4	61	56	93	18	95	89	91	7	20	15	20	62	40	13	81	47	47	63	92	2	29	27	28	74	76	39	54	41	18	98	52	50	100	45	57	7	41	15	19	21	97	81	55	36	46	47	23	50	31	80	90	23	82	75	49	41	
30	85	73	73	45	1	100	61	81	54	72	40	72	8	50	1	6	10	61	97	71	11	23	11	9	89	19	35	14	40	86	82	94	41	27	35	11	83	64	92	24	51	18	100	30	35	16	75	50	56	48	32	30	77	60	16	33	13	98	56	24	34	93	36	7	36	40	75	59	90	77	13	6	69	10	60	45	53	88	70	29	41	97	9	48	30	16	51	44	46	61	37	30	53	72	55	24	57	98	26	3	55	49	6	94	26	53	38	19	78	44	72	51	74	57	33	20	86	35	34	30	38	52	7	32	91	97	58	35	52	57	65	23	75	14	24	10	23	95	24	57	15	29	39	71	95	53	12	33	49	6	100	67	36	49	13	13	13	39	88	70	34	70	65	77	43	86	2	71	76	83	32	94	37	84	13	71	35	44	26	21	84	61	83	46	17	61	10	73	15	89	91	19	86	39	19	25	11	29	5	
97	25	6	20	58	69	15	78	78	9	27	3	97	36	68	62	75	14	63	59	19	57	88	28	40	96	86	57	62	33	9	83	51	98	73	34	41	84	68	28	35	31	91	21	14	60	88	36	31	81	16	15	26	36	31	35	18	51	3	77	55	99	41	54	53	24	75	64	80	100	39	63	44	21	78	50	56	65	28	84	11	73	57	99	92	28	26	66	61	11	26	99	42	92	31	98	76	20	47	32	70	75	9	33	61	53	18	57	93	77	43	66	7	81	58	72	65	74	42	90	92	81	25	33	79	27	72	27	72	38	49	28	3	29	97	43	67	86	46	79	41	50	55	61	96	76	33	16	31	90	20	77	24	68	35	76	81	39	19	68	71	16	22	97	67	79	78	94	72	51	70	85	34	56	92	6	4	99	11	4	25	16	76	20	22	56	72	2	13	30	12	3	34	63	89	99	97	73	3	7	
96	82	38	90	54	23	16	36	30	11	22	99	65	55	73	22	79	9	19	85	13	23	84	79	95	63	89	45	17	78	13	81	96	59	23	10	74	13	61	50	24	17	57	82	22	82	47	2	32	99	62	30	87	30	12	68	62	11	30	13	1	39	14	54	66	56	9	2	62	26	16	12	57	62	19	91	48	72	31	78	53	25	65	69	9	13	88	44	54	32	74	7	90	69	41	80	8	2	53	22	92	45	17	18	65	91	49	50	92	25	40	73	16	50	82	62	91	85	79	74	24	12	34	28	48	73	84	62	53	87	80	8	88	12	76	14	29	71	6	51	74	98	97	88	48	76	30	16	87	81	25	33	95	87	45	69	47	88	68	33	26	38	30	24	58	68	99	8	10	24	99	27	52	64	94	14	53	54	51	87	92	56	47	95	38	29	82	40	60	55	91	44	72	12	15	94	86	37	28	59	
36	92	89	85	87	65	34	31	88	15	16	45	79	20	87	19	76	72	20	36	11	28	61	19	73	9	49	9	69	24	30	76	78	4	62	63	41	36	48	37	39	17	36	52	58	31	74	36	94	66	24	24	8	48	7	16	55	26	64	5	33	65	40	38	62	18	85	40	48	4	45	13	78	59	52	51	16	56	2	97	99	55	52	91	48	94	3	94	92	57	94	39	36	14	67	39	52	83	23	71	49	49	97	93	60	63	28	1	80	76	38	69	2	27	18	71	77	64	60	89	94	25	86	61	94	30	42	26	66	21	22	64	9	36	60	47	84	87	3	84	70	83	65	81	96	65	1	26	84	70	86	87	82	84	50	12	47	70	71	26	41	91	14	48	54	34	50	61	53	31	53	33	85	90	34	42	32	84	84	12	43	61	82	32	19	42	95	99	10	100	89	15	80	94	67	31	6	74	17	64	
61	51	65	5	86	87	92	17	51	3	94	7	6	2	28	15	8	63	63	68	50	76	16	91	31	58	38	28	26	21	48	34	88	51	1	90	75	1	63	76	16	28	93	10	46	54	46	89	92	41	84	17	60	54	77	8	91	17	22	10	88	60	89	63	47	26	81	70	93	95	25	53	39	54	5	37	3	43	51	86	72	11	75	98	100	45	6	58	96	55	93	9	94	13	32	15	54	5	4	78	52	70	44	63	72	92	22	80	68	53	78	3	73	51	46	92	56	20	20	70	36	7	2	8	31	16	31	76	44	100	39	42	100	67	2	68	57	69	22	1	76	77	28	4	70	47	7	20	27	52	92	94	31	79	100	37	63	34	16	38	91	43	48	59	8	41	74	37	12	91	1	40	31	20	47	4	54	16	13	56	95	42	90	26	34	14	28	39	56	68	67	94	30	19	51	26	50	75	52	87	
88	63	51	28	5	14	2	8	68	40	81	51	7	92	1	70	7	50	82	59	14	61	49	33	26	24	21	9	24	72	75	73	84	12	53	28	27	26	92	52	12	58	44	47	2	100	71	21	67	36	36	34	93	7	9	30	78	69	52	99	21	15	87	57	83	34	41	48	72	62	34	57	54	27	65	53	77	48	6	53	29	13	51	53	12	99	67	75	19	76	14	8	33	69	48	79	50	24	62	51	22	86	28	24	78	26	36	55	3	2	20	84	55	21	76	67	40	29	62	51	80	20	44	41	39	75	8	51	86	74	50	82	58	62	61	92	91	8	56	22	52	85	3	22	43	51	82	45	100	51	71	2	27	24	3	34	92	70	22	30	14	48	81	98	17	75	46	23	61	35	15	64	97	23	2	41	42	62	22	44	66	91	70	4	92	66	76	63	29	52	76	100	83	15	66	90	81	67	55	16	
53	76	79	31	17	10	80	61	75	40	38	90	83	91	80	41	72	12	20	80	97	6	77	63	7	48	24	90	83	5	8	15	72	54	56	61	61	52	6	60	68	71	99	4	67	48	81	95	6	25	36	44	9	39	11	5	10	36	56	62	91	80	39	6	22	74	12	80	30	17	60	39	24	71	75	71	10	22	19	92	46	53	90	15	81	56	37	86	76	79	27	40	93	14	37	84	14	11	69	83	53	42	46	77	83	80	31	67	42	68	80	70	28	76	41	2	54	77	94	69	40	17	12	88	91	64	61	53	70	59	29	88	50	35	72	90	37	66	35	18	70	64	96	57	26	28	36	92	89	75	30	31	98	11	57	82	2	65	97	24	48	59	98	50	34	11	21	30	49	44	53	46	44	84	9	64	9	93	23	52	75	63	70	18	10	54	15	41	29	71	42	60	45	40	78	13	91	15	70	85	
82	65	48	69	58	77	15	40	99	58	67	86	5	80	61	82	100	37	97	70	22	69	98	28	14	16	49	45	58	5	3	86	63	33	86	62	26	100	78	38	34	63	72	24	52	90	98	20	30	69	8	78	65	60	96	90	31	19	54	47	93	19	88	87	59	35	53	9	100	82	31	72	82	42	14	52	50	24	22	6	10	12	81	35	62	28	93	61	70	81	24	28	85	69	7	69	98	51	30	19	71	67	4	38	86	10	32	39	48	78	30	91	81	12	84	6	69	54	74	65	89	57	21	33	8	75	19	18	17	68	51	28	15	71	60	98	75	45	66	58	34	68	66	11	16	100	94	30	73	79	59	22	32	17	77	64	29	77	67	58	54	8	17	34	59	53	33	80	4	14	2	55	44	56	32	38	38	40	34	82	99	26	12	96	53	4	36	22	43	50	82	67	18	64	6	37	100	8	28	74	
83	33	18	64	61	47	6	25	37	8	92	42	74	44	23	89	53	6	16	53	20	88	6	51	45	80	45	4	80	70	1	7	85	37	59	48	80	49	67	84	31	4	40	55	85	9	33	28	64	18	43	30	41	86	21	13	15	97	52	96	2	74	65	34	63	82	79	86	27	46	31	24	79	13	78	28	55	45	44	49	99	52	45	79	20	14	69	66	57	50	20	79	24	24	48	89	82	98	95	83	18	100	96	51	31	8	64	32	5	51	44	22	96	95	62	52	87	71	2	93	24	10	22	53	74	66	92	26	45	22	73	39	90	61	23	49	97	16	10	7	89	25	61	72	95	48	85	69	80	33	81	59	32	79	43	10	27	43	79	68	34	41	75	11	53	41	43	20	15	76	99	66	82	39	100	8	46	72	87	58	1	85	28	15	49	27	82	72	71	67	66	46	89	77	95	90	25	9	70	91	
27	80	16	10	17	24	93	94	97	52	7	88	20	80	57	12	50	55	10	59	76	51	90	100	71	46	14	15	14	62	50	45	96	86	4	53	85	32	1	24	66	50	84	100	64	94	83	76	1	61	91	12	60	48	49	85	15	74	53	34	53	75	57	13	96	78	59	93	35	14	51	1	35	96	5	38	7	15	7	79	40	84	54	59	20	18	5	22	31	43	39	92	59	92	96	75	39	85	8	40	54	51	93	38	11	99	55	35	70	28	62	90	83	64	80	72	13	49	37	19	16	32	70	1	10	85	36	71	70	60	58	57	29	1	71	10	56	54	32	7	92	74	30	92	93	19	88	87	8	95	13	9	59	85	17	41	28	86	78	99	50	74	46	21	33	43	80	36	88	14	28	64	44	27	90	40	91	47	13	81	28	100	98	16	19	75	84	73	92	19	79	62	49	85	10	96	11	61	47	37	
43	40	89	86	30	2	19	70	61	76	54	75	98	36	35	24	55	44	62	28	55	90	51	39	49	73	74	94	45	27	72	14	2	26	98	13	79	78	60	53	43	25	79	44	70	55	79	51	98	42	69	4	33	81	89	49	14	24	73	73	24	89	88	54	59	76	33	62	49	63	29	12	42	44	96	22	4	60	87	43	49	19	33	43	98	75	83	61	87	14	58	46	47	40	50	18	56	82	78	59	5	82	76	13	48	37	32	27	67	83	15	94	28	26	62	100	94	51	39	7	29	34	2	30	67	94	35	95	68	26	11	80	68	74	49	14	39	99	15	39	93	57	82	39	46	35	96	57	31	65	64	30	16	56	62	17	74	2	94	8	61	37	23	30	80	20	36	31	69	60	67	21	5	47	88	61	67	28	8	90	78	48	24	26	51	31	93	19	85	70	63	59	74	66	88	92	16	15	3	72	
98	66	71	11	7	90	17	22	11	4	27	71	97	38	9	71	85	94	47	97	34	65	70	21	49	25	66	25	17	36	91	89	4	70	91	19	99	67	64	31	94	80	94	47	84	85	49	75	87	19	60	36	96	37	85	26	60	41	30	73	49	78	62	28	33	94	94	23	43	8	37	4	78	18	13	73	44	77	41	88	18	41	74	56	64	33	23	85	51	10	63	37	2	57	61	67	88	7	77	29	83	96	95	37	46	43	43	64	73	90	100	16	63	77	51	39	70	59	51	59	17	57	37	34	46	78	12	100	89	64	20	7	19	8	58	100	49	82	31	48	58	69	75	83	17	14	39	30	79	37	77	48	92	31	80	67	76	71	72	10	53	12	61	49	4	15	88	69	26	20	68	5	22	65	80	91	60	3	91	54	75	21	76	76	95	39	51	61	54	56	93	25	1	91	25	22	28	58	6	60	
48	45	22	58	18	66	69	4	62	67	78	18	59	38	5	15	23	29	86	23	84	73	16	53	9	56	75	18	35	83	64	25	9	40	12	5	18	29	39	66	22	17	83	49	67	3	40	48	83	26	56	7	87	15	68	65	34	73	74	42	54	17	54	13	12	58	26	34	39	77	35	58	25	86	95	44	14	28	4	20	70	82	27	83	55	12	10	30	77	19	36	98	7	10	79	37	54	56	93	5	67	39	26	11	72	26	34	41	55	7	77	91	77	24	6	39	24	46	95	82	84	31	72	56	29	55	81	17	43	93	44	30	28	57	5	80	23	70	69	3	3	69	57	28	85	61	4	45	92	85	19	46	55	42	60	25	39	76	51	24	31	91	35	44	14	76	14	60	20	17	36	75	76	47	89	5	4	16	57	88	1	37	42	57	29	4	51	59	84	89	59	24	12	78	2	36	93	38	27	19	
41	88	98	63	14	67	11	76	48	56	2	65	16	100	26	70	23	75	30	12	64	80	92	69	47	39	36	71	20	48	73	49	95	54	2	43	3	62	80	81	5	10	20	3	33	95	39	9	14	55	48	4	75	1	97	51	44	63	17	26	78	24	75	24	47	68	62	10	90	48	10	55	55	2	74	20	57	36	86	92	15	5	74	56	71	74	1	99	44	8	82	38	76	46	3	50	50	82	25	38	72	26	43	82	32	17	34	38	38	4	1	83	41	62	77	25	46	98	57	87	88	90	69	50	13	86	93	86	91	79	14	13	10	19	90	81	46	18	67	76	74	69	100	10	100	61	25	54	24	84	97	6	1	36	50	45	54	83	70	99	53	1	15	53	2	99	28	67	68	36	44	96	15	26	20	65	27	6	8	73	78	63	84	44	49	74	45	15	9	42	26	52	36	45	25	82	14	90	52	62	
99	53	96	53	44	98	64	85	27	24	53	15	15	78	24	6	60	3	79	90	58	9	48	54	19	27	68	53	86	83	36	44	15	47	9	62	79	52	65	47	4	61	31	81	5	19	82	4	34	79	15	10	94	88	93	20	36	50	1	17	48	5	82	65	19	36	46	27	94	30	54	47	6	38	13	31	30	83	72	100	97	53	28	43	26	3	55	61	36	14	24	17	74	18	38	35	40	62	90	41	86	4	23	95	75	12	51	67	12	93	58	33	40	38	9	6	30	27	35	30	17	55	18	43	79	80	47	17	51	16	28	50	39	90	79	83	82	92	27	20	11	32	85	14	6	43	8	13	51	31	25	71	4	56	9	81	41	32	85	27	33	40	64	46	55	66	64	21	5	75	96	77	92	74	66	68	85	54	42	20	60	51	55	79	71	18	36	81	79	73	83	92	49	87	68	98	100	93	93	11	
39	78	41	97	6	30	93	2	100	10	70	54	60	87	76	44	63	65	62	45	96	26	57	67	43	46	15	4	64	9	72	13	32	14	4	39	71	63	68	70	41	26	97	45	25	84	14	84	27	24	82	92	10	27	13	79	65	27	51	68	75	26	60	61	15	100	17	99	38	26	24	18	4	51	62	41	93	46	8	2	37	60	81	18	30	87	23	94	8	2	5	26	26	73	81	56	19	13	45	80	68	43	26	10	81	60	3	63	66	4	68	33	30	66	15	92	82	99	25	7	57	24	97	12	41	38	74	94	56	16	12	60	31	30	82	95	77	52	84	81	2	57	23	89	33	31	54	82	5	14	97	8	8	42	80	66	18	94	34	52	85	31	97	44	44	82	44	5	22	76	15	92	46	26	70	61	28	5	86	66	40	47	100	15	97	20	14	91	24	47	6	15	97	14	27	46	94	9	97	5	
47	13	5	73	6	11	39	74	43	63	38	20	33	48	28	43	63	56	39	52	77	7	74	73	59	19	45	34	19	75	10	42	40	13	87	89	22	75	75	44	60	3	50	99	69	80	47	72	8	1	44	19	77	12	8	51	41	46	53	31	26	95	7	59	98	18	52	96	1	85	82	56	52	14	44	58	15	63	48	20	100	32	89	61	65	9	88	91	86	81	59	22	53	64	89	86	51	74	41	72	46	39	42	34	28	36	68	21	46	7	63	4	54	49	43	4	13	32	51	86	49	84	8	80	96	14	14	38	79	72	80	26	46	67	12	64	97	67	2	35	61	25	59	32	44	69	26	86	77	32	81	34	28	100	18	38	98	37	56	64	90	20	23	84	56	39	27	47	65	47	26	74	26	48	88	6	2	8	84	40	42	45	6	28	24	65	30	16	23	34	4	52	21	61	79	62	8	7	24	88	
42	58	17	15	25	91	93	19	91	16	37	64	63	37	32	28	31	86	65	14	33	47	93	23	80	52	96	39	77	45	8	94	80	56	21	38	81	45	35	17	29	45	17	100	11	94	83	8	83	94	12	50	14	15	58	67	95	29	61	47	54	98	73	84	52	97	31	4	72	5	67	52	60	54	53	89	49	91	47	6	18	58	21	37	7	73	26	99	9	83	46	10	69	45	13	84	90	47	48	5	87	44	56	69	51	33	34	61	74	53	38	80	47	57	99	47	84	67	99	20	35	41	14	32	92	42	40	3	30	45	69	53	81	72	62	77	58	14	90	4	60	71	41	7	17	38	31	12	7	64	11	91	94	20	96	38	52	84	92	94	34	47	2	9	32	100	90	88	80	89	20	66	70	88	71	37	27	53	49	100	62	95	71	33	57	21	75	61	59	4	20	28	74	16	94	24	100	20	80	28	
52	98	55	87	2	31	98	44	38	12	91	84	6	3	33	89	43	67	37	27	80	98	34	1	52	4	90	55	29	83	88	47	54	54	83	25	58	7	76	21	21	76	68	88	63	49	55	76	53	43	21	96	79	53	81	29	27	48	81	80	6	25	25	86	30	74	73	60	85	27	50	66	84	92	72	88	19	81	47	75	44	48	86	12	35	90	61	85	24	23	94	15	47	5	18	66	51	2	85	48	42	89	58	92	41	14	62	34	24	21	90	48	34	75	37	49	78	58	29	37	48	29	7	81	18	83	14	74	57	63	74	46	55	48	25	97	15	46	63	77	28	97	92	46	85	60	95	5	77	46	82	42	99	59	9	97	50	13	6	14	42	4	41	64	38	8	40	61	91	5	65	68	61	6	37	68	11	33	71	39	64	3	87	65	26	29	55	76	65	30	1	1	85	21	55	29	79	3	13	61	
60	50	98	32	7	84	51	58	79	72	2	12	30	75	98	23	7	79	7	35	84	38	32	70	67	54	43	54	2	73	17	16	7	84	2	60	12	42	25	42	21	2	38	98	96	93	27	1	73	3	20	22	44	5	18	60	52	28	84	32	31	62	64	54	31	73	91	60	84	44	25	77	18	14	1	33	84	48	83	73	79	44	62	77	77	27	65	59	11	87	62	72	82	72	61	9	68	8	75	76	8	70	45	1	45	10	5	65	23	25	12	70	61	23	18	97	80	31	81	79	35	54	87	80	74	84	58	36	86	100	3	63	35	96	47	78	59	97	95	68	45	66	64	43	29	13	40	55	26	81	52	59	19	44	12	5	100	71	4	53	32	54	42	9	38	46	91	67	60	4	27	85	28	2	27	11	5	80	46	96	38	45	50	83	52	91	41	60	22	49	56	61	23	11	70	23	88	5	13	65	
23	12	76	90	24	28	19	96	62	78	18	86	16	33	97	70	5	1	68	71	100	52	20	68	91	9	83	71	8	60	97	50	90	76	50	90	34	14	65	79	89	78	48	82	72	19	44	21	73	47	65	55	80	68	21	23	57	11	3	11	6	13	28	5	31	64	47	77	100	6	32	81	21	86	69	50	71	4	54	95	55	98	7	86	57	54	72	78	57	76	81	30	20	99	56	76	43	32	63	58	77	30	11	45	58	80	88	85	3	80	53	54	26	77	68	83	48	67	99	36	11	42	13	52	39	86	34	36	21	21	76	96	38	66	98	29	16	27	26	83	41	28	94	35	88	95	22	93	61	24	46	60	55	65	67	41	45	35	99	54	84	16	62	93	40	72	47	28	3	16	6	54	5	8	53	33	80	88	34	70	55	56	36	10	19	100	51	21	99	97	56	97	16	33	97	10	85	54	54	36	
57	100	87	48	3	45	47	46	14	57	94	27	91	73	78	6	61	25	32	78	81	90	72	30	65	22	45	71	48	86	84	16	3	15	99	39	50	54	41	35	51	19	36	55	99	95	95	51	56	69	12	100	30	36	5	64	77	71	78	51	65	68	36	72	97	70	20	94	29	69	21	12	45	6	86	91	23	63	50	39	42	88	71	97	73	44	7	32	54	82	58	2	53	42	11	4	8	64	31	25	43	2	44	68	73	27	58	63	24	33	50	49	43	24	5	14	36	7	63	75	31	53	34	10	88	90	24	37	20	16	87	84	75	27	54	45	49	33	15	10	8	46	95	54	48	26	27	32	35	33	37	45	15	90	66	13	57	44	11	51	84	13	22	23	34	87	13	8	91	57	8	42	86	84	49	71	46	34	3	1	80	29	60	19	16	37	61	9	67	92	6	82	51	76	46	34	48	40	72	15	
99	42	31	10	66	40	93	80	42	51	87	55	12	73	18	97	21	75	58	29	36	29	17	46	61	10	84	94	43	97	83	1	7	53	95	54	21	93	51	33	38	47	88	10	11	28	69	68	3	68	76	8	43	84	85	39	94	50	98	87	40	83	37	80	8	58	21	84	60	100	61	37	34	57	62	8	23	25	72	46	26	82	30	56	12	24	20	76	29	85	14	49	43	87	68	50	21	48	36	22	10	42	21	18	62	75	12	58	39	81	85	82	10	9	37	64	16	19	49	40	82	71	25	63	76	27	83	45	57	53	59	67	42	61	28	62	59	25	90	32	44	5	83	68	82	33	4	86	31	96	38	9	9	29	59	67	7	26	4	87	12	56	44	52	82	58	81	90	54	88	73	20	66	40	100	39	96	70	1	83	94	38	74	47	70	13	32	64	47	7	98	42	63	36	74	12	91	66	57	15	
99	43	96	57	17	89	100	90	21	72	54	63	24	57	31	15	90	59	90	56	39	58	51	46	80	93	21	49	44	22	20	72	25	82	53	61	62	64	47	67	81	13	9	49	82	70	19	39	56	79	77	74	59	55	14	83	40	7	83	66	95	98	13	91	44	34	55	5	35	10	88	52	98	81	92	20	7	56	27	58	7	61	88	20	16	26	61	66	19	66	42	92	69	71	75	1	52	74	34	93	46	31	87	2	85	73	24	21	27	56	14	91	65	38	84	31	73	18	27	1	93	5	22	49	83	55	55	25	95	49	76	52	31	44	92	8	100	13	91	7	33	92	81	55	77	26	26	18	54	41	89	25	76	46	70	26	41	21	25	92	43	95	66	75	99	1	28	78	75	1	78	60	40	42	62	64	38	55	80	94	64	23	81	15	65	52	28	49	73	61	37	37	3	15	90	62	91	38	43	85	
87	87	24	62	56	7	29	91	55	19	11	56	73	1	98	14	5	77	12	27	87	85	17	19	21	84	53	31	62	68	18	87	67	78	77	16	84	37	86	35	79	14	62	16	81	49	79	88	42	38	26	71	88	25	41	25	37	61	24	84	2	48	89	75	28	58	1	96	50	20	2	13	10	12	11	7	52	97	87	45	44	27	82	26	17	36	71	53	22	97	75	20	78	63	10	86	89	83	56	35	22	2	70	23	77	64	4	27	1	12	77	29	78	15	77	15	32	91	98	62	56	75	84	74	48	89	48	12	42	19	48	23	18	21	51	32	15	52	100	15	36	15	53	88	61	54	11	84	45	87	66	1	52	85	37	71	15	84	16	56	61	42	91	63	26	85	100	48	21	37	63	51	47	45	95	3	45	56	29	38	23	70	85	40	20	67	97	52	96	86	45	13	38	59	62	4	9	61	76	54	
42	68	22	3	16	88	79	53	7	89	64	6	1	77	6	65	36	57	56	77	14	40	69	46	1	70	21	32	59	92	33	47	59	46	53	66	90	24	96	59	70	83	37	81	85	9	44	75	51	31	16	87	42	41	41	77	79	2	93	80	64	82	17	100	99	51	31	18	85	35	51	66	73	56	79	10	97	13	10	3	82	4	13	92	46	35	26	68	29	66	45	22	1	22	95	6	86	73	99	52	60	3	8	53	28	5	87	46	97	90	53	84	29	71	40	15	68	44	79	64	16	16	24	68	33	94	78	1	83	40	46	31	43	65	98	52	74	28	34	84	76	31	23	71	71	99	50	39	18	38	30	54	17	2	15	65	19	61	76	47	82	90	70	70	12	28	98	24	76	42	84	55	100	6	71	87	50	36	60	74	81	85	62	67	93	57	18	77	28	27	59	22	87	71	79	29	34	88	79	66	
37	81	42	48	69	77	70	81	69	24	44	76	81	58	26	23	98	54	90	40	47	7	47	14	66	6	27	76	48	11	53	12	71	100	59	49	50	48	88	82	73	14	46	76	62	87	77	12	39	37	22	29	89	29	91	12	83	53	14	17	6	54	62	28	14	5	15	78	33	44	90	38	37	30	29	14	28	56	15	22	64	60	1	2	5	37	36	100	98	58	58	70	56	50	21	18	28	85	65	29	9	58	18	11	74	69	87	27	26	81	50	45	38	26	53	12	97	14	74	1	78	39	66	61	41	92	17	42	2	2	33	23	29	58	31	30	85	73	52	3	71	34	91	33	76	6	7	54	82	98	77	86	54	42	41	28	21	83	20	95	32	26	4	18	96	15	16	26	76	57	44	79	15	28	33	65	83	10	19	47	15	40	67	21	3	71	54	83	92	44	63	45	39	86	54	98	99	52	95	12	
52	25	87	33	64	75	60	76	13	18	98	99	56	75	55	38	46	27	25	38	98	91	72	72	16	20	77	28	8	15	92	42	45	4	55	81	11	48	75	75	73	42	56	21	40	61	97	61	95	66	38	50	64	55	91	9	10	54	49	67	31	54	73	76	42	95	71	16	94	10	71	83	67	21	22	28	53	80	63	38	51	94	8	17	57	100	16	12	30	94	48	64	44	84	45	94	40	42	73	90	21	50	100	65	89	13	56	81	44	10	35	90	71	7	72	84	95	56	8	80	25	52	4	70	88	92	90	44	82	90	65	25	29	7	45	18	17	52	80	9	15	52	42	72	100	78	97	61	27	60	93	13	89	48	13	22	97	46	22	38	19	34	92	10	53	49	19	51	95	29	49	71	97	24	57	26	52	19	16	70	65	20	93	3	65	49	65	45	65	21	70	71	24	3	6	21	57	72	50	33	
45	73	31	90	17	66	88	59	97	57	1	13	72	97	82	81	55	46	74	9	67	22	92	71	11	84	28	9	47	92	49	14	88	93	88	46	80	37	82	56	87	34	25	31	17	85	90	69	97	3	9	39	46	52	49	99	83	55	82	13	66	19	24	5	65	63	64	12	92	60	74	10	77	45	22	12	73	50	99	35	60	12	2	21	40	30	25	15	46	44	36	45	60	11	80	11	38	55	58	31	13	32	36	24	34	4	20	40	8	9	85	74	71	68	43	62	74	14	93	51	3	47	62	20	24	52	91	27	74	61	28	67	84	45	7	47	40	96	36	57	37	15	7	58	8	76	87	87	60	24	72	17	26	80	57	6	81	17	56	29	42	14	66	54	4	27	75	31	39	4	74	18	20	65	21	29	91	100	37	13	52	67	57	71	49	97	77	46	93	96	66	58	11	8	21	21	2	4	83	15	
60	58	88	55	89	26	77	19	25	40	65	35	61	31	43	45	19	37	79	17	46	58	90	93	50	77	32	19	43	31	96	88	87	28	8	13	71	97	64	94	95	41	96	83	64	79	92	69	58	16	37	35	99	26	90	50	30	46	89	95	31	7	73	58	45	48	52	94	43	62	69	82	98	8	69	56	43	67	13	60	85	51	27	49	95	12	18	56	59	66	17	10	2	74	26	61	48	14	17	15	30	42	12	35	8	49	3	50	56	16	54	57	88	1	22	94	51	50	85	42	15	83	70	84	16	53	18	34	7	6	60	74	2	50	3	54	53	17	21	68	89	43	57	14	55	96	98	66	24	54	44	27	50	6	96	64	55	61	72	82	95	28	76	15	36	82	84	93	51	51	45	36	14	30	75	55	41	51	61	32	28	97	18	54	65	77	65	64	100	82	57	76	97	17	92	90	35	94	55	78	
82	26	82	94	3	43	30	26	100	42	53	32	10	90	9	3	59	89	37	10	84	88	64	91	82	29	6	89	76	7	62	79	86	65	32	96	26	79	22	25	15	90	98	19	80	89	44	2	78	14	84	61	32	70	34	99	35	92	43	75	79	96	38	61	4	10	54	66	88	1	56	47	79	56	5	51	93	72	98	11	26	47	33	51	52	73	95	10	2	59	97	80	75	84	1	98	27	16	6	86	58	45	97	74	22	8	56	44	68	97	93	32	57	16	49	5	56	41	25	57	34	91	97	83	99	92	48	19	7	95	78	41	67	7	46	85	60	42	96	12	83	89	43	94	74	77	54	51	65	47	14	16	98	91	89	46	36	10	2	40	99	39	63	41	22	72	73	19	61	59	15	81	91	16	61	76	60	21	9	64	49	52	77	83	45	46	64	88	2	39	86	1	54	68	100	79	14	8	43	36	
80	32	21	83	92	44	50	73	37	58	2	60	65	5	49	9	32	35	84	70	77	41	34	36	88	56	73	88	19	4	18	86	18	26	35	94	66	25	51	78	99	28	78	22	71	36	17	43	52	23	34	29	50	2	73	29	66	10	22	72	56	55	75	21	13	73	92	5	25	14	16	64	39	76	7	27	70	89	13	8	77	44	8	37	56	80	16	81	23	48	92	86	17	49	45	42	33	1	85	94	6	49	71	68	2	49	27	78	24	100	71	83	94	84	97	29	57	41	99	43	90	90	55	95	65	48	98	6	18	89	80	58	53	62	78	30	4	96	62	21	51	66	81	22	46	32	5	82	48	73	83	79	28	75	33	8	46	73	13	60	10	56	29	29	43	71	92	85	54	84	9	79	24	23	59	65	22	99	67	47	73	96	28	92	65	93	100	2	3	18	55	1	30	49	53	43	23	67	71	63	
46	64	42	57	33	86	14	99	12	85	32	98	75	38	88	83	85	6	12	6	69	78	69	24	79	93	42	78	40	22	60	11	93	39	41	94	72	11	5	8	99	67	15	40	93	75	7	89	72	60	77	50	15	65	36	2	53	42	12	94	64	95	42	71	39	48	10	64	51	2	95	98	11	96	82	28	47	47	86	97	43	84	70	14	83	9	55	66	35	63	75	93	10	20	7	66	13	14	51	88	51	14	57	83	67	26	50	81	94	34	83	60	8	13	89	18	69	99	21	2	93	97	83	78	19	46	71	73	1	61	71	8	12	15	22	37	56	50	37	21	72	43	54	41	2	18	7	39	1	5	37	73	84	67	86	90	47	15	30	55	100	68	52	71	50	67	19	70	56	89	42	73	47	34	4	30	49	97	92	7	61	86	27	44	21	96	82	39	18	13	30	25	56	7	64	91	42	68	95	44	
56	97	77	26	60	33	42	32	83	13	28	68	89	77	79	67	70	15	88	18	82	100	20	86	52	64	51	1	19	95	28	37	30	19	40	45	18	29	93	20	60	75	9	48	64	34	55	68	35	8	44	66	64	49	99	7	47	97	20	81	29	63	20	26	11	1	59	46	86	10	91	85	66	41	35	11	99	10	19	39	52	12	25	46	76	63	55	33	60	51	30	60	61	91	26	50	11	57	99	66	37	88	80	42	99	68	78	74	72	33	45	59	32	63	28	84	17	100	33	8	84	15	22	56	1	36	73	50	82	74	43	18	14	50	81	13	8	31	42	98	12	8	44	35	94	40	8	34	18	31	23	39	21	9	43	49	23	89	12	91	89	67	76	42	82	66	79	63	93	59	26	83	6	4	20	1	56	56	6	98	37	45	59	63	70	66	57	86	55	30	38	87	35	1	66	70	19	19	55	78	
75	96	73	18	95	35	11	45	61	32	92	79	45	17	32	67	55	84	46	31	64	70	33	3	20	81	31	70	41	37	72	42	56	83	19	43	20	44	71	6	66	57	80	1	6	38	5	88	30	47	5	76	37	51	3	32	14	1	34	65	30	83	41	31	97	63	2	93	76	40	8	48	10	36	44	71	74	73	71	14	2	66	34	66	42	83	4	51	40	86	7	87	50	63	48	83	27	40	94	95	23	6	49	66	54	49	5	13	53	98	6	94	76	60	14	36	38	22	66	69	54	15	9	40	55	18	45	29	83	30	15	32	29	57	94	40	20	31	30	45	70	51	26	63	82	73	49	60	32	60	95	27	68	43	88	95	50	91	3	44	15	94	100	60	67	46	62	59	25	24	52	92	15	52	28	1	61	97	82	42	37	13	22	45	71	58	76	1	1	25	87	77	74	82	42	92	31	51	98	52	
75	19	7	19	95	28	91	30	24	87	1	27	13	5	30	64	38	70	74	41	28	36	75	26	14	11	95	69	63	54	45	100	93	91	90	68	54	61	9	72	40	70	19	87	100	89	94	96	38	92	59	92	89	82	86	8	9	51	58	71	80	85	58	77	78	10	2	47	43	47	27	43	68	55	1	29	8	94	85	89	62	90	24	47	92	28	93	58	47	4	76	70	81	45	6	99	47	65	79	13	95	56	10	44	68	82	83	50	6	72	73	51	46	77	42	38	23	18	91	22	41	97	75	42	9	22	40	50	79	67	99	1	41	55	71	65	67	95	22	47	35	48	8	1	91	47	23	26	54	59	70	54	56	24	95	52	31	19	34	72	80	30	83	45	18	89	49	74	1	12	36	49	97	21	74	85	23	16	51	63	3	38	87	39	24	11	97	54	30	56	35	74	77	30	19	64	30	35	3	87	
95	11	44	62	72	64	44	48	81	67	12	69	77	87	7	81	88	72	27	42	95	7	99	74	47	39	44	81	56	77	11	68	9	92	12	81	67	16	91	51	56	91	82	84	58	85	1	27	11	77	81	26	68	78	24	59	38	30	15	35	64	20	88	15	9	89	95	68	61	5	91	47	99	35	31	60	79	90	43	80	14	64	2	5	2	58	31	76	76	79	85	22	40	54	89	29	18	75	51	60	64	32	1	91	2	97	51	59	70	54	21	89	95	100	99	38	19	77	50	83	77	86	2	75	84	31	59	18	47	1	46	94	9	14	36	58	100	85	99	26	18	18	100	92	39	85	95	21	91	34	100	42	51	3	3	70	80	86	63	12	94	19	15	40	64	77	85	66	91	78	45	87	14	61	16	21	11	33	76	36	15	59	71	86	3	8	17	68	49	7	1	82	30	37	20	66	5	69	7	10	
89	37	100	14	25	77	16	88	33	75	1	1	54	75	70	18	49	68	38	49	65	60	55	98	28	98	92	69	36	1	75	16	98	52	30	28	91	27	4	69	51	81	97	49	95	32	58	75	69	51	60	95	84	41	16	21	93	13	97	75	92	32	91	86	6	36	49	23	17	7	16	87	86	69	61	51	39	4	88	99	2	72	51	46	93	90	24	82	79	13	41	86	70	17	92	51	84	76	78	33	32	10	35	14	40	35	61	48	18	74	40	61	79	91	93	9	84	62	20	82	33	65	8	23	18	21	88	73	7	35	63	49	70	98	93	11	2	65	43	55	33	89	42	61	1	96	13	23	80	36	87	100	79	15	43	60	90	39	89	15	67	51	66	78	6	95	10	88	25	2	25	68	27	79	94	55	70	97	46	74	90	62	79	54	6	21	92	100	53	64	66	42	19	20	19	86	39	82	40	78	
19	7	73	77	86	39	28	81	21	85	5	79	64	71	39	17	94	29	5	87	53	13	6	11	8	2	33	29	94	40	87	19	70	90	83	96	86	43	61	6	82	15	3	98	66	66	65	83	10	14	41	71	15	86	6	18	22	62	73	62	28	31	48	93	50	96	99	23	18	70	65	57	61	56	84	16	23	53	88	60	90	17	19	11	75	60	44	23	40	17	78	14	4	20	66	13	71	46	100	13	35	49	50	13	30	83	74	75	57	42	82	24	14	83	18	14	14	29	78	28	25	79	18	66	73	32	6	39	59	6	85	87	85	9	17	5	80	92	80	39	86	75	74	61	38	44	50	55	64	79	36	68	31	61	85	29	23	19	99	94	31	26	90	13	37	90	96	92	22	36	82	98	46	62	24	29	23	10	34	12	62	4	29	98	21	21	90	79	43	91	70	92	64	66	86	45	17	99	95	37	
42	34	97	6	36	24	23	100	10	70	86	5	16	9	9	11	10	58	87	29	13	22	88	28	95	92	94	5	20	16	74	97	39	43	71	14	96	53	54	81	99	91	21	51	48	61	84	73	31	7	19	13	24	92	77	54	26	83	70	4	88	26	50	56	87	63	66	68	16	57	47	16	4	72	5	11	77	30	86	48	94	50	14	60	72	39	17	35	92	34	75	39	40	43	26	10	21	36	31	32	100	24	92	74	95	18	96	84	5	88	62	41	1	72	82	79	12	48	60	68	32	75	7	69	81	9	12	58	54	46	33	64	51	6	44	81	38	13	44	49	84	87	75	30	2	5	37	84	38	51	55	94	28	12	74	56	82	25	97	86	6	50	81	91	100	25	11	16	28	93	14	100	94	8	100	79	88	85	48	91	91	9	34	99	57	2	35	14	23	42	19	31	30	5	39	17	9	42	29	28	
94	33	51	66	89	69	4	59	30	12	43	15	95	87	17	65	60	51	96	48	59	15	98	27	22	78	2	22	82	10	13	34	4	44	73	58	2	42	48	20	83	76	67	77	72	44	3	95	100	82	23	58	89	91	26	80	25	46	26	6	21	56	12	42	20	33	31	24	18	100	85	1	24	45	64	30	36	42	81	10	16	3	40	73	44	95	31	2	52	23	34	90	53	97	55	3	1	25	18	89	26	44	59	66	9	18	41	23	15	52	84	95	93	45	17	74	96	93	54	47	20	11	21	48	34	80	80	5	53	14	100	69	19	92	66	6	7	47	70	9	5	60	47	8	64	38	22	46	9	47	23	47	1	19	45	94	75	11	73	37	74	75	67	15	8	9	61	15	58	38	90	93	9	7	20	3	5	54	40	66	38	61	88	52	72	4	94	8	67	68	19	51	35	69	82	99	42	41	71	82	
61	99	23	67	10	11	81	83	5	70	61	42	23	97	89	18	88	96	48	36	73	27	5	28	19	21	92	62	99	60	97	44	38	57	21	66	96	19	60	39	79	98	27	91	8	9	68	61	58	29	45	51	19	18	7	58	2	45	51	54	32	4	61	96	89	97	33	65	75	29	24	55	73	1	64	17	20	56	87	2	14	31	63	41	14	7	96	98	28	66	83	78	85	14	23	3	91	79	43	16	56	83	49	72	96	97	7	28	91	40	9	89	33	69	61	33	39	68	17	48	40	52	96	63	36	99	15	79	66	70	57	91	58	45	74	27	20	56	84	83	100	24	59	11	23	26	77	19	58	68	1	79	15	42	15	6	49	29	3	28	17	52	55	70	28	70	47	3	6	27	52	93	97	24	80	13	13	54	72	57	43	76	79	95	50	83	55	43	71	95	55	98	3	7	40	95	29	71	68	13	
99	84	22	84	10	100	85	93	54	1	26	68	35	88	53	41	22	55	24	17	80	78	23	25	84	1	15	37	51	30	53	7	26	67	10	92	20	89	21	36	22	46	78	25	6	26	23	18	17	88	5	54	77	28	45	69	76	25	94	51	95	52	85	19	74	8	19	50	77	57	60	80	21	79	21	1	78	39	9	63	34	29	25	12	99	84	77	97	5	52	41	65	55	73	40	66	70	59	44	21	20	81	78	10	81	8	47	89	34	75	76	30	6	100	58	69	52	89	38	81	4	47	19	32	93	17	42	80	98	95	87	1	27	72	58	68	92	23	79	29	8	28	56	93	24	48	18	47	54	70	61	50	22	78	13	75	41	5	7	59	64	87	16	85	74	91	37	72	60	19	62	11	5	88	28	61	65	36	15	15	85	54	66	12	33	15	78	36	63	44	78	52	87	10	78	37	28	82	13	14	
