200
4767
58	86	90	7	90	6	51	10	48	12	88	11	61	88	46	90	72	56	79	35	51	80	64	44	24	70	27	16	79	5	9	28	76	15	79	75	88	86	89	20	17	29	14	67	69	7	52	95	34	39	6	100	82	65	36	100	23	78	62	22	25	68	44	22	80	33	88	35	36	45	46	27	26	27	55	46	68	97	65	62	35	78	89	4	53	97	90	83	13	89	94	37	86	60	1	76	81	40	89	29	88	97	93	11	46	18	66	97	21	59	92	59	75	59	95	61	43	35	51	90	47	31	24	52	19	44	2	82	12	32	38	68	83	97	95	98	33	20	56	57	94	80	21	6	95	77	52	31	20	96	74	95	28	85	99	12	10	7	51	72	21	74	43	14	34	8	92	71	93	97	68	87	52	71	62	15	7	27	21	52	80	22	99	29	72	99	69	20	95	42	74	47	82	42	23	71	8	27	77	74	
42	23	51	1	85	91	55	96	43	80	16	65	50	75	73	94	89	99	3	33	80	25	88	13	73	60	71	74	43	33	56	86	89	14	29	90	43	23	41	17	76	73	29	36	51	23	89	43	75	94	46	96	10	43	12	53	48	94	78	75	4	68	69	64	4	49	76	58	25	38	30	100	69	48	31	25	82	66	53	19	16	74	46	21	8	29	54	35	32	90	60	69	59	32	10	93	81	76	87	50	16	19	35	56	84	39	13	42	92	8	63	52	46	11	75	7	96	33	30	51	13	80	19	63	48	36	90	23	3	6	79	97	48	69	80	37	62	96	95	100	35	70	29	67	35	38	28	66	85	80	78	15	81	89	42	50	63	89	62	47	9	82	92	45	99	6	3	95	53	41	44	24	77	73	13	98	92	21	80	20	48	97	23	97	14	2	10	17	40	88	59	7	81	5	42	56	85	35	74	16	
23	51	64	70	24	48	60	40	19	85	37	97	90	55	19	18	23	37	72	66	84	45	23	64	67	24	22	75	90	18	33	99	94	33	87	67	32	68	63	13	64	81	83	100	7	78	5	99	87	50	13	95	73	72	34	58	65	45	79	47	14	63	88	7	79	69	27	89	70	37	86	52	97	32	35	57	33	75	86	3	100	23	40	56	17	71	67	70	92	34	73	24	9	35	36	74	32	72	81	57	64	99	63	30	63	89	24	35	54	54	37	10	37	79	65	54	33	64	2	41	91	10	96	17	72	1	36	19	39	94	66	77	54	33	26	64	97	90	30	13	31	92	45	70	76	40	37	89	16	19	51	89	93	46	87	7	100	64	52	88	86	87	15	89	74	30	70	28	7	59	49	64	80	30	81	12	50	39	88	69	86	74	12	13	46	46	35	75	83	54	43	12	58	27	52	74	1	28	15	38	
51	64	32	17	62	2	48	72	64	30	17	16	13	98	72	31	98	15	95	66	86	60	69	26	82	39	8	45	2	9	56	17	73	55	60	62	25	38	39	98	9	47	57	74	2	69	27	87	100	79	16	37	92	11	4	61	99	61	91	72	46	19	60	94	31	75	49	6	76	7	26	69	97	1	83	26	31	25	74	94	1	35	99	24	81	46	41	24	48	15	31	97	14	11	23	12	74	66	87	2	86	56	49	39	93	28	77	91	14	63	81	74	96	66	7	85	92	63	70	90	39	8	49	6	36	15	36	73	54	22	75	93	90	85	18	33	2	82	55	11	66	33	67	85	62	80	48	52	70	2	82	6	20	70	54	95	24	50	21	8	50	43	12	79	84	14	44	10	42	87	100	1	43	16	61	76	68	1	98	53	24	95	84	10	26	36	17	76	28	42	32	1	92	73	97	56	76	87	89	81	
1	70	17	24	65	61	64	32	79	76	13	27	30	18	39	15	100	18	58	6	79	23	46	86	60	93	56	68	94	58	85	88	34	71	49	57	38	48	56	26	76	36	72	86	20	25	1	45	77	31	55	13	18	66	56	41	30	4	94	7	3	33	13	84	6	22	89	79	48	10	59	15	32	96	40	87	73	59	47	64	74	26	31	52	21	84	11	75	6	72	74	94	97	81	12	87	41	61	14	70	2	27	18	22	65	21	55	21	79	22	99	88	82	55	76	71	92	15	82	24	88	100	79	88	59	31	40	29	26	59	58	37	28	15	15	64	34	14	27	18	91	44	14	17	4	89	31	11	23	83	7	53	31	58	87	91	94	92	26	60	49	52	15	62	96	94	40	86	4	55	42	87	34	87	91	55	43	25	44	49	56	81	92	73	2	85	79	54	52	3	36	50	12	85	72	78	68	23	87	61	
85	24	62	65	8	31	63	27	85	58	5	25	10	46	46	84	72	61	82	78	78	30	82	29	51	21	53	82	10	66	19	2	81	56	26	88	10	35	29	53	49	46	42	41	1	6	71	58	44	39	70	21	62	96	83	26	26	12	22	18	35	27	29	84	16	72	52	85	39	61	80	42	92	93	41	17	3	45	47	72	69	56	21	69	34	34	75	34	62	63	95	37	30	99	57	75	90	86	47	31	30	71	24	68	49	39	77	79	42	22	73	79	59	17	51	86	41	51	65	55	18	22	71	53	87	95	84	4	60	64	55	56	23	60	2	17	18	27	14	18	100	79	53	17	94	83	43	60	88	66	6	80	43	62	54	41	100	72	90	19	44	48	67	5	9	25	83	86	48	40	19	33	55	85	56	85	96	33	23	6	8	82	90	36	19	65	19	31	71	68	85	7	67	89	61	2	2	4	51	3	
91	48	2	61	31	81	62	27	25	6	54	42	17	70	63	30	80	61	80	3	13	14	31	3	7	19	1	24	81	89	95	45	1	97	4	6	74	23	33	38	93	92	45	67	25	15	38	25	52	98	97	100	32	86	48	49	45	17	4	78	27	36	51	51	83	86	6	35	22	12	51	45	63	93	27	86	21	74	90	67	49	87	47	17	99	25	4	49	48	2	92	73	58	32	65	20	41	75	2	93	66	99	44	7	68	53	37	22	37	43	71	27	37	82	7	45	55	58	58	85	10	62	67	3	30	70	67	83	83	99	11	99	96	31	77	20	13	57	13	91	15	3	38	55	25	37	2	26	69	80	18	90	34	66	63	37	9	30	18	12	48	100	97	3	58	15	84	77	9	84	57	17	20	56	35	15	5	57	53	98	52	54	53	62	31	15	13	1	44	67	10	23	31	76	56	25	24	92	58	94	
55	60	48	64	63	62	24	46	7	63	34	27	3	23	95	76	81	79	26	78	44	60	79	50	30	54	4	85	59	91	68	85	69	25	37	74	86	25	84	58	70	48	16	94	43	51	32	26	89	33	19	56	68	63	2	100	66	18	12	100	78	26	15	95	51	10	11	14	82	58	3	55	20	38	41	81	50	83	54	97	88	54	64	81	33	22	22	80	59	53	75	24	4	9	13	69	91	10	23	46	13	92	51	32	44	30	90	90	46	52	76	17	13	66	31	30	43	40	51	6	49	74	84	30	80	46	50	30	42	40	30	31	13	37	93	66	5	74	39	8	21	7	16	92	77	51	15	18	19	25	51	5	35	76	47	62	41	48	64	87	42	22	22	36	26	58	35	35	18	99	37	8	63	13	70	69	98	81	80	70	25	70	90	95	87	63	15	86	3	38	29	40	23	32	49	15	5	11	29	61	
96	40	72	32	27	27	46	51	9	52	31	19	94	23	74	18	85	42	30	22	69	35	61	72	33	45	5	57	72	70	19	95	10	34	3	73	79	72	18	67	22	10	3	8	78	8	30	75	98	36	66	96	29	51	38	10	95	60	46	43	68	63	85	33	99	58	36	28	100	24	35	69	18	17	58	79	15	43	25	42	71	7	38	50	68	25	4	85	5	32	17	35	75	58	53	3	86	74	5	42	8	20	45	39	97	96	54	91	22	64	45	73	69	30	91	11	49	83	32	45	1	1	98	80	98	26	86	89	100	77	97	94	26	18	75	77	30	81	94	17	61	45	5	94	36	51	87	72	34	62	32	26	66	12	79	92	51	22	96	38	93	1	62	54	80	48	19	92	32	6	69	61	86	19	78	98	17	82	22	82	80	14	85	62	72	84	77	26	27	46	41	87	72	27	32	27	92	68	26	80	
43	19	64	79	85	25	7	9	1	65	63	46	18	76	44	3	79	94	54	97	92	40	32	23	43	13	74	89	57	78	22	8	1	41	62	86	15	23	47	35	44	1	12	24	1	69	44	88	98	38	88	53	84	94	28	66	18	100	56	42	4	12	69	69	8	73	98	31	18	85	21	65	12	87	88	63	59	63	92	17	30	21	43	65	88	97	90	1	50	22	76	66	92	13	35	65	56	32	89	2	70	72	52	43	82	92	8	82	25	23	66	33	89	72	19	70	4	78	93	68	99	55	24	38	77	32	94	12	38	89	25	42	57	34	9	81	44	67	6	97	65	18	99	9	20	5	14	20	93	44	96	92	87	8	12	40	70	100	100	30	17	79	17	51	96	36	5	42	3	62	57	88	12	78	40	23	33	6	43	65	89	60	28	6	69	12	31	80	48	10	33	77	84	19	66	77	91	50	87	69	
80	85	30	76	58	6	63	52	65	24	54	18	6	40	63	65	38	92	40	35	4	4	61	77	82	58	2	27	34	93	56	40	32	17	51	18	9	47	36	96	67	29	20	38	81	15	20	9	64	48	34	20	61	20	76	38	67	82	60	5	91	19	96	14	51	63	3	50	29	54	19	98	90	13	22	15	95	24	68	36	70	53	11	24	69	10	99	63	28	55	15	67	12	15	49	92	28	17	49	99	75	9	92	88	91	99	75	57	67	16	29	74	49	52	64	33	81	82	72	29	32	46	58	83	76	70	16	45	30	72	51	6	73	6	12	73	95	39	43	24	70	31	30	19	81	50	58	18	53	17	89	70	59	94	57	63	67	98	93	57	52	70	77	45	49	7	73	44	5	4	23	57	56	65	19	29	38	34	35	57	49	71	99	54	10	73	70	37	3	34	21	37	93	19	1	73	20	11	2	19	
16	37	17	13	5	54	34	31	63	54	8	67	55	82	1	91	58	81	35	80	73	12	31	94	77	54	32	11	19	27	97	64	10	76	54	13	85	22	69	30	86	88	6	54	6	90	13	26	76	38	32	74	72	16	4	94	18	59	1	60	61	60	91	4	84	56	26	4	36	95	84	53	31	83	13	94	20	85	62	72	78	91	17	24	11	48	74	14	50	32	47	58	10	17	11	24	50	11	23	12	66	86	4	1	28	16	30	56	60	72	96	49	34	80	91	37	100	5	21	69	64	62	1	56	3	17	90	86	93	97	96	53	57	91	11	78	10	99	27	44	100	82	78	76	61	92	47	24	49	10	85	31	72	64	39	52	3	85	29	11	8	54	19	77	63	16	83	52	32	38	45	35	86	100	28	52	15	34	31	70	99	65	17	14	15	62	64	90	100	16	80	64	53	99	10	3	92	94	88	10	
65	97	16	27	25	42	27	19	46	18	67	84	32	92	57	29	91	79	89	27	61	28	72	83	8	96	55	6	17	78	91	39	92	8	34	49	4	83	46	68	78	35	73	57	2	67	32	80	2	93	91	95	14	74	2	73	61	20	86	71	7	16	100	22	46	88	32	11	51	74	16	18	53	17	97	66	98	75	33	53	92	85	69	36	69	89	96	70	63	15	54	68	65	79	88	12	23	73	84	12	16	20	86	55	88	39	82	85	68	78	76	35	84	53	95	85	75	1	53	3	74	49	86	67	50	4	78	57	77	76	70	78	92	82	52	86	31	85	91	68	12	63	47	31	23	24	49	15	51	7	68	73	78	15	16	81	77	33	89	84	19	86	29	11	58	76	92	11	27	6	40	34	64	72	28	25	83	14	72	42	11	55	17	31	95	40	2	12	4	97	1	21	4	9	14	58	44	50	74	19	
50	90	13	30	10	17	3	94	18	6	55	32	33	60	95	15	3	20	73	28	4	83	25	100	51	22	44	30	32	34	79	48	89	85	3	97	2	43	1	91	41	77	68	35	92	8	77	46	46	25	61	67	16	44	68	5	80	33	32	6	1	20	90	2	12	54	72	83	63	56	47	41	25	55	2	11	1	49	91	32	30	18	35	23	2	3	63	13	51	26	37	73	92	13	85	27	86	98	97	5	21	9	40	1	61	85	68	37	2	72	14	62	99	45	27	82	93	8	30	94	91	98	33	45	97	97	75	32	17	96	45	66	85	41	63	57	55	86	27	95	90	63	1	45	3	62	39	38	16	90	12	23	24	56	34	28	62	63	79	89	49	69	68	96	63	47	21	79	79	88	50	46	40	93	85	88	70	16	17	59	62	99	53	65	82	91	40	59	51	91	4	97	60	62	71	81	77	97	60	19	
75	55	98	18	46	70	23	23	76	40	82	92	60	79	30	61	97	33	11	69	22	81	8	87	10	69	53	58	80	61	78	94	42	12	78	69	58	62	65	23	48	13	58	98	41	78	58	22	94	92	79	92	95	49	82	95	74	37	25	54	79	11	79	4	40	93	22	3	86	86	88	2	53	14	10	16	60	46	91	16	35	83	86	58	68	73	37	71	41	88	54	58	96	16	67	77	8	49	71	5	60	51	78	43	64	55	100	81	14	57	92	99	74	66	27	23	60	11	8	58	59	96	74	23	36	23	15	31	15	69	13	51	94	19	99	45	65	15	36	76	56	89	66	76	10	33	33	74	90	74	31	30	87	92	43	1	96	97	54	70	14	60	30	50	1	70	20	82	16	12	15	87	24	42	43	4	61	95	30	78	92	63	18	45	100	24	63	36	28	1	38	50	67	68	87	54	97	86	42	4	
73	19	72	39	46	63	95	74	44	63	1	57	95	30	85	66	65	68	5	12	99	24	10	30	45	37	56	48	47	54	53	82	49	21	17	5	14	28	85	71	11	85	94	20	66	97	23	96	63	76	67	51	42	62	85	45	75	93	18	71	52	85	69	42	83	16	97	17	40	61	47	48	82	25	96	55	31	60	91	68	4	76	14	30	3	45	97	50	76	77	44	17	51	40	69	77	79	51	82	17	11	85	97	12	47	34	91	79	5	56	78	16	64	1	54	83	88	61	2	39	40	33	83	6	37	16	25	98	67	52	13	15	1	41	66	62	49	98	84	24	84	93	70	62	73	40	57	94	8	74	40	11	21	93	54	59	87	95	76	31	1	25	43	56	15	72	95	17	53	25	83	76	27	58	58	48	68	89	57	46	37	47	79	3	68	22	35	48	67	86	14	64	10	62	3	88	74	65	95	8	
94	18	31	15	84	30	76	18	3	65	91	29	15	61	66	24	61	73	16	89	46	75	96	34	21	95	40	22	19	31	62	12	60	81	81	54	30	22	26	49	32	10	41	74	42	70	79	90	84	40	25	2	45	75	86	40	82	64	57	99	84	25	7	17	85	28	93	62	78	100	25	62	32	18	44	18	87	4	88	11	53	4	96	98	98	95	82	16	31	68	92	6	85	52	77	30	81	84	77	46	59	97	49	33	29	39	51	21	51	69	25	17	5	2	53	20	90	69	92	76	17	42	52	87	12	57	85	100	6	97	97	61	21	4	27	44	85	15	99	88	4	67	28	89	28	88	8	68	90	89	45	63	1	12	95	74	23	14	85	67	7	56	50	44	1	18	91	10	44	86	77	13	55	7	29	39	2	70	64	22	2	93	77	5	55	2	14	4	7	77	7	65	64	21	7	43	67	80	64	41	
89	23	98	100	72	80	81	85	79	38	58	91	3	97	65	61	63	54	4	39	63	80	21	27	34	30	92	43	80	57	5	30	19	54	48	88	70	96	71	76	15	59	52	92	53	97	25	10	44	17	11	69	25	32	22	34	46	96	66	94	47	29	6	90	3	95	9	38	39	4	87	78	8	14	4	32	87	16	80	62	85	25	37	60	82	12	59	88	67	46	56	24	26	55	62	67	66	18	100	58	40	52	13	86	42	24	54	70	92	41	43	80	7	98	28	49	96	11	19	90	35	96	84	43	33	6	69	8	17	44	13	46	84	37	28	49	67	91	90	65	20	74	35	14	57	29	93	40	62	11	13	61	92	58	67	41	83	41	84	95	8	91	48	67	37	56	97	33	24	57	64	79	52	92	7	55	22	31	67	48	49	89	25	78	24	96	34	62	18	56	69	87	46	72	90	70	29	53	100	10	
99	37	15	18	61	61	79	42	94	92	81	79	20	33	68	73	54	18	96	25	55	3	5	73	8	3	54	28	51	43	19	58	55	15	22	33	11	67	31	8	37	70	15	4	24	75	67	89	43	48	98	75	10	17	82	40	63	47	39	10	50	75	24	49	74	28	27	21	9	74	29	41	87	21	100	83	15	60	7	84	97	98	53	60	60	10	96	17	65	98	92	48	7	74	98	66	61	70	97	73	77	9	61	44	9	82	72	20	7	1	100	81	23	46	43	69	33	70	15	69	5	24	72	1	8	52	1	37	10	80	36	8	61	95	46	47	75	78	4	87	13	49	36	11	19	85	37	61	38	38	63	16	55	29	87	6	42	99	53	86	44	1	48	54	14	88	33	49	26	27	4	69	60	73	79	16	30	7	90	6	77	37	65	63	97	21	65	97	96	4	83	42	27	19	100	71	64	52	12	3	
3	72	95	58	82	80	26	30	54	40	35	89	73	11	5	16	4	96	23	2	86	62	91	34	97	2	20	94	43	92	62	9	23	47	88	59	6	39	60	83	59	39	50	95	60	52	27	91	43	21	88	52	62	19	71	36	94	69	5	10	85	95	72	85	50	54	79	80	85	58	63	37	86	87	60	5	19	66	65	89	5	53	63	25	21	70	38	57	9	52	32	52	95	42	50	53	1	93	2	77	7	53	77	87	61	47	85	13	57	59	60	55	32	89	7	31	81	47	1	88	72	53	36	21	45	1	23	39	75	95	88	40	67	84	58	68	41	72	54	80	14	1	96	14	64	10	42	61	83	60	11	66	40	69	76	60	80	99	57	1	84	25	13	58	26	29	49	28	46	19	42	19	79	65	36	75	22	62	8	63	86	47	54	68	58	61	64	79	34	36	49	57	94	19	15	42	24	81	79	1	
33	66	66	6	78	3	78	22	97	35	80	27	28	69	12	89	39	25	2	91	32	94	81	26	15	92	5	76	99	7	10	67	7	71	63	60	44	88	12	21	45	43	72	54	15	42	10	59	62	59	97	41	75	58	78	70	97	83	94	2	71	69	71	61	43	83	95	89	1	85	55	54	74	88	40	38	60	17	17	31	21	68	1	95	60	44	92	91	10	92	97	84	3	26	97	6	15	45	53	5	12	19	52	19	9	23	54	96	14	55	83	37	9	36	62	19	19	94	69	56	60	1	94	45	67	48	99	1	75	22	87	17	55	52	62	5	2	97	22	45	48	40	48	83	93	6	76	88	12	25	58	25	49	99	79	9	76	17	2	12	42	50	37	98	44	71	29	69	51	48	88	62	34	4	95	51	94	56	81	1	37	64	23	95	30	89	26	100	30	25	81	73	41	11	14	47	43	56	52	49	
80	84	86	79	78	13	44	69	92	4	73	61	4	22	99	46	63	55	86	32	11	78	68	77	98	1	42	11	18	8	79	4	39	60	82	72	45	49	9	7	36	19	49	91	16	12	16	72	47	54	62	60	70	90	1	59	46	65	65	11	58	63	54	83	14	43	16	10	14	18	64	28	61	100	81	8	30	41	76	73	3	65	14	87	91	87	84	86	77	89	91	33	20	5	49	84	20	56	14	9	95	29	70	66	36	71	23	57	23	25	40	6	94	55	96	46	28	35	79	67	95	6	17	12	20	81	5	55	100	75	54	3	49	99	48	65	87	34	67	4	78	45	86	97	20	89	64	8	62	25	54	18	55	93	13	43	100	32	84	96	96	34	36	4	2	85	79	66	80	5	91	86	75	65	29	68	70	49	83	69	48	88	20	30	6	83	56	84	81	49	17	10	71	52	9	37	93	58	3	84	
25	45	60	23	30	14	60	35	40	4	12	28	83	81	24	75	80	3	62	94	78	48	34	29	10	55	80	30	30	20	59	97	10	69	19	69	40	29	81	82	31	44	4	21	75	79	72	24	62	16	17	37	65	98	97	45	80	14	26	60	97	86	45	96	38	40	9	83	65	66	60	65	36	88	74	22	20	30	13	80	30	73	11	28	76	41	26	38	96	94	100	9	51	74	31	2	74	22	46	35	54	52	39	74	96	18	14	23	93	12	32	25	67	52	57	7	94	11	42	92	81	95	41	24	94	91	75	73	98	21	53	92	10	30	10	90	44	57	98	74	61	53	18	3	17	87	51	99	46	16	46	53	1	81	26	19	2	80	64	99	24	36	16	97	3	70	48	45	62	53	33	16	30	99	11	43	97	70	28	39	7	67	30	38	39	38	33	69	82	75	93	99	27	39	87	19	77	72	35	34	
88	23	69	46	82	31	79	61	32	61	31	72	25	8	10	96	21	5	91	81	68	34	13	60	92	4	19	55	52	25	9	90	79	28	31	44	61	6	63	34	24	7	90	89	61	62	26	65	7	88	41	25	70	43	10	80	7	27	34	23	12	81	50	67	68	65	72	53	70	23	9	53	68	48	43	49	26	66	28	99	61	99	38	46	65	95	4	54	26	38	47	23	73	59	14	93	70	27	38	51	66	68	3	25	59	54	7	64	99	52	14	99	44	96	98	86	32	62	48	1	30	21	96	92	7	77	41	75	79	63	47	86	22	26	54	4	94	28	91	57	98	85	94	44	20	78	39	5	41	75	20	37	61	98	22	53	54	96	95	9	61	60	83	98	16	65	41	40	87	18	5	95	94	61	100	62	43	75	67	53	80	68	96	91	48	61	34	89	52	33	45	50	54	17	39	83	50	42	1	97	
13	64	26	86	29	3	50	72	23	77	94	83	100	87	30	34	27	73	34	26	77	29	60	14	45	13	11	18	81	14	89	13	9	73	25	10	20	92	34	75	80	32	64	100	11	43	17	87	27	70	31	14	46	42	2	76	39	96	23	16	47	28	100	47	55	85	7	19	25	56	68	63	2	17	92	74	97	11	11	40	11	40	5	80	22	48	83	18	74	61	62	79	32	71	72	99	5	76	86	51	95	56	38	54	13	49	70	24	93	25	87	28	63	76	86	96	42	15	79	72	35	93	68	31	91	72	99	4	65	24	86	70	68	55	96	81	26	92	44	29	100	24	25	92	98	48	15	66	79	41	45	16	33	73	71	92	95	63	91	58	15	23	75	73	83	5	10	34	21	51	95	62	18	53	97	91	21	33	41	41	41	4	26	45	53	56	33	66	57	20	28	5	48	81	25	85	17	8	9	51	
73	67	82	60	51	7	30	33	43	82	77	8	51	10	45	21	34	8	97	15	98	10	92	45	89	1	33	52	14	28	21	57	100	98	100	78	7	45	21	68	39	3	50	85	87	21	56	36	84	42	11	20	27	13	69	96	27	24	11	25	56	3	52	43	2	20	62	8	92	89	3	13	37	5	39	7	64	97	11	90	69	83	78	83	10	86	7	25	54	100	67	37	87	28	45	21	36	53	26	35	30	83	66	28	63	78	86	67	34	59	6	61	39	80	84	37	83	57	83	82	78	34	49	28	53	4	31	66	13	12	78	28	64	65	21	19	65	57	66	86	15	53	34	45	85	60	62	32	2	84	60	27	64	77	22	27	33	53	10	88	10	13	46	25	97	39	99	94	5	18	13	70	40	72	52	48	11	14	10	81	100	4	99	33	87	73	56	51	1	49	44	12	88	43	32	94	98	95	80	49	
60	24	39	93	21	19	54	45	13	58	54	96	22	69	37	95	30	3	2	92	1	55	4	13	1	56	33	78	61	52	23	39	68	90	25	9	3	3	87	56	72	77	38	60	61	73	54	70	88	70	22	90	71	66	85	35	79	71	34	16	68	55	29	8	48	36	35	16	95	53	66	65	37	23	60	100	54	82	54	69	51	90	83	81	65	53	10	72	9	16	100	73	97	20	65	7	79	7	86	47	5	84	88	42	10	78	42	97	20	31	33	28	87	51	19	65	19	52	24	16	42	93	9	55	99	92	83	56	7	43	36	82	99	13	66	99	4	9	46	7	89	15	31	22	51	49	71	58	44	23	93	35	17	17	98	40	51	40	26	81	68	65	15	42	72	11	56	18	5	65	83	22	4	51	80	1	97	52	91	92	87	85	86	43	30	93	64	20	49	12	12	13	67	27	4	92	15	15	14	1	
71	22	8	56	53	1	4	5	74	2	32	55	44	53	56	40	92	54	20	5	42	80	19	11	33	33	87	85	44	33	57	80	31	66	22	87	75	14	64	89	56	81	82	72	53	57	95	100	60	11	32	2	60	92	68	84	37	94	5	4	15	38	31	50	47	32	10	72	26	41	57	92	37	48	76	98	90	93	60	17	23	99	17	83	13	47	65	59	96	72	92	77	32	13	23	15	93	62	1	82	72	9	25	53	2	28	66	90	6	11	60	85	71	47	4	100	86	43	72	66	77	28	25	39	53	99	35	28	11	74	65	64	45	95	29	10	47	1	24	5	34	2	95	99	45	19	73	35	75	2	45	20	100	28	50	60	31	53	3	8	9	35	53	57	62	67	32	65	42	97	35	45	9	63	8	47	100	35	11	27	23	89	71	72	48	83	10	72	72	54	43	99	8	93	62	6	80	33	55	53	
74	75	45	68	82	24	85	57	89	27	11	6	30	58	48	22	43	28	94	76	11	30	55	18	52	78	85	4	97	15	4	88	73	17	63	65	7	59	53	44	8	37	41	29	89	97	29	7	28	21	3	56	78	92	66	30	37	33	80	63	99	86	44	24	88	46	74	86	65	5	59	82	10	39	65	23	96	39	3	80	30	68	20	4	58	89	65	80	65	34	29	80	73	26	93	82	23	69	62	96	46	39	39	86	49	9	83	82	78	22	58	41	96	81	74	84	8	78	94	49	42	42	41	27	3	94	65	82	83	32	21	90	59	78	3	77	32	10	30	65	3	93	81	21	29	47	41	13	57	79	42	77	33	41	86	5	15	10	74	52	43	41	25	6	68	79	65	62	38	5	56	97	2	35	67	22	31	46	12	33	50	95	64	42	41	34	36	20	65	30	12	17	15	92	32	94	5	87	72	15	
43	90	2	94	10	81	59	72	57	34	19	17	32	80	47	19	80	51	43	99	18	30	52	81	14	61	44	97	72	7	72	92	46	9	30	67	20	20	93	85	37	41	54	47	21	24	70	36	27	5	63	100	16	88	51	56	56	48	64	80	92	82	56	60	20	94	93	45	3	18	51	32	71	37	83	18	60	40	40	39	28	77	11	97	19	26	5	81	79	72	96	10	84	66	90	53	83	83	28	68	31	27	48	11	68	43	89	5	83	8	34	84	53	65	70	100	47	31	79	78	76	23	100	6	80	71	80	80	84	90	90	50	57	32	1	31	59	24	21	65	98	61	64	72	17	23	59	69	88	55	25	23	4	30	97	13	84	9	86	67	96	12	82	12	70	46	67	24	64	79	13	39	17	70	6	70	55	30	78	83	40	91	21	98	3	32	28	13	86	32	18	75	88	42	57	51	67	52	100	23	
33	18	9	58	66	89	91	70	78	93	27	78	34	61	54	31	57	43	92	7	8	20	25	14	28	52	33	15	7	15	4	48	60	2	100	2	58	89	29	42	66	4	10	98	95	40	8	12	70	6	96	80	42	71	14	76	68	76	42	12	63	29	87	69	93	8	79	9	35	56	51	35	60	35	65	42	75	92	1	78	68	62	72	22	41	47	5	1	1	1	85	61	22	39	39	28	33	99	78	11	95	28	91	75	77	94	25	45	32	71	67	57	37	31	92	10	66	34	14	48	98	8	7	65	62	40	46	84	84	50	95	56	87	2	92	55	17	43	60	72	79	17	38	13	20	49	88	3	87	39	14	51	15	6	38	57	63	56	22	42	93	66	88	20	81	13	92	29	70	59	90	57	55	56	14	27	91	2	33	69	65	9	70	36	24	14	51	18	43	40	85	73	84	80	26	58	20	22	16	17	
56	33	56	85	19	95	68	19	22	56	97	91	79	78	53	62	5	19	62	10	79	59	9	89	21	23	57	4	72	4	93	51	7	18	29	18	61	80	89	43	69	88	96	16	41	91	46	60	51	31	49	24	27	31	9	40	11	84	26	60	52	35	8	76	88	89	49	77	89	56	56	42	14	42	53	99	69	68	83	54	43	72	78	5	7	95	14	32	71	96	67	59	12	83	14	53	93	39	12	43	97	59	68	7	91	29	20	3	81	81	11	28	46	49	3	86	97	50	57	70	75	50	5	45	65	15	77	86	3	3	2	52	67	99	42	30	41	68	64	90	36	97	81	12	33	20	5	19	76	43	61	51	17	86	96	40	79	8	29	50	60	93	20	59	8	65	92	23	46	2	32	2	29	75	56	19	21	73	67	21	63	21	8	33	3	39	66	18	34	49	81	93	41	54	17	94	72	77	32	49	
86	99	17	88	2	45	85	95	8	40	64	39	48	94	82	12	30	58	9	67	4	97	90	13	57	39	80	88	92	48	51	97	42	8	99	16	19	13	75	84	91	91	66	79	3	59	94	91	35	66	24	94	21	82	67	72	100	10	79	22	50	96	60	48	60	47	77	78	21	51	27	88	78	96	100	20	61	97	53	10	93	19	50	27	33	8	56	58	38	94	24	31	73	99	95	100	38	14	88	66	60	45	93	84	89	60	58	66	49	85	46	27	9	43	74	9	80	16	1	24	66	3	43	6	23	52	8	66	26	40	44	45	23	42	69	87	6	9	2	39	32	73	10	15	68	42	66	67	21	95	97	19	17	91	45	92	44	11	66	52	18	95	12	47	27	72	88	14	85	18	4	36	6	59	19	64	90	82	12	72	69	15	13	10	100	71	84	60	27	84	89	42	79	44	20	57	15	63	15	25	
89	94	73	34	81	1	69	10	1	32	10	92	89	42	49	60	19	55	23	7	39	10	79	9	100	68	31	73	46	60	7	42	29	52	27	97	6	23	49	10	62	74	33	72	38	94	89	42	87	50	72	5	20	36	18	47	28	91	68	85	6	95	78	61	54	55	50	2	35	20	13	42	91	7	52	29	79	70	1	93	13	93	68	77	23	83	48	44	22	82	79	64	91	70	30	57	79	74	86	31	75	44	45	37	73	83	10	78	38	36	4	18	42	6	100	50	79	89	72	81	94	66	14	23	46	58	65	55	69	60	46	64	1	11	77	90	53	49	97	6	61	51	3	57	52	57	21	18	65	93	55	12	44	46	47	75	49	68	24	33	93	22	48	75	87	48	57	64	37	53	99	90	2	19	85	76	71	31	14	6	69	12	75	2	69	46	42	82	31	16	23	56	22	64	61	14	79	24	87	84	
14	33	55	71	56	97	25	34	41	17	76	8	85	12	21	81	54	15	47	71	60	69	28	73	98	90	66	17	9	2	18	8	52	48	14	36	97	22	22	13	30	74	76	16	15	45	59	95	17	13	68	94	45	44	11	87	7	18	78	21	41	10	100	38	88	80	8	50	23	87	28	99	20	95	88	16	61	39	58	22	72	61	42	100	54	70	22	100	30	79	48	79	100	4	50	72	98	39	97	86	42	89	23	76	13	52	81	34	94	36	96	5	57	26	19	39	67	90	95	67	47	15	61	83	77	65	61	93	93	63	58	74	10	24	23	21	19	64	18	69	8	80	20	28	81	70	79	89	35	36	2	46	61	96	28	80	46	93	10	1	42	91	6	86	52	88	5	55	10	30	76	30	4	53	18	41	82	7	69	93	64	33	61	47	97	64	77	46	38	88	29	67	92	76	37	17	41	1	3	46	
29	87	60	49	26	4	37	3	62	51	54	34	3	78	17	81	48	22	88	63	82	19	31	25	100	25	22	63	30	100	29	99	27	14	72	35	14	64	82	50	7	96	51	93	89	63	74	32	12	54	91	87	9	70	25	95	29	56	27	97	90	1	31	51	47	73	33	30	28	14	31	31	1	58	68	79	28	46	9	53	89	99	84	70	12	4	36	34	47	94	85	18	90	20	84	81	85	91	87	44	15	65	33	59	28	42	90	7	92	97	27	60	16	65	56	6	95	87	29	50	30	29	30	89	2	17	70	48	22	67	89	14	4	25	34	40	46	34	27	6	39	22	99	94	63	6	65	82	26	7	92	12	1	39	74	20	45	29	59	80	96	1	55	32	67	87	69	82	51	41	47	86	58	38	50	35	40	48	43	100	71	32	48	51	69	33	43	29	28	10	31	24	12	60	16	5	61	87	58	26	
90	67	62	57	88	6	74	73	86	18	13	49	97	69	5	54	88	33	59	60	72	69	44	10	78	9	87	65	67	2	18	16	97	36	35	98	32	36	46	80	61	84	83	1	88	83	24	33	100	37	26	40	38	71	9	95	73	64	2	71	22	64	76	51	79	89	100	39	56	9	60	59	17	54	14	93	69	51	9	14	6	10	47	2	37	10	23	31	66	98	92	55	94	99	9	79	80	79	59	39	68	81	11	87	41	93	82	49	31	66	22	49	30	28	94	61	76	99	37	81	7	35	99	68	97	21	13	32	45	29	88	40	9	24	17	42	81	82	85	62	43	88	37	52	42	73	25	42	67	45	65	68	100	37	88	48	14	70	3	80	49	25	23	26	75	34	1	63	25	22	19	21	28	50	55	65	49	57	79	48	18	46	43	88	74	4	22	25	39	56	36	92	17	80	51	25	2	3	30	46	
43	32	25	38	10	74	86	79	15	9	85	4	2	58	14	30	70	11	6	44	45	40	61	20	7	3	75	7	20	58	61	19	6	97	14	32	99	19	11	39	70	79	34	63	19	41	4	33	62	48	35	8	52	67	8	91	5	6	30	91	38	89	31	64	72	65	18	74	77	39	31	5	77	61	19	73	59	99	19	96	68	75	78	89	18	53	6	8	26	70	97	68	41	23	80	35	67	18	7	15	67	55	1	53	3	92	91	34	97	26	64	32	84	97	82	57	83	9	24	84	42	60	47	98	68	12	80	47	28	28	29	4	59	88	79	85	14	49	73	80	74	99	42	7	91	78	40	17	55	33	99	42	64	29	94	11	91	71	26	85	78	47	93	31	49	94	98	52	37	94	32	11	56	30	57	100	29	76	63	98	69	85	14	59	75	90	43	72	48	76	16	62	81	3	57	47	91	64	87	96	
23	68	38	48	35	23	25	72	23	47	22	83	43	62	28	22	96	67	39	88	49	29	6	92	45	3	14	59	20	89	80	13	23	22	64	36	19	13	14	1	67	46	73	22	63	69	45	85	55	50	41	27	23	29	87	38	56	52	22	86	69	53	57	20	8	97	68	84	30	5	92	63	69	7	24	43	96	37	20	98	43	50	13	42	93	48	38	60	16	48	79	47	33	70	30	43	92	8	8	53	78	63	33	34	58	42	55	41	29	10	13	2	35	65	67	61	68	78	11	63	47	62	6	36	6	60	77	76	100	71	71	9	91	79	56	67	50	4	69	3	71	60	46	54	18	86	2	10	11	16	87	85	43	98	91	43	26	30	79	14	33	19	44	5	35	43	78	68	91	17	71	17	79	55	31	86	27	41	49	90	18	1	23	60	27	3	13	30	60	93	98	46	13	14	85	5	6	20	23	66	
41	63	39	56	29	33	84	18	47	36	69	46	1	65	85	26	71	31	60	12	9	81	63	34	21	87	64	53	93	29	89	75	49	22	82	46	11	14	18	79	1	15	96	42	51	32	95	18	69	15	55	91	10	87	89	15	23	67	68	33	17	21	58	70	49	23	96	94	5	17	75	99	96	42	1	54	22	43	79	22	46	85	33	95	96	23	81	72	67	93	39	44	9	50	22	30	67	9	87	33	21	86	28	94	77	59	31	36	37	42	98	50	23	75	88	7	95	1	19	79	87	10	22	33	82	44	39	87	32	25	81	79	29	16	39	80	10	23	42	20	25	35	9	81	37	79	62	2	57	6	88	39	53	87	17	22	80	14	56	94	77	16	87	50	75	75	100	64	98	75	6	65	81	98	79	37	76	59	20	98	25	33	34	11	14	82	85	94	12	80	55	33	59	42	97	7	33	68	36	49	
17	13	98	26	53	38	58	67	35	96	30	68	91	23	71	49	76	8	83	21	7	82	34	75	68	56	89	44	85	42	43	84	10	13	50	80	39	1	79	44	82	37	30	32	74	11	11	29	24	10	38	43	54	39	47	45	77	14	36	62	76	94	39	80	43	17	61	67	80	11	54	48	72	31	95	94	26	93	51	13	99	62	89	12	24	56	12	18	33	1	27	61	66	42	4	52	12	35	58	96	29	76	3	35	57	53	73	89	53	43	22	76	78	47	96	94	34	31	80	56	30	77	41	94	92	73	73	20	55	47	27	66	99	80	75	30	59	84	85	46	52	97	60	76	75	95	99	86	47	17	89	92	87	27	96	29	99	76	77	72	76	79	39	3	89	70	47	59	6	80	70	22	91	39	69	73	50	74	81	1	73	93	51	11	3	69	41	22	73	4	66	12	14	68	70	88	17	34	29	80	
76	64	9	76	49	93	70	22	44	67	86	78	41	48	11	32	15	37	59	45	36	31	24	80	39	72	56	8	37	66	69	91	62	30	7	61	70	67	1	82	37	60	88	29	37	1	46	26	77	78	53	1	55	24	68	91	40	59	15	24	100	67	51	68	63	79	7	3	93	53	90	72	18	96	31	41	60	72	7	75	9	66	13	8	39	70	24	28	10	91	95	17	41	52	80	51	37	1	86	100	43	65	7	14	78	31	43	5	52	8	64	87	34	77	56	47	94	78	99	45	46	5	20	93	76	50	27	93	39	19	29	84	17	77	73	7	14	93	47	45	52	74	29	46	71	23	45	99	97	70	87	20	22	4	10	56	88	39	47	5	19	97	87	69	78	13	82	11	12	22	18	89	69	75	37	81	95	43	23	45	74	90	50	32	76	8	78	61	24	19	75	67	21	94	55	19	90	27	94	87	
73	81	47	36	46	92	48	10	1	29	88	35	77	13	85	10	59	70	39	43	19	44	7	32	3	77	81	37	41	4	88	91	74	74	96	84	79	46	15	37	60	67	22	99	99	97	69	68	3	8	70	7	43	73	82	4	67	89	50	51	73	18	87	23	79	80	83	98	57	82	33	85	24	47	86	96	59	87	86	55	58	64	11	74	28	50	51	79	86	68	20	19	83	17	24	62	85	69	87	88	37	40	37	97	30	17	41	77	12	21	20	95	84	67	10	79	71	78	35	24	67	53	2	96	98	70	23	10	81	76	67	85	36	9	17	21	33	24	45	75	30	92	26	91	14	99	29	69	5	37	46	82	3	52	80	22	61	79	57	67	76	16	71	26	81	27	17	95	50	68	95	12	63	27	53	92	14	13	48	62	36	14	54	19	95	27	90	40	46	61	20	6	40	89	65	80	83	68	63	73	
29	83	57	72	42	45	16	3	12	20	6	73	68	58	94	41	52	15	50	72	49	4	90	64	50	38	82	41	54	10	96	66	33	76	51	83	34	73	96	30	88	22	13	20	85	98	39	87	92	51	13	61	40	93	91	17	66	73	21	53	100	9	12	47	82	96	82	59	95	88	17	85	95	55	36	58	5	17	59	15	62	90	76	2	19	42	55	99	26	49	89	16	53	17	17	12	68	55	99	95	67	100	47	100	56	59	62	48	46	65	95	43	3	29	67	98	1	58	36	63	22	54	9	21	7	94	77	93	12	54	93	90	72	8	81	83	92	98	29	78	58	88	10	86	46	1	75	62	9	30	64	70	77	38	15	75	29	47	44	85	68	26	71	84	80	14	12	47	98	17	78	87	52	64	33	5	1	25	2	69	78	73	42	40	48	11	46	85	15	60	30	7	88	71	59	86	71	49	14	13	
36	100	74	86	41	67	94	8	24	38	54	57	35	98	20	74	92	4	95	54	91	21	89	100	85	60	72	29	47	98	16	79	72	16	93	1	63	22	42	32	29	99	20	7	40	50	15	89	75	78	14	70	17	83	47	84	27	27	85	56	48	97	5	55	74	62	95	59	7	81	39	79	8	35	99	51	36	64	79	80	45	58	56	67	8	41	93	17	19	23	60	31	46	64	49	23	46	87	2	99	31	75	8	28	75	75	37	32	12	56	93	46	55	98	32	20	98	95	2	87	19	20	86	60	98	78	64	85	13	7	93	1	3	70	63	54	90	74	38	42	12	45	89	82	69	94	3	22	40	76	64	11	52	73	36	6	25	25	31	13	56	31	20	56	33	90	35	2	1	45	47	41	66	54	45	61	100	10	96	57	51	32	45	55	38	17	98	64	12	83	99	78	27	6	10	23	37	19	68	15	
51	7	2	20	1	25	43	78	1	81	6	2	92	41	66	42	53	24	60	15	16	75	61	11	87	61	53	89	21	95	41	3	38	15	89	88	19	63	51	74	37	99	85	40	7	37	9	49	63	88	29	40	83	6	80	44	43	87	61	8	6	49	62	26	84	20	11	65	98	77	76	10	47	44	68	37	19	72	48	58	17	52	53	36	46	18	40	10	98	63	49	4	35	57	29	14	50	33	85	76	46	9	95	54	87	27	60	90	91	95	7	52	99	13	60	80	55	1	20	28	21	28	26	35	6	80	81	75	11	99	73	2	91	79	66	70	13	68	74	96	36	27	74	54	96	84	87	82	88	7	46	67	13	86	21	29	96	43	45	23	84	92	42	58	44	83	39	49	65	63	81	26	20	22	76	65	37	76	45	48	36	94	73	65	19	72	26	55	32	99	82	71	7	2	2	72	5	57	48	41	
23	78	69	25	6	15	51	8	69	15	90	67	8	78	97	70	97	75	52	42	12	79	62	43	21	73	57	97	24	40	91	59	94	45	63	83	41	69	32	11	1	97	98	50	37	77	92	33	24	93	47	60	48	88	86	32	43	89	87	69	59	63	1	70	15	71	65	60	44	100	71	93	48	81	11	46	69	26	47	86	91	76	49	33	45	51	67	30	37	12	42	2	5	97	13	14	71	70	67	91	58	24	17	83	39	21	74	35	80	21	40	93	92	72	53	58	57	40	72	61	65	16	10	93	69	68	60	59	33	72	89	63	22	83	54	67	43	75	96	13	55	46	69	30	32	82	5	35	100	29	36	22	100	28	70	92	31	56	46	9	77	23	13	28	16	42	85	14	31	75	27	98	4	65	40	59	67	1	41	83	14	96	46	84	28	91	38	72	57	46	22	47	33	81	73	41	48	40	70	55	
89	5	27	1	71	38	32	30	44	20	13	32	77	58	23	79	25	67	27	10	16	72	26	17	56	54	95	29	70	8	46	94	89	59	74	24	4	45	95	11	46	69	39	15	9	92	89	72	24	20	51	45	61	77	24	91	2	69	100	72	49	46	14	44	46	31	63	40	47	6	1	97	49	82	70	95	16	22	60	71	81	15	11	41	91	75	59	99	38	79	74	46	63	90	79	94	92	76	24	31	57	35	65	43	98	19	76	1	7	46	14	99	67	39	19	78	12	79	81	51	5	28	27	18	87	45	77	80	30	57	23	46	56	62	58	87	90	33	2	10	67	4	49	41	15	80	50	36	15	22	83	15	32	69	55	52	13	99	61	70	48	95	7	29	64	94	75	82	95	77	64	47	41	8	87	100	78	23	22	46	6	9	10	41	54	50	79	19	56	48	60	34	74	6	6	75	9	94	1	79	
43	99	87	45	58	25	26	75	88	9	26	80	46	22	96	90	10	89	91	59	72	24	65	87	36	70	100	7	36	12	60	91	42	95	32	33	33	85	18	29	26	68	87	89	49	33	72	35	17	48	91	46	44	79	92	64	13	77	37	97	18	69	93	50	22	60	39	21	19	1	35	29	90	68	73	83	65	64	72	99	51	95	14	89	3	84	8	30	41	31	38	9	93	99	26	100	10	18	5	72	86	25	47	54	83	32	5	64	60	77	26	21	45	30	77	83	20	8	35	74	7	56	36	82	45	50	20	39	60	83	50	46	24	19	26	61	71	80	54	24	18	55	57	25	53	67	2	99	68	98	22	52	21	79	56	37	50	64	41	26	17	72	77	35	17	10	45	55	64	17	28	31	23	33	66	54	14	82	19	99	40	99	22	70	65	80	50	90	37	23	45	60	92	100	48	21	96	97	27	46	
75	87	100	77	44	52	89	98	98	64	76	2	46	94	63	84	44	43	43	62	47	62	7	27	84	88	60	28	27	70	51	35	87	17	12	100	62	55	69	24	77	3	92	75	63	24	24	17	34	85	8	75	93	14	1	72	29	51	35	4	89	43	45	99	83	45	39	60	58	63	96	59	57	8	7	32	41	88	61	84	38	75	83	1	62	86	46	48	54	33	72	63	81	36	96	32	71	75	80	98	27	16	56	45	35	38	36	22	5	39	15	4	6	39	35	34	86	23	49	74	18	23	3	24	23	48	25	37	7	59	18	44	28	46	15	23	3	97	79	99	57	28	94	21	46	86	64	53	49	1	37	5	35	63	50	50	64	51	72	99	74	76	55	26	67	61	29	2	48	20	39	43	5	3	63	79	72	72	64	72	98	79	65	72	58	76	36	21	35	74	85	29	54	30	27	22	14	70	55	13	
94	50	79	31	39	98	33	36	38	48	38	93	25	92	76	40	17	48	21	59	54	16	88	70	42	70	11	21	5	6	31	66	50	13	54	37	48	50	15	10	78	8	51	78	88	93	20	48	85	65	62	16	92	68	54	1	89	52	92	3	26	74	28	36	68	48	48	79	44	13	8	68	10	24	61	78	100	89	41	22	82	37	47	64	66	43	72	97	9	6	59	19	42	70	61	51	24	4	56	18	75	93	76	73	19	71	25	37	94	99	17	20	97	91	93	44	50	52	56	28	93	76	44	1	81	7	52	60	27	12	80	43	11	51	88	95	90	22	69	66	50	100	89	29	17	73	3	57	75	12	74	81	98	77	73	54	66	36	15	53	17	46	37	35	74	36	42	52	18	91	47	37	29	15	95	76	16	27	60	50	7	86	37	62	65	4	55	60	85	27	73	83	94	71	93	20	61	35	14	6	
46	13	16	55	70	97	19	66	88	34	32	91	61	79	67	25	11	98	88	97	62	17	41	31	11	22	32	3	63	96	49	24	72	68	91	26	35	41	55	38	53	70	13	14	29	47	51	91	8	62	6	87	84	13	34	28	15	90	13	24	77	22	65	26	15	2	55	80	3	73	19	46	57	21	53	94	43	85	36	86	39	31	100	91	3	57	4	58	3	1	21	44	2	86	90	98	29	37	97	95	71	37	34	78	68	49	36	97	94	16	22	15	79	54	21	8	61	82	70	88	15	4	25	95	54	31	68	32	64	33	54	93	83	11	21	46	88	72	92	21	64	38	60	16	30	64	52	59	80	14	11	91	51	37	91	89	6	25	58	97	59	86	54	12	22	49	80	46	75	87	5	83	73	48	87	34	16	21	83	65	29	48	12	29	83	86	96	53	51	14	5	57	83	57	99	50	48	11	28	32	
96	95	37	13	21	100	56	96	53	20	74	95	67	92	51	2	69	75	52	41	60	37	25	14	20	90	2	56	100	80	24	94	5	94	87	40	8	27	91	43	1	7	61	70	40	60	45	46	75	16	87	93	69	7	42	9	47	51	14	14	68	95	72	45	86	99	79	19	42	14	5	85	64	6	69	32	31	25	35	80	59	87	94	96	29	86	91	46	88	24	4	31	2	90	18	35	46	73	43	81	87	43	17	67	11	94	45	33	54	63	54	61	35	12	29	76	77	3	19	19	34	53	94	96	81	28	8	16	34	60	35	1	1	41	82	84	50	87	50	64	94	38	84	47	77	75	50	66	83	92	44	44	43	53	7	36	11	42	44	96	57	67	97	41	72	5	100	86	21	33	45	31	60	38	8	82	50	58	64	49	43	65	24	78	91	84	42	9	91	62	15	39	34	59	52	99	88	47	53	28	
10	73	92	18	62	32	68	29	84	61	72	14	16	95	42	45	25	10	62	75	70	65	70	46	27	71	60	78	16	42	27	21	20	45	9	38	52	23	10	54	55	43	40	17	83	48	61	44	93	92	84	69	86	95	4	99	23	44	79	98	98	13	40	74	19	80	61	100	36	53	57	68	2	32	87	48	15	52	10	53	85	71	91	13	97	90	13	21	33	30	94	91	52	27	89	61	56	98	58	77	39	62	91	52	100	66	39	25	77	2	72	89	70	55	1	39	74	18	84	40	1	16	51	40	16	71	72	74	64	70	88	1	29	34	35	39	34	68	34	68	95	41	18	31	74	41	48	92	67	36	7	41	17	96	90	77	4	31	36	66	33	86	99	29	77	46	15	70	52	54	66	27	85	25	46	97	26	19	30	5	44	61	54	64	81	42	67	49	97	2	13	87	77	77	63	61	33	82	53	52	
43	72	11	66	96	86	63	51	94	20	16	74	44	49	62	75	32	17	19	58	90	98	43	42	13	66	92	92	88	71	31	82	36	44	70	71	67	29	87	39	24	73	93	83	6	88	77	79	14	68	13	7	95	72	38	15	93	68	58	93	91	91	51	21	91	94	88	6	2	93	60	71	54	31	46	26	61	67	11	33	4	73	37	21	52	93	18	39	77	8	94	75	61	14	80	38	7	67	99	27	62	22	75	45	55	24	42	63	73	31	46	52	36	76	67	24	23	64	41	95	98	100	3	18	11	2	9	84	23	19	82	64	73	13	74	83	28	53	26	58	12	89	88	62	4	3	45	88	9	96	34	5	32	55	37	81	60	45	42	33	16	72	8	61	36	64	14	88	32	39	20	28	98	43	25	15	96	71	97	80	41	66	61	85	76	62	85	74	33	19	38	40	38	27	4	25	52	23	97	61	
12	34	4	56	83	48	2	38	28	76	4	2	68	82	85	86	22	82	71	78	1	97	10	2	69	85	68	66	51	14	9	67	18	11	25	9	8	87	89	47	68	82	91	47	80	86	24	92	1	54	34	42	4	38	12	8	87	80	11	80	83	86	92	82	74	100	46	11	63	78	87	95	19	100	32	58	67	16	21	14	75	79	89	58	59	50	24	23	88	50	32	64	49	45	54	70	55	8	97	8	56	30	55	10	26	40	42	66	42	1	75	87	28	63	21	82	88	1	19	62	38	30	97	78	30	95	52	85	98	5	60	53	46	51	24	48	25	34	36	97	58	45	60	16	2	69	86	11	34	92	25	62	65	57	18	59	96	49	52	40	9	8	60	71	70	96	21	94	30	28	77	8	87	12	77	52	44	47	86	18	61	18	50	35	15	89	8	33	38	100	63	63	84	58	16	25	6	91	29	91	
53	58	61	41	26	49	100	10	66	38	94	73	5	95	45	40	34	40	36	70	59	45	80	76	96	35	84	30	56	76	40	72	47	87	95	95	91	38	15	45	91	4	17	84	44	32	91	64	72	1	28	9	99	15	8	19	40	58	43	65	98	96	40	49	48	94	66	92	23	78	91	77	40	64	15	97	10	47	17	13	31	93	37	45	2	96	28	82	92	21	47	47	81	54	46	37	49	49	69	98	16	29	69	80	55	6	100	90	25	99	97	19	45	33	75	14	96	37	17	74	51	94	10	24	28	18	73	26	82	2	26	61	85	75	2	9	9	89	15	8	79	31	48	55	96	37	26	15	99	44	60	79	6	84	61	8	74	87	52	13	5	91	63	23	11	49	62	31	85	90	97	58	82	11	18	61	14	87	65	95	4	52	78	92	34	7	58	62	11	7	10	50	50	89	22	86	41	43	91	17	
48	65	99	30	26	45	66	95	18	67	18	61	80	74	75	82	46	63	94	97	46	80	7	39	27	79	37	37	56	68	11	100	28	7	29	73	5	56	23	77	40	67	66	27	43	43	2	13	29	89	15	47	23	93	87	40	92	37	48	24	68	52	66	1	20	51	47	27	36	32	90	57	93	95	21	68	67	57	89	98	89	57	20	11	87	13	5	23	94	2	49	76	88	69	38	11	12	88	57	27	88	96	3	64	77	37	99	41	7	49	75	84	55	8	84	57	83	66	41	75	30	64	67	18	47	57	63	15	18	21	53	94	54	42	60	79	72	22	86	57	98	9	78	36	89	82	27	43	57	85	18	47	32	49	22	54	83	55	62	96	62	90	55	49	29	8	7	83	5	82	35	70	10	30	77	94	87	13	3	53	79	41	43	82	92	34	82	81	73	13	90	16	35	79	70	76	93	83	51	31	
94	45	61	4	12	17	18	60	100	82	59	20	33	37	93	64	96	47	69	83	65	14	27	96	24	71	94	33	48	76	84	10	91	18	56	64	6	52	67	14	59	89	73	27	87	89	69	77	51	52	90	51	44	68	80	58	37	2	76	70	60	68	93	99	87	73	100	51	49	23	88	88	75	45	51	60	81	81	94	78	51	91	7	59	68	15	75	88	67	51	53	47	28	2	88	16	41	16	9	91	18	18	9	52	49	60	77	60	11	32	6	17	9	18	40	89	8	30	23	14	86	31	96	14	50	63	67	35	1	46	38	85	64	43	88	81	6	48	11	53	17	84	14	29	60	43	14	14	9	49	16	23	7	54	71	3	70	55	29	72	96	8	6	3	60	5	74	28	94	91	55	41	54	64	49	46	9	67	63	24	74	76	99	12	96	91	54	17	6	64	7	10	70	72	67	78	34	87	31	59	
78	79	91	94	22	4	12	46	56	60	1	86	32	25	18	57	66	39	5	94	65	26	34	23	11	34	5	80	64	42	26	79	68	78	27	2	30	22	68	36	15	50	21	85	61	87	100	37	35	92	13	14	79	58	11	43	48	76	89	40	9	50	63	62	67	5	35	25	87	96	67	21	12	92	6	81	82	41	58	3	95	60	60	88	56	52	19	31	77	69	58	56	74	11	41	77	65	73	25	71	92	69	5	80	93	2	32	84	64	63	20	2	33	20	71	81	35	84	49	7	34	89	14	20	12	57	37	15	45	16	92	4	65	55	16	45	53	84	55	47	92	57	94	47	84	35	85	56	88	75	77	27	28	88	96	87	33	36	89	74	98	45	69	33	27	100	19	61	28	23	37	39	76	34	52	37	70	5	4	97	75	21	60	2	42	86	95	54	75	36	50	90	30	16	24	26	79	70	71	36	
75	47	72	7	18	78	100	43	42	5	60	71	6	54	71	99	94	10	10	2	11	60	23	16	25	16	4	63	80	12	60	22	85	21	97	71	91	86	33	62	24	51	53	56	8	69	72	97	4	3	24	14	98	93	80	65	24	70	40	35	41	36	77	74	67	26	54	18	64	82	26	67	46	83	52	88	81	97	98	35	34	17	52	85	96	100	27	89	50	95	95	6	86	2	48	2	4	100	48	24	72	71	20	75	88	98	53	17	88	99	16	21	96	72	2	39	79	70	44	67	16	3	90	3	14	13	9	17	71	82	18	63	63	20	50	22	49	54	79	6	77	67	17	83	95	25	38	9	98	96	37	69	67	92	42	1	94	86	11	5	84	48	24	85	55	48	18	60	92	47	96	40	16	84	75	79	88	24	13	41	8	12	86	86	37	23	40	49	73	73	47	20	49	82	70	31	2	69	15	53	
4	14	46	3	35	27	78	68	4	91	61	7	1	79	52	84	47	50	85	71	58	97	12	47	56	68	15	99	92	63	52	50	6	41	90	22	38	69	17	76	100	73	100	48	6	59	49	18	89	26	77	68	98	91	83	98	68	60	9	41	97	10	99	86	37	41	81	14	88	9	96	50	5	95	31	56	44	42	24	59	76	63	49	20	24	27	13	83	56	11	33	53	41	97	27	43	84	26	21	8	53	37	80	31	20	62	13	93	68	53	38	25	95	13	19	81	66	79	100	83	78	62	73	8	50	27	97	4	93	32	13	93	5	86	28	43	89	7	58	46	10	56	84	4	96	50	9	82	89	29	82	62	22	11	28	32	18	69	99	65	77	64	28	3	6	76	79	18	18	34	72	6	74	88	87	97	81	17	72	89	67	97	40	64	17	99	38	20	68	41	71	99	3	88	30	60	15	80	9	35	
68	63	19	33	27	36	26	63	12	19	60	16	20	11	85	25	29	75	95	69	63	86	81	28	3	55	38	86	82	29	35	96	95	10	1	64	89	53	21	94	67	18	9	97	49	63	46	69	43	74	22	95	13	91	86	96	52	68	50	36	10	13	35	96	96	68	37	36	33	71	46	95	95	24	61	37	42	9	75	69	31	39	71	64	49	50	92	4	97	100	7	40	91	100	59	26	42	24	13	5	8	34	98	1	37	47	22	3	94	91	90	67	64	62	39	31	8	39	37	45	17	92	64	6	55	89	96	6	60	13	99	59	37	30	95	36	3	24	6	6	28	39	28	48	67	36	23	70	91	9	61	47	48	84	40	13	100	52	100	22	58	3	98	9	84	66	98	62	62	63	87	63	76	10	57	45	20	12	5	61	54	84	67	77	18	81	51	37	12	22	66	1	100	95	71	10	100	83	62	98	
69	88	60	13	29	51	15	85	69	96	91	100	90	79	69	7	6	24	72	71	54	45	50	100	52	29	31	44	56	87	8	60	78	100	31	76	31	57	58	39	51	87	12	5	62	1	14	93	45	28	65	72	40	51	92	40	66	93	63	77	99	35	95	29	91	18	24	64	17	13	10	23	39	13	55	77	89	21	30	91	70	5	72	50	73	53	34	43	35	93	4	79	33	30	31	95	59	55	20	27	36	69	80	67	28	25	27	32	2	73	26	89	94	42	41	78	77	64	89	47	50	15	64	19	19	34	39	84	53	83	63	8	67	17	62	41	98	16	3	83	7	54	27	16	3	88	23	26	28	60	99	45	4	25	70	82	7	33	55	12	43	99	89	79	55	61	4	66	8	39	94	49	18	28	99	72	95	90	30	83	5	53	27	94	91	27	61	34	40	61	91	45	74	28	92	11	32	10	56	55	
64	7	94	84	84	51	95	33	69	14	4	22	2	4	42	17	90	49	85	61	83	96	67	47	43	8	50	24	60	69	76	48	61	38	51	51	64	20	70	80	68	23	47	55	26	70	44	50	99	36	26	45	74	21	82	49	1	99	62	74	86	96	29	1	76	89	61	17	73	61	4	63	40	51	81	9	98	39	71	45	68	15	41	26	100	22	51	57	74	57	31	51	72	49	13	98	69	72	51	78	92	84	66	63	30	86	88	67	18	65	92	99	24	4	86	89	73	69	9	98	65	67	85	61	19	24	53	29	25	43	88	28	49	81	41	74	25	90	92	66	77	57	24	26	59	15	18	80	16	62	19	67	52	59	4	57	26	93	23	56	7	11	27	56	40	98	91	87	38	18	97	94	64	58	12	88	47	31	96	15	40	54	27	1	100	81	15	84	11	35	6	1	77	60	36	77	98	24	37	78	
4	79	31	6	16	83	51	99	8	51	84	46	12	40	83	85	3	74	50	43	14	38	68	55	2	48	47	88	20	93	88	60	54	88	47	79	72	8	49	43	63	79	82	74	84	15	46	22	83	68	15	86	19	91	74	48	20	87	67	67	37	96	91	76	51	40	16	44	88	68	33	65	69	74	52	46	81	5	66	64	87	86	52	61	61	17	31	24	39	36	64	21	18	13	27	93	18	78	60	36	71	36	39	11	70	5	65	1	46	44	29	99	36	19	21	91	96	95	55	28	92	41	32	50	32	78	53	64	36	95	27	8	90	8	95	5	21	53	90	89	49	73	55	64	74	40	58	94	99	79	20	91	78	80	88	46	65	46	39	68	63	25	4	94	17	71	91	55	30	55	41	71	43	23	45	95	32	40	95	82	96	65	61	82	13	81	61	31	77	97	8	77	49	53	75	89	71	25	33	34	
49	69	75	22	72	86	10	58	73	63	56	88	54	93	16	28	95	28	54	83	43	40	65	85	20	36	32	46	94	8	89	47	55	80	73	89	65	97	23	17	79	80	96	62	20	71	31	60	45	48	2	99	80	94	100	94	51	73	5	26	41	68	18	89	40	49	45	26	55	53	95	78	65	41	18	7	1	62	57	41	93	11	97	87	11	79	84	60	69	48	80	16	42	63	73	84	68	22	11	27	53	1	81	49	14	46	29	46	66	71	62	61	13	4	48	74	57	4	76	25	77	35	20	88	92	74	96	68	38	32	84	63	68	65	83	36	6	90	44	18	80	17	70	80	28	20	15	68	38	52	19	51	66	96	28	18	57	70	58	71	66	65	52	28	8	83	19	63	51	20	26	29	61	9	58	10	99	32	30	6	89	52	35	87	77	36	58	15	90	65	54	21	15	58	29	16	97	17	97	29	
76	27	49	89	52	6	11	36	98	3	26	32	72	22	97	93	9	27	79	95	16	9	72	7	62	35	10	74	93	79	49	77	50	8	33	100	18	68	96	61	7	83	82	95	11	65	63	39	39	48	55	79	61	88	46	66	47	100	35	54	81	37	24	61	16	45	54	47	45	96	21	92	3	25	39	71	25	7	54	59	15	47	92	3	1	99	12	4	19	35	8	71	26	9	14	55	32	49	37	52	3	60	47	9	48	5	81	77	44	68	58	89	72	87	12	97	17	79	5	14	80	72	69	79	97	75	41	54	54	51	38	17	54	39	56	9	85	95	29	86	8	73	28	16	81	74	63	58	35	55	65	93	39	100	89	25	52	86	95	39	63	20	23	86	36	70	45	66	38	45	35	98	80	45	100	68	90	21	86	25	22	98	30	70	42	80	14	90	35	39	80	28	7	7	12	41	89	69	13	93	
58	89	6	79	85	35	14	28	31	50	4	11	83	3	17	62	38	21	80	89	10	83	53	19	8	16	72	86	45	9	77	78	2	50	30	39	74	84	94	67	3	98	59	59	65	60	40	21	60	79	80	19	100	6	11	92	27	51	25	18	14	36	64	17	44	26	47	32	47	2	31	61	29	46	55	21	66	9	16	4	33	61	26	91	88	70	79	8	80	19	7	42	85	73	31	49	70	75	99	1	99	71	97	46	89	32	81	17	32	9	76	77	96	82	67	30	55	16	64	96	94	78	19	82	85	100	71	10	15	63	4	52	84	3	27	26	88	76	25	23	76	98	74	46	13	66	17	75	87	39	79	40	21	31	72	41	53	11	21	59	24	6	3	31	1	43	33	27	100	48	80	97	24	98	84	91	48	57	15	46	40	48	5	44	32	76	32	61	6	25	7	7	2	89	35	57	53	38	44	94	
25	70	76	48	39	22	82	100	18	29	36	51	63	86	40	78	39	9	85	1	14	65	70	25	92	95	26	65	3	35	89	21	35	23	28	56	77	30	5	80	93	57	95	7	98	44	47	19	58	44	3	42	36	2	63	23	36	49	87	64	88	33	17	73	88	55	45	47	85	65	75	10	94	69	78	3	61	87	49	72	22	41	70	77	20	4	53	30	14	13	82	41	29	73	75	99	62	36	8	40	89	30	98	36	94	65	63	61	33	7	54	50	88	75	43	96	27	33	22	48	82	69	10	73	4	28	74	64	3	4	75	11	89	87	9	100	84	67	76	1	62	20	79	98	44	15	50	87	41	1	71	8	17	35	80	16	64	18	23	64	87	61	46	97	76	61	37	4	33	19	15	24	46	53	100	74	99	56	50	23	52	78	28	4	23	40	91	28	17	20	81	26	53	20	42	19	46	7	34	13	
38	37	7	10	61	12	58	24	85	54	95	74	56	86	61	100	4	74	58	85	18	66	23	56	89	53	41	5	18	56	56	51	20	87	14	9	39	5	17	11	53	82	88	81	77	100	6	1	63	13	73	14	53	93	78	78	32	23	96	82	9	71	13	61	68	53	96	2	65	53	40	41	65	32	15	67	22	49	5	86	100	4	50	25	95	16	69	83	49	41	2	48	19	14	89	96	85	59	71	75	2	53	37	81	95	74	99	89	13	23	76	53	4	5	2	97	95	10	4	70	44	67	73	74	34	52	49	90	25	25	59	42	61	76	39	42	20	43	73	85	16	96	11	25	22	48	69	99	84	54	69	98	91	31	83	64	61	15	7	71	22	32	43	86	47	28	37	77	33	10	92	58	74	99	6	50	7	94	16	3	100	20	37	84	37	23	98	40	95	89	33	61	48	41	2	10	33	26	7	62	
30	86	26	59	80	51	3	35	21	19	84	16	47	88	47	25	87	29	63	55	64	60	9	68	3	66	57	59	51	51	56	27	13	28	31	60	31	92	75	54	90	33	17	39	76	71	1	35	96	8	19	5	57	60	87	91	90	88	67	26	96	46	10	4	33	95	21	31	75	40	97	97	79	10	60	26	71	18	56	92	33	41	84	3	50	56	27	23	21	72	100	54	34	29	21	15	65	92	80	87	82	89	90	22	56	47	22	13	15	78	61	21	67	64	2	15	90	6	100	47	6	49	91	15	59	78	73	74	90	66	23	93	19	100	8	2	61	89	85	92	4	72	85	90	36	79	55	10	1	58	29	36	39	1	20	26	58	86	94	41	81	70	24	25	24	70	82	74	86	72	23	16	85	74	7	83	39	90	81	25	83	30	75	55	63	35	74	36	53	94	61	94	74	36	27	98	36	43	10	30	
100	52	69	15	42	45	55	69	65	98	53	18	41	2	48	62	78	41	37	54	28	65	53	63	13	65	92	82	32	35	42	88	42	99	31	59	5	63	99	48	72	85	85	79	10	93	97	29	59	68	46	85	68	71	95	77	57	88	21	67	50	95	23	63	65	78	92	61	10	41	97	67	25	54	39	19	7	76	25	54	38	66	10	96	11	60	25	15	83	61	15	23	8	69	73	88	46	82	37	69	86	63	68	56	59	36	89	16	51	12	39	8	70	88	74	95	51	38	42	86	35	86	51	33	1	77	76	95	100	70	48	69	73	83	99	71	84	39	65	43	63	40	33	50	22	11	17	89	43	81	35	60	72	82	31	61	75	55	75	31	19	88	57	78	38	31	76	92	65	22	77	77	36	69	41	70	74	51	98	20	42	18	19	81	52	10	7	37	85	72	9	68	62	21	40	82	49	47	54	55	
69	97	97	32	92	63	20	18	12	90	31	53	25	53	82	32	8	87	86	74	61	36	68	2	37	37	37	10	71	60	14	78	91	20	1	17	77	69	96	72	18	24	95	8	47	48	49	90	57	10	57	64	2	54	19	40	93	75	12	46	5	95	39	40	69	65	3	29	94	65	79	25	61	71	30	52	9	32	79	55	8	72	31	84	51	9	54	79	18	16	64	33	33	62	57	26	56	27	65	81	95	88	15	12	69	41	27	16	73	19	63	84	10	9	78	98	15	89	74	21	82	61	50	92	63	97	30	32	83	3	33	47	12	73	26	61	9	15	59	25	52	65	4	22	29	73	71	72	77	76	92	27	10	6	4	96	2	29	56	80	78	93	10	98	58	53	51	53	94	59	58	59	48	31	53	53	79	50	1	84	49	53	40	40	61	18	99	28	36	79	69	69	97	99	8	86	68	99	98	75	
48	32	1	96	93	93	38	17	87	13	83	17	55	14	25	18	14	21	87	88	100	88	48	17	5	23	48	39	37	35	42	96	7	95	58	54	61	7	42	31	96	47	55	35	44	81	82	68	8	24	21	6	32	31	100	64	95	45	92	83	95	24	13	51	74	41	25	46	69	32	10	54	71	5	43	18	8	55	22	44	90	93	5	27	70	69	58	21	73	54	88	82	80	61	60	47	40	69	11	11	7	14	51	51	71	87	90	31	35	52	63	34	63	12	56	91	61	90	31	33	14	48	97	28	94	8	37	68	73	71	90	22	72	97	53	40	1	23	30	51	13	83	89	79	87	60	21	72	46	7	28	86	100	79	91	20	95	7	81	93	93	12	24	86	83	28	71	49	29	3	36	37	26	55	26	13	52	52	80	54	30	39	33	63	90	75	78	98	21	98	44	69	19	5	90	97	55	5	24	84	
31	35	83	40	41	27	41	58	88	22	13	97	2	10	96	44	4	100	60	40	81	74	43	92	39	60	76	65	83	65	53	100	52	88	68	14	19	24	1	95	31	86	36	99	68	11	70	73	7	61	53	69	87	46	32	15	21	51	6	52	31	61	55	81	52	18	39	55	78	15	60	39	30	43	69	26	64	96	44	69	12	76	56	49	86	71	86	38	85	94	34	95	53	95	76	7	82	3	74	86	69	30	9	40	37	64	27	50	38	51	38	93	81	20	68	12	35	16	46	53	47	75	16	75	53	60	80	46	39	20	2	99	87	28	22	85	65	38	6	84	71	12	89	56	83	48	42	38	100	80	67	23	11	84	71	1	49	17	5	35	58	88	71	6	44	86	96	79	88	35	74	47	89	74	20	99	4	29	88	65	32	77	1	87	54	72	69	16	55	9	53	98	15	68	44	43	20	14	17	56	
25	57	26	87	17	86	81	79	63	15	94	66	11	16	55	18	32	83	5	38	8	22	49	74	7	100	98	23	18	42	99	20	29	16	79	93	73	43	54	94	41	96	58	51	37	46	95	83	32	78	94	32	48	26	58	97	68	60	81	88	56	37	77	9	46	7	71	21	3	67	26	19	52	18	26	71	31	13	2	78	57	62	84	58	92	48	6	66	45	35	11	58	14	67	98	12	79	8	81	71	14	27	83	67	43	6	75	46	94	15	17	47	22	72	28	44	19	100	42	77	42	54	79	74	62	88	59	28	43	54	7	90	68	27	97	5	25	54	54	22	78	21	7	41	50	93	69	82	58	20	52	82	79	54	80	68	100	50	74	85	26	49	50	30	50	47	22	16	71	55	8	73	79	64	42	83	26	36	92	49	13	79	47	10	46	15	32	49	50	39	40	100	10	31	44	8	51	75	98	34	
82	33	31	73	3	21	50	15	59	95	20	98	1	60	31	87	87	15	19	60	30	20	26	97	64	54	90	96	60	75	69	61	79	61	28	69	59	96	22	26	60	59	5	36	19	69	16	65	41	100	43	31	15	61	67	10	67	81	82	81	44	42	89	98	81	1	25	66	61	22	71	7	9	8	64	31	82	80	32	10	42	86	22	16	29	80	91	76	65	82	38	73	16	7	15	14	15	78	35	67	54	86	55	92	74	4	18	90	32	69	18	50	19	45	69	1	9	77	17	65	33	86	34	94	14	67	20	33	8	15	97	42	35	66	4	10	49	27	3	64	2	32	17	90	64	82	84	98	22	28	48	42	30	20	1	9	92	74	68	57	25	88	63	48	8	93	74	7	1	77	3	91	57	63	14	93	81	13	83	72	30	91	74	31	6	66	23	91	9	78	92	17	1	94	52	66	16	24	96	40	
66	75	25	59	45	74	83	43	63	24	85	75	49	46	60	4	16	60	66	17	41	30	66	11	97	82	93	39	40	92	68	97	70	39	46	51	99	37	43	93	72	87	17	64	72	26	22	64	88	89	85	25	52	67	16	47	57	81	41	97	42	9	21	39	5	62	7	9	87	49	18	76	32	55	96	13	80	54	84	24	8	51	9	22	11	65	99	15	1	66	38	31	79	6	31	52	21	94	81	27	75	74	94	53	96	57	37	65	4	28	33	53	98	90	48	37	92	36	23	37	10	39	51	50	65	27	64	100	38	99	19	57	5	47	97	60	22	8	31	41	94	53	3	3	16	99	85	18	97	83	49	76	20	19	4	58	78	16	56	58	96	85	65	35	28	63	86	66	42	99	94	59	73	82	55	29	39	44	64	31	11	98	99	91	40	11	31	56	78	80	45	88	35	42	40	63	71	50	36	44	
53	86	74	47	47	90	54	25	92	68	62	33	91	91	91	88	80	7	65	17	76	13	28	11	11	54	60	3	40	1	83	53	1	58	9	9	19	20	79	51	7	86	59	79	48	47	60	72	61	41	36	35	10	11	21	17	89	94	58	98	24	75	30	71	66	57	54	16	49	5	56	25	79	22	44	2	32	84	82	96	33	9	85	84	3	79	2	40	45	2	99	20	93	72	88	35	46	16	64	22	66	13	20	34	47	92	13	69	53	37	82	80	17	73	93	71	84	47	7	80	80	83	33	69	1	66	35	8	99	19	87	18	78	75	10	71	30	71	78	31	76	69	61	16	98	38	49	88	50	52	97	22	65	43	10	19	27	14	76	85	47	76	2	91	50	37	17	17	55	67	88	65	75	13	31	70	49	68	46	27	77	24	71	62	20	14	67	78	80	62	79	8	8	68	22	32	12	99	14	33	
19	3	94	64	72	67	97	42	17	36	72	53	32	16	68	11	62	84	89	31	73	80	99	40	90	69	17	80	39	78	54	10	93	22	53	14	96	98	22	13	75	55	15	80	58	86	71	99	84	22	86	80	53	33	14	13	98	78	3	35	59	69	91	45	64	41	59	4	72	86	92	54	55	44	69	78	10	24	96	30	85	72	41	76	3	77	73	56	7	1	63	15	90	37	36	45	71	70	31	38	29	26	3	23	94	8	25	97	5	50	77	80	16	32	37	31	78	55	30	51	96	29	32	8	92	44	79	3	48	53	65	56	31	79	58	93	28	84	80	58	2	38	25	38	20	55	25	98	40	62	45	44	6	42	97	82	48	89	95	90	70	93	34	76	29	10	19	67	96	69	1	2	62	13	1	53	88	14	74	70	51	69	72	62	44	32	86	40	79	65	46	75	7	50	51	36	51	90	28	74	
16	100	1	74	69	49	88	71	30	70	78	92	30	35	4	53	85	97	5	21	3	30	61	11	69	51	23	30	28	68	43	93	13	72	89	6	68	43	46	99	9	58	62	45	17	91	81	51	38	82	39	59	85	4	75	31	89	51	95	34	76	31	70	68	87	93	15	33	22	100	33	38	8	90	12	57	42	8	33	85	9	19	100	14	18	18	75	44	4	94	88	83	34	76	60	25	1	96	95	42	20	5	81	28	35	12	69	3	29	18	77	74	14	89	83	87	8	91	89	4	72	29	19	97	18	42	90	58	17	80	74	73	74	92	24	20	46	18	73	46	94	2	74	23	72	44	44	56	88	4	72	91	91	75	7	3	100	88	95	44	97	68	84	19	74	4	60	97	54	25	11	30	25	96	51	64	48	89	82	27	92	1	41	25	56	75	27	29	97	50	32	31	100	13	48	79	3	46	68	18	
74	23	35	26	56	87	54	7	21	53	91	85	18	83	76	4	25	98	53	68	65	73	99	40	83	90	99	68	77	62	72	19	93	61	99	10	75	50	85	62	66	64	90	58	52	76	15	95	75	37	31	87	71	73	79	93	57	91	60	17	63	39	5	15	86	11	47	61	41	4	41	66	72	93	76	62	86	51	9	72	19	29	17	10	91	13	70	56	21	53	65	58	36	91	93	85	100	24	3	77	79	25	4	34	95	20	90	65	52	5	18	90	6	99	63	9	85	79	13	29	76	82	40	67	49	34	16	1	23	21	42	80	56	30	92	16	58	16	42	26	25	30	84	58	36	86	62	41	69	61	70	81	24	76	98	34	81	82	67	26	19	50	40	51	66	19	75	7	13	1	10	64	21	15	76	57	36	24	7	82	10	21	89	61	44	22	5	55	55	45	55	45	71	13	95	2	50	76	55	100	
46	40	99	31	21	47	64	38	43	11	17	69	35	86	14	96	37	53	63	1	14	11	38	5	78	83	17	20	11	72	78	50	68	42	84	47	78	13	33	89	13	11	76	56	53	49	11	14	83	47	100	94	91	37	89	37	20	7	60	52	49	71	72	41	52	97	92	26	70	50	84	10	31	5	56	84	22	9	85	41	100	17	79	46	3	41	25	65	16	75	9	62	36	14	3	39	71	63	26	78	61	9	93	3	97	16	80	92	50	70	52	96	28	73	23	21	61	78	48	32	74	95	86	1	23	25	7	12	63	22	86	40	24	91	67	45	98	56	21	75	52	9	36	25	89	65	59	47	57	21	18	65	70	52	83	53	99	57	57	26	73	33	14	67	97	56	90	73	39	75	59	3	93	19	51	92	44	26	5	66	39	94	47	62	89	46	61	100	66	92	11	95	66	27	65	31	9	23	18	87	
21	56	24	52	69	17	81	50	65	24	24	36	23	58	30	98	60	60	25	95	87	28	46	80	83	81	83	4	97	22	5	27	77	100	70	2	89	42	95	12	8	74	2	67	36	33	41	89	1	64	91	96	13	21	58	45	11	59	88	85	20	64	50	26	61	87	3	91	77	25	3	96	84	27	49	58	16	22	84	76	14	10	46	38	90	1	56	53	24	12	64	24	72	49	69	56	14	19	48	72	10	78	70	93	27	80	20	9	29	60	93	52	87	90	30	41	6	31	34	19	47	91	39	54	54	38	32	24	68	21	49	29	51	30	33	59	76	78	29	79	67	33	96	44	11	6	90	54	25	30	31	44	63	72	38	38	99	4	60	96	49	19	94	56	50	41	60	43	56	65	36	6	70	77	76	48	41	86	57	56	8	41	100	75	51	17	85	43	63	99	21	55	71	52	90	60	33	55	71	84	
8	17	81	21	34	99	33	68	88	69	11	69	2	68	3	98	82	60	21	60	91	76	65	22	10	65	13	58	19	41	7	33	23	54	12	37	18	93	96	24	39	28	19	8	46	45	91	3	62	66	3	29	97	52	59	2	87	68	56	96	24	49	73	100	61	11	1	88	20	95	50	11	51	70	86	92	29	11	3	3	18	91	3	90	80	75	41	78	52	65	41	80	95	37	69	2	92	15	64	20	19	4	21	71	31	48	28	89	49	33	41	100	61	60	15	20	86	42	93	3	11	72	17	98	40	23	72	15	35	71	92	46	84	14	78	6	39	76	29	64	18	46	2	29	44	9	11	97	4	47	65	8	79	13	23	19	73	3	19	17	80	6	78	65	20	52	55	81	62	37	37	95	15	97	2	49	69	68	97	28	66	48	42	41	43	70	31	19	25	66	20	66	44	9	40	39	2	20	68	33	
29	71	46	84	34	25	22	25	97	10	48	89	3	73	45	95	12	10	70	44	87	41	95	48	86	53	47	89	26	47	95	8	83	70	4	10	53	48	23	56	70	50	42	41	18	51	75	84	86	43	57	86	90	93	50	96	13	15	52	100	27	50	53	22	17	79	99	70	4	16	56	60	9	69	71	48	80	65	79	77	18	13	41	1	75	7	23	23	5	56	43	69	35	41	49	28	5	20	48	3	9	86	69	94	43	19	18	16	19	11	21	75	52	52	98	10	11	84	94	84	60	16	76	4	68	42	73	9	51	28	80	22	40	99	10	31	23	9	96	96	11	85	31	84	16	11	78	92	60	53	74	9	37	2	94	19	58	21	100	75	70	44	20	15	67	37	28	71	96	53	28	30	1	88	61	83	41	26	53	43	62	8	40	71	18	45	7	97	60	86	19	98	40	100	33	60	6	26	71	27	
54	67	41	11	75	4	22	4	90	99	74	96	63	37	97	82	59	96	38	92	84	26	4	83	7	10	65	65	5	5	14	56	48	22	36	23	6	38	81	12	24	51	55	93	40	67	59	8	46	72	4	91	13	18	24	28	5	75	19	27	13	92	34	51	31	84	12	79	53	69	27	25	54	58	86	6	91	99	2	73	75	70	25	56	41	23	21	98	80	54	76	52	9	20	46	32	33	12	69	97	50	3	56	38	51	43	51	29	59	27	20	92	40	96	25	28	94	20	61	47	34	53	100	27	6	24	72	73	44	70	67	92	100	25	20	27	88	20	77	21	81	22	89	25	79	12	80	91	45	3	18	3	19	29	28	78	28	45	6	52	53	28	13	33	77	70	60	84	60	67	95	41	71	11	17	26	25	70	99	33	28	90	11	22	36	86	14	86	73	7	93	83	90	73	31	76	90	83	96	26	
35	70	24	75	34	49	80	85	1	63	14	70	13	71	50	16	88	17	57	91	86	38	54	18	25	72	59	80	81	1	32	58	44	100	34	31	8	60	72	18	28	79	99	17	10	30	99	30	48	97	58	46	21	39	23	82	23	88	31	89	83	4	43	57	24	60	4	8	30	83	23	15	79	21	38	66	76	15	40	56	44	56	65	53	78	23	98	74	62	65	50	73	36	1	92	89	59	100	23	80	52	69	48	72	29	73	12	46	46	47	64	73	48	25	58	18	98	65	76	66	96	69	62	1	48	73	67	35	97	1	50	13	84	54	41	58	45	52	59	74	85	81	90	95	71	10	22	45	97	64	18	12	10	93	86	53	8	62	93	16	23	35	17	26	97	3	96	95	13	39	12	44	23	9	38	63	89	12	46	97	59	45	96	75	27	27	37	30	61	79	22	22	51	97	6	21	63	67	88	83	
32	92	48	6	62	48	59	5	50	28	50	63	51	41	76	31	67	65	9	10	77	96	26	74	54	9	96	65	79	1	71	38	22	30	47	66	26	16	67	33	10	86	26	19	98	37	38	41	54	9	3	88	33	77	88	92	94	67	77	50	56	97	35	74	39	69	19	80	14	49	21	83	18	73	85	45	65	1	45	7	4	21	16	24	52	5	80	62	51	35	18	77	54	69	99	9	95	12	76	31	89	70	93	4	94	74	64	5	59	87	66	96	89	64	55	38	54	20	81	98	67	98	5	36	49	67	58	100	43	12	2	80	71	80	73	44	29	81	93	51	58	88	35	44	63	98	86	72	26	6	70	9	47	64	32	15	80	91	46	42	54	8	62	33	46	22	14	13	20	82	9	49	59	71	31	87	70	13	71	44	51	73	18	12	90	97	68	10	95	58	75	15	72	8	26	55	13	6	19	98	
90	34	15	72	63	2	53	32	22	55	32	15	26	88	77	68	46	98	52	92	89	94	38	61	100	16	72	34	72	1	96	94	82	79	94	98	70	48	93	1	91	68	49	23	63	12	79	31	33	6	1	24	30	8	50	21	2	51	69	95	11	100	93	57	36	48	35	19	13	41	72	61	16	54	94	35	82	66	2	1	94	53	75	12	65	56	54	65	35	43	36	75	46	34	89	9	15	13	66	15	38	23	4	43	97	19	16	43	33	71	94	87	50	28	57	60	73	33	39	61	40	23	87	19	89	20	42	41	4	69	4	92	85	48	45	18	89	93	94	3	40	22	56	10	100	13	52	69	83	43	32	68	82	91	36	11	29	36	60	1	61	54	59	10	91	89	24	98	85	41	79	51	77	100	54	46	96	25	57	75	47	19	5	24	98	20	53	61	9	32	94	16	48	21	50	94	50	24	73	61	
60	73	31	74	95	92	75	17	76	15	47	54	37	54	44	92	56	92	32	97	91	100	47	62	67	100	92	29	96	85	67	24	79	48	85	92	97	79	39	27	95	20	89	60	49	42	74	38	72	59	21	4	94	94	32	47	49	53	58	95	33	7	4	31	64	80	8	7	82	2	100	15	64	88	34	11	38	38	99	63	88	65	9	64	41	43	76	50	18	36	66	94	50	83	46	99	36	15	90	82	80	19	39	78	81	95	13	78	64	36	18	38	71	86	16	92	54	59	1	25	11	14	42	97	5	7	65	88	66	43	92	31	60	24	25	34	94	83	64	12	25	78	34	84	62	74	79	9	56	5	95	66	48	79	75	35	30	52	82	98	49	21	41	7	100	64	46	14	88	73	46	97	2	30	82	68	39	3	92	60	31	94	76	22	87	16	24	37	93	55	39	84	74	64	96	19	13	90	96	7	
69	24	97	94	37	73	24	35	66	67	58	68	73	58	17	6	24	48	52	84	33	9	23	79	37	73	77	80	10	61	59	31	64	79	18	55	68	47	44	61	17	19	16	31	4	2	46	9	63	19	44	31	91	75	64	47	76	47	56	6	53	40	79	51	21	16	71	42	41	48	54	23	33	82	95	58	73	31	20	15	83	58	62	24	80	69	52	73	77	75	94	20	42	62	66	24	49	59	23	23	16	54	37	79	28	61	11	27	80	64	95	15	18	28	78	68	60	97	81	61	32	31	51	91	71	61	63	32	16	16	46	53	24	37	89	96	54	25	67	11	11	29	46	23	60	88	40	54	71	28	65	42	21	18	84	46	17	44	23	84	65	39	32	66	6	23	25	52	92	63	65	62	26	73	28	9	37	67	42	76	61	82	42	33	86	93	57	10	52	80	38	95	69	13	61	52	9	72	48	43	
59	9	14	97	30	58	4	75	92	12	10	65	92	96	51	85	26	7	95	3	20	51	73	32	87	97	32	73	84	22	12	73	91	100	90	94	41	33	9	66	41	83	53	46	35	5	63	93	81	42	2	2	52	61	49	81	88	28	74	86	41	91	33	72	18	42	26	85	29	19	34	8	33	80	53	14	16	79	93	90	34	36	36	72	95	35	9	36	54	46	50	42	43	3	26	51	88	2	65	83	47	44	48	66	90	31	57	13	95	88	19	30	43	76	27	80	13	44	53	43	9	12	98	50	84	90	8	82	49	10	20	12	18	8	44	78	30	72	30	71	81	28	35	16	43	24	60	59	43	71	12	44	92	35	81	57	9	100	13	59	67	17	94	95	76	63	50	56	50	62	55	76	49	85	72	42	70	43	39	97	60	74	83	48	32	26	5	48	59	94	40	90	55	95	90	60	23	75	90	61	
32	35	11	81	99	32	9	58	13	15	17	79	13	16	40	52	55	74	42	26	5	74	59	71	28	20	13	26	66	39	83	99	70	4	20	99	23	70	50	42	52	17	17	64	57	97	90	99	36	70	86	90	27	14	45	54	69	2	11	2	97	100	30	49	13	63	9	73	73	14	29	69	62	61	95	67	7	6	72	37	76	91	14	49	37	41	20	1	69	34	83	62	3	51	63	42	70	57	66	76	47	8	76	42	3	21	61	45	18	52	98	82	40	49	85	17	95	85	39	94	3	59	36	58	7	71	39	55	29	78	60	64	12	38	71	31	65	56	61	62	21	84	25	67	1	70	14	96	19	73	45	92	39	7	45	30	50	27	95	21	29	22	17	31	10	2	22	22	71	43	81	73	35	9	28	11	13	70	37	1	3	13	14	15	60	26	48	22	96	72	30	28	90	9	83	60	22	1	45	56	
10	36	23	12	57	65	13	53	35	49	11	88	85	67	69	77	62	98	50	97	49	31	14	72	45	65	23	93	90	39	14	95	30	50	84	9	80	30	22	4	80	24	17	49	29	13	79	26	96	61	90	18	89	80	54	46	38	88	41	48	27	59	31	13	27	73	14	31	75	89	21	73	57	60	76	98	15	31	88	36	60	93	3	69	69	49	46	92	99	89	46	66	26	63	27	27	63	26	89	39	75	87	93	75	78	65	13	50	77	66	29	47	82	30	7	5	70	73	1	99	71	15	83	46	21	13	3	88	74	42	24	73	11	65	91	17	4	63	29	72	59	81	90	24	55	47	27	76	33	70	48	98	54	17	14	76	3	46	70	55	26	8	63	95	8	11	44	92	46	94	27	73	12	58	76	91	11	25	2	46	14	73	38	72	14	7	30	27	12	35	47	66	41	78	73	1	84	29	45	49	
93	74	12	87	75	20	69	3	65	92	24	12	27	77	77	30	67	66	53	6	84	2	93	99	21	7	15	82	53	28	53	100	57	72	81	79	35	43	30	52	51	62	12	23	14	14	94	100	32	51	98	35	61	38	70	37	11	16	77	2	43	26	95	98	93	84	55	49	99	96	15	88	26	47	7	12	14	52	35	45	25	85	39	56	2	28	32	89	9	9	99	24	51	42	27	25	95	8	72	78	42	48	80	14	34	36	24	78	86	99	52	86	11	21	33	93	93	89	13	76	3	24	67	91	36	47	17	80	14	93	75	44	78	86	92	8	99	51	89	24	88	48	33	79	76	69	23	16	90	45	50	55	61	69	5	7	98	51	1	61	98	69	9	23	68	54	40	65	10	58	70	6	46	37	30	73	83	17	65	22	38	35	86	76	77	33	59	48	68	53	22	74	7	70	87	12	40	32	76	98	
81	32	74	41	90	41	91	86	56	28	50	23	86	8	79	81	66	61	1	15	20	74	70	5	36	79	93	23	83	33	93	38	79	98	85	80	67	92	67	12	37	85	68	46	50	71	92	10	71	24	29	46	56	7	55	49	12	41	65	4	84	42	59	69	18	68	32	70	62	85	65	46	56	40	82	79	15	21	46	71	1	100	71	14	92	5	33	59	95	15	36	49	88	70	63	95	12	54	65	21	15	63	8	92	19	23	27	7	96	26	87	87	95	8	62	71	17	24	18	13	67	50	93	1	79	80	36	62	100	5	4	54	22	54	1	93	59	21	65	72	53	23	23	26	67	44	8	51	27	1	44	82	42	99	28	65	87	25	96	36	88	14	78	59	94	81	67	11	44	38	20	36	34	30	97	75	57	80	20	48	25	29	32	33	73	78	62	70	78	42	58	16	54	19	95	8	54	72	38	39	
76	72	66	61	86	75	10	74	32	17	11	73	98	49	51	84	18	70	93	45	56	22	27	76	53	7	62	69	83	99	39	14	74	39	91	79	18	8	9	35	1	69	55	87	33	70	76	18	75	4	37	73	98	67	8	49	88	16	73	100	26	24	55	72	78	22	49	75	36	59	92	82	27	69	3	8	78	94	16	70	96	24	63	19	15	20	12	100	12	13	15	59	2	57	26	8	54	56	15	70	41	70	19	94	11	79	44	59	76	58	64	81	83	39	17	87	6	76	47	43	100	55	48	43	99	95	97	11	47	43	23	52	62	11	87	15	30	83	84	41	88	89	92	53	23	58	63	64	72	70	64	17	18	78	98	90	63	36	86	26	86	91	29	38	94	17	18	97	24	45	62	49	86	89	36	8	10	4	94	51	58	96	98	37	30	21	79	54	77	48	16	54	34	31	17	17	59	47	3	48	
87	81	87	14	47	2	23	5	89	49	23	84	97	71	82	77	100	97	2	53	14	46	38	86	26	86	1	62	28	78	12	88	86	97	87	59	7	8	87	58	86	87	99	2	85	67	24	5	80	56	97	43	58	99	97	69	57	9	25	48	21	13	20	51	60	11	37	99	8	71	80	37	65	11	74	81	35	81	64	31	95	3	26	48	64	48	69	23	76	66	90	23	65	66	89	72	65	15	1	2	25	34	59	5	47	64	48	56	99	52	51	32	34	69	15	29	67	84	3	64	88	80	99	61	21	26	55	62	50	83	12	85	65	28	29	23	76	75	57	48	74	26	47	98	51	90	22	39	63	20	27	15	82	30	95	70	46	47	45	96	40	4	29	28	62	87	2	40	44	5	11	42	20	36	99	66	58	45	16	30	37	95	80	27	8	53	86	78	46	10	19	33	24	3	91	56	54	99	58	76	
50	57	2	70	31	93	46	42	2	99	12	12	5	5	17	46	58	73	77	5	9	35	51	51	35	47	82	96	68	11	43	66	31	86	44	39	15	53	33	96	100	88	95	99	76	91	31	72	98	18	95	81	77	27	8	98	27	91	71	24	8	5	27	78	36	27	52	1	40	75	87	69	81	11	86	71	67	27	22	38	42	77	78	72	20	3	97	80	31	15	82	23	83	76	39	78	21	70	2	39	79	63	74	6	40	98	27	34	62	67	45	99	91	27	64	42	47	76	31	78	71	88	33	92	75	95	51	78	40	17	32	37	16	87	87	84	59	74	36	46	82	70	17	82	5	67	32	15	14	70	11	13	9	30	10	25	37	15	9	82	3	64	67	59	50	79	74	70	59	57	85	87	14	81	18	83	19	1	61	45	70	2	80	18	75	9	9	72	29	100	1	65	17	63	36	92	94	19	32	84	
16	64	86	2	30	66	13	8	70	75	66	16	21	60	11	59	40	77	7	12	95	54	66	95	30	5	72	46	31	95	97	60	75	42	15	68	67	78	21	29	43	37	67	31	46	58	57	86	27	75	71	87	39	62	56	16	88	18	92	72	53	8	36	92	71	53	3	99	89	2	82	86	95	7	69	14	54	75	66	29	20	79	61	10	19	9	50	52	89	38	80	16	47	47	75	42	15	41	25	79	99	81	16	46	75	56	48	74	5	99	41	59	60	56	63	20	38	43	62	58	77	53	75	91	2	80	71	21	34	57	67	87	58	77	90	84	96	52	14	22	81	24	80	83	52	45	25	8	90	93	74	69	42	69	16	3	53	45	31	80	14	90	21	53	79	90	3	64	35	79	91	49	68	42	24	53	2	52	80	90	36	1	54	57	1	68	36	47	51	78	82	63	31	25	84	93	73	95	83	4	
19	99	56	27	71	99	92	20	72	9	86	20	9	51	85	97	52	9	53	19	29	52	68	56	83	84	9	39	27	28	59	45	44	89	65	81	55	63	86	76	65	40	100	75	9	24	35	25	16	93	37	43	62	22	30	29	96	18	69	71	37	34	69	84	36	1	60	71	30	53	89	63	88	14	30	27	86	74	13	26	5	25	9	78	4	86	3	69	70	23	19	54	44	8	87	48	63	70	34	63	81	20	37	42	3	21	70	66	23	7	66	56	61	61	67	56	3	18	81	34	45	15	66	22	52	44	14	87	28	64	56	56	43	74	93	22	13	31	76	47	18	33	65	78	73	16	50	4	80	39	42	39	83	42	71	21	92	37	91	67	72	7	38	37	32	74	21	41	31	56	83	38	18	61	68	7	86	50	79	15	14	80	68	61	30	45	66	40	99	55	89	37	1	32	76	96	14	22	80	63	
35	63	49	18	24	44	51	45	52	92	4	86	40	78	97	49	13	61	77	52	70	39	3	38	66	88	25	39	48	91	68	93	45	23	33	11	1	33	28	3	7	37	47	8	95	17	65	47	56	76	34	17	91	75	55	69	3	9	5	20	80	98	80	66	39	81	47	97	98	37	90	68	15	51	9	83	55	94	20	3	81	4	93	70	21	69	56	48	93	4	39	37	48	76	93	80	8	19	59	74	16	37	93	45	80	36	90	61	99	12	6	42	7	83	38	78	9	87	57	76	39	84	99	62	73	54	21	45	2	88	40	96	4	81	44	59	69	61	70	71	14	32	48	39	64	90	8	88	89	80	36	16	23	100	52	67	87	98	62	9	74	2	1	17	60	58	37	66	33	92	89	58	81	64	31	26	41	72	4	20	65	82	91	85	20	79	35	13	61	39	17	13	24	5	66	18	48	24	80	97	
56	30	39	22	68	7	32	39	43	88	1	55	1	43	12	33	86	44	87	19	66	74	25	54	28	42	53	86	11	75	7	84	37	76	59	87	53	34	94	35	14	97	100	28	54	83	43	54	45	73	78	67	52	45	10	80	64	52	80	75	31	1	67	63	11	49	9	46	36	81	22	56	12	51	40	67	92	53	34	23	28	34	3	93	71	94	38	72	4	43	78	79	66	42	75	14	92	94	5	6	46	42	45	1	50	4	78	11	37	75	69	48	14	56	93	38	78	23	94	41	98	41	60	62	28	12	33	73	83	59	32	51	78	84	45	69	95	95	54	56	44	18	62	89	3	49	44	40	28	93	21	27	31	64	48	35	5	28	66	45	99	95	48	12	52	37	96	28	38	64	61	55	13	48	83	92	64	84	64	96	20	37	59	40	1	41	52	66	55	79	60	90	14	3	45	24	93	14	92	89	
84	63	93	65	49	68	44	97	82	91	28	88	61	64	47	29	42	9	61	9	36	96	59	13	63	10	2	49	68	77	91	89	73	13	28	41	3	58	77	57	78	30	56	75	87	39	98	83	35	19	68	11	100	55	26	55	77	49	93	88	20	37	28	30	70	14	48	89	94	95	56	59	69	71	37	43	74	96	47	94	35	95	97	27	31	43	51	29	94	97	81	28	90	3	78	34	19	11	47	40	75	3	80	50	35	13	40	86	23	13	44	50	4	52	57	61	53	66	88	56	73	18	46	82	67	82	14	18	31	46	5	6	9	87	25	97	100	26	68	73	1	1	11	43	64	48	46	69	45	10	42	47	66	26	21	2	13	30	10	80	42	6	4	71	51	95	50	70	76	22	94	43	47	71	67	42	88	10	64	90	60	98	26	61	84	93	55	17	78	43	77	16	14	10	75	60	29	5	22	53	
39	89	28	21	39	53	30	96	92	99	16	39	85	55	34	39	24	82	47	23	71	18	54	49	78	78	28	9	43	94	29	60	83	52	42	93	92	42	59	53	31	17	59	75	27	21	19	32	38	71	49	94	66	24	40	6	37	60	2	98	62	47	25	86	5	46	5	32	65	74	47	36	41	87	64	6	4	57	92	8	12	20	16	80	48	19	43	73	74	19	95	61	31	21	65	36	23	79	64	98	56	21	36	4	13	38	37	19	70	10	22	49	79	4	31	79	83	23	40	66	94	95	55	22	77	16	6	62	56	58	58	14	59	62	61	79	68	95	29	16	71	52	98	94	72	69	75	40	37	95	56	39	92	77	30	66	83	85	49	11	8	14	42	8	75	6	56	51	1	95	62	100	12	23	11	78	50	87	18	3	35	52	1	28	47	13	30	90	53	31	94	15	93	87	80	27	61	6	23	74	
13	24	77	55	77	37	90	54	8	75	30	82	68	100	91	51	54	72	85	54	23	14	7	70	86	42	66	83	89	25	20	58	10	81	90	82	91	55	31	73	43	41	62	37	60	74	76	5	36	25	36	45	39	42	42	100	99	77	32	53	13	22	27	88	65	29	81	81	63	99	22	89	27	90	27	75	18	37	13	25	69	90	80	20	28	18	51	12	64	16	13	11	57	61	13	24	27	44	48	27	48	70	90	78	40	37	94	11	53	94	87	63	49	92	79	81	6	6	90	51	1	20	47	84	66	24	98	94	99	43	21	85	34	88	6	84	22	52	95	2	93	39	85	16	34	19	80	59	68	98	32	45	68	79	38	3	90	74	49	44	95	15	82	72	59	79	8	30	5	19	83	92	29	76	38	33	12	56	79	15	73	98	30	23	56	23	64	55	28	34	36	32	35	78	32	89	37	13	80	32	
42	35	91	21	79	22	90	91	82	57	56	85	37	81	79	21	70	20	13	96	57	23	64	24	67	97	90	82	5	45	3	66	78	34	7	49	34	41	36	89	5	77	48	32	90	35	1	64	22	37	97	33	25	63	66	90	41	60	84	17	93	3	32	67	1	46	77	17	61	89	13	16	16	31	50	46	90	65	69	97	3	65	92	9	89	16	29	46	5	43	78	27	13	45	50	78	7	59	56	34	74	66	61	11	86	19	11	24	4	2	48	8	63	11	21	33	67	45	60	85	42	28	64	57	71	81	67	74	23	55	1	85	40	16	45	61	2	19	39	11	54	66	81	31	36	1	71	72	87	99	7	67	12	27	94	58	31	86	67	49	40	40	24	68	12	21	73	54	14	29	22	38	86	41	100	21	7	93	56	62	17	67	95	30	25	82	7	76	52	63	11	59	92	60	43	48	11	41	96	49	
92	54	14	79	42	37	46	22	25	67	60	68	2	14	5	51	92	7	57	14	23	93	99	93	34	20	6	78	83	32	81	49	38	94	92	31	97	29	37	53	52	12	46	12	91	80	7	60	5	94	94	54	77	73	42	25	7	11	64	88	68	94	2	18	46	66	44	32	33	13	15	51	73	35	38	94	32	4	53	5	29	52	50	29	49	19	59	46	59	33	64	80	95	18	77	86	96	76	99	62	5	23	99	37	23	70	53	4	30	24	72	25	2	11	99	75	36	100	36	34	65	52	97	1	68	89	42	66	86	91	8	37	44	62	55	86	38	50	73	64	4	83	86	24	41	49	46	60	74	36	66	18	99	9	61	4	41	38	66	69	83	38	11	39	64	85	42	79	73	71	94	38	45	24	11	88	70	66	24	51	75	43	95	5	67	91	31	18	42	2	15	27	100	63	42	14	70	72	41	65	
8	54	63	22	22	43	52	64	23	16	72	78	72	57	56	69	41	1	59	55	25	12	52	25	59	31	11	22	8	71	81	85	36	36	97	66	26	10	42	43	8	21	65	56	95	21	46	77	39	99	16	63	2	31	1	99	49	32	63	99	53	91	73	65	44	71	68	9	7	23	78	12	19	52	51	15	69	28	37	50	18	5	70	60	33	11	27	47	87	71	36	64	88	52	66	99	26	58	52	67	99	7	12	75	13	10	94	2	24	29	70	44	84	76	82	45	74	10	67	68	84	67	27	9	21	84	69	85	51	14	46	83	65	45	8	50	48	13	10	94	40	67	79	83	36	20	7	71	69	91	32	85	74	18	9	21	67	59	63	17	31	57	76	63	76	32	1	49	53	48	30	46	15	4	16	86	91	46	96	76	49	21	3	54	89	81	32	84	5	32	72	16	36	67	93	11	26	47	10	85	
63	37	81	99	73	71	76	45	66	29	96	76	14	92	78	25	43	100	60	83	40	32	14	87	6	33	60	58	34	67	11	46	4	96	27	22	64	13	98	22	64	20	95	93	7	40	14	26	15	17	22	54	72	46	75	97	75	6	20	16	38	90	26	92	29	62	58	76	54	76	61	39	63	63	38	17	18	33	82	77	77	18	52	93	41	21	20	64	66	94	18	95	19	98	29	52	87	64	51	45	41	66	6	69	44	22	87	48	72	70	49	26	91	97	79	36	80	30	75	42	67	93	19	3	61	48	7	76	20	15	50	41	50	74	41	16	81	92	13	100	45	47	21	55	83	68	74	63	11	6	92	30	49	81	20	32	90	50	70	66	59	42	44	58	11	12	25	82	62	73	18	9	45	45	100	51	81	17	81	54	74	99	37	99	59	64	28	85	41	15	91	89	37	66	1	16	29	40	26	11	
52	10	74	88	79	27	17	73	33	74	49	35	62	99	16	17	80	81	55	37	6	25	99	28	61	28	85	41	84	57	28	27	18	5	60	49	32	2	50	76	87	95	43	46	52	93	99	21	4	20	15	61	89	52	87	19	84	17	2	21	25	67	89	99	99	61	89	77	50	53	21	8	84	34	93	47	50	53	80	80	74	90	96	52	100	75	92	73	96	87	38	15	30	82	47	86	87	81	32	99	59	56	42	48	50	49	63	8	25	44	26	41	30	95	8	42	35	63	47	73	43	24	9	68	70	98	46	25	80	71	10	60	47	98	61	26	97	33	55	85	34	81	83	40	6	29	79	54	79	25	46	18	65	13	16	50	90	70	92	24	85	71	57	46	7	49	23	14	25	79	50	59	38	12	63	56	79	29	2	76	9	21	30	48	77	22	3	9	72	45	17	12	79	88	75	71	89	51	16	39	
46	37	96	82	59	37	13	69	89	49	34	84	99	74	64	5	7	23	32	9	94	67	44	63	39	87	71	96	53	37	46	9	42	57	16	30	84	35	23	78	34	84	3	55	99	92	67	45	6	97	79	35	70	36	28	45	55	9	33	96	95	64	94	24	36	13	72	96	88	4	67	70	10	63	81	22	19	98	17	16	14	6	28	87	61	52	40	48	89	50	71	18	43	40	82	11	95	83	34	91	60	61	7	14	4	79	49	63	2	84	91	30	30	11	98	29	41	96	21	38	38	96	15	27	43	22	68	82	96	56	25	81	66	83	63	38	31	46	11	24	86	27	19	44	46	77	71	16	32	6	83	29	5	84	52	77	50	45	69	7	10	24	14	50	81	18	84	38	27	24	17	22	17	14	56	6	72	7	65	28	8	74	23	78	63	23	40	95	52	92	33	30	39	31	93	5	77	95	92	8	
11	79	66	55	17	82	66	30	72	52	80	53	45	66	1	2	98	46	89	36	55	52	96	76	80	51	47	81	65	31	49	43	6	26	65	28	97	65	75	47	77	67	29	98	13	72	39	30	39	91	54	12	55	76	63	33	8	18	20	72	13	62	42	4	19	4	87	82	75	5	64	88	9	12	20	72	45	90	73	32	89	99	73	90	60	52	96	25	64	28	86	28	76	49	30	21	8	39	69	27	56	61	83	56	52	4	92	11	11	76	97	95	11	64	32	70	35	26	2	93	36	28	22	41	38	37	78	100	74	62	42	38	99	56	65	44	64	29	52	36	48	97	47	91	12	94	54	55	55	6	79	27	82	18	43	88	7	8	3	97	3	40	32	19	18	49	71	55	52	81	25	59	11	43	37	54	25	95	7	18	59	56	20	86	51	5	10	34	14	93	37	92	93	48	97	66	70	37	38	65	
75	65	7	76	51	7	31	91	19	64	91	95	27	27	54	53	28	43	7	62	96	57	98	86	84	19	4	74	70	92	3	74	100	19	56	94	82	67	88	96	56	10	67	32	60	53	19	77	35	93	21	29	1	67	21	75	84	40	71	2	19	39	41	86	21	48	12	67	43	2	2	74	78	56	68	28	69	48	93	37	83	63	23	30	15	98	25	58	55	57	16	78	27	85	7	33	62	17	15	64	63	67	38	93	57	31	79	21	99	82	79	8	98	32	85	22	66	42	84	68	35	7	5	35	70	86	85	71	84	63	29	67	68	86	83	21	10	67	58	72	95	33	89	96	9	51	1	34	36	18	10	14	91	43	28	72	72	33	97	90	81	83	89	17	44	37	54	45	81	3	45	30	48	33	54	47	59	33	90	59	82	10	98	45	72	88	36	16	14	31	2	6	33	40	100	87	46	38	50	46	
7	54	85	71	86	45	30	11	70	33	37	85	82	23	83	20	49	69	31	19	46	7	86	96	37	65	100	84	100	10	86	9	50	39	6	61	57	61	7	94	47	79	98	20	80	58	78	83	34	44	8	76	39	24	82	14	57	89	81	39	81	31	78	89	91	74	97	30	96	97	15	95	98	91	12	44	1	37	71	31	87	9	21	41	20	10	28	18	38	60	92	68	80	17	5	93	71	87	29	42	20	56	78	38	61	79	81	33	75	45	36	42	29	70	22	63	38	40	51	37	92	1	1	62	86	40	20	97	17	29	26	7	33	1	18	60	84	4	81	7	14	28	71	45	56	25	92	16	98	64	14	55	82	40	72	10	29	87	9	83	54	70	19	50	48	30	94	10	68	66	19	75	77	44	71	53	82	19	95	46	41	38	79	76	73	79	27	25	25	90	70	13	41	74	66	76	44	73	19	56	
96	33	92	92	41	55	43	49	4	81	100	75	93	60	88	90	96	33	81	19	28	94	32	42	83	19	86	8	47	66	97	80	79	67	95	76	83	68	95	34	94	71	1	98	55	57	12	20	86	50	61	77	74	23	88	96	83	8	35	79	66	8	77	73	96	57	17	55	27	95	90	51	15	61	35	19	9	92	84	78	8	85	61	6	86	11	94	98	54	73	54	60	13	95	70	93	17	6	67	47	38	3	9	78	53	83	6	67	36	74	80	35	41	35	66	38	11	29	9	12	8	26	2	31	82	3	76	64	83	62	85	56	46	38	36	29	100	5	74	50	2	63	49	40	94	18	59	26	30	98	39	14	40	31	14	46	32	24	34	42	75	78	58	28	53	36	16	77	12	27	6	42	15	61	47	75	4	87	7	9	39	33	72	25	3	21	18	89	23	42	15	33	58	45	61	80	61	84	89	50	
33	64	63	15	51	58	40	83	78	82	5	1	8	11	61	69	11	70	47	94	35	11	62	15	57	52	43	78	31	34	50	16	89	90	87	99	9	78	1	31	78	78	58	95	1	40	79	8	23	52	82	3	18	64	1	37	66	30	84	70	79	39	64	69	95	4	79	16	33	10	6	38	89	90	16	100	77	36	47	55	91	79	78	31	42	84	20	65	20	33	59	97	44	85	73	89	24	76	84	76	43	18	87	23	66	23	6	45	100	10	30	63	96	26	42	40	29	26	49	36	71	49	97	84	43	44	13	29	64	4	38	21	50	31	42	75	49	79	89	15	29	33	98	57	30	66	94	37	44	15	61	49	64	78	70	3	38	75	79	80	80	13	42	99	31	34	85	71	73	66	16	17	50	97	82	53	46	40	40	32	77	88	9	36	86	8	43	94	83	47	39	60	45	85	17	61	74	77	33	49	
30	2	70	82	65	58	51	32	93	72	21	53	30	8	2	92	19	15	1	69	79	42	48	79	83	24	72	94	79	14	57	1	72	95	29	37	24	11	19	80	99	35	36	2	20	72	81	35	49	56	70	19	84	41	19	17	41	23	49	44	100	37	89	9	55	76	5	64	22	4	100	42	74	31	46	42	17	23	7	30	89	13	48	34	93	94	61	76	81	39	1	81	53	39	1	13	18	47	3	31	62	81	57	94	88	40	90	60	36	67	75	47	21	2	84	51	9	49	99	38	83	13	6	60	5	42	49	95	57	11	67	72	60	40	68	34	18	92	16	8	37	48	7	49	15	98	76	83	98	63	65	60	13	94	34	25	89	73	30	85	40	34	8	10	97	5	9	47	21	45	84	93	74	75	83	51	28	22	82	57	63	94	18	48	54	87	9	36	82	60	93	17	40	14	87	46	100	66	18	80	
51	41	90	24	55	85	6	45	68	29	69	3	94	58	39	76	90	69	88	56	67	92	1	72	82	16	66	49	78	48	70	24	81	67	50	81	84	63	79	56	45	24	63	87	28	61	51	74	74	28	88	19	40	95	62	74	75	14	7	67	83	45	47	98	28	25	14	96	48	70	47	86	21	33	53	77	65	37	80	51	4	29	32	19	3	84	47	66	98	61	25	61	43	94	99	76	13	43	64	78	58	34	76	41	56	66	51	85	34	68	42	73	38	93	68	37	12	36	38	87	2	85	14	12	56	2	65	38	7	91	36	46	22	94	45	60	7	20	64	15	23	1	63	17	57	46	42	33	30	49	16	98	17	17	93	26	64	19	1	72	40	91	1	77	96	29	14	30	5	65	30	14	88	17	39	99	17	96	97	58	49	35	61	43	3	73	6	17	95	12	64	71	67	51	27	16	59	82	59	25	
13	91	39	88	18	10	49	1	99	32	64	74	91	59	40	17	35	5	72	60	95	81	30	35	78	42	77	42	76	98	75	66	94	47	30	7	42	47	87	30	46	67	22	19	21	65	5	7	18	93	15	34	1	98	38	51	30	86	34	16	78	17	50	65	92	77	80	94	82	44	6	35	82	14	47	42	33	10	80	96	72	76	74	47	11	60	34	96	67	40	11	32	9	3	71	3	67	100	88	71	77	45	39	98	73	94	1	42	65	84	67	43	38	36	35	92	8	71	83	2	66	9	28	86	14	83	95	28	3	100	38	24	88	16	75	38	18	5	13	31	20	82	51	79	14	82	12	96	15	71	15	68	64	61	96	38	52	23	48	15	49	57	82	2	89	8	68	98	60	20	18	53	78	8	51	7	57	22	17	28	46	36	22	85	39	75	53	31	15	62	64	39	40	14	6	57	22	90	31	80	
80	10	8	100	22	62	74	1	55	46	62	49	98	96	33	42	96	24	53	1	6	95	21	93	34	93	28	42	23	8	50	3	66	15	29	35	60	62	10	77	5	53	54	20	28	16	28	56	23	76	4	53	16	100	30	94	64	31	89	3	62	92	15	67	41	35	72	78	69	67	49	86	61	48	75	54	86	39	83	29	29	82	95	91	72	16	53	69	98	23	14	31	12	59	15	24	50	55	80	88	53	15	84	41	18	95	20	28	52	67	93	24	96	28	7	1	26	49	13	85	9	11	23	10	70	79	55	54	43	65	30	46	62	18	46	36	63	64	85	8	3	94	71	22	62	82	48	57	56	98	42	31	30	41	95	96	17	99	74	6	1	22	56	94	77	67	22	19	30	52	57	52	79	12	66	13	24	10	14	23	23	25	86	33	54	83	77	20	64	99	49	72	81	43	61	78	91	49	80	52	
19	96	49	79	71	67	84	98	24	58	1	86	33	74	83	52	84	72	36	94	17	41	96	68	49	9	25	41	100	7	5	43	14	61	30	99	47	6	22	41	20	2	9	86	26	10	27	36	3	44	25	94	51	3	97	10	67	96	14	90	73	64	64	85	32	20	69	19	10	73	91	51	50	97	16	79	34	51	33	32	19	40	86	39	17	76	100	62	5	87	42	51	98	36	83	67	93	48	99	33	75	66	99	60	46	55	47	64	97	27	19	9	15	22	5	1	2	97	6	14	28	23	26	67	4	70	30	29	24	53	57	34	16	8	80	47	18	92	13	83	16	57	66	42	96	92	77	63	38	2	26	57	63	3	12	98	50	14	18	92	40	8	89	97	55	5	25	37	12	47	62	90	28	91	19	95	83	42	22	49	56	97	34	19	15	52	12	6	52	78	47	23	65	72	98	41	49	15	98	65	
63	17	6	88	53	3	30	80	38	83	56	67	45	23	6	87	43	1	21	45	12	24	92	31	28	55	39	27	6	65	45	6	23	83	89	68	98	36	33	94	93	96	21	60	35	93	18	82	24	1	95	96	40	18	78	24	18	14	20	3	8	6	19	61	50	88	79	82	73	74	15	33	92	28	75	74	94	50	69	8	97	67	1	54	98	4	27	1	36	19	97	91	50	58	46	91	1	43	61	92	91	22	62	62	82	22	84	57	1	9	3	68	27	41	35	62	31	84	60	12	86	10	67	24	95	73	20	54	36	98	82	5	41	16	9	19	82	85	38	45	62	86	59	65	26	52	61	38	77	67	56	39	82	73	62	88	59	80	32	14	100	28	87	59	5	90	79	11	63	64	68	63	1	78	83	15	87	31	6	12	64	27	35	73	74	93	45	17	37	47	14	22	90	15	81	28	24	71	46	32	
48	72	36	59	87	30	80	98	77	76	3	50	97	36	37	12	33	8	45	67	20	94	7	91	53	99	53	3	80	62	65	23	46	77	2	97	68	6	82	92	76	98	7	98	6	69	87	45	23	81	54	81	16	11	30	28	47	50	12	14	50	55	19	19	32	92	97	85	4	34	59	1	63	94	53	62	14	65	1	92	18	49	23	54	40	68	6	48	49	89	5	71	84	7	21	36	79	99	21	75	2	52	73	28	67	77	66	71	68	21	61	70	43	38	70	86	82	43	5	56	14	70	4	95	7	60	67	23	65	18	61	82	16	65	16	9	39	23	72	91	58	7	18	4	95	54	18	21	35	2	51	59	68	21	31	92	47	45	62	25	89	82	2	93	97	82	98	87	55	15	3	29	51	67	78	61	25	25	63	8	75	75	35	2	85	60	34	2	41	61	16	25	33	77	40	80	55	53	89	89	
36	1	15	31	95	70	46	26	32	70	17	4	97	23	16	57	6	52	1	48	81	91	77	72	4	92	99	94	71	40	15	52	58	65	17	21	12	60	44	73	50	70	94	78	80	68	45	50	48	7	31	28	71	2	95	18	57	63	57	13	27	89	34	24	78	74	75	100	28	52	78	77	97	8	60	88	67	27	66	44	42	34	25	38	23	42	24	73	67	20	7	61	90	71	13	47	80	95	26	95	80	44	54	12	82	16	24	81	89	84	48	98	22	37	86	40	3	44	42	2	83	79	70	73	60	98	30	51	9	80	80	92	43	2	98	8	83	87	96	82	82	57	98	29	47	65	20	59	52	88	39	66	2	87	97	41	85	75	40	89	70	20	48	55	2	42	47	29	74	47	22	85	49	15	81	58	95	32	69	86	71	88	73	44	82	34	11	79	34	58	2	25	60	33	97	67	88	51	43	22	
90	36	36	40	84	67	50	86	94	16	90	78	75	15	25	85	69	1	23	99	5	75	41	99	31	83	35	65	80	46	77	8	65	61	70	13	80	77	39	73	27	23	77	64	81	60	77	20	25	52	68	8	72	9	52	73	63	67	37	9	97	96	39	53	53	96	41	71	74	49	73	76	30	37	80	59	20	64	35	79	90	16	7	32	72	73	72	67	58	42	65	63	8	39	3	17	36	97	55	51	71	14	21	33	14	6	98	67	42	69	7	46	68	78	85	20	76	13	49	65	95	55	30	20	67	30	76	13	52	10	26	5	87	81	22	83	61	49	81	85	3	80	20	14	5	98	25	14	74	46	85	87	90	82	51	14	32	54	58	3	11	46	91	73	90	60	97	29	25	23	80	90	55	22	49	28	100	70	90	5	47	59	83	66	17	59	69	91	44	42	30	28	31	13	66	87	12	92	63	60	
23	19	73	29	4	83	30	89	12	45	86	57	32	31	98	100	8	37	39	1	55	73	75	4	66	56	28	82	80	84	86	66	55	93	48	32	47	76	87	20	93	10	93	85	75	59	80	39	37	60	32	16	74	84	85	26	15	35	15	17	4	6	84	29	64	68	54	10	64	90	74	95	32	68	46	28	33	100	8	3	58	1	12	24	15	9	73	35	100	41	88	32	82	55	88	80	62	11	62	78	21	87	45	73	18	62	94	74	66	85	76	25	82	100	71	97	64	29	95	38	28	54	29	54	23	51	13	43	99	75	28	75	48	86	45	86	38	68	43	22	59	62	78	43	14	73	84	10	91	9	49	60	79	68	84	15	33	58	30	49	70	7	28	35	42	78	79	74	94	99	40	7	67	21	78	15	84	28	39	64	90	14	37	89	64	21	39	8	44	42	59	40	47	24	42	66	47	60	15	70	
3	39	54	26	60	83	42	100	38	30	93	77	17	15	67	6	17	10	75	75	100	98	79	65	13	7	11	83	84	84	3	26	69	93	22	45	28	100	32	55	39	81	12	13	11	33	30	60	7	27	64	34	64	23	98	82	18	1	45	71	93	60	53	25	36	38	54	15	3	25	90	100	83	73	39	43	8	38	99	48	17	23	63	68	35	51	44	97	43	4	66	16	49	29	74	14	100	47	50	40	34	28	2	83	31	56	99	23	86	51	20	80	96	74	84	17	83	64	57	7	3	43	24	36	65	9	52	99	66	41	76	51	78	15	18	57	49	41	4	49	57	49	1	56	69	3	47	37	58	57	27	29	22	63	71	3	14	19	36	93	100	79	88	19	98	82	25	35	51	91	5	51	21	19	51	40	88	57	81	12	82	47	41	100	81	45	56	37	26	68	44	96	68	17	43	24	26	44	30	61	
6	94	22	59	64	99	40	77	89	72	97	76	96	69	52	97	44	80	95	22	75	21	63	24	12	43	74	32	90	50	3	40	60	63	67	29	28	71	25	47	19	76	54	7	99	72	57	83	59	12	33	60	70	19	5	2	21	46	16	82	32	13	83	43	95	32	51	63	4	25	66	70	3	71	20	54	15	99	19	53	80	21	22	21	71	28	70	1	12	69	43	16	10	78	42	93	5	43	83	17	57	64	88	59	46	58	43	55	91	14	15	71	56	62	63	29	62	4	11	91	100	65	53	98	18	80	10	75	41	19	76	81	23	97	56	73	59	45	85	15	62	24	65	50	69	54	41	78	96	87	74	78	39	43	65	20	87	54	69	76	86	37	10	31	20	58	33	56	92	29	14	89	48	19	95	88	12	73	58	48	96	96	32	4	62	94	22	65	30	93	55	32	52	19	26	75	34	98	58	52	
79	66	75	58	55	11	30	97	25	51	96	70	45	13	13	97	13	36	88	87	54	53	47	86	78	36	65	21	90	95	2	44	46	58	89	88	29	71	81	27	29	67	93	93	73	89	23	50	18	80	54	35	88	82	60	26	53	38	92	18	13	99	63	88	27	84	38	4	75	59	23	48	33	90	2	7	97	19	87	65	74	42	86	49	92	80	67	50	2	4	92	46	20	60	24	75	4	23	12	32	67	56	40	32	5	58	21	1	8	46	50	10	25	42	29	26	85	38	67	36	38	30	57	82	61	80	26	28	76	76	77	33	29	51	83	63	91	66	35	64	2	72	19	99	55	98	82	55	49	90	8	69	22	15	82	1	46	95	14	10	39	72	96	91	4	53	15	9	60	35	72	99	89	92	77	48	85	89	49	79	36	34	1	99	80	6	63	46	81	35	82	75	95	54	5	100	93	84	88	69	
97	77	93	37	56	99	31	94	42	6	53	78	66	51	15	61	46	8	40	17	3	92	86	70	28	82	64	90	50	56	52	45	64	74	14	40	4	9	79	66	84	85	90	1	2	63	46	46	44	43	93	1	1	64	53	61	94	85	4	63	93	59	8	28	8	63	17	52	11	42	93	69	47	22	99	90	42	57	18	56	73	80	40	29	46	22	92	13	80	92	31	53	12	64	73	44	54	52	85	37	87	56	96	51	6	14	85	85	37	83	41	60	81	38	67	7	56	21	72	46	24	46	34	5	82	92	5	75	51	81	33	88	96	81	51	85	99	34	2	72	43	75	79	68	12	92	68	50	45	89	38	97	96	49	74	6	43	70	36	19	43	27	41	14	53	18	98	43	56	40	54	26	54	57	47	28	47	45	32	42	70	11	17	37	59	46	9	44	16	46	35	39	37	13	33	81	3	3	25	36	
48	54	90	28	23	96	13	26	57	73	57	92	85	94	1	21	84	61	67	55	49	10	22	68	64	99	45	59	57	87	67	23	1	10	4	9	59	91	29	99	17	36	72	3	91	22	56	24	28	11	83	1	29	73	46	85	54	64	65	63	5	37	67	49	90	68	54	84	89	61	19	73	12	72	87	68	35	5	78	31	74	56	24	51	84	40	100	84	71	85	60	24	18	12	11	78	22	62	65	16	58	43	4	78	9	59	34	40	44	65	50	47	66	99	68	33	46	50	60	22	88	62	16	41	16	43	87	48	78	23	29	96	35	34	21	67	68	91	30	29	79	21	79	40	45	16	34	21	84	12	34	94	71	80	20	94	17	37	32	78	82	47	61	46	63	60	45	62	54	64	97	68	13	90	50	5	20	62	39	55	44	5	69	48	9	61	52	19	1	79	41	57	92	16	80	82	30	44	89	30	
69	33	85	15	60	31	37	18	34	6	91	82	41	19	41	4	37	95	84	52	99	30	26	55	65	13	95	78	32	2	99	42	11	24	25	24	88	79	16	80	77	9	8	70	79	83	62	19	46	51	11	41	34	13	51	75	42	43	55	20	86	30	17	81	8	65	39	3	87	76	100	83	73	97	28	27	66	47	75	79	92	30	91	30	14	99	25	54	80	48	24	37	8	38	65	86	54	11	28	87	77	74	81	84	87	62	88	16	62	45	74	98	83	56	86	1	38	31	40	94	16	18	8	16	65	2	81	86	15	97	51	81	34	60	100	64	17	25	26	82	3	26	84	48	2	29	61	93	1	16	8	90	14	51	56	6	94	84	13	57	44	49	80	58	49	85	97	80	5	72	26	75	68	29	34	24	94	61	40	84	41	94	43	12	87	12	59	86	32	100	16	47	25	6	88	67	68	25	1	91	
80	26	18	15	2	77	93	75	9	12	11	52	63	99	66	27	28	46	58	62	48	10	54	96	21	66	29	3	1	92	42	69	77	23	34	17	79	56	39	75	73	17	81	63	66	54	58	26	15	88	21	82	35	74	24	2	60	88	16	50	28	95	62	41	95	83	56	27	9	39	8	99	26	53	22	97	4	97	10	58	24	92	67	33	78	10	20	41	73	45	25	89	44	71	91	92	1	87	29	87	90	93	44	45	25	61	6	45	55	8	41	61	63	65	83	18	36	42	68	45	75	46	80	9	16	98	22	45	18	56	83	51	21	100	78	83	35	15	54	34	56	14	78	12	86	87	50	18	40	12	88	77	61	88	59	9	62	45	38	36	81	6	34	91	75	17	53	95	10	31	67	94	61	61	85	72	19	14	51	61	89	85	26	15	86	85	12	13	27	73	80	3	77	40	100	36	77	78	6	24	
37	64	33	64	17	20	66	77	81	73	78	86	57	45	62	44	49	47	68	5	65	90	4	81	19	99	10	77	31	55	30	87	90	21	40	42	85	67	80	30	7	21	83	54	70	67	87	61	23	95	46	84	39	83	48	9	79	81	45	22	43	36	41	74	5	36	9	26	100	42	2	71	61	40	85	5	10	60	71	93	20	16	45	59	6	31	27	58	44	18	34	96	78	31	17	8	93	15	23	84	84	22	59	69	97	79	84	61	86	50	16	26	38	44	21	60	29	75	34	60	38	36	47	19	9	8	83	86	57	73	63	85	67	64	83	19	94	60	18	31	2	37	4	21	34	79	21	64	65	18	25	100	58	46	86	4	7	81	22	84	48	42	75	58	15	43	56	11	36	38	39	75	89	55	57	56	39	83	10	10	4	43	27	94	32	67	66	15	84	13	45	94	78	55	23	95	26	65	51	72	
62	97	2	34	18	13	5	30	44	95	10	31	55	65	49	85	67	75	41	2	87	44	94	26	65	4	47	32	59	17	41	6	53	19	46	81	14	50	10	59	14	33	92	90	13	43	90	71	3	90	88	50	34	28	25	9	72	6	53	49	89	3	98	25	21	6	85	88	84	20	61	84	9	1	65	25	49	22	30	28	46	58	98	76	39	23	88	45	29	89	94	54	30	65	4	99	59	30	76	59	96	13	69	95	100	68	22	2	38	48	81	97	31	64	10	84	100	49	18	7	18	63	18	82	39	83	61	38	49	59	91	99	68	17	35	94	51	59	27	77	42	93	52	41	28	72	13	85	61	30	47	4	62	85	10	52	13	26	30	58	19	19	24	11	47	88	63	86	75	51	41	17	22	77	66	2	78	39	89	70	35	19	34	77	31	59	51	69	62	68	15	53	14	22	53	6	55	55	49	67	
96	90	82	14	27	57	74	81	67	39	99	85	86	15	98	15	91	78	72	97	34	57	28	92	57	9	1	10	24	43	68	9	49	64	34	82	49	4	23	84	93	24	98	74	68	75	33	80	97	22	72	87	68	53	34	89	22	48	84	54	7	24	16	90	53	90	95	76	67	43	89	39	15	23	38	54	27	8	71	84	18	16	56	78	76	9	20	52	81	93	83	25	72	56	63	51	21	83	75	74	52	31	61	95	26	95	52	19	50	13	92	33	46	29	67	4	5	79	92	20	5	64	92	85	23	87	49	68	41	45	66	34	91	25	15	60	59	64	94	50	29	34	15	64	33	30	53	16	55	11	99	39	16	19	77	60	15	70	9	23	37	46	94	25	86	94	22	50	56	77	12	19	78	6	24	59	44	63	49	40	59	8	42	65	77	29	26	71	52	59	21	40	41	77	50	12	74	99	56	56	
95	30	55	27	14	13	39	94	6	43	27	91	27	36	84	99	90	4	54	22	67	98	91	44	66	46	24	30	21	60	64	2	97	18	27	85	73	69	42	85	47	45	29	38	74	96	2	54	79	69	92	50	34	26	36	15	86	11	55	79	58	6	3	92	90	44	29	25	76	73	85	65	59	30	6	54	3	31	78	80	73	42	21	29	29	96	77	59	93	94	64	67	30	61	29	89	65	84	57	36	14	76	70	54	68	29	95	39	73	10	13	55	11	52	58	81	74	89	16	64	13	85	13	38	72	96	81	43	4	85	35	2	30	26	54	18	27	94	34	55	30	15	28	22	94	18	81	88	86	7	76	64	30	75	46	25	47	86	63	7	5	69	39	98	41	14	42	32	35	81	87	9	26	39	58	82	34	14	52	73	43	51	41	45	22	22	95	50	56	32	27	30	1	65	60	16	61	84	26	89	
100	13	11	18	18	91	8	17	97	24	44	68	95	76	24	88	65	87	80	45	4	74	57	29	86	7	5	65	65	72	90	39	6	69	6	62	80	3	20	46	45	75	78	42	96	13	10	24	99	66	21	64	68	58	97	8	57	53	47	6	46	6	83	66	89	18	86	23	1	85	92	43	25	51	84	22	64	41	31	58	46	26	75	79	64	96	21	74	51	3	12	11	71	62	72	24	72	41	48	46	22	47	71	56	73	16	2	11	64	94	100	85	24	36	72	7	50	15	8	15	31	8	83	45	91	82	85	22	49	15	64	72	29	82	34	31	77	50	55	9	68	6	26	22	38	88	10	94	76	1	88	15	19	59	94	38	36	4	36	90	93	80	37	26	14	40	3	11	86	61	29	85	63	76	22	37	76	1	2	70	89	67	51	79	1	82	66	21	89	78	65	18	15	75	84	98	15	75	88	54	
35	31	66	91	100	15	21	61	65	70	100	12	90	56	84	4	20	13	14	48	78	61	98	100	15	89	34	3	98	79	36	32	61	8	39	43	74	71	25	52	52	30	58	12	36	55	67	18	57	50	64	94	95	12	58	79	98	17	92	77	10	28	7	77	49	80	8	76	62	16	4	63	52	13	71	78	2	94	76	2	94	25	52	67	18	11	81	85	58	40	25	11	81	21	59	88	53	88	74	82	81	18	14	44	1	71	93	54	4	40	45	34	86	48	95	14	2	29	37	23	20	3	16	62	58	82	3	59	57	62	2	43	79	3	56	2	42	29	30	68	8	94	66	75	20	47	76	68	8	19	47	84	48	27	58	28	19	84	85	15	39	15	2	8	83	49	80	23	56	49	67	65	82	35	81	20	93	47	99	12	89	83	4	6	28	73	22	53	16	60	35	48	49	92	69	89	64	65	65	46	
70	92	33	44	79	3	7	45	18	31	82	63	63	89	93	67	74	49	1	40	45	53	85	24	53	15	2	93	61	17	97	73	51	80	22	88	99	60	35	97	74	92	88	45	27	46	4	55	28	100	38	38	41	89	45	31	9	84	57	67	56	39	54	57	73	17	73	98	20	96	72	40	65	83	12	21	32	53	69	38	2	30	9	33	46	85	22	81	88	22	78	29	28	84	81	48	23	89	26	70	24	33	32	18	1	52	39	66	83	67	47	81	27	97	33	28	63	33	48	1	82	94	57	86	7	57	80	62	49	24	72	75	21	26	14	37	93	34	15	6	94	21	100	64	57	68	63	45	27	48	8	35	3	61	79	14	33	35	87	29	59	97	36	15	49	15	85	15	51	2	8	9	41	97	30	87	34	1	60	31	78	96	32	11	66	41	65	11	24	60	47	81	11	38	21	14	78	66	28	95	
29	45	67	14	53	38	16	5	99	30	78	47	1	66	70	28	35	36	96	48	86	18	94	25	34	31	95	81	64	38	81	10	3	20	99	37	42	46	9	60	29	26	10	89	74	69	49	57	94	89	60	84	18	88	60	48	78	14	94	17	84	28	27	24	55	70	28	74	79	11	85	33	4	89	89	7	17	3	61	25	74	84	36	96	2	31	89	90	35	56	34	46	35	25	90	33	23	92	47	17	80	65	48	62	11	98	85	81	86	79	21	83	19	47	89	71	49	98	7	63	51	71	66	59	18	98	20	78	1	65	19	79	79	84	78	4	52	15	28	26	66	100	23	21	52	48	7	36	31	62	20	95	71	30	51	59	51	67	77	2	20	46	99	78	46	26	43	14	33	35	33	14	42	97	1	1	67	70	47	19	86	52	43	95	71	99	71	7	65	100	41	58	56	88	88	79	36	49	14	72	
67	70	85	17	17	55	92	94	9	19	76	31	45	76	62	89	14	11	14	83	97	3	44	92	45	22	99	21	72	13	12	15	57	28	94	52	7	54	81	76	46	91	86	82	54	30	41	25	21	29	16	47	31	62	16	55	36	29	47	83	4	48	16	26	64	80	16	46	98	25	90	50	22	79	56	41	90	3	16	38	23	58	25	44	29	84	25	95	44	10	84	23	16	67	24	79	26	53	98	82	83	78	39	89	43	94	16	31	24	83	55	40	44	91	96	45	40	57	49	17	79	22	42	65	4	29	14	43	56	50	99	68	40	48	12	21	41	64	22	22	75	64	21	98	66	11	46	6	69	95	38	58	69	1	4	64	7	33	19	14	19	23	18	95	73	49	3	95	93	100	72	94	16	98	5	57	45	42	60	95	43	70	6	95	79	84	71	68	6	36	70	66	97	15	39	43	70	78	55	87	
35	76	62	4	94	25	77	36	20	81	61	23	3	10	73	28	57	19	64	93	20	17	20	98	85	51	45	29	17	20	33	68	52	81	63	42	91	18	37	75	71	14	46	69	96	32	15	53	46	17	30	77	74	4	2	96	89	60	84	95	96	67	3	59	74	28	81	13	44	22	36	22	29	87	83	50	64	16	98	20	72	36	89	11	44	16	79	71	63	100	62	60	43	1	55	76	67	23	51	5	52	73	64	3	64	72	34	36	41	36	83	6	46	12	9	56	94	30	15	57	14	62	96	26	95	47	5	14	69	69	55	12	45	2	86	34	28	33	94	38	20	57	52	66	23	65	7	92	35	55	40	8	64	27	7	51	65	55	98	56	32	91	15	35	30	95	80	14	23	42	79	80	47	65	24	36	39	16	58	83	92	42	59	4	80	79	17	19	11	73	85	75	10	41	9	20	92	50	66	34	
38	40	80	89	83	37	51	51	5	50	92	24	62	33	40	88	29	85	10	6	89	87	78	48	60	49	19	47	23	49	20	42	57	70	6	73	78	86	79	95	23	99	1	94	84	82	80	67	86	73	64	75	41	3	69	37	82	43	35	25	50	36	88	15	40	20	74	66	15	48	79	11	73	60	48	93	82	99	38	55	44	86	65	6	9	11	12	10	98	13	74	88	24	70	47	69	44	58	90	67	45	16	90	49	48	69	19	1	49	20	68	29	77	94	51	25	18	66	98	46	82	82	92	52	54	65	98	73	3	54	98	92	16	29	87	79	72	30	18	88	47	68	48	11	65	65	84	55	58	51	80	85	55	67	70	47	78	17	40	1	55	31	37	15	26	50	32	64	38	6	26	5	92	42	99	25	55	2	81	17	65	18	61	63	62	34	38	90	63	70	34	13	39	98	4	64	41	73	60	50	
28	37	48	31	43	2	15	87	14	58	47	49	39	33	57	8	93	37	42	76	64	51	39	15	62	71	73	41	59	88	5	66	21	79	65	25	40	2	62	99	45	29	75	3	87	5	50	2	64	3	52	50	48	45	86	26	27	14	85	38	9	23	23	18	58	15	63	17	50	69	55	17	71	21	42	69	84	85	49	25	44	62	59	90	11	78	80	22	86	52	79	40	60	14	27	23	8	63	22	32	25	50	8	44	46	75	80	71	46	7	74	79	71	54	1	92	59	94	76	42	12	48	77	61	18	20	25	84	47	41	82	68	34	61	50	21	13	53	81	10	76	63	7	46	7	84	98	38	3	3	67	55	62	92	15	85	15	12	80	64	41	59	24	57	37	16	54	7	81	43	24	75	69	83	35	44	7	50	48	59	79	39	26	80	45	82	19	23	89	35	3	78	75	31	96	96	41	17	52	12	
66	89	52	11	60	26	18	72	20	18	24	15	38	74	94	68	40	61	61	88	8	99	5	66	32	58	35	13	69	3	19	67	18	89	82	42	17	10	2	86	99	69	62	22	82	35	36	99	53	57	59	66	92	88	11	15	43	14	56	9	82	70	26	80	94	68	58	75	87	99	10	89	72	72	38	82	98	18	88	98	56	41	47	54	97	92	91	45	72	69	9	54	59	96	76	16	51	64	39	15	8	4	88	40	69	40	59	72	60	71	63	54	16	55	34	16	26	37	83	33	96	57	63	38	21	59	14	10	37	78	55	50	21	93	18	64	85	16	88	94	68	45	36	6	92	55	38	40	75	59	98	4	97	24	43	29	71	34	33	93	35	61	23	6	84	56	16	77	69	3	71	57	5	45	75	43	33	61	69	46	34	62	84	25	80	6	86	69	9	87	30	97	28	30	6	21	68	48	61	78	
85	16	70	23	88	69	19	34	93	53	49	51	16	90	8	90	62	38	83	12	62	46	41	79	2	44	75	57	88	87	76	21	65	35	26	67	55	11	57	47	97	5	9	40	88	100	15	68	49	75	80	83	67	9	34	99	57	9	88	98	89	91	28	16	99	38	35	87	41	84	1	43	77	46	100	58	22	97	50	40	88	69	57	25	4	60	45	97	26	83	56	71	43	19	33	90	27	72	63	14	90	80	89	28	45	37	68	87	74	69	11	79	32	55	36	98	30	44	98	30	15	56	38	77	35	52	74	91	58	96	49	45	84	1	40	65	61	55	86	76	8	27	31	69	35	58	3	75	91	8	77	36	90	61	27	74	3	1	35	83	31	88	92	19	81	99	27	31	66	37	83	21	66	1	27	94	74	23	29	66	74	50	52	51	46	8	31	96	51	70	95	18	59	48	16	85	31	55	51	1	
80	19	2	83	66	80	25	62	44	17	10	7	90	74	74	89	11	38	60	25	25	16	75	41	84	23	2	79	55	39	43	95	93	36	7	45	33	16	6	17	70	37	30	76	7	29	22	98	1	12	14	92	36	96	92	44	85	49	75	96	29	9	60	62	79	52	55	39	1	54	58	81	76	7	80	20	28	83	52	62	4	61	21	30	47	53	3	64	6	43	5	28	71	73	70	45	1	70	20	70	93	39	80	93	10	95	98	99	36	91	6	25	6	6	18	64	98	15	63	49	71	98	2	67	2	88	46	9	57	87	90	89	12	16	12	18	30	11	7	1	19	48	62	95	55	51	3	59	8	23	52	60	37	19	51	9	94	99	24	96	47	9	66	22	94	70	58	25	20	23	73	62	97	35	74	85	58	65	12	9	98	21	2	54	69	82	6	76	99	34	61	62	11	55	31	78	43	26	70	92	
78	51	82	7	6	18	51	32	96	89	85	68	12	31	40	45	13	63	11	58	54	46	20	45	60	93	45	42	25	14	61	97	55	2	92	65	99	87	88	89	87	46	64	64	46	36	83	22	37	74	11	44	7	34	25	60	18	16	77	37	82	61	99	19	20	19	65	79	71	69	29	35	92	28	67	52	48	49	97	45	72	70	18	31	65	74	18	18	70	32	95	65	12	45	48	50	44	64	27	11	74	42	36	21	42	56	32	7	66	32	92	46	83	79	10	14	39	61	65	16	15	42	26	56	51	39	85	49	27	74	8	38	34	8	88	25	47	99	76	88	47	8	20	38	40	80	67	98	77	52	73	10	98	78	81	70	57	8	58	69	16	15	9	73	90	39	94	28	94	27	56	95	19	91	47	47	66	70	69	34	44	53	20	40	78	85	78	51	84	28	39	92	31	9	83	8	55	74	94	83	
15	89	6	53	80	90	5	26	92	70	31	73	23	30	11	63	61	16	66	25	18	53	37	16	27	35	20	77	23	51	51	19	12	46	12	68	42	85	39	92	20	82	70	11	67	22	15	52	5	81	91	44	41	5	62	79	47	23	27	69	62	47	45	67	91	51	93	40	8	98	36	60	27	86	23	82	42	76	22	44	91	81	65	44	8	9	3	12	9	68	66	42	44	92	98	55	82	17	15	13	69	39	16	27	47	39	45	67	18	85	30	18	29	27	14	55	14	49	60	98	68	31	57	39	59	66	87	60	29	78	69	97	94	90	77	100	4	39	64	15	84	35	95	58	8	85	55	4	36	60	10	56	83	15	12	31	75	48	1	50	91	67	53	9	16	29	57	97	39	13	24	3	63	91	29	68	73	27	78	96	86	13	95	46	97	62	65	13	9	80	33	67	26	35	56	34	78	81	13	93	
81	93	20	31	43	34	35	66	87	59	72	78	24	87	21	1	92	55	40	49	55	1	61	33	64	17	100	33	4	15	17	17	44	61	1	100	64	43	53	87	22	3	77	52	13	100	32	21	35	98	51	43	17	32	65	6	32	7	28	67	22	48	4	52	78	66	39	21	17	91	39	72	10	100	11	79	30	20	65	6	91	24	70	63	79	37	19	10	47	82	48	21	92	39	54	61	42	18	82	9	42	83	23	31	66	92	68	12	99	74	49	65	5	82	91	82	40	64	13	17	64	30	63	82	68	2	90	79	22	39	22	96	71	14	61	58	62	16	30	19	48	3	71	69	64	55	62	97	90	37	98	83	77	82	74	57	52	2	6	49	99	75	9	44	81	50	98	11	95	54	8	79	58	75	57	55	78	84	32	29	12	45	75	94	11	79	65	49	39	82	99	83	24	78	52	22	19	40	75	17	
89	46	70	58	62	66	76	12	8	94	64	15	56	92	93	12	58	29	69	99	93	81	98	73	77	17	28	41	30	6	86	91	46	96	39	37	29	98	87	27	4	52	38	73	86	28	69	79	63	77	37	53	96	55	57	84	49	54	88	92	11	84	25	59	80	96	100	31	35	31	1	82	6	79	84	54	20	19	43	42	75	76	52	72	13	2	29	93	64	91	79	18	35	7	17	69	99	78	30	30	69	42	100	64	26	77	79	27	9	18	81	13	84	18	43	40	31	78	94	17	61	41	3	73	21	87	82	68	63	43	15	49	80	51	88	46	85	19	75	59	27	61	30	1	27	67	92	24	61	19	78	15	82	9	41	11	67	22	42	86	50	91	36	79	37	34	80	38	57	61	44	75	7	43	56	15	39	20	26	73	26	78	89	10	31	37	20	46	8	95	12	59	49	64	16	6	14	64	43	15	
42	87	54	87	54	63	47	79	12	57	39	16	34	43	54	95	67	87	76	79	13	26	22	71	22	98	50	86	97	38	96	45	47	28	74	88	94	91	17	96	10	80	15	36	21	70	55	56	50	73	91	7	90	37	18	61	22	71	96	42	28	40	70	4	88	28	89	72	80	83	20	31	4	91	71	80	1	4	10	97	7	98	83	38	23	94	28	86	32	36	75	84	81	45	14	5	28	98	95	10	16	71	52	48	21	30	38	94	61	9	20	16	52	43	28	72	14	70	34	93	96	95	12	62	31	97	51	84	71	65	82	74	20	56	59	86	10	77	46	94	58	79	51	4	7	70	15	43	27	51	81	12	74	41	57	29	70	21	71	53	5	72	74	40	13	59	29	62	3	30	96	92	29	48	66	56	4	48	39	24	50	2	88	83	59	14	100	67	98	35	69	52	42	6	13	79	40	63	28	41	
50	7	95	91	41	37	62	92	40	63	52	81	28	1	59	74	41	6	60	9	43	19	53	92	27	40	60	5	13	57	40	92	75	80	20	48	11	43	22	29	56	22	75	6	29	92	52	37	50	54	89	36	77	81	59	8	54	3	87	1	32	13	82	57	46	18	25	41	16	64	26	61	96	20	1	68	9	58	19	82	3	34	53	38	19	19	78	53	15	11	35	46	57	30	76	7	65	90	70	25	3	21	67	35	2	66	3	58	4	21	32	50	77	88	72	10	46	3	25	26	38	96	98	88	92	41	14	15	3	20	1	6	94	6	9	4	52	60	25	38	28	14	59	64	51	47	85	29	74	9	70	31	57	11	29	16	53	1	82	46	85	33	77	93	40	8	79	65	99	44	64	57	74	75	81	81	62	11	43	96	96	32	67	36	100	9	51	16	84	4	61	27	50	64	69	92	53	29	43	65	
63	100	24	94	100	9	41	51	70	67	3	77	62	96	87	23	83	42	80	76	100	2	54	95	33	51	31	15	84	63	79	44	49	46	45	14	91	26	80	99	88	61	29	25	96	31	13	50	64	66	6	11	4	60	96	74	83	70	33	94	18	100	7	26	65	57	52	53	64	61	58	75	2	95	49	100	92	78	27	48	100	81	99	99	73	58	28	8	80	29	30	17	9	50	3	98	87	63	46	37	53	92	87	5	13	83	90	31	41	67	90	90	50	7	72	29	32	38	89	64	52	17	50	59	47	85	32	33	14	87	46	43	17	94	62	7	13	15	47	36	19	33	51	7	65	78	15	71	3	94	57	75	52	67	70	53	15	32	10	51	75	53	11	18	41	19	61	99	81	56	57	90	75	97	76	13	83	6	85	29	59	91	76	81	88	92	33	34	51	47	13	9	2	26	23	87	13	2	57	83	
89	64	50	92	72	30	48	22	100	98	85	33	63	97	95	14	41	99	99	17	32	80	96	63	53	40	53	10	9	56	8	11	68	93	29	70	71	30	14	76	39	79	47	25	43	56	99	64	51	36	25	42	31	45	49	87	55	55	36	86	69	52	33	93	46	70	86	11	18	15	86	55	29	7	17	50	74	16	14	89	88	82	57	4	3	21	45	62	91	36	52	44	100	27	46	51	25	36	47	15	45	37	98	28	30	85	74	86	38	59	50	70	45	8	33	87	24	75	73	19	23	99	14	80	45	75	54	58	19	54	95	70	37	84	45	81	26	70	86	4	84	35	67	33	55	17	12	34	1	99	8	48	2	22	21	1	32	14	34	87	63	61	19	9	6	26	42	23	55	54	85	8	18	94	2	68	19	43	93	80	22	52	2	3	82	43	68	5	12	70	89	55	23	61	56	95	48	38	100	91	
62	52	21	26	90	18	64	96	100	93	29	89	79	54	76	85	84	53	57	2	84	64	95	91	10	26	3	74	86	22	29	66	24	10	59	3	26	79	56	77	47	57	44	31	45	46	61	41	72	15	58	44	36	42	52	52	62	29	89	11	99	100	55	23	39	58	95	21	23	7	94	75	56	81	5	74	68	56	76	95	95	67	57	60	19	100	6	93	46	60	82	23	13	95	70	1	96	86	45	9	31	91	62	66	10	49	49	67	66	63	70	92	69	3	97	9	34	79	30	1	48	74	18	32	62	40	58	30	36	69	14	36	32	13	38	22	30	9	63	36	85	87	77	19	98	40	80	33	35	24	58	1	6	42	71	82	10	34	39	26	52	3	89	39	52	67	36	4	11	60	10	54	15	18	25	35	53	53	75	93	9	16	13	23	37	97	95	40	53	6	14	10	79	40	41	50	21	11	1	5	
47	88	8	60	19	12	87	38	30	57	11	84	89	70	31	67	95	86	1	12	96	99	9	58	88	81	8	52	67	42	50	52	33	1	80	80	85	14	94	72	5	67	85	13	23	9	70	26	99	53	97	96	66	33	40	13	96	72	74	5	65	22	12	56	68	71	39	59	64	71	41	31	80	93	35	85	57	58	85	90	44	26	26	96	17	75	52	16	42	1	98	84	59	21	55	61	36	26	96	82	80	67	9	45	80	11	44	49	69	17	66	24	7	97	90	83	42	80	85	72	15	6	92	14	25	89	3	49	93	76	10	19	78	57	36	84	58	23	7	90	15	29	2	14	56	1	64	93	83	96	69	50	49	86	53	46	51	87	26	66	15	48	41	8	60	30	87	76	77	55	13	56	49	40	36	14	40	87	48	38	69	67	15	81	75	100	33	39	47	38	2	43	9	8	95	31	45	97	11	79	
9	86	50	49	44	48	42	93	17	52	8	19	49	14	1	7	8	44	84	42	96	24	61	15	10	68	9	43	96	93	60	18	93	42	96	49	78	33	77	76	19	76	68	56	84	77	48	17	74	17	59	57	33	16	9	5	62	96	98	84	77	58	43	7	63	66	63	24	87	22	81	19	78	93	58	26	25	96	47	70	97	19	73	49	80	70	53	23	54	61	49	65	67	29	26	98	88	86	40	3	14	72	74	99	42	8	95	40	83	31	59	85	10	3	81	54	75	80	40	40	49	1	40	100	89	70	11	70	100	86	39	43	82	44	81	48	19	37	5	93	39	59	20	19	32	55	41	35	31	47	16	91	99	50	5	85	75	63	52	15	56	80	22	45	16	53	3	91	62	29	39	19	22	42	36	56	20	65	8	47	42	34	37	2	15	89	77	91	72	5	93	15	24	42	57	44	84	17	24	73	
82	87	43	52	48	100	22	1	79	70	54	86	69	60	25	56	91	1	25	50	34	36	60	23	13	65	35	41	12	66	93	95	22	91	1	25	47	19	16	79	97	16	26	31	92	23	95	72	76	46	86	67	86	72	8	91	90	8	45	48	64	3	99	11	25	65	20	6	61	32	70	88	93	12	88	49	88	85	76	93	68	50	33	19	6	44	28	35	8	54	21	39	17	22	8	69	14	91	4	64	90	7	2	95	6	14	15	40	38	57	42	71	24	40	83	70	78	13	34	91	57	22	8	28	82	20	46	7	79	37	72	27	47	49	6	42	19	46	69	80	15	97	46	23	91	31	59	61	88	9	15	67	75	91	72	33	53	61	3	48	80	80	21	37	6	47	41	93	83	87	80	74	17	67	38	38	86	94	95	93	66	21	65	99	95	42	58	45	9	99	40	75	13	84	49	20	41	37	4	89	
92	15	12	15	67	97	22	62	17	77	19	29	68	30	43	50	48	48	13	37	36	16	83	75	46	15	53	25	82	88	20	12	48	6	55	23	93	44	87	39	87	71	71	20	42	13	7	77	55	37	54	97	99	8	60	63	55	6	69	24	28	98	89	27	4	52	23	3	46	43	24	57	10	24	71	50	63	65	2	34	84	40	14	94	78	20	13	17	62	59	41	32	94	17	63	9	78	29	29	67	21	38	1	48	4	42	82	24	11	76	44	57	14	32	89	19	58	42	8	1	82	56	89	87	2	48	91	28	88	10	96	41	61	80	34	75	24	94	39	37	2	36	99	18	15	37	24	23	92	66	9	53	9	36	74	77	11	19	89	41	22	21	85	43	25	59	95	79	54	46	7	48	54	18	22	35	91	64	11	22	90	63	13	39	24	72	2	98	29	81	45	45	90	11	69	19	63	16	26	43	
45	89	79	62	5	3	36	54	51	45	77	11	96	50	56	44	67	54	58	98	4	97	98	73	25	42	57	6	12	20	59	47	75	86	32	26	31	5	50	3	69	26	84	56	58	28	29	35	26	35	12	41	29	61	71	23	49	3	33	85	3	9	79	56	94	28	86	31	97	86	25	78	98	86	6	30	48	35	91	76	19	51	67	56	65	15	33	26	33	10	7	66	95	31	95	23	59	38	28	59	53	37	17	12	71	8	72	68	39	63	58	46	50	19	17	50	28	99	10	77	2	94	97	59	93	55	73	35	19	31	91	14	46	58	91	58	11	25	98	26	8	15	78	95	35	15	57	6	19	22	73	9	44	79	40	93	18	9	39	8	45	37	43	67	58	5	61	53	13	67	27	4	71	28	30	96	52	68	33	3	54	1	85	48	56	33	91	58	60	37	13	85	3	13	42	3	64	18	69	19	
99	74	84	96	9	58	26	80	96	49	63	58	63	1	15	1	37	14	26	44	2	3	16	83	97	72	62	68	70	81	8	27	87	52	67	75	49	35	75	89	78	81	80	33	44	16	64	17	67	74	22	72	77	36	70	11	29	60	27	55	6	84	55	40	17	8	36	1	76	47	24	38	58	83	44	50	8	28	50	29	74	66	97	50	20	67	77	97	46	91	100	6	76	10	8	68	94	94	62	50	79	32	60	52	51	75	59	12	64	76	11	7	81	18	44	48	53	31	97	96	89	77	55	5	97	2	90	42	98	20	4	53	63	49	75	15	47	86	41	14	83	49	46	73	30	26	37	84	81	94	90	16	81	37	13	40	41	6	52	60	16	6	25	58	60	71	74	69	29	95	97	24	44	37	42	23	76	76	21	15	80	58	39	95	77	97	4	10	58	16	95	42	88	47	85	92	21	64	96	47	
6	30	14	94	25	15	58	48	36	7	16	76	47	70	72	18	56	88	29	71	85	70	65	5	39	11	67	79	46	13	65	72	48	88	87	34	94	43	75	70	13	27	14	90	83	42	94	10	61	36	49	5	46	64	96	49	8	5	100	48	76	66	61	98	71	83	70	43	61	28	70	31	53	28	86	47	93	63	37	10	4	19	56	41	52	37	70	3	22	89	64	23	63	2	11	54	81	17	87	79	90	74	58	37	95	6	79	21	85	32	12	49	18	49	37	30	36	34	5	29	8	67	5	90	82	42	60	78	82	58	53	18	60	85	17	43	88	94	14	40	49	15	26	49	95	50	16	56	99	70	39	29	50	34	59	8	19	26	67	30	53	47	59	5	71	1	80	98	45	81	55	68	33	71	71	52	69	94	31	91	86	45	71	53	10	12	48	65	89	51	15	93	97	46	80	100	10	27	67	4	
3	70	44	40	83	84	35	19	5	73	83	92	21	20	95	91	97	33	49	29	79	48	41	10	99	56	32	65	67	92	92	88	57	5	69	1	98	78	100	47	82	17	12	35	39	85	75	45	29	42	80	100	15	14	21	62	7	74	19	18	79	98	4	91	91	19	45	33	37	37	82	76	51	71	96	22	74	86	17	19	60	75	90	60	55	28	60	96	14	24	46	25	50	22	44	40	67	18	2	74	3	21	37	96	50	56	8	73	42	1	25	23	84	71	54	94	16	85	9	14	68	22	25	79	98	47	97	79	25	33	15	98	45	97	53	56	63	22	42	3	80	85	43	3	80	32	54	16	27	58	94	57	98	80	29	79	61	42	36	87	3	41	95	61	74	80	91	54	58	20	63	74	73	42	50	94	32	31	49	88	71	97	33	44	40	46	60	44	60	93	69	15	52	37	98	10	24	66	100	38	
95	28	10	86	86	77	35	92	42	44	52	11	79	82	17	10	33	49	28	69	66	45	40	34	94	18	65	62	24	29	23	14	64	55	82	63	52	68	64	59	11	95	47	2	49	14	82	55	2	52	46	86	70	88	94	31	83	28	61	60	18	62	66	87	55	63	66	27	4	77	74	92	53	49	79	16	7	66	17	67	97	7	73	43	81	71	84	95	13	98	14	52	56	22	92	65	11	97	40	70	64	41	66	28	70	51	30	54	79	49	82	14	38	55	45	10	77	71	47	30	98	19	37	11	87	29	29	74	35	56	9	43	62	80	95	11	86	50	32	11	23	15	14	95	14	64	7	77	31	25	28	97	11	38	62	65	99	23	4	76	91	93	79	53	69	98	54	89	49	61	25	56	56	22	98	28	61	72	14	14	90	45	7	59	4	30	24	52	36	39	61	67	1	84	52	31	92	33	24	33	
53	7	42	4	48	9	18	32	3	5	32	27	79	16	53	44	24	26	46	51	80	62	87	21	5	5	42	38	64	70	46	85	37	10	51	25	37	91	98	6	12	50	98	1	65	31	95	64	48	18	75	21	52	32	30	85	5	94	28	92	18	62	8	38	30	51	38	100	33	33	86	65	94	29	88	71	1	42	55	96	54	13	39	56	62	96	60	13	20	85	88	92	50	71	46	10	44	24	44	59	35	31	33	38	76	1	5	14	73	53	62	25	27	52	81	68	12	73	21	5	60	30	12	63	55	74	25	94	51	92	60	56	54	5	10	36	75	56	35	86	56	51	33	93	23	38	81	69	66	20	94	39	95	57	3	99	81	55	11	77	62	83	54	13	29	45	58	49	3	58	64	84	69	66	94	76	54	5	93	20	24	55	36	87	66	83	50	4	47	4	26	54	37	58	19	68	24	12	78	97	
41	59	87	55	40	84	99	6	62	4	38	6	88	12	25	86	57	27	19	48	5	53	18	51	18	65	97	5	79	59	2	18	53	30	41	22	94	17	75	80	22	68	17	45	63	75	77	17	20	91	87	33	54	39	28	90	82	91	23	47	34	63	39	18	55	20	45	48	19	10	72	22	59	3	35	55	77	99	67	69	25	1	75	65	37	53	67	39	82	41	73	63	62	43	94	58	38	45	5	57	79	56	92	64	22	95	19	29	71	48	73	79	24	81	3	66	27	66	45	65	20	52	47	64	15	47	23	99	91	29	35	40	64	72	31	38	51	77	81	61	49	2	35	100	42	6	43	3	37	23	27	13	54	61	30	44	56	54	60	55	29	87	46	67	95	81	20	61	58	20	14	16	90	63	44	54	16	59	53	43	61	28	10	27	45	55	97	47	83	49	100	1	17	28	98	63	66	8	54	10	
44	49	100	42	19	57	37	69	57	23	45	40	50	15	83	77	64	4	42	88	91	33	5	95	13	83	35	56	13	90	32	4	99	76	47	19	32	71	6	70	18	95	78	47	81	27	64	28	39	47	5	45	66	20	77	97	35	55	37	96	72	87	94	97	41	26	35	80	15	92	23	77	58	36	74	8	3	94	88	1	11	10	59	36	37	28	95	12	9	79	46	65	55	81	27	70	20	62	11	85	91	83	89	61	94	62	83	22	94	30	18	50	17	25	45	19	6	16	84	30	18	57	62	68	3	22	80	40	5	14	72	54	97	26	67	39	41	12	87	29	67	8	33	72	79	26	24	71	83	73	56	24	8	44	96	64	57	85	10	13	39	80	7	27	97	55	63	25	64	14	11	41	98	59	96	17	75	78	16	10	4	46	64	27	26	47	46	62	31	36	68	100	77	60	59	16	24	79	23	32	
24	64	1	87	33	17	8	61	88	57	35	34	46	87	76	13	79	69	19	62	86	16	95	62	70	22	45	97	39	57	2	36	90	30	86	21	11	17	65	22	89	12	87	41	26	98	47	31	43	37	83	31	27	28	8	58	70	41	39	40	6	63	49	94	71	29	98	97	24	58	16	77	59	37	47	73	91	59	65	2	30	64	3	6	95	30	41	44	49	51	97	62	76	73	73	6	36	49	42	87	49	38	58	55	43	100	92	38	38	46	9	59	22	59	30	75	42	17	93	14	53	52	90	63	29	85	90	7	51	89	99	26	68	75	94	75	17	19	9	85	65	9	14	94	80	5	75	57	21	62	95	3	79	75	92	57	90	8	54	56	19	74	48	4	24	68	74	56	84	16	41	9	3	63	56	30	60	24	82	77	22	87	35	49	99	59	48	97	37	49	75	70	100	37	100	67	35	1	11	76	
77	80	43	34	55	20	63	86	12	56	86	64	40	24	27	55	52	60	79	34	75	30	94	18	40	4	9	2	17	55	29	6	2	4	58	28	56	79	81	91	69	63	52	66	20	4	41	23	5	29	73	60	85	98	87	82	10	54	76	16	74	76	18	64	43	61	80	24	46	74	85	36	48	26	89	79	57	73	75	62	25	21	93	70	15	1	71	23	59	77	2	26	49	35	12	46	34	86	20	14	68	18	81	13	47	12	29	86	45	15	45	38	17	11	48	77	15	50	74	88	78	79	28	1	51	49	55	67	21	48	89	54	13	68	61	89	22	78	26	63	82	41	42	16	47	92	69	5	66	97	19	63	58	7	29	74	75	18	15	49	22	17	54	71	44	33	73	56	69	90	98	3	83	17	69	94	91	43	34	60	97	90	1	16	97	23	90	92	2	19	100	51	83	4	98	86	46	33	95	100	
73	30	16	87	85	56	13	19	78	65	100	72	93	42	58	7	92	73	65	4	65	99	61	53	72	51	63	35	70	56	75	59	19	53	38	50	30	55	98	39	75	27	64	54	22	65	8	33	3	15	48	38	25	43	12	11	30	64	34	84	88	10	28	58	23	9	45	98	53	99	74	69	31	55	74	64	63	82	13	13	96	15	19	77	97	88	11	9	71	100	30	73	85	9	58	37	30	89	36	81	42	61	64	48	71	23	76	41	24	4	45	12	14	43	33	44	61	97	75	17	8	12	91	78	67	15	22	21	19	19	92	57	90	29	61	55	77	6	39	76	35	97	97	98	65	42	83	45	1	35	91	91	75	43	48	75	97	94	18	40	42	67	18	28	37	71	42	22	66	63	59	63	17	51	34	96	22	30	87	16	95	90	76	80	81	35	13	74	98	81	88	23	99	6	34	56	21	82	37	72	
13	81	61	91	56	35	70	78	40	19	28	28	85	43	58	29	7	79	36	95	29	11	100	97	52	80	8	67	6	14	56	19	85	18	50	55	57	31	79	69	37	53	33	45	76	40	87	66	63	95	87	8	46	25	77	18	77	49	52	75	87	57	99	12	45	58	100	84	100	6	7	41	53	26	20	42	14	55	31	1	51	76	51	76	2	61	17	38	31	54	82	28	72	28	76	30	97	36	99	18	24	68	31	83	67	11	38	100	11	16	100	63	56	37	54	71	47	82	83	39	51	66	19	83	78	81	49	78	51	95	77	47	50	34	85	57	66	24	58	22	81	30	1	5	24	99	35	75	27	74	47	29	57	56	66	81	76	2	25	36	36	38	22	30	42	71	50	98	94	44	96	56	69	34	63	4	78	94	53	14	64	96	28	51	82	98	33	84	8	47	82	96	20	22	29	57	53	62	17	55	
98	12	76	55	85	15	69	98	23	29	52	25	88	4	48	39	55	16	75	51	68	43	62	91	48	1	47	22	70	27	19	64	76	41	35	65	100	86	37	73	81	92	5	61	65	59	100	54	79	76	34	82	97	15	52	61	94	46	37	79	97	45	72	88	95	10	68	91	74	50	83	70	53	13	99	83	93	29	70	53	64	57	92	48	49	83	26	63	87	46	68	9	42	11	91	73	75	8	66	83	53	7	26	92	42	78	33	21	88	86	51	56	6	54	47	53	75	53	51	99	7	13	95	15	61	58	28	15	40	88	48	28	5	24	72	56	2	59	82	37	20	87	1	57	36	25	44	43	94	85	47	68	55	15	56	81	13	68	35	14	56	38	35	96	23	52	94	28	76	54	17	30	94	96	4	95	64	77	36	25	91	73	17	82	84	53	8	71	72	32	49	73	30	52	100	38	58	71	86	74	
92	50	68	43	96	5	98	17	33	38	15	83	70	61	68	2	22	30	22	94	70	97	43	21	11	97	100	31	55	91	21	90	71	82	40	49	29	27	76	50	95	14	1	100	37	67	78	14	72	16	16	50	26	96	44	14	87	9	70	88	81	20	95	47	32	99	90	48	99	7	39	74	79	52	4	26	81	39	49	88	48	36	44	41	69	41	25	89	70	96	39	37	70	13	11	83	57	10	58	19	2	86	41	64	88	50	12	7	70	91	81	79	72	25	59	82	4	46	28	17	57	24	83	87	25	95	100	84	88	12	85	47	20	94	19	39	78	44	34	76	93	34	67	45	39	55	7	33	74	58	66	73	78	39	4	62	83	19	53	40	20	86	91	52	76	69	32	61	54	16	75	60	91	22	78	64	56	22	6	49	81	1	95	60	95	85	4	2	65	59	96	74	89	28	100	33	87	10	69	37	
21	39	1	25	33	57	81	82	6	34	34	14	16	95	89	70	31	7	62	56	49	70	75	33	14	52	35	46	30	2	73	82	31	7	48	57	76	41	59	74	43	13	25	10	76	1	23	82	72	27	21	58	19	71	47	87	13	67	5	24	17	12	90	31	40	32	21	57	56	94	90	51	50	52	29	36	13	44	68	14	89	24	26	86	68	26	70	12	13	25	3	67	43	70	25	17	80	4	45	1	52	50	72	84	10	87	56	93	66	46	17	29	7	95	33	19	87	40	22	96	22	10	42	31	25	32	70	28	57	73	89	45	62	61	14	83	39	63	14	1	47	1	70	42	16	2	50	61	23	65	70	27	84	20	48	11	6	43	53	87	65	94	64	68	76	94	31	72	5	59	78	24	43	30	94	77	22	79	67	47	64	5	64	28	85	86	54	26	39	4	63	92	36	16	30	1	60	7	79	79	
80	88	98	44	23	53	80	22	43	35	31	72	17	30	57	64	67	90	8	81	83	28	67	41	10	91	11	12	78	33	67	12	14	69	43	79	63	49	20	81	23	48	2	96	45	41	22	19	64	60	83	64	30	97	86	65	3	63	4	13	72	5	30	96	95	30	86	15	50	16	81	98	1	80	88	92	83	64	46	74	82	7	5	57	97	53	99	46	71	57	92	42	39	37	2	65	20	94	16	61	80	79	4	64	64	18	79	56	24	96	81	2	65	7	90	95	7	40	82	97	17	14	22	6	63	69	90	39	81	58	49	32	39	40	51	10	89	49	52	2	99	60	47	60	58	81	48	69	29	12	69	78	32	26	39	43	85	93	75	48	8	95	11	33	21	31	49	14	93	53	16	82	34	87	53	36	6	67	38	87	83	7	93	97	47	73	5	64	75	78	66	75	69	76	42	39	28	92	33	29	
20	69	53	49	6	98	70	82	65	57	70	42	59	78	46	22	48	6	63	1	69	39	53	41	81	92	27	33	83	69	21	72	6	93	100	48	98	90	98	1	45	62	69	57	48	83	46	99	72	50	65	49	5	80	18	95	53	24	97	41	89	61	83	15	82	6	25	46	23	3	25	20	84	54	65	49	72	31	27	70	27	82	66	56	28	43	33	97	44	75	60	76	97	1	46	22	48	51	30	45	90	15	20	96	90	3	15	62	51	76	54	76	28	18	59	46	9	32	57	58	28	23	49	12	8	86	5	64	12	48	79	42	55	84	61	10	70	40	73	70	12	31	19	95	83	17	59	46	66	9	34	96	29	73	24	96	29	80	93	38	47	93	22	3	15	91	88	14	20	43	10	77	60	16	14	25	49	47	87	24	32	6	100	66	38	64	4	2	82	37	100	65	62	63	73	96	24	46	98	7	
48	86	24	56	8	52	25	80	89	49	99	11	62	92	37	2	49	77	86	37	48	7	80	41	100	87	23	50	40	65	63	69	69	64	71	18	69	18	25	73	74	36	78	51	36	14	6	40	98	7	29	43	44	41	61	4	79	74	75	8	67	54	5	40	96	89	22	40	52	100	83	42	49	30	32	13	30	11	77	51	92	10	39	8	66	62	28	59	51	47	31	61	60	3	14	38	25	58	37	70	36	14	65	20	60	35	73	17	75	49	74	9	8	59	82	41	39	77	63	49	46	23	56	64	75	71	47	90	82	96	36	70	44	41	89	4	35	59	43	89	89	78	86	43	92	65	79	34	74	98	44	86	12	26	50	96	59	22	9	69	42	66	90	54	80	86	71	90	24	61	4	22	97	95	64	91	81	64	83	32	38	65	44	61	92	81	50	52	15	7	55	82	92	72	12	2	34	85	17	15	
97	74	95	81	82	54	70	14	60	71	65	55	99	63	47	93	89	37	47	64	88	67	68	4	4	85	89	95	91	9	21	15	12	33	32	46	85	1	33	93	90	14	73	32	94	96	9	99	79	86	48	65	61	66	18	52	41	76	21	12	97	84	53	54	65	52	98	48	78	20	30	18	53	39	77	79	91	98	24	69	1	21	94	41	48	8	90	45	73	19	94	82	74	13	73	35	29	96	95	2	1	80	82	37	98	52	98	67	43	21	99	21	74	56	10	38	33	88	94	35	36	25	97	27	75	88	59	14	47	96	34	11	5	94	85	43	19	8	51	67	83	96	52	70	42	18	39	62	50	21	53	13	45	78	2	32	91	52	16	67	34	21	63	1	58	45	97	45	55	28	46	87	90	90	96	73	1	5	7	6	65	50	36	23	14	1	52	52	91	43	33	35	11	50	15	80	62	62	70	43	
23	12	84	92	90	53	90	85	28	99	17	17	53	18	79	77	25	65	54	23	20	30	96	26	99	86	71	64	21	70	8	13	75	61	48	43	14	23	34	51	50	54	42	45	73	46	10	22	65	37	12	24	54	61	50	78	43	99	60	86	40	67	27	27	61	35	30	5	28	37	75	19	40	33	1	47	74	99	71	72	41	89	47	100	42	40	11	96	18	5	76	42	83	14	38	86	32	98	80	80	54	68	91	59	26	1	30	95	95	3	37	30	23	20	98	79	72	9	18	61	22	86	34	35	35	73	83	37	41	32	1	17	69	43	26	27	34	42	41	51	4	32	43	6	59	61	26	84	52	2	20	95	75	89	88	67	76	2	13	15	37	65	13	85	39	71	33	7	36	10	64	35	1	76	28	17	95	64	93	100	44	36	14	35	53	91	47	50	79	91	92	6	76	4	12	90	14	56	11	82	
97	13	10	73	36	62	95	62	6	54	14	31	65	45	3	5	78	63	68	95	30	38	91	45	33	43	72	42	98	36	33	10	2	47	51	88	59	60	11	11	32	19	40	55	65	84	41	70	72	62	29	78	64	85	35	92	82	12	2	86	64	77	94	1	82	87	70	44	4	84	55	81	40	63	87	10	31	91	62	62	25	61	62	75	41	71	22	75	12	24	22	33	48	15	72	76	33	37	27	18	57	61	85	40	61	28	23	30	5	54	99	48	78	86	45	76	25	36	48	43	85	33	19	73	2	44	66	89	100	4	99	37	48	12	15	94	77	65	45	79	6	11	95	95	4	63	80	25	51	54	40	46	94	10	83	36	81	3	23	81	2	99	39	48	95	53	44	59	87	27	27	49	16	80	51	82	60	28	97	66	61	23	35	75	56	55	23	63	5	94	1	33	50	44	96	30	94	69	62	36	
14	46	26	2	19	31	87	72	69	10	15	95	82	100	68	55	24	97	58	30	6	39	48	53	87	30	48	41	3	24	3	100	69	97	69	74	75	27	14	3	76	95	48	38	19	28	54	65	58	65	83	91	81	76	15	34	92	96	42	37	17	18	91	100	13	77	42	32	23	37	63	52	61	90	54	46	6	40	20	44	56	44	89	51	43	18	36	27	90	98	87	86	32	60	14	77	73	30	8	75	1	30	20	1	84	47	56	25	67	89	59	77	63	51	72	73	3	86	54	3	39	54	15	74	85	82	17	64	81	62	80	59	9	87	86	32	31	77	22	1	28	66	71	79	80	62	45	80	46	69	78	97	11	31	59	100	88	82	37	75	15	95	24	56	77	10	40	4	66	45	26	99	97	81	82	84	95	85	47	38	92	14	53	56	37	6	96	70	90	96	51	59	71	80	87	91	20	94	12	91	
2	46	36	85	65	15	63	84	12	73	62	40	91	24	22	2	96	21	61	89	83	38	61	56	73	93	83	34	32	14	39	71	46	64	33	4	90	3	82	69	8	27	11	17	72	91	50	80	76	4	86	84	42	62	89	7	34	91	86	23	99	81	27	81	81	36	80	76	40	23	35	10	18	75	72	15	66	11	14	32	75	22	46	17	70	45	86	27	97	20	16	93	26	26	7	33	78	21	53	9	68	45	79	41	93	13	23	82	91	81	64	22	23	5	88	79	21	8	87	73	75	83	52	93	60	34	59	21	45	94	6	46	61	12	85	67	59	29	22	82	73	41	99	84	79	34	82	6	8	82	85	62	79	37	14	9	92	43	97	100	89	42	72	33	97	12	46	30	83	55	47	59	23	35	98	53	85	86	73	64	81	1	91	55	6	4	44	53	56	22	41	38	22	25	38	45	34	95	38	17	
10	35	17	79	19	13	15	77	31	70	64	2	40	63	35	14	34	65	64	26	56	33	34	33	56	64	10	36	28	51	66	84	42	77	43	22	43	13	85	41	78	90	46	98	26	38	79	50	36	55	96	42	67	85	8	58	82	54	95	40	38	51	61	15	61	58	14	32	91	98	74	7	99	78	69	32	23	31	67	86	27	5	61	85	31	7	14	37	68	53	24	57	5	48	30	59	62	79	86	9	36	66	35	52	55	30	64	7	31	32	28	3	40	10	36	27	18	43	9	6	53	77	12	45	34	11	69	39	56	22	63	9	52	59	12	66	51	26	95	66	22	65	71	71	17	38	19	86	31	6	78	65	65	20	100	51	33	68	95	33	77	58	2	91	4	48	60	24	50	97	46	48	90	13	33	8	4	54	5	4	50	52	47	23	96	44	80	70	92	78	27	38	21	7	100	80	17	68	2	81	
17	75	76	54	31	1	86	26	80	37	90	12	59	36	48	4	62	97	79	100	84	69	89	66	51	20	72	20	13	18	18	60	82	46	29	25	72	30	94	22	61	40	85	64	55	72	19	90	21	60	53	9	49	74	33	62	81	17	54	49	20	37	34	84	31	15	90	61	28	40	36	37	28	98	16	49	91	56	78	40	29	55	100	43	19	97	86	30	10	61	37	10	48	22	27	48	70	54	78	72	47	40	13	66	17	90	55	76	18	84	85	9	95	34	16	25	89	94	36	17	31	20	6	17	2	79	91	8	37	65	46	44	19	86	13	15	69	71	50	21	53	11	7	68	19	90	23	69	96	76	51	13	49	46	67	16	34	5	40	39	91	45	98	58	10	65	44	52	4	47	62	97	92	74	84	71	2	26	64	2	52	52	50	63	70	53	70	56	31	79	45	56	28	44	90	45	20	66	35	5	
40	83	28	52	71	44	3	27	48	3	100	4	51	28	67	7	18	96	34	30	81	82	52	57	1	49	72	65	86	43	34	27	31	38	28	39	48	60	12	73	24	46	15	12	32	57	56	37	35	85	51	91	97	33	38	11	73	6	75	73	68	12	40	11	77	90	35	6	17	95	53	85	36	21	55	50	9	78	80	79	97	55	66	63	25	60	73	61	95	9	93	52	59	96	12	68	78	77	46	29	51	99	61	55	78	53	28	52	42	5	41	72	52	14	14	25	23	83	82	95	15	64	52	37	41	34	44	44	26	30	81	16	1	32	27	84	62	52	56	89	16	24	65	6	11	63	89	9	51	99	84	9	39	8	98	84	51	12	53	47	72	9	29	60	58	89	60	36	47	83	31	37	2	98	8	72	65	39	75	82	15	91	79	5	90	56	92	31	71	5	42	66	42	28	23	16	96	37	67	67	
88	54	42	3	68	67	38	46	10	34	16	97	91	1	86	77	56	4	36	25	49	75	33	20	49	12	54	30	32	40	49	84	16	88	10	56	76	93	80	4	19	61	60	83	99	46	48	23	74	27	14	62	2	19	100	7	13	64	36	73	41	22	61	35	97	65	39	25	20	89	94	72	79	98	9	39	78	80	62	65	50	45	92	99	66	86	7	79	58	32	55	80	94	72	35	53	42	48	10	100	78	55	39	79	43	31	34	63	2	32	15	45	92	93	31	90	42	47	60	12	62	99	78	47	61	58	42	42	68	93	35	46	79	100	73	13	68	59	32	78	60	60	100	36	73	70	35	87	70	34	28	80	82	95	35	4	47	70	6	38	5	99	81	37	16	51	93	39	4	49	36	49	19	81	47	32	59	4	78	37	7	43	91	94	96	22	78	79	5	16	30	51	92	1	41	60	78	64	14	87	
59	43	32	36	85	10	29	41	33	21	80	1	4	38	14	7	69	83	49	81	17	93	45	28	44	12	43	12	18	85	81	89	23	29	31	36	16	98	55	66	75	20	30	99	82	22	60	45	85	73	5	15	13	38	63	10	90	7	50	47	71	66	91	6	8	54	80	7	81	33	61	9	69	44	53	40	92	45	79	46	32	55	11	21	20	19	93	22	75	94	39	38	40	30	47	22	58	16	19	1	82	89	17	60	77	94	36	11	15	72	91	17	33	37	2	70	15	39	93	64	64	49	47	14	16	2	30	59	44	55	82	35	41	16	80	45	15	21	27	65	35	47	41	70	85	34	3	30	95	61	39	33	99	12	69	61	13	89	14	2	93	40	45	13	95	15	69	61	26	100	68	75	100	88	82	49	96	63	66	100	55	33	92	1	51	41	27	45	42	30	24	31	70	8	31	63	81	57	6	7	
7	12	1	50	7	23	40	87	77	37	64	21	97	50	64	65	87	42	57	73	10	99	50	5	12	13	99	17	75	73	93	42	56	67	24	92	62	46	33	12	67	6	7	78	71	47	34	60	29	83	57	39	87	40	63	50	16	10	90	20	99	1	45	1	77	21	28	7	26	61	94	68	69	69	98	100	17	88	8	75	31	45	95	55	66	98	83	22	15	16	84	95	90	28	66	74	16	54	33	65	63	37	13	90	16	15	32	59	27	16	89	12	30	92	6	13	33	60	17	71	39	72	23	22	25	25	28	40	96	32	75	39	57	47	3	94	53	40	30	18	48	81	58	66	75	13	78	97	18	62	92	67	83	59	52	27	9	55	10	43	15	75	45	85	42	93	15	67	54	1	100	70	51	23	96	73	74	92	75	65	82	35	6	33	59	38	38	56	66	51	31	41	17	40	98	44	93	34	1	4	
81	58	92	12	67	31	23	72	84	93	53	4	60	67	10	64	46	27	94	41	71	27	54	48	88	67	8	15	88	84	41	79	22	92	12	17	81	13	59	14	21	40	88	27	7	33	74	92	54	94	83	34	77	38	84	50	35	70	30	49	3	100	74	77	49	15	7	2	53	48	74	62	97	19	15	10	1	35	8	7	100	71	66	71	44	40	90	51	72	48	74	69	55	90	41	7	54	34	24	17	31	1	24	14	14	93	35	92	100	36	37	79	39	93	33	41	58	45	40	67	40	81	65	90	33	60	31	47	68	52	95	37	92	25	77	78	14	41	1	15	49	11	56	97	10	39	75	28	59	11	31	26	24	49	42	50	2	23	79	9	24	13	90	3	88	97	52	1	37	17	77	100	83	99	20	30	89	36	69	62	92	11	76	50	71	22	21	28	42	92	70	17	17	72	59	72	79	85	27	12	
5	27	73	85	89	76	32	27	19	19	99	9	62	68	62	21	72	19	19	11	52	39	17	81	43	27	93	92	42	80	54	44	64	76	60	80	3	14	42	68	94	89	71	6	2	81	6	100	30	71	57	59	77	27	58	89	79	72	16	82	88	95	28	60	53	58	7	89	20	41	36	21	99	5	68	31	94	42	68	50	13	13	27	52	9	100	73	97	8	21	64	13	95	9	78	70	19	31	3	63	25	32	5	3	10	87	78	60	63	67	66	88	31	48	40	74	45	85	14	51	14	43	72	15	77	33	13	24	17	19	54	13	16	6	40	55	22	77	65	75	92	38	88	15	41	98	31	30	48	55	9	35	78	64	6	64	26	61	40	8	42	84	11	13	47	46	37	84	58	28	60	37	4	6	22	52	28	16	76	63	72	50	4	44	80	25	7	44	28	1	8	40	72	48	28	70	93	1	47	100	
42	52	97	72	61	56	49	32	66	1	10	14	71	87	3	7	90	100	15	14	9	87	39	25	32	4	62	32	57	26	17	20	61	37	16	51	57	85	97	70	55	65	59	10	2	73	6	48	27	93	99	52	63	4	16	22	70	67	24	70	30	71	92	36	75	29	12	35	42	2	27	40	8	90	44	44	52	40	22	51	48	95	65	90	40	33	31	6	26	50	96	61	90	83	73	87	95	17	91	36	84	76	66	45	75	80	32	43	42	93	1	75	93	97	100	66	61	17	87	27	6	61	98	81	40	97	66	42	43	26	5	33	80	88	100	23	53	50	60	84	69	21	88	39	9	4	96	6	16	31	83	56	52	16	13	69	23	56	41	95	57	49	69	42	85	80	98	52	19	98	59	100	98	34	29	100	100	30	42	73	12	15	12	96	87	38	100	90	23	41	31	98	59	28	32	35	22	18	75	62	
56	74	56	78	2	25	15	27	77	73	3	58	81	54	88	43	70	71	42	47	37	19	83	85	94	92	6	94	51	58	94	57	14	17	5	25	47	5	7	88	19	80	86	23	72	41	75	21	22	20	50	99	61	25	25	86	76	78	26	31	60	10	11	77	89	16	41	57	19	10	98	82	86	97	43	8	66	63	32	36	79	2	31	60	39	60	76	21	55	94	19	52	60	60	1	12	8	17	56	92	93	96	18	24	60	27	89	48	14	11	16	71	5	66	87	76	80	61	46	16	57	78	41	28	80	67	87	66	24	75	100	81	82	67	36	95	6	12	16	98	89	14	79	43	20	64	96	21	85	78	8	34	22	6	79	92	87	95	50	31	44	20	19	3	92	100	10	31	68	63	16	67	86	56	57	38	33	1	39	96	2	80	90	30	91	45	80	45	16	60	63	44	72	70	35	92	18	76	12	37	
85	1	76	68	2	24	5	92	91	20	92	44	77	97	74	67	29	64	24	43	93	77	50	17	98	15	80	5	67	20	72	15	79	41	61	2	91	6	33	17	90	83	71	37	5	48	9	96	14	61	48	88	33	52	6	41	93	34	79	2	15	100	32	98	71	97	89	53	46	33	36	49	68	55	20	51	16	71	12	51	3	50	9	33	2	6	90	63	13	50	13	9	23	22	84	40	54	59	54	94	73	14	48	93	29	61	37	11	70	26	29	89	77	70	46	44	61	74	100	59	22	91	49	24	55	88	12	47	26	34	93	3	30	68	77	26	55	74	61	15	64	78	36	70	92	41	41	68	31	43	55	78	19	14	40	53	13	48	21	45	84	41	63	64	21	10	24	92	24	66	24	35	46	21	53	58	87	60	28	24	34	62	14	94	20	34	17	20	96	78	81	93	79	93	22	18	73	95	14	79	
35	28	87	23	4	92	11	68	50	11	94	50	97	86	65	80	53	52	81	56	58	72	42	8	95	15	33	87	52	22	77	63	24	1	87	3	64	20	68	34	27	68	49	19	57	40	94	97	70	35	11	47	82	23	91	43	83	87	70	69	80	83	10	24	25	17	69	38	7	26	43	47	99	5	14	75	24	50	99	90	46	76	23	55	20	26	83	67	6	24	90	72	75	1	29	32	72	47	99	19	95	22	24	14	5	6	13	41	72	47	40	51	95	37	38	73	84	77	66	82	90	49	15	71	53	51	92	60	44	98	84	3	44	25	78	65	55	99	84	75	65	66	49	78	50	73	17	48	55	26	74	81	40	64	63	29	2	38	11	97	17	37	16	18	64	27	66	33	12	8	79	1	33	82	62	71	10	7	92	46	85	62	56	69	94	95	68	66	37	64	57	34	85	1	18	76	95	32	58	49	
74	15	89	87	51	58	29	26	87	2	88	74	60	42	95	64	100	12	79	52	3	35	1	9	80	14	55	72	100	16	32	15	87	3	58	30	87	23	36	29	94	63	14	68	48	70	1	27	55	14	28	53	53	97	29	91	51	31	71	15	9	62	56	37	33	97	13	44	34	7	10	54	98	24	17	98	96	36	14	28	68	55	18	71	68	71	96	88	19	73	96	48	90	45	45	76	38	3	58	32	83	80	80	92	22	23	80	96	41	10	26	16	92	38	50	19	89	33	18	59	31	80	98	46	89	43	63	15	30	58	88	25	89	1	6	51	49	56	26	88	65	28	14	55	66	60	52	61	51	70	94	13	75	43	28	43	57	100	1	11	24	4	26	69	96	67	100	24	78	54	23	11	95	37	17	86	69	79	33	98	17	70	11	62	12	38	2	35	67	14	6	1	27	47	75	12	14	58	6	80	
16	38	81	61	3	94	61	80	69	19	10	19	19	4	8	41	10	3	1	49	84	34	97	51	49	1	53	15	23	17	49	25	84	46	26	46	96	66	49	80	87	73	13	15	41	55	79	46	13	6	32	28	52	61	91	17	31	59	36	53	35	98	55	78	34	29	93	94	13	62	30	55	75	84	56	34	40	44	33	74	18	100	87	84	33	27	26	83	98	61	7	43	61	56	49	98	39	48	76	84	4	63	97	89	53	74	32	49	65	85	11	39	8	65	46	56	50	49	80	25	80	52	65	32	89	22	60	70	61	52	69	36	30	91	24	72	67	56	89	54	46	95	72	87	34	50	12	78	1	92	83	93	17	15	41	65	83	91	5	79	73	89	43	19	47	4	38	33	97	10	32	76	100	72	55	74	37	79	29	7	15	43	82	36	91	17	81	5	67	87	7	4	12	100	62	37	79	49	80	15	
