200
4755
87	67	22	57	77	1	27	88	55	69	87	84	25	89	79	17	64	53	1	40	51	94	70	48	54	76	94	23	85	96	35	15	92	14	18	27	50	100	50	57	60	53	6	83	11	37	39	89	68	87	10	43	80	12	40	55	9	91	2	19	9	12	100	33	21	30	44	42	88	55	35	6	96	20	29	95	65	63	89	91	67	2	10	47	20	5	88	51	23	33	58	21	82	40	44	79	61	88	57	32	41	88	72	36	63	97	39	52	38	80	48	56	17	35	82	19	12	50	7	66	2	15	49	9	31	2	62	81	79	52	40	29	8	32	83	54	90	42	35	43	51	1	82	5	45	52	63	5	53	79	36	86	42	15	99	79	94	78	40	23	4	6	16	38	2	61	58	27	72	29	96	11	8	94	25	81	30	76	83	30	7	19	80	69	24	12	86	74	96	22	8	34	63	24	48	19	38	36	2	33	
99	82	4	92	89	24	57	89	6	19	72	83	96	21	33	69	34	35	70	46	26	57	76	20	17	89	55	47	18	23	63	54	45	87	82	35	88	1	88	44	61	61	21	39	11	57	50	36	98	31	90	98	49	93	95	58	34	15	86	59	46	75	77	10	44	83	77	91	43	75	12	36	45	29	33	82	34	15	92	78	15	78	24	22	48	22	93	100	75	83	53	13	4	93	36	12	82	95	15	83	22	87	24	95	4	44	89	27	2	90	83	78	24	50	69	85	100	17	99	3	25	77	93	31	93	20	43	41	66	58	45	8	99	9	46	61	30	70	36	100	81	75	36	46	47	52	18	53	93	38	4	73	6	18	52	98	3	92	67	54	100	86	15	14	39	57	88	2	80	51	29	98	21	71	11	60	52	31	33	4	87	98	89	23	53	70	10	81	69	85	87	50	31	54	44	60	56	32	39	48	
82	99	86	72	64	23	14	50	61	82	11	32	16	6	12	92	64	68	92	87	37	33	66	41	49	88	69	90	89	41	41	53	16	28	42	72	31	62	8	57	34	75	22	98	57	65	22	51	16	16	41	22	60	61	14	63	100	35	88	62	19	3	65	97	5	67	83	25	85	75	95	50	88	67	91	5	33	85	72	27	18	24	73	83	14	62	24	40	78	96	29	93	6	65	75	86	9	57	13	18	27	100	74	25	83	33	5	38	21	29	95	56	94	95	66	16	43	81	86	1	45	6	37	58	99	61	98	88	47	36	3	89	84	63	11	56	100	41	14	94	33	28	78	55	39	43	27	12	42	72	71	38	25	63	84	52	65	35	66	38	73	24	14	38	3	94	90	83	97	60	18	70	97	1	93	72	73	82	88	85	71	42	35	38	64	81	35	7	71	6	14	39	85	75	38	74	81	61	72	21	
4	86	71	81	99	95	22	14	26	65	69	80	70	63	14	70	84	37	95	75	74	43	33	96	1	54	97	20	28	25	39	55	27	77	69	10	85	95	58	57	58	72	6	55	79	24	15	53	92	19	10	79	9	5	62	17	94	91	96	26	64	4	68	58	11	99	60	62	51	96	5	56	14	92	52	50	52	9	22	78	54	29	84	97	85	35	85	13	34	59	89	57	4	78	45	36	74	79	65	54	3	17	93	38	27	61	69	92	97	37	72	53	22	27	62	95	42	37	53	85	46	91	46	85	80	39	50	88	48	97	59	68	60	7	3	56	76	10	57	98	30	54	52	50	46	95	34	12	24	84	51	56	1	14	40	73	77	9	88	42	86	48	33	75	74	58	60	91	11	45	15	77	21	49	13	65	45	59	47	89	36	36	15	46	97	62	1	11	21	32	57	51	79	34	60	30	27	70	85	59	
92	72	81	14	69	50	89	67	63	61	2	81	50	82	83	53	56	6	36	27	5	6	54	48	78	79	81	42	93	79	73	3	88	25	7	24	44	37	53	48	26	27	40	97	98	45	60	100	11	8	90	11	83	82	64	63	27	30	3	30	18	79	12	49	30	18	40	12	27	59	1	6	17	86	65	38	87	83	2	62	11	54	31	23	24	76	59	27	54	100	96	79	48	15	75	37	50	22	77	21	54	89	22	80	19	3	37	16	90	60	21	47	97	79	74	56	62	59	38	42	35	25	40	84	16	29	34	97	29	28	37	43	20	64	41	27	5	33	53	62	52	90	97	16	74	16	33	77	3	19	80	29	78	94	67	37	94	19	47	31	55	9	91	14	60	94	32	43	60	25	39	23	48	11	34	52	57	15	30	17	58	39	61	57	29	46	60	22	60	85	66	24	29	28	85	58	27	91	84	6	
89	64	99	69	76	90	63	86	73	21	9	75	61	66	19	20	29	51	73	100	36	60	42	82	26	4	56	81	38	50	36	61	19	98	83	57	54	68	95	47	55	53	40	83	15	12	27	12	94	94	51	44	66	70	27	1	38	20	82	62	47	87	61	14	77	83	6	45	21	75	54	17	50	54	45	98	32	30	79	41	97	87	73	96	20	81	73	44	13	73	53	13	67	67	38	21	40	71	23	30	54	68	85	43	53	46	97	19	70	72	40	16	6	66	70	21	97	80	14	50	28	48	67	9	22	72	49	11	86	1	90	28	95	89	40	22	95	66	81	58	19	94	54	13	82	22	41	97	38	53	85	26	20	1	74	96	44	66	59	44	48	33	22	90	4	49	3	30	93	5	87	83	20	39	71	91	9	54	83	4	37	28	77	68	23	25	97	68	65	51	25	72	6	3	71	55	30	5	40	90	
24	23	95	50	90	89	50	78	17	74	77	76	74	26	99	13	89	68	21	29	14	37	60	8	77	86	30	75	59	29	10	96	32	74	63	81	55	44	7	35	1	57	58	66	75	8	73	38	35	60	38	85	43	20	54	64	58	59	21	39	93	42	20	96	49	54	15	2	91	41	19	34	56	30	100	84	45	26	25	24	94	12	14	52	64	25	95	16	94	89	55	56	82	33	10	100	64	6	6	48	30	56	61	1	31	78	42	73	38	40	56	28	43	15	82	3	45	94	81	62	57	41	99	12	70	100	10	53	3	39	85	22	42	94	17	12	51	15	66	19	33	93	82	44	60	52	98	97	34	49	44	2	95	23	69	100	67	3	36	68	4	51	60	73	58	85	96	60	45	6	1	67	14	14	45	30	53	46	87	100	73	80	28	68	74	26	77	17	47	53	91	97	59	33	45	19	34	46	34	90	
57	14	22	89	63	50	83	99	83	30	26	90	44	26	8	34	2	80	41	14	91	10	36	6	96	96	50	29	81	76	6	84	100	15	3	86	55	48	26	71	31	17	37	95	22	100	47	41	80	93	69	9	86	37	36	58	74	100	17	67	50	96	41	19	10	47	71	100	86	67	17	71	55	27	84	1	73	52	73	19	38	33	56	27	66	38	67	79	6	19	13	78	60	33	15	73	57	43	55	37	7	36	86	85	35	14	34	8	98	50	78	40	95	17	52	33	8	70	83	57	11	69	1	30	12	9	61	67	33	96	59	16	3	79	44	26	98	43	51	25	30	47	21	94	49	33	20	81	59	58	52	66	44	97	32	33	28	4	86	69	71	19	66	64	76	30	10	23	68	37	69	39	23	21	16	35	18	75	50	81	57	75	41	81	88	71	52	38	36	29	39	30	68	73	4	58	87	5	2	57	
89	50	14	67	86	78	99	33	20	91	48	100	26	18	73	70	17	99	85	41	7	24	99	34	58	64	13	80	59	28	55	15	69	42	46	76	59	76	58	34	44	36	81	12	89	65	17	73	81	8	23	57	40	83	5	39	10	17	71	24	91	10	45	73	35	86	64	24	67	23	77	22	87	21	98	65	69	29	15	12	3	48	31	21	72	44	96	4	4	71	58	50	5	31	11	97	2	12	44	57	81	25	98	12	37	8	70	24	55	9	28	52	5	3	80	97	92	22	90	43	25	33	3	85	81	5	53	68	87	70	59	11	40	81	73	34	1	70	6	99	44	26	95	83	68	3	99	72	89	28	55	22	81	2	94	55	2	20	11	26	44	95	58	11	59	71	97	17	12	35	84	66	37	64	38	62	55	21	90	73	98	41	71	59	35	87	31	75	39	16	16	23	23	91	90	44	27	49	13	11	
6	61	26	63	73	17	83	20	92	92	100	33	8	54	88	15	32	82	7	39	87	80	27	58	70	73	19	64	27	45	3	55	69	85	55	2	6	68	95	89	6	2	37	45	58	59	25	13	2	61	72	66	94	84	33	43	49	11	63	87	38	13	86	58	94	16	10	46	41	41	21	73	37	13	67	20	25	38	15	60	15	51	17	1	52	90	31	38	27	19	76	18	29	70	28	19	94	2	58	48	55	53	90	53	2	22	30	12	1	35	64	27	49	78	1	56	91	75	89	6	81	1	6	19	13	79	22	36	11	95	86	86	46	63	50	7	65	14	80	67	83	39	48	87	57	30	8	45	97	76	19	53	40	71	77	82	6	62	10	12	64	99	25	28	86	48	56	48	77	24	17	13	45	20	99	48	58	1	37	30	53	45	40	77	36	57	72	70	70	45	73	56	86	80	1	94	34	76	76	85	
19	82	65	61	21	74	30	91	92	50	29	5	63	82	75	16	35	58	82	77	69	77	79	34	35	52	31	71	3	24	37	23	59	51	72	70	96	55	22	80	32	9	100	32	47	40	98	44	33	53	75	23	79	53	35	47	33	35	11	7	17	95	49	71	55	59	11	78	7	27	10	81	51	34	23	33	95	2	18	43	30	36	60	13	47	80	50	65	88	31	22	58	28	31	17	29	7	47	3	85	22	64	31	72	21	13	31	32	16	46	80	27	51	66	47	19	92	26	81	89	30	69	64	86	29	69	44	73	6	16	96	84	45	68	63	8	38	15	91	64	52	70	53	15	71	11	93	42	58	69	98	70	31	76	31	80	16	16	3	85	3	17	37	63	49	78	71	34	65	56	91	52	92	23	22	16	98	74	8	19	52	68	64	37	2	89	45	49	7	84	58	57	23	39	9	73	8	91	22	54	
72	11	69	2	9	77	26	48	100	29	90	38	14	95	90	44	81	10	54	42	72	50	41	15	73	93	37	62	94	20	52	27	76	49	40	74	23	34	3	15	74	11	37	38	46	27	22	81	33	64	36	94	40	8	10	6	54	54	82	64	90	79	64	59	34	30	51	18	41	61	63	51	82	8	70	74	62	17	84	58	40	48	35	78	36	18	20	23	87	86	76	62	53	92	57	48	35	41	61	55	62	1	4	63	12	2	91	34	71	47	74	73	81	2	75	18	67	11	19	77	15	29	19	57	16	20	59	36	5	41	28	8	29	79	74	45	67	73	52	96	16	49	35	68	82	9	26	61	76	39	72	85	70	17	54	76	49	98	30	66	72	1	71	75	18	1	52	3	31	72	80	48	58	76	46	94	41	95	39	70	55	43	13	47	56	50	47	90	12	80	34	16	92	14	97	36	76	79	93	36	
83	32	80	81	75	76	90	100	33	5	38	45	11	42	8	59	94	58	19	39	56	25	55	14	53	31	55	2	7	22	86	85	25	26	13	23	33	71	64	15	46	48	15	81	49	38	42	63	28	38	23	57	20	95	78	51	100	69	5	76	35	79	77	68	74	70	53	97	34	94	74	90	41	78	88	41	30	71	23	26	11	99	87	62	18	95	26	93	87	61	71	88	27	74	43	6	73	1	75	96	2	99	11	44	90	47	10	95	14	44	49	51	59	22	20	74	65	84	45	83	53	86	25	92	80	57	85	93	21	6	67	16	97	29	66	42	34	94	79	60	31	11	41	28	25	81	48	20	48	94	23	24	41	67	45	18	77	80	26	74	57	91	83	68	45	99	49	69	38	40	23	19	60	38	51	20	85	24	25	83	77	20	44	31	17	91	85	58	45	60	78	49	32	38	25	73	67	82	82	41	
96	16	70	50	61	74	44	26	8	63	14	11	76	9	97	22	81	7	69	69	39	68	2	100	69	62	53	46	19	23	2	44	99	74	23	92	23	27	2	51	21	61	37	99	25	60	48	30	4	82	61	44	96	73	81	44	73	33	92	37	100	36	10	79	85	48	40	77	93	5	42	42	44	91	58	71	83	30	51	87	86	98	64	56	69	100	89	15	90	86	80	97	77	83	58	23	92	82	27	78	86	68	11	96	53	99	89	41	16	42	43	24	90	24	37	74	11	89	8	11	39	33	6	32	46	89	42	97	12	88	32	61	80	60	35	23	24	68	37	41	15	75	5	48	45	47	39	15	47	4	40	85	7	77	61	50	80	94	89	92	48	43	50	12	86	25	98	64	34	5	52	84	17	93	39	44	89	42	21	39	27	70	11	42	40	76	97	16	75	82	70	59	55	97	45	91	21	39	6	93	
21	6	63	82	66	26	26	18	54	82	95	42	9	21	3	18	63	54	52	58	7	48	52	88	62	71	66	15	20	73	32	14	30	34	11	88	43	11	61	25	81	17	72	20	90	5	87	30	8	22	63	45	70	58	42	75	100	59	67	20	12	34	98	79	5	92	37	68	7	46	58	1	79	54	81	42	7	98	61	9	2	28	1	29	78	80	71	90	59	69	67	26	20	1	82	19	86	21	47	57	87	72	75	39	32	62	87	3	92	77	1	25	46	60	95	48	40	78	35	37	89	19	90	70	18	38	5	99	23	83	74	65	65	11	23	69	94	59	3	93	38	60	35	82	29	6	2	33	92	73	20	28	2	60	95	42	17	63	69	43	95	67	68	63	28	78	38	16	41	45	49	6	86	57	10	23	69	49	78	68	16	70	6	91	90	15	94	4	35	40	90	37	75	2	36	8	49	48	1	3	
33	12	14	83	19	99	8	73	88	75	90	8	97	3	29	22	30	37	23	76	78	74	23	34	78	11	21	18	92	1	91	20	82	92	47	82	18	92	77	13	95	60	88	64	82	26	45	49	75	32	73	71	43	52	5	94	65	27	30	40	12	79	65	22	52	16	30	22	5	29	13	28	67	34	23	81	93	90	7	6	79	29	44	84	34	50	9	16	64	14	1	51	43	4	86	30	53	96	6	56	58	95	56	63	63	39	9	66	57	10	60	54	78	67	23	58	44	22	32	13	10	30	44	69	25	53	94	37	85	86	27	64	50	20	92	93	2	93	33	76	33	48	42	61	24	18	13	18	81	63	14	62	89	15	25	83	78	19	99	90	95	42	17	84	61	80	64	69	83	50	28	86	68	34	67	66	42	5	7	21	81	82	91	1	28	100	46	79	90	88	12	54	43	34	23	35	98	33	47	55	
69	92	70	53	20	13	34	70	15	16	44	59	22	18	22	35	70	30	85	2	65	8	93	44	37	30	23	7	87	51	24	62	68	21	35	62	45	74	42	13	74	2	80	90	97	20	97	97	50	66	70	24	81	1	75	20	11	31	91	81	19	83	66	41	40	64	94	75	46	43	30	41	63	20	10	79	9	19	95	74	70	30	49	54	36	65	68	2	13	94	56	23	62	35	82	14	43	11	69	20	3	22	56	91	10	80	6	14	67	34	34	99	1	47	60	27	6	91	40	38	35	7	79	43	97	40	57	14	64	91	76	20	35	69	41	23	2	31	53	38	95	64	76	69	2	64	49	99	96	23	43	97	66	83	22	42	95	46	3	98	70	16	12	20	11	39	26	56	74	36	31	52	15	95	39	16	61	21	73	45	66	77	76	6	99	83	46	93	60	92	2	12	53	50	33	63	40	57	84	21	
34	64	84	56	29	89	2	17	32	35	81	94	81	63	30	70	79	99	51	2	63	67	30	49	44	32	21	96	3	17	44	84	13	59	77	16	94	77	21	37	73	40	74	20	81	51	19	32	5	57	50	54	32	3	5	32	99	6	3	36	37	65	87	9	50	95	71	35	98	34	4	63	72	48	89	72	61	46	22	69	85	58	53	44	93	67	14	36	47	42	10	16	87	7	36	78	34	81	91	89	32	94	3	20	66	60	73	1	73	77	39	40	13	52	43	7	62	91	31	45	23	83	2	86	79	71	42	79	18	83	44	3	13	42	18	43	31	89	58	15	25	98	37	85	100	58	23	3	60	33	50	46	48	4	62	52	54	73	62	35	48	90	6	63	77	42	91	60	94	55	34	89	65	6	8	27	63	80	51	95	8	9	73	43	74	12	8	88	65	38	98	92	60	37	90	71	32	8	62	94	
35	68	37	6	51	68	80	99	82	58	10	58	7	54	37	30	99	95	51	32	5	4	87	7	67	54	85	66	69	20	95	23	54	87	73	59	73	41	29	33	80	93	70	3	68	54	79	77	91	67	89	88	93	98	22	80	3	50	30	94	47	62	75	87	66	86	72	5	21	63	64	2	56	91	8	46	37	45	70	57	9	82	83	95	52	54	2	63	11	21	16	18	10	28	23	70	61	52	25	8	86	16	75	44	29	55	68	29	69	2	45	4	38	14	21	63	59	83	80	15	85	18	5	88	63	8	90	45	83	33	91	46	23	8	9	30	20	91	58	78	19	14	48	50	2	80	91	80	3	51	100	80	43	23	49	55	65	73	38	97	38	90	65	63	61	71	66	29	74	9	16	14	64	85	30	71	82	98	50	100	4	50	15	57	12	11	88	62	7	96	26	43	86	27	74	41	7	82	46	39	
70	92	95	36	73	21	41	85	7	82	54	19	69	52	23	85	51	51	5	18	71	23	8	13	98	95	19	59	7	39	64	50	21	11	85	30	20	84	21	51	7	82	91	6	7	32	99	37	37	51	73	96	20	23	59	68	30	69	88	71	9	52	30	24	4	54	78	6	47	42	37	91	92	43	65	25	46	45	70	62	6	20	24	20	84	81	30	71	31	28	90	21	5	16	53	47	17	8	30	20	61	94	51	77	3	80	51	26	84	4	93	23	80	47	72	53	62	96	94	99	28	72	19	34	15	58	6	43	53	80	67	69	25	28	59	83	37	87	31	57	35	20	16	84	93	40	41	36	99	10	9	14	12	41	50	89	12	26	3	3	33	97	36	97	80	69	78	12	31	66	58	56	90	80	75	79	49	52	9	49	13	84	85	86	98	42	46	13	67	71	86	38	9	36	7	70	52	79	45	95	
46	87	75	27	100	29	14	41	39	77	42	39	69	58	76	2	2	32	18	14	21	14	27	8	15	25	14	14	37	79	77	89	65	74	76	40	63	70	98	55	44	12	15	94	41	93	90	52	17	7	8	74	44	15	98	27	51	68	19	38	51	22	85	47	80	90	2	38	54	38	62	75	62	27	76	85	40	89	2	59	23	4	38	23	92	45	77	75	75	99	85	40	17	93	14	49	5	60	18	87	62	51	100	50	7	70	3	21	100	6	65	23	18	22	38	75	3	39	65	91	95	32	4	11	46	4	91	28	72	36	64	72	27	43	58	90	71	61	8	26	47	21	29	13	19	41	3	79	39	12	9	4	22	72	74	83	36	14	20	27	40	8	70	73	59	93	98	21	5	49	63	72	11	64	100	57	31	42	17	73	19	50	79	96	89	57	8	76	80	29	45	46	10	86	76	71	38	92	99	6	
26	37	74	5	36	14	91	7	87	69	72	56	39	7	78	65	63	5	71	21	4	8	36	89	24	85	11	13	78	93	33	36	23	58	76	63	31	36	40	46	68	2	79	9	8	86	84	76	81	81	26	17	58	2	58	40	94	88	84	93	78	65	59	21	3	91	94	7	63	5	76	26	25	24	79	48	59	58	95	36	81	11	61	50	15	96	90	77	37	24	8	67	58	15	54	57	33	46	14	97	82	82	41	4	29	77	83	67	44	56	94	43	91	68	54	82	28	88	34	92	7	39	45	33	48	11	55	5	97	78	51	67	53	7	93	89	59	77	46	9	64	29	85	42	84	66	20	85	91	93	77	77	95	71	59	78	53	91	81	35	77	50	57	10	51	52	52	80	91	2	24	71	18	23	84	11	27	75	66	16	72	41	16	97	66	66	81	14	53	40	11	50	10	71	17	40	35	59	65	62	
57	33	43	6	60	37	10	24	80	77	50	25	68	48	74	8	67	4	23	14	8	77	67	80	20	83	31	1	48	68	51	89	38	61	82	31	81	60	83	51	71	63	58	78	53	56	51	16	23	6	39	36	42	24	79	56	4	83	78	51	67	44	22	46	36	84	6	7	98	30	37	11	74	85	49	99	63	72	3	8	49	98	30	98	55	70	82	14	74	83	17	40	3	34	12	28	96	58	84	54	59	82	84	87	8	32	62	40	16	83	41	31	74	12	53	61	60	34	94	85	8	55	66	24	41	28	98	38	12	13	8	81	100	91	36	24	96	76	4	4	15	90	38	77	3	97	63	21	100	53	29	73	58	4	76	6	91	18	21	81	26	85	92	63	83	27	16	30	28	24	75	22	62	33	5	65	38	13	49	24	30	90	52	48	57	78	19	44	62	78	31	90	82	78	100	88	14	13	79	6	
76	66	33	54	42	60	36	99	27	79	41	55	2	52	23	93	30	87	8	27	36	67	40	9	53	15	70	46	50	25	39	55	81	59	51	67	26	44	80	93	39	6	7	45	52	100	15	20	29	73	67	54	25	93	65	78	57	73	95	74	38	29	74	97	35	33	54	14	85	42	71	79	47	63	79	69	61	41	48	80	5	91	71	65	57	57	26	25	6	98	15	1	38	69	14	55	62	17	68	50	67	43	13	42	28	61	95	80	74	88	62	20	95	29	72	83	48	1	65	59	40	100	20	8	25	26	59	94	98	38	49	67	84	62	12	86	8	10	91	27	14	60	48	11	49	63	97	34	45	19	86	62	90	22	29	61	16	45	22	51	66	25	33	52	28	26	21	21	67	20	87	29	54	49	28	27	65	47	20	62	43	52	58	54	60	11	76	12	65	15	4	28	14	37	76	97	68	45	70	94	
20	41	96	48	82	8	6	34	58	34	15	14	100	88	34	44	49	7	13	8	89	80	9	21	84	9	34	5	100	72	48	7	70	71	72	29	61	60	78	98	15	100	71	95	62	39	81	65	94	82	53	77	79	35	80	77	26	10	17	100	60	100	68	49	26	72	72	65	86	3	8	92	55	64	51	78	19	2	8	77	64	13	96	62	62	19	16	22	13	100	80	40	78	81	13	78	69	94	87	74	89	12	63	55	57	60	83	82	26	81	31	11	9	61	2	67	20	81	88	53	28	34	41	30	26	30	58	71	42	1	94	1	100	28	20	57	10	12	21	48	77	97	67	87	85	76	16	98	41	65	55	42	29	36	66	62	53	13	59	70	79	2	46	77	86	17	30	97	87	29	18	48	31	70	41	100	12	52	88	87	86	59	46	96	52	14	44	39	9	50	55	53	81	3	84	54	17	28	12	38	
17	49	1	78	26	77	96	58	70	35	73	53	69	62	78	37	44	67	98	15	24	20	53	84	84	97	83	1	88	45	7	29	9	97	63	46	88	89	95	13	31	99	80	30	100	22	4	13	19	84	12	2	87	80	79	81	40	49	45	22	2	79	54	48	36	36	4	59	45	74	19	24	81	38	64	93	36	52	10	31	25	74	33	59	45	49	3	3	42	60	59	48	53	74	49	60	97	50	65	84	16	63	96	69	37	19	61	62	33	47	14	22	58	36	92	6	57	55	73	51	74	20	66	98	18	88	44	33	51	74	100	19	89	85	23	66	85	81	26	52	54	72	70	55	96	81	100	56	50	23	70	34	35	21	10	65	44	61	36	46	65	16	33	29	49	92	41	52	46	87	91	52	14	86	66	85	21	64	13	39	27	80	59	31	96	61	59	16	12	95	72	96	37	71	3	89	69	94	33	89	
89	88	54	79	4	86	96	64	73	52	93	31	62	71	11	30	32	54	95	25	85	83	15	9	97	64	6	92	92	62	100	67	56	53	99	86	44	96	10	73	47	16	22	15	99	22	11	97	64	63	23	74	17	32	95	57	33	90	66	30	81	68	72	97	46	1	24	48	39	76	56	65	96	65	80	8	32	70	46	18	15	12	68	39	1	64	94	14	30	10	75	1	48	95	62	48	61	71	43	55	83	92	80	23	70	14	99	24	90	46	87	86	47	52	97	52	73	81	6	95	11	26	71	78	17	90	5	76	80	73	81	36	58	90	31	29	86	15	9	35	74	81	71	24	95	37	52	25	10	52	60	21	58	49	97	70	82	30	34	73	90	23	32	37	18	46	91	55	43	16	26	48	47	33	100	91	72	71	98	5	38	9	17	42	84	39	4	14	70	79	53	79	54	12	82	71	24	95	9	2	
55	69	97	81	56	30	50	13	19	31	37	55	53	66	21	23	21	85	19	14	11	31	70	34	83	6	33	98	63	61	41	62	21	95	78	15	13	13	33	73	21	81	54	32	26	69	75	40	8	16	34	40	42	92	85	33	4	65	40	34	90	86	95	11	90	40	15	44	42	36	36	6	32	48	15	62	27	17	39	62	59	59	61	89	32	18	5	20	49	88	97	99	100	16	54	10	79	85	97	61	35	27	94	23	32	22	69	97	42	100	30	5	30	60	49	20	34	63	8	92	45	19	80	34	86	85	21	32	17	13	1	75	41	6	66	87	30	43	79	46	77	48	69	61	2	77	88	44	86	10	98	40	60	92	81	29	19	25	94	83	46	86	26	28	32	24	94	6	60	82	76	68	34	22	77	53	27	80	2	66	47	40	16	31	28	50	91	40	18	20	52	8	92	30	99	23	14	35	8	23	
47	90	20	42	81	75	29	80	64	71	62	2	46	15	18	7	96	66	59	14	13	1	46	5	1	92	98	75	9	48	53	35	14	93	1	90	49	59	5	69	95	13	15	76	27	18	87	9	12	64	4	10	13	21	99	51	75	73	39	79	6	41	37	22	95	39	76	34	47	100	86	45	3	65	4	69	75	83	31	39	57	43	29	29	18	100	91	97	90	27	34	18	43	54	57	45	5	68	69	78	56	98	15	87	74	100	91	29	2	96	24	56	53	59	81	34	5	50	65	74	23	93	91	25	57	97	67	16	76	25	77	25	1	4	38	33	88	41	33	82	99	58	65	61	23	2	19	18	55	30	79	21	92	1	66	45	57	84	28	95	27	63	55	76	15	48	90	69	55	54	3	29	19	4	42	27	84	10	67	11	94	8	21	59	1	48	93	51	81	17	58	90	78	57	27	86	46	8	12	96	
18	89	28	93	38	59	81	59	27	3	94	7	19	20	92	87	3	69	7	37	78	48	50	100	88	92	63	9	6	96	56	21	66	86	85	46	36	55	54	59	85	54	80	80	15	5	55	23	87	27	14	15	8	87	88	75	65	34	94	69	99	32	2	64	40	5	1	55	58	38	42	24	28	24	52	79	36	55	97	56	74	59	87	28	42	33	25	2	26	19	41	91	85	90	62	93	47	82	38	74	44	41	44	85	46	43	3	91	37	24	81	14	28	7	69	47	7	68	53	70	52	92	73	35	73	59	13	4	88	77	66	29	79	32	21	54	41	13	53	48	97	95	30	63	97	44	1	14	72	73	62	21	35	88	19	12	54	37	86	82	91	43	45	92	88	47	23	2	36	34	71	8	5	19	54	39	42	84	16	17	45	13	81	65	85	90	13	9	46	56	25	86	50	11	61	87	62	82	29	42	
23	41	25	79	50	29	76	28	45	24	20	22	23	73	1	51	17	20	39	79	93	68	25	72	45	62	61	48	96	21	85	53	5	40	78	62	34	8	53	60	64	91	14	56	41	10	64	40	45	92	2	87	56	78	87	3	19	88	67	50	99	2	13	39	3	18	20	33	57	48	4	88	51	7	54	80	89	86	20	18	14	24	5	35	35	18	50	15	81	38	55	42	46	2	77	42	64	62	23	16	67	79	12	86	96	68	8	32	37	30	77	99	16	52	4	86	92	65	21	42	8	98	77	94	77	91	13	43	63	40	41	19	27	30	100	32	92	63	92	6	12	1	53	36	3	10	60	61	84	17	50	8	86	35	28	31	76	77	99	44	24	76	78	7	70	72	14	62	43	63	90	45	75	80	75	46	58	80	46	50	28	4	16	47	45	28	51	8	58	78	95	48	90	98	77	37	77	72	25	75	
63	41	39	73	36	10	6	55	3	37	52	86	2	32	91	24	44	95	64	77	33	51	39	48	7	100	41	53	56	85	78	2	72	18	60	12	37	71	76	2	73	35	1	6	93	5	55	7	92	89	62	12	21	76	89	94	49	28	38	72	64	90	24	17	16	73	100	37	19	57	89	18	82	97	67	90	39	100	85	13	61	7	22	31	23	66	79	25	65	60	73	90	54	65	91	67	39	4	93	7	90	13	72	55	14	58	92	58	100	12	15	47	5	98	6	71	2	100	43	24	19	28	88	49	25	74	81	81	87	4	47	74	84	28	15	90	33	69	76	23	79	56	95	96	22	57	49	70	71	98	34	48	61	25	36	54	98	63	19	73	34	16	74	16	43	97	83	45	78	96	95	22	100	26	54	66	32	73	55	63	86	100	2	44	88	24	34	55	21	45	33	20	61	38	3	68	100	93	54	7	
54	53	55	3	61	96	84	15	55	23	27	85	44	14	20	62	84	23	50	89	36	89	55	7	29	67	62	35	21	53	2	4	73	41	78	72	98	87	98	43	38	67	87	41	79	88	34	26	84	42	9	17	7	44	22	87	88	97	74	25	66	9	27	100	87	32	75	43	48	13	95	43	31	94	8	64	39	79	57	91	66	41	84	12	45	26	89	18	68	61	79	44	79	8	49	21	68	82	39	34	37	4	31	44	1	49	8	98	95	99	77	17	5	53	75	25	64	3	57	86	19	34	23	12	61	63	26	71	28	92	52	36	15	55	81	100	75	25	57	4	59	82	46	66	57	66	94	17	94	7	81	86	38	17	100	67	30	94	57	92	53	34	66	99	79	32	9	63	38	21	47	58	8	20	53	22	2	34	2	67	54	43	6	95	75	77	81	75	14	69	4	34	5	43	14	64	27	68	71	83	
45	16	27	88	19	32	100	69	69	59	76	25	99	30	82	68	13	54	21	65	23	38	81	70	9	56	21	14	66	5	72	73	100	91	69	44	98	89	32	95	40	17	17	42	6	22	17	91	62	75	49	1	99	69	74	1	89	13	17	58	9	81	62	54	97	19	68	88	72	69	90	2	23	39	22	21	39	72	56	52	5	73	32	86	76	68	65	100	57	37	63	49	31	92	40	34	34	87	96	100	68	26	46	66	32	24	20	18	99	25	31	53	26	44	60	42	91	44	5	20	2	40	89	9	88	47	68	7	66	12	89	27	33	28	43	99	25	61	86	73	50	14	89	62	38	26	8	84	4	27	80	23	88	18	38	11	37	86	84	2	33	85	42	97	91	63	28	26	50	1	63	66	60	33	88	7	73	54	68	59	4	86	5	29	59	58	87	92	75	3	12	60	35	48	16	90	42	15	15	12	
87	28	77	25	98	74	15	42	85	51	49	26	74	34	92	21	59	87	11	74	58	61	59	71	97	53	95	93	86	40	18	41	91	42	62	48	68	87	46	19	76	30	41	27	43	42	15	9	2	100	63	24	88	63	67	57	96	7	70	41	55	97	81	66	82	45	36	92	18	55	18	97	50	93	66	58	52	100	60	92	26	55	39	54	74	71	52	81	15	67	19	45	14	93	1	70	71	18	4	84	44	54	12	17	48	74	40	96	3	90	44	68	51	58	45	83	65	84	13	46	71	69	36	60	94	8	46	19	95	36	79	96	43	91	84	49	92	10	43	30	48	20	34	9	35	47	46	6	82	13	57	91	65	84	59	8	31	62	30	93	22	100	65	41	36	11	31	86	85	77	50	98	30	73	34	88	21	23	58	1	45	25	59	4	31	63	91	51	86	73	13	44	31	18	60	56	19	60	61	45	
82	42	69	7	83	63	3	46	55	72	40	13	23	11	47	35	77	73	85	76	76	82	51	72	63	99	78	1	85	78	60	78	69	62	79	53	2	41	25	74	77	92	95	64	81	60	10	17	46	88	36	61	36	85	69	59	94	4	24	29	22	97	4	53	68	72	36	14	15	60	27	77	84	90	19	83	58	66	91	20	15	95	91	64	89	55	93	97	100	64	46	66	75	66	85	80	92	60	24	62	69	62	43	8	23	60	84	98	82	51	71	54	89	72	91	95	42	54	49	50	4	70	6	96	82	33	74	23	94	48	2	15	10	52	59	68	41	86	48	44	82	60	11	39	72	3	54	88	46	17	21	90	65	8	53	18	26	16	68	44	17	48	81	90	57	18	92	83	92	99	2	99	30	23	26	14	16	66	41	63	90	17	37	3	85	25	78	66	52	16	88	71	19	65	23	34	60	95	9	43	
35	72	10	24	57	81	86	76	2	70	74	23	92	88	82	62	16	59	30	40	63	31	67	29	46	86	15	90	46	62	12	72	44	48	53	21	65	21	61	14	86	10	94	53	21	17	99	32	13	5	93	83	47	96	76	27	3	56	27	75	50	84	97	41	17	60	16	77	41	81	52	59	16	12	76	70	74	8	99	69	47	31	63	48	94	83	52	9	78	55	66	96	68	23	44	93	90	39	12	85	58	79	68	43	91	26	80	63	14	14	22	31	78	18	17	79	13	75	14	31	39	57	20	92	6	28	59	79	39	21	66	18	92	45	78	73	19	80	29	59	53	34	7	39	35	92	37	40	19	31	89	34	9	100	58	20	81	51	25	86	72	56	83	24	90	55	2	76	10	78	76	93	54	60	26	13	84	34	20	87	40	32	96	25	38	72	2	81	38	17	88	14	31	88	80	77	19	35	75	36	
88	31	85	44	54	55	55	59	6	96	23	33	23	43	18	45	94	73	20	63	31	81	26	61	88	44	13	49	36	34	37	98	98	68	2	65	94	73	95	33	59	6	93	37	46	80	27	46	57	46	51	53	74	33	45	38	75	65	5	91	52	62	74	67	59	13	14	78	56	7	1	68	28	35	24	39	74	7	58	29	71	96	52	80	23	86	24	49	31	47	33	12	62	66	23	17	22	82	4	94	72	72	28	79	46	29	45	14	56	40	60	43	69	50	17	63	81	86	58	100	23	11	65	16	4	78	79	13	47	62	1	61	95	47	91	81	24	27	74	27	100	60	27	12	51	48	23	39	86	5	4	80	35	50	59	42	23	61	21	47	100	60	83	40	54	3	12	49	58	44	16	55	84	22	36	48	10	32	99	95	74	86	93	2	31	10	52	52	31	52	54	44	73	77	11	50	18	72	20	88	
1	62	95	37	68	44	48	76	68	55	34	71	27	11	92	74	77	41	84	70	36	60	44	60	89	96	13	59	55	8	71	87	89	87	41	21	73	96	98	58	99	24	49	71	64	58	1	3	84	71	11	40	81	11	63	41	22	42	20	39	72	27	92	65	46	98	51	30	52	91	41	87	35	43	40	94	88	12	54	2	46	51	35	74	93	46	8	81	35	85	14	92	60	2	47	28	32	5	10	97	22	1	37	54	24	97	80	42	52	67	22	26	50	65	75	61	52	98	49	34	5	92	46	80	74	48	73	20	71	40	34	22	86	40	72	65	73	72	35	44	66	93	40	1	47	41	16	48	11	73	16	87	98	94	76	71	68	42	40	37	91	58	25	77	7	88	91	17	65	82	66	37	93	77	75	14	82	22	63	1	75	83	50	70	54	82	41	62	14	47	44	21	49	24	56	21	79	50	47	6	
88	8	58	53	95	7	26	58	95	22	3	64	2	61	77	42	21	29	21	98	40	83	80	78	95	10	33	5	54	53	76	98	32	46	25	61	95	98	5	31	16	59	66	14	82	12	36	65	71	91	66	88	21	83	77	87	48	47	47	12	23	94	50	74	20	66	20	55	84	52	62	30	25	51	70	58	36	96	1	4	21	14	80	35	54	59	98	63	54	62	69	44	28	70	92	19	59	33	73	72	26	24	18	25	80	66	52	52	36	31	23	20	31	90	10	83	38	73	23	36	83	28	47	9	6	78	77	88	27	56	22	63	32	88	32	4	71	75	57	10	43	43	78	49	91	65	88	11	95	8	85	54	3	43	20	100	69	48	41	15	37	67	98	47	27	73	74	78	35	36	72	18	8	79	57	4	94	48	59	91	47	12	37	97	47	63	42	75	64	7	40	64	3	4	4	79	77	66	1	11	
44	57	57	48	47	35	71	34	89	80	15	15	51	25	13	13	37	33	51	55	46	51	93	98	13	73	73	69	59	60	2	43	95	19	74	14	33	58	31	57	60	71	89	25	23	80	81	72	25	67	46	77	17	70	52	44	42	91	93	32	81	79	4	97	78	97	39	25	21	8	73	16	91	65	22	36	16	19	51	10	45	9	91	18	42	96	91	51	41	36	21	54	25	36	35	19	26	1	52	31	87	98	53	64	89	80	24	93	89	63	44	38	82	33	53	65	65	39	81	93	28	61	94	81	13	85	7	49	60	51	7	10	62	60	96	63	83	18	20	33	58	89	41	3	63	87	82	51	11	43	78	54	27	2	22	64	49	29	93	75	69	80	15	91	46	19	71	95	95	29	50	10	59	24	97	19	93	72	88	45	16	2	68	92	94	21	29	83	64	12	70	13	86	77	19	52	44	5	94	17	
61	34	58	26	55	1	31	44	6	32	74	46	21	81	95	74	73	80	7	44	68	71	39	15	31	47	21	95	85	64	73	38	40	76	77	86	59	99	16	60	43	97	48	41	53	22	94	65	35	23	75	68	40	92	10	67	88	22	16	92	8	94	85	94	55	25	54	39	42	44	44	74	80	24	78	44	41	81	8	54	14	91	21	60	27	57	9	32	28	1	35	2	2	53	27	58	25	19	42	24	23	76	61	8	36	16	47	80	3	7	98	97	29	68	86	76	74	14	82	20	11	7	4	7	99	86	82	11	11	88	16	30	9	14	8	69	87	40	96	18	69	24	99	59	100	70	7	95	92	77	27	63	61	62	87	96	62	15	58	43	60	33	43	76	97	31	60	22	64	22	76	63	79	10	65	7	44	96	86	50	29	41	84	18	28	87	78	19	18	76	41	28	68	81	79	45	20	51	89	19	
61	75	72	27	53	57	17	36	2	9	11	48	61	17	60	2	40	93	82	12	2	63	6	100	99	16	81	13	54	91	35	67	17	30	92	10	6	24	59	71	97	99	29	33	55	56	43	3	23	36	35	41	86	12	74	86	4	24	43	36	16	77	64	41	8	16	49	32	74	63	82	63	63	66	16	15	30	34	20	42	37	37	50	78	85	37	45	42	18	41	96	34	94	1	64	68	3	6	71	47	84	21	48	69	42	45	1	89	49	52	92	87	53	65	34	1	65	67	19	38	79	13	48	34	25	16	25	43	93	31	1	88	65	64	7	14	53	100	68	33	77	51	98	59	79	40	5	79	4	7	33	86	82	64	63	19	66	76	60	25	62	74	67	83	29	45	33	18	28	42	98	85	34	24	10	88	67	52	54	58	87	81	12	71	94	95	29	63	98	33	47	12	58	70	93	47	37	48	45	80	
21	22	6	40	40	58	37	81	37	100	37	15	37	72	88	80	74	70	91	15	79	58	7	71	80	22	54	15	80	14	1	87	17	41	95	94	93	49	66	89	48	29	82	100	71	2	29	9	65	10	64	71	21	22	9	27	84	62	9	85	40	51	79	82	76	79	58	83	4	74	92	90	96	27	85	25	27	2	96	76	82	87	96	98	60	53	75	3	12	26	33	67	8	87	46	97	36	72	4	93	4	49	67	35	59	50	70	24	89	27	53	67	58	87	39	25	63	11	52	26	57	98	89	83	1	61	38	40	35	3	38	94	88	52	47	68	46	8	73	18	56	15	35	44	37	72	4	2	14	4	10	49	16	83	98	88	49	72	10	7	85	34	44	52	99	30	79	90	98	10	81	22	35	52	84	47	12	56	31	34	73	38	13	88	93	7	72	77	32	44	61	92	87	55	76	77	77	6	67	71	
39	98	55	97	83	66	95	12	45	32	38	81	99	20	64	90	20	3	6	94	9	78	45	95	30	15	32	76	80	56	6	41	42	27	64	53	37	71	14	25	41	33	100	87	91	95	65	40	68	72	37	98	50	66	69	87	44	16	36	16	96	7	19	91	52	25	66	68	18	1	20	44	39	89	19	20	59	3	17	16	91	14	2	52	17	19	29	58	61	70	54	67	46	48	65	6	27	7	44	76	3	7	23	58	77	18	89	70	98	65	87	1	10	35	7	77	7	65	35	67	54	37	23	51	88	75	77	81	9	48	92	82	2	17	41	30	19	82	36	45	12	58	22	58	28	80	53	41	33	90	22	16	62	76	15	51	79	84	1	37	75	70	96	84	1	36	8	55	94	16	12	80	33	60	40	49	1	15	92	5	96	85	45	96	37	41	25	46	83	82	52	25	38	52	10	58	52	90	91	18	
11	57	79	98	15	75	22	89	58	47	46	49	25	90	82	97	81	68	7	41	8	53	52	62	100	99	26	27	15	41	93	79	6	43	81	21	46	64	82	23	53	55	71	91	24	48	17	21	27	82	57	15	75	26	40	89	79	33	1	14	94	35	76	14	22	49	2	69	24	60	66	77	92	97	46	43	55	37	29	96	34	43	16	51	5	23	80	20	42	83	71	79	75	62	17	3	15	80	69	37	76	91	25	88	8	75	37	94	25	92	98	9	26	34	68	13	89	9	7	30	83	95	46	31	46	48	26	23	4	7	67	92	50	65	72	30	38	23	70	95	43	5	55	31	3	67	3	88	68	24	6	9	26	81	33	32	18	16	47	74	82	52	25	5	27	94	89	55	47	48	9	82	71	92	56	80	76	60	50	38	15	69	83	36	90	40	84	69	42	18	32	24	62	85	25	87	34	65	63	58	
57	65	24	45	12	8	100	65	59	40	27	38	60	5	26	20	51	54	32	93	86	56	100	39	22	22	69	18	5	10	5	88	22	42	60	17	80	58	12	80	22	56	2	95	48	10	23	45	82	36	89	21	20	17	100	16	49	96	89	15	38	3	45	88	95	74	46	58	15	63	62	76	29	13	29	67	50	88	52	53	24	49	39	89	19	30	54	79	43	74	11	24	80	48	29	66	36	51	74	39	68	4	6	96	9	92	45	98	37	12	64	80	48	20	13	9	6	16	82	14	48	17	31	63	30	81	20	23	2	33	52	59	41	19	76	32	84	67	61	54	9	84	91	20	27	30	61	46	11	38	11	28	17	3	8	53	96	79	15	44	48	52	21	6	66	69	60	40	77	65	44	6	10	28	30	75	82	46	85	47	30	86	5	48	56	81	6	73	66	70	69	97	12	80	40	1	36	61	55	58	
50	22	15	60	27	73	47	17	25	98	22	42	48	87	45	97	19	79	99	90	84	51	15	81	4	11	75	87	55	64	55	34	17	15	10	99	27	1	36	81	94	43	29	65	17	23	5	32	94	4	80	75	8	82	72	35	73	54	22	12	24	78	45	64	42	59	98	58	5	39	66	84	9	75	47	19	69	87	8	41	57	77	36	84	98	13	15	41	69	30	86	47	6	41	94	3	19	68	93	11	22	82	66	96	58	5	87	57	72	90	15	86	32	32	44	39	87	44	33	75	72	60	3	61	30	15	13	42	81	36	61	53	13	6	87	8	65	71	68	35	68	28	41	66	96	45	43	26	7	13	47	21	5	89	49	40	61	61	71	27	88	99	79	39	60	83	8	68	44	80	17	86	22	60	3	32	14	88	62	66	4	89	55	3	8	88	53	16	16	66	29	24	55	68	69	66	61	12	92	59	
36	51	53	100	12	38	41	73	13	44	81	63	30	30	49	97	32	77	37	52	76	16	20	65	13	97	40	9	23	40	7	26	91	9	17	32	46	3	65	72	65	3	9	40	21	45	32	78	56	33	11	50	16	98	6	35	56	94	62	64	9	23	83	34	36	41	56	25	95	87	39	61	75	72	10	12	9	30	18	77	75	10	51	27	49	52	91	94	23	97	100	57	6	98	33	92	64	90	36	21	35	12	67	47	65	75	2	36	73	97	90	87	53	49	81	83	68	54	77	72	6	59	2	22	21	75	85	65	17	80	75	57	79	85	5	78	79	82	70	22	98	39	58	19	56	60	75	2	43	76	43	99	89	91	44	12	100	66	22	57	60	9	75	78	38	8	26	32	9	54	40	46	17	76	82	69	86	18	21	70	86	78	86	42	30	96	89	63	34	78	48	5	77	5	27	12	79	82	14	29	
98	16	92	11	94	35	80	81	2	33	33	28	4	8	75	50	5	91	37	17	81	23	29	94	19	64	8	12	87	45	92	84	62	2	46	13	57	84	71	25	35	23	65	68	27	82	94	56	18	42	87	67	53	54	28	85	15	2	15	18	67	80	72	35	73	24	76	93	71	100	60	86	26	27	66	5	63	98	6	9	44	92	81	14	85	92	77	31	78	99	73	46	62	20	14	52	84	99	80	99	69	51	54	50	20	11	31	14	42	16	3	17	31	99	20	49	27	94	17	47	51	21	53	17	82	79	55	11	40	4	11	8	29	3	34	87	98	26	67	62	83	34	1	29	72	38	87	88	73	44	54	8	21	52	92	97	26	90	91	12	28	58	78	72	49	65	93	86	38	86	72	60	29	45	54	42	7	7	60	8	67	10	85	69	22	8	39	77	2	90	1	78	56	62	51	29	14	13	63	59	
31	16	19	8	94	60	93	8	61	53	64	38	82	22	32	66	57	67	51	7	81	6	73	82	84	63	16	64	27	92	89	42	75	100	88	5	46	71	91	67	23	36	10	72	82	36	4	33	42	80	87	71	23	20	66	97	47	54	99	13	42	36	61	41	99	83	45	36	15	7	21	91	71	88	69	41	3	90	37	21	5	69	73	57	16	81	94	100	37	92	72	16	99	82	36	91	81	24	94	53	9	58	34	46	47	73	36	7	54	59	31	19	84	85	14	91	73	98	29	47	27	36	1	75	15	47	87	92	61	57	19	61	59	24	69	60	82	25	90	82	86	68	39	18	36	76	34	77	60	1	56	30	37	64	10	65	5	65	5	88	35	40	40	82	100	1	84	11	34	84	77	25	48	81	28	45	77	83	38	40	63	68	2	95	48	41	17	90	85	76	15	5	84	66	74	61	58	77	53	72	
90	41	10	90	51	38	69	23	72	75	36	23	61	63	73	70	50	89	73	8	26	39	67	53	12	23	34	4	14	2	62	9	49	63	36	93	51	11	66	46	75	35	64	37	57	89	80	11	87	87	32	86	97	54	47	87	56	51	86	3	31	42	37	67	30	30	38	33	89	20	96	31	47	2	54	90	15	33	77	47	37	11	48	9	9	66	27	11	56	79	8	3	24	91	85	60	39	23	25	28	73	66	86	86	62	65	54	93	3	45	83	65	72	17	12	85	69	68	68	93	49	15	1	21	88	89	21	66	90	20	71	28	98	52	96	13	59	34	20	44	99	27	25	55	23	92	23	24	91	84	42	19	43	34	39	44	94	90	98	41	66	72	27	1	88	56	3	62	93	66	40	27	32	15	29	44	33	90	58	33	94	32	34	76	100	47	95	78	14	14	13	69	28	98	2	33	97	54	47	28	
98	22	79	11	44	85	9	57	66	23	94	57	44	45	71	24	54	88	96	74	17	36	54	77	2	74	40	10	15	87	12	17	1	24	61	83	53	40	88	77	68	41	71	98	15	21	75	50	67	71	86	91	14	31	27	32	56	76	99	15	44	4	5	11	26	86	97	29	76	6	52	29	43	64	26	34	91	38	52	91	75	90	17	58	23	17	83	49	90	28	76	53	98	89	95	53	30	100	1	82	61	50	91	77	15	39	8	67	74	86	63	15	79	99	25	62	64	75	75	65	56	64	16	32	37	86	52	14	48	3	10	65	3	49	56	68	1	91	57	11	68	86	63	34	64	79	32	82	4	16	98	4	24	18	57	53	38	66	82	25	62	63	44	73	22	4	8	10	97	43	66	96	26	97	10	8	62	99	31	62	21	21	5	62	35	39	11	75	83	23	57	2	24	61	68	34	58	37	22	43	
49	60	9	83	66	43	86	40	94	79	40	20	96	70	43	81	32	93	20	44	58	42	25	79	87	17	42	13	8	56	21	7	99	88	36	47	74	81	21	17	40	86	21	50	75	20	8	16	53	23	97	14	35	24	25	94	2	82	60	100	14	72	8	53	31	28	75	34	97	97	60	11	31	49	65	26	16	46	1	65	61	84	72	32	73	38	10	67	38	37	99	20	51	97	51	4	41	5	49	63	66	58	46	93	42	46	52	71	22	35	74	17	19	86	61	85	89	86	90	69	45	63	23	83	91	50	87	43	71	8	87	31	19	7	66	100	100	82	15	71	48	1	40	84	73	68	26	63	15	14	72	95	21	99	28	5	71	100	64	58	65	58	60	46	77	33	55	25	65	55	88	73	9	39	49	98	99	96	68	43	29	20	72	24	2	41	65	17	88	54	55	10	63	44	73	93	76	5	74	54	
93	61	5	82	70	20	37	83	84	53	8	95	73	58	52	1	3	98	23	15	2	24	93	35	80	32	92	21	87	78	76	44	69	63	85	96	33	11	83	70	92	12	22	66	26	17	82	98	54	20	54	31	24	79	24	84	21	31	97	87	74	68	39	64	78	13	21	22	48	44	44	11	50	3	53	19	83	48	29	89	4	66	86	38	92	72	65	47	29	10	26	61	65	88	75	99	39	2	94	28	63	12	9	37	8	96	26	79	60	11	3	97	99	89	5	23	22	18	57	42	90	89	2	50	18	2	91	4	78	34	3	24	24	22	84	22	33	37	7	73	33	50	42	26	28	28	62	87	14	83	1	96	22	90	17	96	18	16	25	34	92	75	4	61	10	67	43	35	72	100	35	11	39	84	20	85	59	42	46	53	44	49	71	19	67	3	94	83	92	12	16	100	95	9	6	85	15	33	87	99	
95	14	62	64	27	54	36	5	33	35	10	78	81	42	5	75	5	22	59	98	58	79	65	80	79	95	85	99	88	87	89	22	74	67	69	76	45	63	77	52	10	74	9	69	40	100	72	6	28	66	47	27	25	24	32	57	61	84	67	95	92	26	46	91	25	14	5	60	72	11	17	61	79	53	18	26	94	24	97	28	79	81	73	81	23	43	20	73	13	91	71	30	63	4	90	3	65	70	70	4	92	98	60	21	54	83	47	89	70	65	68	62	94	59	100	18	19	72	79	29	54	74	53	65	86	57	73	70	89	28	65	81	16	100	20	94	22	78	47	100	63	72	69	52	90	22	18	68	88	66	41	94	3	11	51	83	69	79	70	46	28	34	53	33	28	4	91	85	32	26	29	82	15	74	10	55	74	20	51	12	17	25	32	68	18	84	17	52	36	76	65	25	42	21	12	7	99	16	100	68	
58	63	17	63	1	64	58	39	43	47	6	51	44	75	94	20	32	80	68	27	40	56	78	77	81	57	33	51	75	3	94	87	1	57	59	27	38	41	87	44	67	86	27	87	89	16	35	35	85	97	87	32	94	84	57	33	13	63	97	67	40	19	85	12	59	82	34	21	52	8	84	84	60	89	39	79	89	12	70	83	26	100	88	88	29	19	89	8	88	7	71	84	78	37	80	37	31	30	17	22	98	45	20	11	100	28	13	59	1	48	77	70	75	14	53	46	67	100	97	27	41	86	64	10	70	65	7	75	63	73	23	29	48	6	53	20	7	46	36	53	75	44	65	8	74	84	32	7	93	54	51	20	43	39	58	89	49	40	60	99	52	98	57	43	88	20	41	40	37	28	18	22	24	77	32	72	18	22	50	50	53	52	85	62	18	14	9	97	89	60	74	91	48	71	70	38	50	68	35	76	
34	100	94	27	38	58	74	10	49	33	54	100	73	100	65	11	99	3	30	51	94	4	57	26	40	33	4	75	65	19	49	88	89	96	94	3	75	22	48	42	88	4	84	44	79	49	73	56	15	47	56	56	2	21	61	13	18	52	41	49	27	75	79	61	72	67	7	14	73	4	85	88	13	24	1	46	85	72	87	66	13	100	21	93	58	1	77	98	29	73	21	35	38	73	97	10	14	12	98	7	49	65	2	12	18	46	73	19	72	81	95	44	100	6	58	83	66	40	26	84	32	67	22	30	7	18	10	54	69	47	99	12	72	56	61	2	32	60	23	27	10	59	6	59	57	44	5	12	35	32	25	69	19	11	31	4	91	36	36	53	80	5	2	63	12	40	58	6	30	9	93	60	32	11	20	98	41	20	16	46	41	100	96	95	97	50	9	17	58	48	35	27	29	57	15	25	80	68	64	1	
15	35	91	30	20	59	100	17	11	35	54	69	33	59	27	31	6	50	69	68	88	83	73	10	49	90	65	73	34	88	28	97	13	7	4	56	65	42	47	91	22	24	62	16	33	96	54	94	2	54	51	76	82	31	84	63	52	68	3	65	72	98	26	82	40	59	87	79	87	39	77	52	40	80	26	52	96	2	23	50	25	98	75	63	41	82	43	38	90	69	9	55	61	32	67	29	38	9	13	99	84	71	39	4	13	6	62	10	13	42	5	73	14	22	84	50	3	8	36	23	66	16	91	27	75	38	38	73	38	4	24	90	21	29	45	54	96	81	38	69	100	94	88	85	10	35	71	36	48	85	94	46	73	72	37	60	67	75	56	74	39	42	73	75	41	67	95	37	16	35	3	38	22	38	76	7	80	74	89	50	59	44	50	57	93	64	1	58	97	18	16	37	74	87	62	46	92	19	21	17	
86	88	96	3	82	21	17	71	63	11	82	5	92	67	30	91	3	30	88	19	84	78	95	17	45	66	40	39	94	67	38	74	17	70	24	27	5	20	47	93	16	43	9	36	1	89	22	62	15	99	86	99	60	97	67	97	41	3	5	90	48	82	68	77	47	55	32	92	16	52	37	61	78	19	48	90	93	75	8	61	12	4	96	17	39	45	53	36	84	14	61	8	36	21	26	60	49	53	4	8	43	70	57	63	47	100	17	33	87	23	59	53	65	16	31	22	94	67	17	6	47	21	9	1	83	12	88	74	41	82	60	77	93	38	32	81	78	2	2	68	17	27	93	34	41	10	4	99	88	61	43	51	27	65	62	16	12	52	80	75	28	71	16	80	30	64	28	15	62	8	92	43	15	4	10	40	89	57	17	93	95	100	69	62	3	25	34	66	13	35	49	96	30	12	65	5	30	42	11	22	
59	62	26	30	62	39	67	24	87	7	64	76	37	20	40	81	36	94	71	38	93	51	74	100	22	30	34	79	69	50	72	25	58	41	29	75	91	39	12	32	92	36	85	16	14	15	12	64	18	13	3	15	100	87	95	67	49	65	90	42	9	51	18	11	56	10	92	53	64	76	39	37	67	36	38	24	7	79	11	36	100	7	79	17	25	79	64	94	60	44	17	87	94	2	48	6	34	18	89	69	10	69	12	41	66	49	33	81	49	89	20	31	91	36	42	18	13	37	100	36	42	14	59	26	66	79	74	73	67	95	34	71	91	58	54	82	36	86	97	54	28	5	56	26	17	84	73	44	44	31	57	92	28	98	77	100	6	83	48	24	79	56	77	49	83	76	88	7	58	38	80	82	25	14	49	21	60	43	20	44	47	100	76	5	11	94	54	81	33	57	66	67	13	12	3	32	100	12	53	92	
46	19	64	18	47	93	50	91	38	17	90	35	100	12	12	19	37	47	9	51	78	67	38	60	2	81	90	6	99	99	64	66	9	55	22	50	52	72	23	81	8	16	40	96	94	38	24	9	67	42	31	44	14	74	92	40	27	72	48	9	28	77	65	10	48	2	31	77	56	78	100	54	78	80	95	11	78	1	11	97	71	12	83	59	2	81	86	50	51	80	97	69	78	57	65	96	23	22	18	68	69	6	27	5	81	85	42	51	88	22	20	29	3	74	39	64	57	4	74	7	30	79	7	21	12	66	96	38	77	82	81	31	25	45	24	30	95	71	36	43	63	55	90	35	60	77	34	37	3	58	13	63	59	76	48	85	56	34	49	38	38	93	5	2	40	16	19	64	79	42	94	68	60	55	4	74	93	95	26	42	31	3	59	5	43	38	72	11	17	33	71	35	15	77	85	30	36	36	70	1	
75	3	4	79	87	42	96	10	13	95	79	79	36	34	79	83	65	62	52	22	65	44	29	100	79	68	86	41	32	2	90	9	81	97	97	84	62	27	94	79	94	77	51	7	35	3	78	23	80	36	42	4	72	68	26	19	75	98	82	51	77	94	2	11	37	45	20	41	69	68	91	79	35	29	81	30	18	69	18	30	59	66	8	51	79	11	8	27	7	66	3	76	77	19	57	46	32	62	56	81	83	82	55	23	23	79	52	20	90	39	67	96	1	78	1	3	88	11	51	8	9	58	2	29	2	45	38	76	66	45	63	47	42	42	9	68	41	58	80	91	43	39	72	74	45	38	7	78	13	60	7	86	37	57	57	55	95	42	33	9	25	44	63	3	18	35	54	91	24	15	71	59	51	19	22	37	10	1	85	89	8	18	30	10	64	78	79	14	93	5	76	95	54	91	86	35	3	62	18	1	
77	65	68	12	61	20	41	45	86	49	64	77	10	98	65	66	87	75	30	85	59	22	74	68	54	72	95	37	2	13	24	27	62	81	4	97	74	92	50	4	85	64	79	19	76	45	45	83	72	61	37	5	8	39	46	85	79	26	68	18	65	2	80	82	85	64	63	54	28	33	75	71	92	73	7	75	56	2	62	26	17	85	10	95	47	94	48	82	35	59	17	98	33	99	33	34	94	57	90	12	15	84	73	78	81	49	66	31	45	94	70	5	46	15	50	98	10	94	73	40	91	54	33	85	69	36	13	62	46	97	60	48	64	52	46	89	1	1	84	6	96	53	83	7	46	27	20	91	31	17	59	98	76	70	24	11	92	58	5	26	45	91	43	47	83	94	95	10	55	55	59	45	77	31	28	73	60	19	5	95	72	51	46	47	33	82	66	29	11	55	94	18	39	14	13	44	63	95	39	22	
10	97	58	49	14	96	19	73	58	71	59	68	79	79	22	41	9	87	24	47	21	46	97	49	48	97	11	22	64	39	17	100	54	66	53	41	67	65	74	97	94	41	82	91	14	88	64	34	35	41	67	11	53	64	91	12	61	82	77	11	10	11	82	54	3	70	52	78	74	40	13	65	12	76	1	37	78	25	45	11	63	26	30	66	52	78	41	25	82	25	80	62	71	79	87	8	52	4	100	15	36	69	81	55	32	16	13	43	18	74	54	70	35	55	91	60	54	38	17	16	100	79	5	90	34	15	67	49	21	65	9	18	81	19	31	83	6	82	22	44	92	78	47	80	73	31	12	25	85	9	45	87	82	26	98	52	81	87	64	49	45	92	69	100	77	12	92	12	13	43	46	12	59	12	11	57	52	46	63	12	9	26	54	46	78	100	67	20	84	92	56	32	100	31	51	26	41	64	80	18	
44	5	11	30	77	49	10	35	94	55	34	74	85	5	52	40	50	66	4	80	3	36	35	26	36	46	90	95	40	3	16	87	97	82	68	17	59	46	20	78	55	8	76	52	22	95	42	36	73	99	30	26	31	78	25	59	72	40	47	56	48	37	85	3	4	86	56	7	54	99	44	35	29	76	69	43	95	75	50	28	18	93	21	95	99	22	32	19	38	31	80	76	13	48	5	96	7	79	63	9	60	63	92	35	89	87	7	19	85	43	5	91	55	87	24	90	78	27	13	11	6	2	25	31	67	74	85	54	6	71	47	48	13	9	68	52	3	38	95	96	58	90	3	91	91	47	4	68	99	10	64	52	13	52	97	2	7	3	48	60	62	74	75	43	45	24	45	71	95	26	58	82	24	100	41	17	73	83	71	90	2	8	85	58	29	3	45	5	70	68	18	5	36	95	26	37	40	86	77	7	
83	67	99	18	83	54	47	86	16	59	30	70	48	92	16	64	95	86	54	90	91	84	33	72	36	1	40	39	5	18	73	32	19	45	72	60	13	98	66	97	25	16	79	25	49	74	59	41	24	83	30	86	28	13	14	82	67	59	55	10	2	45	64	70	86	75	29	3	20	28	7	46	13	5	19	65	46	67	43	25	58	57	54	49	32	79	22	38	40	2	57	96	92	39	98	69	85	55	92	72	55	84	2	36	37	70	33	40	81	67	87	88	13	86	95	32	6	92	95	80	2	51	65	69	79	97	33	5	99	11	67	65	53	56	49	18	30	59	36	77	72	42	59	50	41	41	89	10	1	100	10	61	47	17	51	5	49	47	75	93	23	55	34	5	94	74	46	80	15	39	80	85	41	12	34	62	64	100	99	13	18	5	82	94	78	77	36	85	80	11	8	52	97	88	12	88	12	94	2	21	
77	83	60	40	6	15	71	64	10	11	51	53	40	37	30	94	71	72	78	2	94	6	54	72	4	24	15	76	1	20	100	75	68	36	36	16	14	51	20	39	54	49	58	66	2	46	98	56	76	45	38	97	75	21	5	34	7	87	32	92	31	20	63	52	56	29	29	67	11	22	18	100	27	64	70	99	71	72	67	46	29	47	41	22	46	35	72	69	14	34	25	72	91	53	34	46	76	67	35	57	37	62	31	93	97	38	56	83	47	77	94	45	93	12	57	90	76	71	82	4	43	38	93	35	46	83	66	36	60	45	40	57	4	19	17	16	71	61	38	34	48	48	84	81	58	44	37	36	96	72	96	43	43	70	84	61	84	58	59	61	86	99	29	69	26	80	64	4	23	92	50	3	67	14	3	6	88	88	80	73	88	66	73	51	38	60	92	6	35	70	19	60	88	98	63	3	92	80	42	69	
91	25	62	12	45	2	100	24	46	78	18	97	77	68	22	75	35	5	6	38	7	7	14	65	59	48	44	34	55	33	37	43	88	92	14	77	78	30	55	25	39	32	83	68	69	58	58	25	93	36	33	29	34	22	60	21	14	79	92	53	77	41	54	78	7	3	67	44	68	37	31	64	35	43	51	21	20	63	12	26	58	4	94	16	11	54	76	76	22	66	18	4	84	79	32	45	58	64	15	89	79	7	89	96	39	66	6	35	40	31	52	32	78	100	74	33	25	48	73	1	12	82	19	70	35	36	31	68	79	66	98	6	14	96	79	78	29	80	70	86	99	60	56	34	42	1	89	40	49	81	1	44	60	76	21	15	45	55	66	11	87	60	9	40	29	100	55	38	15	61	48	79	16	51	45	24	46	63	29	21	75	12	5	88	46	56	74	80	48	7	36	86	76	28	78	33	85	44	29	47	
43	85	51	27	21	91	86	67	41	7	41	34	93	7	5	46	98	21	47	54	63	98	85	86	45	39	42	47	58	57	19	48	72	18	15	41	56	52	84	21	42	74	4	18	24	15	5	95	71	15	89	76	97	48	72	52	73	87	16	64	56	69	28	74	54	20	11	68	84	27	88	58	36	75	41	32	69	71	75	25	24	79	63	25	55	73	47	44	67	75	63	69	24	15	55	28	49	81	14	71	33	64	38	91	9	31	92	62	100	5	7	42	90	10	58	42	31	81	78	77	17	98	36	64	13	7	64	19	80	84	35	33	60	64	1	89	76	60	35	33	28	3	6	10	4	40	5	35	4	87	2	32	94	90	61	98	79	75	86	74	18	63	96	90	27	98	38	82	35	6	69	27	32	5	95	96	18	73	14	86	39	43	52	63	77	8	3	30	37	53	39	39	14	90	27	89	58	51	21	87	
75	75	96	59	75	41	67	23	41	27	61	94	5	46	29	43	34	63	42	38	5	30	42	3	74	76	36	100	38	48	57	13	69	55	60	81	7	91	52	8	44	63	74	1	60	63	39	87	100	7	20	6	97	44	11	8	4	39	52	76	78	68	33	40	99	28	22	37	27	74	33	2	37	43	96	93	29	11	90	86	23	90	30	19	61	62	46	47	43	78	21	53	79	10	100	46	35	48	65	44	96	78	88	36	49	68	85	73	100	40	28	91	8	68	41	70	79	11	100	24	94	85	56	57	45	27	63	87	96	85	84	21	54	54	40	11	43	43	6	67	31	75	22	4	52	80	57	69	64	43	97	61	9	41	74	60	27	55	3	65	33	82	36	55	11	97	7	95	8	55	38	73	36	44	37	3	29	74	28	9	12	44	88	74	91	62	18	10	50	5	59	94	70	63	5	27	98	33	24	60	
12	95	5	1	54	19	17	77	21	10	63	74	42	58	13	30	4	64	37	62	76	37	71	8	19	56	36	86	42	4	89	95	90	18	27	52	1	41	62	73	44	82	92	20	66	62	66	39	60	21	96	52	60	44	17	84	85	77	37	39	100	91	75	13	44	7	18	31	88	33	97	95	80	55	88	39	78	8	73	21	89	30	56	79	75	16	36	30	32	64	78	27	46	49	29	22	95	37	68	45	6	85	93	63	64	95	22	8	90	4	79	85	62	95	59	63	100	49	16	80	43	87	45	53	10	8	65	55	76	22	45	81	60	96	37	94	97	63	12	64	94	1	22	81	29	81	74	59	27	8	30	31	4	95	94	47	64	43	43	10	59	65	31	61	99	34	3	69	71	13	19	58	81	66	58	18	86	60	49	21	27	73	36	13	51	70	54	76	17	6	89	23	20	93	31	70	20	97	93	48	
36	50	56	6	17	34	71	22	73	81	51	90	42	1	28	41	63	2	91	75	26	11	79	92	24	65	6	45	24	88	18	43	2	97	77	59	68	87	30	16	74	63	90	44	77	76	84	61	86	91	31	29	11	11	61	84	88	52	61	37	54	79	71	65	35	46	100	64	58	2	95	38	50	86	53	32	59	87	37	85	77	8	52	97	29	52	39	84	41	90	38	99	49	54	42	87	85	84	70	88	10	75	69	6	63	56	12	98	79	79	60	84	90	66	32	11	34	31	14	42	17	46	71	92	11	38	82	100	45	20	67	4	24	40	31	43	90	6	77	92	22	78	92	67	37	9	67	19	59	59	76	64	57	86	5	38	10	74	15	38	82	32	17	97	24	92	63	97	59	67	23	3	5	8	2	42	64	98	79	16	2	90	50	58	5	30	70	33	94	16	14	59	78	63	83	51	77	95	70	20	
45	88	14	17	50	56	55	87	37	51	82	41	44	79	67	63	72	56	92	62	25	74	47	55	81	96	32	3	28	51	82	31	23	50	84	16	28	35	25	91	80	63	96	39	92	29	9	75	26	71	47	43	31	50	79	60	13	40	78	67	78	35	92	12	29	13	27	35	36	37	80	50	83	94	94	87	53	53	94	10	68	87	59	55	41	28	25	74	72	91	56	99	48	31	42	34	91	25	20	63	24	20	92	14	22	79	86	3	42	33	90	54	80	74	31	59	45	57	98	94	100	38	42	55	51	45	45	18	61	99	100	85	3	27	74	13	100	6	38	51	75	51	5	32	71	70	35	30	74	38	11	41	89	97	97	57	90	76	6	51	91	78	37	57	86	38	97	90	8	35	54	84	56	73	50	33	89	12	75	30	89	82	78	67	97	16	92	47	17	48	85	85	13	86	63	58	24	89	60	27	
29	67	92	86	54	30	27	21	13	34	8	78	91	54	34	20	48	91	43	27	24	85	63	64	38	65	48	65	24	7	97	94	39	93	90	12	35	43	51	65	24	66	27	89	97	13	75	72	27	88	2	64	49	3	53	89	24	80	19	36	80	29	73	76	76	5	64	43	75	43	55	86	94	65	50	71	31	19	26	9	10	98	98	20	36	22	27	33	99	50	98	5	23	96	99	44	1	91	87	63	98	32	29	56	20	97	76	82	91	76	96	46	33	43	26	86	57	18	20	19	35	38	86	35	87	54	45	8	74	32	89	91	70	27	74	90	66	96	68	21	8	81	18	25	11	76	24	82	25	87	97	58	55	40	28	19	87	88	56	36	22	40	71	12	4	89	65	15	29	49	51	50	90	2	73	84	63	37	73	79	21	66	13	27	91	43	34	43	33	47	13	81	84	79	66	2	58	93	60	92	
33	91	52	65	45	100	84	98	67	23	70	88	58	81	23	10	89	8	65	76	79	49	79	51	64	80	15	4	52	54	67	8	22	66	19	76	24	40	70	22	78	16	85	19	46	29	47	10	66	69	54	26	65	53	18	39	1	26	48	38	95	81	7	1	69	19	70	51	41	96	88	53	94	50	25	34	88	82	92	65	6	90	64	25	6	96	92	46	61	79	96	63	72	20	68	46	75	79	71	33	88	70	20	88	16	97	44	54	21	60	58	32	78	10	86	85	30	22	53	39	66	97	10	44	39	19	54	56	26	30	46	42	87	57	25	95	60	33	61	15	45	9	77	64	16	34	60	51	21	91	74	100	92	19	8	16	66	46	36	63	79	32	40	49	25	80	6	86	26	90	14	3	34	19	40	87	27	33	51	33	86	36	17	69	33	19	9	96	85	72	50	87	62	4	8	34	26	48	20	34	
82	5	50	38	98	84	1	65	20	33	74	41	71	42	81	79	72	46	25	85	48	99	69	78	93	8	62	69	79	80	90	64	21	58	83	70	39	94	58	36	44	15	25	20	43	67	19	12	5	41	90	34	26	19	26	79	46	52	90	24	11	30	75	37	43	65	99	21	32	93	39	32	87	71	34	11	51	88	29	11	97	40	22	42	87	12	13	98	97	64	60	37	100	89	74	87	78	49	32	41	61	100	95	34	39	86	32	52	3	12	20	4	90	14	53	71	24	92	100	22	36	98	55	64	35	4	44	38	64	85	47	91	96	52	11	72	75	79	80	23	88	36	14	64	25	92	68	88	77	5	68	2	63	55	91	61	8	95	6	20	35	16	11	38	75	33	49	93	76	22	59	41	19	5	45	70	70	93	69	33	57	59	68	46	68	36	59	90	36	87	60	38	54	23	63	61	96	92	72	24	
34	33	52	87	32	45	73	69	25	95	62	30	83	7	93	9	61	37	46	40	59	63	61	19	36	32	27	75	36	89	39	39	39	52	58	74	74	88	36	16	41	30	27	59	55	50	69	9	63	3	15	91	16	83	94	89	85	96	93	7	78	18	56	78	95	46	71	20	69	29	78	59	53	31	88	51	60	67	11	67	9	9	7	13	37	25	60	26	44	58	12	34	37	54	94	34	18	84	88	9	16	18	10	17	84	87	56	11	99	13	5	72	39	44	13	61	41	18	48	71	24	18	48	71	40	91	25	22	6	79	66	6	98	85	45	83	24	45	55	50	12	67	3	40	73	4	22	15	42	28	40	48	33	45	85	92	11	93	37	89	34	18	58	40	10	8	43	19	83	46	58	68	6	37	84	91	38	56	29	25	43	37	95	44	59	72	46	35	5	53	7	60	32	60	66	65	69	79	54	66	
15	85	9	83	30	26	52	29	38	2	17	71	30	98	90	19	46	45	45	89	58	72	41	2	52	70	17	83	55	86	100	79	72	100	66	8	7	12	96	19	81	34	2	3	37	88	87	30	98	90	33	38	46	48	24	12	72	2	75	79	1	69	2	25	75	67	72	63	71	11	8	87	53	19	82	88	67	48	27	83	51	91	73	66	70	75	88	12	78	59	5	62	46	56	88	37	38	99	37	87	65	97	5	5	33	91	7	66	15	43	9	3	8	92	94	1	28	96	61	74	60	20	18	75	64	46	90	91	90	86	4	97	39	92	41	52	53	65	98	84	39	36	24	86	98	89	52	53	42	54	1	69	86	13	47	74	10	45	32	64	6	20	94	67	73	27	3	37	50	79	32	88	62	6	44	50	93	79	27	7	92	6	38	90	94	50	27	49	17	91	11	98	46	4	99	48	39	96	50	79	
92	72	22	2	79	25	73	15	15	18	84	23	51	61	7	95	22	70	70	2	95	3	48	8	10	46	39	31	97	20	85	57	56	60	91	99	58	54	1	51	8	20	96	17	29	52	8	18	6	37	77	52	1	29	97	70	87	23	8	11	11	18	62	45	50	43	67	12	75	90	73	37	94	26	92	29	11	27	55	82	91	10	60	76	12	16	56	19	45	81	84	87	13	30	35	31	72	77	80	41	95	26	64	7	13	40	25	53	81	17	36	72	46	14	82	80	78	43	20	30	69	75	60	78	88	3	49	19	8	6	18	62	25	59	38	48	30	76	12	78	16	61	70	51	52	79	28	33	44	76	8	83	14	2	18	25	52	50	62	45	7	86	55	89	62	31	51	2	81	63	31	28	93	69	99	48	7	28	97	36	25	14	64	34	83	81	14	33	62	61	2	81	42	64	27	43	88	28	8	76	
78	27	78	62	41	24	19	12	60	43	58	26	87	9	6	74	69	57	62	59	36	8	80	77	31	18	62	39	56	18	13	91	52	92	20	69	29	2	4	10	54	42	76	16	96	53	41	77	9	21	47	91	65	89	28	83	66	50	61	36	97	30	26	11	28	25	46	26	25	86	21	85	10	9	65	11	67	83	82	52	91	2	34	20	23	59	100	41	75	70	44	95	13	71	30	30	99	16	33	78	16	69	46	74	76	75	65	38	95	12	15	99	64	8	33	32	25	81	11	95	31	9	42	88	39	14	88	6	90	48	52	41	12	6	46	49	4	36	2	28	58	28	70	16	63	60	69	23	78	53	90	36	76	75	55	8	33	15	30	9	1	77	42	24	4	75	45	39	21	80	76	89	27	16	96	86	16	25	99	78	18	27	48	44	33	76	35	79	79	86	9	60	81	39	63	9	82	3	61	63	
15	18	54	11	97	94	38	3	15	30	40	11	86	2	79	70	85	9	6	23	81	49	5	64	25	15	59	57	74	14	61	66	5	26	15	47	71	46	21	45	14	37	82	91	34	24	57	75	44	5	37	75	61	4	79	26	13	25	12	100	71	59	17	63	18	58	29	58	24	23	89	77	68	10	6	97	9	51	91	91	92	6	80	58	69	12	49	33	10	46	74	40	20	34	60	91	21	38	60	49	93	70	56	75	75	29	2	98	13	18	89	92	78	9	96	78	94	22	31	54	41	26	39	95	13	42	79	28	52	26	77	63	83	83	91	11	66	18	91	58	44	68	25	48	52	72	98	60	84	53	27	100	45	88	14	63	21	95	30	32	11	26	16	39	13	4	29	61	76	21	49	71	82	73	80	94	30	83	72	67	58	73	56	44	37	25	41	39	15	88	64	45	37	5	25	56	15	99	3	79	
78	24	29	54	87	12	33	48	51	36	48	99	98	28	29	30	58	82	20	4	11	98	91	13	74	12	59	43	59	24	7	41	73	55	95	31	96	51	14	9	91	37	87	14	43	49	77	10	92	69	11	90	84	66	81	100	100	98	4	7	12	66	85	26	93	57	47	4	79	90	30	8	87	98	90	40	9	91	10	2	6	45	93	28	91	42	64	89	59	36	63	24	48	45	79	62	5	72	1	62	33	92	52	13	83	92	43	23	68	56	78	99	71	4	73	12	34	15	63	31	93	66	70	95	89	56	71	36	36	72	61	71	72	49	80	85	88	33	61	58	23	59	56	9	40	81	16	28	53	61	65	54	96	36	31	53	21	63	44	66	46	25	60	30	54	46	46	54	70	63	23	55	82	75	17	21	40	53	91	34	6	7	51	25	48	99	16	98	99	77	61	17	36	65	26	18	99	43	64	41	
24	73	84	31	73	14	56	31	17	60	35	87	64	1	44	49	53	83	24	38	61	30	71	96	33	68	61	29	87	5	22	84	32	39	91	63	52	35	80	91	21	50	96	2	16	39	36	51	81	73	48	17	72	86	73	88	21	75	96	79	83	8	10	30	21	54	41	94	63	30	56	52	59	98	64	22	7	73	60	34	80	93	47	93	42	5	88	52	8	93	42	82	94	21	23	37	16	75	14	36	90	81	78	40	4	6	72	13	50	88	37	94	41	21	58	76	1	9	82	10	65	59	58	17	48	53	21	13	14	44	99	87	1	6	74	72	16	88	73	37	45	83	15	47	94	55	31	78	8	51	78	49	80	44	83	33	54	50	78	71	91	19	31	36	87	35	65	94	78	46	90	15	77	29	9	94	3	36	58	82	57	75	69	36	43	66	52	67	1	85	34	83	98	64	20	92	28	48	56	18	
22	83	97	23	96	52	27	21	1	13	78	62	56	29	84	54	44	95	20	23	50	98	65	62	59	39	89	29	28	35	31	12	86	54	64	48	80	74	35	18	60	78	98	52	51	89	84	27	14	57	9	58	32	38	81	88	93	63	17	17	59	51	95	66	95	49	22	16	25	19	79	97	55	20	25	42	13	66	76	20	58	28	93	79	4	8	59	8	22	42	49	16	19	48	85	15	4	55	40	66	28	80	14	44	76	45	90	72	72	79	90	50	44	56	9	42	42	6	91	33	16	74	32	72	45	7	11	56	77	60	91	11	76	73	38	61	54	52	21	86	79	56	56	15	3	91	53	53	91	86	100	47	14	7	73	6	35	83	96	23	51	28	90	95	5	29	94	31	59	61	44	22	88	60	68	64	100	39	79	13	59	52	92	57	80	53	13	88	19	82	24	10	36	22	76	81	39	67	94	75	
48	14	85	24	20	64	66	72	52	47	36	18	69	78	34	36	93	52	84	92	15	55	57	62	45	1	32	18	42	35	23	45	76	74	89	94	23	93	54	42	27	85	60	17	5	19	98	49	85	16	9	23	73	92	23	29	58	41	39	25	2	79	47	52	99	32	46	11	55	61	75	29	41	36	6	87	37	70	12	23	69	91	42	4	23	34	29	72	61	95	53	85	26	35	18	14	39	88	89	69	45	99	93	8	82	16	99	30	61	60	13	72	57	24	20	67	77	49	1	68	80	32	43	78	5	34	9	37	68	45	38	17	20	45	64	96	5	42	85	71	84	9	54	71	35	66	98	40	97	79	93	38	13	91	55	94	15	84	22	19	5	40	42	3	82	34	83	25	88	54	67	82	70	9	35	98	8	94	21	12	48	20	46	14	15	25	2	22	13	56	13	36	98	88	88	97	38	79	29	56	
22	62	35	76	81	25	38	44	90	80	18	95	100	80	50	65	67	54	81	45	96	70	57	19	49	64	18	100	33	18	66	26	68	71	55	83	86	46	59	96	57	37	53	19	23	30	13	52	92	81	66	17	38	72	43	19	1	82	45	79	81	11	94	78	22	79	35	54	73	62	16	52	28	22	96	12	25	75	16	59	12	42	5	8	34	82	84	92	29	58	43	58	51	10	93	36	74	23	94	13	59	36	94	37	90	97	19	50	59	78	22	33	16	64	31	62	9	73	78	36	47	37	60	19	54	83	70	21	43	8	23	28	36	32	80	59	46	12	45	18	35	23	9	28	80	93	88	7	79	87	11	59	27	96	2	34	40	92	8	67	91	24	92	20	27	1	88	49	10	83	54	62	91	62	66	51	14	71	64	65	12	49	88	33	89	25	57	66	64	70	81	63	85	47	56	90	75	17	95	36	
93	24	85	59	73	95	67	96	31	50	20	26	89	71	9	68	14	2	30	77	90	82	26	16	3	94	5	91	25	50	79	89	65	52	93	52	24	8	98	91	9	45	75	29	80	54	15	91	77	94	27	83	10	65	20	89	77	43	53	64	86	8	48	41	32	22	72	76	47	46	36	39	25	27	92	13	60	88	56	100	49	64	88	59	29	84	17	68	36	44	36	64	52	9	66	58	29	43	99	44	83	95	68	31	1	50	89	77	64	58	15	6	89	46	95	15	88	65	43	84	75	70	53	93	20	16	89	11	41	84	98	24	68	84	72	22	39	35	25	46	78	35	64	80	81	86	35	58	28	39	76	18	25	54	2	12	43	68	35	71	39	14	82	66	12	59	96	86	67	68	82	19	20	27	73	9	42	98	33	60	21	31	48	75	11	84	23	94	3	69	6	96	64	92	24	21	48	45	79	66	
100	40	13	27	44	16	79	4	38	65	23	93	15	90	16	2	36	63	71	75	77	14	25	22	3	14	20	97	2	15	25	18	100	81	97	9	49	81	63	51	32	42	3	58	20	79	41	94	31	100	11	49	67	47	73	8	98	38	36	94	50	27	82	25	19	38	69	76	44	47	30	84	74	33	46	98	26	12	19	41	33	89	52	8	72	92	68	50	32	60	90	83	48	3	17	19	94	89	32	26	39	15	80	52	10	8	50	75	15	84	100	7	93	76	45	62	68	80	34	3	92	57	74	44	68	43	26	99	49	83	59	4	86	82	53	30	39	23	32	40	75	95	26	16	97	47	10	91	99	76	3	30	52	10	70	5	27	28	60	29	25	62	23	82	48	12	91	27	81	2	51	79	50	58	31	100	96	5	73	54	30	91	44	64	38	21	91	1	52	81	31	69	34	29	1	60	70	20	48	16	
75	78	34	54	13	94	6	4	27	88	87	87	90	59	64	13	47	11	31	75	37	74	6	13	42	30	49	90	26	81	65	68	57	15	100	78	31	35	54	41	28	18	12	61	42	43	69	23	78	37	56	90	38	29	13	88	29	90	84	60	51	7	35	82	38	40	14	22	67	43	32	41	72	99	61	97	44	78	45	75	10	59	8	22	61	29	36	32	1	67	68	38	28	61	94	40	1	82	79	42	15	16	83	48	55	57	97	82	62	49	95	15	37	55	26	59	60	40	76	73	31	5	62	72	43	27	64	2	31	83	59	46	95	58	60	31	54	60	44	4	28	55	82	9	27	61	82	33	43	16	96	62	90	97	11	3	26	67	36	90	69	26	89	23	82	80	99	26	11	18	96	75	50	17	25	2	98	16	99	63	73	67	76	46	22	31	74	39	84	66	1	4	87	40	55	52	18	83	26	46	
83	96	59	100	73	89	19	71	19	31	86	61	86	69	14	94	42	21	28	99	24	83	98	100	60	10	88	27	19	38	60	61	37	67	64	55	47	85	62	36	1	41	26	70	83	74	30	97	99	92	79	28	37	10	91	7	73	69	14	44	80	66	59	25	31	2	34	66	75	78	64	90	91	50	79	64	58	59	81	70	46	36	93	42	95	58	44	60	67	23	11	72	48	58	43	54	12	66	14	23	3	68	46	68	52	51	29	69	69	20	2	29	47	52	73	92	55	18	31	46	42	88	88	24	15	21	82	8	67	98	72	74	97	93	21	39	54	93	71	8	49	82	7	39	52	77	94	85	79	85	59	48	15	47	43	62	28	44	30	21	14	10	32	34	67	96	97	12	76	64	58	95	97	81	42	43	17	86	19	28	49	85	8	86	64	52	84	34	12	66	74	38	48	60	98	70	62	25	4	25	
53	29	89	96	53	55	13	58	76	22	76	71	80	67	1	56	10	16	90	85	8	17	15	80	59	75	97	34	41	55	73	79	63	19	46	66	33	14	69	21	35	96	33	54	71	11	86	100	73	72	8	76	99	26	71	71	21	9	61	17	97	3	17	80	80	57	25	18	63	21	78	38	56	98	96	60	12	5	84	44	74	63	42	49	53	43	36	90	68	11	31	88	80	61	9	54	4	79	4	22	100	64	68	19	59	35	94	54	87	46	43	16	41	59	45	74	63	72	70	48	2	37	16	46	46	7	66	1	75	99	25	93	92	46	36	11	7	14	33	27	46	73	1	84	67	45	45	58	38	64	31	83	52	6	92	13	10	31	45	6	77	82	13	24	73	59	62	88	93	90	38	37	97	53	85	12	33	53	62	96	59	88	72	59	75	80	39	30	34	40	35	98	78	91	7	74	75	86	4	84	
13	93	57	79	13	56	78	50	18	58	62	88	97	26	51	23	16	18	21	40	67	40	1	40	48	1	99	18	91	42	90	44	49	45	66	96	12	92	44	54	2	34	67	67	79	24	47	57	46	16	3	53	20	61	30	84	35	55	8	87	69	76	98	62	76	96	72	4	69	53	27	99	99	5	63	37	34	62	87	95	40	24	82	16	85	58	64	83	38	72	88	81	2	22	89	35	63	48	62	27	94	91	95	32	61	20	25	88	40	53	52	69	95	74	97	4	55	81	95	10	35	80	30	72	68	17	82	69	70	8	4	23	40	23	29	43	49	41	63	70	20	16	34	86	70	60	24	83	17	62	63	55	25	69	20	15	16	79	55	10	57	80	9	5	54	58	52	82	6	89	37	36	86	86	40	35	94	74	43	58	26	4	8	18	83	90	19	91	77	58	37	29	55	94	93	18	21	50	40	75	
4	6	4	48	67	82	60	5	29	28	53	27	77	20	43	62	87	10	5	17	58	3	38	78	53	48	100	43	85	46	54	79	31	14	75	68	62	60	28	25	2	94	8	46	75	80	6	6	62	99	24	98	51	65	63	78	38	61	36	94	78	77	33	71	13	92	91	84	24	79	46	49	48	23	72	100	37	46	13	13	20	48	94	19	26	51	52	48	28	48	80	2	19	16	58	25	32	91	68	11	56	67	46	44	42	14	65	71	52	50	12	54	49	53	87	15	6	73	82	67	10	1	64	19	55	90	49	63	22	33	73	2	4	32	41	43	46	37	47	16	91	60	59	8	28	34	40	63	15	81	10	46	66	12	77	77	81	27	35	54	61	67	26	75	2	75	91	84	100	83	93	10	14	45	62	75	37	62	18	70	43	44	72	40	87	5	61	86	41	26	15	34	96	46	19	2	54	1	7	59	
93	65	78	15	67	33	33	31	70	31	92	74	83	1	4	35	7	28	16	93	15	34	69	81	74	95	16	54	90	2	65	8	92	93	66	23	66	2	70	36	53	1	87	48	62	48	41	98	20	82	91	89	97	88	4	37	73	32	21	2	57	19	99	79	48	39	53	79	15	10	49	54	31	96	20	89	54	56	30	71	34	45	21	48	35	10	9	3	61	58	61	22	16	75	95	95	88	47	76	83	90	58	97	23	57	10	43	77	94	69	63	6	41	94	55	42	12	79	71	26	78	48	27	44	91	90	46	61	21	41	13	92	56	55	43	5	73	36	43	90	66	59	35	48	72	34	95	74	11	77	7	59	57	50	47	89	38	12	91	11	16	51	77	25	50	18	74	44	83	82	67	97	86	7	22	19	41	40	68	7	25	9	77	95	66	6	26	99	100	94	30	27	95	37	52	69	69	83	50	42	
36	75	45	75	38	10	15	11	28	17	57	43	58	82	86	82	36	23	53	14	54	12	14	13	49	62	54	57	62	77	91	49	40	1	85	44	23	47	92	35	27	64	46	65	17	29	94	33	14	36	85	95	51	75	90	80	97	67	26	48	65	57	33	87	5	98	34	32	55	100	29	42	42	99	68	74	94	88	35	30	60	79	23	85	18	93	66	17	94	43	9	89	58	95	81	81	50	80	64	69	68	95	28	68	57	74	22	100	58	9	7	94	88	88	69	2	20	7	41	14	82	46	72	100	73	57	45	86	74	16	91	76	8	4	92	36	92	21	56	29	40	100	26	61	73	84	24	11	76	58	84	34	94	28	63	35	60	27	95	98	15	63	31	61	68	48	35	32	89	79	97	86	71	52	88	75	39	34	76	62	18	23	69	38	5	13	37	41	75	48	96	58	42	43	54	72	19	100	83	90	
12	86	36	37	21	100	73	97	19	29	48	6	23	19	30	14	78	70	47	49	57	28	55	78	60	48	10	45	93	42	67	21	34	70	80	93	17	28	19	19	58	68	97	6	3	66	3	92	52	91	60	53	4	99	3	37	10	29	60	6	96	46	34	8	96	69	46	45	28	46	22	87	34	44	46	87	34	37	31	30	91	62	37	15	14	36	58	19	40	54	54	35	25	95	81	79	72	92	44	96	93	95	9	89	1	71	25	72	37	26	20	23	100	10	2	30	26	99	46	13	84	17	96	46	91	55	41	14	6	53	40	85	17	81	77	70	98	30	86	76	45	87	53	1	39	47	15	40	64	43	72	17	58	69	43	64	85	65	42	31	59	47	31	5	60	16	55	54	84	47	42	43	10	78	27	68	32	61	36	38	100	52	9	16	4	7	94	86	31	14	45	95	64	70	59	72	61	92	24	15	
82	9	74	50	40	64	57	2	94	7	35	73	92	86	53	43	34	61	17	5	33	96	62	69	97	61	79	5	47	64	39	68	34	71	92	90	22	32	59	26	25	3	36	27	15	36	19	64	84	81	39	30	41	39	65	31	14	38	49	34	23	32	94	52	7	85	76	58	49	35	95	85	91	1	75	78	18	38	72	99	21	5	16	4	39	74	29	94	1	12	4	63	32	88	50	72	56	78	4	53	86	88	11	61	4	22	23	28	31	59	27	98	26	82	78	58	60	78	38	38	55	52	82	35	83	99	3	15	42	66	41	75	61	5	36	60	76	19	74	5	39	35	88	18	93	98	67	39	18	87	47	26	6	25	23	95	10	25	11	43	54	40	8	6	76	76	52	98	1	17	29	34	59	26	29	52	8	1	89	34	20	100	44	34	50	86	29	20	26	5	44	74	82	31	52	86	23	92	78	8	
95	57	79	22	71	6	43	12	2	47	41	1	82	21	96	11	81	52	8	60	46	58	17	94	50	71	85	68	82	62	4	82	87	18	60	39	82	5	33	1	19	6	72	7	80	51	68	90	99	24	23	100	5	2	70	30	12	9	53	18	22	62	57	4	79	55	67	64	81	48	37	84	25	91	79	49	84	99	77	16	38	72	75	55	88	23	43	89	82	66	79	48	91	47	80	92	78	66	1	5	77	42	26	23	98	59	88	34	30	2	92	53	19	51	35	25	40	37	34	67	80	38	8	66	37	6	12	12	70	6	70	87	12	84	10	87	53	95	10	14	60	23	60	90	51	53	61	18	22	46	33	87	91	1	74	66	10	35	45	73	36	79	58	56	87	97	25	37	84	22	68	14	36	42	8	41	21	50	13	28	85	13	21	25	46	84	28	27	62	91	15	23	49	68	71	29	2	87	72	58	
15	13	65	77	23	6	55	44	58	3	61	75	27	47	6	69	91	25	30	18	14	84	68	87	65	43	97	69	38	23	93	39	96	4	24	12	4	10	73	52	42	71	4	44	69	74	93	36	80	94	25	1	49	94	70	17	98	13	4	89	18	56	90	100	63	92	35	15	14	65	68	70	20	87	71	32	88	37	80	33	60	1	14	40	89	94	99	32	79	14	4	62	68	76	64	44	4	1	89	16	22	98	83	60	64	67	10	61	94	71	96	45	98	96	75	38	78	40	52	83	28	22	26	61	94	34	83	52	21	13	2	49	9	92	43	23	26	77	40	50	71	24	13	18	89	64	29	23	93	1	72	27	90	62	31	40	69	25	31	11	76	53	86	11	73	16	40	95	83	58	54	82	57	79	15	82	13	100	57	88	28	87	99	56	28	17	60	6	49	89	43	70	39	92	59	17	94	52	66	50	
83	18	54	21	30	48	37	57	48	85	55	96	78	57	56	20	89	8	20	87	97	54	50	74	84	55	61	78	74	16	7	34	100	84	62	85	94	97	72	31	24	47	93	76	37	39	11	21	99	53	28	82	63	28	4	22	7	99	8	69	68	81	12	15	9	72	57	89	71	44	45	88	63	63	33	41	9	87	41	78	49	62	36	66	69	13	44	26	42	23	22	27	11	83	69	96	53	5	16	24	69	58	15	13	64	75	9	29	62	49	62	94	61	79	43	70	59	64	35	60	87	80	34	70	95	40	90	11	3	70	58	99	12	24	41	33	82	99	38	72	50	44	94	14	92	95	89	63	93	22	22	34	85	79	8	6	89	93	35	9	75	100	37	48	68	100	92	25	37	78	35	98	11	42	69	1	72	15	81	57	87	27	69	92	29	52	64	80	56	90	61	57	13	5	24	33	8	1	2	55	
22	27	3	54	54	30	7	81	55	22	62	2	86	87	58	3	32	86	61	62	82	59	67	89	16	83	35	56	44	67	90	37	68	44	69	58	72	22	26	87	23	84	4	3	76	68	22	35	69	9	73	61	66	63	92	98	49	84	43	10	69	83	15	36	60	55	37	79	33	96	6	10	24	98	88	61	16	65	95	16	93	33	90	28	45	59	83	39	15	3	100	94	56	90	68	93	86	77	22	69	68	69	68	26	21	78	29	9	72	2	69	69	17	56	10	82	62	93	58	72	29	59	88	96	16	64	26	83	66	37	30	59	13	92	19	15	41	30	35	52	66	22	100	71	21	77	72	74	79	57	79	74	46	47	50	51	9	11	26	48	63	46	84	33	98	65	22	45	59	28	47	31	24	21	58	89	70	52	51	34	73	36	46	63	19	6	35	97	66	7	2	15	8	59	98	30	86	68	83	75	
87	100	17	89	68	56	36	25	53	64	1	99	68	72	95	22	94	16	94	51	82	82	43	12	63	92	27	98	41	79	13	4	26	54	62	79	72	1	24	98	76	21	49	7	91	4	82	12	51	58	66	50	58	12	98	45	65	71	70	69	6	82	84	69	63	84	62	7	64	78	85	75	20	32	70	100	18	97	26	69	70	92	81	80	99	36	95	15	16	68	64	91	67	58	95	95	88	42	98	58	69	60	96	30	97	39	47	26	9	60	86	28	15	32	76	77	28	27	90	68	86	97	63	31	100	17	73	60	61	82	65	12	51	20	2	16	86	52	71	34	23	38	49	81	85	82	33	24	34	50	82	52	8	60	42	89	97	8	73	76	21	82	48	62	57	4	36	25	36	89	33	11	6	60	12	41	39	1	6	94	4	11	60	66	92	65	87	27	85	59	78	16	61	77	85	88	33	72	93	49	
24	74	93	22	85	61	86	98	90	31	4	11	11	75	56	56	3	75	51	100	41	84	13	63	96	80	94	15	44	12	72	31	46	12	43	68	28	37	18	53	61	48	67	23	25	6	66	67	54	34	86	91	46	9	60	20	2	39	57	12	27	55	73	81	92	2	31	89	38	88	93	69	92	29	20	95	10	5	64	46	56	52	78	14	93	94	68	80	83	46	68	95	46	97	28	9	11	26	83	15	68	96	14	93	30	82	7	43	67	67	3	100	49	37	20	13	1	59	68	13	20	69	62	17	35	64	88	36	62	47	35	56	74	36	6	20	97	54	36	6	79	98	75	80	67	20	91	89	32	100	51	32	85	83	12	19	69	46	91	14	94	74	26	19	61	96	68	90	86	10	73	32	58	24	7	6	74	88	40	17	4	39	21	86	49	21	17	82	14	74	77	8	79	82	18	48	84	66	91	91	
95	25	38	80	43	1	85	12	53	72	63	44	96	39	63	91	20	44	77	50	4	87	42	55	69	23	23	87	85	86	55	44	66	17	8	43	79	54	25	64	8	69	35	58	88	96	96	47	50	46	86	77	93	37	21	11	12	4	63	41	5	23	78	55	35	36	93	96	91	36	63	6	14	56	88	34	17	5	7	74	75	13	40	44	8	37	31	52	48	68	19	32	44	23	68	89	61	23	60	13	26	30	93	5	3	19	41	42	81	81	74	76	51	84	26	81	21	62	53	55	71	29	4	61	55	31	58	32	80	31	26	85	77	47	91	23	80	45	44	36	76	82	71	69	41	57	33	71	14	47	57	69	67	54	94	67	16	51	59	51	99	72	39	5	2	48	13	31	40	50	50	94	67	93	37	73	97	81	17	3	79	24	31	22	25	83	92	5	8	68	46	48	24	11	80	9	5	4	25	1	
4	83	27	19	53	31	35	37	2	21	12	90	53	32	63	10	66	29	3	7	29	8	28	57	37	70	32	74	46	96	14	1	32	48	23	91	46	24	80	89	36	42	59	77	8	9	58	65	20	47	62	15	42	8	54	100	18	13	47	66	81	23	81	32	89	37	97	39	9	49	64	63	22	20	16	39	84	33	13	76	75	83	4	76	82	90	1	10	55	52	59	61	42	57	57	1	4	98	64	64	21	97	30	3	78	45	36	67	28	87	14	9	99	93	70	91	3	51	48	82	90	19	81	9	20	90	26	81	77	12	8	63	11	83	51	19	24	60	27	60	79	79	90	75	53	19	19	91	61	69	54	44	94	22	60	32	90	81	2	27	82	63	93	19	28	21	59	66	35	62	57	60	60	10	100	40	42	38	59	22	11	50	82	29	63	44	8	46	14	100	89	9	31	58	66	5	23	64	85	32	
44	33	61	3	46	78	14	8	22	13	2	47	99	62	39	80	60	55	80	70	77	32	61	60	19	14	22	100	43	68	58	49	24	74	60	26	29	97	66	80	16	45	50	18	75	92	5	75	11	73	65	39	46	96	83	28	46	6	100	49	85	79	49	16	87	70	38	66	31	68	95	56	79	97	97	86	87	91	40	75	29	92	6	45	16	97	50	8	57	51	35	20	14	10	74	71	22	59	67	75	78	39	82	19	45	7	50	82	1	83	16	70	23	46	21	74	52	37	67	2	98	23	85	29	59	17	46	31	62	44	63	16	8	37	10	96	72	9	88	33	48	69	3	5	98	68	75	86	62	85	60	14	91	2	96	19	88	47	18	18	39	6	92	59	97	65	30	29	15	84	67	32	57	46	2	78	88	54	95	95	44	72	41	81	71	16	65	13	78	70	70	48	17	55	24	53	95	90	60	79	
89	5	69	37	97	42	34	70	30	31	91	10	89	87	9	6	73	68	51	3	83	62	95	83	61	99	69	91	3	8	92	8	20	40	84	80	45	80	52	24	47	1	70	89	37	45	87	2	31	36	54	8	52	26	47	13	73	62	17	33	42	52	66	13	7	33	56	6	92	85	22	12	86	76	44	32	56	7	25	65	2	43	72	90	99	19	89	50	97	29	94	25	65	43	22	25	23	88	10	9	29	47	7	41	36	50	12	27	59	40	75	44	12	56	35	23	90	4	1	68	88	9	41	71	13	15	13	55	55	99	78	37	12	22	70	52	26	60	80	85	83	98	54	70	88	53	77	23	67	84	54	73	5	73	45	40	80	84	92	89	71	13	10	38	17	53	79	34	29	97	80	30	48	34	61	30	50	81	96	83	75	60	100	2	18	29	20	53	78	7	7	50	14	86	44	100	16	40	40	84	
27	38	92	16	19	73	8	24	12	32	34	95	41	3	66	14	1	29	26	21	67	40	80	82	62	24	97	29	91	32	58	98	18	96	98	63	14	42	52	93	80	89	24	70	94	98	57	36	14	7	93	67	71	79	89	59	19	10	33	81	51	20	31	43	19	40	83	35	62	73	8	98	3	82	54	52	11	66	53	38	98	23	13	72	30	50	77	75	82	69	54	88	71	77	100	72	28	34	61	29	9	26	43	42	67	82	27	44	68	50	78	68	88	54	79	75	62	23	54	69	42	10	38	48	100	58	77	10	58	25	1	97	34	3	82	29	6	91	99	68	99	32	52	38	100	96	80	58	37	20	17	82	58	5	94	47	60	22	60	83	21	99	68	23	38	37	15	100	61	48	58	8	39	61	100	27	68	13	41	11	72	81	84	13	23	27	58	24	61	23	77	65	79	82	26	56	6	47	76	52	
2	21	97	90	70	38	98	55	1	16	71	14	16	92	57	67	73	69	84	100	44	16	74	26	33	90	42	2	37	37	100	95	99	3	82	14	56	52	36	89	3	49	89	98	25	37	72	73	42	54	3	74	22	60	70	1	72	13	87	49	88	90	45	18	85	81	47	40	100	100	90	79	42	91	21	3	99	15	81	95	13	68	50	72	61	59	64	15	62	69	87	40	52	94	58	37	31	30	94	62	72	9	67	81	28	1	59	68	64	14	13	87	93	30	80	96	93	18	97	27	10	85	13	43	17	74	22	97	15	61	75	45	83	39	20	49	75	28	61	44	75	100	20	26	90	28	3	72	44	3	87	13	46	65	97	27	42	70	76	41	36	94	45	73	10	18	88	9	12	72	2	27	81	16	97	45	27	86	57	20	42	34	62	74	30	96	47	82	70	29	91	73	46	88	33	1	68	49	9	45	
90	29	37	60	72	40	50	9	35	46	47	44	42	77	10	34	77	2	4	6	56	83	88	81	47	46	100	96	24	30	12	99	25	90	51	14	40	67	31	63	7	52	27	65	92	12	90	97	16	59	45	86	35	11	65	48	81	42	23	89	22	39	94	74	43	67	77	31	5	40	4	79	33	76	60	12	13	43	17	12	18	56	88	79	60	78	58	84	49	20	46	53	50	69	9	26	59	2	71	49	2	60	67	81	87	83	40	50	14	39	96	81	21	85	80	82	15	8	70	22	56	76	48	77	36	87	28	76	24	10	99	26	52	32	53	74	64	55	70	24	39	4	51	70	96	5	88	47	63	50	34	44	73	41	95	47	3	48	93	13	32	24	19	48	4	55	21	91	73	84	82	63	89	57	6	17	13	8	35	47	93	54	61	12	97	98	16	38	75	42	60	20	68	75	80	77	93	63	69	67	
83	95	72	21	40	56	78	28	64	80	74	49	43	1	60	34	39	45	93	65	94	41	62	31	14	87	30	24	81	77	15	77	31	44	71	22	60	22	23	44	98	92	53	87	98	64	15	90	3	31	83	63	74	3	68	77	95	5	59	20	20	67	70	54	5	87	94	52	7	28	79	60	90	96	58	20	5	9	36	15	89	78	37	90	13	22	15	100	95	2	43	52	12	63	7	20	27	92	96	62	69	86	3	74	14	16	75	78	13	96	92	42	3	58	90	84	22	10	35	12	92	17	100	9	83	32	16	35	11	91	40	11	82	58	32	94	35	78	39	11	2	75	55	3	24	69	95	53	76	89	63	62	38	69	22	62	77	9	24	26	54	3	89	41	51	97	10	74	71	22	80	14	21	92	66	44	26	26	51	74	18	29	92	59	93	87	43	50	93	44	80	87	14	10	71	26	42	80	9	3	
78	56	53	47	16	28	40	52	27	27	73	51	24	25	54	99	40	4	23	23	43	31	20	11	22	86	5	56	14	99	47	17	53	68	54	31	43	26	20	38	97	87	67	1	9	80	86	87	17	19	65	15	17	97	62	70	44	73	53	31	29	96	5	70	91	88	45	32	42	91	85	84	54	46	32	4	72	3	72	99	92	99	94	50	72	33	6	7	15	29	16	69	54	6	94	23	98	53	45	94	69	28	100	76	9	70	44	68	87	81	42	99	71	56	44	89	26	59	58	93	16	23	66	38	98	72	15	73	10	26	41	93	68	20	33	1	86	57	63	38	49	22	99	9	36	78	4	45	90	59	92	41	76	22	5	26	89	99	69	71	81	40	50	40	54	12	96	10	32	17	6	75	77	34	28	52	5	20	7	98	50	36	96	2	50	11	17	57	74	29	8	72	79	49	52	87	64	11	66	74	
24	94	22	97	6	43	95	5	49	51	81	59	90	46	78	1	13	38	80	18	91	74	95	9	58	47	30	53	28	16	5	5	26	51	89	78	69	50	31	82	29	53	58	10	26	48	32	53	31	84	72	79	19	99	94	75	100	14	65	91	3	1	46	35	55	13	93	78	90	8	62	90	80	33	78	90	39	8	46	64	78	71	41	44	57	16	89	93	37	47	41	95	49	41	88	100	26	19	98	61	17	15	49	51	99	23	12	88	93	21	3	71	82	37	47	47	14	52	4	1	19	72	34	82	75	60	85	48	7	69	34	39	93	38	66	68	57	83	66	91	13	38	80	8	2	31	6	26	84	49	5	65	35	56	26	66	6	41	68	92	35	99	86	91	42	91	24	100	30	69	20	63	33	4	15	61	27	91	30	64	69	80	90	4	85	30	79	69	59	38	100	71	34	63	78	18	21	1	68	53	
50	95	27	79	66	15	17	3	78	66	2	22	24	60	67	47	52	14	47	22	68	12	29	61	36	52	60	59	7	52	98	53	44	58	72	18	50	65	90	33	68	65	87	35	34	20	32	49	99	85	17	99	86	89	59	14	6	22	16	36	74	78	15	55	87	86	12	100	10	68	95	66	74	43	10	14	44	92	14	8	9	4	21	56	24	64	46	76	55	52	59	74	53	94	88	10	82	51	96	79	56	32	37	84	93	46	56	54	30	85	58	56	37	99	75	42	71	2	96	44	66	71	92	34	39	30	48	69	43	71	30	16	95	86	34	43	62	46	14	82	3	38	95	59	50	43	48	74	22	48	48	82	57	10	14	22	80	60	27	33	42	19	46	34	5	17	4	63	5	21	67	84	25	98	64	95	38	92	4	93	37	34	92	17	83	43	12	48	80	27	80	65	19	15	80	67	17	54	71	38	
69	66	62	74	70	82	52	80	1	47	75	20	37	95	23	60	43	21	72	38	54	53	72	2	92	97	49	81	69	4	6	75	60	45	91	17	17	75	10	53	86	34	39	7	68	13	44	81	20	14	12	25	61	5	100	53	58	84	31	42	39	1	50	91	24	95	57	74	58	41	59	32	31	26	86	53	13	94	82	33	96	73	58	9	20	31	95	45	26	73	45	97	87	55	69	2	78	35	75	43	10	76	20	26	70	21	35	79	80	80	90	44	47	75	27	46	81	75	11	46	30	60	8	56	93	58	37	97	7	37	33	48	40	36	47	21	92	76	80	6	76	62	25	30	19	83	72	11	16	56	89	28	35	52	61	61	96	60	100	79	90	51	59	49	90	45	99	84	61	68	31	34	6	26	14	52	69	26	43	24	64	88	25	66	63	24	67	77	42	90	94	84	53	100	66	26	71	79	33	41	
85	16	95	56	21	3	33	97	56	19	18	74	74	48	58	27	7	63	53	75	82	61	83	67	6	52	20	34	47	86	71	25	42	83	95	79	63	61	83	65	76	1	25	77	13	9	39	83	49	91	85	62	85	23	18	46	83	50	22	18	64	3	98	60	90	32	90	33	42	70	63	11	59	86	85	71	61	1	80	32	78	12	76	42	67	62	15	62	59	92	74	4	15	42	2	30	58	25	38	70	82	77	13	81	91	74	23	75	96	82	84	89	47	42	46	40	50	90	61	11	21	62	92	79	15	18	83	24	35	51	77	81	71	3	33	64	15	99	19	37	43	57	100	56	95	55	81	19	24	15	35	94	23	66	54	14	80	73	71	59	85	33	36	91	39	47	88	36	55	92	53	84	86	19	71	63	46	5	35	64	75	18	5	85	49	19	39	91	3	23	74	83	67	20	2	59	25	9	69	83	
100	43	42	62	97	45	8	92	91	92	67	65	11	40	44	6	62	59	62	3	28	60	48	20	57	73	34	5	7	92	2	64	91	65	42	13	81	52	38	65	74	65	63	7	89	6	87	68	27	73	69	64	89	22	19	67	66	3	94	13	57	88	10	54	78	6	76	25	31	79	100	34	45	57	30	24	41	28	78	25	94	34	1	42	77	9	88	68	60	55	63	55	6	12	20	26	60	40	78	59	62	28	1	21	3	52	90	62	93	15	22	26	14	71	81	50	61	73	65	94	25	70	18	68	94	6	31	36	79	32	29	43	45	73	55	13	36	9	8	52	15	81	69	96	54	20	3	20	49	39	66	36	3	69	31	41	78	66	40	46	32	98	45	34	7	70	63	96	4	88	56	16	1	87	85	88	50	93	58	11	57	16	15	3	29	88	69	25	62	69	18	21	53	52	75	66	84	33	55	57	
17	81	37	59	80	94	70	22	75	26	11	84	89	78	22	91	91	83	96	39	88	34	1	81	55	81	63	50	68	65	100	3	44	84	54	75	86	98	73	39	14	67	11	65	9	16	44	54	94	98	68	75	86	18	72	100	40	8	67	37	4	11	94	38	27	92	71	48	81	11	49	31	57	18	22	92	18	96	43	81	22	15	9	6	49	73	65	80	40	18	72	81	73	79	7	99	78	37	40	64	93	27	59	62	51	37	4	23	18	8	10	59	52	2	75	90	73	35	57	24	37	51	85	37	90	20	1	56	58	92	88	84	73	92	76	56	53	57	40	91	39	92	28	23	58	62	45	28	77	63	42	41	60	47	22	29	54	63	15	36	86	21	93	45	89	9	70	6	40	71	23	65	29	6	23	19	84	6	51	16	4	25	76	33	69	68	45	2	91	33	55	85	74	24	16	54	5	58	77	85	
99	86	53	38	14	81	83	90	89	81	19	45	8	35	32	40	31	80	94	65	34	94	65	88	73	6	8	65	53	21	43	57	5	13	49	14	58	49	23	81	82	19	52	35	7	82	33	77	17	29	68	75	90	57	79	97	26	36	17	100	74	51	73	17	13	95	82	73	78	100	16	14	98	20	53	100	48	61	20	11	31	63	82	91	1	78	43	34	76	31	70	95	82	71	41	46	38	34	52	35	58	90	68	53	48	67	1	54	97	70	35	58	4	96	11	61	65	57	98	58	63	6	25	6	96	58	11	2	57	19	62	71	15	38	16	52	16	65	69	28	97	94	37	81	11	64	87	49	41	6	79	98	8	99	70	3	34	61	64	24	23	99	23	90	7	63	8	31	46	65	98	50	25	26	81	20	40	21	77	56	42	9	86	19	28	84	7	32	10	2	76	75	65	41	55	26	66	63	60	63	
3	1	85	42	50	62	57	43	6	89	77	83	11	37	13	38	45	15	99	91	92	85	59	53	51	95	92	74	70	42	24	86	20	46	50	31	100	34	36	93	20	38	26	67	30	14	75	72	47	47	93	65	69	42	29	27	84	23	6	36	7	8	40	16	11	80	4	1	77	24	80	42	94	19	39	22	71	74	30	95	54	31	10	33	68	36	84	3	73	46	48	10	67	26	14	13	38	67	83	60	72	68	13	55	82	2	68	69	27	22	12	93	1	44	46	11	94	24	58	28	15	90	47	6	97	68	6	7	68	24	20	30	58	45	20	46	2	40	29	47	31	61	42	90	8	88	94	57	60	44	76	16	79	8	54	82	85	21	37	44	14	7	24	36	33	61	73	98	60	29	36	65	13	33	99	96	100	74	50	37	20	3	55	61	53	8	4	25	81	24	56	72	70	94	85	60	95	44	45	21	
25	45	46	35	28	57	11	25	81	30	15	53	39	89	10	35	23	85	28	95	7	8	40	28	74	11	45	23	52	8	19	19	2	71	4	39	23	5	83	28	11	79	57	54	83	48	72	6	51	27	49	56	45	90	54	41	32	66	47	42	30	9	91	100	6	2	43	12	17	94	43	17	100	35	66	36	24	60	69	31	41	93	65	16	80	47	75	92	31	42	2	35	10	78	82	84	55	80	28	87	29	86	20	71	90	98	88	42	10	56	92	16	19	66	30	21	25	37	63	15	84	68	1	95	26	92	44	47	84	56	28	47	13	21	59	65	96	65	52	70	71	26	64	57	36	45	53	27	72	59	52	20	68	71	57	80	37	66	94	1	84	84	90	54	58	50	55	93	55	73	74	94	76	46	8	26	2	36	69	76	50	38	22	52	62	11	67	35	30	51	35	44	81	69	77	33	81	65	62	71	
77	6	91	25	48	41	69	33	1	69	29	86	33	19	30	7	83	18	72	32	39	55	100	34	20	26	19	93	92	98	28	34	40	69	70	57	11	92	28	61	7	13	98	37	95	17	60	59	21	36	15	64	63	89	74	86	67	16	21	14	79	58	54	79	2	51	38	82	98	85	87	46	38	38	97	98	18	20	75	9	26	66	59	74	32	37	70	57	5	88	37	80	1	48	46	17	52	38	22	80	59	97	69	29	19	23	9	10	85	76	17	23	72	71	60	62	70	51	6	90	68	31	62	59	80	53	95	4	81	85	74	48	48	73	22	68	65	94	91	66	53	2	28	18	11	100	99	91	37	24	94	45	37	8	61	79	23	83	60	80	16	74	17	49	84	72	57	19	32	90	70	5	94	56	89	66	93	97	63	84	26	98	57	85	71	4	98	97	47	3	15	13	13	49	25	84	36	7	24	37	
93	37	46	40	67	99	1	3	6	64	19	25	6	90	44	79	2	5	19	4	45	66	20	41	66	71	80	91	73	77	88	23	89	36	6	20	65	46	47	94	4	48	89	23	46	31	3	2	53	1	1	16	23	2	53	64	22	91	9	59	7	2	33	5	25	65	93	19	36	56	45	71	42	86	10	55	48	18	60	42	39	70	58	32	43	60	53	74	62	88	16	30	64	27	72	96	82	8	26	34	88	63	62	4	81	85	41	38	13	48	100	66	34	92	8	92	18	85	25	47	1	62	40	17	72	2	12	17	6	67	51	2	94	74	85	32	6	13	88	38	63	99	12	89	88	2	15	71	26	7	94	12	73	37	47	89	45	6	86	73	99	40	31	41	11	36	25	89	81	57	39	7	52	41	64	70	45	88	53	87	2	53	20	57	54	58	20	50	16	66	78	77	78	50	63	8	52	93	80	49	
31	58	85	84	9	12	30	85	19	86	57	92	32	70	69	43	86	88	34	11	33	24	8	30	98	78	34	25	35	94	49	12	9	60	96	92	16	80	9	81	7	34	83	51	31	63	61	22	17	75	21	32	83	50	65	10	30	27	1	26	21	29	85	90	31	69	35	70	64	57	53	92	55	35	44	64	71	75	78	88	95	95	17	72	78	19	93	44	72	24	46	72	19	44	100	46	35	66	61	70	96	31	17	61	9	29	71	48	43	77	9	38	82	34	56	79	68	37	6	6	95	59	17	83	75	34	17	54	78	21	16	56	6	40	83	24	97	21	45	57	85	1	65	57	6	93	31	15	31	94	89	10	40	52	54	60	13	83	13	82	22	13	13	63	71	42	30	22	32	82	75	78	1	86	26	12	92	66	52	25	84	30	93	16	14	51	55	54	53	18	84	16	100	98	93	45	28	7	72	81	
93	99	80	16	22	70	12	81	13	29	16	80	46	18	25	97	79	63	15	46	48	41	25	26	18	17	86	57	73	77	25	61	88	94	82	6	4	74	6	13	99	25	1	88	46	30	30	21	82	15	88	37	91	18	86	70	7	75	83	66	12	2	69	34	67	79	46	35	13	45	10	11	51	87	39	35	40	64	88	39	13	89	48	45	5	54	20	68	43	15	46	68	55	91	73	91	83	37	94	95	16	100	35	55	20	59	13	100	17	36	83	98	75	39	93	15	94	90	96	97	26	80	72	75	75	19	48	100	76	60	83	72	52	14	99	48	69	91	88	4	26	51	7	89	60	34	93	8	62	3	3	96	92	7	54	53	8	5	56	13	50	56	70	22	60	3	45	80	27	19	45	57	2	58	5	54	46	50	54	14	58	17	3	9	34	33	46	58	19	33	20	43	47	33	9	54	46	59	37	48	
20	61	39	29	72	100	9	5	79	69	20	57	89	38	53	40	71	8	58	4	11	28	26	30	88	90	85	97	59	91	74	63	47	8	33	28	78	48	78	85	86	16	61	75	48	81	15	75	79	47	89	86	50	2	57	65	18	38	12	79	66	45	36	15	74	97	83	36	7	27	8	38	45	54	19	4	91	46	3	14	42	56	53	7	34	83	16	43	27	21	7	17	90	90	57	55	99	6	34	40	64	17	64	31	90	17	15	58	74	87	32	72	60	30	58	18	6	20	58	68	92	53	2	34	19	93	45	36	96	46	62	75	9	25	87	7	60	94	40	48	79	26	57	16	40	34	52	46	93	41	17	17	94	87	29	69	63	95	14	15	6	82	64	4	23	8	89	27	39	56	27	34	24	26	13	23	77	78	54	70	57	76	22	41	60	75	26	47	9	36	21	83	61	26	59	23	64	98	21	83	
43	98	50	34	49	10	61	53	22	44	59	85	42	5	94	57	42	90	6	91	55	98	59	58	44	5	21	67	13	13	81	26	68	46	74	59	79	73	77	7	82	25	38	77	26	20	13	85	55	87	21	52	87	91	73	7	10	38	88	74	96	38	13	67	85	33	66	31	64	63	65	82	45	45	54	44	25	90	49	88	79	71	21	11	9	70	89	26	64	82	66	82	49	46	45	41	3	12	83	90	26	73	88	58	26	46	13	77	22	28	16	15	85	48	37	83	31	1	11	6	44	95	12	17	48	45	43	35	41	48	35	98	14	72	97	43	37	54	18	71	6	81	64	91	71	14	3	40	59	48	73	41	54	12	62	2	70	33	48	98	41	16	5	55	72	26	44	88	73	88	12	47	47	82	11	99	68	94	26	54	61	16	74	20	20	82	73	68	4	74	39	74	20	7	91	28	11	75	39	49	
41	88	88	97	11	53	67	68	36	73	36	93	97	99	37	14	79	45	43	28	5	38	94	71	33	76	32	16	4	43	81	71	7	19	23	79	13	20	88	49	11	43	40	81	23	23	42	65	11	92	66	14	43	4	70	75	54	73	74	73	38	76	62	49	54	5	36	68	19	87	55	100	18	8	56	38	22	91	19	6	28	36	13	56	37	21	11	99	2	8	1	69	63	61	86	14	15	12	52	11	83	60	36	32	81	31	55	10	97	76	35	73	48	69	97	24	36	56	2	7	47	4	17	54	100	36	35	25	18	67	50	52	57	17	68	84	19	3	17	60	34	31	10	16	44	45	30	43	91	71	63	79	78	15	3	12	82	33	82	83	82	78	16	61	17	46	71	98	99	20	63	59	40	22	99	13	90	51	2	79	48	21	95	52	80	11	41	73	26	36	73	61	25	17	69	61	37	6	34	39	
66	47	48	29	86	3	33	87	11	6	5	21	12	23	85	64	18	83	53	72	97	12	98	42	51	80	17	76	88	63	87	28	66	95	94	39	47	71	27	60	11	93	35	9	4	2	81	17	40	61	90	48	71	78	89	63	69	38	41	67	77	66	46	21	6	99	60	79	80	96	76	45	61	74	26	64	6	90	8	90	52	36	14	77	68	43	41	49	31	67	75	70	22	21	74	6	42	70	21	3	66	61	62	80	77	62	55	58	15	24	11	10	7	43	7	35	79	58	57	68	84	81	6	78	76	96	41	18	13	27	97	14	27	44	6	83	18	18	4	45	3	69	43	92	86	86	32	15	21	8	1	99	21	55	83	63	79	63	33	16	83	25	6	41	78	25	21	19	48	10	70	82	76	71	48	43	31	14	97	50	11	34	64	66	49	73	71	27	44	36	32	2	16	69	28	3	31	57	54	83	
58	36	97	28	1	39	96	70	95	16	41	6	88	83	86	91	83	33	80	36	78	13	38	1	74	73	13	25	77	40	4	92	12	36	48	21	62	40	56	51	88	31	3	48	7	33	36	80	4	57	20	3	8	34	28	73	47	4	82	95	82	45	97	65	71	11	45	66	84	85	22	20	99	32	30	85	79	86	6	48	26	72	44	60	45	8	84	83	83	98	99	8	33	41	16	53	66	6	13	70	37	82	47	31	12	44	99	25	61	10	91	26	69	71	37	51	32	92	19	24	56	85	67	21	60	46	48	67	27	54	80	63	89	7	98	22	83	65	74	60	52	49	43	37	29	80	55	34	91	18	38	11	54	3	11	65	93	87	23	8	72	14	8	63	3	4	83	24	38	27	4	44	5	60	12	85	38	87	37	65	53	53	19	43	86	54	53	38	50	52	9	60	57	31	84	95	55	57	31	78	
45	3	59	37	90	85	59	59	86	96	28	67	32	74	27	76	44	91	67	64	51	8	49	94	100	81	1	77	66	41	47	52	89	79	2	66	1	34	22	7	16	1	38	92	67	52	61	75	11	19	71	10	87	3	65	23	99	24	60	34	81	63	60	9	47	67	40	98	35	84	45	67	100	89	46	47	66	4	18	52	77	61	99	91	38	23	98	59	59	72	25	4	73	13	91	40	41	70	2	58	30	65	35	26	8	63	78	1	75	99	40	41	34	30	33	77	29	88	62	20	28	74	51	16	83	62	35	50	97	80	96	83	67	14	84	13	98	32	59	77	48	34	6	51	56	34	47	37	32	5	58	48	15	25	82	19	65	16	5	69	50	10	54	65	74	68	88	33	69	20	25	62	59	30	11	6	77	21	5	42	36	59	48	79	58	60	95	56	52	55	80	58	99	13	42	24	59	7	72	43	
8	89	68	43	28	22	16	11	86	84	8	16	61	65	64	20	3	46	69	72	67	81	67	1	19	36	75	25	29	19	74	36	27	96	15	18	61	22	63	10	30	88	94	82	92	59	53	57	8	61	28	65	31	24	81	29	12	90	77	71	31	47	48	18	48	65	57	6	33	21	81	4	85	91	42	91	6	97	62	41	63	71	87	11	17	28	24	4	46	74	93	23	2	92	76	85	75	87	49	99	59	12	56	85	63	16	37	97	45	26	11	93	39	16	48	81	43	84	71	30	47	48	2	56	72	75	98	52	14	63	83	78	79	77	21	97	63	13	67	100	23	24	5	59	91	81	55	18	52	22	56	9	22	41	30	50	89	71	77	19	7	17	7	61	59	97	92	72	58	11	30	83	47	37	72	13	100	27	89	79	3	24	81	99	48	93	20	45	70	39	25	54	56	29	96	24	20	76	22	93	
99	84	60	20	95	42	3	40	46	45	29	97	80	65	50	35	13	23	25	27	53	100	84	100	89	58	41	1	79	27	84	15	33	43	10	92	95	86	32	62	9	65	88	2	50	41	13	79	29	59	98	3	19	24	16	48	72	21	93	91	25	42	64	81	13	53	4	14	60	54	60	24	3	70	87	96	98	39	25	12	83	72	1	76	20	36	68	86	95	97	92	40	4	56	8	17	61	12	9	12	13	51	74	77	11	8	12	34	83	52	82	68	93	95	40	71	45	73	15	58	13	48	94	6	52	9	14	57	27	89	67	79	97	59	87	35	20	51	91	70	21	92	26	47	100	15	66	13	28	3	89	83	28	57	26	61	84	6	20	36	55	83	41	7	29	21	52	7	26	73	84	6	35	34	41	65	34	74	86	93	78	73	94	55	94	30	65	39	62	69	30	10	64	23	44	27	82	50	28	77	
9	63	7	64	89	94	79	81	63	68	79	29	60	11	20	69	42	8	28	43	7	91	62	28	85	90	6	4	32	30	28	55	28	91	52	45	47	40	88	60	14	64	52	17	65	19	6	85	3	24	52	49	7	22	100	6	56	29	38	58	45	42	52	19	9	56	19	96	64	54	96	40	27	27	57	52	85	92	59	6	83	49	6	73	45	32	84	82	58	93	46	23	32	55	4	81	5	84	92	24	92	20	36	47	83	37	22	3	39	32	58	20	38	86	36	3	73	92	38	45	21	73	74	40	14	25	72	17	44	7	14	77	59	65	58	36	83	67	50	65	54	82	39	69	25	19	99	77	87	43	7	81	33	1	20	20	37	45	26	28	43	60	98	81	51	9	63	29	71	74	35	39	38	47	7	67	41	24	24	74	31	67	92	87	100	77	6	27	27	75	59	99	57	73	13	65	17	8	38	4	
46	11	3	41	40	17	44	73	50	63	74	66	35	23	92	41	18	9	59	58	93	36	12	20	23	31	66	38	21	100	15	81	43	84	59	78	91	72	32	96	8	7	47	41	72	76	87	5	34	69	96	56	66	84	20	53	61	45	32	54	24	9	46	31	68	49	17	79	1	40	37	31	74	74	25	11	45	41	38	46	91	80	74	38	64	80	72	53	60	21	36	29	41	43	92	77	36	10	43	41	19	2	6	91	51	10	70	82	20	53	32	33	66	34	47	33	55	76	16	20	59	22	85	83	99	87	97	68	6	98	84	21	87	58	90	6	34	25	89	69	79	48	32	22	22	7	94	95	95	76	78	24	34	23	93	68	29	72	72	14	21	10	90	78	84	33	20	57	57	74	19	13	45	44	59	56	33	4	80	40	64	9	65	28	50	1	83	77	94	62	99	59	92	68	62	39	71	46	95	71	
61	56	56	27	22	12	26	34	7	8	45	42	23	69	93	23	43	30	83	90	89	24	86	57	66	29	87	33	54	32	90	100	99	49	68	73	81	65	4	63	69	14	68	30	30	32	8	78	87	60	13	68	100	22	94	20	2	54	81	82	30	68	89	83	52	18	16	78	89	11	94	43	13	90	95	72	83	52	48	49	11	85	72	61	96	59	22	30	31	39	11	43	43	5	36	70	60	87	23	33	15	16	20	23	19	96	52	29	49	74	94	1	68	43	21	64	13	56	52	46	65	68	32	24	48	7	43	84	83	22	13	97	35	36	6	30	45	3	16	53	30	62	7	71	14	67	56	50	10	68	55	81	77	68	30	47	64	87	65	61	19	50	99	19	97	18	33	8	94	32	54	44	7	51	68	77	88	47	42	14	86	93	91	87	92	4	74	34	66	30	45	42	10	96	93	47	99	47	17	75	
30	100	76	5	95	51	98	1	65	38	67	34	24	94	2	2	31	20	37	71	59	96	8	10	85	86	30	88	41	92	33	75	25	92	41	19	24	73	71	83	87	53	46	19	38	84	65	79	98	82	59	1	100	33	22	7	32	96	78	36	95	41	1	6	3	30	71	29	76	43	97	90	100	66	60	75	24	53	30	4	66	88	16	54	5	46	39	39	54	54	7	49	46	73	92	98	76	53	26	82	41	86	97	80	24	72	26	6	75	64	35	86	57	62	92	15	36	53	16	2	96	65	6	97	69	60	37	19	18	83	98	63	20	83	34	45	41	78	92	2	15	81	20	28	68	94	26	62	62	31	17	32	43	49	20	95	17	100	20	34	48	85	1	77	87	48	33	98	18	48	21	28	20	100	25	22	42	11	53	86	61	100	61	43	33	24	25	10	85	12	56	47	88	76	35	46	40	60	40	71	
70	41	10	33	66	15	43	70	14	15	73	94	68	59	93	31	89	91	87	61	77	76	10	12	81	15	43	41	13	63	69	25	61	10	86	80	27	72	75	18	40	100	8	82	23	67	71	82	26	25	34	91	82	37	78	46	60	81	2	86	71	58	1	82	38	59	61	80	60	43	63	6	6	96	33	79	45	65	76	36	18	33	88	52	42	12	35	23	60	93	14	41	37	36	21	30	19	95	77	99	30	52	54	45	60	9	60	91	28	55	78	57	83	46	76	99	9	57	65	40	65	94	13	21	91	94	54	3	18	65	32	13	51	67	25	3	78	72	11	52	79	62	27	42	12	78	16	26	23	92	3	21	52	8	39	87	45	89	21	58	20	78	60	76	35	85	91	12	38	48	4	9	100	5	75	85	1	36	68	26	82	74	69	1	72	97	19	66	46	15	55	70	20	5	83	78	11	91	14	74	
36	14	57	53	81	66	51	6	80	91	52	79	37	3	33	53	58	58	31	8	46	4	91	21	26	9	79	33	53	92	76	57	86	43	48	29	74	35	57	20	96	68	73	36	70	61	68	70	67	90	20	57	15	7	47	36	23	38	2	97	36	80	84	22	95	36	38	70	35	6	12	77	38	68	61	80	55	98	12	2	91	61	73	21	85	45	25	32	44	71	33	63	47	43	56	86	74	10	40	38	35	71	36	44	27	88	80	99	61	70	39	63	66	14	80	19	8	40	69	29	52	91	88	45	88	40	18	17	4	74	59	67	91	50	89	16	92	11	85	79	64	13	84	21	38	81	57	24	86	35	27	83	51	18	82	96	53	54	23	7	83	45	92	94	90	7	40	50	21	20	46	50	66	59	51	70	86	71	55	18	78	21	24	10	41	6	35	8	91	5	52	14	35	86	11	36	47	51	4	42	
100	94	98	62	58	19	25	99	67	64	96	60	41	93	76	38	15	78	57	26	9	4	27	48	52	35	46	82	48	6	23	4	73	30	44	59	27	44	10	33	18	33	18	45	95	54	35	22	62	82	44	11	71	73	100	53	27	69	68	54	43	91	6	44	96	77	34	86	33	67	64	92	51	21	15	23	50	84	78	28	58	58	37	86	71	18	46	40	4	8	27	70	16	90	29	76	5	14	50	72	52	34	6	36	60	33	85	68	44	24	11	38	91	82	6	37	52	91	28	47	70	66	38	57	4	48	71	60	45	60	77	100	70	65	69	53	2	52	79	85	9	12	75	77	89	90	94	23	55	98	97	58	14	57	64	54	30	68	76	33	23	36	29	28	94	94	20	42	76	30	50	19	23	33	72	65	64	31	87	76	49	1	68	88	22	60	28	49	23	22	100	17	70	53	8	2	78	42	24	43	
81	33	30	52	19	33	30	44	83	52	16	31	15	38	33	95	25	19	35	47	64	15	14	77	54	74	77	99	97	12	79	59	50	48	82	53	100	66	43	58	69	77	56	12	43	9	68	98	83	86	99	68	48	33	63	75	10	100	17	28	63	43	96	92	58	72	48	99	28	31	94	22	75	8	45	88	12	39	16	58	44	23	45	79	84	35	78	75	28	49	46	20	91	66	40	45	39	60	71	50	66	23	79	76	79	48	83	99	75	39	2	49	13	3	76	43	15	39	97	31	71	53	63	85	26	79	6	34	3	52	48	23	21	54	79	30	15	79	64	9	19	18	85	13	12	88	82	8	53	80	80	66	45	4	27	69	11	20	85	93	8	2	22	7	70	2	60	22	28	49	35	43	97	93	50	99	27	88	52	58	39	23	87	87	97	8	46	89	27	40	95	40	21	24	78	91	28	27	12	52	
75	28	54	90	94	93	47	26	39	70	49	11	75	60	48	64	98	14	20	21	29	90	60	97	72	81	48	58	95	1	56	82	14	20	60	34	60	93	43	89	24	51	15	58	5	84	28	39	34	68	27	86	1	50	72	44	59	94	27	5	55	39	53	78	90	42	48	60	3	75	1	78	51	81	9	36	67	36	61	28	68	59	83	56	9	23	35	95	55	82	73	16	60	59	100	87	35	23	24	44	22	38	98	82	79	69	98	32	100	4	75	22	38	38	62	57	81	92	94	61	26	2	99	1	51	26	81	31	69	49	34	24	92	82	48	62	81	62	13	12	18	78	26	89	89	64	94	56	62	1	31	48	80	32	89	60	10	46	70	5	84	60	68	85	22	20	45	37	48	36	59	67	74	30	37	63	45	67	22	45	81	62	85	32	58	40	2	41	43	74	38	81	7	7	69	89	88	73	49	17	
36	78	52	97	54	82	21	95	48	53	35	41	5	35	42	76	37	48	16	29	85	38	48	67	70	71	69	65	30	53	95	46	89	34	11	7	27	40	78	41	99	98	35	22	55	91	41	58	1	39	25	63	40	42	69	65	6	88	93	56	90	72	83	47	3	59	84	56	6	22	22	92	5	18	77	14	3	24	70	70	25	56	15	56	54	9	64	26	82	7	1	34	59	35	26	53	88	60	13	94	100	49	75	71	90	3	54	52	20	51	55	99	80	95	25	100	69	28	37	42	64	28	12	65	7	57	64	10	43	43	6	5	26	39	32	7	20	27	84	75	85	26	2	65	48	83	99	84	61	4	63	85	9	5	27	10	17	35	46	81	37	99	25	27	42	55	57	88	97	99	81	90	29	90	32	45	3	14	73	26	26	77	36	22	38	31	68	5	8	32	3	83	12	83	52	76	96	55	9	32	
46	55	50	16	13	44	94	83	87	15	68	28	48	82	61	69	85	50	84	13	42	77	11	87	55	24	61	61	63	36	96	66	62	9	39	39	12	1	49	3	59	59	44	58	31	20	66	19	29	18	55	34	84	26	52	8	59	85	34	26	35	74	7	80	91	50	81	34	10	4	81	67	32	25	64	64	40	86	51	16	48	9	47	15	71	28	80	16	9	39	84	86	8	48	61	1	18	90	18	14	71	81	80	69	75	5	70	38	26	70	3	9	8	59	30	56	96	23	81	90	57	18	89	57	89	16	91	16	92	37	51	59	47	69	22	71	28	42	21	77	13	89	65	55	63	64	47	69	24	10	78	40	21	16	27	83	7	62	92	35	83	43	37	42	56	80	65	35	74	3	27	55	70	88	47	95	39	47	21	81	78	55	10	4	37	68	47	17	60	8	82	59	35	26	44	51	20	67	27	70	
47	39	46	74	82	60	49	68	57	71	82	25	45	29	24	2	100	2	93	19	84	3	49	85	96	95	2	23	97	3	22	57	38	35	72	35	51	47	91	63	100	79	37	28	3	27	96	56	72	36	23	64	73	28	90	74	57	10	41	17	60	45	46	73	91	41	58	42	4	52	29	37	71	11	16	25	73	98	52	63	52	40	94	3	35	80	81	97	27	52	67	70	28	72	73	39	93	51	89	92	21	85	67	41	53	98	88	100	90	96	24	36	2	50	19	95	54	58	11	8	36	11	88	6	60	40	71	44	86	29	56	91	100	25	22	14	68	12	38	89	12	89	48	63	8	17	38	71	94	29	71	11	75	27	85	33	34	92	33	41	71	48	53	52	15	50	58	83	76	63	99	43	12	88	49	42	44	28	29	72	84	37	65	85	66	60	40	36	95	95	5	92	52	53	70	67	39	94	28	99	
52	43	95	16	22	52	33	3	30	11	9	81	47	6	18	64	58	80	40	41	66	97	63	76	81	37	77	2	44	10	57	66	26	47	3	92	48	41	65	87	70	40	72	80	67	30	45	60	38	76	92	79	68	28	22	84	44	35	10	84	77	38	27	31	47	41	44	1	40	80	81	9	70	76	34	92	4	89	79	60	72	81	55	91	66	93	86	47	61	77	45	60	34	34	84	47	98	53	64	95	77	82	20	57	19	68	53	96	28	5	69	78	31	43	83	55	20	62	64	88	45	100	2	93	34	34	14	45	86	80	34	81	15	19	7	67	94	78	81	90	88	64	83	64	17	53	66	38	16	90	5	79	96	90	14	14	86	83	82	70	3	85	35	34	1	47	91	11	64	53	47	48	87	69	78	21	7	86	50	15	50	95	35	87	20	87	13	96	17	56	46	35	65	89	80	2	46	93	22	97	
18	27	34	33	41	98	20	99	8	93	26	48	39	2	13	49	23	91	41	3	20	63	97	16	100	52	88	19	1	60	49	94	8	46	54	37	23	16	88	82	7	5	4	53	3	61	43	75	87	34	23	32	26	62	18	32	5	71	4	73	34	7	20	12	4	89	37	89	5	57	74	67	35	24	60	68	22	52	28	69	98	16	31	53	98	88	35	10	82	94	45	24	40	95	24	15	67	61	29	89	72	33	91	33	19	75	77	80	3	88	95	4	6	48	72	81	3	45	87	94	53	99	15	31	93	52	3	30	32	55	47	55	66	99	94	56	26	16	57	94	82	94	99	47	38	66	89	86	29	58	90	59	29	37	83	85	98	75	28	29	17	94	41	88	21	75	15	7	59	10	34	61	50	63	24	72	64	79	76	99	73	75	32	53	97	71	32	76	18	21	62	48	19	37	67	35	50	42	32	43	
53	12	12	77	97	97	81	72	45	42	61	20	15	33	18	99	3	80	36	79	85	21	34	98	56	25	44	18	14	61	70	17	84	6	88	40	39	48	11	51	95	79	2	41	88	46	26	2	88	77	24	82	63	87	68	7	12	36	99	44	37	78	91	25	68	10	36	40	35	69	59	19	30	82	51	88	15	53	33	23	60	28	78	53	40	7	58	91	33	85	58	83	63	74	11	40	39	18	23	63	74	24	89	71	91	86	23	58	72	47	53	45	26	74	11	19	20	28	49	57	27	91	71	15	8	46	40	43	15	34	37	18	13	77	95	50	62	26	24	23	8	56	84	69	71	38	86	40	90	40	37	48	58	7	41	76	68	34	57	75	94	29	8	55	1	83	33	32	92	47	76	82	34	12	86	52	39	82	86	72	34	6	93	93	89	66	31	44	50	93	31	45	5	63	23	7	46	100	11	99	
93	42	24	3	38	34	59	89	97	58	76	48	47	92	81	96	60	3	99	39	91	100	45	41	50	10	86	55	72	84	71	94	4	82	46	19	86	11	95	11	92	4	14	33	68	11	7	43	73	60	91	4	15	14	88	93	35	48	88	44	3	13	31	85	99	1	96	49	4	64	27	59	74	25	21	77	42	42	44	78	84	53	8	91	97	79	28	99	43	79	38	17	15	11	76	64	18	22	93	93	79	34	32	14	61	62	67	37	44	63	76	90	84	22	16	24	49	77	41	60	72	37	26	31	62	93	59	91	21	91	32	52	28	87	95	10	62	23	86	55	53	62	61	24	94	16	29	90	1	14	75	90	98	14	55	27	40	45	80	75	13	40	29	74	34	9	96	67	90	58	94	100	88	88	47	4	51	92	49	21	17	57	73	9	70	71	39	27	84	44	24	64	91	61	100	47	97	35	57	16	
38	72	84	19	53	49	58	28	76	69	39	94	4	73	63	23	33	51	10	12	93	53	19	65	23	52	10	30	73	17	98	7	27	13	17	31	5	73	8	43	77	7	4	90	24	38	13	76	44	1	84	16	14	83	66	54	32	85	61	31	58	60	17	9	10	100	72	81	87	43	8	59	38	87	91	5	28	54	76	53	53	61	51	86	79	87	39	76	16	85	64	62	81	77	58	43	87	46	1	22	57	50	100	47	69	85	84	20	3	50	89	59	49	48	56	15	39	63	6	44	59	24	7	94	3	41	48	71	8	18	5	22	3	43	76	68	31	92	35	98	80	1	4	10	29	90	58	40	14	77	87	26	67	80	70	85	30	82	18	80	59	41	15	89	45	16	55	63	53	70	85	34	18	93	57	93	58	29	85	94	80	47	1	69	57	43	5	58	39	71	47	33	86	98	9	88	30	70	74	79	
4	71	51	80	85	44	52	55	19	98	72	23	40	20	14	43	50	100	9	9	77	29	86	55	70	60	98	79	62	50	34	81	80	57	21	89	4	16	85	78	27	33	10	22	6	11	47	43	54	56	42	98	72	1	41	51	25	94	43	57	13	7	59	45	64	10	96	1	2	97	30	76	11	97	74	68	40	1	8	90	27	65	78	100	93	11	76	3	96	59	31	63	10	7	84	72	47	33	72	22	79	82	51	57	54	60	54	17	87	34	63	92	5	48	89	35	66	42	79	76	52	94	94	89	3	17	73	63	1	38	58	56	89	7	78	55	17	3	27	97	80	31	63	78	71	5	90	37	75	87	51	27	86	2	55	76	98	24	97	28	42	83	51	47	31	23	89	5	85	65	94	55	91	45	72	79	45	22	96	28	63	38	79	53	18	57	6	93	31	1	56	70	66	7	27	55	44	42	90	47	
73	38	56	29	26	2	66	22	53	70	85	24	85	28	62	97	46	80	14	4	77	73	62	42	34	21	40	21	21	8	48	86	23	91	90	34	80	87	54	54	63	86	49	16	9	28	21	99	8	30	19	4	95	96	94	20	69	46	51	92	63	86	98	87	52	61	43	44	32	61	31	64	41	58	100	2	48	69	83	36	100	54	49	47	38	59	18	30	62	48	83	55	46	59	34	17	26	87	27	34	74	52	32	69	44	14	73	82	13	44	62	41	65	82	28	94	36	41	98	16	20	45	12	10	96	17	41	79	99	11	48	9	83	81	24	81	32	21	83	58	66	48	85	40	11	79	59	48	90	26	27	75	84	24	51	11	24	60	30	49	28	3	20	38	4	31	53	94	63	32	43	66	2	73	83	18	86	95	38	73	93	71	67	41	32	93	97	81	3	46	4	70	36	60	40	21	50	61	31	1	
6	25	1	78	20	95	44	81	40	31	70	41	7	2	89	66	48	43	12	22	95	58	90	29	35	58	60	92	35	86	61	38	88	65	65	9	35	98	3	27	61	82	16	62	26	17	5	89	21	37	43	24	21	22	3	43	19	73	27	28	59	37	76	82	13	47	43	60	94	9	4	57	89	55	92	63	33	86	14	76	45	96	80	14	13	27	25	52	90	15	52	25	66	57	94	58	6	91	90	85	46	8	85	67	94	91	5	58	46	73	38	76	35	57	35	23	3	60	8	79	68	37	73	40	92	94	54	78	21	54	15	22	28	33	34	77	43	52	51	14	45	80	9	21	75	96	29	58	98	67	86	84	64	49	9	19	48	52	25	51	99	82	34	57	21	33	82	69	89	20	58	87	9	3	34	1	86	48	66	6	65	43	76	66	22	62	99	38	98	31	62	17	80	1	27	46	90	80	49	50	
18	63	14	94	1	23	97	2	71	76	17	67	77	60	15	83	4	23	41	72	71	4	22	36	21	49	92	1	88	35	25	17	18	84	8	100	50	94	43	2	62	64	83	76	81	3	89	91	52	64	34	18	99	90	11	39	11	72	65	98	76	57	70	26	52	17	70	76	90	41	95	86	97	40	19	55	45	13	2	75	88	36	44	7	91	96	54	10	97	47	6	69	12	50	28	69	25	1	62	79	47	60	83	54	22	2	73	5	65	41	69	22	56	10	52	66	69	47	99	8	71	8	37	52	7	87	12	15	55	3	25	41	57	1	23	68	49	8	18	57	4	32	5	16	27	90	37	7	14	80	2	24	49	1	58	91	89	83	44	39	43	11	98	16	6	95	56	74	79	72	60	91	70	20	26	33	58	39	44	89	35	67	26	24	13	63	86	59	100	16	81	78	20	98	93	84	35	10	36	19	
52	84	40	67	74	69	32	94	77	31	54	45	61	95	25	22	62	49	50	74	59	76	29	66	10	97	81	66	19	28	36	100	38	59	53	58	59	76	20	22	87	63	98	15	33	8	49	44	92	10	39	57	28	17	51	58	31	37	62	77	48	57	24	98	97	51	84	21	61	74	94	5	97	28	8	91	85	47	18	55	14	31	83	73	55	2	2	70	11	43	92	20	77	47	63	43	23	74	31	8	50	42	12	94	60	96	45	94	97	95	22	5	26	14	61	54	31	22	70	54	57	61	47	54	54	29	62	3	83	11	82	30	26	20	93	30	20	39	82	64	27	89	27	27	85	14	83	41	55	70	55	51	9	58	34	73	40	34	8	25	35	90	99	98	9	48	31	28	78	7	32	62	67	75	22	76	65	83	15	24	16	6	64	97	95	77	52	14	51	48	4	47	89	27	24	100	59	22	41	88	
98	52	73	37	96	100	33	55	82	80	76	18	50	42	83	42	52	55	89	83	78	6	61	62	65	70	29	45	12	31	54	67	11	8	18	20	42	71	100	64	96	19	88	51	32	53	40	12	97	65	44	53	5	96	83	89	4	60	16	100	85	55	11	52	2	5	61	15	98	60	47	38	57	19	16	61	92	74	25	8	63	53	33	6	94	34	12	5	3	62	13	15	77	89	35	64	95	66	40	6	51	89	19	67	32	19	40	47	27	47	62	26	66	22	61	14	41	29	3	82	80	79	89	60	53	69	2	12	63	65	19	50	61	20	68	47	95	87	96	54	69	60	10	83	33	14	85	76	27	85	76	11	19	91	73	16	32	30	21	51	87	73	59	12	51	66	18	71	99	58	93	58	41	29	84	68	100	57	64	49	17	49	21	62	36	84	79	27	23	54	66	10	46	36	31	73	38	94	48	16	
3	65	77	94	44	67	28	2	6	16	49	77	80	17	78	95	54	65	12	36	53	91	16	53	44	82	19	57	54	76	98	30	37	31	26	81	23	68	69	49	62	66	49	79	18	96	61	100	26	5	94	38	71	18	69	49	91	67	12	6	56	95	92	81	7	49	84	45	79	27	64	10	90	87	66	8	11	10	52	33	21	21	54	35	15	40	43	27	26	28	10	16	81	38	60	85	10	10	69	89	9	97	69	16	90	88	80	60	42	3	77	89	6	80	96	80	78	54	34	85	37	23	45	13	8	63	70	82	79	93	65	89	84	37	29	64	17	45	53	30	11	10	17	7	34	86	98	68	40	30	98	24	48	89	40	32	1	65	70	16	72	96	82	21	14	14	96	88	76	15	87	93	100	8	27	20	3	35	66	51	11	17	89	50	65	100	21	96	79	60	77	68	62	17	62	72	97	45	83	86	
92	35	9	19	66	3	4	20	62	16	98	80	94	63	19	46	73	73	26	14	91	18	45	13	61	30	25	84	37	77	63	94	86	62	16	51	61	42	48	29	15	76	72	84	16	79	61	66	90	65	90	66	100	16	79	40	36	75	52	83	34	42	58	87	3	47	58	55	75	55	43	74	76	88	46	95	93	45	50	15	95	63	50	83	84	92	68	28	67	44	31	79	27	12	27	65	25	35	25	93	11	8	46	51	81	47	84	22	70	48	9	99	41	60	60	73	66	63	61	21	66	83	6	83	5	95	33	33	63	87	16	71	6	45	72	87	100	89	54	68	20	46	35	62	92	83	75	34	45	82	24	60	52	83	34	30	65	14	50	85	90	51	5	17	92	51	38	16	26	65	43	97	24	55	82	22	15	60	99	69	37	35	80	34	76	7	1	53	77	8	89	49	61	100	37	87	37	11	12	74	
67	66	88	47	59	36	86	11	10	3	30	26	89	69	99	3	62	38	3	20	81	21	22	59	36	34	94	28	86	99	19	57	84	30	68	25	21	40	41	93	58	60	10	1	47	15	71	22	91	5	98	82	64	25	70	60	36	56	80	48	49	33	5	64	48	75	59	66	86	3	43	15	6	56	36	6	37	32	62	30	30	44	78	96	22	8	35	60	36	30	45	55	35	91	95	42	11	45	31	35	26	73	91	59	2	18	92	60	76	93	24	69	68	27	100	71	40	15	64	37	94	60	86	13	56	14	48	82	33	23	5	77	20	26	72	65	20	21	23	76	85	70	46	92	33	82	28	57	80	18	97	30	25	44	8	21	70	50	64	48	49	88	77	18	18	21	81	47	25	55	60	79	13	88	14	28	37	59	98	32	12	51	20	70	51	55	65	61	84	43	21	87	23	5	30	24	28	79	63	62	
54	38	42	31	44	68	69	26	12	85	66	74	92	43	90	98	35	97	3	27	35	81	51	70	46	73	83	95	82	44	73	92	2	93	44	86	47	37	15	75	43	25	7	37	74	44	27	57	12	88	41	25	58	34	46	99	53	74	75	24	38	9	26	49	60	93	61	11	74	65	10	38	51	36	63	20	89	64	45	9	32	66	71	23	19	67	71	29	90	21	6	10	54	11	98	31	43	73	11	9	48	76	14	51	27	18	89	83	41	13	26	71	92	33	79	59	46	36	24	44	1	80	73	82	13	15	98	83	16	8	69	19	36	28	14	61	34	58	7	33	93	5	81	35	41	70	29	75	75	80	28	49	51	39	25	51	16	85	48	24	80	69	92	76	13	20	92	42	9	37	39	20	67	54	98	51	42	46	72	61	86	72	40	43	77	39	29	30	14	77	67	21	30	52	18	85	68	40	46	89	
100	73	86	55	48	4	71	44	64	3	72	57	48	95	95	70	48	38	33	40	77	26	66	79	65	90	46	27	91	24	34	53	33	22	17	72	100	91	37	69	60	62	85	75	82	48	88	60	28	35	66	62	65	92	28	52	80	39	28	79	38	25	45	45	62	23	86	87	18	33	59	82	91	22	79	35	34	6	7	1	11	46	91	51	5	91	39	25	69	14	77	57	61	16	15	59	54	36	76	75	63	21	94	99	82	39	71	21	36	32	54	81	35	42	90	85	32	86	23	14	84	16	99	22	50	6	41	82	83	72	50	7	55	43	21	19	48	20	83	23	8	84	37	83	71	3	17	94	13	59	42	28	99	43	35	87	72	90	49	80	89	79	1	57	15	59	97	29	19	39	18	3	81	96	36	93	15	96	53	83	26	27	64	5	12	51	94	76	11	51	4	3	16	40	66	59	58	7	55	59	
86	24	48	9	33	51	19	95	99	17	1	91	43	67	42	16	90	90	97	8	50	85	25	2	16	23	86	63	43	76	16	34	85	100	48	56	60	58	67	80	33	74	34	70	52	52	99	9	58	40	72	63	58	75	34	98	5	42	71	56	93	44	91	92	74	55	99	60	63	82	65	32	78	40	32	16	18	20	86	77	26	25	19	28	40	24	14	62	26	10	82	80	67	51	63	47	40	79	53	100	46	82	74	72	63	6	13	99	94	24	3	40	99	19	51	33	98	21	99	7	84	74	40	13	56	82	16	78	25	14	10	17	83	60	10	50	85	78	45	36	2	60	99	43	48	85	94	29	40	41	83	3	82	11	90	73	96	51	88	69	79	72	22	91	5	83	22	6	83	23	21	89	27	87	38	57	38	55	25	85	6	50	72	17	30	14	91	2	82	4	96	60	70	11	37	89	86	48	41	53	
15	14	33	91	22	60	66	58	25	37	71	83	50	68	17	12	6	65	36	70	57	92	33	46	33	32	26	55	45	78	74	66	42	65	81	83	83	25	98	15	43	67	44	96	25	21	79	75	78	40	27	44	60	4	53	57	2	73	16	77	5	63	43	69	75	34	29	9	96	36	31	17	37	71	40	11	58	94	55	42	16	60	31	90	42	92	82	23	89	32	13	9	26	77	31	31	8	58	86	37	84	48	26	39	93	92	10	68	45	19	89	50	86	46	59	36	45	93	23	24	90	17	31	13	70	64	5	16	6	8	54	7	41	98	90	99	1	60	92	29	22	68	25	37	53	35	41	8	29	15	51	20	34	98	99	59	82	5	77	92	1	22	39	85	53	75	57	67	90	65	93	14	79	87	88	27	37	70	11	51	83	46	76	53	27	51	41	69	14	88	64	84	35	95	43	51	16	59	52	74	
14	38	75	14	90	73	64	11	28	63	75	68	12	63	84	20	63	63	97	73	10	63	52	77	29	37	28	76	92	7	16	99	97	41	90	24	40	77	47	91	76	83	52	84	5	6	39	78	72	82	1	73	46	61	33	43	63	75	80	49	2	3	47	100	43	5	69	40	90	55	61	97	57	12	49	38	40	67	89	24	39	30	36	95	3	20	66	82	23	34	24	5	75	25	61	5	6	56	11	48	33	62	19	5	19	59	38	23	73	48	41	40	91	34	49	91	34	45	90	36	54	49	41	63	22	4	55	61	41	63	65	61	7	81	78	19	77	76	94	28	7	85	27	42	52	34	88	55	74	89	47	38	57	16	98	12	21	17	18	76	57	91	85	16	84	99	15	63	87	90	85	47	24	18	12	15	78	55	92	98	86	29	66	3	13	94	61	38	68	78	97	40	5	17	48	42	20	46	85	51	
39	3	74	60	4	58	76	59	86	49	18	45	86	28	61	11	77	61	80	59	51	83	28	86	49	18	32	15	88	70	43	79	91	36	57	90	54	7	27	46	97	29	99	1	27	66	60	38	49	100	88	22	77	10	28	88	12	41	30	83	40	18	83	77	45	94	26	29	27	11	99	24	86	4	25	75	10	73	62	4	13	54	87	5	82	27	12	48	82	67	73	54	2	50	68	60	76	87	73	68	98	57	61	2	28	97	17	38	10	4	51	54	42	5	90	39	7	89	7	33	58	84	11	71	60	23	72	17	78	3	74	59	29	51	84	97	87	35	90	94	70	22	42	56	15	1	21	1	34	45	31	4	21	6	9	51	14	92	18	13	15	5	53	84	13	33	2	80	95	53	45	24	2	73	8	98	96	80	87	7	63	94	47	95	87	73	19	80	77	12	69	27	27	56	20	49	6	18	79	12	
57	94	58	94	49	85	30	71	48	78	1	99	25	78	80	39	42	71	69	93	52	27	26	17	92	46	24	48	47	72	97	32	63	11	18	55	3	88	73	19	31	45	30	36	94	69	83	8	65	1	56	4	33	67	4	20	40	67	64	76	16	35	94	12	24	74	80	100	98	97	34	92	38	89	80	33	8	27	31	75	4	46	35	29	34	1	59	12	80	96	59	58	75	18	48	16	76	97	16	100	65	4	96	48	21	65	53	37	18	55	97	12	91	17	45	47	70	9	63	61	50	72	36	42	3	8	26	46	25	4	68	97	21	9	33	18	48	85	7	94	2	20	55	80	50	47	75	83	9	16	23	31	33	95	48	66	14	51	21	20	59	83	75	99	33	14	5	24	33	40	100	21	14	4	60	49	13	50	80	78	59	98	58	66	12	2	87	78	89	34	61	14	4	55	61	98	6	73	65	95	
88	90	60	32	3	96	10	97	56	71	52	49	98	38	64	26	91	66	78	98	52	16	21	30	41	91	94	90	23	14	83	9	28	31	92	2	12	91	74	71	60	33	79	8	89	60	8	26	93	84	3	8	55	43	91	41	58	95	28	88	19	54	95	92	45	46	64	55	38	7	3	63	97	65	6	49	43	3	51	45	29	46	65	94	83	88	96	91	99	97	62	52	91	74	35	55	52	25	40	92	22	36	68	13	59	30	79	15	88	21	10	96	24	4	99	88	63	70	8	73	55	57	25	30	45	89	44	71	21	83	88	92	52	63	20	33	33	91	40	20	60	45	57	65	58	91	15	33	96	55	89	53	82	56	31	18	96	38	81	92	97	22	57	15	2	5	25	53	36	40	45	50	76	28	66	23	50	72	16	77	56	55	77	8	100	62	39	45	97	97	54	37	76	17	48	72	7	86	79	47	
2	83	91	43	30	60	23	17	48	34	3	69	64	16	69	56	60	29	12	21	80	30	21	97	52	55	6	69	2	62	45	63	26	86	83	76	49	17	78	95	22	18	90	55	55	40	68	32	86	11	62	10	25	35	85	40	6	37	15	7	64	91	10	12	71	80	4	38	82	95	69	97	90	15	86	93	19	37	2	39	61	54	94	31	25	49	86	27	26	12	88	82	84	44	32	54	98	37	95	25	45	25	90	31	66	29	34	100	9	91	74	10	100	63	84	36	96	6	31	98	93	19	89	22	80	27	88	98	19	24	33	72	7	29	57	8	98	12	50	42	22	37	88	35	83	11	7	32	67	63	5	94	69	74	28	71	88	16	47	42	29	6	67	63	80	24	53	57	23	90	22	54	83	80	51	27	24	42	16	16	35	37	56	14	93	69	54	2	51	74	6	69	74	40	71	81	23	72	94	54	
80	97	11	60	93	45	68	12	77	65	31	38	34	41	83	74	94	74	31	5	91	28	67	87	46	43	60	55	36	43	78	38	50	85	92	10	58	65	35	95	64	28	98	94	47	77	44	9	38	34	93	97	65	72	32	37	30	16	62	58	79	24	55	13	95	15	23	15	35	8	71	59	8	29	26	76	83	50	81	21	76	70	78	59	88	10	67	81	11	76	93	6	100	83	89	84	1	84	83	37	59	36	86	40	35	15	29	61	12	73	71	32	30	5	61	55	4	40	46	60	55	32	81	32	27	39	73	99	48	38	69	58	26	71	57	94	18	38	21	76	28	48	97	74	76	64	59	92	90	53	85	63	89	79	78	99	76	26	25	9	19	83	90	87	95	33	36	23	25	75	54	29	46	98	69	60	15	42	98	64	85	46	38	48	26	38	77	5	87	92	88	36	8	47	89	59	43	89	29	50	
51	60	45	25	5	6	37	35	24	56	72	40	5	45	50	36	55	9	66	49	2	24	20	29	87	16	82	54	34	63	96	21	1	77	99	78	44	82	36	29	22	42	10	16	48	65	80	54	86	84	66	43	55	100	26	28	9	35	8	38	42	15	55	43	26	39	92	61	6	55	13	67	35	49	90	22	46	79	63	80	21	63	46	61	54	83	68	2	18	64	90	89	83	82	79	47	17	22	58	78	28	89	10	50	62	84	97	48	72	84	22	17	69	21	68	92	88	71	65	29	73	90	57	82	19	56	88	20	10	27	20	11	73	74	74	32	48	48	20	30	49	36	99	3	63	53	10	47	58	70	65	32	20	72	7	58	15	65	55	37	39	23	65	90	53	40	40	90	75	19	97	85	98	93	56	90	76	44	7	82	19	72	37	73	76	60	72	66	52	47	54	98	47	62	8	18	13	52	44	48	
29	18	15	39	87	1	69	84	17	91	80	23	52	49	28	31	34	16	58	63	24	75	87	18	91	26	76	3	71	90	95	47	63	50	2	76	16	66	72	50	76	98	81	12	9	44	17	40	72	77	40	66	88	35	29	18	93	3	92	80	94	71	59	46	58	80	50	48	69	38	19	23	54	51	14	59	58	32	31	76	49	23	90	44	67	54	82	51	96	58	38	37	93	67	97	42	29	68	54	35	47	33	73	50	57	67	80	58	2	82	80	6	20	67	31	53	56	23	98	36	74	70	39	75	45	27	12	63	70	4	25	30	84	35	19	54	21	4	46	50	35	59	81	27	99	47	34	76	94	85	94	43	58	60	32	93	87	43	60	39	18	21	93	85	45	100	45	22	54	97	32	5	70	84	75	12	2	31	92	49	84	6	19	97	99	81	79	55	18	96	43	8	38	82	69	33	17	42	4	37	
98	70	77	23	83	67	39	66	13	52	48	19	84	6	86	52	89	14	56	72	71	22	29	48	52	48	68	29	8	45	22	58	66	98	99	93	55	37	18	10	63	85	22	80	82	6	86	46	60	25	27	96	73	11	82	22	60	38	43	82	68	59	45	12	82	85	3	79	27	73	58	3	84	50	3	41	68	88	28	89	71	55	15	22	82	62	19	79	75	95	37	36	10	97	86	43	34	14	82	98	31	11	32	94	60	32	30	8	27	63	14	75	63	84	34	84	16	65	50	65	94	5	7	78	57	34	47	59	82	44	62	83	6	39	13	44	28	9	50	19	43	67	90	55	43	48	61	82	100	34	55	66	87	91	62	58	93	97	79	20	3	89	14	47	24	21	50	54	29	85	5	72	94	75	30	64	48	99	9	68	29	81	96	70	72	45	42	72	7	49	37	15	21	45	45	98	69	52	78	47	
21	97	21	48	20	14	23	37	45	92	58	60	17	86	68	15	65	64	90	11	18	62	54	31	14	47	34	19	5	75	100	8	60	30	30	54	84	93	8	59	79	34	35	33	71	10	22	17	29	48	32	26	9	39	15	24	32	22	15	25	60	51	77	59	24	41	67	16	32	36	81	5	56	90	34	19	6	62	93	27	82	82	77	88	70	91	20	50	50	97	97	86	14	86	71	10	59	36	57	11	24	6	58	67	60	57	48	39	81	89	21	77	33	25	6	86	1	29	25	13	76	94	52	1	2	24	47	40	76	5	59	47	35	38	45	7	20	100	66	23	97	74	29	70	12	87	50	34	88	18	91	2	9	70	67	41	100	24	13	67	81	27	79	24	2	14	76	83	46	98	70	94	39	46	36	89	91	95	73	41	23	45	73	6	23	44	38	92	43	16	30	83	51	97	64	42	25	7	87	18	
71	1	49	11	39	14	21	64	20	23	76	38	93	57	34	95	6	85	80	64	23	33	49	70	86	33	22	4	19	80	26	20	33	73	23	60	22	77	79	24	10	24	52	60	92	28	60	76	45	81	15	97	39	84	74	77	11	38	4	14	55	19	31	12	100	12	14	51	5	44	66	8	73	2	19	5	37	6	69	16	73	75	29	60	9	62	27	58	17	81	53	86	45	7	52	78	26	42	79	42	21	60	24	93	10	46	34	61	16	57	92	34	4	98	26	19	87	6	26	33	46	56	41	86	58	26	82	22	71	60	30	37	34	47	44	51	100	5	59	33	93	30	90	88	88	69	63	12	88	93	45	73	3	20	75	29	8	55	88	54	96	87	87	18	73	4	28	80	98	93	84	75	46	54	38	45	21	73	92	87	33	66	20	55	37	44	16	82	21	3	96	3	85	37	39	72	23	38	75	58	
11	93	13	34	71	45	16	38	99	22	46	51	39	10	67	39	8	30	75	100	84	5	28	41	66	100	77	42	54	75	54	53	88	34	26	26	36	75	57	97	65	10	84	40	56	30	3	82	54	28	29	10	49	20	10	32	20	76	10	49	4	22	28	11	41	34	3	45	95	37	58	2	50	73	40	45	84	44	99	96	80	17	9	68	35	66	73	31	25	42	85	40	62	22	88	27	29	8	15	69	58	12	7	37	100	2	61	100	97	6	66	28	15	64	14	71	85	23	81	99	8	89	64	26	5	13	11	99	48	12	11	72	41	7	59	68	25	75	51	72	50	37	32	47	49	78	24	86	47	57	72	83	34	26	22	84	27	82	14	98	36	38	88	12	8	60	66	51	69	56	75	30	36	38	52	68	97	13	76	3	97	2	35	39	71	31	87	85	40	68	33	1	39	32	1	42	70	5	66	57	
60	72	65	52	91	30	35	62	48	16	94	20	44	23	66	16	27	71	79	57	11	65	27	100	85	91	53	27	39	46	66	22	7	88	14	13	48	14	4	19	7	88	47	49	80	75	32	69	42	45	44	8	98	85	55	72	98	7	40	21	74	37	73	57	17	62	6	24	96	3	18	42	33	84	87	70	91	50	48	86	94	21	94	64	98	51	9	100	2	43	12	35	75	19	75	68	52	41	82	1	89	41	6	73	40	78	30	27	45	17	44	52	61	95	52	63	88	19	20	96	26	66	70	12	54	23	99	13	43	85	6	13	65	67	56	77	22	85	70	65	99	63	45	95	42	21	72	52	4	93	79	18	1	33	76	68	20	22	28	51	93	57	27	15	98	49	23	27	60	90	12	64	89	45	68	1	70	94	100	36	94	93	58	77	35	15	65	49	62	37	12	37	66	44	36	59	98	74	5	56	
52	73	45	57	9	53	18	55	58	98	41	85	89	69	42	61	63	82	49	31	27	38	65	12	21	72	27	84	42	58	32	2	73	21	16	84	10	82	94	93	44	67	12	1	76	82	14	86	7	77	33	62	99	59	74	18	41	80	89	60	93	10	60	52	73	64	88	46	18	29	86	64	89	63	27	70	38	93	7	16	30	40	3	100	8	14	42	96	98	17	33	94	37	41	39	32	8	21	13	72	70	39	74	97	42	88	50	68	27	13	26	5	27	38	69	46	50	84	40	100	2	93	45	92	46	77	68	90	31	38	77	100	34	41	33	88	42	1	86	64	27	45	3	39	44	7	64	39	51	58	45	86	86	58	65	100	3	15	37	42	15	38	37	78	96	13	50	24	15	76	2	48	91	21	97	70	43	13	48	11	7	75	7	2	17	57	80	83	94	23	13	19	3	99	57	86	80	2	31	94	
31	82	59	15	54	46	75	21	1	74	95	24	42	49	5	21	80	98	52	42	75	13	47	52	64	71	80	10	84	80	73	34	54	23	66	34	32	22	48	72	96	52	56	15	60	46	88	18	7	83	90	99	96	42	20	22	20	74	57	43	95	1	19	46	83	100	88	63	73	74	60	98	12	37	33	93	56	79	28	25	83	53	36	39	94	71	98	5	16	86	53	74	62	40	34	61	1	50	100	15	52	1	88	81	38	54	81	13	86	8	26	20	91	92	26	5	93	6	21	74	36	97	88	66	50	78	94	51	14	87	21	27	74	24	4	47	11	36	71	31	88	67	14	47	28	86	79	82	92	29	22	95	48	39	83	57	35	60	59	46	96	55	70	55	80	50	72	42	42	44	31	99	95	73	13	94	13	79	63	49	44	59	42	59	87	3	44	15	46	28	54	8	1	47	62	65	13	76	53	78	
33	88	47	30	83	87	50	90	37	8	39	25	21	78	7	73	51	50	9	17	66	49	20	88	13	98	2	67	16	46	55	2	68	58	41	20	99	63	59	88	86	54	31	92	50	85	62	21	60	38	58	31	68	46	51	50	16	89	17	20	26	85	5	63	71	99	80	29	14	28	49	79	75	73	51	69	29	27	97	99	72	91	58	79	21	64	33	73	99	19	62	43	18	68	76	36	89	13	57	81	51	6	40	17	59	95	96	41	57	35	51	7	30	4	43	35	58	51	77	50	69	63	53	52	54	54	26	2	97	37	5	89	86	24	80	42	53	68	55	87	52	22	73	21	29	50	76	86	49	85	96	38	66	44	15	64	66	99	98	72	53	25	11	92	87	80	16	16	98	7	92	9	73	92	76	100	48	63	50	69	66	89	23	40	8	42	11	88	74	85	3	96	3	29	31	28	79	60	79	45	
4	85	89	17	4	100	81	73	30	19	70	83	39	68	21	45	95	100	49	73	16	24	62	87	39	5	66	11	17	50	63	67	59	1	63	87	95	1	91	45	50	58	34	5	38	47	66	70	8	40	33	62	43	53	12	50	46	50	93	44	42	89	95	12	90	13	73	21	86	9	21	16	30	79	33	33	25	7	36	78	67	34	82	13	12	65	60	54	63	28	96	58	70	7	62	38	34	28	88	57	34	94	17	3	22	95	83	11	20	47	74	98	64	93	24	64	11	16	56	37	76	84	87	25	14	70	54	79	50	65	42	79	93	74	40	14	86	26	18	76	58	45	26	81	72	15	99	72	21	94	28	73	6	89	24	49	51	69	32	61	83	85	51	98	7	78	77	16	64	82	49	68	41	87	3	36	11	49	69	92	21	52	36	72	62	53	58	41	51	16	36	23	57	9	23	1	2	7	10	90	
87	71	36	58	37	73	57	98	53	52	55	77	27	16	81	66	8	4	13	19	72	30	43	86	27	38	47	94	45	28	86	54	4	45	90	40	74	75	47	16	29	87	73	96	15	30	4	86	67	63	94	21	29	44	17	53	41	59	95	47	31	8	72	9	2	18	88	75	39	12	27	2	89	21	86	57	43	92	25	18	58	6	57	59	48	12	21	30	73	49	59	26	43	25	18	100	20	85	28	87	73	4	4	79	11	44	75	72	42	93	18	50	69	37	64	75	57	4	42	20	50	26	2	84	58	57	61	48	11	53	36	3	78	31	64	86	61	82	78	49	39	81	26	78	84	50	73	34	17	80	63	93	65	35	16	17	11	37	12	86	26	6	83	86	63	59	56	35	85	19	84	29	23	33	97	94	7	44	66	21	80	39	16	74	7	41	31	16	75	54	48	21	45	44	64	14	57	88	26	40	
98	42	36	39	28	80	75	41	45	68	43	20	70	70	82	77	9	50	84	50	41	90	52	59	80	9	40	8	13	4	100	43	86	25	17	32	86	83	12	2	41	81	38	85	69	86	89	78	10	68	32	21	20	49	25	52	100	44	100	100	3	18	51	26	8	5	66	12	43	44	73	90	82	66	36	59	37	6	14	27	73	7	75	52	20	49	31	91	67	85	88	4	44	9	23	52	100	13	87	27	36	11	39	24	50	72	60	81	34	54	29	36	80	34	88	18	16	25	9	3	38	98	53	30	17	76	16	21	34	53	59	24	73	67	9	93	100	74	21	1	23	62	77	55	37	95	75	6	57	47	38	71	43	67	6	49	17	35	51	72	27	50	46	29	94	98	55	37	46	72	6	81	45	66	2	93	75	59	89	52	39	33	72	91	70	67	14	80	7	46	3	77	88	79	100	96	50	33	82	78	
89	35	15	61	77	28	41	71	40	64	13	44	11	6	91	76	73	15	85	79	16	52	58	46	59	17	16	21	81	16	2	6	5	59	37	96	93	50	37	68	84	12	13	45	83	5	55	86	85	2	34	5	72	71	32	85	96	50	69	76	59	30	46	54	85	82	73	5	52	88	36	50	78	13	17	68	95	38	64	48	56	51	69	92	46	88	48	44	76	8	72	8	72	77	69	9	44	21	99	69	46	60	21	31	82	41	100	84	62	61	92	96	90	92	25	5	15	76	86	55	22	57	20	93	3	22	74	95	64	19	48	81	94	92	65	91	61	69	24	68	87	85	36	10	65	35	32	93	73	1	79	67	76	26	64	21	89	80	20	40	64	72	76	66	47	58	77	56	38	37	19	96	73	20	35	58	7	42	23	36	16	72	93	30	100	83	12	50	67	7	20	69	93	64	12	15	26	21	9	64	
23	38	46	57	68	68	81	59	77	37	47	31	42	91	1	6	43	57	86	96	97	48	54	96	31	42	31	59	65	47	44	95	29	4	3	25	2	70	97	92	18	71	88	96	36	48	3	42	69	95	76	62	24	19	68	62	95	57	62	5	5	10	47	46	58	94	51	88	63	74	13	58	67	27	69	46	44	90	34	44	44	25	36	57	14	33	75	64	46	86	59	18	40	95	38	16	34	25	56	92	63	66	86	22	29	81	2	13	74	12	59	2	4	17	66	85	3	33	19	61	52	85	57	16	9	41	20	52	66	43	79	99	55	87	28	87	43	1	10	88	87	32	22	4	85	87	53	93	9	69	53	41	66	24	97	62	50	34	70	43	5	17	53	3	95	66	8	14	48	73	97	70	6	55	39	77	2	59	40	72	74	91	30	59	83	30	84	1	41	86	49	57	49	40	91	37	25	34	83	95	
53	64	97	29	23	74	88	35	36	2	56	17	40	90	28	99	74	12	98	89	66	57	60	52	96	84	28	1	85	45	88	75	59	31	85	38	31	54	47	94	28	94	93	37	90	56	8	30	22	48	100	35	2	67	18	18	97	93	3	11	43	64	33	78	29	78	38	46	77	91	51	5	97	91	33	68	59	94	83	33	37	48	43	80	15	89	11	38	22	64	75	83	87	66	5	4	50	46	28	29	19	92	49	25	63	71	18	23	30	97	93	50	85	83	63	49	29	69	28	53	62	71	54	14	34	60	20	80	49	86	58	48	94	100	50	92	33	72	41	22	97	58	38	37	66	20	97	89	70	57	18	32	22	13	95	36	65	76	51	77	12	30	27	13	87	12	100	93	26	76	99	72	23	37	71	35	17	87	8	62	7	70	100	83	60	55	66	58	73	49	78	89	96	30	10	28	62	75	96	6	
70	81	62	46	25	26	71	87	57	89	50	91	76	15	100	83	12	11	42	57	66	78	11	14	61	39	50	48	90	28	24	77	58	63	25	72	10	82	63	21	87	95	7	41	40	81	88	96	8	41	47	39	41	3	84	14	50	64	25	94	38	78	82	100	3	77	60	56	8	62	70	30	16	43	19	36	72	50	81	76	25	99	66	53	25	25	84	21	31	52	80	90	5	6	13	7	86	84	17	52	6	65	21	83	44	16	29	27	96	98	87	11	30	43	24	19	88	68	84	8	11	4	58	51	33	75	82	11	73	54	60	93	30	77	1	4	24	97	6	60	8	40	31	68	60	87	71	66	71	43	57	93	62	63	77	84	100	7	55	39	51	14	51	94	73	2	62	69	38	60	81	45	44	44	31	15	57	3	42	53	41	67	83	30	55	1	14	91	85	93	3	26	52	75	5	50	34	61	87	16	
10	35	1	60	97	77	52	31	72	45	47	85	97	94	46	46	8	88	46	8	81	19	76	44	59	4	91	93	13	51	34	81	87	91	78	2	52	41	42	29	78	29	72	25	84	6	53	89	39	17	95	11	65	94	17	9	9	1	34	54	72	79	66	67	45	36	92	74	3	18	54	70	92	34	9	59	46	27	14	35	41	16	52	13	2	57	23	91	74	84	39	19	61	26	37	94	29	28	60	64	35	87	17	92	8	65	20	58	47	16	43	17	79	12	67	39	69	45	7	4	67	98	20	55	46	26	73	41	71	53	95	20	65	6	83	74	25	19	35	28	46	2	68	47	40	13	32	31	39	5	6	97	99	86	52	79	21	1	65	29	94	91	41	61	19	87	39	54	77	72	79	42	38	16	87	65	80	44	11	58	31	14	12	84	66	14	86	63	82	84	15	100	70	69	38	57	28	23	84	78	
81	7	11	22	68	17	38	75	70	49	90	58	16	4	79	93	88	62	13	76	14	44	12	39	16	14	40	51	9	8	55	75	92	51	66	81	52	62	75	83	19	63	77	46	69	73	16	63	77	90	78	75	17	83	52	97	17	58	66	81	11	14	29	20	5	85	6	80	30	10	76	33	47	43	96	90	35	49	33	79	39	98	67	88	22	66	94	1	39	34	30	91	86	99	41	86	20	27	6	80	97	27	82	5	46	13	53	24	82	38	50	57	69	48	77	91	25	2	32	25	35	97	50	54	58	47	68	73	27	38	56	45	39	27	77	34	10	66	8	49	89	41	5	17	36	96	76	44	27	58	93	81	38	59	14	27	96	53	61	30	76	2	69	38	80	78	45	2	5	66	55	72	92	82	85	49	83	15	88	41	16	80	50	1	58	91	63	24	50	97	2	74	23	93	6	83	34	5	84	12	
69	71	21	60	65	47	36	39	70	7	12	45	75	35	90	60	65	7	67	80	53	62	65	9	12	70	18	81	46	58	21	14	75	86	52	38	31	14	64	64	18	98	32	83	42	66	16	34	2	85	14	83	88	92	36	89	58	97	13	33	17	93	11	84	70	80	35	48	37	50	17	94	17	33	85	36	5	17	62	79	15	99	1	19	13	64	3	52	84	12	34	77	41	100	75	31	26	62	49	56	66	85	14	8	14	78	78	61	70	75	93	74	59	80	42	3	62	91	10	81	30	47	16	53	19	9	4	26	44	50	52	70	62	27	94	66	85	46	91	23	27	43	8	60	95	17	18	50	84	39	31	3	98	100	51	23	79	77	84	14	11	82	14	68	77	89	97	51	87	52	18	7	43	21	40	62	94	46	74	51	75	7	67	41	73	85	82	50	83	56	91	28	87	12	92	83	40	78	76	84	
85	6	32	85	51	53	29	16	45	84	80	60	82	40	88	92	38	96	71	29	40	78	15	50	95	79	20	17	56	78	45	69	3	73	16	17	52	47	7	12	76	33	44	82	18	70	66	78	90	76	14	23	54	12	76	60	48	18	35	57	33	5	55	92	68	11	70	7	53	5	6	16	48	47	72	87	53	91	61	86	88	77	85	82	56	70	69	81	66	66	40	58	26	94	48	14	5	91	89	90	7	59	74	68	100	70	7	23	29	42	44	29	38	27	90	23	69	33	2	24	51	3	66	18	33	36	74	36	36	52	55	39	69	75	62	30	12	15	5	22	40	74	32	8	95	56	21	93	44	71	1	46	31	16	48	54	60	8	43	77	51	4	88	78	12	34	97	74	92	47	96	49	16	3	68	37	23	28	85	16	54	46	7	86	49	93	84	97	56	24	39	85	49	57	90	56	26	95	42	40	
87	14	57	66	25	91	39	16	73	58	34	78	70	90	12	2	98	26	86	45	11	31	4	55	72	53	52	58	25	95	33	4	12	13	88	88	54	44	40	70	41	47	61	52	32	69	29	48	1	15	13	57	55	16	65	74	35	16	49	66	71	76	94	56	18	8	19	36	39	59	89	14	85	13	50	60	7	11	2	9	64	61	34	24	13	81	6	31	1	74	35	37	15	30	96	45	44	15	43	61	2	78	77	46	89	70	7	77	91	60	80	8	100	80	94	74	18	55	76	56	35	15	78	84	20	21	39	73	32	9	80	25	30	59	99	45	56	55	52	100	95	38	3	82	5	46	62	31	24	47	56	4	62	81	4	66	77	89	21	67	4	96	64	97	69	61	54	6	88	54	43	37	30	96	33	12	13	54	3	36	48	3	20	49	78	3	15	2	91	39	89	46	42	58	55	62	3	49	99	10	
50	39	51	24	72	97	30	23	56	57	16	49	59	37	54	12	92	43	38	46	50	90	28	53	96	79	8	90	86	48	20	34	60	44	71	14	44	21	64	13	28	12	92	25	24	97	24	5	78	5	69	2	10	100	25	91	27	37	96	67	35	95	18	32	5	52	60	86	39	94	23	59	85	81	87	38	60	98	81	60	45	17	83	10	36	63	96	69	4	38	98	29	34	27	58	95	74	23	70	57	15	16	8	48	9	48	50	65	73	20	87	72	71	65	84	83	21	85	75	72	44	13	77	16	43	83	74	61	2	60	58	54	10	99	59	42	47	70	14	17	40	81	83	59	92	35	48	45	64	33	70	70	17	78	47	10	68	49	87	21	3	60	84	40	27	14	37	69	36	98	8	15	83	3	1	37	19	8	96	23	21	77	69	57	89	26	100	74	28	85	46	75	54	5	98	91	23	7	83	62	
31	85	79	29	6	59	68	23	86	23	92	32	55	75	43	53	60	86	9	10	10	82	14	81	37	54	92	78	50	90	61	5	35	31	19	31	73	49	3	86	68	58	87	38	62	12	55	77	56	84	28	24	63	95	42	48	29	74	30	13	15	54	39	100	36	97	88	76	14	70	20	78	13	84	62	54	32	46	42	81	37	36	98	36	98	85	64	34	87	48	78	55	96	95	42	64	82	49	39	13	8	61	79	24	31	17	14	79	46	68	14	79	34	19	53	67	53	74	65	70	81	13	78	100	47	61	20	25	16	57	99	56	64	57	92	10	88	20	35	70	21	7	12	35	52	65	19	5	91	86	66	36	80	20	89	46	62	61	23	30	16	70	35	5	27	4	76	74	8	47	38	21	51	85	39	66	3	1	3	57	45	88	93	49	96	52	70	23	87	49	42	54	69	88	18	83	89	18	47	28	
54	75	34	28	3	33	73	91	80	39	14	38	97	2	34	50	37	27	36	86	71	78	37	3	71	12	30	57	11	98	38	43	48	18	65	88	77	24	4	77	81	70	55	52	85	80	68	5	62	66	98	61	44	9	21	71	57	87	12	12	77	91	14	31	95	88	98	28	90	63	93	63	86	79	4	23	60	4	64	39	5	65	64	22	88	47	92	29	40	60	91	94	46	37	43	70	31	68	92	5	59	77	82	11	58	55	86	82	88	75	10	49	63	15	100	20	52	24	41	94	69	49	50	98	33	26	7	17	69	31	13	29	23	73	68	96	76	5	86	53	24	7	83	26	53	89	37	63	61	98	7	60	1	98	27	36	17	100	5	52	40	11	95	17	56	55	17	40	47	62	82	45	97	37	32	44	99	47	29	9	44	79	64	40	30	75	69	93	12	57	58	5	88	78	13	33	72	10	19	15	
44	38	60	85	71	45	4	90	1	9	97	25	45	36	23	33	90	74	7	76	17	100	76	84	3	82	99	27	61	77	3	14	16	60	23	80	11	56	4	19	79	93	76	10	25	40	69	27	51	74	2	68	73	6	12	70	15	62	65	3	85	86	13	51	26	12	63	78	27	5	31	83	63	66	8	63	66	99	27	63	25	26	20	76	88	56	24	1	55	98	7	93	19	52	54	59	52	71	59	24	98	85	18	80	66	24	44	26	33	80	71	52	78	80	66	2	75	16	55	85	77	25	63	93	9	59	91	69	28	84	42	96	44	13	62	93	35	83	11	8	78	69	52	44	70	80	67	23	100	9	27	40	27	93	24	31	62	37	30	18	66	37	43	48	20	61	48	71	89	8	69	45	64	39	1	36	57	62	31	23	64	100	12	91	10	5	38	6	92	90	55	98	18	13	91	89	81	27	28	48	
60	74	30	58	55	19	58	44	94	73	36	73	91	8	35	63	71	41	70	71	40	88	97	54	89	71	23	86	87	37	68	64	90	56	34	77	50	21	79	52	45	47	77	58	87	1	66	12	29	61	33	34	93	85	7	38	25	46	5	32	30	35	44	26	37	88	3	33	89	27	70	51	58	2	34	61	65	48	43	9	56	18	92	81	97	90	21	60	52	70	74	18	2	69	72	72	86	29	17	33	30	88	48	9	5	53	100	56	1	77	26	87	18	67	26	59	66	54	26	60	33	84	8	45	54	23	28	61	3	95	24	24	27	65	39	47	46	78	36	2	91	89	76	51	67	2	35	7	47	88	55	21	46	84	100	73	72	87	24	85	59	89	51	42	49	98	72	81	59	18	33	98	42	72	42	59	86	65	28	1	14	96	15	37	28	50	57	83	83	56	62	91	83	33	89	3	42	67	89	26	
56	81	27	27	30	34	87	27	34	8	76	67	21	49	98	40	32	7	52	38	35	14	68	17	69	24	14	46	62	77	100	27	42	19	60	19	18	79	77	44	20	37	77	52	34	36	61	79	14	58	97	58	76	15	99	50	80	92	30	100	36	3	63	41	40	12	92	85	58	98	20	77	24	58	26	96	69	39	88	82	15	99	28	39	38	75	48	70	18	62	75	21	54	69	19	61	23	2	94	8	86	33	84	5	23	95	16	6	68	93	42	64	21	17	71	25	84	5	66	95	81	36	52	28	46	64	11	37	31	55	59	20	82	17	71	99	40	11	47	78	28	88	96	20	39	46	50	46	97	30	44	50	90	35	59	38	97	37	28	68	58	86	16	20	6	6	7	23	43	13	17	69	25	23	70	98	80	13	79	2	57	50	26	25	62	34	28	34	40	26	3	23	89	72	81	42	60	89	39	98	
32	61	70	91	5	46	5	49	76	91	79	82	39	48	33	57	8	82	79	92	59	13	45	28	94	95	35	8	82	72	93	68	15	60	95	35	72	50	66	5	51	48	6	90	65	61	12	82	13	77	54	37	5	33	16	68	68	19	42	12	36	62	95	64	86	94	80	44	51	33	97	95	89	93	48	92	79	96	28	3	99	43	48	67	79	17	45	20	83	25	86	50	1	83	100	92	92	87	52	1	68	72	66	4	64	90	40	47	49	63	80	11	1	54	79	9	33	58	63	44	65	7	93	7	59	98	75	6	57	57	7	76	50	8	46	47	60	91	51	42	27	73	55	67	94	93	42	100	35	70	42	61	80	10	22	94	45	11	79	40	7	48	59	46	18	73	86	72	89	52	42	52	7	38	5	74	2	76	60	7	88	33	21	34	75	61	23	5	78	95	49	7	18	10	27	67	89	100	53	67	
39	72	85	84	40	34	2	13	76	22	93	82	6	1	47	84	62	46	45	99	65	79	70	12	33	9	8	12	29	25	54	71	15	61	9	75	20	47	1	94	89	45	67	91	63	55	92	14	63	53	47	22	74	87	100	35	64	21	11	53	70	18	39	80	77	2	42	29	21	24	93	70	60	60	20	72	54	50	8	61	3	64	56	94	29	95	79	48	26	4	4	40	7	50	83	24	78	72	66	2	83	93	91	25	85	60	40	76	9	69	9	66	68	71	33	69	55	77	60	45	62	24	80	72	37	21	39	34	54	31	72	22	28	38	95	17	40	14	4	24	12	49	9	27	28	22	32	11	57	74	90	31	49	36	41	48	83	12	63	46	55	41	52	85	79	65	79	94	29	44	4	78	87	75	66	5	31	53	79	10	26	82	9	83	96	87	84	84	76	42	99	83	47	19	28	89	39	53	70	89	
48	21	59	6	90	90	57	11	85	54	36	41	93	3	55	21	94	39	95	6	62	6	94	38	89	2	23	96	42	75	7	83	12	45	43	36	88	6	11	17	19	80	71	18	58	58	59	29	59	72	28	43	54	99	68	76	1	17	22	92	1	1	22	18	7	21	69	47	87	60	48	20	27	92	34	24	66	79	76	63	79	41	18	75	56	36	66	16	46	25	84	75	59	42	90	15	8	58	50	55	75	49	91	1	32	79	84	52	45	67	3	74	53	38	41	83	57	85	63	21	71	37	49	81	48	83	49	39	83	78	43	93	77	4	71	75	71	74	42	43	52	17	32	70	99	97	43	99	16	79	47	1	50	19	88	16	86	74	62	89	59	53	74	51	12	95	47	54	50	48	37	47	18	58	57	56	94	78	45	90	40	78	64	95	6	16	78	12	84	40	10	62	28	15	48	26	98	67	89	31	
