200
5981
6	50	17	55	27	58	92	34	14	90	46	88	70	7	70	17	37	7	28	79	64	28	52	43	80	72	51	18	21	49	19	32	14	52	24	76	29	23	21	39	11	99	29	74	18	28	21	33	72	28	5	61	29	12	8	69	66	47	19	56	32	88	88	2	93	85	27	12	52	100	69	48	49	83	26	20	40	63	58	74	19	26	96	40	55	42	81	92	89	83	52	30	13	40	43	71	90	4	30	84	49	22	94	31	91	27	5	55	54	41	11	53	63	40	44	41	74	20	95	76	57	69	31	62	87	69	90	87	12	85	59	3	69	17	63	67	18	15	55	42	32	29	67	31	56	61	62	58	95	48	95	73	45	80	48	70	7	47	14	39	11	84	28	98	21	72	44	97	48	46	95	93	30	66	76	1	51	18	67	48	94	74	57	85	33	73	25	14	93	98	66	95	47	98	63	51	45	49	37	47	
30	51	71	13	89	29	43	33	86	42	53	5	18	86	5	75	6	9	71	57	30	38	80	72	16	71	35	28	4	59	60	42	87	44	38	39	42	19	42	68	42	62	48	78	21	16	13	79	34	83	12	57	71	91	99	40	92	45	80	97	1	62	29	44	44	84	83	97	98	97	28	25	5	45	11	36	16	49	9	9	28	30	40	54	73	81	63	70	9	18	93	28	99	68	90	83	46	62	89	46	41	41	85	82	85	96	55	92	73	92	78	67	71	32	26	33	92	10	81	39	34	33	16	32	58	56	97	39	73	3	1	2	78	19	25	30	86	8	90	68	68	37	60	32	48	72	85	97	52	58	49	65	92	34	38	27	31	92	55	22	16	25	63	95	4	1	94	47	76	53	37	93	13	83	76	24	40	11	62	45	22	64	77	5	62	66	37	17	80	83	86	97	96	9	65	91	100	3	9	29	
51	45	58	50	99	66	16	47	90	87	74	53	60	10	85	44	24	21	32	82	42	49	93	21	59	63	22	25	75	47	57	96	25	9	5	91	71	57	12	3	96	95	53	28	80	99	89	45	2	92	96	74	63	95	37	28	83	44	31	99	26	26	45	3	16	53	9	70	34	32	14	2	71	47	8	89	11	93	42	6	52	13	26	87	25	15	97	99	21	97	50	15	91	90	88	13	60	31	58	44	20	17	59	12	68	57	51	86	46	76	53	84	14	78	86	84	48	96	97	97	8	73	78	91	73	11	84	44	27	38	44	19	95	92	30	69	9	88	89	48	66	49	59	86	65	1	62	32	73	18	18	71	72	94	91	73	26	72	81	54	72	79	96	60	81	88	60	97	78	66	39	62	7	23	4	2	67	33	74	74	37	95	27	72	94	69	41	84	48	38	66	79	59	66	49	67	10	19	4	52	
71	58	40	79	3	14	45	17	48	39	52	32	13	26	36	62	21	84	97	21	71	39	88	1	79	38	37	37	70	87	99	72	77	6	82	11	62	19	79	72	93	66	32	56	26	85	50	71	64	1	98	45	46	30	63	82	76	74	6	78	88	11	30	51	88	36	95	55	75	95	77	27	77	35	45	3	40	60	34	34	59	47	47	25	88	51	57	2	36	71	58	28	48	27	74	40	66	22	31	67	33	65	30	100	68	81	49	29	77	22	100	65	44	76	6	32	19	93	12	31	96	82	82	68	3	14	16	81	59	100	1	100	45	17	50	15	30	77	7	18	51	96	2	54	6	56	19	44	94	77	19	3	67	7	85	40	73	90	54	44	45	31	77	33	56	2	91	77	76	46	27	9	85	40	6	5	75	5	4	27	95	25	63	47	40	68	35	17	15	44	93	73	99	37	22	66	99	1	31	29	
13	50	79	92	59	4	63	16	78	78	70	36	40	24	69	56	14	7	68	4	22	80	75	36	51	88	8	21	63	38	64	76	4	54	13	75	92	76	92	92	1	83	41	40	25	45	44	17	96	77	81	46	90	40	3	31	24	69	99	31	54	56	63	63	95	33	67	60	67	41	43	39	51	77	42	76	11	8	44	48	3	53	91	85	9	92	53	46	2	32	56	17	53	12	48	92	25	22	10	8	28	6	8	52	18	70	23	43	94	3	23	85	82	83	19	17	91	90	60	99	85	53	17	98	79	20	52	99	87	80	43	52	3	58	82	76	37	13	25	23	47	49	87	10	85	5	66	36	99	11	62	37	99	24	80	47	59	8	29	46	39	89	58	36	42	21	90	60	9	79	66	19	52	23	67	79	75	38	24	51	95	23	37	60	74	93	71	41	5	50	52	15	61	54	75	85	78	52	96	35	
89	99	3	59	95	5	38	34	87	98	39	92	99	96	12	98	26	62	98	10	80	88	85	21	6	82	98	40	4	44	50	30	47	93	81	54	93	75	20	75	53	94	10	16	86	88	28	87	83	12	25	93	66	68	67	90	25	22	62	73	86	62	56	85	9	99	52	87	24	67	37	5	7	64	5	19	56	79	60	39	82	87	45	86	50	84	9	99	59	79	30	21	40	46	16	99	16	28	47	46	37	38	11	20	39	39	88	96	28	40	78	99	62	51	74	23	19	14	4	70	67	55	11	80	59	61	95	9	28	30	33	61	34	58	18	5	69	75	52	27	59	41	100	50	6	6	20	99	37	71	70	13	25	46	63	55	32	56	43	21	18	98	46	33	86	95	62	27	51	84	67	33	66	65	28	22	7	52	76	10	3	5	86	27	10	54	10	77	10	86	21	67	49	16	84	70	31	60	86	36	
29	66	14	4	5	35	20	37	25	55	9	56	71	61	14	55	23	91	93	100	55	18	88	5	62	16	71	87	5	97	82	23	8	16	7	55	2	62	12	28	95	22	13	84	69	33	14	53	43	32	67	73	37	43	17	23	85	76	95	21	46	46	43	86	31	29	16	34	93	49	9	70	45	76	90	29	26	28	44	47	12	19	98	84	48	61	18	32	84	8	80	49	38	7	92	9	100	27	92	82	19	45	9	36	59	57	68	38	56	23	83	91	31	1	65	85	87	27	1	37	46	98	15	49	53	36	70	21	10	81	67	93	15	67	54	94	9	62	79	14	1	34	20	74	76	98	36	88	75	82	18	66	2	7	37	100	39	68	9	91	37	94	18	47	66	14	32	50	18	16	82	92	83	79	68	81	100	78	7	49	74	72	49	20	1	37	74	27	66	17	18	59	41	85	92	77	65	65	83	54	
43	16	45	63	38	20	62	75	79	1	9	13	53	74	99	22	91	41	58	11	70	88	28	78	53	72	21	72	50	77	26	94	100	78	93	93	26	75	30	57	32	88	59	51	81	25	12	70	42	66	60	41	20	90	94	25	16	72	28	60	58	9	67	49	22	37	18	67	82	69	77	4	89	56	23	48	26	88	90	45	68	2	14	7	34	53	39	65	46	65	64	51	85	40	30	61	83	50	16	41	99	70	42	11	90	8	36	46	28	78	70	95	93	46	98	86	30	25	9	2	39	3	6	93	92	99	19	4	8	52	70	44	27	89	94	61	81	45	32	25	42	28	46	21	98	85	75	64	47	39	97	35	14	83	81	89	28	33	87	91	25	89	61	24	54	65	6	72	71	81	53	23	44	50	25	75	91	36	80	87	44	3	53	64	42	82	91	92	90	50	65	2	51	78	22	46	32	71	61	88	
33	47	17	16	34	37	75	11	89	99	20	80	5	32	35	86	38	79	91	30	22	14	2	38	59	92	41	61	9	2	88	71	11	58	55	40	35	63	37	22	2	4	53	15	13	64	9	89	47	90	19	29	57	48	80	34	73	47	96	5	80	73	22	53	84	35	68	31	68	82	45	38	52	57	55	14	92	47	73	80	18	38	48	37	31	25	14	91	63	2	5	98	58	90	15	67	16	21	91	29	63	42	70	91	87	86	50	76	42	31	16	28	78	16	38	67	4	30	50	40	75	88	6	83	43	10	11	57	80	17	10	100	50	66	36	8	64	88	33	50	19	84	36	82	58	62	61	94	63	57	62	84	13	15	78	38	81	2	52	11	19	87	48	81	51	26	83	4	78	1	41	93	26	69	23	90	91	50	33	98	59	68	84	92	1	32	58	13	26	2	6	80	59	49	68	35	34	77	69	13	
86	90	48	78	87	25	79	89	39	36	56	88	48	36	54	22	91	91	95	53	9	33	85	69	45	82	100	96	22	57	36	71	22	46	100	27	71	11	88	33	21	51	71	35	79	14	67	45	52	93	9	21	98	57	87	18	36	30	75	58	89	11	14	48	6	2	99	36	59	61	83	78	61	16	48	58	85	13	27	83	80	2	40	53	40	44	33	50	88	99	61	79	83	44	4	37	52	81	78	52	67	50	90	23	66	23	16	51	90	23	55	58	5	98	17	54	42	25	92	28	19	24	62	66	6	49	52	94	25	41	97	21	63	73	92	19	63	13	9	47	10	91	91	18	25	59	85	54	99	92	1	16	13	65	50	78	98	21	70	31	84	12	38	36	59	91	2	50	82	5	74	62	14	82	15	58	95	59	77	25	31	97	74	94	91	40	34	47	58	98	89	16	11	99	47	47	51	58	21	82	
42	87	39	78	98	55	1	99	36	40	54	77	76	77	2	99	79	34	73	13	57	17	20	5	70	85	28	12	27	27	59	12	51	19	61	78	4	24	3	71	68	84	48	39	75	85	40	73	70	8	52	61	74	49	78	98	18	23	39	72	56	39	9	31	57	50	85	35	35	58	19	27	87	76	35	17	2	10	100	63	59	23	23	22	21	96	44	59	88	53	64	28	7	90	72	55	67	74	98	4	72	71	94	90	88	11	27	34	32	57	97	67	27	32	19	91	6	22	49	95	33	98	68	56	53	16	57	65	36	38	24	36	66	33	8	44	90	39	5	20	91	22	32	61	76	37	72	33	56	11	92	69	57	51	30	5	86	24	60	35	28	90	27	61	39	34	49	66	23	19	8	21	58	39	49	52	41	17	93	55	33	87	22	88	13	29	50	23	40	19	96	100	53	75	16	10	76	84	96	63	
53	74	52	70	39	9	9	20	56	54	78	85	60	1	65	38	89	72	77	91	58	48	75	77	32	40	73	4	22	13	9	61	58	57	64	12	5	86	9	71	7	43	20	37	37	76	54	24	41	79	64	44	96	24	59	5	93	53	66	11	83	52	79	44	37	72	13	48	76	93	2	70	1	73	94	70	4	68	95	65	23	12	83	74	16	95	92	19	43	64	22	74	42	58	75	100	59	2	14	67	16	78	6	52	65	87	58	79	18	44	99	89	99	40	69	94	22	99	53	93	25	79	19	19	81	90	15	84	79	80	51	14	82	69	68	96	65	8	41	19	95	70	71	29	46	20	92	11	72	88	17	58	20	46	54	75	55	24	5	66	5	98	57	84	71	8	5	20	48	27	65	71	5	57	39	90	79	20	92	34	84	67	6	83	5	17	69	99	32	89	78	35	4	86	31	79	26	84	61	80	
5	53	32	36	92	56	13	80	88	77	85	63	45	42	19	4	65	79	58	79	78	43	1	4	47	77	25	76	1	7	63	6	28	90	60	20	50	67	25	1	19	43	73	20	76	97	27	42	75	14	46	54	59	79	46	13	44	9	81	71	85	7	100	36	5	86	85	29	2	3	3	4	37	72	59	54	25	75	55	18	60	5	47	20	24	94	5	66	37	97	96	45	59	45	75	95	54	88	27	41	45	84	62	43	38	31	68	80	39	30	39	20	67	79	32	98	22	81	34	14	26	13	36	86	90	63	10	10	6	77	78	16	11	22	20	78	99	8	77	38	68	76	42	32	96	46	58	52	57	46	84	98	81	66	86	19	31	9	12	23	14	60	73	56	25	83	83	94	38	79	21	67	28	42	7	79	48	20	2	66	69	92	14	83	13	8	96	44	33	80	83	28	18	15	48	81	55	88	53	6	
18	60	13	40	99	71	53	5	48	76	60	45	13	18	57	25	49	29	62	13	28	10	30	41	13	35	19	75	42	27	64	60	49	87	17	82	20	63	52	14	4	82	67	71	100	11	56	27	94	20	78	89	17	98	100	96	17	92	49	31	2	77	30	76	31	96	90	98	89	58	5	91	37	16	80	40	37	29	86	75	51	89	20	56	77	34	61	84	47	15	93	45	28	1	33	64	81	80	21	30	51	51	86	85	65	81	7	9	51	77	48	51	31	16	66	95	24	43	70	98	79	52	56	74	12	50	28	46	87	95	99	40	2	4	48	27	25	48	28	4	35	54	28	61	67	7	55	9	27	41	14	68	13	20	46	63	40	5	53	2	65	51	80	90	20	64	52	49	49	17	26	53	92	33	3	10	67	5	62	81	83	2	87	19	16	72	95	73	12	97	82	61	57	97	55	15	18	20	25	79	
86	10	26	24	96	61	74	32	36	77	1	42	18	6	89	60	64	4	64	39	24	73	11	88	13	40	34	91	53	78	10	25	44	79	30	24	81	82	32	67	95	87	20	92	73	24	88	2	27	48	28	11	39	85	13	35	15	66	4	61	11	40	32	62	6	74	44	91	50	48	98	80	36	81	44	56	89	82	70	70	25	90	42	59	11	15	13	48	6	43	93	34	10	82	67	100	56	25	26	27	25	45	43	70	16	56	16	74	20	6	68	84	75	65	13	15	96	27	16	63	75	53	23	30	54	10	90	13	3	95	69	1	71	91	42	50	90	91	60	100	24	38	36	20	82	31	91	40	50	11	46	47	70	86	18	61	43	60	68	74	21	82	24	64	50	39	66	69	75	74	8	73	95	3	22	25	78	41	76	69	92	61	48	52	15	60	97	72	46	62	99	54	59	11	34	21	84	34	63	28	
5	85	36	69	12	14	99	35	54	2	65	19	57	89	3	54	9	42	71	55	51	23	35	5	5	30	66	8	41	39	14	30	55	70	21	72	59	24	84	93	85	69	28	19	13	47	13	13	59	17	14	28	5	69	46	72	94	4	29	64	79	87	70	33	5	3	5	2	6	97	19	16	62	42	4	25	99	90	19	94	26	60	74	88	6	16	19	63	81	75	8	72	70	55	40	84	15	5	14	96	62	66	44	56	26	10	94	87	38	81	60	46	22	40	18	56	35	24	26	100	11	89	96	85	90	3	65	26	6	80	24	15	74	78	80	98	96	82	12	9	79	33	48	83	2	58	76	18	59	87	16	85	19	70	35	78	99	77	42	81	54	57	11	85	8	57	87	91	69	59	95	76	31	10	30	74	21	77	81	15	76	5	68	9	59	38	98	83	17	2	83	68	28	77	13	81	36	98	9	22	
75	44	62	56	98	55	22	86	22	99	38	4	25	60	54	31	18	20	89	79	93	42	36	87	27	69	74	15	87	54	78	6	35	6	17	24	83	75	13	21	46	18	87	51	97	34	81	2	22	8	22	11	79	41	60	66	65	99	41	10	92	30	55	6	58	93	3	77	26	92	52	53	43	31	19	87	61	4	68	55	93	92	9	14	89	45	74	48	75	87	40	44	27	36	24	12	69	55	48	13	14	31	20	1	21	39	77	82	50	10	73	29	90	7	19	77	29	84	81	35	60	1	23	66	89	27	77	97	90	93	93	41	61	70	8	74	98	53	87	84	7	40	38	76	49	2	81	63	47	83	52	67	40	11	27	97	15	12	18	27	30	85	48	35	98	93	52	69	69	74	8	63	62	1	40	47	47	53	48	46	27	17	25	74	89	42	36	77	5	42	29	27	49	38	33	56	57	15	58	37	
6	24	21	14	26	23	91	38	91	79	89	65	49	64	9	18	73	25	26	93	56	71	96	33	70	94	8	34	34	48	32	90	14	7	90	81	43	15	83	26	25	56	88	64	45	53	44	5	32	8	98	56	48	52	89	17	38	6	1	45	92	75	47	90	4	17	44	50	40	41	5	35	73	93	27	87	83	22	99	51	35	55	93	50	31	59	66	4	28	32	10	29	4	87	11	29	31	52	47	69	40	83	9	50	80	86	91	16	22	80	17	7	27	38	37	9	54	33	21	20	18	12	12	97	88	6	97	18	75	17	80	4	66	88	89	30	6	95	2	49	39	8	93	86	44	16	69	35	90	4	87	70	79	64	20	94	56	96	62	79	27	85	9	80	37	42	43	69	90	20	100	100	31	40	35	41	48	42	97	66	6	61	21	94	96	48	70	79	77	25	80	75	33	19	96	76	46	1	49	42	
9	21	84	7	62	91	41	79	91	34	72	79	29	4	42	20	25	67	72	52	73	68	56	81	53	16	37	25	92	80	82	68	98	78	6	94	70	15	18	31	22	18	2	94	56	77	73	75	87	16	48	84	57	26	24	72	45	89	31	76	60	91	64	12	20	93	76	27	46	84	9	63	100	57	14	29	15	30	37	90	73	7	5	59	53	43	15	32	36	43	97	2	68	86	59	41	73	48	86	42	20	80	24	64	16	35	64	33	92	93	36	58	92	76	59	76	23	77	46	82	51	23	65	58	13	78	20	2	70	85	26	22	27	13	14	50	63	5	8	17	50	39	21	57	9	45	76	31	26	63	37	28	91	78	51	74	30	16	18	47	7	10	33	55	73	34	80	13	36	57	17	91	62	53	83	94	78	50	51	84	19	51	32	81	20	52	18	95	25	32	76	50	63	78	64	81	79	38	12	22	
71	32	97	68	98	93	58	91	95	73	77	58	62	64	71	89	26	72	75	46	66	83	50	49	95	64	41	94	87	78	56	3	75	11	53	76	31	17	40	39	69	21	48	48	36	97	77	47	88	66	90	38	5	71	74	56	49	2	25	7	11	59	52	97	56	97	60	50	49	39	80	24	80	92	73	70	90	46	6	14	5	30	70	79	50	6	86	98	31	75	39	82	10	90	14	61	61	97	21	63	75	99	12	38	41	87	75	53	17	33	61	85	11	70	92	70	55	75	87	47	15	8	68	89	72	20	29	26	55	51	44	70	59	6	1	72	12	25	8	96	54	73	87	33	46	33	67	4	72	92	88	51	49	62	29	68	79	44	83	69	81	42	57	60	76	62	30	21	73	84	93	66	95	13	72	34	26	40	52	24	7	35	68	9	68	74	45	29	28	23	36	19	89	37	48	15	98	10	52	21	
57	82	21	4	10	100	11	30	53	13	91	79	13	39	55	79	93	52	46	62	58	53	17	26	9	71	100	28	75	92	10	98	29	94	55	40	35	33	86	87	44	56	9	69	4	15	34	92	41	73	56	37	24	47	11	59	43	83	62	28	9	88	44	24	68	24	20	1	1	96	93	90	28	86	17	96	57	70	59	76	90	78	88	39	71	7	68	21	51	24	86	89	10	55	50	76	50	29	14	79	16	4	68	5	82	96	27	81	81	63	28	10	74	42	37	33	92	84	34	65	21	92	74	10	53	32	3	97	96	35	59	47	56	43	28	40	50	37	72	73	59	16	80	63	66	41	19	47	64	38	49	54	83	97	18	49	2	49	50	79	83	86	60	99	56	6	37	39	21	96	11	58	25	39	57	3	72	18	91	96	14	37	71	20	48	84	90	8	8	37	17	70	91	31	50	55	95	18	27	31	
30	42	71	22	80	55	70	22	9	57	58	78	28	24	51	93	56	73	66	58	7	75	9	82	64	39	94	94	3	8	38	34	61	57	97	22	37	59	33	20	32	44	10	42	99	21	65	44	23	35	72	82	100	97	30	72	15	94	13	22	63	79	13	88	94	82	37	77	36	88	97	52	44	43	59	21	67	71	28	67	29	8	39	91	99	48	2	55	55	70	85	27	83	47	62	79	11	22	32	34	31	17	53	7	36	14	85	18	31	31	66	8	69	3	79	100	33	32	18	100	2	39	94	54	27	18	92	58	5	86	18	6	28	49	52	43	32	74	72	18	96	97	80	26	70	27	23	79	59	5	45	24	5	28	33	41	95	53	85	37	11	85	89	96	61	61	77	74	24	86	76	34	62	23	70	50	59	58	11	77	42	70	16	21	28	34	2	13	58	38	78	5	13	7	12	35	20	20	65	31	
38	49	39	80	88	18	88	14	33	17	48	43	10	73	23	42	71	68	83	53	75	4	23	56	2	37	40	76	38	58	36	61	18	33	8	46	91	33	84	91	10	30	41	43	97	44	30	90	87	92	57	75	71	85	61	22	70	37	75	22	84	73	32	35	25	77	41	56	36	35	81	66	61	36	53	85	4	78	4	10	4	4	63	4	41	15	9	77	92	64	95	97	2	87	97	42	23	33	27	53	77	35	84	62	75	61	92	58	83	55	84	41	79	100	81	63	21	99	41	8	27	14	10	10	66	82	17	52	69	42	60	21	25	39	60	60	46	28	41	64	73	81	52	52	47	56	63	70	58	45	58	56	14	60	30	36	48	86	8	97	66	40	79	41	90	23	44	67	5	37	99	56	67	23	64	53	75	98	49	75	51	79	50	84	24	70	36	52	79	11	8	78	100	94	91	82	53	89	10	24	
80	93	88	75	85	88	28	2	85	20	75	1	30	11	35	36	96	56	50	17	9	23	96	14	69	73	67	73	83	63	84	23	71	43	9	94	5	97	45	87	85	33	60	20	31	41	97	69	74	62	63	20	84	72	72	14	42	100	91	39	54	90	94	79	21	53	67	73	63	60	79	3	96	55	41	20	9	91	10	22	70	36	6	16	27	42	72	13	93	49	68	31	51	41	83	18	21	6	72	20	40	17	19	86	91	68	89	20	87	44	27	43	49	12	31	80	50	45	75	93	96	100	62	72	21	30	71	80	35	19	29	50	90	20	49	68	84	45	81	44	99	80	65	83	99	94	99	4	33	91	67	26	13	18	66	100	53	28	45	71	20	49	22	79	57	16	49	96	48	39	13	88	77	34	49	67	20	65	62	7	88	41	11	37	19	10	79	95	77	91	40	64	39	2	38	58	20	99	93	81	
72	21	1	36	21	5	78	38	69	5	77	4	41	88	5	87	33	81	49	26	82	56	14	53	76	92	62	37	27	96	70	53	59	91	70	45	48	6	50	20	79	74	92	52	9	7	17	31	34	19	4	58	17	25	87	63	2	87	64	1	11	82	100	35	78	74	13	77	68	35	86	5	29	57	18	62	58	85	36	92	76	41	26	50	61	94	32	55	15	28	38	51	78	2	62	61	62	87	3	1	43	11	61	87	66	74	6	46	33	81	54	19	11	45	29	99	40	96	98	43	40	68	9	45	27	59	83	62	19	100	63	3	13	20	90	27	5	92	68	93	23	56	32	38	52	37	78	9	84	41	22	95	73	32	68	55	4	99	69	55	37	8	38	58	91	56	53	1	93	92	1	24	30	17	51	99	90	22	99	4	52	60	2	29	20	13	73	36	5	46	98	4	27	29	81	96	42	25	89	12	
16	59	79	51	6	62	53	59	45	70	32	47	13	13	5	27	70	53	95	9	64	2	69	76	63	64	40	79	21	76	18	38	28	72	35	45	86	18	98	85	39	34	37	34	86	40	6	30	32	18	77	98	68	40	85	5	71	26	55	56	23	59	67	11	42	36	31	15	3	1	80	7	13	37	66	96	31	21	35	5	39	49	36	94	96	14	5	75	79	79	4	91	11	55	51	59	88	3	59	84	15	40	31	73	95	74	92	25	29	27	57	81	85	52	21	11	85	57	70	75	57	85	51	47	41	64	25	24	23	29	18	99	71	29	49	65	6	6	4	80	5	23	54	4	4	84	35	6	23	48	58	10	84	15	9	44	7	64	88	20	2	45	32	93	81	97	38	21	80	13	95	30	63	77	89	69	95	32	10	66	12	77	89	40	51	65	20	36	98	78	60	22	97	89	27	23	31	5	72	54	
71	63	38	88	82	16	72	92	82	85	40	77	35	40	30	69	94	16	64	71	39	37	73	92	64	17	23	94	84	29	1	93	18	65	1	6	45	5	64	70	96	2	46	80	88	66	18	6	25	28	42	48	15	7	5	72	56	1	100	29	35	85	73	49	81	36	44	43	96	4	53	38	22	6	49	84	84	59	5	82	48	92	55	27	77	16	85	5	28	17	55	42	66	76	87	45	11	44	26	86	99	71	87	99	17	18	57	70	98	41	79	20	61	69	34	9	4	23	42	54	64	36	8	8	80	69	47	56	37	81	71	3	54	8	1	100	89	47	40	85	73	3	14	1	100	40	78	33	11	59	87	64	28	1	93	11	38	42	42	39	37	54	16	78	72	65	66	96	38	40	85	60	68	85	13	2	2	86	68	55	23	61	59	24	100	34	26	35	89	49	73	83	28	95	27	71	5	44	65	39	
35	22	37	8	98	71	21	41	100	28	73	25	19	34	66	74	8	37	41	100	94	40	67	62	40	23	33	67	54	85	3	23	20	64	6	64	58	8	94	82	65	51	56	60	98	100	47	31	32	81	22	12	4	66	29	87	38	55	55	27	100	29	80	47	54	58	30	92	78	17	69	6	75	30	40	67	55	28	23	37	44	10	13	51	93	38	13	8	21	20	73	38	9	62	42	76	100	25	30	59	93	22	38	89	44	78	9	52	30	1	33	71	30	24	58	65	62	60	18	26	2	60	36	43	20	11	8	10	35	62	56	40	26	8	87	21	18	72	39	85	60	31	73	70	55	75	4	20	71	87	6	88	72	85	28	95	7	81	7	1	83	25	37	5	44	57	95	41	78	86	16	27	56	51	67	64	1	89	2	32	2	100	43	22	76	90	34	56	19	86	59	60	34	50	37	91	28	84	67	27	
28	25	37	21	40	87	72	61	96	12	4	76	75	91	8	15	34	25	94	28	94	76	73	37	79	94	67	64	11	34	75	23	24	25	51	47	20	54	16	59	77	68	30	9	71	40	66	37	4	49	60	41	80	53	90	3	92	7	20	89	88	65	9	62	21	26	21	80	71	47	92	49	85	95	76	13	9	68	64	11	17	20	41	2	7	92	70	55	72	19	1	43	50	58	15	53	75	28	25	63	90	14	25	98	88	55	49	35	17	51	44	3	39	100	34	45	11	5	54	51	75	88	4	53	11	54	47	20	46	36	65	21	22	25	80	51	17	32	80	85	99	42	5	48	45	19	14	68	8	57	63	93	12	97	1	29	73	11	95	16	69	19	4	85	35	39	67	79	31	59	31	38	74	44	62	23	14	76	80	27	96	45	97	17	15	64	45	55	15	2	42	97	14	82	51	15	63	97	59	11	
4	75	70	63	4	5	50	9	22	27	22	1	42	53	41	87	34	92	87	75	3	38	83	27	21	84	54	11	11	56	49	39	41	77	100	59	6	86	49	93	50	22	14	98	76	1	57	7	91	74	14	19	63	8	24	10	33	9	21	59	82	4	75	80	52	81	29	52	81	39	100	18	8	26	64	41	28	2	29	44	47	6	13	95	58	65	91	89	84	21	87	53	92	100	32	4	39	5	9	62	62	12	15	45	5	35	32	11	8	42	74	95	39	52	65	25	24	35	50	36	6	9	70	49	68	75	69	12	82	8	45	56	92	52	71	67	68	95	65	83	87	34	62	34	2	77	17	6	66	42	68	40	49	69	74	2	51	4	62	87	87	8	15	31	48	99	30	58	17	19	55	45	94	66	11	56	54	41	29	75	35	45	78	10	32	86	14	22	2	26	2	77	87	13	50	3	81	21	30	81	
59	47	87	38	44	97	77	2	57	27	13	7	27	78	39	54	48	80	78	92	8	58	63	96	76	29	85	34	56	92	48	83	46	35	96	51	63	84	49	34	51	69	93	32	16	16	40	92	40	20	79	78	34	79	79	20	4	33	71	86	89	39	17	83	32	82	95	12	87	41	18	43	76	71	41	36	5	80	40	84	57	37	72	56	36	37	45	43	28	63	37	79	18	82	51	10	8	16	76	47	36	84	81	67	45	11	35	89	55	49	94	35	53	4	10	96	2	16	90	92	1	63	78	63	77	97	25	90	9	21	88	74	43	5	80	74	72	41	94	12	78	28	83	63	85	99	61	36	82	36	28	95	90	35	52	77	25	12	58	62	8	45	11	52	61	96	67	41	68	43	33	34	26	41	4	22	67	12	67	44	94	80	6	35	95	72	30	5	90	7	33	61	29	65	13	64	44	26	5	4	
60	57	99	64	50	82	26	88	36	59	9	63	64	10	14	78	32	82	56	10	38	36	84	70	18	1	3	75	49	48	17	3	57	90	10	96	37	1	67	50	60	98	48	41	6	43	92	24	36	91	76	41	15	9	47	10	68	24	51	91	92	9	44	15	40	14	62	31	60	53	47	9	58	12	46	29	61	75	69	92	15	2	83	20	36	85	80	99	76	43	26	86	93	43	88	87	97	19	84	7	100	74	67	38	79	55	22	94	100	71	15	87	75	7	46	29	28	41	86	73	72	34	22	72	26	85	66	73	74	43	49	6	53	12	58	60	74	54	77	98	70	57	7	11	72	100	22	81	69	73	12	83	12	33	53	33	40	92	30	31	63	7	13	27	63	91	54	59	95	41	74	17	87	51	62	35	39	55	3	55	63	35	96	47	16	84	5	17	2	95	41	28	23	24	40	79	14	89	42	2	
42	96	72	76	30	23	94	71	71	12	61	6	60	25	30	6	90	68	3	98	34	61	23	53	38	93	23	23	39	83	3	44	95	26	98	39	64	29	5	19	97	13	31	47	33	21	86	45	50	21	90	55	69	87	38	59	64	11	95	11	28	78	76	96	61	44	41	28	89	6	12	61	64	49	62	17	29	59	27	72	100	7	19	41	40	28	7	23	51	1	22	7	46	54	87	98	75	51	5	71	52	98	86	34	25	89	46	63	63	32	93	53	30	62	40	58	47	57	18	32	17	1	53	48	41	15	16	95	82	78	25	79	17	52	95	16	57	65	62	40	94	61	58	68	97	65	40	17	9	57	32	21	62	20	29	77	75	80	52	100	6	7	59	16	59	53	9	65	8	49	92	85	87	26	50	4	45	56	40	79	59	94	5	100	72	69	58	57	9	66	82	51	65	54	17	85	30	27	84	54	
87	25	77	4	47	8	100	11	22	51	58	28	49	44	55	35	14	98	75	29	61	18	71	59	28	18	20	24	41	46	57	95	80	85	88	2	29	71	73	3	73	98	23	43	11	74	1	11	15	21	27	69	84	47	16	76	76	81	86	22	100	69	15	9	91	81	47	8	64	30	15	66	38	12	45	26	29	30	29	8	16	86	28	60	47	100	99	46	76	36	4	29	69	84	43	3	26	79	44	35	7	50	51	26	26	97	83	18	36	74	50	61	61	87	93	94	66	90	13	34	34	79	30	32	100	32	63	58	42	95	54	74	60	95	62	59	58	85	67	77	27	18	78	94	10	56	73	99	15	18	77	13	68	99	91	57	21	54	7	29	3	1	20	62	29	3	95	70	76	62	22	42	7	58	30	70	23	46	17	29	50	68	67	53	41	79	89	27	61	37	5	69	21	73	10	38	48	25	1	35	
44	9	6	54	93	16	78	58	46	19	57	90	87	79	70	6	7	78	11	94	57	33	43	91	72	65	64	25	77	35	90	26	85	32	89	27	14	27	58	68	79	54	43	4	1	95	17	54	83	50	25	69	98	87	32	2	47	74	86	5	67	3	57	79	72	98	70	53	9	59	24	99	84	40	93	31	60	100	11	68	12	28	59	19	42	67	35	3	1	41	60	40	49	45	35	96	88	45	93	12	34	69	34	66	7	2	3	44	69	28	91	20	69	64	7	99	75	75	55	10	46	26	74	89	6	27	20	36	31	55	65	32	14	93	35	20	13	34	24	47	82	73	72	23	24	70	45	39	69	19	90	81	9	97	41	73	12	1	75	79	22	50	59	67	39	17	79	43	35	11	18	15	47	10	59	36	72	72	5	71	33	46	54	52	44	26	13	10	43	31	69	52	56	13	60	95	87	1	33	5	
38	5	82	13	81	7	93	55	100	61	64	60	17	30	21	17	90	6	53	55	97	8	9	70	35	1	6	51	100	96	10	98	88	89	17	3	51	59	1	63	11	28	12	41	59	57	74	76	34	34	68	97	69	78	53	20	82	27	94	76	32	17	7	91	93	21	68	92	51	81	93	20	12	87	9	50	77	27	3	96	87	91	25	88	34	68	70	21	40	81	54	24	20	27	38	33	64	49	93	11	32	26	21	77	48	41	42	32	35	43	29	66	73	69	75	98	88	59	68	29	29	32	56	54	37	4	45	14	56	71	76	81	29	71	68	21	67	43	32	52	29	67	60	91	59	4	50	53	8	7	67	8	81	28	97	28	36	81	54	36	75	32	28	7	20	99	17	81	40	76	87	5	36	95	54	42	91	91	51	29	52	54	45	38	42	6	10	15	27	16	16	66	11	69	2	61	85	100	34	99	
39	91	11	75	54	55	93	40	27	78	12	20	82	24	72	24	81	94	76	40	22	46	94	45	45	6	64	47	59	51	96	39	2	27	3	15	64	33	71	23	30	83	46	34	37	46	54	70	74	96	68	64	81	63	69	85	77	95	80	56	86	48	65	4	22	30	39	21	84	53	98	35	19	35	46	53	92	38	91	61	63	9	64	6	73	35	84	59	94	82	53	34	33	30	41	61	92	89	53	91	29	80	96	76	31	24	25	27	44	71	19	71	47	8	47	54	28	11	83	98	100	100	95	94	17	91	95	53	13	29	43	97	88	42	40	31	99	69	32	6	55	63	6	4	1	6	9	55	65	31	49	82	99	25	82	61	61	47	100	62	20	56	34	89	72	24	17	4	13	99	85	4	22	93	44	66	98	78	89	39	39	37	30	52	95	37	90	96	96	69	27	76	57	32	57	66	37	100	14	54	
42	71	62	92	93	2	26	35	71	4	5	50	20	81	59	83	43	70	31	35	37	91	5	48	86	45	58	20	6	63	37	64	29	14	51	64	7	52	7	51	46	51	1	73	29	71	34	93	22	32	23	79	55	13	19	38	27	40	43	7	97	47	94	25	11	83	98	70	97	92	33	14	79	68	90	14	30	96	78	72	12	30	13	64	20	37	43	69	98	84	37	92	34	23	98	6	80	36	89	56	85	83	69	95	88	14	57	16	70	17	65	89	19	5	79	52	56	56	98	25	58	79	16	44	93	94	4	44	36	55	67	38	4	15	29	58	71	24	3	4	45	27	24	41	88	99	1	12	23	65	6	14	90	68	20	29	71	74	61	1	83	77	70	38	76	60	97	64	96	94	83	53	21	1	3	3	33	10	50	55	99	39	68	96	73	8	22	54	96	15	73	3	79	34	47	50	58	34	28	64	
19	57	19	76	75	62	75	63	11	24	86	67	63	82	24	75	15	15	17	33	59	33	97	6	18	5	8	54	86	84	1	29	71	27	59	33	52	31	19	44	34	9	66	18	14	12	19	17	3	84	59	78	62	43	16	28	2	20	79	66	7	14	26	45	14	56	37	79	41	31	39	67	25	95	48	28	99	1	76	9	20	83	77	38	26	42	26	58	55	63	66	94	100	76	72	37	18	87	19	5	97	78	58	95	6	19	52	59	38	65	90	5	73	78	68	92	91	89	19	27	17	96	69	68	91	1	64	24	11	87	6	1	30	52	41	45	23	28	70	18	34	70	71	42	70	55	8	77	32	11	7	26	85	59	51	99	59	90	96	47	66	44	94	13	66	88	7	95	37	50	20	29	25	97	17	34	16	55	1	74	40	25	6	2	66	53	56	85	65	7	66	2	78	91	65	49	53	85	13	65	
42	12	79	92	20	12	30	37	88	3	9	25	52	32	84	13	83	18	40	86	33	84	45	50	98	64	94	16	49	49	67	5	73	58	1	71	7	19	72	39	7	79	38	38	52	87	56	59	95	41	53	66	76	83	1	53	68	90	68	24	94	87	86	80	75	52	36	24	28	66	61	18	77	50	82	60	32	45	2	76	10	19	44	94	50	91	87	62	51	70	74	97	63	79	48	39	20	33	96	30	98	75	56	15	65	48	93	39	100	9	19	53	44	77	79	89	65	85	96	70	62	55	58	50	73	76	56	91	18	42	21	27	96	23	39	76	37	9	59	43	89	77	57	85	49	10	8	38	6	46	40	15	35	42	6	100	78	39	36	98	83	16	79	20	7	24	72	17	50	72	77	29	41	21	26	31	82	7	21	46	33	7	28	33	95	12	88	43	21	24	49	61	74	86	37	47	29	61	31	5	
68	3	72	92	75	28	57	22	33	71	71	1	14	67	93	21	26	31	39	87	20	91	87	20	85	70	82	59	93	34	50	19	3	68	63	23	51	44	39	5	36	30	87	17	66	75	21	73	86	28	67	62	64	95	92	41	21	16	37	45	53	37	57	79	36	14	57	21	66	40	64	91	9	50	29	52	34	83	12	16	66	54	83	57	76	1	17	11	39	89	21	93	24	32	4	85	72	93	50	93	58	32	93	58	86	50	30	34	58	76	26	20	69	89	36	91	43	92	39	57	56	65	5	25	64	79	35	34	43	63	7	49	1	33	96	27	10	10	83	4	45	69	62	96	12	79	59	94	67	45	71	90	87	64	98	7	60	32	71	60	28	10	21	91	67	10	18	12	22	67	39	13	7	36	45	81	4	55	27	88	43	77	59	11	67	80	38	81	16	49	89	39	7	2	83	4	75	9	39	83	
42	96	93	1	53	95	32	2	21	68	7	19	4	95	85	46	25	22	69	44	32	10	85	79	39	96	65	77	50	51	60	97	73	79	11	30	46	34	7	36	95	55	73	45	18	43	72	19	6	100	3	79	97	60	78	76	40	68	11	99	14	68	35	12	4	96	90	35	91	90	6	48	69	43	18	78	30	35	86	22	34	9	95	23	51	53	84	16	55	21	8	53	47	36	40	46	75	19	72	97	93	39	13	88	53	70	13	17	5	37	85	21	47	17	42	48	88	1	77	17	21	53	52	83	22	53	3	13	55	26	50	91	68	89	84	56	25	50	97	41	85	69	76	26	53	49	35	72	41	43	18	53	89	81	21	27	58	57	18	93	31	88	67	19	46	98	28	45	75	14	91	27	98	19	26	53	74	61	69	56	3	72	45	84	34	19	5	52	6	5	57	72	11	16	17	19	5	63	26	45	
62	95	66	83	94	22	88	4	51	84	43	43	82	87	69	18	56	18	21	56	44	30	33	74	34	2	51	68	22	69	98	13	98	54	28	83	51	9	79	30	55	77	38	89	100	27	70	74	96	21	57	99	7	9	26	26	7	83	11	32	50	31	25	35	91	51	70	37	54	78	19	68	78	22	69	10	80	9	96	88	52	22	20	76	66	100	27	87	70	40	5	8	42	2	76	97	1	96	45	26	91	1	92	20	73	97	85	63	76	70	72	70	15	8	6	98	73	46	97	96	38	22	53	26	27	25	3	52	91	11	78	16	56	36	69	16	89	73	29	53	98	32	43	49	23	44	79	77	62	60	45	33	99	60	63	84	58	71	16	61	89	36	3	28	72	10	98	80	76	23	52	90	53	25	47	19	45	69	29	95	32	73	11	26	84	14	72	2	89	8	33	7	6	9	99	54	14	86	8	26	
48	53	32	41	10	13	59	53	71	48	20	73	67	20	28	87	88	2	48	9	10	41	60	92	37	46	56	30	14	93	48	31	23	43	12	46	1	66	38	87	73	38	7	89	22	28	16	74	38	40	39	79	51	26	89	78	90	47	100	6	90	17	47	94	95	85	18	4	90	35	28	4	10	79	13	32	8	20	43	44	24	35	84	96	69	93	51	25	42	92	5	69	85	58	27	18	4	80	96	67	99	16	13	86	19	39	68	29	51	17	32	63	19	3	10	36	31	77	84	31	74	56	19	60	26	5	93	34	39	38	37	21	81	39	40	69	77	95	67	38	7	61	98	89	35	91	65	6	68	1	100	91	28	28	95	52	1	50	62	12	28	51	57	95	29	78	23	85	53	28	74	8	38	26	14	62	89	45	2	13	34	39	78	73	70	57	50	99	4	22	52	65	93	39	42	62	55	31	25	54	
78	28	56	40	16	84	51	15	35	39	37	20	71	92	19	51	64	94	48	69	42	43	20	52	34	80	60	9	98	32	41	47	43	4	41	34	73	18	38	17	45	89	89	65	47	68	99	61	54	38	44	32	1	61	44	45	19	99	80	33	39	87	65	14	68	23	6	16	73	66	74	50	48	24	96	34	82	14	88	17	67	52	53	99	62	42	78	46	35	94	100	28	17	45	32	8	60	47	19	53	97	39	89	97	36	98	68	53	68	28	91	26	98	59	13	39	3	20	27	3	11	87	23	28	28	28	40	31	1	55	39	96	57	14	85	61	35	15	19	51	11	33	79	2	100	74	70	14	97	42	36	45	38	98	5	39	80	43	26	88	34	49	65	6	13	65	79	75	73	87	2	81	5	2	81	1	67	90	29	88	61	35	88	98	73	6	41	29	52	25	22	85	33	42	91	86	25	56	71	26	
21	80	26	25	86	69	81	13	79	75	37	76	100	73	13	97	45	56	36	4	99	97	31	9	86	88	98	71	76	16	6	33	11	1	59	37	29	14	52	66	18	100	22	47	87	57	24	1	48	55	11	12	69	77	80	28	95	26	16	28	44	42	80	19	57	23	25	84	53	42	74	90	63	6	40	53	38	20	92	32	28	31	59	41	33	10	32	92	66	63	75	100	81	12	50	7	97	16	42	3	87	30	53	61	65	70	7	77	6	5	1	85	78	5	56	62	43	58	83	53	58	54	47	1	14	40	51	81	90	61	66	54	82	41	59	33	52	57	78	95	47	91	9	83	99	78	3	5	65	52	8	77	92	70	66	6	88	60	88	38	36	83	23	65	24	23	25	85	41	14	36	14	46	69	11	13	22	13	92	46	15	86	32	7	22	1	11	24	44	74	100	77	2	43	17	16	83	13	10	47	
16	99	85	45	88	33	25	64	14	85	76	97	11	24	47	34	53	77	97	15	21	44	41	7	40	66	100	40	1	16	43	21	74	95	57	46	71	12	87	75	43	27	28	68	57	75	62	84	22	74	74	50	45	78	79	33	100	71	98	72	50	57	100	88	53	84	55	13	55	40	65	47	30	4	29	93	39	20	47	25	4	99	50	62	82	75	55	63	4	77	50	68	7	89	30	44	31	71	32	14	77	37	29	81	78	87	51	57	34	48	16	59	24	22	24	56	16	16	12	1	8	75	14	33	8	80	43	57	86	47	58	91	74	12	80	4	52	1	20	83	54	31	77	57	95	96	41	79	20	79	42	51	93	86	31	5	24	90	9	20	49	84	29	29	3	42	46	100	8	94	28	45	83	15	81	20	80	100	83	42	79	97	87	30	69	39	80	48	48	75	89	44	53	92	74	9	98	37	38	96	
13	89	50	44	28	14	12	9	67	40	54	27	56	88	13	81	44	73	77	34	65	30	97	17	6	18	47	66	57	40	92	86	1	17	74	54	34	19	56	21	72	70	16	99	24	62	32	7	82	82	95	98	82	49	81	27	84	90	37	15	5	82	26	52	24	91	84	73	74	19	95	69	28	39	73	100	88	51	56	10	100	63	48	44	64	87	67	33	79	87	19	93	96	15	56	36	33	97	15	92	25	2	16	32	24	7	90	13	36	57	75	88	84	38	39	59	52	37	98	46	40	24	70	13	16	44	50	32	19	12	13	69	6	95	99	96	17	56	92	30	88	53	33	26	12	80	70	58	72	14	29	52	84	32	69	15	4	66	63	23	19	3	93	6	58	1	93	42	11	8	62	95	90	88	15	53	16	34	35	86	67	22	91	94	30	59	55	27	11	14	24	28	52	89	66	77	46	98	73	12	
79	45	71	17	87	53	70	89	45	73	24	42	27	2	13	2	5	75	47	92	44	90	69	31	30	6	31	37	7	92	24	45	11	54	76	70	93	17	59	73	19	74	74	61	1	84	7	72	13	28	31	14	18	37	61	98	75	47	96	91	7	63	76	46	28	68	15	80	61	12	86	65	94	30	88	9	20	7	85	65	93	50	37	76	42	12	85	68	39	11	74	50	98	9	64	72	52	2	35	97	50	8	61	17	64	46	22	36	90	9	98	99	36	34	76	18	99	43	13	49	52	31	9	1	23	76	24	91	46	99	33	32	78	73	72	15	96	24	93	44	50	15	58	99	57	61	14	74	29	18	3	63	36	52	59	94	6	79	70	59	74	16	89	23	56	83	96	93	41	28	62	10	79	22	48	62	54	100	10	36	88	39	36	61	43	18	27	100	51	92	91	63	80	5	25	14	33	33	63	35	
34	2	64	96	83	43	42	47	52	70	41	75	94	27	59	22	32	87	88	41	23	87	74	34	32	25	32	4	91	40	36	50	15	83	34	74	22	3	95	86	6	96	38	54	48	22	82	13	3	29	19	4	48	72	68	3	4	70	19	91	28	59	29	78	34	59	32	65	83	100	96	17	54	64	51	52	22	25	34	40	72	98	26	9	80	73	31	38	43	99	99	91	17	89	66	99	85	61	17	57	7	14	46	24	48	20	91	24	90	28	5	92	55	96	77	11	41	77	45	78	85	18	85	23	61	89	6	30	24	35	81	43	3	14	61	17	48	61	34	8	100	87	56	59	82	25	1	51	18	29	35	87	27	61	26	38	20	50	23	69	89	35	10	71	64	82	66	26	20	17	56	34	1	84	31	95	76	58	18	16	45	88	8	88	68	78	62	55	39	86	41	68	24	100	19	88	39	87	45	28	
83	92	1	77	12	32	66	90	93	8	79	14	20	48	17	8	8	16	66	73	35	92	62	19	18	28	81	49	74	20	91	21	21	50	34	96	32	84	41	28	100	21	40	38	55	74	82	28	29	95	61	18	41	70	63	12	73	62	21	64	78	26	61	16	20	41	69	3	63	21	57	96	80	28	95	52	23	26	22	91	99	77	49	79	13	84	30	91	52	70	67	57	63	78	92	48	14	21	31	5	50	65	19	22	18	87	49	41	60	14	55	84	32	92	44	64	79	22	74	40	65	75	80	2	34	64	77	19	74	38	55	34	79	75	99	88	51	67	76	75	68	21	4	65	11	2	24	33	36	75	22	26	44	58	96	70	80	66	74	7	86	84	47	22	28	77	51	32	19	19	91	75	3	64	35	22	51	53	92	75	16	20	31	79	18	84	48	85	92	30	16	69	4	85	13	90	16	70	5	21	
12	96	98	81	25	67	60	19	9	52	64	46	78	28	14	22	98	48	90	56	72	57	63	4	77	42	22	60	14	79	76	90	27	25	68	68	23	59	53	67	3	57	39	44	11	74	95	31	19	61	36	25	13	64	78	35	9	75	78	99	38	47	77	24	43	55	1	45	68	83	89	45	39	55	60	63	15	14	4	42	77	68	52	6	63	99	4	100	55	49	71	80	48	93	89	56	34	36	53	4	7	75	80	88	76	60	43	27	9	7	24	16	54	99	89	47	66	86	76	34	23	6	95	74	61	75	84	45	91	73	22	98	39	91	94	30	50	38	5	19	92	39	33	24	44	59	24	10	2	24	54	56	100	29	39	44	89	49	66	56	61	85	72	66	55	51	45	99	8	42	57	17	92	84	38	87	94	37	22	66	38	45	64	71	34	91	17	86	6	96	96	97	99	39	55	2	29	13	92	29	
57	74	45	46	93	73	41	29	21	61	44	54	89	11	28	11	56	84	38	37	82	75	20	58	98	48	12	41	19	78	41	55	69	69	97	64	79	78	66	62	79	99	79	32	12	50	98	14	4	18	25	88	41	77	71	65	16	6	68	71	45	22	6	88	23	49	60	11	98	13	93	15	59	1	98	98	68	87	75	58	33	32	1	73	69	79	20	93	80	36	78	44	75	16	33	56	71	46	17	65	90	20	77	23	79	56	71	51	12	83	20	83	36	78	20	11	11	1	94	4	65	81	13	88	7	50	66	53	16	23	15	7	71	54	70	48	64	9	34	35	53	62	55	60	36	41	54	86	21	3	70	97	12	16	93	46	8	90	1	42	42	25	68	95	35	28	53	9	9	96	67	51	99	72	32	17	85	51	80	45	61	12	7	90	38	68	94	1	73	48	89	11	90	40	64	20	82	4	9	8	
71	63	46	90	66	37	20	57	98	74	96	59	17	39	5	79	48	57	5	24	100	71	84	17	68	15	4	80	63	34	15	69	84	98	69	81	55	62	76	64	97	7	51	1	69	45	82	18	48	41	13	41	37	36	77	5	13	66	78	50	16	56	3	97	48	18	96	92	5	14	53	16	65	58	86	27	25	37	96	8	62	87	5	84	15	6	5	90	42	40	58	56	53	34	10	83	8	62	84	33	81	44	18	83	97	15	75	80	50	77	50	53	12	34	1	69	3	18	39	76	2	55	47	39	47	39	28	82	56	6	92	42	21	56	48	29	6	48	52	19	100	91	61	87	87	78	89	16	63	67	88	41	36	61	23	94	23	29	30	99	60	29	29	38	8	13	49	62	92	3	61	81	88	26	31	18	49	45	3	58	61	21	66	69	90	85	52	74	31	19	56	82	76	50	74	83	44	2	46	95	
91	95	30	40	68	43	90	48	57	49	24	79	98	85	69	41	52	26	71	47	97	85	72	25	40	7	66	53	8	79	9	87	47	87	78	63	13	43	83	95	60	9	26	61	77	78	49	37	72	70	64	77	36	42	52	57	59	75	76	64	4	6	3	30	73	69	22	59	89	45	74	85	49	81	86	11	24	85	90	52	90	90	8	54	56	53	85	100	4	84	9	19	67	63	6	30	87	77	59	27	35	90	15	41	59	66	80	34	17	64	64	97	45	96	49	72	16	3	26	83	93	20	46	28	71	15	15	51	71	43	99	16	97	44	97	46	34	47	90	26	5	79	81	66	78	54	48	36	97	93	100	80	28	12	36	88	48	56	87	91	50	99	95	88	1	88	3	4	95	79	14	4	45	23	43	65	62	13	91	79	47	8	11	23	28	2	10	42	66	13	4	70	57	81	32	39	62	69	59	5	
99	37	63	3	67	17	94	80	87	78	59	46	100	13	46	60	89	24	74	11	30	61	72	87	85	5	29	90	24	79	47	38	16	32	53	69	19	16	1	92	78	26	89	44	80	79	81	61	68	63	78	71	77	52	81	9	99	61	46	51	66	8	56	12	100	75	42	75	50	77	1	13	1	25	14	24	42	82	99	24	74	92	3	60	69	62	8	48	59	20	88	72	34	78	90	28	8	1	52	73	56	41	71	60	41	23	68	41	40	91	23	12	98	1	57	91	9	52	91	29	31	86	27	1	79	89	16	43	27	20	22	23	40	43	64	23	89	3	94	87	11	14	29	27	19	3	39	11	29	18	77	70	75	2	52	28	66	81	88	34	58	90	73	48	22	80	40	80	66	69	80	19	49	79	33	19	51	61	82	16	59	69	33	46	48	82	35	98	76	27	44	1	15	14	88	68	33	26	87	82	
40	28	82	31	90	23	25	34	18	98	5	13	96	35	72	66	17	72	56	59	72	22	14	63	5	72	87	3	10	20	10	59	76	2	20	85	38	28	53	41	76	26	78	45	28	33	27	98	3	12	35	65	5	57	9	33	12	16	17	92	19	11	84	100	27	35	41	86	94	12	51	41	6	63	4	72	10	92	17	60	73	39	37	1	49	51	14	36	95	78	16	19	10	5	56	81	22	88	5	74	96	83	79	52	15	46	18	14	37	92	14	90	77	34	54	80	49	47	19	98	72	55	5	93	82	90	42	78	44	100	58	43	70	93	75	15	49	94	85	40	80	98	35	81	60	55	100	29	6	72	86	41	6	98	10	13	8	52	22	98	51	10	43	99	98	61	83	37	22	40	27	74	7	17	9	41	51	99	57	70	96	38	20	52	23	19	5	94	64	19	63	49	30	97	71	97	49	78	82	84	
92	83	76	24	25	85	16	73	36	18	93	44	17	15	94	65	38	45	49	43	15	70	42	2	71	56	38	92	33	4	68	64	76	47	82	77	27	2	68	21	40	7	90	19	95	100	84	75	4	73	9	16	13	59	99	12	85	2	64	32	60	82	92	37	18	58	1	41	63	45	1	35	24	27	17	25	8	53	88	86	77	48	99	56	89	32	53	85	91	85	65	94	16	20	84	21	50	35	68	40	15	88	69	99	73	46	8	3	2	21	7	64	88	30	1	51	12	15	61	83	60	75	12	90	95	42	26	65	1	52	62	62	89	71	75	75	8	44	60	98	58	25	48	63	64	17	43	50	46	46	64	61	44	37	73	93	78	23	99	21	100	60	43	80	82	16	51	39	66	60	58	64	61	46	90	90	8	19	18	36	82	64	40	31	97	39	8	95	88	49	68	50	100	27	41	67	7	76	68	19	
45	44	74	69	22	76	72	47	30	23	53	9	92	66	4	99	6	89	2	83	94	37	100	87	26	1	55	7	9	33	24	11	81	74	27	95	40	20	90	16	68	83	47	99	26	71	90	47	70	62	75	6	66	75	61	16	2	9	22	70	22	5	71	40	36	33	78	2	31	23	32	77	24	48	73	33	84	6	66	74	15	9	58	82	72	15	57	51	93	97	24	50	65	94	44	85	81	14	45	8	14	5	20	73	26	69	45	12	88	35	52	5	81	51	24	85	70	12	66	75	66	49	98	90	6	94	5	76	54	50	50	36	95	95	51	41	46	9	63	60	64	61	38	79	70	8	59	71	58	26	14	72	75	65	3	4	66	19	27	22	40	4	14	88	79	66	59	10	66	46	54	85	42	63	7	56	11	47	45	53	10	61	71	35	33	1	39	28	23	97	73	70	74	86	13	57	36	80	39	26	
80	31	6	99	62	95	28	96	75	39	66	81	49	4	29	41	1	31	25	62	13	75	91	64	55	100	55	20	21	71	51	95	86	86	94	80	43	79	68	37	11	11	100	80	16	98	37	96	19	21	78	68	78	76	46	17	64	22	18	72	71	30	60	63	16	49	29	76	33	94	36	77	75	59	4	70	19	84	53	64	46	98	17	82	3	16	79	67	10	59	89	40	91	76	3	12	3	11	26	43	41	67	83	49	92	99	78	97	53	62	94	3	83	12	59	100	94	5	13	54	51	65	14	27	55	71	23	18	2	16	6	30	72	24	2	40	96	43	19	39	88	53	77	11	47	84	78	64	21	64	8	33	91	66	1	14	18	22	64	84	82	3	35	69	65	7	17	92	63	76	66	17	13	40	28	63	44	28	74	32	29	33	65	90	96	89	23	56	43	64	59	89	45	89	75	68	13	50	36	27	
97	99	78	31	73	21	60	5	58	72	11	71	31	61	64	10	45	76	7	28	22	22	39	1	56	29	27	89	59	86	91	11	22	5	76	56	7	66	24	45	99	32	6	33	28	72	15	91	91	64	99	71	50	64	51	92	32	70	72	67	9	68	9	31	59	77	73	63	79	42	25	42	48	42	17	34	38	88	58	49	95	45	34	34	26	43	86	48	6	37	2	34	19	42	70	99	47	20	66	69	39	3	58	85	30	2	7	38	60	51	37	71	39	8	24	43	97	43	45	71	97	15	32	72	18	65	63	34	21	86	7	71	3	93	78	58	86	65	53	54	61	23	11	86	51	94	1	63	16	72	11	56	9	95	7	99	72	29	89	84	25	48	91	83	91	44	21	76	98	63	80	61	16	12	23	39	99	21	73	13	74	9	18	21	2	97	68	68	14	69	68	83	99	96	48	79	53	73	77	40	
1	26	88	54	86	46	58	80	89	56	83	85	2	11	79	92	92	60	11	9	63	84	54	11	23	35	100	88	82	89	92	28	100	67	32	86	97	7	94	53	14	50	90	39	44	50	5	7	28	78	38	45	16	4	66	19	60	22	71	9	4	34	89	86	5	2	15	64	14	58	50	96	1	63	76	21	92	26	51	73	94	80	98	72	40	72	92	1	49	55	98	42	83	25	93	24	75	27	43	4	67	35	43	39	25	3	10	61	90	22	84	75	92	58	96	82	26	94	79	75	76	58	96	21	39	5	82	1	75	16	28	41	27	39	1	6	39	42	83	18	14	97	81	84	97	2	19	92	5	11	76	48	96	4	30	68	94	50	34	97	58	49	84	14	93	2	45	99	23	8	88	75	76	33	30	56	7	37	53	6	49	60	12	29	23	2	56	47	94	29	59	14	34	83	94	17	51	47	44	5	
62	26	11	56	62	46	9	73	11	39	52	7	77	40	87	30	75	91	59	88	79	73	90	82	59	85	29	65	4	39	9	78	69	3	17	48	47	14	87	37	68	31	17	87	42	57	82	63	59	26	47	22	56	6	8	11	82	5	30	68	34	38	91	19	19	56	90	49	65	16	12	94	63	76	7	9	31	99	45	58	86	51	64	88	46	12	66	25	58	29	18	74	63	5	68	57	52	36	6	24	70	19	87	37	86	70	51	21	72	18	55	83	58	58	80	15	29	41	18	62	70	88	44	27	32	87	65	59	94	70	84	30	66	6	30	51	20	34	12	81	83	56	92	36	41	62	36	72	77	93	2	2	2	79	19	74	50	38	74	18	60	36	56	1	85	96	97	83	35	97	85	73	95	100	31	58	85	73	23	85	2	56	21	54	88	89	44	17	24	32	23	90	86	44	60	74	36	66	65	13	
29	45	30	63	56	43	67	22	14	9	79	100	30	32	70	55	47	64	52	44	13	32	94	100	67	73	80	9	75	17	44	76	15	57	7	65	94	26	86	57	35	25	47	65	80	100	26	76	29	61	77	6	3	3	56	84	92	71	60	9	89	91	37	41	81	15	11	56	15	60	35	46	7	38	32	67	91	27	95	21	70	93	30	33	35	42	53	7	44	10	15	88	91	1	91	70	79	43	24	93	88	19	47	84	98	19	30	81	67	21	73	82	70	22	17	99	63	92	92	74	55	78	76	99	98	15	87	41	47	59	2	82	24	43	6	58	28	59	83	21	39	21	95	61	3	14	4	27	64	99	94	6	85	3	92	52	8	59	32	75	46	29	42	4	29	43	83	66	9	5	65	76	44	59	35	48	46	39	82	73	55	23	88	31	46	42	13	48	55	30	88	66	8	100	5	6	44	57	87	2	
44	3	51	63	85	86	49	53	48	31	44	36	76	62	33	6	90	12	97	24	88	35	79	35	11	49	47	62	80	83	15	96	9	79	91	4	25	45	80	79	12	35	94	14	19	88	52	46	78	16	24	88	97	30	12	100	37	40	63	31	86	19	41	70	48	71	88	28	7	35	90	67	77	15	64	43	46	72	87	22	31	69	44	78	47	32	63	51	72	41	15	17	40	46	35	86	51	71	88	42	76	20	43	57	94	34	7	20	59	67	8	64	69	74	7	49	95	20	56	63	24	28	25	13	98	12	15	54	56	63	49	89	64	27	71	15	55	33	3	65	30	1	53	80	22	35	88	50	21	42	37	36	45	38	40	88	27	22	99	10	86	50	100	92	35	22	73	28	13	5	80	91	33	2	96	33	75	57	2	45	52	91	6	48	87	98	46	26	100	24	83	66	31	37	35	8	15	15	74	88	
44	16	88	95	9	31	22	84	6	57	37	5	31	6	5	58	4	20	56	68	94	25	21	78	42	81	54	21	52	32	40	61	91	72	93	22	11	14	75	36	4	91	95	68	57	53	24	28	34	20	43	23	48	73	100	27	18	36	16	59	5	19	81	48	86	89	32	4	43	78	19	10	36	55	46	19	79	16	36	19	18	30	42	44	12	52	51	47	99	71	83	76	31	50	12	62	98	63	50	38	54	100	71	12	92	56	32	87	76	35	55	2	66	72	51	58	28	43	57	44	25	40	6	79	96	26	1	18	42	35	30	82	52	3	91	93	44	99	50	49	3	3	99	97	39	87	66	59	14	44	67	28	39	62	55	40	77	54	58	36	12	43	59	15	63	19	93	41	75	67	68	5	13	15	40	62	40	79	33	66	20	74	57	55	26	12	90	20	36	93	100	57	20	80	26	79	83	82	57	98	
84	53	36	33	99	29	37	35	2	50	72	86	96	74	3	93	17	93	97	24	82	77	53	74	36	36	58	26	81	82	14	44	81	98	21	30	83	56	52	14	96	51	85	23	23	84	91	68	59	41	55	49	18	69	75	35	58	33	49	77	2	56	15	71	89	14	72	27	44	37	95	17	84	57	39	30	38	72	94	84	11	23	27	22	62	78	67	52	41	89	73	24	35	16	27	19	79	82	63	73	54	63	48	2	94	66	4	11	66	33	75	9	20	49	99	63	100	68	76	9	62	69	1	26	100	32	27	88	79	25	54	81	28	93	99	83	35	69	67	3	1	25	7	78	91	28	79	19	53	25	32	82	21	13	97	59	5	16	79	72	40	64	18	5	33	96	53	93	19	87	32	3	31	49	34	88	7	29	16	71	50	16	38	77	11	85	35	63	38	56	13	40	74	27	95	68	44	98	15	48	
83	9	95	67	52	16	18	68	99	85	13	85	90	44	5	3	44	76	60	20	37	41	67	13	31	44	30	21	29	95	62	41	47	70	68	39	98	37	36	57	90	70	18	6	25	55	84	15	32	69	1	60	96	22	42	41	1	78	29	73	15	90	11	88	32	72	93	17	88	86	23	35	25	57	45	4	74	61	86	46	100	32	37	3	2	56	74	28	86	30	60	52	62	45	16	22	22	93	29	42	53	51	96	58	69	68	23	67	80	78	17	10	9	27	8	47	31	46	11	93	84	64	52	15	8	39	89	56	43	80	48	90	66	53	93	45	79	22	62	58	57	26	17	10	94	87	54	84	27	12	96	80	93	26	49	9	73	95	93	43	39	41	85	62	7	35	5	68	8	80	13	28	74	34	30	29	17	62	31	92	10	22	13	97	85	81	42	91	87	44	91	19	34	97	28	95	56	50	45	11	
97	70	55	60	87	34	67	31	36	35	48	29	98	91	2	77	50	27	50	1	77	56	73	77	15	43	92	80	52	12	31	28	8	53	92	21	70	79	24	21	35	37	4	16	84	13	73	80	65	3	45	11	92	59	75	86	41	2	76	63	64	49	56	28	4	27	17	12	20	5	42	37	34	41	9	74	3	71	82	29	16	24	5	39	87	6	84	96	96	57	24	42	2	37	79	28	3	41	80	47	86	79	60	68	87	93	99	34	19	49	82	100	13	94	6	87	27	57	73	45	91	71	67	15	26	23	99	35	25	100	37	4	67	99	73	8	12	92	20	65	99	73	21	6	14	85	80	71	63	53	33	52	95	45	26	19	65	70	24	36	34	66	6	1	3	74	90	16	85	15	56	3	63	23	78	56	57	56	10	65	84	78	61	43	25	36	47	69	17	88	44	98	93	18	58	37	14	67	1	7	
98	34	75	67	24	93	82	68	59	35	76	2	89	50	6	26	40	46	49	1	36	36	63	68	3	96	78	71	81	87	60	89	64	9	51	84	97	41	28	66	91	54	90	73	53	55	74	61	83	63	68	98	5	89	50	94	63	31	33	79	14	65	15	7	43	44	88	20	61	90	86	4	90	57	90	68	81	43	89	11	55	36	99	18	35	65	87	22	50	39	57	28	35	55	88	43	52	73	94	44	49	36	71	51	54	57	31	79	35	28	40	39	52	35	56	65	15	82	46	97	2	70	48	10	51	53	66	11	46	100	56	75	38	50	24	88	94	94	67	39	25	28	84	6	52	38	44	45	9	38	63	25	92	61	40	12	79	49	85	100	77	15	22	57	68	88	25	11	82	62	34	52	38	37	47	36	71	35	90	14	39	22	40	62	96	46	25	47	40	97	26	67	72	95	38	48	100	65	75	71	
97	32	95	41	67	49	69	82	61	58	93	3	58	48	97	92	41	84	39	96	88	35	60	35	1	4	17	47	39	41	53	6	30	59	81	53	92	31	66	40	90	78	35	66	42	40	19	12	100	21	83	13	14	45	77	12	45	23	94	42	58	16	60	35	78	37	86	5	90	58	48	53	72	2	64	75	72	21	54	88	3	67	29	39	14	85	19	53	73	92	84	35	72	48	9	79	24	19	7	72	18	96	55	93	44	56	11	80	24	31	52	76	100	64	67	23	26	97	75	24	27	44	27	8	89	8	89	97	87	65	38	96	62	13	86	59	32	93	34	72	57	22	71	68	33	9	75	25	24	79	73	45	80	7	69	35	16	85	23	94	17	37	48	6	29	77	5	78	8	18	37	62	88	60	93	40	100	50	91	38	82	75	82	22	68	45	66	49	57	35	90	41	33	92	84	54	17	12	16	6	
28	14	77	43	37	9	77	45	83	19	2	3	5	98	19	52	5	9	80	93	97	81	79	86	80	53	69	92	100	18	47	12	15	24	93	98	33	39	61	64	6	19	28	74	74	65	95	86	96	57	89	93	53	74	1	51	1	32	36	25	50	12	35	90	19	95	23	42	86	48	3	97	63	72	66	54	100	12	67	77	88	10	35	63	98	78	48	49	90	26	6	35	100	78	39	42	62	58	1	8	38	58	9	88	13	24	59	34	7	22	91	67	40	64	58	42	97	86	4	30	38	82	4	55	30	99	73	65	42	24	36	30	14	88	61	99	27	9	73	49	85	18	65	83	32	83	2	16	23	96	71	13	96	97	27	4	99	95	7	21	35	44	13	31	32	83	57	39	9	80	60	44	50	65	30	86	61	66	31	21	87	29	74	84	36	93	47	32	67	19	18	38	82	30	64	1	29	45	72	37	
25	2	27	39	5	70	4	38	78	27	70	4	91	80	16	53	35	63	24	90	52	66	3	5	7	38	6	49	18	43	9	61	66	99	20	35	14	67	18	91	48	68	4	50	90	47	69	65	17	96	45	15	16	85	13	41	35	77	77	42	96	94	46	67	10	17	35	37	4	53	97	72	98	59	28	27	59	7	48	10	18	78	73	56	53	27	57	14	84	22	57	15	27	78	32	24	44	60	35	21	48	10	99	86	54	52	1	36	11	2	48	51	55	38	65	55	90	25	22	76	78	1	81	74	7	23	98	17	24	60	93	63	16	36	5	38	60	24	44	25	100	9	27	55	44	21	96	44	2	3	65	61	3	8	57	89	69	7	56	11	61	84	1	65	80	22	24	5	85	53	81	42	45	73	42	61	94	8	82	29	94	67	3	30	18	40	31	54	46	62	64	45	71	95	96	6	96	10	69	9	
5	71	77	51	7	45	89	52	61	87	1	37	37	36	62	43	73	100	80	28	44	61	96	29	13	22	75	85	8	76	58	64	38	84	12	19	79	25	77	9	69	78	10	48	63	30	28	94	54	80	39	59	65	49	1	6	24	24	75	48	1	63	7	77	36	84	25	34	90	72	63	98	55	84	79	88	63	84	85	48	87	60	91	64	72	84	95	33	12	64	18	52	75	44	38	45	65	67	14	49	89	23	21	7	26	43	72	19	14	12	75	4	57	41	56	26	42	68	43	75	61	57	34	75	41	56	70	57	24	65	90	86	47	24	29	49	2	23	28	88	74	80	20	99	5	31	62	93	99	49	49	9	54	33	49	87	58	89	62	86	38	8	4	63	50	68	57	93	97	69	97	92	31	71	28	72	43	12	1	10	7	36	24	3	52	45	21	67	24	50	13	69	28	99	75	26	6	8	47	31	
45	47	35	77	64	76	56	57	16	76	73	72	16	81	42	31	93	57	92	86	43	36	55	57	37	6	30	95	26	71	12	49	12	40	87	35	68	95	50	50	43	22	79	24	6	4	39	30	64	28	55	1	58	81	25	63	27	48	59	42	63	76	38	15	55	57	57	41	57	2	72	59	84	16	9	66	85	15	67	79	45	5	88	5	33	94	23	25	18	13	99	65	29	9	21	53	9	71	18	24	26	56	5	21	94	93	99	49	34	30	50	70	39	90	76	64	64	26	86	90	51	87	61	31	54	35	71	21	64	61	45	27	9	47	20	1	24	94	26	18	84	35	27	65	54	39	96	57	68	43	94	34	68	52	85	64	12	57	82	69	2	29	30	3	26	46	80	55	90	53	73	100	56	16	42	3	57	1	27	61	64	65	36	29	26	85	60	81	12	36	70	100	32	64	30	34	31	96	54	84	
11	8	45	42	5	90	23	55	48	35	94	59	80	44	4	19	27	14	73	17	59	53	41	18	66	49	40	76	64	41	46	62	45	93	9	46	90	48	82	29	18	69	13	96	40	29	73	88	51	95	60	98	86	86	14	4	17	73	4	17	76	7	32	64	46	39	45	9	90	64	66	28	79	9	78	28	30	47	3	92	12	43	8	39	67	94	79	31	45	82	36	93	78	21	33	92	89	56	68	21	82	70	14	73	73	14	95	46	29	7	77	82	90	10	21	32	2	20	43	68	28	81	56	18	31	90	55	57	82	50	1	83	6	57	64	19	33	2	90	24	78	1	9	87	61	54	3	97	74	69	87	58	24	71	11	74	62	99	62	80	18	58	62	88	34	65	92	2	30	55	17	29	55	87	59	96	48	76	92	72	57	68	32	33	99	28	6	18	63	98	18	57	77	99	83	38	70	36	46	74	
36	89	3	76	19	29	48	14	58	17	70	54	40	56	25	87	87	29	70	96	21	85	20	62	96	84	67	13	41	36	29	17	26	31	50	53	14	28	60	52	78	10	32	34	53	93	100	9	52	52	63	98	27	11	24	72	25	33	70	34	21	9	67	43	19	30	4	74	68	75	54	27	88	66	28	7	73	80	62	31	100	95	12	97	32	73	77	77	48	47	15	46	41	92	3	83	84	64	49	36	77	49	50	69	63	40	100	79	26	44	52	38	11	56	23	65	52	24	61	33	63	33	40	75	52	19	82	2	93	16	24	98	62	69	43	55	65	57	85	56	100	62	55	88	72	22	22	95	89	57	20	4	20	69	81	20	52	27	35	39	26	73	8	36	90	100	1	67	23	29	64	10	67	23	57	4	88	2	10	71	82	35	72	36	6	83	64	1	95	26	95	89	31	93	38	68	40	81	58	34	
16	11	40	11	56	26	26	92	85	2	4	25	37	89	99	61	83	15	90	57	67	4	9	58	31	84	55	9	28	5	61	29	29	60	77	92	30	99	32	34	30	80	8	82	38	39	88	20	22	23	15	68	25	24	42	10	8	84	19	38	92	31	91	46	79	38	74	3	81	72	100	59	63	85	30	73	79	21	81	43	15	3	12	80	8	88	61	65	95	9	6	94	38	100	98	48	89	46	7	32	49	30	34	68	3	41	21	21	5	44	67	17	64	23	30	13	26	95	11	12	31	52	69	23	78	69	92	23	30	97	89	34	75	1	14	23	44	100	20	85	14	23	10	59	43	98	68	85	14	23	54	4	88	28	18	25	41	76	44	52	8	49	36	40	84	4	48	21	96	3	15	99	10	71	30	23	25	68	68	72	54	19	22	100	2	5	28	25	24	24	74	58	16	1	8	66	4	23	61	65	
49	93	60	8	79	28	88	47	13	10	68	75	29	82	90	4	22	30	46	70	71	78	91	85	21	59	28	68	2	80	75	59	30	100	27	38	96	1	45	83	35	9	20	14	20	20	51	7	25	26	14	87	37	85	82	92	53	6	84	88	26	99	27	72	16	72	61	71	43	21	12	7	84	15	47	80	21	74	20	57	56	6	36	57	42	48	71	52	28	74	73	79	77	80	25	49	100	84	49	22	16	5	12	82	37	18	52	1	27	63	8	95	10	82	20	56	46	54	42	65	67	24	88	21	59	55	3	26	16	90	77	99	73	78	72	84	97	71	62	80	98	68	77	88	55	43	22	49	20	12	11	40	84	76	57	63	55	79	38	8	1	100	94	26	21	95	89	91	35	8	29	45	95	8	9	10	62	92	3	68	68	47	62	94	93	1	60	52	57	52	64	45	18	58	45	80	71	81	54	73	
9	42	34	44	60	44	90	73	27	100	95	55	86	70	19	68	99	37	6	59	28	4	10	36	35	5	23	64	29	40	69	27	29	11	3	91	78	76	2	12	86	96	43	88	92	47	56	85	34	22	4	75	96	90	99	17	88	66	53	58	51	45	95	87	36	94	86	82	89	54	67	48	85	67	3	62	81	20	100	59	61	83	30	26	4	83	10	68	15	79	50	84	48	57	73	39	35	9	3	48	4	51	28	44	65	25	30	75	65	50	76	93	89	67	5	21	56	89	77	85	22	77	99	70	21	48	27	67	36	56	97	46	29	2	69	24	63	93	33	29	87	79	2	34	45	50	83	71	95	94	8	37	1	58	91	37	2	50	37	65	73	100	12	49	69	57	55	98	33	11	48	32	83	6	86	58	74	8	3	27	75	42	36	29	2	88	19	27	83	64	65	96	20	24	89	44	49	61	75	17	
9	6	34	48	39	47	45	80	83	63	65	18	75	70	94	55	51	90	14	76	67	10	22	92	5	82	37	11	44	84	92	72	8	68	96	61	72	9	76	16	22	88	44	17	32	25	10	65	40	91	42	58	8	52	24	60	86	74	64	49	73	58	21	22	19	84	46	29	11	88	77	10	48	79	92	31	43	57	59	90	27	30	51	78	69	64	24	14	56	68	61	4	8	61	61	60	7	62	55	89	58	11	39	15	82	61	20	81	36	16	42	35	46	48	95	75	96	84	52	40	77	71	88	55	83	15	40	50	29	96	44	98	48	7	64	4	73	100	37	41	14	66	18	58	58	4	23	30	85	44	16	76	59	84	65	98	97	38	59	38	5	59	78	71	86	81	33	70	84	81	2	63	13	13	80	33	68	1	99	29	7	51	79	89	14	24	63	7	9	89	85	85	29	90	56	57	50	76	26	90	
28	52	59	3	82	12	68	18	80	59	23	60	51	25	26	93	35	73	5	90	29	4	70	76	39	48	44	17	47	57	15	100	16	12	87	63	12	20	10	66	34	52	24	67	28	4	100	93	72	99	77	33	62	90	74	73	77	15	46	95	94	86	70	31	18	11	100	16	55	3	88	18	87	45	12	100	15	56	61	27	80	2	74	46	68	98	38	27	10	97	16	25	18	57	89	44	93	35	43	17	15	51	9	59	73	99	80	98	38	6	1	19	60	52	47	98	63	19	51	69	6	32	11	31	84	26	72	14	18	52	24	87	13	48	89	28	43	46	1	77	38	47	35	46	82	87	93	85	26	27	22	29	51	13	94	72	7	42	99	79	29	39	60	7	45	31	98	87	55	44	73	89	57	25	44	24	100	80	98	42	76	86	28	85	53	12	88	18	13	32	66	76	5	81	95	58	1	33	61	28	
30	13	47	53	87	19	2	38	2	23	12	5	89	90	60	92	55	7	30	78	8	4	36	41	49	92	10	20	6	37	2	7	86	28	91	9	30	83	19	54	9	22	35	52	31	99	63	50	98	77	68	32	87	90	92	39	48	9	98	45	80	51	93	69	30	23	32	24	36	67	10	78	60	5	43	95	3	6	83	30	2	93	21	36	67	15	50	55	46	55	13	4	29	39	45	78	42	48	22	83	57	88	9	26	47	61	89	42	65	22	73	41	74	2	57	61	70	56	14	32	42	3	53	70	81	81	46	40	1	50	47	11	81	91	73	59	79	97	46	82	98	10	86	68	35	28	63	79	45	13	97	5	25	87	80	43	47	5	6	75	96	55	76	73	97	58	93	56	56	44	12	99	19	77	47	72	47	20	34	36	89	68	38	69	69	51	60	70	53	31	68	30	42	80	39	73	50	60	93	73	
40	26	47	91	45	98	14	48	40	23	83	47	20	42	74	9	93	5	70	88	39	63	6	26	36	55	13	41	13	72	83	19	28	59	25	64	13	77	44	83	95	20	84	53	59	50	48	37	26	49	52	1	5	8	3	37	99	58	17	34	98	64	30	44	42	27	37	5	99	29	35	73	91	88	8	12	12	36	30	51	74	21	30	44	10	55	15	85	50	61	87	45	31	6	28	58	31	30	85	43	68	66	5	97	71	25	91	83	47	98	57	16	64	68	69	85	55	67	54	67	66	51	11	33	35	17	12	7	83	38	52	48	64	78	85	57	44	44	46	99	89	71	4	13	87	74	70	86	43	24	45	55	81	29	61	31	38	91	20	69	74	93	61	2	82	30	24	62	80	31	26	77	90	36	8	83	6	81	46	11	56	23	61	59	44	69	50	59	68	12	52	35	26	24	60	11	92	71	51	16	
54	87	25	85	86	84	7	37	53	22	74	20	56	59	88	14	50	59	79	39	91	4	16	50	94	27	51	2	95	56	20	41	60	19	88	6	64	38	94	57	23	76	96	99	41	62	44	76	9	79	6	73	84	54	60	1	56	82	82	34	72	88	33	78	44	22	3	39	18	39	63	56	64	5	39	97	80	57	26	78	46	36	44	20	58	67	16	63	3	41	83	18	75	54	28	12	75	30	36	75	53	48	73	22	55	54	54	54	2	71	53	11	32	22	46	8	36	8	42	44	30	70	78	50	73	81	17	42	27	53	54	47	48	51	21	85	72	7	43	90	3	82	68	40	59	69	9	64	18	45	28	77	28	47	68	7	86	32	34	28	38	6	86	65	18	46	6	9	66	8	39	15	1	58	90	37	9	61	79	82	82	99	71	50	17	79	71	82	4	62	81	73	49	63	47	60	6	41	75	58	
73	25	88	9	50	48	34	31	40	21	16	24	77	11	6	89	31	53	50	71	99	41	27	61	96	77	93	7	58	36	36	40	47	42	34	73	20	26	50	76	51	66	69	62	33	82	64	42	80	13	63	69	15	56	69	49	89	72	3	26	40	46	35	47	12	62	2	87	35	14	98	53	72	33	67	32	8	42	4	69	68	67	10	58	59	45	24	77	91	39	63	90	30	32	12	97	40	36	26	47	71	27	71	6	3	21	21	78	27	9	1	69	16	61	54	23	27	55	91	55	19	52	33	79	36	3	79	97	60	46	47	19	42	37	40	24	68	100	26	27	6	53	47	65	34	97	87	42	74	56	80	92	16	16	81	21	24	73	93	31	26	42	84	64	47	40	38	28	1	56	62	12	18	7	89	8	20	76	50	55	48	31	21	71	87	93	94	85	55	52	31	2	99	18	65	64	58	91	72	31	
81	15	51	92	84	61	53	25	44	96	95	94	34	15	16	45	59	43	6	7	48	15	42	94	14	16	38	92	65	37	85	28	100	67	68	35	37	42	91	1	53	100	93	42	10	75	87	12	73	84	99	79	6	53	62	51	32	15	16	43	72	12	42	32	52	78	56	6	65	85	78	27	84	94	94	73	88	48	83	64	98	15	55	67	45	88	29	53	36	22	73	70	63	71	25	38	69	79	21	86	60	9	42	94	23	74	16	83	37	22	50	21	7	21	14	52	88	52	31	2	97	92	60	99	91	69	54	35	24	59	65	92	76	54	94	70	86	75	53	4	43	20	83	32	45	90	9	8	94	10	76	58	3	53	16	3	25	85	22	19	57	2	40	44	33	20	81	93	87	48	25	18	53	49	35	36	42	90	52	28	10	43	64	15	7	66	67	1	40	38	63	79	9	8	72	10	96	22	85	59	
63	97	57	53	9	18	39	14	33	44	92	5	61	13	19	74	66	15	86	68	2	9	72	32	5	85	13	70	91	45	80	7	99	35	70	84	43	26	87	17	84	27	51	78	32	55	67	85	31	30	4	20	5	85	8	14	53	57	79	86	92	66	53	63	51	67	74	84	87	19	48	57	95	23	79	77	61	71	10	24	38	50	15	16	24	29	76	58	16	97	100	27	21	17	87	67	54	57	56	51	42	94	77	80	22	100	80	79	23	55	41	63	41	95	96	40	28	78	23	70	16	11	88	17	7	69	25	30	42	50	9	4	16	59	11	37	97	32	35	91	70	35	35	69	66	45	24	77	63	46	26	75	60	69	80	4	16	50	21	51	79	7	70	51	24	93	97	5	37	63	89	26	11	4	98	4	17	8	47	77	71	80	37	17	95	16	42	27	65	55	87	67	60	74	95	71	75	59	69	58	
70	99	2	46	99	32	65	91	50	59	19	66	84	48	63	48	4	32	98	21	55	77	13	55	75	5	8	55	89	43	99	23	46	3	21	59	69	58	62	11	16	87	25	46	92	63	33	68	38	91	100	93	90	100	48	36	85	51	67	48	1	25	7	51	47	52	28	96	22	53	49	14	33	25	31	77	65	52	68	14	27	55	85	63	77	53	58	3	94	5	51	51	30	63	98	20	67	36	35	43	76	83	72	19	38	43	67	84	60	42	53	69	73	91	59	85	33	75	47	71	52	33	88	88	39	52	49	99	51	95	73	4	80	2	21	84	39	79	37	81	20	81	28	77	37	79	73	88	91	80	63	34	23	5	90	68	29	25	75	94	38	65	89	40	25	19	28	65	69	37	6	69	25	66	97	22	72	89	98	72	23	24	52	99	30	65	75	12	2	11	2	85	1	39	96	1	47	92	8	1	
9	21	36	2	59	84	46	63	88	88	43	37	47	6	81	75	28	36	31	51	55	92	93	15	79	28	21	72	84	28	76	51	76	1	40	94	98	55	51	39	55	70	42	35	66	4	79	39	43	52	55	80	42	4	59	95	91	93	10	6	49	58	44	72	99	41	86	96	50	73	90	84	12	18	45	48	95	28	15	56	10	46	50	3	91	36	16	94	53	29	33	65	92	14	96	98	26	49	52	27	2	51	33	51	38	10	43	77	22	36	91	72	7	98	75	28	48	80	97	72	26	15	81	11	25	8	55	43	78	43	66	91	71	18	67	48	57	9	83	46	38	12	66	88	90	84	47	76	3	29	88	11	60	96	20	69	60	34	50	22	70	71	46	35	99	3	89	97	13	86	70	62	72	19	82	37	93	55	8	34	14	87	57	40	10	88	92	64	26	66	52	41	23	29	33	23	37	82	9	12	
18	97	71	32	79	8	65	2	99	53	64	97	15	43	75	87	32	43	75	24	70	64	49	28	79	17	20	19	21	63	43	1	36	41	81	82	84	63	70	89	21	40	92	94	63	77	87	11	99	70	49	36	40	84	20	78	85	97	59	37	55	29	10	41	71	89	30	57	39	92	26	22	64	13	82	47	9	74	79	68	97	55	61	41	39	22	97	5	29	28	69	64	82	83	90	71	65	91	42	87	89	84	79	55	88	29	88	37	32	86	98	80	26	86	100	95	9	40	94	48	26	79	84	45	37	51	27	60	100	6	63	62	64	57	45	56	16	74	15	42	86	13	88	67	45	55	24	34	64	37	28	16	39	99	17	43	72	85	15	33	77	56	42	84	30	50	64	75	28	40	61	21	38	61	94	83	47	22	43	12	69	22	58	70	90	65	38	70	30	3	63	48	14	95	36	11	74	48	10	57	
93	50	58	56	30	80	64	5	61	64	22	96	93	93	8	40	10	97	39	86	85	95	68	38	4	55	73	1	87	37	26	22	4	60	54	53	37	66	74	21	8	5	5	100	75	50	19	74	99	67	71	78	58	9	88	16	65	24	89	2	98	18	15	15	83	73	60	24	57	84	6	57	18	99	36	15	6	73	50	61	16	13	87	83	63	73	100	51	33	69	72	82	72	9	68	8	30	10	96	30	43	15	35	52	1	62	8	46	45	20	61	70	8	97	34	53	55	29	17	25	70	35	18	25	32	71	66	31	9	16	68	45	29	26	72	35	66	68	93	58	22	39	83	72	17	32	86	30	16	13	99	21	22	16	29	2	42	43	34	8	7	36	17	5	61	2	81	92	73	37	25	15	88	85	74	23	48	60	12	38	86	35	84	27	39	69	36	1	64	40	98	55	89	1	54	92	16	12	13	82	
28	15	28	17	21	49	51	98	79	28	74	45	45	34	72	44	29	2	82	89	27	97	31	51	91	42	38	43	53	79	86	7	29	40	24	34	92	94	97	93	53	8	69	28	100	68	93	50	91	57	80	44	56	19	72	19	94	50	40	34	42	74	88	17	76	24	52	42	28	35	35	15	52	65	93	46	94	79	84	4	25	4	45	18	90	70	27	51	65	64	82	54	15	17	27	92	56	69	59	97	78	86	90	36	49	70	95	65	70	93	100	69	59	64	4	19	58	4	18	87	54	58	60	66	49	64	12	52	96	50	79	78	98	6	74	39	27	68	83	66	69	59	20	25	74	95	21	3	97	32	69	2	5	97	82	70	53	38	1	81	70	33	81	15	54	23	45	21	60	26	17	57	6	31	21	12	100	28	11	43	57	57	51	71	54	73	75	13	41	3	83	11	73	68	85	41	14	19	11	2	
99	91	48	53	40	38	85	58	83	7	42	59	28	10	70	27	4	68	10	10	83	2	51	78	11	66	9	50	92	18	93	46	69	49	20	33	34	100	63	24	47	42	85	17	81	7	96	98	17	63	48	75	53	67	34	10	16	65	91	19	83	63	91	40	31	35	62	2	35	72	100	27	75	29	78	41	38	77	48	8	18	29	31	75	30	63	21	30	92	82	72	15	65	95	59	35	55	30	5	26	68	81	7	50	28	66	62	1	37	64	19	70	50	85	20	19	38	73	73	14	70	73	87	96	94	44	74	87	62	52	86	67	13	61	67	16	49	93	88	1	27	84	27	47	71	25	93	80	92	79	8	62	64	2	3	54	90	87	41	1	19	17	22	2	99	3	13	100	8	82	12	14	100	53	73	58	30	34	69	12	23	46	29	3	71	50	1	85	83	77	92	44	72	85	51	19	30	9	3	84	
68	90	27	12	46	7	40	90	44	90	58	45	1	82	55	36	87	86	90	55	47	87	41	2	55	76	62	58	100	82	43	54	84	45	27	30	23	76	79	32	36	2	58	45	12	89	15	9	89	78	93	16	34	63	78	5	20	94	76	42	25	5	1	46	50	16	45	37	55	48	78	78	44	9	21	92	100	80	57	61	57	39	6	54	32	71	17	63	14	83	9	17	95	24	87	80	2	70	86	2	94	46	74	61	55	34	93	42	45	40	90	61	17	36	85	4	24	93	79	99	3	93	41	100	95	72	60	9	56	52	40	30	92	77	31	64	32	18	68	91	58	20	14	1	97	52	6	34	8	18	24	49	7	50	31	43	53	28	62	65	46	67	3	49	15	22	50	64	55	73	99	57	1	65	18	14	83	70	99	95	80	83	99	18	69	78	27	68	81	54	68	49	14	16	23	8	98	61	54	61	
90	88	74	48	16	92	30	15	4	72	75	75	33	67	40	24	11	59	14	50	62	97	83	62	51	87	42	15	32	51	88	87	43	35	38	41	98	72	48	4	40	76	27	32	50	30	56	64	66	92	89	33	10	6	90	56	84	44	3	70	93	68	91	35	12	27	16	79	88	9	39	32	38	21	33	3	98	25	73	61	89	45	28	28	12	25	87	98	96	90	68	27	59	87	66	90	33	94	38	39	2	100	28	72	22	52	56	67	48	53	57	84	33	35	49	85	69	88	29	48	55	71	80	28	86	81	33	76	59	5	77	12	68	16	24	81	67	35	61	82	90	38	37	76	8	86	65	67	8	78	31	2	73	53	73	12	19	56	84	25	19	39	52	88	96	63	65	82	52	87	30	81	62	64	64	86	32	46	98	56	34	51	17	41	78	15	3	33	45	63	37	8	49	50	52	51	11	76	96	52	
83	13	40	92	99	9	61	67	37	55	100	95	64	100	84	12	29	41	61	76	79	42	18	61	59	45	76	53	4	10	87	98	3	96	33	61	6	37	39	85	46	97	18	8	7	44	36	72	99	48	56	56	83	30	28	81	21	85	12	99	24	57	70	86	62	19	22	28	43	79	42	24	45	53	92	83	48	49	39	60	44	78	58	12	97	38	67	20	98	71	8	92	35	80	90	40	11	95	72	88	55	4	97	26	28	42	13	72	24	5	4	55	24	86	9	62	74	68	30	33	43	68	24	5	30	41	34	80	53	11	16	92	73	35	27	56	70	17	8	22	40	95	30	86	42	40	73	3	29	30	7	10	28	26	51	44	25	4	100	5	6	2	7	51	96	54	16	67	4	27	22	20	28	11	40	77	94	86	41	35	75	44	71	5	31	62	93	3	67	17	81	32	82	62	89	69	36	22	80	52	
46	60	66	25	16	100	83	16	52	67	59	54	81	56	15	69	31	73	61	50	11	23	21	62	88	11	100	75	39	8	97	75	26	88	64	92	80	18	20	72	75	1	4	60	97	31	33	52	85	14	34	71	8	87	8	22	50	81	3	47	75	52	79	51	98	79	22	3	52	24	62	44	65	9	89	84	89	100	35	7	93	42	31	75	40	69	54	67	26	65	30	56	55	2	33	11	95	2	94	80	45	74	95	91	19	5	94	21	96	23	61	69	78	96	16	17	56	40	65	96	56	99	49	74	8	80	100	62	47	40	1	76	22	54	31	11	52	23	43	95	93	25	53	52	21	39	53	59	66	22	66	41	39	35	54	44	57	1	44	77	5	76	96	53	61	12	55	77	59	70	38	72	52	33	9	14	59	82	92	37	50	74	43	71	20	1	31	90	55	51	49	11	66	63	46	13	45	99	99	54	
62	31	22	22	28	27	50	21	81	74	2	88	80	25	5	55	52	48	97	29	22	33	6	87	3	44	25	28	5	16	19	51	79	45	49	89	36	87	33	93	19	96	80	47	16	71	97	2	61	21	36	46	62	77	1	88	35	14	11	20	27	36	43	71	63	82	93	41	73	19	58	60	67	71	56	64	46	84	9	62	35	48	30	30	36	79	57	36	49	91	10	69	30	70	94	95	2	25	35	62	97	44	67	50	64	94	32	6	45	23	61	76	3	89	65	43	50	73	83	86	47	49	93	51	12	24	91	2	13	12	69	56	57	74	34	77	77	56	52	55	9	22	95	72	100	64	13	47	88	64	51	4	73	64	55	3	29	18	27	54	10	43	44	64	40	82	53	98	23	55	78	65	26	30	57	65	86	41	73	83	71	44	3	29	80	98	51	31	97	18	48	47	55	14	87	68	60	53	84	92	
89	58	31	10	47	92	16	91	78	98	14	27	21	26	14	48	47	86	21	14	32	27	72	3	59	26	30	25	9	76	84	5	44	93	93	53	89	19	96	50	72	45	96	19	42	32	15	35	17	31	53	17	84	59	52	5	68	45	26	66	43	6	24	88	50	63	29	80	94	7	1	35	14	18	68	49	7	49	3	55	43	22	85	36	26	21	56	35	52	42	96	59	5	86	38	72	94	35	79	10	24	77	69	58	7	79	93	83	10	28	52	72	85	100	17	10	6	15	69	45	50	86	82	17	36	10	29	16	26	46	92	11	36	26	80	85	83	26	49	92	72	14	86	30	90	14	5	9	34	22	91	82	82	86	3	19	91	48	91	86	45	80	22	29	62	57	96	5	73	56	73	35	29	30	78	22	28	21	61	97	26	94	30	85	89	10	21	95	84	98	24	89	69	19	68	34	32	49	20	7	
46	44	67	8	46	82	41	29	52	4	67	41	30	27	96	13	69	42	63	79	34	53	20	1	84	86	59	63	62	47	7	71	35	12	11	91	56	5	30	93	97	26	67	53	3	14	92	97	57	5	4	65	33	27	73	74	40	8	43	69	4	24	93	42	38	73	42	47	44	72	8	21	49	24	21	36	32	22	48	89	17	83	43	75	47	86	51	43	27	87	30	97	26	2	39	88	80	62	10	23	4	2	11	77	91	60	74	60	37	6	47	93	78	26	96	16	96	100	94	70	69	32	66	76	4	66	93	75	44	87	13	60	38	7	65	94	47	18	44	80	57	84	86	5	37	98	91	83	29	94	45	35	14	76	91	94	33	72	2	29	36	27	78	31	91	70	22	37	51	73	66	37	47	18	49	88	40	7	81	45	83	82	67	75	24	29	76	14	31	34	77	18	22	2	13	99	39	37	28	57	
41	20	33	28	37	19	99	63	67	72	16	45	51	25	62	14	40	20	75	16	31	77	40	43	15	99	93	90	62	36	100	52	7	34	32	29	85	97	98	58	93	91	99	97	87	77	25	50	7	50	7	90	81	35	56	96	15	14	41	39	67	70	88	76	54	54	53	86	49	18	38	48	89	26	82	77	49	16	4	58	15	57	68	53	71	60	42	76	2	89	43	78	68	94	2	55	45	97	24	4	64	77	97	11	89	92	16	13	67	9	14	93	93	82	72	56	86	17	30	62	44	36	43	6	89	86	96	75	30	86	70	61	28	10	39	62	44	89	91	42	54	23	44	36	48	28	61	83	25	84	38	1	58	87	31	59	3	79	92	57	74	39	89	52	78	37	79	49	82	85	14	2	28	16	18	54	53	66	31	77	28	32	29	39	39	39	84	88	26	13	76	43	52	50	48	72	23	56	9	68	
41	17	65	6	38	45	70	42	50	71	78	84	51	45	66	31	83	80	99	4	17	35	17	11	40	71	22	14	12	84	74	98	50	69	26	80	83	78	75	32	39	1	16	39	30	37	2	8	14	65	75	20	44	90	41	83	88	5	67	3	35	19	19	20	100	63	51	79	36	96	58	10	23	56	70	49	30	5	51	11	51	88	66	48	27	9	94	83	51	84	15	86	81	46	100	4	74	44	77	2	77	4	26	39	72	36	95	66	45	43	14	34	89	14	41	97	81	48	79	72	76	45	8	80	53	54	94	45	86	22	8	85	14	56	12	45	89	73	3	33	29	4	25	37	77	27	78	62	63	78	1	23	30	93	44	17	14	35	2	43	1	35	45	23	14	53	31	48	30	4	100	2	49	9	84	51	75	25	17	33	14	25	88	40	37	42	69	93	45	64	89	35	3	14	80	82	19	2	76	4	
85	59	30	8	11	9	42	70	90	94	6	62	86	43	44	20	9	24	12	68	53	84	19	61	31	87	38	25	15	81	67	86	51	34	21	96	69	58	56	93	13	92	13	89	53	29	16	61	46	19	80	77	18	15	71	79	69	20	83	58	43	87	47	43	71	48	96	60	71	55	9	99	21	5	14	50	34	12	28	39	9	9	5	73	71	42	77	72	33	79	35	90	7	74	28	97	95	67	69	11	97	26	62	50	21	40	57	14	41	48	32	68	11	42	20	40	100	87	31	65	86	13	99	21	45	23	9	75	51	27	30	39	1	71	91	56	49	16	63	91	53	62	66	80	23	27	90	47	29	17	1	65	41	85	16	96	96	8	10	10	44	82	87	18	1	64	79	69	25	51	59	95	89	27	16	71	87	63	55	78	49	68	57	35	17	22	56	93	8	23	40	56	33	20	65	70	17	29	69	15	
82	12	100	52	20	36	11	91	23	90	52	43	85	70	56	1	50	64	38	5	7	62	86	87	73	99	89	98	45	67	38	34	26	66	77	76	95	95	15	58	88	20	86	97	61	81	32	17	24	22	88	23	83	41	60	52	99	73	49	85	39	37	84	57	12	2	58	68	51	93	88	86	7	21	73	69	68	82	44	15	59	26	97	22	6	94	80	19	51	55	52	36	50	61	72	26	91	50	58	77	11	39	50	83	2	35	30	49	5	16	55	91	23	41	84	11	32	82	33	86	66	77	28	23	48	13	70	77	61	63	61	98	99	44	60	32	100	52	5	20	67	10	26	33	61	46	24	75	64	52	40	61	69	63	92	36	65	29	82	28	72	54	1	26	77	38	87	99	8	69	29	10	53	87	31	48	38	51	100	81	55	57	91	96	44	46	66	65	52	16	51	2	85	55	56	40	6	27	21	36	
85	68	68	18	39	59	90	87	66	88	65	38	65	16	26	21	80	16	41	82	36	75	91	66	95	17	44	88	5	45	79	25	26	7	48	31	88	6	65	86	53	73	19	36	65	78	24	64	48	18	76	79	97	59	41	15	73	26	92	30	25	86	98	94	92	94	69	87	54	44	13	54	26	94	73	63	3	37	65	82	73	47	71	55	3	23	22	38	38	88	1	49	28	55	22	28	19	64	7	91	89	72	21	2	57	28	38	7	18	37	19	4	35	95	72	33	20	37	18	81	96	29	22	75	80	22	54	77	11	1	34	32	31	14	30	42	28	97	4	28	66	97	40	23	14	57	46	100	46	46	60	99	89	63	21	50	54	50	11	32	83	88	3	4	38	26	65	16	46	52	36	29	26	41	22	76	6	67	24	13	76	88	64	73	43	32	67	48	35	21	92	9	87	98	8	57	23	75	1	48	
96	57	81	70	39	57	8	86	23	11	87	31	81	56	10	39	86	35	87	96	14	61	68	74	74	18	78	55	35	11	55	89	97	2	41	24	14	19	48	50	70	97	39	98	70	87	7	46	20	87	60	56	15	66	23	46	46	69	99	2	3	70	19	34	56	66	68	93	57	56	24	52	43	93	14	40	41	18	25	61	99	61	25	54	21	74	100	43	10	29	62	70	66	34	52	42	5	94	79	60	92	36	40	35	28	78	16	14	57	100	40	57	45	94	53	33	57	29	98	50	61	58	71	7	76	62	51	77	14	49	88	84	70	92	31	21	21	76	12	75	30	24	88	92	21	19	90	52	97	64	23	70	25	10	78	89	79	77	5	49	35	78	24	82	71	86	72	93	3	89	25	30	61	94	75	3	93	33	41	46	82	58	99	48	12	83	7	14	90	63	53	29	73	80	58	67	29	81	78	29	
55	51	49	23	88	68	36	50	16	27	58	68	7	16	94	77	91	64	75	27	85	92	89	6	92	57	9	49	32	35	22	46	83	3	42	25	57	52	93	30	13	85	68	68	7	51	90	22	91	49	43	71	75	80	68	18	8	45	78	7	10	51	30	7	32	4	23	99	31	11	59	1	72	99	95	100	21	52	30	20	80	89	91	54	21	16	80	67	43	88	8	95	62	93	56	13	94	32	93	74	16	95	57	30	38	16	23	83	73	16	13	59	52	88	73	89	73	58	1	88	2	69	20	97	73	41	55	43	2	84	56	32	8	13	37	12	44	28	86	37	90	78	85	4	94	27	58	56	84	26	83	46	33	73	14	67	71	21	75	73	8	54	22	62	31	10	33	70	8	22	93	1	5	5	73	3	48	35	6	5	67	77	10	68	19	41	27	30	54	12	72	48	70	35	87	9	38	64	74	15	
92	86	29	43	96	38	46	76	51	34	79	80	9	74	87	82	16	33	53	81	18	58	20	46	25	70	52	35	11	89	94	63	18	44	32	27	16	59	39	34	17	63	29	53	77	57	13	36	24	41	27	51	80	34	41	14	3	12	97	38	61	21	81	20	87	11	67	34	79	80	34	36	19	49	46	79	21	1	75	81	98	42	83	54	78	83	79	84	77	37	46	65	1	42	67	72	21	6	83	60	13	66	14	49	7	14	83	96	92	57	57	50	26	88	92	43	8	32	83	24	64	39	73	86	75	49	80	74	23	93	60	40	47	47	31	88	35	4	28	95	84	70	77	38	47	29	93	19	37	95	63	3	85	34	17	78	28	80	56	60	52	24	97	100	77	62	12	87	61	28	57	21	71	51	28	37	36	17	95	84	32	12	80	59	88	34	47	75	77	9	36	37	19	2	60	68	73	75	16	4	
73	46	77	94	28	56	28	42	90	32	18	39	51	20	38	50	22	92	17	81	31	83	87	33	29	98	30	17	8	55	100	63	36	69	35	44	70	38	100	58	5	76	51	68	6	34	36	90	90	60	9	12	50	17	40	37	2	88	53	60	90	72	67	59	76	66	80	19	35	24	7	11	14	34	29	26	5	27	65	36	38	65	47	2	27	37	23	60	22	32	45	70	37	45	48	24	96	45	10	37	67	45	41	5	18	57	73	92	22	66	18	18	21	71	81	100	22	98	35	27	58	50	35	57	91	91	33	26	68	96	40	6	92	32	100	97	71	34	26	25	40	44	76	41	41	32	34	99	65	48	20	55	46	84	98	44	44	37	60	98	12	37	63	21	4	83	7	99	48	67	12	22	70	29	80	71	39	99	98	21	21	75	26	9	67	25	41	24	62	87	74	26	78	79	68	89	20	32	74	78	
92	76	22	3	40	23	78	31	23	57	44	30	77	6	81	10	80	93	33	63	31	55	44	81	27	41	1	51	42	49	71	32	74	28	43	71	17	65	9	76	37	70	17	28	5	48	57	9	28	14	7	83	77	64	91	92	21	35	62	51	22	18	21	67	35	33	78	49	28	31	22	2	12	30	7	44	44	63	50	16	6	22	98	71	9	22	55	42	36	86	20	93	64	40	53	5	23	23	28	6	9	43	48	16	37	100	16	57	66	76	60	89	31	100	97	40	12	53	23	54	33	18	82	14	62	63	98	59	42	56	42	49	93	91	98	88	32	88	54	97	36	60	83	74	32	89	56	28	80	76	59	82	64	29	100	62	82	28	99	73	61	85	17	63	27	40	61	12	32	21	30	71	6	61	7	76	49	6	18	99	25	84	31	80	63	49	73	15	59	75	81	62	62	60	79	57	87	44	97	39	
78	53	100	23	78	83	70	16	55	97	99	39	48	68	60	73	17	36	61	28	66	84	27	54	57	79	33	44	74	94	15	93	50	91	29	19	65	90	19	26	85	72	32	91	1	16	75	98	5	55	24	20	50	64	23	14	7	52	94	37	84	55	73	8	55	75	17	82	40	52	91	48	75	50	77	52	67	8	76	42	1	73	57	53	1	50	41	53	91	98	61	100	19	90	57	4	61	61	52	47	14	14	32	55	19	40	13	57	18	60	7	70	69	30	21	33	21	54	89	53	5	87	98	51	13	45	70	16	91	17	65	26	77	16	10	5	32	6	29	25	41	11	33	78	64	44	32	85	98	27	39	26	4	60	3	88	40	69	91	2	32	62	66	21	48	49	59	97	80	42	42	99	49	14	35	19	49	68	47	1	37	30	97	34	6	69	95	79	12	11	50	66	46	34	48	23	74	93	99	9	
67	84	65	85	99	91	95	28	58	67	89	20	51	84	46	29	7	58	85	10	8	41	43	19	81	20	71	3	95	35	87	53	61	20	66	71	89	5	53	20	21	70	63	26	85	59	88	99	92	84	16	83	53	97	12	90	64	5	3	71	75	83	82	64	2	9	10	100	39	76	67	51	4	70	82	38	17	95	93	35	19	41	16	11	69	21	63	69	72	80	70	69	70	61	84	55	69	76	72	93	93	34	68	91	4	57	59	50	18	89	70	69	4	8	7	52	5	56	30	1	48	59	57	2	80	16	57	17	96	99	45	78	82	47	41	37	23	69	70	62	9	76	60	55	69	3	75	38	50	37	72	68	90	46	73	7	67	94	91	17	9	91	68	27	80	64	29	93	66	23	28	31	58	82	87	51	15	36	8	23	62	81	79	11	16	12	83	61	24	73	93	5	50	53	58	44	91	24	99	68	
71	14	44	82	62	31	93	78	5	27	99	67	31	75	22	90	27	92	11	74	69	79	49	11	85	61	30	39	39	53	75	30	61	69	73	47	19	73	44	69	47	15	19	98	78	24	84	36	55	32	54	36	12	45	98	77	88	81	83	39	92	58	70	69	66	20	9	13	52	100	40	55	57	39	90	11	64	10	89	46	60	74	64	32	16	7	41	73	7	26	8	59	50	17	33	24	78	3	85	78	93	89	11	23	35	45	52	26	21	31	69	4	5	7	34	28	25	34	12	97	34	9	100	95	9	50	33	64	40	65	9	90	61	57	56	35	53	75	24	85	100	56	3	89	65	31	51	16	42	3	36	89	60	65	71	15	67	8	13	22	79	16	70	87	98	72	8	79	66	68	56	78	2	59	58	31	57	95	36	54	56	71	67	81	6	56	38	34	54	32	82	9	28	43	88	89	4	31	93	18	
32	78	76	83	51	1	46	16	98	32	40	79	16	65	40	7	38	76	70	42	3	100	12	45	52	69	24	100	52	4	7	62	87	64	69	8	5	78	77	89	17	8	3	59	5	22	38	34	96	92	99	78	34	96	1	34	30	51	12	8	58	58	22	74	72	49	27	94	35	64	64	38	41	90	10	56	23	82	67	48	52	2	68	22	61	21	95	91	98	86	97	64	85	36	35	86	96	89	100	26	82	14	42	41	95	94	88	88	71	100	30	8	7	3	62	9	21	61	14	42	60	99	47	10	6	91	85	74	57	22	43	81	40	65	75	2	89	97	96	54	58	68	100	74	25	42	23	3	97	30	77	85	1	14	60	91	88	53	43	88	1	53	9	11	7	77	44	8	45	2	64	76	13	86	86	99	93	43	95	86	74	84	8	28	37	68	8	80	35	3	7	94	49	30	24	8	27	97	12	78	
26	86	6	19	74	65	98	38	17	19	69	32	66	13	18	19	37	59	92	37	79	81	31	29	21	34	58	34	65	10	46	40	93	7	75	47	79	68	79	36	42	6	10	13	56	24	39	76	77	44	89	20	1	49	57	54	1	24	59	24	96	80	17	7	51	99	8	6	56	67	58	65	56	76	21	23	30	20	5	95	47	57	69	46	54	14	96	59	75	100	34	4	20	85	49	9	16	65	17	96	72	41	20	84	72	53	73	92	81	97	21	7	34	62	33	58	54	95	31	34	35	70	74	50	47	84	69	60	96	25	84	49	11	31	65	20	65	91	22	47	31	6	49	2	84	2	16	14	57	21	48	49	67	85	62	9	42	76	25	12	4	9	75	96	74	23	100	86	51	49	13	71	93	69	57	47	13	33	75	12	56	58	81	52	84	20	41	60	42	27	25	41	16	72	70	51	30	40	91	19	
33	84	32	17	23	85	86	67	54	91	94	98	95	15	56	77	9	76	70	33	100	63	80	99	11	9	65	45	25	96	29	58	94	99	98	54	52	92	89	91	48	98	36	39	62	56	59	18	11	64	47	11	69	72	91	80	51	85	100	43	82	15	99	49	58	63	47	87	65	23	42	55	26	64	32	65	13	56	21	75	98	61	85	8	23	52	40	85	28	95	53	19	19	4	85	62	17	43	10	16	56	97	40	11	33	33	89	43	100	40	33	52	28	9	58	18	76	7	37	66	85	85	36	74	69	51	59	13	71	40	81	70	71	31	11	35	84	18	49	13	47	88	90	91	85	48	95	82	46	79	24	28	97	26	19	31	79	69	9	66	36	76	82	4	90	67	55	60	69	68	31	28	90	68	30	61	90	69	75	21	70	4	66	95	57	75	19	87	49	23	52	33	32	6	39	95	63	29	48	76	
92	48	19	91	19	87	30	4	42	6	22	22	24	96	35	29	54	23	55	92	33	21	50	40	85	4	62	11	24	2	28	47	66	75	88	28	56	91	65	43	88	73	31	3	43	16	52	99	41	79	66	11	3	16	9	49	12	70	94	97	26	29	63	95	28	100	31	27	15	26	97	90	42	64	2	52	26	46	56	96	63	70	55	36	27	88	28	33	48	9	55	58	38	24	69	74	56	50	6	96	86	81	100	32	20	57	73	8	22	12	21	5	25	21	54	76	9	31	14	4	27	72	35	74	49	51	52	49	42	66	1	61	15	38	54	49	90	92	31	33	39	49	94	30	66	20	63	37	99	82	62	81	39	15	55	37	10	98	39	12	21	76	22	16	59	14	34	62	83	76	54	88	40	80	40	28	15	13	4	75	64	85	35	71	36	64	100	33	33	67	66	12	74	67	28	61	91	58	56	94	
10	96	93	90	14	27	25	30	25	22	99	81	43	27	24	84	33	77	75	84	32	99	45	96	57	23	60	5	35	16	41	57	90	75	59	11	56	89	85	92	1	46	77	20	58	16	37	43	77	22	86	1	18	3	52	47	15	12	5	43	94	41	92	20	43	68	46	57	82	97	86	25	68	26	20	24	95	54	89	84	19	56	67	8	55	52	78	75	80	40	29	4	73	93	88	68	40	73	15	100	17	48	87	82	37	29	58	32	98	53	54	56	34	61	95	7	31	33	40	49	60	33	60	74	79	33	16	52	31	69	67	15	89	95	47	35	70	37	74	82	11	90	86	49	14	83	61	31	6	28	30	22	79	16	54	51	3	58	63	74	83	90	87	46	10	8	61	2	85	87	84	64	78	16	91	9	88	24	73	84	92	99	55	3	23	37	28	30	66	99	12	77	18	58	19	32	34	53	17	53	
81	97	12	60	4	1	9	50	92	49	53	34	70	16	26	81	21	46	87	34	18	41	75	98	70	42	18	54	50	90	86	18	13	55	68	83	98	19	96	39	77	97	84	27	83	12	98	13	45	74	76	94	39	26	91	19	61	66	13	45	79	18	92	56	57	76	11	73	46	75	4	22	43	86	43	61	11	42	77	52	51	14	54	42	91	31	23	47	97	94	17	18	73	79	29	30	65	83	69	94	30	79	31	33	18	98	1	83	35	23	89	30	12	14	31	37	14	40	86	31	17	62	80	38	31	86	93	65	81	60	39	97	18	1	93	91	19	42	80	87	42	92	99	19	91	84	36	96	86	43	70	19	4	58	22	94	40	90	21	32	47	3	67	77	46	73	78	93	29	99	96	22	76	51	39	41	2	89	20	87	4	80	63	3	95	63	22	59	71	91	52	82	49	24	98	75	25	5	41	98	
39	97	31	99	70	37	2	40	28	95	93	14	98	63	100	35	20	82	47	65	100	8	93	43	75	54	26	51	36	92	73	32	34	10	29	98	25	27	70	57	17	96	31	3	53	1	46	49	78	40	34	4	76	83	29	98	83	75	54	71	75	62	74	63	44	9	93	45	97	24	30	76	75	90	68	33	12	65	85	40	69	32	67	44	55	2	70	71	72	48	25	87	14	99	48	33	96	86	45	70	62	72	65	86	81	50	88	24	27	54	53	1	97	42	34	66	4	49	31	32	29	71	28	15	48	67	43	88	42	75	76	77	77	74	44	16	80	54	100	100	32	8	57	56	27	89	42	64	62	43	66	75	60	5	71	91	62	9	49	28	70	64	39	63	15	70	94	64	4	33	64	49	5	61	77	31	59	94	95	33	20	96	100	50	5	24	4	81	7	13	99	77	39	91	26	84	44	41	31	15	
34	8	96	85	67	46	39	75	19	33	25	26	79	75	11	60	18	51	15	21	2	27	96	40	57	64	2	75	6	1	72	17	34	46	29	100	58	17	62	56	21	38	74	11	58	8	40	52	85	65	23	65	2	93	31	72	60	66	51	97	76	70	55	24	25	62	84	91	2	27	38	78	61	51	28	63	31	67	22	77	6	42	66	30	19	97	16	52	26	26	70	54	70	3	55	43	56	47	50	69	44	76	86	66	96	61	2	64	58	33	5	48	34	60	35	85	27	60	17	29	53	73	64	26	24	55	33	95	1	89	29	13	25	95	95	12	96	88	22	6	46	5	82	33	33	92	19	1	97	93	22	3	4	19	91	13	54	39	45	20	42	87	37	67	15	60	96	5	85	95	32	22	5	69	38	16	67	20	78	93	57	99	35	17	6	21	52	76	45	67	60	30	96	69	22	28	18	36	31	78	
33	73	82	53	55	98	3	88	24	98	79	13	52	53	89	1	12	23	8	92	39	14	100	68	85	36	60	88	9	63	34	1	79	26	32	100	79	96	55	65	53	22	56	87	54	75	24	31	18	75	6	81	55	20	86	55	75	49	65	15	58	88	78	28	40	69	64	71	70	44	82	1	57	87	81	33	52	24	77	71	32	3	51	70	52	92	11	33	15	79	35	58	73	93	71	68	99	49	86	32	36	45	13	77	29	58	69	39	50	18	87	59	9	99	70	85	72	33	62	71	73	14	55	82	51	55	64	27	85	93	35	49	35	44	16	5	78	81	52	44	49	25	97	41	2	32	53	12	31	64	17	100	96	46	81	53	54	41	78	20	98	53	71	29	36	19	21	12	90	92	14	96	30	91	60	98	41	93	7	79	48	4	29	21	27	50	28	33	73	66	32	17	12	52	61	43	65	94	33	94	
16	78	82	17	11	15	6	6	62	68	19	36	56	23	96	23	12	65	68	74	94	10	62	9	51	8	36	4	70	78	22	53	30	74	56	95	16	69	58	5	52	53	19	23	47	14	70	9	85	80	95	13	47	46	27	5	12	98	14	32	96	44	76	25	6	1	52	67	48	27	4	81	34	61	56	40	69	88	99	88	11	53	11	78	33	60	88	88	81	84	18	60	87	41	80	24	49	93	82	66	43	8	99	28	22	71	20	73	35	82	98	57	100	47	74	36	35	60	80	28	64	55	37	46	84	44	99	15	28	52	60	30	22	61	98	61	20	66	43	92	10	9	59	42	3	24	65	57	90	15	35	3	10	41	34	97	46	56	85	58	100	88	93	65	71	27	56	85	44	11	57	4	70	43	58	4	44	44	85	89	83	76	25	52	68	1	59	24	6	16	50	12	73	40	25	97	25	7	31	28	
32	91	68	98	80	49	93	83	66	56	19	86	74	30	85	66	97	58	89	10	54	10	72	45	47	8	43	53	49	63	72	48	32	89	54	94	44	68	50	25	83	26	60	28	1	33	13	1	23	2	74	88	39	28	1	93	90	90	27	72	21	27	99	13	79	26	15	15	10	8	55	74	75	31	18	75	23	21	70	55	31	70	33	50	79	99	17	88	11	45	25	66	96	100	28	5	74	51	17	76	6	80	21	23	75	7	97	86	57	14	51	2	95	10	50	74	74	74	38	15	26	82	46	58	34	64	53	93	98	23	66	75	39	1	76	53	47	8	10	13	43	35	75	76	31	46	91	62	76	98	52	32	21	2	47	24	65	30	28	47	100	30	91	97	21	2	12	78	94	6	94	91	14	4	35	77	6	30	54	26	71	29	94	63	22	88	34	53	75	47	75	3	37	54	52	41	35	16	50	57	
58	73	3	79	59	53	92	43	6	53	81	90	12	54	90	89	88	13	72	53	27	66	21	27	41	80	20	11	68	77	26	41	100	6	37	17	93	91	73	64	22	27	26	28	14	8	16	23	61	34	61	7	47	71	79	82	95	6	55	18	39	32	98	98	96	100	8	26	51	89	30	7	41	54	31	52	78	59	21	83	84	81	35	73	36	91	7	39	25	37	32	49	94	95	86	30	8	12	36	4	89	53	45	48	80	76	73	75	91	62	13	80	9	6	47	69	49	79	31	48	24	51	84	34	30	83	25	69	64	17	38	70	7	64	73	61	94	30	67	18	38	57	26	34	88	34	28	45	96	9	5	26	5	68	82	22	37	71	43	95	37	54	83	32	23	76	29	11	6	99	75	20	50	85	36	95	84	37	52	35	89	76	78	27	87	94	50	70	52	48	29	80	82	2	14	52	6	57	16	66	
56	11	14	20	61	36	99	10	49	16	90	63	50	10	3	27	6	78	20	32	18	82	30	59	64	69	11	54	75	97	85	15	32	27	4	91	94	1	76	79	53	25	5	28	40	80	44	76	89	64	75	50	39	15	89	90	42	94	71	65	5	87	15	12	26	32	39	23	53	8	99	23	56	35	90	19	69	55	48	15	26	81	17	81	3	69	69	52	8	51	71	64	44	72	81	41	80	24	10	66	86	54	23	13	22	62	41	49	91	63	45	16	50	91	84	51	51	33	86	67	55	55	44	64	83	99	57	45	89	13	66	59	5	10	90	27	11	91	83	66	43	16	23	16	59	62	55	35	45	67	81	85	72	2	16	10	99	74	92	57	72	99	35	43	2	100	68	73	4	91	84	38	82	31	2	25	13	49	49	42	95	81	93	70	69	57	89	37	74	62	5	46	15	81	91	34	71	59	18	90	
97	84	16	52	95	70	19	11	52	57	15	10	28	90	65	77	97	20	29	3	92	17	71	83	25	47	8	47	69	25	66	16	63	20	45	95	4	64	56	35	3	3	93	40	51	43	50	24	6	77	84	66	28	15	16	42	26	5	23	63	82	65	87	15	1	27	89	99	66	89	73	98	70	71	55	82	92	3	27	40	72	46	12	17	79	54	25	49	55	27	66	12	74	60	33	34	100	91	29	93	96	94	9	70	54	51	55	80	33	98	70	57	33	85	69	59	52	16	93	43	33	64	99	53	25	57	74	11	28	13	42	59	35	60	19	5	91	40	76	39	100	66	27	71	29	21	13	14	49	26	94	26	55	22	12	10	90	57	66	75	72	85	17	22	61	42	69	19	67	10	16	25	18	57	22	73	23	2	100	51	48	68	84	34	84	91	76	29	22	23	61	58	80	17	30	62	37	92	60	15	
39	44	81	99	9	21	4	57	94	65	84	10	46	13	26	97	18	2	26	97	58	52	80	62	24	56	10	20	12	90	73	95	58	36	14	53	44	24	91	34	13	52	34	31	81	57	32	91	30	19	45	53	82	51	43	78	65	76	18	34	1	59	41	54	18	88	56	35	11	97	65	17	57	21	57	2	23	26	67	50	14	40	7	42	97	35	30	99	43	60	31	52	87	9	76	80	62	2	16	75	75	45	75	77	77	77	43	74	26	59	16	17	64	74	60	13	49	52	65	88	95	27	15	93	69	45	11	18	33	67	46	38	17	81	20	54	98	87	24	88	55	93	97	1	10	28	18	48	97	17	13	85	58	75	21	35	24	94	91	11	41	55	95	19	45	18	87	84	60	98	96	20	27	32	94	95	9	42	97	2	82	80	57	46	41	36	100	80	13	53	38	16	50	57	81	17	4	93	47	77	
73	27	59	87	28	10	8	80	25	36	79	6	87	3	6	90	75	70	55	96	5	69	35	19	23	37	35	46	82	9	74	82	42	31	56	13	36	11	18	43	55	91	39	1	90	86	19	46	24	74	91	16	56	71	27	44	1	54	2	21	75	94	47	56	42	79	43	25	46	87	42	24	24	64	82	93	30	16	36	29	18	1	83	27	60	24	42	51	78	100	9	96	62	56	59	53	47	13	26	44	30	86	51	61	11	14	2	23	68	42	91	96	40	57	96	71	42	31	81	42	1	85	28	98	64	89	28	33	13	97	84	83	98	20	7	96	31	2	50	51	48	14	67	77	41	67	56	75	5	19	15	29	73	36	71	43	37	21	84	8	55	36	73	88	10	44	92	46	64	54	80	39	73	97	64	58	64	7	47	49	56	88	14	30	33	58	1	43	69	73	71	23	88	19	37	27	15	68	4	25	
3	38	100	80	30	81	52	17	41	38	80	77	95	95	80	93	17	85	51	35	86	42	19	100	29	81	62	36	8	21	43	78	95	55	71	29	55	87	42	63	26	11	38	55	61	47	12	99	35	38	73	23	6	43	20	100	52	50	16	86	16	70	59	63	35	25	80	100	100	65	24	60	65	61	50	16	97	90	56	96	52	50	38	53	46	59	50	95	43	6	16	50	52	52	5	11	40	12	46	87	86	22	27	63	1	49	84	93	96	56	17	99	65	22	25	40	66	69	60	75	89	93	52	23	17	13	13	67	97	33	96	12	31	28	18	6	90	46	4	74	86	75	34	45	44	77	69	83	6	3	96	68	88	100	22	49	5	60	23	2	47	68	19	17	44	10	55	3	76	32	91	98	70	71	73	89	63	91	80	24	31	47	30	37	88	11	92	48	52	89	83	77	8	50	100	38	39	46	62	31	
1	44	1	43	33	67	70	10	97	24	51	78	99	69	24	93	80	26	44	59	18	60	29	63	18	71	56	65	45	88	49	25	54	65	76	43	67	6	21	7	50	78	37	39	66	58	13	33	81	55	22	15	92	99	22	58	62	50	6	7	28	84	2	49	30	54	48	37	56	38	36	93	90	45	1	24	89	77	97	44	24	47	52	54	47	65	9	73	66	63	68	79	86	40	77	16	1	69	92	13	70	8	30	61	34	88	56	60	40	42	65	45	9	43	84	81	1	67	39	76	29	35	60	66	38	66	42	46	84	96	85	5	79	9	95	26	43	10	54	39	10	13	96	4	85	17	38	48	67	94	95	29	59	51	63	6	94	95	88	75	47	18	89	62	99	58	49	70	58	18	9	64	4	73	43	92	71	93	50	49	90	81	61	75	48	79	60	52	9	65	48	18	53	24	48	59	72	49	88	95	
2	19	100	52	61	93	44	100	21	36	14	16	40	1	15	41	4	22	70	47	6	21	50	3	99	3	40	21	56	74	6	79	74	32	81	97	38	1	27	49	91	16	21	96	54	91	69	32	43	34	98	7	42	16	23	43	62	36	30	71	41	30	82	89	82	81	90	4	75	96	30	63	86	27	83	98	34	99	46	98	87	11	48	47	19	92	4	4	91	62	45	78	67	30	12	92	76	56	11	60	61	85	39	98	32	84	32	40	6	49	26	78	90	81	49	70	61	15	97	77	13	49	30	75	70	59	59	38	83	12	5	55	80	18	97	36	33	54	56	72	43	10	23	21	10	32	84	20	72	22	77	9	20	85	22	90	6	14	88	61	9	40	77	1	70	15	65	3	12	45	46	90	59	91	28	88	58	56	100	40	50	99	32	45	63	60	54	11	47	46	54	14	6	89	41	35	20	38	66	71	
78	95	45	3	34	15	27	50	63	66	82	11	2	71	74	61	66	27	59	56	28	25	90	13	71	54	26	22	92	43	53	17	60	14	29	88	4	30	96	1	68	56	81	57	82	74	6	78	3	79	39	71	21	97	40	70	89	95	72	3	27	66	24	64	52	28	66	67	38	62	14	16	47	9	6	62	75	73	29	48	13	81	64	48	42	76	16	80	71	64	29	98	13	92	68	73	22	57	36	38	28	14	1	99	31	70	8	47	92	93	77	82	61	40	11	71	15	89	18	77	25	35	22	39	7	5	35	17	98	31	79	80	45	50	65	95	86	71	13	3	84	33	24	51	5	75	72	31	4	83	64	78	44	46	69	37	77	98	44	3	25	62	52	85	31	83	10	14	30	12	25	5	90	52	76	30	21	2	18	31	74	82	30	73	53	29	4	87	87	85	56	49	90	12	18	33	70	13	8	91	
19	92	17	58	58	67	89	66	73	33	69	22	4	91	78	70	88	13	6	43	49	39	20	20	29	8	8	25	52	5	12	52	95	93	71	42	15	52	23	33	89	36	39	14	41	12	95	73	14	75	91	54	56	44	43	93	71	95	24	93	39	6	43	27	3	93	53	99	50	13	88	36	24	47	57	69	1	78	2	7	48	91	78	51	37	54	59	2	18	57	26	6	61	77	16	35	54	74	26	7	10	56	71	44	14	92	13	47	32	91	16	47	57	65	31	31	38	95	1	74	95	44	61	1	64	10	60	81	20	28	9	18	50	75	83	93	35	85	43	60	60	15	96	93	43	71	63	50	58	53	51	74	91	96	47	26	51	41	1	29	85	33	48	48	59	33	46	5	52	75	93	96	62	100	42	78	47	19	15	72	88	10	73	2	90	37	3	46	37	68	22	83	83	61	37	62	73	73	54	56	
25	30	50	82	18	54	94	36	92	8	68	20	48	42	80	8	89	14	1	28	52	60	49	90	49	1	87	80	71	80	58	95	62	35	68	40	29	41	39	96	84	69	40	85	59	80	99	72	61	99	94	70	48	97	64	75	75	51	2	78	1	30	6	71	91	99	93	73	24	86	61	5	29	20	64	43	14	72	69	64	89	73	85	21	40	94	11	21	67	45	72	74	67	31	24	27	31	34	80	65	39	12	91	60	30	31	37	31	100	98	10	41	56	75	65	11	54	47	93	44	95	16	98	76	73	90	19	20	7	18	95	97	65	83	80	29	21	17	42	23	48	96	32	58	34	62	19	3	77	21	14	41	95	11	40	91	96	12	75	13	3	86	5	92	22	90	98	22	86	61	68	98	84	92	63	98	45	16	37	53	35	62	37	88	14	53	97	54	50	95	77	6	100	91	58	11	49	36	98	60	
30	69	15	76	5	94	61	8	19	44	96	78	27	50	98	74	30	50	72	40	43	60	68	27	65	100	21	51	67	74	60	16	59	20	21	31	58	45	76	27	56	16	69	61	33	4	96	15	17	88	30	48	29	46	23	15	75	41	40	58	6	51	58	15	93	83	45	8	88	59	99	38	49	1	19	55	23	84	24	4	28	59	57	85	24	70	37	84	48	56	35	39	16	64	81	56	11	77	85	94	62	45	56	32	42	21	12	88	97	88	5	37	35	2	20	35	49	35	91	16	12	5	61	53	61	27	5	54	96	6	26	36	95	93	29	21	41	10	5	70	19	13	88	85	23	43	75	62	17	83	41	75	49	69	66	38	81	86	62	40	87	19	48	21	6	99	62	39	11	98	4	56	19	12	74	92	39	33	21	91	76	6	86	21	60	78	17	66	84	80	52	21	73	94	45	91	63	15	76	41	
86	9	30	37	69	9	81	64	63	90	65	99	25	90	96	98	6	63	12	50	32	46	84	5	6	89	18	17	68	72	74	57	58	13	67	99	71	23	37	10	25	89	77	35	52	52	17	96	48	51	50	64	6	34	89	49	8	46	96	86	39	20	28	55	44	35	79	12	94	32	27	60	2	24	33	65	44	97	63	73	43	79	44	72	68	86	97	39	57	16	66	27	49	32	67	70	52	77	83	47	44	89	49	100	28	21	44	35	71	32	32	23	53	89	65	84	90	70	19	80	96	78	20	47	94	11	91	98	31	90	43	33	86	35	21	41	39	93	100	40	54	41	39	52	43	46	53	77	22	24	44	73	61	31	44	58	52	70	20	72	63	74	81	5	42	68	31	78	81	28	64	91	10	74	36	23	33	45	95	34	28	37	86	37	63	20	15	28	81	76	79	61	88	91	45	96	33	21	35	92	
8	88	77	13	75	62	45	88	13	39	8	8	48	91	82	53	95	5	25	37	74	28	45	92	6	47	72	32	95	41	54	65	85	34	43	69	24	28	9	10	50	73	95	15	57	1	56	24	61	67	38	9	48	47	3	94	44	9	43	65	42	34	59	33	99	69	22	92	94	93	9	24	23	94	2	57	100	71	93	100	46	97	44	7	100	75	32	79	9	74	68	68	93	18	35	17	23	56	26	18	89	73	16	52	97	76	28	4	34	88	6	69	75	97	91	18	92	37	42	54	88	81	66	8	30	91	40	87	2	46	10	54	71	85	17	10	93	16	55	45	46	94	10	89	94	37	23	43	61	36	83	2	97	71	39	35	7	28	30	34	85	23	72	83	4	16	39	99	100	86	61	11	62	36	18	98	32	100	95	13	84	2	55	94	58	94	91	30	33	65	99	87	90	65	39	16	60	72	21	23	
90	89	7	25	52	79	32	33	9	5	41	77	28	60	12	87	2	8	8	72	72	41	81	68	4	40	39	80	65	94	77	62	67	24	32	32	3	70	59	83	97	29	67	19	78	20	92	93	34	76	5	34	52	90	94	85	60	63	19	53	83	12	83	3	50	67	62	20	67	34	73	44	28	26	90	85	20	62	33	37	1	46	46	43	26	53	35	37	83	15	93	83	88	68	61	8	43	52	49	44	91	3	63	5	4	12	86	28	26	54	29	70	24	96	22	49	31	74	80	100	22	52	43	10	67	83	76	24	50	4	54	56	13	43	42	5	100	55	29	8	86	70	39	92	65	24	52	47	28	19	22	62	10	37	84	99	78	22	33	48	95	77	69	29	21	13	2	2	85	88	35	57	41	17	89	25	6	78	69	18	10	26	15	31	34	22	51	15	17	20	60	6	100	44	58	81	55	85	52	80	
68	48	18	23	27	14	25	50	47	20	19	38	4	100	9	84	49	17	96	73	18	64	44	93	80	85	85	85	83	12	98	40	77	47	52	6	4	18	43	4	41	53	38	51	95	83	30	44	8	75	19	35	19	26	87	40	98	60	39	54	18	81	21	65	49	3	58	65	39	72	49	25	88	18	24	56	85	80	29	41	77	82	99	90	27	4	91	81	46	42	58	66	1	91	82	22	95	55	92	80	42	33	91	20	28	75	37	95	25	97	25	62	85	54	47	13	33	82	87	100	6	44	92	13	18	66	39	88	51	74	39	72	3	60	23	70	40	45	8	30	35	28	50	98	6	71	28	36	63	61	90	67	33	74	42	100	7	81	95	18	13	2	86	63	99	74	86	15	93	81	2	37	94	87	39	19	40	84	34	77	57	75	100	8	50	87	71	37	60	62	27	47	39	50	14	63	8	33	77	93	
68	66	51	47	59	1	42	19	10	91	95	68	35	24	79	7	39	50	54	59	96	73	99	23	5	73	60	99	87	78	70	94	27	82	29	55	45	34	89	45	85	98	7	11	47	54	88	50	100	68	92	53	100	5	11	80	58	64	88	61	14	83	39	30	3	1	57	99	25	57	85	100	74	84	78	100	14	98	87	14	38	98	89	3	6	43	70	20	38	86	22	69	27	58	90	40	93	9	72	57	54	29	53	67	66	30	90	84	40	36	41	9	100	58	31	47	39	11	42	32	46	49	10	43	38	43	100	55	48	86	10	43	84	60	48	19	54	46	86	35	34	46	72	20	44	58	61	52	82	80	36	63	33	11	89	49	2	90	33	98	43	61	4	73	86	29	18	42	74	96	10	11	59	19	70	61	22	30	18	62	3	78	95	1	48	60	6	23	41	26	2	47	99	62	68	70	78	76	99	77	
37	49	96	49	41	34	28	84	91	22	70	76	54	38	33	40	8	39	73	16	97	81	80	56	23	3	31	42	34	28	57	61	18	73	67	63	27	70	77	69	69	32	61	33	91	31	53	15	87	21	39	62	91	79	14	98	25	61	53	23	97	56	21	1	3	25	26	73	28	22	18	9	80	35	1	62	23	68	79	66	47	10	71	82	53	20	35	81	12	13	39	59	84	20	38	95	25	22	14	84	23	4	62	10	97	24	78	70	44	60	11	76	56	68	6	88	49	90	92	8	5	25	9	35	57	16	66	93	14	75	13	10	33	15	96	13	41	94	70	28	46	62	73	83	55	29	14	15	95	60	21	80	78	16	12	45	15	80	83	35	61	96	100	79	18	52	27	9	43	18	43	25	29	51	92	14	62	23	14	76	81	26	5	78	81	35	4	64	42	57	90	28	98	14	82	11	80	66	15	30	
60	59	2	87	100	20	46	36	91	32	71	42	28	36	48	38	93	21	87	80	80	52	65	32	54	14	73	5	62	83	7	58	78	72	60	6	24	71	57	62	76	43	98	79	9	77	33	58	56	4	33	55	61	81	29	35	48	38	77	11	81	92	95	53	99	7	17	21	84	71	65	27	20	27	9	55	10	77	2	18	35	86	4	68	47	83	35	28	66	88	83	20	27	14	37	30	53	95	86	86	44	25	66	26	40	88	85	77	76	83	33	60	3	100	49	90	94	86	99	57	82	97	59	75	26	23	27	97	67	34	96	23	24	96	32	88	39	10	39	50	72	73	45	67	30	21	69	66	74	47	69	55	7	46	94	1	14	66	86	68	35	85	93	95	2	68	66	94	11	38	73	10	90	41	89	82	20	46	23	79	68	30	87	92	19	85	99	74	77	24	50	28	79	49	65	13	45	28	4	51	
32	86	54	10	50	74	21	82	18	61	29	32	61	20	83	76	86	57	33	63	26	52	83	38	4	1	70	48	34	63	11	68	94	23	91	4	41	42	85	96	26	49	89	2	83	57	26	99	59	65	24	60	87	66	27	81	63	79	11	86	84	36	61	80	97	78	10	6	6	68	83	55	99	65	87	88	59	88	34	58	46	68	13	40	65	32	69	77	88	67	72	25	47	1	76	86	52	72	30	5	36	37	80	33	23	92	4	38	41	74	78	55	89	74	2	91	30	49	19	56	33	41	42	76	34	16	71	1	77	45	4	21	51	93	58	85	52	89	92	98	20	83	67	20	24	49	13	15	79	24	5	74	99	21	44	15	75	97	80	99	61	27	93	77	50	34	97	32	57	85	16	6	8	98	30	43	5	48	70	56	52	14	45	44	76	61	33	26	45	83	8	2	80	43	88	70	33	91	18	96	
48	65	6	85	6	76	98	58	25	76	46	96	67	82	2	49	44	9	46	66	70	47	99	52	4	100	55	45	2	85	72	97	10	24	59	1	88	70	49	12	53	23	35	100	99	95	12	57	82	11	44	36	87	78	19	60	64	70	47	51	97	41	3	22	39	91	94	14	52	33	32	44	5	54	61	72	43	55	45	58	82	35	87	59	34	45	66	37	90	45	17	74	71	97	8	42	21	100	90	37	48	77	23	61	14	21	94	47	41	32	64	69	65	25	84	85	66	14	91	27	33	2	3	31	88	59	29	10	41	44	85	10	5	43	34	23	43	94	65	6	44	55	30	24	9	91	64	51	41	52	14	20	70	6	43	44	60	77	55	2	25	88	7	78	40	39	18	78	90	66	93	19	26	49	58	67	91	85	52	18	69	15	67	9	95	30	66	99	23	12	93	24	5	99	70	30	77	14	77	34	
72	1	56	5	6	98	85	62	59	37	20	46	7	31	58	2	16	45	33	41	27	56	94	37	84	40	75	19	77	99	100	65	56	70	4	6	99	55	10	79	49	44	91	74	78	96	80	61	25	2	59	41	78	54	3	55	17	8	84	94	2	62	14	35	87	28	87	85	38	9	83	21	31	39	54	22	98	43	50	4	87	28	74	69	97	90	45	79	84	55	32	95	25	52	86	40	39	64	14	98	28	27	27	46	57	19	27	29	32	89	44	3	31	42	2	48	20	83	84	89	92	32	24	46	34	62	21	28	67	77	17	32	75	71	62	43	46	37	24	71	58	29	21	49	91	78	70	75	53	98	10	13	17	38	29	16	63	53	95	31	98	43	72	37	34	14	46	49	18	18	7	6	4	43	16	1	74	39	95	27	77	98	16	29	4	80	96	39	5	35	11	80	16	63	68	45	95	55	34	61	
85	62	19	66	20	36	75	61	85	72	92	58	55	91	76	81	69	76	67	19	23	63	99	78	35	78	4	14	17	61	22	40	73	45	50	9	1	8	8	59	35	79	65	70	3	41	70	14	1	24	24	54	89	48	39	100	43	59	78	1	19	36	4	88	66	79	54	80	44	75	2	96	62	96	3	22	68	22	83	23	93	63	70	9	87	9	24	73	47	24	86	21	93	6	65	73	53	13	5	91	61	78	90	24	46	90	58	93	34	56	32	75	51	23	16	95	63	61	36	42	19	53	65	91	28	55	13	18	56	69	38	84	72	63	19	75	53	23	52	28	61	14	69	13	64	70	31	44	4	24	22	97	71	10	38	78	27	6	33	29	13	59	85	44	91	39	58	16	86	33	73	33	43	80	74	83	96	6	57	30	98	76	19	81	49	38	15	80	100	96	72	65	4	70	37	69	42	21	41	100	
97	32	44	36	99	88	64	94	54	33	11	52	9	40	18	63	35	31	4	47	79	70	4	9	6	33	20	68	6	36	81	17	99	39	53	55	12	77	38	94	72	77	6	14	5	79	58	74	51	33	10	86	16	36	11	29	50	71	64	63	92	72	27	50	59	19	84	71	45	25	16	44	93	57	97	95	85	49	71	30	85	79	86	64	42	8	77	88	76	34	30	3	80	34	67	3	59	47	9	83	83	62	47	75	100	52	56	19	99	28	85	38	16	3	14	82	37	31	96	64	1	12	57	62	45	35	14	48	75	83	48	20	31	50	3	62	77	43	47	36	52	15	66	15	51	75	44	99	15	7	94	28	64	38	5	40	86	75	2	35	54	9	96	29	2	59	17	37	35	15	52	76	59	8	13	100	2	44	66	11	30	55	29	75	82	23	9	85	55	58	77	47	36	76	15	24	15	38	73	35	
52	73	94	99	37	75	47	63	99	56	72	57	27	50	59	47	90	26	72	64	59	58	33	84	23	11	71	8	66	82	69	9	15	69	8	65	23	32	6	67	41	62	68	97	65	20	72	29	18	36	2	21	63	97	29	6	46	58	21	16	5	77	64	21	14	53	27	63	9	24	23	2	99	68	74	89	14	20	95	85	26	45	43	18	74	94	63	91	3	64	16	97	92	8	8	29	66	88	34	29	25	63	29	64	46	97	84	37	65	80	98	50	42	97	57	46	99	6	86	62	97	31	90	76	96	45	49	97	5	6	67	72	4	58	77	17	22	61	28	63	82	95	74	79	41	53	4	15	6	21	37	67	86	1	1	18	65	16	5	99	97	81	58	98	78	1	2	69	44	48	61	2	69	33	47	48	34	60	8	73	70	68	7	64	89	79	36	14	79	50	29	18	47	71	100	10	80	83	86	72	
58	18	77	11	71	82	39	57	92	11	88	46	41	11	87	83	4	63	92	38	5	45	91	41	48	59	87	57	42	36	73	57	18	19	7	31	65	11	46	45	43	60	1	42	52	79	14	18	29	75	24	3	67	93	18	72	46	26	64	72	11	93	99	42	44	25	12	53	38	79	96	3	49	43	69	57	23	12	94	44	27	13	24	45	56	10	46	80	29	37	13	32	79	18	78	30	22	64	22	94	84	78	17	52	46	64	26	95	48	76	27	37	3	30	21	79	82	28	43	43	93	64	15	98	9	67	26	17	19	3	94	22	83	53	21	83	24	36	19	61	80	60	47	24	52	98	24	7	21	94	73	90	96	83	90	58	48	47	3	89	82	54	14	7	5	16	97	56	54	27	85	19	91	84	69	7	30	91	99	24	55	63	17	7	44	12	89	22	20	10	98	69	11	31	20	3	97	84	100	27	
49	18	19	62	70	18	97	62	1	92	17	84	14	46	16	52	87	37	88	49	45	58	67	22	58	87	6	63	68	28	12	32	77	90	67	49	6	7	40	71	18	45	100	36	8	42	29	3	35	22	54	70	88	100	77	86	64	14	8	11	76	2	94	37	67	32	96	33	63	73	71	65	49	94	87	20	54	11	8	16	22	97	45	28	80	76	26	63	88	28	99	69	8	24	31	7	66	51	91	45	38	1	1	40	60	23	83	63	20	59	39	72	36	77	48	24	62	30	70	66	22	17	35	52	5	81	94	13	15	96	95	77	64	51	14	41	44	83	22	90	36	21	69	5	14	10	22	94	37	73	9	20	35	71	60	58	17	54	5	12	83	61	21	98	63	14	21	62	52	65	37	13	17	21	75	91	1	32	35	70	26	16	66	89	91	71	98	41	90	18	46	43	81	58	6	62	22	8	60	66	
65	71	3	37	13	66	35	84	16	69	58	98	68	47	85	67	70	28	51	54	24	56	26	95	10	64	88	93	40	95	83	21	13	81	8	82	14	26	15	90	53	33	91	45	77	51	52	63	87	26	56	97	41	80	70	41	61	72	33	56	48	2	6	36	28	82	80	52	25	45	13	61	9	34	58	4	4	40	37	76	29	5	55	77	92	58	75	34	11	16	21	2	62	49	2	10	41	4	82	35	1	23	65	61	99	70	46	3	55	82	26	68	89	85	49	28	81	22	19	75	3	100	3	32	26	85	26	85	29	68	29	9	78	74	41	75	73	2	62	67	63	80	55	74	20	13	97	28	67	90	20	31	91	38	53	62	15	55	72	35	70	26	17	48	90	95	54	82	17	81	97	72	77	98	25	56	9	49	9	8	69	52	39	62	27	78	37	79	84	41	91	76	4	32	7	84	32	17	92	54	
92	72	67	99	25	2	14	13	13	57	20	81	13	70	19	40	79	91	49	83	5	14	13	73	84	28	72	12	49	90	12	62	68	9	81	99	90	85	35	87	89	99	28	38	92	93	84	36	27	44	100	12	36	28	75	6	44	75	91	9	96	2	85	45	39	21	93	95	92	80	96	3	54	68	24	20	88	84	1	59	51	25	81	28	16	3	60	23	60	39	22	5	64	7	73	28	39	73	82	14	58	30	41	69	89	25	33	85	46	64	4	90	60	1	67	97	39	79	4	60	4	96	10	21	5	72	55	58	73	88	59	20	44	91	95	49	61	97	10	33	33	78	7	99	70	17	71	64	86	96	35	91	33	43	34	21	30	71	2	55	32	67	77	54	93	85	42	13	54	15	63	10	82	4	16	24	56	46	85	97	47	14	31	26	54	98	69	39	54	82	1	62	4	19	59	2	69	83	91	56	
34	94	7	24	46	7	83	15	65	51	46	66	20	86	70	11	64	78	62	97	28	60	18	32	15	1	85	97	69	35	33	20	99	97	28	25	68	59	42	64	81	60	28	98	70	86	32	52	61	58	29	16	61	12	2	98	37	65	66	95	4	79	3	38	62	13	26	45	61	7	97	8	33	52	71	69	28	76	58	84	13	87	29	47	16	53	69	5	96	99	16	97	2	50	53	26	35	64	86	76	87	93	85	63	63	10	73	34	84	29	60	46	65	14	85	26	15	16	58	5	19	46	41	2	68	2	22	75	36	100	51	85	46	96	11	69	31	71	37	74	11	16	46	21	6	38	10	38	1	83	71	38	43	43	52	87	63	29	5	53	21	20	25	56	58	63	9	20	88	20	23	30	77	26	29	49	42	32	78	59	9	20	56	30	62	27	35	10	93	6	99	56	61	11	65	75	55	2	43	55	
38	91	85	80	63	37	81	78	50	30	54	86	46	18	35	27	20	51	29	18	33	30	66	68	9	93	28	1	74	52	53	29	91	41	97	82	20	51	6	98	21	63	95	5	66	31	69	59	26	96	39	93	23	36	52	10	73	3	1	7	30	19	92	40	55	97	49	26	40	69	27	57	49	85	11	81	18	57	91	65	94	80	61	68	81	16	80	90	20	17	29	82	3	31	73	51	54	55	3	91	31	44	16	92	21	78	14	17	98	100	3	73	71	60	62	19	55	54	22	71	91	81	34	47	82	16	12	21	71	22	63	22	69	47	40	66	44	39	84	42	89	12	94	44	43	29	38	5	1	90	60	53	34	52	65	19	42	24	58	64	21	100	53	24	60	69	83	65	65	3	96	3	87	73	58	45	41	5	75	64	62	73	77	83	91	14	8	74	74	2	66	27	90	74	95	23	7	15	40	21	
27	73	40	47	55	100	89	38	78	5	75	19	63	61	78	97	94	74	68	49	41	36	100	55	44	11	95	29	2	77	33	77	57	73	28	61	29	99	100	7	27	84	52	39	6	5	15	94	38	70	44	46	94	88	28	13	93	4	14	99	68	74	52	88	40	59	9	19	12	35	4	89	87	64	74	20	25	63	37	98	72	43	31	7	21	3	4	68	69	43	2	70	54	43	12	44	44	3	19	94	59	17	96	36	50	89	67	78	44	62	88	7	15	91	9	31	37	51	94	91	13	53	97	24	22	10	10	35	43	49	6	90	37	26	91	38	58	35	99	100	49	45	1	15	44	16	78	40	18	58	58	62	21	87	19	37	69	91	89	12	44	47	42	36	77	66	43	94	78	83	83	33	89	59	38	63	4	40	57	82	94	84	7	72	76	100	45	8	30	61	81	39	39	40	63	57	9	69	13	83	
31	26	73	59	32	39	28	81	98	86	55	31	40	43	99	15	56	30	79	2	95	48	53	4	7	38	7	73	51	25	40	75	21	12	36	61	71	59	78	60	58	58	1	80	88	24	4	6	20	80	89	8	23	48	66	8	78	66	18	72	94	50	8	27	77	5	73	65	79	16	99	69	58	12	62	52	41	55	2	97	7	47	38	86	24	25	16	29	60	72	42	53	90	53	19	25	57	29	91	33	3	14	96	65	54	79	71	28	44	82	40	67	67	88	42	79	10	3	40	62	54	54	46	65	37	99	90	24	37	5	94	6	77	51	96	81	52	7	78	7	2	15	14	75	60	63	27	86	65	48	17	15	30	63	42	69	28	28	71	9	63	60	35	53	38	6	25	16	20	77	46	5	67	77	3	71	28	30	6	25	39	35	81	22	29	8	10	97	79	71	100	23	4	52	71	29	9	30	51	55	
92	72	90	8	56	68	33	2	21	24	24	9	5	60	77	12	96	16	44	49	53	86	28	99	64	42	81	11	4	12	92	80	54	1	81	47	74	90	39	32	57	71	50	43	60	90	66	79	50	66	49	90	29	56	81	52	23	19	22	29	50	38	59	22	54	16	95	70	49	85	95	7	89	57	99	27	76	79	50	38	42	5	91	32	73	85	50	25	34	85	43	38	87	28	56	4	1	18	48	72	79	35	8	29	50	77	21	80	37	28	69	94	8	53	76	69	98	58	90	9	39	41	56	30	71	74	57	94	21	60	95	14	98	41	12	86	70	28	22	81	90	80	66	97	77	53	6	75	16	47	54	55	71	29	24	91	28	77	27	75	38	51	90	98	37	100	3	73	70	95	40	62	76	34	93	40	12	5	26	33	25	68	31	45	9	17	32	32	10	31	33	34	80	100	34	77	75	31	65	34	
55	81	54	29	43	9	87	52	70	60	5	12	53	68	42	18	62	18	83	50	85	8	45	69	88	42	7	95	62	58	30	52	7	75	54	100	61	96	36	71	18	16	62	26	88	9	63	70	23	74	66	1	30	87	88	22	99	27	64	89	34	74	32	99	58	79	93	24	85	23	7	56	62	82	62	35	44	38	37	59	99	6	20	34	93	22	21	75	50	15	34	1	41	62	84	100	44	27	91	2	92	2	10	82	11	5	75	56	60	99	91	91	13	43	25	9	39	63	21	49	45	78	85	28	43	92	66	91	84	23	88	88	44	1	75	62	20	30	33	95	33	83	86	80	55	95	33	2	5	3	5	72	2	5	58	89	71	27	15	55	30	38	49	27	5	100	5	76	94	61	66	59	83	13	50	43	59	2	7	7	80	79	67	22	22	2	53	32	72	35	85	99	95	65	25	4	65	42	5	1	
22	54	44	46	21	91	91	11	31	35	66	23	2	74	81	27	79	47	69	79	37	97	71	55	20	39	1	16	87	62	31	100	29	79	36	62	1	47	98	60	93	61	12	88	38	20	23	59	69	7	56	42	99	91	34	98	21	22	84	84	97	18	75	10	36	72	43	36	100	94	21	11	86	69	80	39	52	8	65	38	79	75	69	28	31	19	51	94	22	33	8	81	1	65	25	5	77	54	86	29	57	43	10	28	32	49	73	60	98	73	2	17	22	88	12	66	12	74	32	28	20	20	58	47	95	57	75	11	8	2	75	61	3	29	13	40	72	34	48	18	98	35	68	99	2	31	29	35	99	89	12	35	55	53	64	12	9	75	55	32	90	56	30	84	98	14	10	71	53	18	78	96	67	90	36	72	73	18	28	8	25	44	56	80	29	75	12	20	49	95	81	2	74	80	97	21	9	94	63	60	
16	72	45	39	18	37	25	19	84	28	5	14	65	21	54	30	27	7	81	83	11	66	20	37	2	37	83	69	87	8	63	6	3	22	75	20	83	66	83	28	31	89	28	34	36	49	19	74	89	86	61	42	60	50	58	51	100	40	82	25	58	60	46	86	12	40	39	34	77	17	35	61	38	2	18	26	8	1	73	5	29	96	74	38	26	57	79	38	70	77	7	70	19	46	19	6	5	10	45	36	74	1	44	72	83	35	8	52	12	61	32	9	79	1	4	36	21	83	47	70	42	98	100	100	37	72	72	41	55	47	47	9	25	85	3	87	63	85	95	13	43	61	35	61	25	98	13	54	97	82	83	70	32	21	21	44	63	38	30	90	45	53	78	3	7	62	41	99	59	80	49	95	27	77	63	47	11	17	57	21	97	72	23	78	89	6	100	8	32	62	71	14	25	13	16	67	84	49	70	42	
25	79	31	89	98	94	89	87	12	90	98	60	51	82	57	85	85	10	42	86	85	40	49	8	45	54	25	19	8	45	7	7	1	50	32	56	77	44	16	10	88	36	51	49	83	84	3	16	35	84	85	25	29	99	90	10	60	4	3	48	49	36	29	50	43	64	41	66	15	37	44	84	8	29	58	73	49	100	100	59	39	55	93	6	42	2	7	65	71	56	36	33	17	67	39	2	76	43	80	27	39	35	82	54	88	78	54	24	37	85	62	91	16	53	9	76	76	90	3	64	87	53	88	30	54	99	85	55	36	68	18	40	62	33	86	19	74	23	77	2	61	96	85	27	88	43	59	9	81	54	61	26	67	20	100	47	60	51	38	56	53	66	95	77	84	32	28	10	48	15	62	11	80	35	82	60	37	42	82	53	62	97	88	74	13	5	83	65	41	72	71	79	71	72	27	19	29	29	65	51	
63	96	77	58	46	18	61	48	38	27	57	73	80	24	11	48	9	33	57	60	89	79	22	38	32	16	37	4	15	11	13	59	20	59	28	34	70	94	79	21	67	3	57	65	23	29	93	89	10	47	72	68	29	95	73	43	43	14	35	91	84	56	42	100	59	18	85	6	22	48	13	1	4	30	62	8	36	94	12	78	60	76	61	86	84	40	70	89	46	42	17	81	22	3	52	7	96	44	22	78	89	45	87	1	3	24	22	97	63	17	66	68	70	9	75	82	22	87	67	39	37	71	93	91	83	35	17	95	73	19	89	77	52	48	5	48	81	72	69	86	4	100	93	93	7	72	85	96	58	14	21	17	77	25	53	42	35	90	49	30	78	95	44	38	37	95	73	20	2	51	100	29	91	65	58	74	92	73	84	74	56	42	41	85	98	3	27	71	39	51	97	47	23	64	14	2	2	20	75	72	
95	60	33	36	33	47	24	81	36	61	84	56	90	64	85	35	80	55	60	99	96	41	79	58	93	78	5	85	31	52	27	16	62	67	7	89	38	13	20	91	19	28	95	6	65	29	6	23	71	22	66	95	38	88	48	99	80	88	69	83	14	1	4	92	15	5	62	1	57	6	31	65	63	3	88	36	40	26	49	71	7	73	2	65	64	44	51	40	35	84	5	15	2	49	88	51	53	64	29	31	52	23	18	26	4	82	62	100	21	63	21	27	87	11	96	4	16	46	77	63	67	29	65	97	32	43	22	19	88	17	62	1	85	48	92	21	5	83	29	63	73	79	95	77	78	37	44	29	98	7	98	48	54	56	24	36	53	98	27	84	3	77	38	12	24	70	70	26	34	7	91	84	39	22	12	88	98	1	49	37	4	63	56	86	59	2	98	97	99	86	41	43	37	54	25	46	24	10	70	95	
4	81	56	42	86	66	54	51	59	39	71	25	20	50	8	98	37	73	76	56	61	90	57	91	81	72	44	35	48	61	63	59	29	39	20	72	76	66	7	67	46	72	29	13	24	3	58	56	64	28	55	35	8	1	22	98	82	79	65	91	93	85	29	35	63	33	7	3	68	29	32	80	50	26	34	90	84	21	69	86	45	97	82	18	47	33	24	25	99	30	61	54	99	15	96	96	61	40	62	91	78	14	1	77	38	71	31	77	4	27	48	80	98	7	74	90	59	10	46	15	15	36	71	21	23	2	61	45	10	44	99	70	31	59	22	6	42	4	21	99	86	18	2	50	40	34	91	2	78	5	63	90	93	58	60	77	38	37	5	98	7	84	37	24	82	95	62	29	34	71	83	9	15	83	59	96	35	12	12	92	26	40	73	33	12	12	1	33	62	35	23	15	75	72	24	41	38	57	55	100	
1	88	2	21	95	14	65	26	91	34	8	83	64	39	57	93	42	34	62	6	61	23	16	56	97	65	57	39	99	96	91	53	3	17	99	24	60	88	24	10	98	10	78	65	23	42	1	83	82	77	51	28	13	88	80	61	16	66	7	44	2	96	43	22	19	96	35	74	88	77	83	22	68	46	65	100	4	95	57	81	31	58	30	46	40	20	93	19	3	50	2	23	3	22	63	54	12	82	57	70	37	53	64	38	26	86	10	62	83	40	49	64	72	77	23	67	14	8	73	70	60	19	27	2	76	100	42	18	44	10	58	15	83	33	90	99	68	16	13	74	29	52	68	34	39	14	39	59	1	16	14	95	85	63	69	66	6	100	100	14	62	32	95	70	95	66	68	89	8	91	92	77	85	73	90	77	3	45	76	79	99	83	50	58	85	68	57	34	68	67	77	8	26	94	7	81	38	49	32	90	
94	60	91	90	62	32	6	83	2	49	5	83	52	66	87	52	43	80	30	37	77	44	49	53	38	66	95	67	30	67	54	9	95	79	17	17	97	7	72	18	28	98	23	79	25	46	93	96	66	51	45	53	49	3	40	83	51	59	17	21	45	97	83	73	93	53	5	90	25	5	57	24	57	80	92	1	48	89	55	33	98	93	24	6	38	81	97	28	89	64	81	45	13	50	65	16	55	53	96	22	79	31	79	87	65	72	33	12	7	61	59	29	8	44	100	55	34	61	78	94	96	21	56	12	29	68	69	87	92	55	49	65	10	46	98	62	31	39	2	86	18	27	66	97	18	46	58	17	2	97	21	54	42	9	83	43	25	3	5	10	41	28	73	70	62	68	81	47	98	30	71	23	57	20	70	93	32	13	39	70	47	55	54	4	46	37	59	36	28	80	24	76	69	45	95	32	39	72	41	37	
47	97	77	60	27	50	72	4	50	66	20	94	49	69	91	69	69	13	21	39	74	67	96	1	21	96	41	79	58	41	59	65	70	43	81	4	64	95	17	12	45	80	85	75	85	100	42	93	26	32	99	9	62	4	80	37	39	10	92	76	99	83	66	28	41	93	68	16	11	78	39	5	93	55	2	67	21	91	98	70	87	56	62	9	28	93	5	65	97	75	92	21	100	64	82	67	77	98	5	37	49	48	69	99	16	93	70	87	99	12	97	93	79	8	86	60	62	2	93	64	5	12	85	78	11	73	19	84	46	3	70	3	14	5	22	39	78	99	2	15	42	9	94	32	78	49	16	37	69	56	62	82	13	20	65	94	16	73	76	71	99	10	20	26	29	89	47	62	41	82	17	55	53	48	75	65	95	49	62	77	90	59	47	19	44	51	24	7	92	48	17	24	45	1	74	19	44	82	97	55	
76	78	76	9	51	18	71	78	82	23	48	38	49	75	69	69	90	36	73	21	24	5	48	93	80	38	78	31	17	68	95	8	76	35	40	13	96	37	50	22	75	76	53	73	41	8	11	41	20	19	8	9	92	95	66	22	66	66	63	98	23	35	9	13	75	19	8	85	82	8	9	85	97	90	30	23	96	35	33	84	55	56	80	66	1	87	37	69	13	28	73	60	8	55	52	4	59	23	73	51	82	30	25	8	46	3	8	61	48	32	80	66	66	45	51	69	83	85	29	4	85	90	44	94	6	4	67	60	64	76	58	12	30	52	86	11	81	100	85	93	74	43	11	57	90	18	86	35	44	54	52	17	54	88	65	78	20	70	94	53	59	48	2	34	34	8	98	41	81	44	67	37	50	95	33	58	13	75	82	1	15	71	93	86	20	82	7	73	53	76	30	12	45	18	86	100	15	52	98	20	
53	66	46	79	84	16	81	1	5	19	27	79	17	74	59	74	20	57	84	96	86	37	39	92	13	40	86	59	19	43	41	49	62	11	76	99	94	50	72	67	14	23	28	87	14	94	8	28	17	19	42	96	3	79	69	40	60	46	76	63	8	97	5	5	67	87	80	15	62	18	80	53	69	53	55	29	3	8	11	81	44	44	31	8	56	48	63	37	86	40	37	26	82	73	87	27	70	55	56	73	85	4	51	69	52	89	22	28	67	21	42	23	68	2	49	68	76	87	99	33	95	92	11	6	99	91	10	98	54	32	18	45	12	75	61	98	28	86	88	81	96	18	38	85	66	18	33	15	48	27	65	81	15	20	3	83	77	95	61	18	80	15	51	7	71	91	30	82	44	19	54	47	79	63	3	61	2	56	33	83	78	30	73	66	73	70	18	14	41	100	53	40	8	2	22	66	81	3	79	17	
37	39	27	66	67	82	53	41	74	8	65	21	26	8	95	8	100	17	93	11	76	99	13	1	95	85	16	31	55	33	74	92	22	18	87	85	83	20	77	39	91	52	74	2	36	28	62	62	56	91	57	67	61	14	80	27	58	54	66	80	88	85	65	80	68	32	13	56	34	37	60	81	97	73	17	64	15	29	48	2	73	12	26	39	62	25	89	6	70	61	25	17	12	99	30	22	38	78	73	66	14	100	59	29	36	25	93	57	12	30	42	28	56	64	13	31	54	84	96	64	32	14	57	94	75	84	16	96	80	91	9	46	25	93	68	4	64	61	35	2	10	43	73	16	93	7	73	52	61	85	37	97	63	23	96	83	46	40	66	78	49	62	100	91	83	92	71	17	67	54	12	50	72	21	75	27	82	100	27	79	60	42	25	53	38	3	59	6	4	35	75	9	26	93	4	24	40	52	30	73	
93	62	9	19	33	92	23	93	62	21	71	67	53	73	76	63	100	91	66	58	34	56	88	24	30	60	27	38	45	34	17	85	42	15	5	4	53	29	29	13	27	90	8	81	14	45	95	10	34	75	17	51	81	4	19	74	64	85	17	61	75	73	76	91	5	3	28	3	52	62	44	42	92	100	29	10	99	45	32	63	89	99	77	15	12	18	26	69	62	21	15	57	14	57	81	20	72	65	35	37	2	2	95	10	29	30	1	21	22	71	99	31	78	76	71	28	88	64	22	49	22	96	4	91	20	38	25	20	39	98	64	90	5	96	98	56	91	11	57	37	11	25	10	6	19	6	33	76	2	19	13	72	10	30	3	33	5	62	59	96	95	11	29	84	9	77	23	55	37	47	50	70	32	17	30	4	70	62	46	61	57	98	75	77	66	21	31	9	52	18	8	51	3	67	12	6	66	89	11	56	
13	7	85	52	66	83	44	26	14	58	5	28	92	95	31	62	31	62	95	25	62	67	77	30	63	68	56	74	94	26	87	87	7	47	36	22	21	25	41	7	98	53	38	5	46	83	90	79	1	3	92	99	88	45	49	7	61	42	13	16	76	95	44	33	13	31	74	63	38	88	50	45	31	56	55	67	10	95	83	13	57	19	90	1	18	53	11	25	72	38	88	6	100	1	62	28	52	26	29	47	28	49	89	53	26	61	5	71	70	6	49	58	2	13	93	90	40	78	76	5	5	30	70	14	50	82	18	27	73	70	4	59	90	62	84	19	10	62	41	94	59	29	90	8	26	4	43	59	69	91	17	77	82	77	87	89	67	76	83	67	27	80	91	39	15	85	57	53	50	79	72	32	34	62	67	50	33	28	27	30	72	44	6	19	74	37	23	14	32	67	17	35	45	72	78	59	98	55	90	27	
83	23	40	23	65	79	50	69	82	39	57	42	33	3	10	1	40	53	13	39	23	23	34	17	77	85	51	44	66	41	51	26	58	10	95	93	1	97	21	36	19	25	26	2	69	15	88	22	84	64	84	72	26	23	79	17	46	63	40	12	33	100	59	2	15	49	34	23	37	60	65	73	71	16	87	23	71	8	6	13	25	77	36	58	7	49	4	66	19	61	85	31	53	65	64	11	33	30	30	18	16	9	27	87	41	94	5	51	29	61	14	82	59	86	69	68	80	16	51	61	69	91	43	4	85	31	57	32	97	71	73	91	52	100	92	12	74	36	17	87	19	51	41	98	49	43	80	8	33	84	21	98	4	26	73	59	77	34	13	90	77	35	65	22	83	73	20	48	95	63	21	17	62	100	77	100	40	69	74	77	36	45	92	76	58	39	10	86	70	15	13	26	6	68	28	22	41	27	98	35	
76	4	6	67	28	68	25	23	15	49	39	7	3	22	30	40	35	83	72	57	70	64	49	51	89	13	67	62	11	4	62	50	30	59	54	44	3	17	26	45	26	47	14	81	11	81	15	48	31	35	38	32	31	43	33	9	90	7	28	23	30	31	35	96	40	34	30	78	47	93	30	42	28	42	59	57	30	9	86	80	44	47	8	90	89	35	98	97	82	94	74	21	73	18	64	40	9	57	78	49	18	84	16	31	22	75	73	28	80	7	35	87	58	86	57	30	40	91	39	77	38	60	58	35	36	2	22	94	64	73	43	28	76	42	63	74	36	18	89	39	70	92	89	30	58	16	74	13	47	69	75	25	16	29	58	38	3	93	50	36	63	82	58	12	59	90	70	75	33	3	75	30	67	77	63	88	58	49	88	22	92	61	51	8	87	97	98	97	45	80	76	29	33	94	66	13	15	19	97	35	
24	2	5	79	22	81	75	90	58	52	90	79	10	25	74	47	41	94	34	3	50	53	67	99	69	2	64	23	56	22	35	4	70	36	42	66	3	34	31	81	53	19	62	1	13	20	53	62	95	22	87	17	18	65	19	41	90	56	63	39	56	58	48	33	62	88	29	56	36	40	86	61	72	3	96	4	23	10	58	33	24	72	83	37	8	36	4	22	37	83	23	12	58	14	86	77	14	65	22	88	54	51	71	48	76	3	3	37	71	76	19	51	31	99	47	61	28	9	41	31	16	98	4	77	95	25	73	95	58	89	92	88	30	78	98	92	23	98	25	19	61	14	82	43	67	1	83	100	48	7	91	56	24	49	45	63	71	40	43	72	47	60	74	88	96	77	93	65	58	61	27	4	50	100	88	75	35	49	18	23	5	43	84	11	65	50	29	52	5	10	93	36	97	3	15	60	73	73	37	75	
40	67	75	75	7	100	91	91	95	41	79	48	67	78	21	47	48	78	26	72	59	75	20	90	95	2	1	14	54	67	39	45	23	72	91	98	33	16	82	4	74	45	89	67	22	80	16	54	76	51	94	85	49	62	51	51	8	11	44	99	7	85	46	75	40	7	17	57	71	100	61	94	43	57	48	88	25	62	74	68	100	47	6	9	20	42	17	72	93	47	48	100	30	83	32	94	59	86	28	40	53	75	87	38	6	93	48	36	39	49	49	15	57	93	13	90	15	88	2	59	67	41	44	6	84	13	23	9	64	63	71	58	21	47	45	39	33	32	6	40	22	62	20	5	91	74	96	2	34	30	1	9	56	42	41	4	28	12	59	73	11	37	92	98	35	3	32	95	13	2	82	70	33	40	58	35	10	51	88	94	14	6	98	1	28	94	61	22	68	70	95	100	3	25	68	51	32	81	53	99	
11	33	5	38	52	78	36	50	59	17	20	20	5	41	77	53	42	50	40	18	58	98	65	22	32	86	89	76	41	12	55	56	46	72	91	78	10	55	7	55	61	69	45	90	13	100	34	100	58	53	37	51	45	13	61	99	19	47	28	21	37	73	39	57	79	29	62	56	35	50	66	8	12	1	76	2	68	92	8	1	80	20	81	61	76	90	8	89	55	22	60	28	34	70	46	86	82	41	21	7	66	25	63	51	67	33	35	17	99	6	68	36	95	43	33	69	13	24	89	94	20	93	44	30	37	49	2	42	7	91	93	56	2	19	16	33	45	100	78	84	30	23	46	48	85	39	6	44	60	91	32	49	46	32	5	40	30	5	2	18	17	42	73	1	12	45	13	49	75	56	100	62	28	69	49	49	51	55	86	41	49	62	47	77	23	77	89	33	5	56	71	61	31	62	62	24	76	86	12	76	
62	74	4	24	76	7	80	33	77	93	92	2	62	76	81	48	97	51	52	91	11	49	62	99	10	68	2	80	29	67	3	40	17	5	51	89	50	1	21	27	69	29	2	29	92	83	35	10	18	92	22	80	3	91	82	57	18	45	74	73	53	23	82	2	33	16	31	10	90	91	31	82	1	27	92	10	68	3	3	99	98	34	46	79	50	52	47	98	8	43	12	11	69	99	98	41	92	73	61	81	31	17	55	100	24	41	6	95	98	18	47	8	36	95	75	75	4	73	20	95	78	7	85	54	52	49	100	97	47	80	50	100	18	15	37	21	95	95	69	34	18	14	23	70	52	95	57	66	8	99	35	9	85	78	75	57	6	26	7	28	57	82	84	49	12	76	39	62	82	33	27	46	27	74	88	18	88	86	91	88	26	30	45	70	78	21	36	69	79	75	41	8	28	78	29	80	28	71	20	24	
45	74	27	51	10	49	87	98	25	55	34	66	81	69	15	46	66	84	24	96	77	75	7	4	66	55	32	27	75	44	55	79	29	71	29	39	55	74	46	88	56	95	13	88	46	42	86	36	16	75	66	45	58	79	16	70	36	53	32	13	6	85	73	45	66	71	92	65	14	38	21	29	10	61	72	71	72	68	27	29	42	36	11	82	55	28	77	72	34	12	38	43	12	95	56	35	37	83	97	45	77	33	78	81	13	46	5	84	21	99	1	23	54	86	12	21	75	84	87	33	93	79	89	26	35	42	51	2	49	24	49	40	31	72	53	91	34	13	18	77	62	76	79	56	18	27	30	11	73	24	70	8	97	59	64	82	25	33	7	8	21	53	74	37	92	79	70	77	1	83	79	61	30	77	22	23	94	41	88	40	100	27	68	89	92	99	82	87	32	95	11	98	87	90	19	26	64	79	5	27	
22	37	95	95	3	74	44	59	31	33	84	69	83	92	76	27	6	19	7	14	42	51	88	52	12	23	2	96	35	94	63	59	50	33	52	39	99	40	33	43	3	32	34	61	15	79	67	88	45	16	38	61	61	47	59	96	82	10	29	74	49	2	55	52	20	50	10	84	39	82	87	94	7	64	57	82	54	68	75	7	76	89	56	82	48	10	71	23	14	69	86	57	23	80	34	75	50	71	26	83	28	14	49	55	76	82	67	32	21	25	37	62	56	74	56	70	64	92	4	20	57	48	83	71	89	95	48	82	56	31	90	50	74	88	35	76	28	84	10	57	3	81	68	52	69	77	98	30	70	55	26	69	47	9	62	94	39	25	80	25	97	62	56	4	26	99	47	90	15	78	60	57	72	36	92	5	14	49	26	100	87	58	76	67	36	87	57	66	75	91	63	5	56	61	51	2	8	1	1	57	
64	95	25	23	5	72	3	68	97	87	67	92	2	61	5	17	61	51	35	37	70	79	41	60	77	61	100	45	45	80	35	94	68	46	54	37	39	25	7	77	72	73	39	35	86	97	22	39	88	20	45	12	21	8	69	38	64	61	33	9	60	56	23	91	74	16	22	78	22	75	29	67	36	65	68	35	19	47	42	51	86	68	23	99	31	43	80	24	87	22	35	57	46	83	51	44	74	44	94	82	32	25	68	57	88	58	77	12	75	84	30	81	71	84	58	4	85	99	80	96	99	4	76	29	76	81	68	80	88	47	81	99	82	10	62	6	37	2	26	75	78	26	30	14	15	98	76	55	68	63	16	52	14	20	73	84	35	68	79	44	72	97	42	63	40	83	55	59	71	30	42	98	44	45	61	43	6	62	30	27	58	13	81	25	20	86	55	56	89	24	24	38	89	38	97	12	62	14	86	26	
77	27	63	37	86	49	53	84	74	22	6	14	87	48	68	25	21	32	68	71	16	50	11	2	89	59	43	97	78	6	96	5	67	54	45	30	68	6	28	59	45	11	78	88	32	87	91	36	8	31	64	7	66	11	33	20	40	71	65	18	12	21	88	6	57	38	13	61	40	82	74	3	24	36	32	72	22	62	36	79	28	38	61	71	21	64	37	52	57	58	84	51	29	99	17	71	43	3	30	67	29	88	57	91	64	99	10	80	26	31	97	79	67	8	81	66	35	55	63	100	35	29	25	94	78	93	84	57	14	30	61	32	30	73	37	86	86	55	15	100	95	5	87	45	67	16	19	29	7	17	66	39	31	56	77	7	81	31	67	56	23	88	41	56	73	50	54	47	93	73	25	75	6	92	51	84	98	47	45	68	76	81	68	52	98	10	31	50	43	78	63	28	22	71	2	49	38	23	34	56	
5	72	47	60	27	20	64	92	94	88	83	83	19	52	9	74	94	81	9	20	21	84	37	29	40	24	22	17	10	35	47	100	53	52	38	52	96	2	33	11	84	26	73	98	7	30	94	61	88	79	71	90	69	23	46	52	31	35	90	21	29	54	31	48	55	77	97	43	62	22	84	30	3	29	33	36	100	94	29	89	85	69	59	50	71	15	17	99	40	70	27	71	3	18	41	5	71	29	85	75	39	40	35	96	73	48	68	59	9	80	34	11	81	28	52	95	71	3	3	50	17	21	52	63	27	70	34	46	30	37	75	45	73	2	88	21	37	94	31	8	1	78	92	44	9	29	81	75	64	7	89	62	26	30	83	72	22	45	22	80	78	74	85	86	33	58	4	19	86	66	53	77	19	76	8	11	1	77	70	89	67	25	52	33	30	47	75	63	76	50	63	97	23	75	26	62	68	36	51	77	
62	94	40	74	10	1	42	1	91	13	5	13	16	15	59	89	96	20	68	48	28	24	19	20	51	100	76	15	32	95	16	72	41	44	42	95	73	66	95	67	34	84	70	73	22	69	30	43	68	18	34	38	90	28	48	23	97	33	96	2	23	88	46	87	26	11	85	25	96	68	36	18	52	26	99	6	2	93	2	14	53	69	44	17	87	7	95	30	10	90	39	54	71	69	78	31	20	80	89	24	39	37	17	44	43	12	19	88	67	63	6	16	6	37	84	57	36	23	95	5	6	27	68	22	87	69	84	41	33	88	48	63	53	90	14	60	63	58	34	50	48	81	19	76	95	4	49	82	89	44	91	27	54	62	91	76	29	9	22	29	89	13	98	59	12	85	46	44	20	73	38	66	74	58	87	65	28	23	78	92	36	20	98	30	24	43	68	72	27	60	19	60	1	61	8	43	36	61	8	63	
66	69	68	93	54	37	82	32	40	29	17	8	72	60	38	42	48	52	74	84	34	70	10	13	65	34	90	64	86	72	84	69	79	26	6	37	8	53	12	80	19	14	57	6	1	39	59	18	78	84	91	68	85	2	82	19	39	1	89	97	2	89	42	98	12	85	81	36	46	45	93	40	45	85	28	83	5	1	88	24	12	51	69	79	93	66	16	65	88	65	69	73	50	78	15	62	1	98	10	29	39	42	22	46	32	83	41	34	25	49	69	12	56	68	20	75	64	37	63	24	21	50	1	88	94	57	91	36	58	11	79	60	29	37	53	78	20	94	22	87	60	35	85	61	30	80	38	23	79	12	71	78	98	27	14	100	8	17	2	75	6	5	3	2	12	68	37	51	82	70	3	21	37	39	97	50	94	77	21	99	87	86	10	47	43	46	37	11	87	73	99	40	1	54	30	5	22	89	62	22	
37	41	35	71	10	74	91	58	34	50	69	96	95	97	98	36	70	18	45	90	2	36	79	73	20	26	34	45	14	30	5	58	89	13	10	90	22	56	88	38	5	72	50	41	11	80	55	27	62	48	17	94	52	10	35	5	8	39	23	68	56	44	13	46	90	35	42	47	25	66	47	31	21	60	6	64	28	60	19	63	88	60	50	71	94	67	42	75	92	38	36	75	1	27	3	93	31	51	21	76	84	69	56	66	67	7	27	47	41	73	95	83	38	8	41	19	100	28	22	4	52	28	59	34	50	89	76	100	1	92	60	54	4	3	97	17	15	91	51	71	6	4	99	33	66	96	15	9	36	89	98	37	69	35	8	45	10	32	53	12	100	83	27	98	1	57	59	24	7	18	59	31	23	10	98	29	61	89	36	82	57	55	31	75	68	37	71	23	87	99	24	59	87	24	82	36	83	81	43	9	
17	84	17	41	77	27	92	13	47	23	99	44	73	72	83	77	79	95	29	8	13	52	95	36	36	35	56	55	22	5	17	57	27	10	15	96	54	85	43	81	52	2	99	29	24	48	27	100	55	85	86	1	74	42	98	94	95	28	56	68	47	17	48	26	20	63	91	69	47	49	32	54	67	81	18	1	25	52	27	7	18	70	59	82	85	1	27	12	64	70	1	13	85	68	33	3	90	31	95	14	88	93	93	65	48	14	30	75	24	15	79	61	34	80	60	87	33	30	59	81	76	33	24	53	70	37	29	80	43	48	52	11	87	46	54	66	28	30	15	37	23	64	74	26	99	39	80	85	14	22	41	79	39	10	74	8	97	32	32	20	8	65	71	97	33	34	36	7	73	14	6	9	14	86	97	52	22	33	69	87	66	56	50	63	72	11	23	8	41	67	58	67	92	50	3	58	42	61	54	6	
80	48	15	5	10	66	90	26	58	40	32	33	12	46	17	5	77	25	28	8	58	79	77	5	98	89	19	15	2	90	2	9	61	43	27	96	96	65	21	16	6	89	4	52	44	48	11	51	39	92	6	73	31	66	76	64	88	23	43	14	94	24	55	100	36	38	87	17	40	57	67	46	24	12	63	95	24	57	83	9	13	53	68	4	55	40	65	2	26	30	64	41	83	81	45	67	55	97	84	31	26	45	8	52	35	90	54	77	62	59	12	24	54	35	42	49	33	66	71	7	45	73	6	75	52	74	22	13	69	52	9	47	87	37	50	84	81	33	17	60	41	42	77	45	23	5	100	55	79	20	90	84	54	93	74	30	79	10	72	49	32	41	39	99	62	68	28	92	53	41	4	52	32	70	45	5	68	5	79	32	75	89	43	76	27	87	87	41	59	71	75	44	61	42	73	69	41	12	99	28	
83	38	44	50	86	17	50	2	98	19	89	80	97	62	2	42	25	32	23	37	38	11	91	46	78	49	86	2	26	7	95	66	37	31	16	69	15	7	24	49	5	8	22	25	74	75	14	92	86	30	96	48	19	13	27	19	49	97	64	69	29	32	30	24	93	56	44	88	97	35	19	62	50	36	98	26	24	52	64	89	32	31	12	62	52	38	55	11	66	3	40	3	77	54	63	17	51	18	98	34	13	64	23	16	21	63	12	9	87	75	11	73	32	3	27	23	67	99	91	13	67	66	16	47	48	62	23	53	73	89	65	46	85	68	95	80	76	65	20	62	26	57	24	83	12	35	96	58	50	10	18	41	82	6	2	61	71	31	35	95	62	72	51	86	35	67	80	48	76	100	35	18	67	15	80	10	70	56	75	95	91	24	78	50	60	73	99	67	71	31	17	84	63	82	28	1	87	18	62	18	
86	66	93	52	21	18	65	6	89	96	78	83	82	99	83	29	80	76	36	17	78	8	40	98	60	73	59	42	2	33	41	82	5	69	16	27	73	66	49	89	57	33	52	22	100	89	24	91	41	16	96	89	56	4	44	63	68	73	59	68	59	23	88	83	100	13	91	44	26	90	18	64	13	70	18	95	74	64	65	85	66	68	52	81	31	63	87	2	52	63	98	83	92	68	37	81	49	48	24	77	76	89	40	51	92	53	72	36	74	81	50	93	82	7	25	52	66	12	52	99	60	32	50	75	29	5	61	38	71	83	48	54	56	22	77	52	79	99	60	27	2	90	50	8	93	11	72	77	29	98	46	91	1	99	66	81	100	33	85	81	71	71	97	41	23	77	24	17	30	53	75	8	17	13	76	93	95	71	41	11	63	24	63	63	19	99	24	58	75	17	4	42	21	17	51	70	15	52	83	88	
97	79	73	15	67	59	2	80	16	100	35	28	61	54	68	27	75	50	19	70	5	78	64	4	22	83	60	97	77	61	28	51	69	52	66	76	3	2	61	39	72	7	65	85	77	44	28	63	68	69	97	11	82	70	1	49	50	70	89	83	14	90	66	66	57	40	19	98	67	41	38	45	69	100	57	89	58	45	96	85	76	30	35	73	2	79	67	85	41	48	55	11	44	49	8	32	11	47	89	18	43	35	56	2	9	29	48	37	26	62	66	5	9	94	41	33	12	77	82	77	30	17	12	3	80	46	58	16	23	77	18	14	49	83	6	21	61	87	6	47	47	28	28	2	24	80	65	47	18	69	43	76	62	56	27	39	23	34	99	2	14	79	47	43	15	8	76	24	12	40	9	51	35	26	29	36	100	61	8	98	5	38	28	97	60	40	59	67	44	84	42	83	12	15	58	57	16	39	47	15	
96	59	99	61	49	41	51	59	11	53	4	18	57	59	28	49	33	63	89	91	13	100	39	27	97	28	34	14	87	29	23	65	21	56	11	57	79	78	74	7	11	6	93	33	2	53	52	80	24	4	99	90	76	57	15	30	100	74	45	99	34	86	8	31	20	74	34	93	72	33	82	71	28	32	77	31	16	18	20	29	5	42	26	49	99	9	60	1	23	14	89	73	72	14	49	82	66	55	69	22	52	3	33	85	87	73	70	19	78	62	46	50	28	49	16	32	74	18	49	39	96	12	73	37	82	15	80	50	88	8	53	6	90	83	100	73	88	90	100	39	99	98	79	80	5	16	4	36	47	11	81	4	4	61	90	39	4	80	95	74	25	71	23	37	75	26	69	45	45	8	26	3	45	6	33	97	3	31	28	87	56	89	22	23	1	1	87	92	61	63	21	12	75	56	79	83	9	98	30	13	
9	66	37	54	16	85	78	49	99	75	86	15	97	11	77	38	19	78	37	31	7	94	2	29	89	95	50	82	13	65	24	54	73	13	69	32	34	91	86	2	16	9	39	42	43	92	89	5	100	85	39	40	50	81	14	97	27	86	89	96	83	44	100	37	80	27	97	18	95	92	30	95	99	64	99	93	1	58	24	90	81	80	24	63	18	8	74	39	29	95	1	68	85	16	50	62	63	14	19	2	50	14	20	55	98	80	35	2	79	60	34	53	43	30	72	6	67	58	24	91	69	52	40	54	2	81	17	57	19	50	24	89	12	61	91	94	91	65	44	50	62	14	49	43	99	63	70	76	71	31	58	32	19	11	74	40	52	100	65	80	13	72	64	54	72	94	45	1	18	2	93	67	72	68	94	3	25	62	78	90	61	38	71	75	61	54	24	50	42	82	17	15	56	23	100	12	6	5	70	52	
65	49	22	75	84	92	22	68	47	16	31	48	55	34	13	33	96	64	48	50	12	91	38	81	27	27	37	51	50	13	40	17	10	60	2	57	47	65	37	83	17	99	42	91	17	74	66	25	19	13	55	64	74	32	88	71	41	13	75	48	94	60	5	35	26	95	28	58	38	84	64	96	75	30	83	38	8	45	89	56	95	39	60	47	65	72	95	96	33	36	54	85	51	23	52	89	46	87	68	13	48	80	65	56	8	58	87	60	68	79	48	58	88	24	70	39	28	19	98	26	22	61	25	52	14	91	30	81	37	100	48	41	18	37	58	45	45	39	58	14	68	82	65	88	70	68	37	15	100	20	6	7	59	65	95	63	71	34	25	97	16	27	14	25	24	7	95	74	86	22	4	12	78	28	66	15	68	62	29	19	51	97	2	26	8	30	82	3	73	28	51	58	79	100	30	67	43	10	36	81	
91	67	66	85	70	77	46	35	47	10	79	81	15	21	81	56	76	81	15	55	35	82	58	96	23	71	91	15	3	64	79	85	38	95	61	66	50	49	47	4	19	54	62	86	16	9	77	14	88	90	2	20	83	39	68	97	67	57	68	79	17	74	6	8	79	68	95	37	48	54	1	6	26	34	38	68	66	80	44	57	58	73	11	60	64	10	71	1	23	11	92	41	19	8	51	69	13	68	34	99	72	82	70	40	57	67	9	68	89	57	23	44	89	8	51	95	61	32	75	84	28	43	97	41	52	34	62	17	27	38	59	35	33	62	11	91	96	16	81	63	70	11	13	70	30	45	69	24	10	3	62	84	2	75	23	57	29	77	4	21	67	19	2	46	41	81	32	19	100	66	24	6	59	22	13	60	51	24	80	26	2	12	49	62	43	5	36	58	69	1	70	57	83	12	67	38	54	72	19	80	
100	10	99	78	31	65	32	34	51	76	26	55	18	84	36	57	46	79	98	95	20	53	20	42	31	5	28	63	81	44	14	30	48	87	85	37	58	53	29	75	5	14	55	25	83	98	46	33	39	16	29	82	44	62	33	49	7	36	13	53	51	36	44	15	83	44	56	14	100	17	29	96	6	31	70	40	4	71	49	50	1	50	92	6	58	96	75	47	37	74	16	14	30	98	11	36	45	60	32	39	23	19	17	6	23	29	38	73	20	87	74	91	4	27	30	63	91	34	25	44	18	65	25	35	6	71	37	4	15	39	72	20	70	73	49	63	33	60	55	8	78	80	45	33	77	95	42	15	80	97	22	32	69	55	7	9	9	75	65	9	84	29	2	24	38	38	39	44	15	81	40	66	98	41	15	73	32	76	28	64	8	62	38	68	36	22	83	42	41	87	15	16	9	6	43	54	75	94	92	65	
3	19	1	52	60	65	71	77	58	84	84	88	20	34	98	15	1	38	10	18	20	89	99	25	5	44	84	97	21	26	89	27	25	1	100	100	34	85	61	9	63	86	31	56	13	37	98	33	87	70	13	4	2	69	26	78	76	80	50	73	47	66	57	15	82	98	50	67	65	12	45	10	8	96	36	81	23	81	61	76	33	60	71	41	91	22	59	92	82	48	12	19	9	61	76	22	99	53	49	37	56	2	29	27	75	81	64	75	32	44	93	24	31	97	40	29	58	53	5	41	36	94	7	16	57	59	92	93	68	46	49	38	13	73	36	15	21	72	85	33	76	66	28	91	14	55	21	38	83	84	8	17	83	2	15	69	30	31	42	94	49	29	20	10	57	49	72	82	52	3	52	89	55	27	19	73	81	86	71	79	1	14	23	36	61	89	81	61	12	18	52	39	98	5	10	72	94	39	88	70	
9	4	31	96	86	83	61	69	21	96	61	53	25	63	9	58	49	12	52	27	65	10	93	89	72	65	67	59	30	5	42	84	1	33	34	14	28	13	31	39	26	8	25	71	10	38	73	63	45	5	92	9	46	59	87	82	68	39	36	77	44	65	87	74	57	15	45	1	75	16	72	69	47	54	46	58	61	54	75	26	61	93	51	75	72	85	69	8	9	10	13	11	3	54	96	80	99	84	20	28	9	76	69	21	1	78	74	16	74	97	99	99	93	12	91	48	56	17	41	31	31	33	31	50	16	18	60	47	4	62	88	66	8	54	98	76	35	21	52	77	99	15	4	18	77	34	41	73	86	100	60	92	91	43	40	13	51	65	5	63	70	65	75	70	55	32	41	97	98	79	30	11	90	98	97	37	53	12	20	5	1	86	34	51	8	62	43	54	99	62	83	47	30	70	36	19	92	88	28	7	
29	52	29	35	36	54	88	13	82	63	80	6	79	28	22	37	42	22	21	31	31	24	81	12	54	39	27	11	81	4	2	54	35	5	99	54	64	65	5	83	45	26	54	26	47	96	12	35	28	21	29	8	95	5	82	84	19	26	27	40	5	13	2	88	98	48	11	7	71	6	37	9	31	84	74	34	65	73	17	90	28	73	16	58	31	59	58	1	12	57	82	2	84	61	52	52	54	92	7	57	68	4	15	36	48	29	15	4	78	39	9	68	18	78	19	76	94	53	98	15	78	94	28	57	66	90	15	77	25	31	95	71	91	56	60	41	92	23	80	93	77	30	51	96	34	61	100	35	72	27	66	54	56	55	21	83	55	34	1	60	42	51	72	95	100	90	37	55	20	17	73	56	27	35	35	75	99	76	24	27	57	26	56	77	63	22	9	6	28	18	88	15	13	52	81	80	65	70	7	30	
