200
5359
33	32	51	37	11	81	92	87	98	1	8	13	71	50	81	40	35	19	72	2	64	23	72	9	60	50	69	51	60	14	100	42	30	11	24	78	65	82	75	69	96	45	6	22	21	52	42	19	31	52	58	70	62	76	18	38	57	93	68	9	28	28	43	89	79	65	61	25	19	77	51	17	85	96	22	1	86	99	70	27	70	100	65	13	18	28	46	23	92	70	70	81	3	15	34	32	58	63	3	42	35	38	30	75	23	30	94	45	57	75	96	33	11	60	8	54	6	50	86	37	69	70	53	67	16	45	45	31	69	14	24	83	60	7	55	67	82	38	52	85	100	57	65	76	63	85	9	19	28	26	51	94	90	30	29	60	27	23	78	83	80	72	8	28	76	90	96	6	79	45	86	75	5	33	17	12	61	35	89	48	24	49	40	100	45	56	4	93	20	64	84	53	42	37	44	23	56	100	39	3	
31	59	33	70	94	4	64	62	32	85	56	64	28	97	11	49	96	75	43	20	83	75	95	88	78	39	53	46	9	23	34	96	76	52	32	98	43	19	47	60	44	77	98	49	29	27	1	77	40	14	69	93	1	7	86	5	42	28	85	52	71	16	71	97	42	4	71	87	50	12	7	48	83	48	88	16	35	88	92	96	46	79	31	95	4	15	52	41	44	60	1	30	16	85	6	14	85	89	57	31	22	26	24	13	50	31	34	82	83	20	97	45	64	49	89	44	20	11	49	53	18	4	92	9	53	88	17	92	96	57	84	11	46	28	86	30	66	38	97	85	20	33	47	71	30	10	99	21	52	97	31	93	24	38	84	24	55	38	65	48	34	34	43	19	71	32	13	25	63	30	53	43	50	77	57	67	21	30	96	58	98	18	94	55	94	92	66	45	78	76	82	90	72	45	46	79	48	100	87	65	
59	44	24	27	87	30	76	56	73	32	3	29	71	5	54	15	82	96	39	4	26	69	100	62	63	9	82	13	8	55	30	37	47	38	6	12	35	34	34	19	16	52	67	98	41	16	71	30	55	88	8	27	97	57	94	52	87	81	77	21	83	19	18	77	57	23	22	10	48	52	70	84	10	40	73	95	100	32	17	67	63	38	29	96	37	57	23	43	11	65	78	28	60	90	36	20	88	53	30	54	23	92	11	91	73	91	80	99	58	76	39	91	60	50	27	65	13	61	49	49	73	82	1	13	80	1	64	37	31	13	51	74	51	66	81	38	85	43	84	16	54	83	3	34	17	62	72	29	9	16	7	50	46	48	90	30	51	5	72	57	10	38	71	61	27	58	40	56	3	8	97	16	20	86	47	11	54	85	78	91	67	31	5	17	45	11	52	87	63	94	52	48	3	83	21	20	49	33	73	38	
33	24	36	98	40	54	4	18	27	72	52	96	49	55	74	7	91	20	41	12	74	33	65	20	81	12	54	65	50	99	70	42	93	36	15	31	19	73	14	20	23	61	81	89	74	31	89	31	86	71	29	49	79	50	22	40	20	57	45	37	31	100	18	38	95	2	60	5	94	22	100	51	24	93	3	58	10	54	59	53	82	50	37	71	25	65	26	56	30	41	18	83	84	87	76	86	91	23	96	88	1	30	100	62	9	86	40	16	94	4	19	86	80	67	41	51	18	30	83	30	16	2	98	6	46	31	82	59	2	39	15	80	64	23	97	96	83	60	62	38	76	31	5	6	3	99	33	79	27	27	29	66	29	15	10	8	43	63	53	54	83	76	40	94	98	58	77	50	53	20	44	83	72	72	13	74	41	75	22	96	100	41	81	24	93	60	62	92	65	14	95	61	19	97	79	1	31	35	77	54	
70	27	98	25	58	67	24	5	11	54	90	66	75	80	7	32	33	31	4	67	29	5	41	72	32	83	94	28	7	97	60	91	69	95	17	44	9	82	100	92	23	76	20	89	69	45	3	27	56	85	40	10	30	84	19	13	43	63	88	48	62	55	34	96	79	82	61	2	85	55	12	48	19	78	27	97	21	39	57	9	28	1	50	81	61	32	19	36	65	18	88	91	41	87	27	16	79	100	67	99	34	36	39	76	95	30	26	49	89	65	56	10	13	62	24	97	13	16	3	72	6	13	62	15	6	64	29	3	80	94	76	80	74	83	48	1	70	71	5	2	32	56	46	6	70	92	51	30	66	48	85	69	70	54	16	98	18	70	28	37	61	10	34	44	17	79	91	76	76	15	92	53	33	77	71	18	51	13	83	89	27	15	43	56	70	15	4	67	2	82	79	45	30	23	76	51	63	100	26	38	
94	87	40	58	9	48	66	40	3	71	57	93	53	12	99	29	14	57	12	14	5	95	22	48	89	31	94	46	95	20	17	66	97	38	22	34	77	90	46	25	90	53	49	23	44	26	23	20	62	22	94	85	51	93	52	72	43	31	26	17	8	49	21	38	28	63	20	40	43	33	40	71	68	99	11	19	5	2	96	56	40	17	90	54	91	91	44	11	27	93	61	49	20	38	50	90	69	46	98	75	70	86	100	42	72	5	17	72	100	42	26	30	93	51	61	37	45	28	94	59	27	16	71	2	41	95	12	54	51	33	67	17	68	50	53	43	87	100	12	12	74	14	63	16	80	70	5	45	17	26	57	20	14	11	15	96	2	98	23	82	43	54	76	62	3	34	46	14	85	67	41	6	27	85	90	39	41	63	1	30	29	46	73	63	50	28	33	58	9	25	43	76	23	3	17	22	61	2	67	64	
4	30	54	67	48	13	54	52	87	95	38	26	80	76	15	47	55	62	56	92	19	91	76	5	53	68	76	35	4	68	1	100	15	67	16	52	82	81	36	98	68	78	90	54	8	90	70	33	7	96	5	67	23	37	65	94	63	49	76	89	82	4	71	60	26	78	70	48	90	82	67	75	65	5	54	94	55	70	90	2	47	52	65	78	35	83	81	78	29	52	85	95	86	28	55	50	10	11	60	49	15	17	72	41	29	7	81	97	7	70	22	31	62	56	75	58	67	56	40	80	49	45	13	96	86	62	61	82	5	12	6	29	94	91	43	79	20	52	10	17	3	78	72	12	54	82	85	57	17	45	75	79	84	13	83	85	63	87	99	60	18	61	96	68	13	81	64	80	92	62	23	2	13	44	7	99	31	20	69	14	89	65	31	26	38	16	85	85	28	78	28	34	99	7	90	73	80	100	66	74	
64	76	4	24	66	54	63	58	52	64	97	92	90	49	58	54	91	33	58	79	89	87	47	85	5	90	47	29	48	77	8	47	66	63	28	36	30	59	92	85	99	89	46	93	24	47	80	73	29	40	67	61	91	11	47	97	87	73	46	84	65	12	44	3	61	92	84	76	90	23	48	50	33	43	70	96	57	66	3	68	97	21	97	86	64	13	8	85	22	72	7	28	52	100	29	84	23	2	78	17	87	92	12	87	61	65	28	33	76	40	88	46	76	73	21	85	27	16	24	61	99	97	47	65	37	78	60	1	13	21	70	100	12	34	22	8	80	23	100	80	45	16	11	44	16	25	24	55	46	97	88	23	41	40	99	86	81	83	47	68	68	54	19	20	15	28	74	69	68	80	37	15	87	57	96	18	43	67	33	45	9	7	11	60	13	53	39	43	87	14	46	45	79	59	40	7	62	46	7	32	
62	56	18	5	40	52	58	69	22	16	11	34	27	76	81	21	75	24	72	22	58	43	67	36	99	1	50	61	32	98	82	43	91	85	48	68	96	59	32	18	79	67	67	89	84	68	70	3	66	8	57	99	100	86	86	71	18	48	41	88	35	58	40	85	29	60	39	76	26	36	28	51	7	68	33	81	4	43	48	52	35	34	59	92	33	55	53	35	81	39	67	65	81	74	7	71	69	6	58	44	48	91	4	56	44	27	66	9	1	42	10	65	64	53	72	86	3	12	34	78	77	58	10	81	48	42	16	84	49	4	81	30	37	34	9	37	93	31	80	12	71	14	100	24	20	24	59	41	66	53	15	56	32	94	23	87	2	74	95	75	26	49	20	53	85	49	85	38	78	88	76	37	44	64	33	65	89	15	35	37	48	63	10	43	28	57	13	74	43	83	48	48	25	64	85	28	47	9	34	33	
32	73	27	11	3	87	52	22	88	23	9	73	96	45	31	78	9	19	46	54	70	43	52	12	76	99	42	90	56	14	86	77	30	40	72	45	92	2	100	47	49	23	85	19	30	99	58	25	15	49	89	84	24	81	55	69	35	80	33	45	63	80	75	93	4	10	19	29	18	89	64	21	34	63	91	76	67	45	17	98	88	51	59	14	84	89	32	39	25	90	62	24	19	75	27	24	50	37	75	23	8	47	45	83	73	4	31	90	82	45	66	77	97	27	49	76	33	70	72	66	11	56	26	5	97	24	65	58	81	91	89	56	24	18	27	15	94	47	11	90	12	66	74	71	81	46	45	4	6	46	4	90	87	50	32	28	18	22	83	42	53	28	15	50	21	83	19	29	1	58	35	86	20	18	52	46	33	69	41	12	7	73	24	20	73	38	32	12	57	79	75	90	62	69	93	75	81	58	33	86	
85	32	72	54	71	95	64	16	23	21	81	33	78	75	26	18	13	77	100	96	57	29	33	84	14	36	73	90	72	82	71	77	69	62	93	55	69	9	16	10	24	34	42	69	12	92	37	17	100	70	5	52	99	84	50	81	82	97	99	33	23	7	83	72	99	44	64	90	16	88	11	39	77	41	52	54	14	82	93	51	45	65	19	91	69	35	98	55	41	59	89	29	57	70	28	90	48	80	23	82	39	83	50	67	38	6	66	97	79	48	58	20	86	66	46	72	26	47	9	44	30	60	59	47	29	7	14	35	48	14	86	3	10	89	55	99	17	6	95	88	20	32	45	46	27	43	32	90	65	83	77	43	87	82	54	68	89	71	98	17	6	31	77	8	27	4	64	10	13	8	87	46	30	66	28	36	9	10	9	41	68	34	67	34	3	17	59	99	2	26	64	4	22	33	91	90	66	32	22	38	
56	3	52	90	57	38	97	11	9	81	88	36	93	66	85	3	16	94	40	33	81	70	49	100	15	18	91	64	15	33	61	42	94	15	30	38	42	33	69	92	95	95	40	40	39	22	29	82	38	86	55	4	5	58	92	73	29	20	77	30	68	43	64	19	1	62	74	22	58	46	17	37	58	78	79	46	4	20	33	31	94	51	84	12	69	22	48	18	84	44	63	52	62	99	71	96	3	21	81	64	2	22	80	49	38	24	47	84	31	78	79	23	88	15	77	35	35	3	87	57	96	57	60	23	29	16	37	11	96	26	35	1	87	17	30	67	20	58	55	91	42	97	37	4	73	37	48	9	47	4	33	91	29	2	88	7	86	41	68	28	65	77	85	2	83	37	68	81	28	51	24	16	71	17	46	71	45	9	73	22	35	31	29	80	53	23	5	81	99	39	3	14	4	77	26	14	72	57	98	14	
64	29	96	66	93	26	92	34	73	33	36	53	32	43	9	6	37	16	88	65	91	66	52	97	45	76	6	28	53	93	17	36	54	10	32	93	2	33	49	31	42	2	14	89	80	89	49	87	30	39	64	86	91	42	33	39	10	46	56	46	19	31	63	1	25	16	24	55	52	30	39	29	44	30	92	89	4	24	73	51	67	1	95	34	79	41	36	74	57	82	33	14	70	88	89	57	42	10	6	18	39	31	39	74	59	33	44	72	8	77	28	1	55	88	12	88	96	23	14	58	68	47	89	44	47	67	97	13	80	77	51	64	30	61	89	72	11	63	31	100	41	78	88	60	99	99	9	91	4	47	62	3	15	98	56	61	1	91	48	1	24	85	98	66	12	36	24	30	89	96	93	90	89	30	16	57	88	25	24	31	14	50	88	42	55	73	73	16	18	35	6	67	44	94	63	69	26	24	92	45	
28	71	49	75	53	80	90	27	96	78	93	32	46	68	56	62	76	37	21	25	75	35	82	81	94	50	96	87	21	83	8	70	49	3	43	52	20	60	15	40	16	98	18	73	40	8	82	97	37	87	58	24	100	81	77	72	42	30	91	34	38	39	93	6	12	81	29	85	20	32	78	27	31	48	36	65	46	29	77	22	20	8	28	70	85	39	84	5	93	45	11	81	80	60	91	65	60	23	17	71	31	75	4	29	95	96	52	11	60	74	20	16	76	11	8	14	45	61	9	30	40	25	18	81	12	59	79	18	86	20	34	8	50	99	4	9	76	61	54	56	34	11	47	96	10	67	61	61	6	22	96	10	67	81	87	99	3	27	90	86	92	13	100	5	42	26	27	52	31	34	40	86	98	99	70	87	26	48	36	47	53	59	65	74	7	2	17	66	74	51	16	72	81	89	53	62	80	46	75	13	
97	5	55	80	12	76	49	76	45	75	66	43	68	2	63	40	10	73	80	28	6	80	74	66	19	4	4	34	26	47	17	8	34	46	11	19	34	90	57	63	45	76	75	5	47	68	63	80	46	2	41	68	10	73	88	20	30	97	78	31	37	24	90	86	54	40	35	74	78	35	17	39	25	52	83	23	85	61	85	49	77	58	27	51	88	45	6	6	32	40	36	17	40	21	9	46	88	33	12	35	13	56	39	11	70	26	19	21	73	8	40	41	74	89	10	53	86	81	78	36	9	32	37	35	54	38	3	13	75	86	15	87	45	65	50	13	81	45	72	65	33	44	91	53	54	37	64	91	85	98	29	20	78	76	27	85	26	90	6	26	83	71	60	52	5	79	81	43	53	21	5	92	25	64	62	17	11	70	99	64	36	29	84	10	50	14	40	87	40	32	26	12	30	69	80	71	63	30	27	51	
11	54	74	7	99	15	58	81	31	26	85	9	56	63	94	49	33	40	87	57	91	98	20	11	78	49	8	49	30	31	47	38	12	39	5	74	68	40	9	81	6	1	28	66	58	26	85	15	81	61	68	70	8	86	96	76	69	34	58	97	69	83	44	69	32	39	76	55	77	79	36	89	54	47	77	29	62	79	87	35	34	9	64	55	87	21	25	31	58	67	31	47	85	41	89	30	77	4	50	74	59	38	66	26	72	41	94	90	33	67	80	14	31	63	2	1	13	49	22	11	50	38	81	39	33	82	1	40	11	19	29	13	38	55	87	25	5	49	73	21	92	65	67	49	92	87	22	8	26	32	28	82	83	86	84	75	98	53	67	48	75	85	43	70	85	54	97	72	26	54	72	67	95	47	30	13	56	58	15	97	88	70	94	32	39	90	52	40	29	65	55	5	19	39	41	93	29	76	44	11	
49	15	7	32	29	47	54	21	78	18	3	6	62	40	49	71	54	60	59	8	87	65	51	5	14	16	66	43	24	10	92	59	80	57	60	93	21	73	47	40	29	98	82	26	92	93	84	7	56	99	86	72	86	97	42	66	36	69	90	73	31	48	50	37	20	2	34	46	25	90	91	33	91	99	98	8	34	83	9	71	87	53	78	1	39	1	11	69	88	94	10	55	66	73	72	54	48	21	14	30	48	33	86	92	56	95	23	21	31	39	38	54	25	41	80	8	94	36	81	64	18	30	74	3	21	85	9	3	93	37	6	67	62	19	32	84	83	25	42	77	90	22	80	77	16	99	50	70	18	10	92	75	25	57	25	51	39	60	3	49	36	24	1	3	64	74	20	21	60	23	90	50	73	23	22	63	10	56	11	29	44	66	91	22	13	50	10	52	44	5	14	88	40	75	78	69	9	61	6	22	
96	82	91	33	14	55	91	75	9	13	16	37	76	10	33	54	15	21	43	90	60	54	24	99	14	47	14	63	65	5	86	57	71	63	85	12	95	27	49	84	21	87	78	22	1	28	29	40	48	96	19	46	75	4	52	96	86	40	86	60	50	77	10	5	4	88	81	92	70	16	35	93	7	90	65	31	6	57	64	35	75	73	35	13	63	53	5	6	49	46	94	67	44	61	48	81	8	1	65	82	70	62	94	64	14	56	83	55	80	13	20	43	63	68	81	71	40	51	3	11	45	93	1	28	32	35	53	69	14	55	4	6	36	64	41	4	85	2	95	53	53	59	20	22	27	45	31	32	47	62	10	13	69	49	87	26	13	31	77	22	13	41	99	53	54	18	12	24	98	31	31	80	31	59	53	64	86	37	10	45	41	93	98	74	49	72	100	7	56	69	72	5	5	13	30	55	22	9	39	38	
75	96	20	31	57	62	33	24	19	77	94	16	37	73	40	60	21	73	55	58	37	89	7	78	28	38	12	12	9	66	61	65	43	51	69	6	60	59	6	5	65	85	25	65	70	71	40	59	99	44	6	12	50	71	96	1	94	67	25	12	55	75	61	30	56	11	82	98	78	36	30	45	21	96	37	93	59	52	69	68	55	17	82	18	25	65	21	37	2	64	92	91	45	86	19	69	88	43	4	82	52	37	21	11	5	68	78	99	92	9	99	98	73	64	94	82	68	48	67	43	92	67	9	98	36	32	61	36	90	83	8	78	47	24	23	67	94	96	19	24	6	33	97	8	13	80	64	64	89	32	19	37	22	89	80	91	73	92	41	89	86	17	37	80	46	86	100	12	8	30	69	21	96	90	35	2	54	55	90	98	36	37	41	73	97	14	26	8	43	72	57	30	28	74	100	17	13	27	41	96	
43	39	41	4	12	56	58	72	46	100	40	88	21	80	87	59	43	55	97	63	58	22	49	83	38	1	29	55	60	24	53	91	36	60	58	84	10	83	79	6	24	56	28	31	73	26	77	75	7	92	33	10	81	40	32	100	48	77	29	27	87	22	78	96	40	50	75	14	92	45	45	67	22	44	66	71	16	58	59	44	24	88	33	78	79	2	30	69	54	72	12	89	62	99	61	49	68	24	70	11	82	35	41	21	61	18	13	96	44	31	11	61	72	30	36	14	85	55	73	57	67	90	21	67	82	8	93	40	13	22	94	20	34	11	88	6	17	99	11	32	37	84	4	50	64	13	94	76	54	85	95	4	26	69	52	19	94	16	49	44	12	68	88	39	6	29	66	89	14	94	61	30	46	57	46	54	4	90	65	78	7	39	97	23	10	50	33	62	26	50	80	45	75	23	73	56	22	86	5	22	
20	4	12	67	14	92	79	22	54	96	33	65	25	28	57	8	90	58	63	78	96	41	88	16	71	24	49	9	91	50	48	58	99	30	3	90	16	27	10	79	79	11	7	25	18	61	69	85	59	56	21	90	50	53	40	84	46	90	17	27	59	21	94	11	47	50	45	44	61	45	8	40	27	19	11	25	35	65	78	53	20	58	89	93	30	91	83	32	61	18	28	55	3	37	42	61	35	18	68	6	72	10	2	32	31	8	79	51	72	13	14	83	89	46	38	99	42	57	91	11	75	16	97	9	28	19	25	71	55	37	46	20	62	17	59	42	71	27	76	62	75	23	46	40	10	78	57	61	95	88	48	56	55	19	59	68	83	13	98	11	35	10	68	66	88	82	77	86	40	83	51	59	11	53	37	82	71	53	94	59	43	30	94	52	67	54	50	59	94	95	6	91	47	95	29	53	74	87	70	97	
83	26	74	29	5	19	89	58	70	57	81	91	75	6	91	87	60	37	58	96	30	88	46	95	8	11	21	94	12	21	19	40	96	90	13	68	70	85	22	56	23	32	50	35	47	64	92	61	8	8	11	29	46	92	41	23	37	47	46	23	96	92	28	52	86	83	50	75	25	61	12	40	49	6	71	29	84	9	3	39	40	37	70	22	50	25	98	7	5	51	76	50	65	1	34	90	93	53	3	75	4	2	94	74	14	50	10	64	55	38	42	51	25	8	57	47	58	55	71	35	32	71	58	8	56	49	23	55	83	73	75	93	21	30	5	8	7	43	70	26	84	75	33	9	34	74	21	64	46	5	36	54	36	80	46	33	21	9	37	62	44	75	27	87	97	2	87	78	65	60	80	53	69	47	69	64	13	23	79	52	64	70	17	7	29	37	98	76	55	41	92	53	52	34	50	18	36	1	85	63	
75	69	33	5	95	91	87	43	43	29	70	66	35	80	98	65	54	89	22	41	88	95	62	90	65	74	43	8	22	55	48	5	37	79	11	12	54	72	66	57	29	36	3	69	15	4	69	64	41	50	63	99	53	87	53	75	10	61	39	54	15	17	89	88	96	27	36	37	19	91	97	74	39	86	38	15	76	38	63	7	81	98	25	7	44	12	7	8	59	97	64	11	12	48	48	11	98	85	98	23	36	81	56	20	17	52	45	82	44	73	72	75	46	6	35	74	42	25	26	14	82	32	48	91	90	46	9	91	77	60	22	90	62	39	54	6	48	68	69	79	37	65	17	64	80	36	45	7	74	84	77	38	43	42	59	45	64	48	27	63	76	27	59	72	86	41	9	7	95	24	48	13	84	78	38	6	28	16	35	81	47	65	35	99	60	7	26	74	91	31	92	19	5	11	65	54	57	79	6	67	
95	100	65	41	22	76	47	67	52	33	49	52	82	74	20	51	24	7	49	88	46	62	50	47	82	23	9	63	13	64	4	15	12	23	8	81	73	50	35	70	85	63	30	26	41	95	90	69	46	57	64	16	87	60	57	42	20	33	50	42	26	43	70	41	32	71	15	61	59	47	97	69	27	70	87	95	82	84	37	97	42	71	61	53	100	25	3	37	78	50	50	34	56	52	60	45	85	28	73	72	24	15	48	49	12	14	21	4	7	52	16	2	50	85	20	18	33	69	96	57	75	89	17	79	85	18	44	27	51	27	73	20	55	3	80	28	54	17	79	54	8	49	8	92	40	73	30	17	29	37	58	96	33	80	69	35	27	99	19	47	67	84	33	34	42	16	68	82	70	27	39	49	5	52	49	46	75	19	94	1	78	32	75	38	48	86	49	79	99	66	43	47	99	50	24	1	61	72	68	58	
88	62	20	72	48	5	85	36	12	84	100	97	81	66	11	5	99	78	83	16	95	90	47	77	94	72	85	1	97	99	85	9	58	4	77	86	81	49	56	5	14	46	45	52	90	47	93	13	8	86	45	15	24	18	18	47	36	84	28	95	79	64	40	5	68	48	97	95	100	78	12	97	97	28	36	59	63	93	39	20	16	22	55	72	92	54	44	85	20	73	77	17	44	74	55	51	50	18	9	85	95	34	37	44	24	58	16	53	46	69	77	45	94	66	31	29	80	25	6	49	69	27	64	23	88	9	4	20	97	27	4	11	4	46	53	34	80	64	23	2	50	41	34	80	50	74	37	100	1	80	96	44	48	79	100	73	4	63	85	46	58	65	51	18	63	98	33	36	10	57	2	69	83	78	22	87	51	25	38	8	1	81	91	7	46	67	38	44	52	45	57	75	61	28	18	79	49	32	28	15	
78	63	81	32	89	53	5	99	76	14	15	45	94	19	78	14	14	28	38	71	8	65	82	94	6	39	2	35	50	98	68	65	17	65	99	16	90	11	68	65	5	70	82	6	68	70	16	52	78	92	96	11	95	45	67	55	15	69	48	41	98	76	78	11	16	37	87	64	4	16	90	98	22	56	68	12	34	25	2	37	85	50	11	83	89	38	31	15	51	62	45	56	89	55	18	47	85	38	7	45	6	79	55	78	19	32	72	48	12	3	89	70	22	87	50	73	7	59	90	51	5	99	83	93	17	19	93	17	67	77	74	100	6	3	55	22	96	53	71	34	54	86	96	48	82	18	23	33	33	25	16	34	12	46	24	74	20	26	77	100	72	84	78	63	27	56	99	96	39	70	81	58	8	62	59	43	33	15	24	62	48	62	82	37	59	68	8	93	62	66	24	32	21	4	82	86	82	19	62	41	
39	9	12	83	31	68	90	1	99	36	18	76	50	4	49	16	47	38	1	24	11	74	23	72	39	42	89	74	80	82	63	4	69	76	83	2	43	17	73	19	87	46	29	28	12	84	32	48	41	7	37	79	88	5	90	30	73	26	20	85	35	61	50	93	26	16	8	80	64	36	48	85	13	99	70	48	79	51	40	8	85	20	76	83	84	44	90	35	67	5	7	93	31	52	87	56	64	55	92	55	87	9	79	88	36	97	22	44	53	41	59	44	7	85	20	39	84	12	11	1	48	47	84	25	71	55	93	91	76	19	27	72	30	24	21	31	53	55	88	22	92	13	92	66	70	39	4	70	24	84	98	24	31	43	64	24	50	42	41	3	49	35	60	23	34	47	67	9	27	28	67	61	76	7	94	2	1	26	52	49	23	12	91	58	98	33	87	13	83	25	32	40	95	2	99	88	98	34	7	80	
53	82	54	94	94	76	47	50	42	73	91	6	96	4	8	66	14	12	29	49	21	43	9	85	2	89	45	2	86	74	52	61	6	41	85	15	26	44	16	47	4	74	65	41	24	40	92	90	70	67	75	80	68	34	89	99	1	96	70	46	72	40	36	62	86	1	1	91	60	79	16	57	56	13	39	45	48	100	52	92	26	63	23	69	97	8	61	78	66	14	3	27	52	84	27	37	22	16	46	2	91	23	93	80	73	33	38	59	11	11	12	17	10	34	49	7	25	37	89	65	62	78	36	60	73	77	60	40	25	82	54	85	14	55	68	100	36	46	61	42	95	98	37	23	70	94	50	15	98	28	19	23	42	65	47	89	66	29	63	86	15	5	85	76	87	71	60	83	65	34	40	67	9	35	14	46	19	46	31	99	21	89	36	53	18	76	1	83	98	99	95	68	65	79	18	47	13	70	97	51	
46	13	65	28	46	35	29	61	90	90	64	28	87	34	49	43	63	12	55	9	94	8	63	1	35	74	2	88	35	26	18	91	64	9	51	20	25	30	35	66	89	15	2	43	85	67	21	73	30	47	100	21	75	35	99	73	35	92	64	11	93	3	62	56	98	64	6	62	32	27	38	73	19	40	98	21	52	91	59	11	41	10	27	41	60	5	83	83	47	87	12	21	68	99	34	20	22	16	80	75	95	68	55	64	37	89	79	4	6	98	8	28	1	15	96	100	32	59	7	91	66	25	36	55	44	42	30	65	76	96	75	63	85	71	44	64	68	32	23	59	28	38	46	34	77	77	20	78	88	54	60	76	75	72	43	39	27	94	84	67	37	81	43	6	8	7	44	83	67	57	54	85	22	32	62	80	24	15	98	90	67	42	55	40	14	72	43	61	17	57	37	51	50	74	84	63	81	49	32	36	
9	8	50	7	95	4	48	32	56	72	15	53	21	26	30	24	65	9	60	91	12	22	13	97	50	80	86	35	15	79	97	98	3	94	18	37	59	6	63	83	91	10	78	67	64	99	26	73	12	86	23	18	7	57	10	92	85	9	69	3	66	61	58	77	52	98	79	92	7	96	56	60	88	82	78	70	10	98	33	77	65	27	100	68	5	35	96	22	50	91	57	36	99	93	56	22	79	14	55	90	33	59	14	55	64	49	38	87	20	19	65	6	81	48	16	57	78	35	87	77	27	36	75	49	37	71	57	39	68	98	54	90	83	98	36	30	30	34	77	78	9	14	5	25	88	60	56	49	35	43	96	89	45	77	45	20	55	69	19	37	31	66	43	34	92	51	60	45	43	91	12	64	4	95	87	47	30	16	56	83	92	46	67	48	100	18	25	24	84	91	69	26	9	22	92	81	91	42	62	51	
23	55	99	97	20	68	77	98	14	82	33	93	83	47	31	10	5	66	24	50	21	55	64	99	98	82	74	26	79	14	56	27	15	33	46	25	43	81	83	93	78	60	49	53	51	14	45	41	93	75	37	47	77	6	32	1	22	62	34	66	72	39	84	23	56	79	87	83	87	50	54	41	21	13	75	84	96	24	51	56	55	12	15	64	96	61	18	38	67	91	42	43	26	74	15	62	32	55	15	1	64	42	74	95	27	87	57	32	86	45	25	23	59	49	82	4	9	26	61	63	8	98	33	45	19	63	99	92	10	60	33	84	80	10	100	17	79	13	62	53	42	70	89	11	73	77	80	53	11	79	13	57	94	3	61	69	81	69	74	46	52	19	32	67	53	35	27	33	32	52	43	73	87	91	28	25	15	41	1	46	91	74	52	85	99	5	51	36	63	77	82	79	47	72	63	64	44	90	20	92	
34	30	70	60	17	1	8	82	86	71	61	17	8	17	47	92	86	61	53	48	19	48	4	85	68	63	52	18	97	56	74	1	22	30	26	1	99	64	93	13	5	6	48	81	14	38	73	76	68	69	5	38	76	51	28	59	21	34	3	42	35	88	12	27	67	12	35	24	80	48	9	42	38	18	38	27	41	50	91	15	57	72	22	78	48	50	49	75	65	19	9	32	48	84	85	40	15	98	48	71	96	75	39	32	89	23	70	37	82	65	53	88	42	37	63	95	6	31	58	86	22	54	15	11	18	34	59	46	88	85	98	44	98	42	23	7	21	64	79	100	34	23	30	96	4	31	8	14	36	34	71	81	97	6	35	53	90	72	79	36	3	8	39	78	88	88	90	28	40	57	96	63	85	42	72	99	48	51	14	58	38	68	16	21	56	17	37	9	59	28	84	26	98	85	78	99	6	50	30	77	
96	37	42	91	66	100	47	43	77	77	42	36	70	8	38	59	57	65	91	58	40	5	15	9	65	4	61	91	98	27	1	63	61	73	13	52	78	1	47	65	51	14	11	24	1	69	48	90	89	94	8	6	25	17	25	67	13	33	69	55	46	28	49	30	65	67	83	87	55	29	34	56	26	19	9	64	14	11	69	89	90	37	56	72	88	30	49	14	67	77	84	78	20	99	96	10	91	56	19	27	97	21	38	51	19	91	8	76	88	7	11	24	25	12	29	55	80	15	31	81	26	52	97	57	75	17	2	92	33	25	41	9	90	22	6	99	32	31	25	58	19	24	12	19	66	57	50	9	23	53	58	63	66	33	91	89	10	43	46	84	77	81	24	31	85	42	77	51	53	57	2	48	53	76	96	87	95	96	2	59	48	66	66	89	91	32	46	65	97	85	99	91	22	87	48	85	77	65	92	48	
76	47	93	69	97	15	66	91	30	69	94	54	49	34	12	80	71	43	36	99	96	37	12	58	17	69	6	64	3	15	22	61	73	19	59	69	81	70	92	16	57	9	78	40	6	59	90	22	39	90	23	63	84	11	37	91	5	71	24	55	26	62	89	17	21	50	59	88	46	53	52	11	11	90	59	4	90	83	38	59	44	53	35	84	74	35	15	41	38	70	85	13	75	70	45	5	32	41	29	98	65	81	68	2	19	13	39	66	2	90	32	82	4	25	52	13	31	38	47	81	8	38	24	58	58	95	75	71	33	35	20	92	23	50	17	85	73	99	78	12	54	53	55	35	40	69	90	78	49	84	64	47	32	23	95	39	25	80	44	18	3	60	80	11	28	90	70	82	65	57	7	47	12	24	27	18	54	95	8	15	70	50	18	69	7	43	22	45	50	44	50	12	68	53	99	86	8	10	42	61	
52	38	36	95	38	67	63	85	40	62	15	10	3	46	39	57	63	51	60	30	90	79	23	4	65	76	41	9	94	33	30	73	19	80	51	51	62	41	63	57	68	24	24	59	31	63	57	33	5	41	98	31	60	64	78	80	13	9	67	37	17	49	76	41	72	86	56	96	27	21	11	57	63	41	81	35	34	11	16	79	77	48	17	80	68	20	99	54	30	49	82	7	80	79	95	61	80	78	13	11	42	64	8	3	48	99	25	11	60	53	75	35	38	42	76	51	21	61	78	6	75	61	99	73	71	64	50	20	43	49	86	86	54	18	71	42	67	60	36	89	12	31	33	82	33	31	88	26	63	46	45	68	24	74	47	80	67	8	23	58	36	38	29	48	62	35	23	52	52	69	57	94	98	42	7	31	31	87	98	98	42	53	63	52	92	83	71	36	5	15	34	78	70	65	75	77	20	37	17	98	
32	6	15	17	22	16	28	48	72	93	30	32	43	11	5	60	85	69	58	3	13	11	8	77	99	83	85	51	18	46	26	13	59	51	80	100	46	31	92	99	37	78	87	75	39	57	65	59	37	39	40	89	4	75	34	50	60	17	95	45	59	55	43	58	93	8	46	18	89	27	18	41	43	16	8	92	60	68	46	18	33	69	70	35	18	55	40	54	63	18	35	14	53	61	17	85	77	91	31	39	96	32	11	90	78	47	12	79	33	48	24	69	65	52	54	74	13	42	70	87	7	7	40	67	55	98	68	91	58	69	29	36	2	87	50	6	22	16	62	89	46	42	45	3	45	15	5	16	5	12	58	83	9	54	71	53	35	24	79	88	3	52	35	5	6	42	99	13	29	17	28	33	72	54	97	75	11	75	58	1	50	84	88	19	60	86	27	86	18	32	96	41	34	65	36	55	13	37	45	83	
98	12	31	44	34	52	36	68	45	55	38	93	52	19	74	93	12	6	84	90	68	12	81	86	16	2	15	20	37	25	1	52	69	51	100	26	53	41	32	55	45	3	8	92	65	85	11	32	50	87	57	30	80	43	86	9	43	55	84	19	95	59	85	42	19	35	69	15	5	5	61	43	39	15	9	33	10	29	65	22	47	69	22	36	43	57	85	45	6	49	95	49	44	41	12	16	36	51	97	95	81	36	97	16	60	48	86	16	91	12	33	32	63	67	16	31	93	98	23	28	46	24	99	40	16	12	25	23	8	24	86	65	65	11	52	67	36	31	84	12	75	59	32	60	67	48	53	80	67	99	94	82	47	41	20	24	13	82	52	94	60	81	33	20	42	29	74	72	24	8	88	17	65	8	57	84	58	73	28	17	13	99	29	96	33	8	20	50	39	99	63	28	83	31	95	91	61	8	50	72	
43	35	19	9	77	82	30	96	92	69	42	2	20	34	68	21	95	60	10	16	70	54	73	81	90	43	26	25	59	43	99	78	81	62	46	53	84	1	60	39	60	15	6	73	28	77	36	91	9	70	51	70	79	23	4	66	22	14	28	93	80	7	96	98	80	2	68	64	74	60	21	22	53	86	88	34	70	76	86	99	76	27	42	17	66	93	66	30	55	78	13	75	46	11	98	2	7	47	31	47	19	89	95	65	80	21	58	58	54	93	90	3	25	53	72	40	31	14	35	30	75	54	26	25	4	43	99	94	4	3	20	91	93	72	87	44	64	89	58	22	96	13	21	17	2	46	96	45	33	19	90	17	62	60	44	76	38	87	19	88	47	88	4	55	77	56	75	49	47	51	87	77	14	76	2	42	78	41	31	76	74	44	39	27	61	15	41	30	27	9	62	32	42	96	61	89	69	71	64	5	
19	34	73	82	90	81	59	59	2	9	33	33	60	90	40	73	27	59	83	27	85	72	50	49	11	17	44	30	6	81	64	1	70	41	31	41	1	35	27	92	17	69	53	70	66	77	31	32	35	23	75	12	85	50	47	42	87	100	24	1	7	43	82	9	10	99	9	6	14	28	73	96	43	89	38	39	36	38	60	59	68	77	28	29	98	85	33	49	34	33	54	87	89	60	88	3	62	90	7	48	12	23	7	29	91	18	42	99	45	95	46	58	22	40	29	2	94	44	74	66	45	93	88	12	92	29	64	30	29	74	55	86	46	58	63	55	82	24	68	77	91	56	68	56	36	85	79	99	78	94	77	84	14	84	35	89	84	95	43	9	93	98	34	71	18	40	51	13	49	14	94	42	36	91	70	14	16	74	21	70	96	9	6	13	35	52	33	10	38	15	14	44	69	28	92	18	72	93	88	100	
47	34	14	100	46	36	92	32	100	16	69	49	15	57	9	47	49	6	79	10	22	66	35	56	68	73	16	35	63	83	93	47	92	63	92	32	60	27	33	29	74	90	96	57	20	66	24	35	49	64	2	24	76	93	44	30	15	47	17	93	77	76	70	20	50	93	22	32	90	25	19	88	54	88	27	59	13	57	44	87	14	66	21	28	44	34	45	3	57	98	35	63	31	75	82	64	25	51	61	59	95	18	10	3	25	8	44	95	51	78	30	58	97	1	67	38	73	73	61	100	34	71	57	40	77	40	16	64	56	100	94	45	58	37	53	74	23	26	22	19	79	96	34	13	46	74	45	3	99	56	93	55	32	41	82	45	82	31	71	44	71	48	16	1	23	86	21	69	90	84	2	19	58	15	48	60	23	21	94	89	11	69	63	76	74	79	78	94	20	94	71	89	44	31	94	23	90	10	63	98	
60	19	20	92	25	98	85	18	47	10	92	31	40	63	81	40	84	5	6	79	56	57	70	5	65	19	47	66	83	93	13	65	16	57	99	55	39	92	29	77	22	100	50	80	85	61	46	18	56	71	33	9	11	46	86	5	17	36	74	34	91	48	78	77	78	56	30	26	23	75	20	19	7	90	81	91	28	60	88	15	12	15	58	62	15	71	59	32	80	24	60	54	81	70	82	42	41	22	83	36	52	94	84	93	76	97	16	13	47	39	87	29	49	42	45	70	4	35	22	17	89	49	7	8	85	66	37	71	76	16	16	14	7	16	2	8	36	7	70	85	57	57	63	52	63	50	4	40	7	78	15	54	46	31	79	48	10	22	21	38	31	87	56	93	87	45	15	95	9	43	64	28	36	46	78	49	75	70	6	62	8	68	61	97	77	28	49	88	26	62	29	7	32	57	69	72	32	67	37	51	
44	16	23	23	90	68	99	79	49	24	95	42	16	45	6	29	21	65	24	79	23	29	85	14	5	87	4	89	91	78	5	51	57	68	37	45	60	17	74	22	99	29	37	63	95	43	4	33	67	85	37	2	69	53	82	83	1	79	100	2	38	70	19	46	49	3	93	42	3	51	26	36	11	90	50	28	78	30	68	92	75	79	76	96	45	49	91	5	28	83	75	56	13	41	59	9	60	65	1	27	42	18	39	3	79	16	36	16	2	49	36	67	69	40	73	58	90	1	8	95	84	9	81	58	85	23	100	25	55	28	38	13	80	99	91	100	40	14	28	11	11	64	69	55	79	90	80	34	27	3	20	29	53	31	98	44	49	65	41	45	24	75	25	34	55	2	82	5	11	52	42	11	71	17	91	79	7	85	50	36	60	91	36	59	8	51	87	74	1	19	68	3	15	23	37	74	92	61	78	69	
77	52	61	76	53	78	89	67	23	34	95	2	98	76	1	98	87	85	56	11	32	36	63	46	70	46	74	15	10	60	6	14	9	24	78	3	15	69	90	100	29	4	64	45	15	4	41	57	70	94	43	98	44	8	87	33	57	63	49	30	71	5	34	75	34	83	93	88	31	99	8	7	54	56	65	80	16	79	61	35	50	46	80	28	83	96	16	84	84	94	51	91	17	2	46	21	16	4	2	18	38	64	18	46	86	71	2	76	54	20	51	27	27	13	58	57	25	91	47	90	34	70	12	25	39	68	55	82	8	8	100	99	24	76	78	36	57	12	7	71	26	81	89	38	76	34	57	73	68	57	97	48	20	69	37	45	15	25	91	43	24	27	38	44	72	48	59	60	29	23	36	21	69	37	76	65	83	60	14	56	93	97	48	62	12	82	48	52	79	89	57	13	49	76	41	46	36	98	40	59	
98	67	81	20	49	90	46	67	85	42	40	14	18	75	28	82	78	25	28	7	50	3	30	45	82	29	65	2	78	49	48	11	78	24	87	8	6	53	96	50	37	64	45	83	71	16	40	70	45	81	63	81	28	63	7	14	4	20	97	71	16	14	35	55	98	79	15	88	11	51	54	32	27	44	56	56	62	67	5	10	68	45	37	63	5	11	58	9	25	16	86	40	54	2	31	23	36	31	82	7	94	50	60	72	45	45	90	13	46	27	53	70	78	35	95	67	90	17	8	23	46	14	86	98	72	25	5	4	34	79	97	49	94	58	83	98	12	70	36	24	49	45	79	39	91	94	87	11	42	70	89	66	71	29	3	93	9	84	89	74	95	87	46	45	60	12	40	84	6	63	4	43	44	41	53	6	87	35	62	58	83	21	46	55	87	37	55	45	3	99	97	14	91	40	95	37	3	55	88	69	
49	98	89	89	23	54	93	89	19	69	40	89	73	5	66	26	22	65	31	25	35	69	26	52	6	28	41	43	67	53	81	24	40	59	75	92	73	70	57	80	63	45	83	42	28	60	78	31	15	75	23	89	2	6	80	17	69	77	65	39	36	6	6	98	71	69	34	86	96	97	48	87	2	1	42	76	71	7	49	42	95	65	38	68	15	6	100	42	28	12	56	24	98	36	87	45	44	60	24	5	27	13	71	85	67	23	44	22	13	16	84	32	70	21	5	69	28	26	84	9	9	74	40	41	31	16	87	30	18	49	7	81	29	3	31	2	8	49	92	74	18	69	72	55	42	95	21	66	22	57	67	49	1	30	89	75	94	36	65	49	54	2	88	36	6	83	37	38	58	40	53	7	40	52	75	11	16	35	93	10	58	70	94	17	40	37	95	10	25	54	33	18	14	28	89	19	39	18	69	85	
29	41	74	69	44	8	24	84	30	12	39	80	40	47	58	92	1	70	73	18	47	15	41	90	68	12	24	85	64	51	14	1	6	31	39	65	28	66	20	85	95	15	71	28	60	21	24	76	89	55	17	99	9	26	87	85	63	13	79	10	45	57	15	78	9	36	14	95	27	45	95	74	77	51	57	69	8	24	34	10	8	18	3	57	84	88	58	79	36	79	5	89	21	89	66	89	78	23	45	93	22	85	69	23	75	79	12	33	58	16	9	80	100	19	7	57	96	86	44	10	73	65	26	99	11	43	12	5	61	42	97	79	61	98	76	53	73	48	94	36	61	36	36	77	22	25	37	80	47	33	92	3	96	63	39	92	100	73	76	46	90	59	25	16	3	2	75	32	52	9	59	67	41	97	4	43	9	93	16	54	58	51	85	48	8	61	54	53	67	22	26	51	64	91	62	1	10	14	9	42	
27	16	31	45	26	90	47	68	99	92	22	89	8	68	26	93	28	71	26	61	64	4	95	47	70	84	40	67	99	14	38	69	59	63	57	85	77	77	66	61	43	4	16	60	21	89	65	61	2	17	45	97	98	81	59	14	94	93	78	73	69	32	72	55	80	50	90	60	29	74	68	46	56	23	33	14	7	20	66	56	20	10	3	2	17	83	88	31	37	1	20	84	10	25	34	99	60	73	51	40	25	64	20	94	64	79	15	41	31	72	66	63	3	13	76	99	86	12	27	71	98	68	47	11	24	97	92	96	69	7	4	68	67	74	88	79	26	40	29	25	29	4	26	7	98	54	59	59	6	76	65	48	23	65	94	7	43	26	65	76	15	13	32	45	100	60	96	86	51	73	22	57	98	31	68	22	13	25	39	96	88	60	20	45	78	69	47	2	40	89	55	7	78	13	67	68	21	59	31	99	
1	71	89	3	23	70	80	70	58	37	29	49	82	63	85	84	29	40	77	69	92	69	90	93	16	32	92	21	26	45	73	48	90	57	65	11	36	31	24	46	4	41	40	78	24	65	88	86	34	51	9	96	86	50	57	96	50	100	53	67	100	15	13	29	34	93	72	11	2	23	53	52	91	73	73	19	61	69	62	39	58	7	54	13	35	44	58	58	94	17	88	31	88	77	53	98	76	87	32	4	93	15	60	82	14	83	40	67	84	80	20	46	70	38	79	61	76	72	21	9	29	16	75	17	61	19	45	81	18	97	10	31	17	51	19	97	38	45	37	91	76	36	10	8	59	9	58	68	28	41	33	36	14	51	5	27	50	83	85	89	50	70	56	81	98	99	12	39	64	77	20	54	51	55	57	32	29	25	18	59	84	6	93	55	1	78	54	64	50	91	17	24	8	57	40	19	99	70	15	29	
77	30	31	27	20	33	73	3	25	17	82	87	97	80	15	7	40	59	75	85	61	64	69	13	52	48	90	73	73	41	76	90	22	33	59	32	91	32	35	18	33	57	70	31	76	61	86	91	15	5	6	90	99	83	75	71	7	61	79	1	82	98	67	23	100	98	42	61	99	75	92	24	83	28	65	40	18	57	25	88	79	5	81	50	2	64	97	39	85	12	75	40	35	43	31	100	41	70	89	24	13	78	84	89	64	87	82	16	84	34	80	80	6	35	80	64	87	79	1	20	46	25	73	89	2	19	17	98	51	87	50	87	96	52	67	26	22	31	21	37	13	56	89	5	74	57	62	52	9	8	13	9	54	58	2	66	33	80	65	55	62	67	48	41	64	44	28	71	17	74	37	37	11	33	20	84	33	14	82	30	25	43	45	74	80	53	34	78	29	56	40	21	84	25	54	19	48	43	20	100	
40	55	86	56	62	7	29	66	15	100	38	30	37	46	81	56	48	99	7	59	8	41	46	8	78	41	70	30	12	93	68	89	39	5	37	50	9	35	49	56	67	70	45	15	89	2	34	15	49	67	85	44	96	13	17	56	4	78	68	8	71	92	81	72	54	64	15	73	94	94	84	66	39	56	41	3	15	72	43	27	85	50	100	12	52	78	72	41	17	89	55	1	91	52	27	22	3	11	73	63	33	91	21	57	63	41	26	5	84	11	13	28	47	27	57	67	78	53	97	29	68	9	3	96	94	64	79	82	93	77	51	99	47	79	91	1	11	45	15	92	8	30	36	2	54	95	34	51	16	74	53	69	43	86	21	80	30	41	79	80	7	51	1	36	37	11	48	80	90	96	55	99	7	30	66	66	44	79	18	53	55	4	47	79	31	87	21	45	59	70	1	44	87	77	95	49	36	94	49	48	
14	88	71	85	22	96	40	8	49	70	86	39	87	2	61	99	96	44	92	56	8	50	57	86	92	7	67	47	86	75	69	94	90	41	39	87	70	23	64	71	85	94	81	75	55	17	51	5	67	23	78	61	61	25	66	61	37	59	87	59	15	96	77	86	64	100	61	74	3	57	82	81	49	30	20	15	31	5	15	98	38	35	87	35	59	47	14	27	32	70	63	1	24	66	37	25	81	30	32	24	39	81	99	59	94	65	70	21	70	54	99	76	20	97	20	77	35	31	42	16	21	93	100	23	51	22	66	77	62	40	45	3	84	100	68	51	55	29	100	85	6	34	12	18	23	54	33	42	23	72	42	50	11	45	63	2	39	55	64	47	76	92	24	100	28	37	34	74	49	84	94	25	88	14	7	10	42	75	44	39	84	17	46	9	76	2	79	2	54	81	67	46	98	22	29	27	45	78	79	7	
69	8	29	40	94	5	67	57	89	5	55	64	58	41	68	86	19	6	33	21	11	63	64	45	96	37	75	100	23	37	5	8	23	98	40	57	51	75	2	33	37	43	63	23	17	45	9	6	85	78	74	80	45	57	66	11	65	40	75	10	90	9	2	48	5	49	34	25	66	79	31	66	60	80	85	27	3	50	19	92	37	92	5	97	61	31	16	48	43	61	43	94	80	50	100	95	52	54	98	68	39	36	37	70	93	86	43	74	57	80	97	57	87	28	72	63	26	72	85	23	95	41	92	31	76	53	93	75	21	28	5	55	81	53	42	45	54	51	4	23	15	90	49	4	76	39	50	74	94	29	100	76	6	14	76	70	24	69	68	78	79	12	58	29	43	6	98	20	93	56	5	91	48	49	52	89	13	34	43	32	14	75	44	32	76	82	3	91	5	15	49	67	14	9	40	81	18	5	11	73	
93	27	49	10	85	67	61	99	84	52	4	86	24	68	70	72	46	12	10	90	29	99	16	15	11	79	80	21	18	47	38	6	63	31	89	30	70	12	24	9	2	98	81	89	99	97	96	90	44	61	80	28	37	11	23	18	91	1	86	28	34	39	20	59	63	77	56	8	76	20	38	93	61	79	16	77	7	21	33	47	65	75	65	55	57	66	87	93	49	35	49	52	61	48	28	94	15	68	74	54	64	14	66	75	23	77	25	56	83	49	48	97	49	9	35	78	32	47	96	3	88	72	77	13	50	9	83	19	10	33	13	4	21	82	19	81	62	20	72	85	77	51	75	99	61	63	32	39	4	16	40	16	4	69	42	65	56	84	29	59	86	60	42	90	55	60	22	100	12	91	46	68	46	90	20	43	100	41	75	43	8	72	62	55	3	64	6	100	5	35	53	90	25	8	34	48	8	52	52	64	
1	97	79	30	51	23	91	100	24	99	5	91	100	10	8	86	75	50	81	50	46	53	87	24	95	88	68	75	7	77	76	25	84	60	4	80	79	85	76	11	69	44	28	2	9	98	86	99	96	61	45	37	29	65	50	97	3	68	83	18	86	7	67	1	18	8	47	40	45	34	51	38	98	51	33	71	33	20	1	95	59	62	20	87	79	87	21	76	71	52	44	64	85	54	90	69	58	57	17	77	35	81	87	93	7	22	95	22	79	61	13	11	11	79	56	64	76	20	10	43	9	68	44	20	70	10	51	34	38	7	81	26	85	63	43	92	88	64	67	46	8	60	29	72	77	42	84	43	70	15	15	10	45	5	10	100	42	17	46	51	35	6	40	27	49	11	45	15	85	31	2	37	81	19	23	25	85	54	41	34	13	28	60	99	5	42	89	84	61	60	89	36	59	47	93	13	42	88	57	62	
7	57	50	84	93	37	11	86	81	84	58	42	81	73	86	97	4	71	40	53	92	87	60	18	45	5	34	35	57	6	51	17	11	64	75	43	23	50	93	46	53	8	63	6	26	81	50	83	13	25	57	11	65	85	3	81	2	10	31	56	74	82	82	37	43	48	28	33	75	3	85	91	91	12	47	78	34	3	88	27	80	83	62	66	100	94	74	37	9	73	4	21	32	52	65	86	65	18	1	63	30	22	29	36	71	84	57	84	71	56	3	46	8	18	61	11	15	17	78	69	51	10	79	2	71	51	61	2	11	88	86	25	99	64	52	64	3	21	62	67	34	57	95	38	36	89	23	1	1	10	65	21	43	74	38	78	61	94	67	72	62	32	20	59	46	54	53	52	48	13	95	89	100	78	9	94	30	51	12	60	28	1	3	21	96	83	48	91	34	45	42	41	87	27	67	90	68	26	81	36	
86	94	22	19	52	65	47	86	55	50	92	33	77	88	96	42	52	96	32	40	41	53	57	18	67	90	89	99	10	32	28	25	37	78	34	86	4	47	44	86	82	87	7	80	87	59	57	75	17	66	66	23	50	3	95	96	37	33	18	54	75	55	76	17	62	81	65	44	52	28	32	8	97	38	94	21	90	45	39	36	5	88	84	2	75	46	76	29	45	81	26	46	55	17	2	4	98	74	45	93	60	100	23	37	39	90	68	95	24	23	84	14	54	73	5	91	33	46	66	94	84	35	62	82	26	22	68	70	34	3	96	72	90	18	12	99	26	11	67	71	75	95	49	81	11	31	75	44	78	46	76	22	83	43	29	12	56	30	6	18	69	60	91	21	27	66	29	38	92	60	9	88	1	4	28	13	43	28	19	53	100	26	65	20	25	83	48	95	13	31	47	44	32	3	25	38	18	94	49	40	
5	52	40	13	72	94	97	71	69	81	73	39	72	20	76	66	96	1	100	84	23	75	42	47	55	30	99	73	92	1	59	67	91	80	50	9	66	42	30	5	83	33	14	17	85	14	96	71	56	61	11	18	97	81	96	57	15	86	79	37	3	13	26	74	37	12	68	34	98	63	36	87	28	14	10	28	10	56	77	42	19	90	11	7	24	27	57	62	89	35	32	92	78	49	46	18	64	7	77	72	20	96	33	17	7	66	35	13	92	89	53	55	57	74	12	78	66	53	9	79	29	79	81	99	74	43	96	22	31	84	34	9	98	51	56	73	99	8	11	90	66	31	97	4	10	95	24	8	74	84	2	38	78	11	58	89	33	67	66	10	38	51	97	31	62	98	81	81	1	67	20	61	32	72	40	58	48	14	40	89	70	88	81	29	29	38	99	53	43	96	74	96	20	79	60	9	36	46	15	100	
42	87	20	43	43	63	87	18	35	82	29	10	42	30	69	36	86	94	48	46	37	10	20	36	15	73	1	35	85	22	21	13	5	13	60	43	22	87	15	17	1	57	4	69	63	94	50	7	4	37	65	91	3	2	37	15	93	99	95	8	84	49	32	84	32	21	71	81	66	21	53	38	67	6	48	26	22	92	2	97	14	58	8	79	33	39	25	5	96	38	4	37	48	99	51	4	16	92	57	67	49	90	16	92	5	66	94	81	59	13	74	100	45	21	19	40	19	42	67	8	81	94	69	95	9	52	66	80	63	90	42	38	78	79	50	75	37	85	6	22	26	22	82	42	72	28	81	61	86	98	9	94	78	100	10	48	60	9	70	14	44	67	45	55	52	45	70	79	11	65	25	46	59	58	31	23	17	2	53	96	49	42	94	10	71	26	39	55	9	69	66	96	77	2	78	77	65	74	46	98	
28	81	57	63	31	49	73	48	80	97	20	46	30	97	34	69	40	67	77	90	47	61	33	84	69	26	96	92	9	62	34	33	71	9	17	55	14	100	47	36	79	63	20	77	13	93	100	61	78	59	40	1	68	10	33	86	99	64	3	58	63	85	37	9	40	70	53	18	67	85	13	89	15	79	36	73	74	62	36	63	78	53	62	47	87	50	13	43	69	57	97	37	22	91	63	40	30	99	74	49	68	46	96	31	21	24	75	72	26	73	34	61	15	23	12	31	10	5	55	97	55	68	54	58	52	85	92	35	38	5	99	67	79	54	4	36	19	46	57	26	7	42	29	45	26	24	27	89	80	44	84	78	89	72	82	43	20	44	100	92	85	55	37	28	58	12	74	20	53	98	58	23	74	69	10	10	39	2	87	20	51	58	34	53	49	94	47	96	89	98	65	8	69	24	15	68	100	82	29	15	
85	77	45	88	26	76	46	41	33	99	77	56	91	78	58	90	86	25	29	17	46	39	50	28	48	20	70	64	69	34	3	69	24	67	95	84	28	24	17	74	100	49	97	65	79	78	53	79	68	87	75	86	83	31	18	79	95	3	72	19	26	40	27	35	21	45	90	55	9	29	81	69	66	53	50	58	62	49	22	62	44	83	48	78	36	95	34	22	87	66	59	12	13	59	78	15	34	81	8	87	91	48	61	39	48	30	39	84	40	97	37	34	77	50	81	35	29	42	17	58	81	67	44	41	42	41	21	42	69	13	81	66	85	59	43	35	54	92	3	21	44	26	39	10	89	57	59	34	29	42	17	38	34	65	51	61	70	2	55	58	61	44	64	65	71	81	97	33	10	74	50	43	31	95	28	74	44	60	18	15	13	14	17	25	73	11	57	81	27	44	70	12	41	66	29	57	96	21	26	50	
52	21	37	48	17	89	84	88	45	33	30	46	34	31	97	73	60	12	27	27	23	54	42	95	41	85	46	11	3	66	42	55	55	37	45	19	93	1	93	34	2	30	71	39	10	73	67	1	8	59	10	28	18	56	54	37	8	58	19	36	41	79	82	94	5	74	18	19	21	13	98	28	81	79	2	26	84	52	22	96	63	91	4	60	20	28	88	51	98	58	55	73	21	94	11	43	60	19	56	4	73	35	4	13	4	20	82	74	31	13	31	40	72	75	5	57	70	100	71	40	1	24	37	99	22	10	96	43	81	64	89	42	87	74	65	52	72	74	78	84	7	89	24	29	58	65	89	20	7	18	48	27	27	64	51	13	78	30	59	33	50	38	78	2	50	37	77	14	11	82	13	76	24	73	20	80	56	19	83	82	26	69	22	44	26	13	85	35	71	15	26	53	4	83	26	66	66	84	76	44	
71	83	31	62	8	82	65	35	63	23	68	19	38	37	69	31	50	55	87	59	96	15	26	79	98	35	72	93	66	72	35	46	26	17	59	95	80	7	77	91	38	71	16	36	45	69	100	82	71	15	90	34	86	74	75	3	84	63	26	41	20	66	93	55	25	7	27	83	47	80	60	70	40	34	99	74	26	59	99	31	44	95	91	99	13	91	84	48	36	26	75	19	92	41	86	92	82	59	4	93	57	7	32	98	83	77	83	24	93	22	100	98	76	31	94	6	27	90	50	10	57	17	74	23	38	2	2	12	83	50	83	64	19	32	53	52	67	19	5	99	83	6	52	56	93	47	26	12	85	10	8	80	29	33	26	5	94	32	41	49	40	29	39	18	87	16	73	100	62	13	36	66	20	42	51	86	77	55	75	77	79	8	41	2	19	47	88	77	7	56	64	50	39	100	52	72	86	80	18	50	
16	19	100	55	49	4	12	58	80	7	43	31	39	24	83	48	77	75	22	21	92	17	43	64	76	61	40	3	61	39	88	28	62	49	55	59	7	43	76	48	70	5	14	6	57	32	15	98	92	96	9	39	7	82	55	13	49	85	40	79	66	6	22	99	67	91	59	25	40	5	98	16	69	24	44	59	51	55	43	41	5	44	66	74	55	44	2	86	28	95	98	3	33	97	2	6	78	18	94	8	11	66	65	13	53	66	56	17	51	100	91	49	28	52	26	32	90	15	76	99	42	1	75	78	47	68	28	18	56	72	94	89	57	41	95	45	84	2	32	62	51	96	94	36	87	13	41	77	79	5	4	9	93	95	32	94	62	52	20	85	58	3	1	79	12	68	59	82	94	60	80	57	43	58	62	93	67	77	45	10	16	41	74	36	47	46	58	20	24	32	69	27	25	60	42	90	29	73	81	35	
71	18	18	34	21	71	44	40	75	83	64	63	93	90	44	50	10	61	78	94	28	89	70	40	78	50	36	62	58	84	12	49	89	76	43	85	96	82	70	78	19	34	35	6	15	72	13	67	81	77	2	20	67	82	76	26	32	37	27	82	93	22	99	28	58	74	22	76	77	13	75	20	26	37	16	58	15	21	50	78	9	82	21	32	45	82	60	75	95	43	70	99	16	44	18	24	5	85	46	71	69	21	72	100	94	13	13	58	64	6	26	8	62	45	91	75	87	56	64	12	77	49	91	41	22	68	27	82	39	71	32	100	28	27	12	51	58	9	22	26	15	43	58	69	8	19	88	78	8	45	39	73	45	42	61	48	96	51	86	83	71	15	57	43	44	61	50	78	57	51	63	49	60	60	97	25	87	66	33	24	39	97	93	91	46	96	53	36	50	83	62	90	79	33	84	38	96	67	62	86	
97	77	38	96	38	60	3	85	93	72	19	1	6	86	69	37	5	30	96	11	52	88	41	5	11	93	62	56	77	23	27	30	17	41	58	42	98	9	20	77	46	75	55	98	78	55	29	23	72	86	48	59	1	37	17	74	84	9	35	94	55	99	28	2	19	22	71	36	92	98	78	81	60	94	94	12	45	60	15	14	58	99	79	95	91	81	99	92	34	68	81	85	74	58	19	4	44	59	22	78	75	40	66	76	66	32	63	3	5	67	44	30	76	34	70	55	72	47	16	73	77	67	13	78	93	28	7	5	99	27	45	82	50	46	35	14	57	73	77	47	80	54	78	100	2	28	25	48	91	21	30	37	77	49	52	20	13	10	50	29	74	91	90	100	17	21	38	26	62	53	74	54	36	62	77	57	93	47	84	45	27	91	94	38	70	5	5	32	93	63	45	58	45	44	28	90	46	30	44	71	
42	57	95	79	28	26	61	29	4	99	1	25	12	54	32	20	4	56	40	47	86	96	32	68	16	26	86	98	52	56	67	65	21	72	93	19	80	10	50	78	49	34	98	71	9	80	34	100	54	64	5	63	18	43	62	37	32	40	21	5	25	67	58	19	15	4	77	33	81	35	39	63	4	91	23	90	3	6	78	81	61	80	53	89	5	26	58	42	41	26	3	79	30	66	80	2	65	43	47	35	61	27	22	87	48	74	27	9	43	74	7	83	54	89	12	14	97	4	9	89	95	97	34	73	41	33	98	38	30	54	84	20	95	91	24	6	38	97	11	63	49	8	45	36	85	25	95	29	2	92	35	73	39	58	27	2	18	79	97	96	34	97	81	95	66	96	11	32	55	97	61	82	79	67	64	13	49	31	75	52	15	24	59	7	23	2	62	64	69	75	1	92	77	50	22	49	31	81	45	70	
4	23	2	82	63	78	92	60	10	44	62	16	81	40	39	2	88	11	50	50	83	27	71	48	37	16	1	64	98	79	12	67	50	86	8	35	2	99	93	56	3	83	79	69	36	50	93	98	64	100	49	77	8	48	81	12	21	70	45	74	7	91	74	22	4	40	58	81	48	35	22	97	43	57	60	2	98	83	74	86	66	6	25	33	1	78	77	65	81	9	21	44	39	4	90	17	4	93	78	21	22	82	19	54	89	20	42	73	95	27	7	59	47	87	22	62	100	98	78	54	60	51	38	96	76	31	42	3	71	16	68	60	76	39	5	63	75	96	51	47	31	15	64	8	10	40	70	7	66	34	91	44	71	65	3	23	38	21	69	11	56	57	75	67	89	97	82	93	18	33	80	96	80	45	6	16	16	94	2	27	91	27	70	93	68	81	59	12	30	79	42	8	57	29	82	9	83	33	67	61	
71	22	60	61	20	70	84	39	19	64	74	24	29	35	76	34	81	82	75	45	50	36	15	97	87	8	1	6	79	87	35	83	59	56	46	69	68	9	22	30	93	93	15	34	14	90	72	42	15	61	34	56	47	28	65	68	71	53	90	18	27	59	22	71	77	58	28	32	27	84	57	86	18	51	97	89	68	68	95	59	55	44	61	6	74	60	99	95	53	77	68	91	68	92	39	42	70	98	85	83	84	43	79	46	90	83	89	20	53	14	18	80	33	41	59	9	42	65	25	88	16	51	7	38	15	51	22	65	74	54	87	46	21	99	40	89	65	39	84	54	30	23	7	5	21	34	9	56	26	89	4	45	82	34	28	65	6	31	36	12	100	74	87	4	24	85	31	89	30	51	35	12	19	73	67	40	39	58	99	84	61	80	22	20	2	5	62	62	79	55	96	17	68	15	25	1	30	3	80	69	
87	10	5	2	40	48	76	76	29	90	22	55	85	74	55	46	92	98	14	44	75	37	61	95	64	80	91	62	92	83	24	87	88	96	18	15	64	6	32	26	42	88	88	86	95	60	11	61	73	74	25	8	40	33	44	34	81	18	55	19	83	25	76	36	33	81	32	43	39	52	25	35	64	37	24	53	7	80	29	60	51	48	92	86	9	49	93	30	31	94	75	91	55	40	27	48	23	25	44	39	4	12	44	94	29	96	22	26	6	87	5	66	30	2	79	89	10	46	55	85	12	64	86	41	24	3	10	47	85	92	40	84	81	55	46	50	39	37	89	34	63	43	16	40	14	80	100	89	76	60	75	10	17	62	87	92	82	53	4	62	54	83	18	43	36	52	7	6	76	38	35	76	31	24	84	7	78	89	34	38	82	19	3	22	49	87	30	79	100	5	98	96	3	66	96	31	58	65	65	82	
50	48	94	85	43	90	90	26	18	16	58	52	20	78	77	25	70	78	92	61	25	19	59	100	4	64	60	32	7	87	80	55	46	27	89	5	74	14	90	23	3	31	11	96	27	29	2	99	94	3	66	76	45	75	52	98	66	67	9	21	47	40	77	92	81	48	27	39	58	48	14	10	90	41	82	41	65	10	89	32	42	59	31	30	56	6	22	65	87	99	30	70	7	95	32	56	72	94	70	55	59	46	23	5	34	51	90	30	18	68	57	30	41	100	49	51	60	26	8	42	32	57	71	42	25	46	65	98	60	62	5	71	14	67	5	2	58	59	85	90	84	92	73	58	65	2	73	73	23	65	29	100	66	33	8	74	90	95	35	89	81	74	34	1	3	30	96	67	59	38	87	60	48	83	49	88	15	49	16	84	84	99	40	93	52	56	26	49	70	63	21	53	36	36	39	56	73	30	95	61	
12	52	22	55	33	82	23	36	89	88	46	30	32	35	79	90	16	36	45	45	61	91	47	78	16	36	79	27	96	50	48	29	53	21	27	5	60	28	25	75	51	99	51	97	45	74	23	75	94	57	79	20	34	3	28	63	21	85	29	13	80	5	13	98	35	35	84	52	48	44	82	94	62	45	52	68	62	54	31	76	15	17	6	31	41	66	89	72	2	94	30	77	11	59	19	44	89	77	57	10	78	42	83	41	94	84	12	81	36	29	46	87	90	44	40	64	68	36	75	35	16	68	75	78	75	87	43	7	5	98	22	60	22	12	64	91	54	38	3	20	4	20	55	93	39	31	64	50	71	88	28	47	36	77	37	37	42	60	2	12	55	25	26	46	66	44	8	85	25	57	16	67	44	76	12	50	86	99	38	84	81	24	70	58	6	41	31	31	73	54	22	63	94	26	10	12	87	19	68	91	
7	70	100	12	40	67	48	28	64	11	17	39	78	17	36	91	35	30	45	8	12	97	97	12	90	48	16	38	56	54	9	34	52	11	18	61	21	73	19	20	26	8	54	48	95	68	53	92	84	82	31	38	51	85	32	36	53	13	81	98	60	98	75	78	39	22	57	25	14	82	7	47	88	87	64	69	77	94	64	98	45	34	22	17	52	25	25	7	58	34	50	7	33	83	73	65	4	86	71	56	5	91	50	80	77	57	83	87	89	69	45	2	27	70	6	43	9	8	23	40	73	65	26	79	23	94	70	46	77	7	19	44	73	98	72	33	83	43	57	5	20	1	4	54	52	85	16	15	59	17	38	2	23	21	80	19	84	52	2	31	57	95	88	68	25	17	40	54	96	18	26	53	62	73	71	76	27	72	56	50	20	83	93	40	78	6	41	78	72	8	11	12	8	22	26	81	64	61	93	18	
48	84	51	48	71	75	50	51	21	39	37	29	27	39	89	33	93	45	67	40	40	74	69	97	98	85	57	73	60	41	42	56	11	57	41	43	22	96	88	19	36	7	32	87	74	46	52	24	66	81	66	93	38	91	8	87	38	89	69	28	70	16	20	81	63	97	86	35	10	94	47	57	37	36	12	12	11	5	12	16	84	36	14	43	10	60	90	45	96	75	48	80	88	17	1	18	51	32	51	5	89	98	1	45	18	85	29	79	57	82	75	4	91	9	8	80	67	66	25	25	61	10	52	11	76	84	96	5	59	22	61	18	79	57	95	90	38	16	18	86	90	59	61	59	10	24	91	44	1	63	11	55	43	31	97	13	89	85	88	43	23	56	36	37	77	42	95	49	13	24	50	8	90	33	100	60	26	32	99	40	96	53	54	60	15	89	17	4	90	83	78	76	50	77	78	40	46	57	62	3	
83	10	24	19	68	65	33	7	34	77	58	44	31	25	54	91	7	21	22	27	49	39	27	97	22	13	56	19	88	21	38	26	11	63	43	39	53	43	54	7	11	54	27	2	77	56	91	83	39	49	60	61	98	91	97	28	67	15	66	81	40	69	26	60	4	43	18	64	90	62	88	37	79	26	75	95	6	49	3	19	60	71	1	27	72	48	99	24	100	81	62	59	49	97	19	73	2	29	83	89	31	49	3	56	29	20	13	27	37	89	62	21	69	53	59	57	54	98	45	46	1	21	7	49	83	47	38	68	58	13	40	61	8	59	76	17	12	1	77	36	90	23	92	22	5	81	80	40	76	65	18	25	2	96	35	69	63	83	9	15	64	47	35	30	70	28	36	38	20	63	68	45	71	64	29	100	26	77	49	34	90	67	36	10	12	36	35	55	28	89	77	16	70	77	18	55	70	76	28	39	
48	40	93	78	99	5	43	68	63	41	78	30	48	52	47	99	90	96	44	19	6	86	70	28	56	99	13	40	82	13	18	19	90	41	16	15	86	89	88	90	90	56	44	1	51	23	73	28	56	30	80	79	51	12	38	14	6	79	53	79	34	24	37	94	91	57	51	37	41	45	87	36	26	67	58	57	8	27	91	2	21	9	52	100	78	66	97	33	10	92	11	57	51	24	29	70	98	82	97	3	19	5	7	84	73	77	25	30	34	69	80	70	22	36	13	20	84	98	63	10	64	22	19	42	4	17	17	51	14	53	85	8	53	31	71	68	61	97	41	42	89	53	22	29	48	82	53	60	76	11	83	39	47	5	35	98	61	50	79	74	47	28	81	24	75	23	62	53	82	25	68	89	72	81	26	36	55	16	34	92	32	60	26	27	10	36	17	91	71	86	79	85	71	84	79	30	72	17	84	97	
88	73	3	27	11	54	70	33	91	52	79	92	36	83	77	98	65	37	66	11	71	38	87	36	68	70	39	98	78	75	38	9	59	81	8	9	88	38	27	81	50	65	56	42	57	33	73	65	41	20	85	16	33	47	94	10	48	36	50	2	99	44	16	94	23	60	97	24	82	52	64	12	75	58	72	71	67	19	2	35	42	26	41	63	96	44	74	38	93	25	40	68	61	19	77	84	59	100	40	43	11	39	14	65	3	89	22	26	28	2	7	18	68	50	72	35	3	99	47	39	97	34	63	76	76	34	43	38	99	11	45	40	90	5	59	99	63	64	15	43	57	61	81	35	37	13	44	85	6	67	36	8	25	53	2	69	95	83	16	94	59	57	44	24	22	38	79	12	94	74	20	66	6	17	26	91	47	47	52	61	92	50	82	68	17	33	68	69	39	19	53	95	10	4	22	72	26	80	54	97	
16	95	58	97	19	94	96	81	76	54	46	89	65	23	29	8	31	93	71	25	29	15	95	59	12	48	45	21	70	84	27	64	4	35	92	33	34	39	59	91	28	80	56	76	69	14	19	40	3	15	27	77	71	78	21	28	26	73	58	26	74	59	58	12	90	2	89	53	41	68	69	12	95	57	71	80	92	72	53	81	49	11	67	99	10	66	41	35	31	2	78	7	99	18	13	54	90	49	27	68	45	26	87	5	99	64	35	20	3	63	25	37	41	64	27	54	48	18	71	78	50	28	93	54	95	13	14	47	55	61	27	29	45	99	60	8	51	83	95	53	37	8	37	62	40	24	24	74	21	99	47	20	45	90	66	37	92	36	52	46	28	35	34	28	44	55	59	49	62	49	39	28	46	23	63	37	54	34	47	89	100	33	42	16	22	27	54	29	64	39	11	24	94	5	12	26	98	74	16	4	
35	100	10	21	5	55	57	4	67	14	4	4	46	85	62	34	6	59	16	35	84	76	82	63	34	79	48	52	10	96	41	14	90	34	60	10	70	36	13	28	78	16	62	71	8	7	61	18	15	31	3	7	33	34	90	10	22	74	62	84	26	51	15	45	3	98	68	7	65	62	77	11	6	8	67	92	15	21	80	13	25	66	85	19	54	100	12	57	64	70	26	53	90	48	19	35	20	45	67	24	84	50	1	21	75	34	64	48	80	100	90	37	76	52	18	92	51	49	50	72	22	53	88	89	78	81	13	90	23	23	23	21	50	78	10	53	50	91	6	52	43	60	17	84	60	37	14	93	64	73	70	36	26	53	58	61	18	74	90	65	13	43	30	13	27	56	62	92	25	47	39	47	85	100	51	45	59	30	2	30	73	75	45	37	78	62	12	46	2	25	14	68	7	44	72	64	93	98	99	2	
88	32	54	39	2	70	66	43	45	82	20	24	29	61	79	83	57	52	58	65	9	38	84	93	25	51	100	91	98	24	50	11	83	11	68	29	76	38	57	60	30	79	67	7	24	20	69	57	72	5	50	21	20	3	45	56	92	62	49	52	59	55	21	60	6	83	68	80	10	54	94	5	49	27	19	72	21	50	18	73	98	2	78	55	38	93	31	16	7	10	87	100	40	78	27	15	16	56	9	65	59	82	96	85	42	46	32	84	77	30	18	100	20	27	31	80	8	76	89	5	2	2	67	14	61	89	67	23	56	2	1	70	84	8	74	99	23	62	34	96	68	55	7	89	75	53	55	88	75	55	97	59	19	46	44	14	1	76	15	84	24	21	43	91	5	43	15	84	33	82	52	92	15	65	100	59	87	89	49	77	40	24	92	16	80	10	84	91	73	47	36	24	87	90	80	77	74	64	99	63	
92	17	59	57	96	90	3	48	17	93	33	73	77	85	87	9	64	69	59	78	3	63	37	39	2	40	52	59	33	51	91	69	38	16	46	65	86	60	44	88	68	61	5	49	34	66	62	25	43	15	19	33	1	88	39	77	2	36	22	22	99	43	50	15	78	74	95	29	89	31	64	12	3	91	2	53	80	18	73	36	34	41	46	88	82	71	88	68	96	76	26	8	8	78	84	32	12	10	5	92	46	77	20	83	37	70	54	57	61	93	38	78	49	16	7	45	87	68	49	69	15	78	57	87	54	51	81	16	37	97	99	71	53	96	21	94	82	12	94	26	74	2	36	81	92	91	9	41	55	39	7	38	68	33	99	20	75	99	57	46	73	82	73	66	36	35	34	86	52	6	16	45	58	16	60	41	56	19	68	11	99	1	29	8	40	77	21	77	24	18	82	27	9	91	78	28	98	73	32	32	
96	67	53	9	56	2	68	52	98	51	31	51	22	49	35	71	35	68	44	53	39	7	97	20	37	8	92	11	77	56	15	89	59	79	18	22	99	59	87	15	92	35	10	42	10	56	39	88	27	98	92	47	95	27	36	42	97	63	62	96	31	41	78	14	81	86	59	60	32	76	98	16	19	2	35	81	13	73	36	84	7	80	76	58	37	62	76	11	36	43	7	67	76	75	8	47	30	70	79	20	71	63	93	52	14	21	86	79	34	85	11	75	88	12	17	36	66	18	95	91	92	97	38	38	77	42	2	92	97	14	52	9	78	61	34	22	54	64	1	2	50	17	62	81	43	42	66	66	40	47	2	1	33	14	45	58	39	12	30	17	9	53	32	84	26	11	89	58	17	73	77	50	56	96	81	80	100	82	30	60	32	93	74	55	37	54	8	60	42	31	88	43	22	57	21	39	38	5	7	23	
46	63	82	28	40	47	97	35	88	45	94	67	20	77	34	87	75	55	24	20	40	81	42	16	85	85	26	41	65	55	57	90	44	77	33	47	76	68	14	12	75	50	68	95	8	20	58	79	85	38	37	65	59	80	5	19	14	78	44	63	44	5	9	58	61	66	55	51	42	15	45	84	60	21	42	49	25	98	34	7	1	43	31	6	39	92	74	97	38	28	90	17	3	60	49	1	48	14	99	14	20	14	21	61	25	51	14	30	88	2	36	93	49	78	17	5	85	83	35	85	1	80	39	17	10	91	88	18	33	81	8	22	32	30	34	92	49	92	19	59	66	57	20	59	36	72	83	65	64	17	35	14	96	45	69	90	11	67	87	71	5	73	22	14	52	94	96	9	25	11	21	89	85	93	92	10	76	39	78	43	50	95	93	44	99	76	2	70	40	87	57	97	26	66	93	4	55	100	34	53	
79	38	50	1	17	52	21	34	51	65	51	1	8	58	9	53	73	17	88	58	37	98	71	22	50	20	63	10	27	12	72	37	53	48	69	69	27	77	66	15	79	46	45	65	18	10	7	5	50	35	92	75	62	83	88	90	58	53	83	91	95	44	82	99	80	6	44	48	59	17	34	36	71	9	26	11	66	2	41	80	43	72	3	97	90	40	59	92	49	4	70	40	80	26	9	43	2	83	1	7	89	77	7	11	11	2	44	40	45	27	60	88	47	54	94	40	13	61	9	82	63	76	26	71	65	15	77	40	43	93	91	76	82	86	10	72	15	26	16	62	6	81	67	98	78	8	55	48	77	7	71	13	56	98	65	6	18	62	15	4	4	53	28	74	12	82	42	27	93	82	5	96	78	93	93	66	82	59	41	60	41	61	8	29	75	67	73	68	52	20	8	75	6	86	86	89	50	34	85	99	
31	29	37	50	90	65	97	59	59	19	84	95	28	27	64	78	35	82	33	89	70	25	61	55	11	76	23	27	100	15	22	56	35	17	70	22	42	28	21	58	76	80	37	38	3	3	54	81	100	87	5	65	20	62	84	11	8	62	48	4	91	66	21	79	53	25	61	92	31	6	22	14	1	52	41	67	85	78	46	76	31	3	100	70	38	80	54	30	65	6	28	71	66	7	7	32	58	3	81	36	15	90	25	26	41	20	29	47	6	56	67	21	49	77	22	13	86	58	61	77	4	55	3	40	12	96	98	72	31	29	8	93	18	33	86	23	48	1	10	25	90	69	66	92	46	74	24	36	44	19	22	86	81	63	28	16	38	39	2	10	19	24	18	30	98	46	46	28	54	83	85	51	71	99	33	84	56	34	32	60	9	4	5	80	66	64	34	94	85	84	70	9	7	84	67	70	56	40	71	71	
95	96	71	81	54	78	86	92	14	91	12	34	70	51	55	1	13	18	78	93	22	7	53	72	83	83	69	41	68	64	78	72	84	80	35	36	17	29	28	62	96	28	63	68	57	2	13	50	12	35	97	55	87	66	2	7	79	47	78	60	99	74	32	95	89	33	6	86	30	31	17	43	27	100	63	99	19	55	88	58	6	97	70	47	26	34	43	18	72	65	31	20	80	85	82	64	3	4	12	37	1	87	69	58	15	48	68	67	91	96	95	96	30	70	97	13	52	97	89	12	80	86	17	3	25	2	76	39	4	63	33	57	16	20	81	53	70	43	77	4	15	44	62	83	12	32	63	9	92	17	20	6	20	87	32	64	25	36	58	32	64	61	6	58	66	68	4	80	83	96	46	74	34	22	95	83	36	94	95	88	42	2	93	35	62	18	92	1	76	85	58	55	60	33	61	4	26	51	6	76	
4	37	25	61	91	35	64	33	84	69	69	79	85	88	87	39	63	25	79	30	50	44	100	92	89	84	97	60	5	96	48	88	74	68	18	43	66	98	44	15	45	83	5	15	84	17	35	2	52	59	61	57	79	100	75	24	33	87	36	20	13	55	45	91	5	1	74	9	56	41	52	10	72	78	96	10	54	38	82	37	39	90	38	26	10	25	6	8	12	2	3	92	96	85	63	16	4	3	70	3	80	5	2	43	33	10	18	25	89	59	54	7	40	93	87	61	34	53	65	81	61	85	7	76	36	97	89	71	85	79	53	78	84	78	62	44	76	42	29	78	28	23	51	69	52	74	99	94	27	56	24	5	44	78	93	66	34	41	31	29	97	84	31	80	92	30	4	63	19	69	20	63	79	19	60	9	96	53	94	60	27	46	72	47	81	78	21	77	42	71	48	81	22	46	44	24	14	67	25	5	
15	57	65	32	91	83	13	55	89	35	22	41	39	45	21	1	53	65	2	91	25	12	25	54	38	44	8	5	35	61	50	30	35	20	55	57	93	85	34	71	49	96	11	6	88	83	44	64	78	47	31	66	87	94	46	27	39	50	95	28	91	44	82	81	26	78	60	49	6	66	25	60	48	66	44	66	100	93	71	62	92	40	80	34	25	68	10	83	95	39	79	32	17	63	84	58	94	20	68	61	20	91	37	65	83	82	92	27	20	63	50	35	20	42	23	90	3	45	73	52	74	73	79	79	42	80	26	58	44	31	81	11	1	79	59	50	16	38	56	6	60	25	2	25	78	86	72	53	3	93	54	30	94	54	37	96	18	43	40	62	29	41	71	31	34	98	24	93	56	42	20	40	88	17	90	10	83	21	33	29	31	19	45	77	10	58	43	30	17	57	69	12	47	84	71	45	98	4	76	13	
52	23	26	19	44	81	8	53	32	98	48	36	84	6	25	11	5	21	30	83	98	7	3	44	31	90	61	83	96	18	49	49	15	99	40	85	66	33	45	59	91	16	58	100	58	88	58	97	72	14	16	87	21	74	76	57	25	13	34	88	84	2	60	99	58	77	99	93	22	89	25	90	99	97	74	41	12	31	88	76	74	59	54	43	6	10	50	78	7	78	62	63	25	58	7	6	14	98	45	8	73	52	64	95	11	48	45	12	56	83	52	75	81	10	35	9	31	23	21	56	8	77	15	67	69	85	10	9	65	50	38	50	17	38	66	60	57	51	1	67	20	24	21	13	1	17	73	68	97	50	42	33	19	16	33	90	16	6	85	89	6	64	81	9	49	5	83	96	96	54	10	38	24	12	33	83	4	78	41	52	22	22	99	11	67	41	54	52	43	80	79	89	68	18	8	14	33	38	11	31	
41	43	56	36	11	78	85	35	39	55	18	74	5	6	31	69	6	37	69	32	7	8	37	85	15	35	78	83	22	38	75	14	41	54	54	45	30	49	3	32	5	84	9	42	79	31	58	39	41	27	48	93	76	37	29	62	5	43	22	51	48	86	75	92	42	65	95	30	65	72	7	45	24	33	38	35	57	16	68	11	97	92	30	18	8	83	78	24	96	7	36	17	66	15	60	51	87	49	3	43	27	38	90	1	77	30	87	81	61	85	78	84	45	53	39	55	71	94	22	31	87	2	54	1	85	57	86	7	81	51	11	85	44	44	26	63	31	56	63	55	51	12	58	48	1	29	66	96	97	98	82	2	67	2	66	10	8	36	52	36	32	26	50	67	91	49	90	3	100	100	25	78	81	94	69	19	50	36	55	4	32	55	10	51	100	80	84	96	23	8	83	82	22	52	47	72	63	94	11	37	
44	11	30	65	27	29	22	81	25	41	84	57	93	32	58	88	49	2	54	61	5	59	78	20	51	67	66	47	50	67	65	67	38	30	63	6	55	34	57	80	28	84	25	28	36	37	94	85	17	32	43	49	71	9	45	89	96	69	87	98	36	28	95	34	41	81	53	31	87	2	58	96	100	10	93	31	64	7	96	36	38	49	65	72	12	95	7	96	61	68	38	21	89	65	13	18	4	81	28	79	4	81	87	95	89	39	15	38	91	82	57	41	57	38	21	22	76	37	32	92	26	12	8	22	39	91	24	25	71	31	16	40	30	21	26	75	66	27	37	2	8	37	68	34	65	73	65	20	47	92	77	60	89	12	35	44	16	76	60	48	95	14	40	62	90	99	21	74	100	2	99	76	65	30	77	50	59	49	74	52	12	21	63	78	8	34	14	60	76	95	32	58	41	36	69	17	11	22	2	46	
60	65	41	18	93	52	72	39	90	59	44	82	45	40	67	94	46	64	72	18	51	97	50	73	62	5	14	87	91	91	19	77	70	49	18	49	78	33	98	24	83	94	16	12	79	1	17	12	89	70	61	35	52	73	81	35	38	57	66	58	26	95	43	68	26	9	77	94	99	94	34	75	81	92	25	2	70	10	76	43	28	4	6	65	2	39	78	7	68	13	88	45	93	35	96	22	33	76	37	99	72	71	42	5	15	19	34	16	47	30	7	31	8	26	62	74	30	83	55	81	82	41	18	14	45	14	42	23	69	53	99	45	51	52	2	5	78	7	23	48	10	21	34	32	8	40	77	50	83	9	92	59	93	26	72	90	1	86	45	35	56	72	13	95	19	52	44	89	40	20	57	44	91	45	13	90	66	36	28	80	82	33	98	12	30	5	1	24	36	21	60	12	28	87	53	32	40	61	40	40	
1	78	18	88	61	85	7	67	62	89	63	33	11	36	31	10	94	92	12	28	76	64	50	77	45	7	3	12	57	42	9	84	85	82	35	95	13	54	35	60	75	51	86	56	5	20	88	75	55	63	43	49	44	4	26	32	4	97	59	55	75	98	70	81	3	21	68	75	30	30	50	48	62	11	40	78	26	87	26	7	90	70	28	31	3	79	62	36	38	88	31	97	86	60	86	97	21	49	43	12	57	42	23	67	77	89	70	87	30	63	58	49	62	44	54	93	61	62	31	54	76	17	14	6	88	21	8	85	59	70	79	91	84	33	26	56	13	54	67	15	16	71	92	8	25	89	11	66	7	60	30	32	88	20	66	50	92	13	50	36	28	13	4	67	25	100	84	8	5	54	70	52	61	23	82	9	66	100	99	71	34	21	61	18	30	53	68	6	37	31	11	80	60	96	17	12	85	23	25	38	
30	28	83	91	49	95	28	65	24	29	52	14	81	17	47	55	67	91	89	55	50	11	34	17	56	93	27	21	36	43	32	78	13	7	14	49	75	87	63	54	56	91	40	24	89	84	31	40	1	1	94	52	64	21	46	92	37	37	12	73	19	3	99	85	79	44	91	91	70	77	7	80	59	57	68	7	53	100	8	67	17	40	71	20	92	32	63	17	21	45	97	91	40	60	20	63	73	71	36	64	66	81	62	28	94	80	17	30	70	97	4	96	79	58	43	68	61	80	71	7	10	63	88	26	46	33	7	18	24	70	50	79	93	12	66	88	78	26	99	68	34	76	85	67	76	53	100	5	71	36	1	31	89	31	53	59	25	13	64	40	70	83	18	29	71	10	46	82	36	68	1	57	60	39	50	96	84	51	74	37	99	91	10	21	45	93	11	28	6	59	33	23	3	89	47	69	80	60	60	34	
16	60	84	41	20	86	52	81	19	57	62	70	80	40	85	66	44	45	62	3	65	12	56	44	89	31	52	68	99	26	48	20	75	80	53	44	46	89	31	81	13	17	54	98	21	10	88	35	91	24	80	61	85	32	55	78	48	22	13	21	92	33	16	74	30	39	68	55	7	11	33	88	49	51	61	99	90	40	8	76	3	80	66	80	96	17	25	66	89	93	86	40	30	65	20	1	94	79	82	42	55	11	41	69	41	32	17	68	70	13	82	68	79	47	42	29	62	85	16	76	26	29	72	62	68	24	30	70	23	13	64	42	53	34	94	71	23	27	27	56	6	53	97	31	91	54	70	59	69	74	77	39	66	79	7	54	79	20	94	52	84	62	37	20	94	44	49	20	73	2	79	33	44	37	79	91	78	65	40	33	29	16	20	11	99	70	48	72	26	1	23	56	21	60	81	79	58	59	82	42	
85	90	87	87	38	28	100	74	75	70	99	88	60	21	41	73	61	86	99	37	1	48	52	74	55	52	84	99	93	74	84	99	70	79	61	41	11	60	75	70	41	2	2	36	89	25	77	43	52	66	50	48	54	52	17	49	99	91	59	94	41	97	44	58	66	4	92	40	95	59	83	17	97	24	19	18	48	78	78	75	60	26	7	85	85	63	58	15	65	35	60	60	65	29	33	73	18	1	40	27	4	41	24	59	90	26	36	4	76	51	15	29	52	66	21	13	91	84	76	13	55	95	13	56	2	97	33	30	72	33	20	2	5	63	30	59	45	58	78	40	77	42	13	44	59	66	6	10	94	51	74	58	82	17	32	44	87	15	43	17	63	46	52	12	87	74	11	56	60	70	71	25	20	55	9	25	54	3	2	55	24	57	13	30	83	70	15	73	67	73	17	53	4	68	43	92	16	44	13	77	
6	36	76	27	50	55	29	7	27	28	71	89	91	9	89	72	48	19	61	42	34	48	60	55	18	87	27	34	56	15	85	96	45	95	17	12	98	88	82	82	59	46	31	87	66	34	53	31	27	37	100	28	90	65	2	46	51	63	78	11	86	2	18	19	80	90	39	27	32	19	73	1	19	29	77	13	19	27	84	8	49	9	7	82	63	84	7	60	13	96	86	20	20	33	2	66	31	50	89	45	75	81	27	73	20	40	1	84	76	26	71	71	73	85	61	66	59	97	98	51	8	99	35	46	35	88	85	10	92	35	89	4	15	69	19	87	55	13	2	7	1	96	25	90	69	96	84	65	40	33	21	38	20	60	69	64	79	90	34	7	52	19	22	32	90	72	93	78	49	65	37	52	21	52	9	16	79	53	27	82	89	93	60	72	29	65	1	59	35	55	75	85	97	67	24	67	79	8	55	15	
14	20	86	16	90	50	84	71	24	90	96	57	65	46	30	54	81	69	49	61	90	11	45	51	47	56	37	20	22	62	40	10	5	61	85	16	2	3	64	42	9	21	23	45	89	99	98	100	22	25	95	94	69	86	4	18	4	40	15	43	92	6	24	4	2	17	42	48	56	44	65	18	73	70	84	54	35	15	32	47	1	43	32	64	16	58	6	51	18	22	97	63	1	73	66	41	24	38	57	46	66	82	11	45	9	70	43	67	42	85	38	82	100	36	79	13	10	49	59	51	49	85	54	90	52	78	39	36	28	36	89	6	39	30	94	3	18	70	72	26	10	60	7	60	88	37	40	13	66	96	98	90	53	86	19	11	86	98	38	39	96	16	54	26	91	71	50	52	86	95	56	38	99	89	84	32	18	64	99	55	28	20	68	47	37	62	16	59	31	12	46	26	11	97	55	68	53	48	90	42	
85	88	91	79	69	10	23	69	50	48	3	42	60	88	77	48	8	88	68	35	93	98	85	50	85	64	22	22	79	32	15	91	32	80	77	36	7	62	25	41	60	16	36	44	78	60	76	41	3	81	52	15	58	65	98	64	16	30	34	60	82	78	5	44	65	4	70	23	72	89	4	51	2	98	59	90	20	16	12	30	48	2	58	3	4	94	14	87	4	33	21	73	94	18	31	24	30	100	49	65	23	27	18	31	92	26	86	2	40	75	83	94	90	1	13	78	96	63	25	97	13	63	48	46	35	31	95	31	67	27	5	59	82	41	62	34	22	24	73	66	98	22	48	25	53	83	48	87	28	91	93	63	89	17	34	8	82	47	34	20	66	17	22	65	13	34	29	47	40	52	52	69	66	48	25	35	30	24	48	85	39	30	6	99	100	16	76	32	9	74	26	84	70	34	79	52	5	14	13	53	
89	53	23	100	46	11	2	6	37	80	21	10	23	33	4	21	1	43	24	18	53	85	28	18	38	55	16	16	14	55	98	56	41	78	91	51	47	90	51	22	65	4	31	60	23	73	87	70	11	30	54	68	57	18	74	7	92	99	81	19	59	18	85	59	43	93	98	25	94	77	86	32	29	82	100	49	45	56	10	70	14	83	3	4	3	20	98	49	81	76	49	71	79	1	50	38	100	60	94	16	62	62	10	28	8	50	86	74	8	17	95	49	71	74	96	78	76	52	55	21	19	92	61	7	99	96	38	59	36	69	18	35	17	63	10	42	3	62	52	68	48	67	55	100	9	34	28	26	54	55	35	88	13	12	68	6	96	40	55	37	34	35	53	50	32	37	97	49	62	6	53	87	65	87	52	43	87	99	13	44	88	63	19	51	2	28	60	46	29	69	46	88	56	90	6	91	21	72	91	44	
57	30	96	67	98	60	78	58	75	23	81	6	17	12	50	14	65	4	70	68	3	98	73	9	7	92	46	80	55	15	48	19	29	13	31	97	31	7	61	83	1	2	82	24	45	51	32	89	73	32	98	74	17	1	45	77	57	74	8	56	4	94	46	22	47	78	85	44	70	57	71	51	83	97	40	27	67	9	5	79	99	1	81	12	70	68	45	3	28	37	43	36	82	40	89	57	49	94	78	36	9	29	15	91	29	47	57	20	79	80	32	87	49	94	10	49	90	38	35	53	31	5	30	34	16	99	70	33	40	49	94	8	23	58	50	49	69	29	24	22	80	29	59	46	1	72	45	62	7	8	31	27	17	64	46	42	21	93	46	88	45	68	36	62	12	99	14	15	13	77	4	20	61	20	46	88	40	99	12	49	12	26	80	73	21	37	8	59	91	66	60	21	18	1	66	84	93	48	71	86	
31	54	88	99	75	49	17	44	23	82	64	18	71	35	74	30	82	82	11	6	75	23	72	85	45	55	2	75	90	1	71	27	98	11	39	95	47	48	59	36	27	18	7	5	93	40	4	24	63	24	68	54	77	63	93	72	67	49	87	4	93	8	71	78	35	21	83	39	55	10	56	5	89	3	43	68	24	65	92	20	14	7	36	37	3	61	8	43	79	99	12	64	42	27	45	46	65	16	36	57	49	6	24	70	35	5	97	45	1	91	80	91	8	70	94	35	47	64	32	47	44	31	64	42	6	41	63	81	52	79	96	99	82	92	29	67	46	59	43	75	83	72	57	77	12	54	7	14	54	24	76	68	32	84	81	96	45	17	27	50	10	38	77	70	9	85	55	97	66	18	6	60	83	59	25	53	6	42	87	2	78	88	85	35	29	11	71	31	34	76	10	54	65	36	56	75	80	38	10	94	
22	23	1	34	70	15	87	48	8	39	2	39	31	13	59	48	70	52	82	72	4	36	24	95	6	87	91	95	33	64	96	97	65	42	96	81	19	12	95	52	42	38	94	27	22	25	93	13	33	39	39	64	35	30	60	20	49	68	91	73	57	11	69	75	61	22	84	4	59	78	5	89	31	19	11	45	84	59	46	71	20	89	15	1	80	20	73	27	4	72	57	66	55	4	75	66	23	62	9	49	15	70	99	82	14	15	46	28	16	32	7	88	73	38	45	1	18	77	92	5	57	90	64	74	49	29	93	56	70	73	22	66	5	80	45	73	49	74	72	98	25	5	64	82	16	48	99	44	22	32	99	62	98	71	56	62	48	84	52	63	20	9	54	62	9	75	19	23	39	17	44	75	82	39	72	80	54	13	83	13	62	40	67	88	91	88	16	68	47	94	43	72	97	24	48	29	90	43	64	8	
26	92	30	36	86	17	92	91	47	83	22	31	75	56	38	33	62	37	35	10	2	81	15	34	79	9	23	68	59	42	75	21	81	64	32	36	89	23	18	94	18	64	50	13	85	64	15	78	91	81	36	14	81	22	100	96	90	46	48	35	7	66	21	40	27	82	43	12	46	42	91	98	49	5	39	26	50	82	77	63	14	77	90	87	5	91	52	38	81	71	42	81	11	41	81	82	27	62	29	6	70	76	8	21	43	35	34	81	27	62	47	9	100	82	5	12	16	31	67	17	78	2	63	69	1	51	66	20	82	25	97	94	48	30	81	55	13	57	10	99	53	43	27	95	83	58	9	3	8	35	22	69	2	46	26	81	70	58	61	83	85	23	30	88	29	10	26	30	5	54	29	69	18	33	27	21	24	19	99	34	93	98	34	79	26	16	45	15	90	22	25	83	15	61	78	44	84	34	13	96	
24	11	100	39	100	72	12	4	45	50	80	39	4	39	66	86	94	21	41	2	94	56	48	37	55	79	93	55	14	74	39	38	68	8	11	97	95	7	10	84	39	18	60	71	69	20	60	84	21	99	37	66	87	29	23	33	16	96	61	4	32	65	72	66	22	19	79	44	23	83	50	1	3	7	14	87	1	96	20	93	21	7	25	69	2	37	64	90	87	42	23	62	41	24	27	11	18	10	15	24	99	8	89	7	10	68	26	2	30	22	42	47	6	8	92	11	47	38	16	53	85	84	86	28	68	22	65	37	50	28	22	86	24	20	85	53	65	80	92	17	89	99	58	23	35	34	41	51	22	68	23	40	48	16	5	65	37	83	60	39	28	83	94	2	31	5	51	71	74	84	24	11	45	5	52	19	94	94	2	18	78	44	54	68	66	37	22	23	35	76	100	73	67	75	46	36	83	12	83	79	
13	91	62	76	42	41	87	56	83	67	49	74	29	11	26	92	64	11	21	32	74	20	49	44	78	88	80	64	55	95	32	51	2	3	90	16	65	29	3	93	3	46	72	85	23	94	82	89	57	59	70	75	93	36	37	17	92	31	39	13	98	13	100	76	87	54	46	94	5	41	80	45	56	84	65	5	21	85	83	52	61	11	26	58	43	65	95	1	95	5	67	28	69	59	73	45	31	28	91	70	82	21	7	87	8	58	34	34	74	62	42	2	92	31	28	82	57	66	1	75	38	59	71	33	82	7	61	73	54	72	62	58	15	60	89	26	71	12	22	79	69	18	20	60	39	11	55	40	5	38	13	5	43	82	63	40	14	21	63	90	28	4	36	6	72	86	31	82	65	77	7	35	100	1	6	35	79	99	63	20	43	34	90	51	6	64	74	52	63	19	91	29	49	97	48	71	6	40	63	72	
50	73	9	95	72	29	61	44	73	38	38	59	95	70	72	56	14	5	61	31	14	17	12	24	19	36	73	37	64	27	89	19	19	48	78	60	80	91	25	76	79	86	45	67	75	64	14	64	63	94	93	23	7	71	39	7	5	21	48	4	83	53	94	66	48	89	90	29	34	94	77	18	29	73	3	99	75	42	37	14	25	11	41	15	33	83	11	77	89	15	77	94	41	90	20	9	92	8	29	35	14	43	10	8	43	47	55	8	74	5	80	100	87	84	43	59	24	64	65	17	96	33	53	3	61	49	72	47	98	47	96	8	45	21	92	35	81	21	77	85	20	98	8	41	62	16	18	48	20	79	32	2	47	84	34	82	49	85	72	35	6	97	52	66	70	52	84	47	46	19	11	71	92	74	43	26	60	45	87	60	72	79	67	71	10	74	23	3	13	86	27	22	7	14	61	46	91	59	18	64	
31	91	86	30	5	7	65	27	4	6	24	33	96	26	41	95	56	68	18	8	50	52	14	58	32	97	33	89	49	87	23	91	13	99	47	48	21	18	8	97	16	71	45	23	79	79	83	87	41	65	86	77	22	84	90	66	66	24	30	20	77	66	13	32	74	20	83	96	51	84	57	85	20	77	89	64	34	46	70	21	51	2	20	48	10	82	48	30	39	19	89	80	32	26	40	70	26	50	47	5	15	35	68	58	47	97	37	75	75	64	43	86	38	33	89	7	12	34	78	73	28	4	42	62	5	66	15	16	15	9	69	12	4	43	36	5	88	27	66	50	71	31	41	8	66	5	78	6	13	57	13	44	52	59	76	54	10	20	83	14	91	58	50	49	65	64	18	95	73	77	2	50	93	23	100	36	60	91	63	21	99	68	16	1	76	13	8	28	12	94	88	13	93	72	7	28	99	27	11	33	
34	80	40	26	17	81	28	66	31	66	47	44	52	19	94	23	83	78	13	79	10	45	21	16	72	22	38	79	38	57	70	8	39	25	12	86	58	42	44	16	36	2	90	44	12	15	40	82	26	70	43	25	95	57	68	35	94	75	39	82	83	56	13	63	27	42	89	22	90	12	83	29	13	25	22	35	64	32	54	86	14	44	29	68	18	92	45	87	15	34	70	17	17	36	1	43	86	86	57	97	46	34	26	34	55	37	28	98	19	75	39	60	7	11	60	49	52	99	89	48	24	14	48	25	7	91	17	85	56	4	86	88	83	17	72	38	69	41	57	51	17	16	98	23	6	89	44	7	80	37	45	39	65	87	97	45	94	82	94	22	1	92	22	79	72	50	97	82	33	97	16	95	24	14	55	58	96	83	78	26	44	22	19	39	54	74	22	52	65	40	71	13	42	16	98	66	77	57	75	78	
82	99	16	49	72	97	33	9	90	97	84	72	11	21	90	21	55	99	96	51	64	82	4	53	48	44	59	4	87	32	37	76	66	11	79	16	58	99	95	13	16	76	13	22	33	41	67	16	5	21	74	56	22	84	95	13	81	72	84	74	24	17	58	3	9	73	20	26	30	81	87	79	27	30	26	20	48	84	57	79	30	40	47	67	25	27	12	81	38	16	87	30	68	4	84	67	2	74	20	45	28	81	2	34	8	75	98	61	3	41	35	91	67	79	12	79	97	93	58	93	12	63	6	76	3	98	33	23	44	100	50	39	12	27	93	58	7	55	99	49	88	55	40	73	51	71	44	70	27	2	38	59	82	80	28	1	97	91	4	56	70	48	96	96	57	60	70	10	17	59	32	100	54	66	34	38	81	24	71	33	26	49	70	55	17	80	49	25	64	6	57	13	36	13	96	83	11	12	79	59	
83	58	94	89	100	7	76	1	82	79	31	8	60	73	33	31	80	92	44	72	55	44	7	46	12	53	11	6	20	86	82	88	2	60	33	91	54	45	51	47	2	54	46	13	58	31	84	84	84	70	57	83	79	71	24	92	59	26	40	31	93	51	64	5	43	95	53	6	18	36	89	57	37	34	28	3	80	77	61	34	88	45	6	91	89	20	56	61	91	47	30	70	70	76	76	42	40	8	79	1	16	27	30	74	74	75	19	3	27	69	7	75	89	71	30	40	41	96	51	29	78	95	45	1	5	80	50	56	91	91	57	83	78	14	16	33	48	18	66	69	22	47	49	23	51	77	12	29	94	43	73	72	96	66	8	97	83	58	15	94	29	80	98	78	42	63	46	99	78	74	15	51	66	96	10	83	85	78	74	67	96	45	8	9	1	85	95	29	75	57	61	38	98	24	37	38	43	8	74	15	
20	76	4	65	42	70	40	42	45	48	78	77	74	8	67	39	13	9	31	13	38	73	52	69	3	41	11	98	19	45	65	7	90	53	48	12	93	95	78	39	49	20	27	16	16	72	80	34	11	54	80	49	61	56	23	89	13	73	97	13	22	100	6	67	74	27	14	87	68	29	69	82	89	69	2	63	100	30	93	85	2	27	56	96	59	63	83	85	82	30	63	97	13	51	26	85	75	17	80	91	32	62	22	62	5	64	75	41	69	20	62	87	54	85	70	10	29	54	24	14	95	6	95	51	77	5	26	39	20	76	23	82	26	78	91	62	47	31	50	88	67	20	67	7	28	83	10	1	1	25	19	40	90	7	16	61	2	42	43	10	3	1	48	55	1	22	52	44	95	94	32	13	92	87	92	5	60	25	62	100	48	60	7	58	72	61	50	87	97	90	22	11	71	53	100	27	7	86	85	34	
97	39	19	56	26	22	88	10	66	58	79	28	20	40	80	38	20	99	11	14	42	72	16	77	89	59	12	8	65	25	53	11	32	75	24	33	90	46	30	87	36	51	53	84	9	66	20	80	13	99	97	48	13	3	84	53	74	34	37	31	100	91	26	44	7	7	18	5	57	46	45	75	62	80	7	25	90	18	38	11	36	60	67	95	54	50	52	78	57	7	58	4	82	15	71	38	83	95	32	80	7	47	42	42	80	43	39	35	7	62	1	36	91	69	55	69	42	23	57	41	89	8	37	53	48	100	16	87	42	59	44	27	34	44	63	2	29	52	61	37	4	39	66	88	44	64	37	33	73	12	46	56	25	16	35	38	22	65	63	32	86	72	10	6	27	51	93	88	49	17	10	79	10	92	42	72	38	49	31	62	56	83	91	32	70	70	39	40	48	25	77	58	82	90	26	72	4	47	85	39	
45	91	86	10	30	31	46	65	77	20	23	1	16	41	14	54	43	98	61	83	51	75	2	45	70	44	17	28	6	23	88	24	82	35	69	32	3	58	58	29	67	27	70	32	80	63	46	80	28	76	57	97	11	46	14	55	100	61	34	40	98	49	8	30	83	59	80	66	30	87	2	4	21	70	18	37	37	100	78	75	93	88	21	96	7	35	75	84	41	31	49	96	68	29	71	82	94	49	87	91	88	9	47	2	100	86	60	91	75	87	36	80	2	65	81	88	41	72	61	13	9	25	13	40	62	36	57	49	9	4	78	48	25	45	37	73	86	56	51	66	44	96	54	57	75	20	87	65	56	75	57	89	69	4	4	100	21	59	30	62	92	63	87	86	21	80	58	34	1	64	33	30	53	97	29	24	30	73	27	28	65	26	7	87	89	38	8	59	31	96	1	66	8	10	37	6	80	97	37	43	
64	60	80	13	93	62	76	64	97	86	88	55	76	74	31	25	63	73	72	89	25	46	50	94	22	7	10	1	81	59	42	25	4	38	65	63	25	22	97	49	69	27	78	70	100	3	70	6	47	20	87	49	11	8	54	57	45	15	77	72	76	28	62	76	54	47	33	30	41	90	27	91	69	22	68	41	76	20	49	88	49	47	49	30	40	20	81	45	57	8	62	79	79	52	73	100	90	71	49	8	73	100	6	92	87	38	7	67	89	54	91	2	74	90	91	70	76	23	2	74	7	77	84	35	87	91	46	77	4	12	30	21	13	97	56	59	48	22	66	6	68	12	77	58	89	92	24	9	31	25	80	83	92	6	21	7	62	21	82	16	96	98	59	7	75	63	21	1	40	41	55	29	55	22	34	82	8	53	71	60	36	83	65	50	6	10	90	98	60	11	62	81	13	59	1	86	94	62	32	24	
49	50	67	62	51	56	73	53	27	66	15	88	11	89	63	41	68	64	30	46	8	6	85	66	87	85	34	15	48	49	37	12	25	42	52	67	53	40	1	42	40	13	35	21	19	13	38	35	27	97	28	9	79	18	73	74	21	23	50	75	31	52	45	34	89	87	41	2	100	44	70	9	53	36	50	64	52	27	16	12	78	54	77	70	93	42	10	53	38	26	44	58	47	66	85	36	1	74	94	70	38	82	8	31	84	33	11	79	71	85	69	65	90	17	69	36	56	14	10	30	20	16	98	68	92	79	40	63	24	41	26	11	81	32	84	27	96	24	3	42	73	75	76	46	21	3	17	24	14	70	96	76	92	28	83	68	51	96	20	73	5	93	52	74	85	75	69	17	98	27	31	11	54	43	8	98	52	13	17	31	52	85	92	9	19	43	36	5	84	75	92	37	95	10	47	81	75	75	9	15	
89	27	41	24	61	75	21	72	49	46	77	12	8	10	2	80	81	94	36	38	57	35	20	31	50	20	49	96	16	82	63	29	52	76	54	16	72	29	67	45	73	58	95	5	7	76	79	80	57	20	72	35	56	61	5	12	19	12	81	5	94	26	91	70	12	22	59	79	49	40	6	8	59	13	72	27	18	31	7	17	17	94	22	97	87	23	35	39	21	62	54	43	42	21	61	79	13	96	10	94	45	5	92	28	43	89	60	12	30	70	55	81	91	69	24	86	77	73	1	52	86	17	49	56	18	93	46	13	28	66	33	99	98	80	7	80	52	51	40	20	53	60	40	34	6	69	87	1	78	86	50	57	91	5	67	63	69	40	73	49	71	40	28	58	31	8	93	77	67	35	43	44	69	4	73	58	58	48	25	73	80	1	53	93	21	58	89	7	84	45	19	41	68	86	63	16	22	69	21	98	
44	65	51	97	37	58	85	86	76	72	35	88	14	53	1	8	71	82	14	99	47	74	18	29	73	39	7	100	57	4	95	55	13	51	74	31	40	2	38	70	58	57	67	69	57	99	61	64	67	77	63	78	64	11	91	78	40	31	35	57	6	32	75	55	14	62	9	89	51	64	43	80	57	20	35	54	92	80	45	36	5	40	13	13	61	90	9	55	22	74	93	68	29	13	66	13	78	78	49	35	1	12	11	82	59	7	49	79	40	10	69	88	70	36	86	73	25	62	61	93	67	43	25	84	90	45	77	15	47	18	96	15	35	42	80	55	88	82	85	44	12	99	78	90	13	57	13	58	98	3	56	39	100	12	95	4	22	11	79	93	13	28	82	8	70	68	29	100	56	41	63	19	8	82	40	97	25	16	33	20	5	79	97	71	23	98	70	85	58	79	43	55	89	40	86	42	72	1	38	15	
20	13	18	13	45	67	27	3	33	26	35	96	45	86	13	94	40	68	85	42	58	42	33	80	7	84	25	32	78	9	6	80	31	21	13	93	31	94	73	4	90	25	90	28	96	86	76	87	78	35	26	32	76	15	33	66	19	10	29	70	27	90	87	72	97	100	42	10	60	68	9	67	54	84	3	48	51	8	87	66	85	13	86	52	34	3	31	71	76	30	61	61	62	91	59	10	96	76	90	47	18	16	47	57	24	12	52	97	41	29	42	41	76	56	77	25	64	25	4	11	59	93	29	36	26	73	92	85	38	56	73	42	52	55	90	78	52	96	48	93	100	66	12	74	57	12	5	1	11	85	44	56	2	80	31	97	96	22	63	66	12	87	24	100	24	32	64	20	3	22	47	51	67	52	79	62	38	60	58	4	64	55	9	81	56	86	89	98	76	68	94	97	28	74	85	58	24	50	89	54	
11	61	30	16	28	56	16	12	70	47	3	23	61	81	49	36	51	48	55	57	55	25	69	25	59	12	37	59	35	26	31	15	38	61	42	98	14	44	73	35	1	91	17	26	86	12	72	79	53	31	72	47	20	17	46	53	42	5	42	100	90	15	56	47	4	98	65	46	26	36	8	66	98	98	99	18	49	76	68	18	83	61	58	97	53	45	23	94	37	83	62	80	85	84	97	49	63	52	38	64	77	31	38	66	64	34	99	93	96	54	23	72	23	14	73	62	25	14	65	99	80	20	93	23	41	14	53	99	35	74	13	60	50	42	57	25	4	18	86	42	85	64	33	93	9	31	76	73	95	70	37	77	39	46	25	50	12	2	24	10	54	47	65	7	65	53	7	46	31	34	85	30	21	55	99	67	2	25	76	63	87	32	42	30	67	64	63	10	35	27	95	60	8	97	60	25	49	91	84	90	
49	49	83	3	94	40	24	34	72	9	87	14	9	78	22	81	3	67	73	91	71	26	96	6	90	11	89	7	87	61	58	31	47	78	70	23	35	74	61	22	8	47	8	84	44	27	21	1	97	42	85	96	10	78	66	9	67	55	17	71	50	76	64	16	9	78	25	55	8	75	23	25	45	63	47	71	50	89	49	95	35	9	61	89	65	73	21	22	32	55	31	71	16	76	98	59	25	55	35	32	92	67	16	1	65	78	89	58	51	24	57	61	2	10	1	61	4	65	69	76	15	61	33	74	7	96	76	9	45	37	63	81	99	70	38	16	16	35	39	11	53	26	35	71	21	36	24	87	83	67	20	43	23	99	5	68	35	87	96	70	57	12	84	38	59	92	1	91	57	59	72	54	7	24	48	21	24	69	47	38	64	75	97	10	40	28	74	17	60	5	38	95	23	36	3	28	95	65	72	57	
53	49	30	72	59	80	61	78	66	44	57	58	30	36	11	64	11	43	57	11	35	14	57	49	51	1	65	91	77	63	86	81	81	6	87	28	30	66	100	17	95	90	23	9	10	71	9	20	29	16	23	3	43	69	94	79	8	97	58	40	10	99	12	73	89	54	88	85	42	35	40	25	46	10	39	78	72	5	69	91	85	82	77	12	81	52	56	31	92	81	54	7	76	13	51	51	97	21	53	47	5	17	53	75	17	73	48	93	29	14	41	13	74	30	52	93	11	99	76	63	25	86	9	34	63	27	5	8	78	45	76	27	76	48	79	42	98	15	34	22	9	4	67	43	2	34	14	46	2	62	42	76	45	39	26	1	78	32	46	22	15	64	11	98	55	25	22	83	37	42	44	80	99	50	16	39	87	40	37	79	70	36	28	20	42	35	79	65	58	100	100	5	64	21	63	98	60	21	11	88	
18	73	16	6	27	49	99	77	11	30	96	68	40	9	50	18	45	92	67	75	32	82	75	69	5	48	62	66	27	8	22	26	8	75	7	46	75	45	34	89	84	34	46	9	73	98	29	46	68	21	95	88	9	51	84	29	81	55	81	1	57	42	77	77	95	60	16	12	32	16	73	61	1	64	97	50	22	2	15	92	1	63	4	80	61	74	8	87	26	82	76	10	26	55	8	49	13	19	31	44	57	78	85	38	96	28	24	12	78	95	89	9	7	20	86	67	59	80	15	25	67	66	92	96	38	7	38	33	32	60	48	32	86	31	74	89	43	91	97	85	73	2	38	53	80	74	80	79	21	73	92	79	54	10	58	75	13	17	70	98	90	17	79	71	48	32	31	97	80	47	16	47	68	57	71	3	89	56	43	21	63	83	36	42	41	5	11	5	74	78	2	65	18	55	48	49	8	68	65	88	
4	82	2	13	16	45	97	58	56	60	57	47	25	32	38	30	93	67	90	16	71	32	89	27	99	47	78	25	36	98	54	52	38	61	7	24	54	93	71	49	9	70	14	74	65	68	16	25	9	93	41	72	68	10	35	79	94	68	67	24	17	1	49	67	97	51	51	64	57	68	65	10	21	22	34	28	53	2	78	97	80	76	55	86	85	73	77	2	12	41	17	63	29	95	99	85	63	92	5	31	90	2	84	59	33	4	14	63	95	6	8	25	77	16	17	43	93	20	61	86	66	73	92	87	47	37	43	51	77	69	19	47	94	50	44	95	2	22	69	89	45	13	55	79	75	94	40	11	23	21	79	37	45	72	63	1	43	3	41	14	98	44	43	87	68	49	60	51	74	4	29	63	93	43	48	94	86	73	23	35	53	39	91	13	33	34	34	10	89	78	32	57	76	77	58	79	33	68	42	87	
92	1	98	62	71	13	47	10	26	59	60	89	18	37	81	74	1	9	21	97	58	48	17	64	83	84	36	36	75	33	15	97	24	99	40	99	26	88	57	7	81	12	86	40	26	47	75	73	3	100	92	77	44	79	62	81	69	54	44	37	74	75	91	13	34	38	7	86	71	75	26	52	7	19	63	93	88	67	57	38	39	26	3	17	7	79	15	54	8	18	14	88	72	13	35	54	48	61	30	64	64	63	86	71	53	42	48	6	45	95	37	13	84	98	49	25	29	93	33	9	92	92	9	81	96	65	58	53	55	99	94	3	17	59	78	54	64	29	95	49	53	78	93	40	65	15	11	43	16	21	52	9	75	62	28	63	22	27	89	10	79	57	7	81	45	86	96	62	49	50	62	68	14	19	28	54	77	82	13	7	45	84	44	1	83	26	23	20	63	60	93	41	6	31	10	22	91	13	57	33	
9	13	6	15	2	96	65	81	5	47	23	44	81	35	39	3	28	98	67	9	8	91	79	23	93	25	60	55	49	45	11	57	58	73	67	40	25	12	40	8	58	25	98	41	99	11	17	89	96	23	31	13	20	2	82	99	95	58	41	99	23	78	41	78	73	96	38	41	42	78	79	11	49	42	76	54	89	14	87	38	17	71	40	3	76	79	67	1	22	14	6	26	62	56	46	90	46	7	34	42	74	69	28	33	3	62	25	76	1	51	53	40	35	68	56	84	36	23	74	34	96	87	81	13	45	56	99	18	65	65	72	20	41	87	25	82	80	45	66	79	63	2	10	75	77	13	96	25	91	83	95	19	51	74	85	48	30	66	14	65	37	17	74	52	54	8	61	67	13	46	23	71	36	98	5	85	10	25	23	29	85	81	13	43	88	48	36	49	6	92	19	91	80	32	23	18	62	56	40	71	
53	80	46	6	41	86	37	48	97	29	29	47	12	54	33	21	32	36	82	28	56	90	85	88	17	71	73	44	37	19	18	75	58	71	55	16	4	92	77	85	85	39	72	31	11	24	61	2	94	51	76	50	70	71	26	74	9	52	42	22	38	47	22	93	41	76	15	24	25	75	23	76	83	4	76	95	78	61	54	77	10	65	12	25	36	42	69	85	39	45	88	46	68	2	35	52	35	99	16	6	49	1	68	82	61	5	7	3	5	77	48	62	87	92	18	90	26	41	7	63	38	47	96	45	59	48	39	35	90	65	65	54	20	4	69	22	56	75	24	25	92	31	46	44	95	34	95	60	47	73	13	88	10	8	82	19	83	92	54	53	75	11	92	74	100	29	18	14	56	82	65	85	97	83	59	17	72	28	92	15	56	46	7	37	65	83	92	83	87	30	58	29	34	75	15	10	88	75	93	17	
88	1	31	64	95	62	78	42	24	7	16	67	59	38	82	85	35	32	8	19	49	46	18	9	19	55	77	42	71	63	34	17	95	64	98	12	43	29	40	66	23	68	25	16	43	97	19	19	64	22	53	9	10	51	22	43	52	85	41	10	2	68	68	28	33	31	51	3	46	87	94	84	47	17	34	13	81	89	51	42	91	15	96	2	97	80	85	57	91	14	21	33	24	97	88	78	31	96	99	41	29	51	22	7	49	66	91	98	80	5	100	36	91	79	93	45	73	14	96	27	7	37	65	56	48	100	26	23	30	51	22	48	28	41	22	93	58	58	85	57	71	83	87	69	15	37	49	84	9	19	49	94	83	38	33	65	59	28	28	79	20	44	66	76	70	53	97	19	35	68	10	16	24	91	48	64	22	17	20	58	95	52	42	75	66	49	64	22	30	11	99	19	68	79	95	52	34	12	44	84	
17	64	82	29	12	61	60	16	65	14	37	97	79	3	1	9	53	61	93	25	23	9	44	4	93	93	60	30	57	99	59	2	75	50	68	25	99	64	16	37	100	55	5	87	12	92	45	17	79	66	93	83	51	61	68	96	66	92	21	96	2	28	27	7	98	42	22	10	65	43	70	96	38	17	43	14	13	67	81	2	88	77	98	76	89	26	10	86	24	42	8	7	30	33	85	39	95	38	70	63	93	66	65	61	72	15	17	33	50	26	16	57	46	40	46	77	92	53	76	5	38	43	58	99	39	26	14	10	81	45	52	76	7	48	86	75	65	99	24	68	13	21	45	40	4	94	88	63	47	70	23	80	1	40	77	1	74	60	49	87	67	73	20	67	20	89	31	56	67	80	83	88	47	48	71	55	83	69	93	30	10	63	37	79	64	86	31	17	78	87	79	22	17	34	40	16	12	27	91	42	
92	37	59	3	54	82	1	84	58	35	11	13	18	13	40	3	69	36	40	71	55	91	27	20	17	91	40	65	39	92	46	92	71	20	91	23	94	30	64	71	25	82	4	30	5	96	81	98	82	77	75	19	34	2	70	22	80	35	42	43	12	18	82	5	38	3	65	47	98	7	46	5	68	51	38	47	90	23	16	92	18	40	72	39	71	58	9	7	25	23	85	18	70	30	10	36	31	59	33	81	56	20	37	73	47	16	85	23	56	39	87	49	77	63	13	15	85	99	9	8	33	51	53	18	35	23	10	44	55	78	19	69	49	29	60	50	12	35	78	92	87	11	2	39	26	57	33	45	44	94	72	68	44	95	57	37	99	80	58	45	94	81	95	27	16	78	82	94	93	9	93	1	94	15	29	84	4	93	59	26	39	53	15	13	57	96	96	72	64	91	9	35	67	29	86	99	3	59	8	67	
96	31	2	80	51	5	13	49	81	48	96	80	86	75	11	93	14	90	13	55	83	77	51	97	67	76	25	76	68	10	88	33	33	43	58	8	4	29	56	76	55	8	34	18	61	69	18	51	93	62	21	10	38	11	34	31	63	38	69	81	83	56	39	99	30	71	74	85	60	5	77	59	58	14	99	55	23	56	37	97	33	43	31	4	85	44	65	81	71	69	59	24	23	72	92	28	67	36	40	52	70	82	50	54	98	15	56	44	91	20	42	9	4	24	28	47	38	35	45	78	32	77	55	65	90	30	81	55	58	60	31	15	87	72	87	25	55	96	34	15	71	80	38	19	91	4	4	15	65	68	44	92	50	26	22	60	77	88	15	24	48	28	85	58	85	26	40	48	48	76	87	25	56	57	96	55	3	32	93	24	84	21	51	90	53	60	47	95	36	50	70	34	11	92	56	90	19	10	73	73	
57	13	39	94	33	12	21	4	91	14	26	77	20	86	19	37	55	83	22	37	73	60	27	27	77	19	82	96	98	60	85	25	35	49	69	24	3	74	100	16	28	8	79	49	42	7	97	87	77	40	28	33	7	88	3	84	90	5	13	64	50	72	71	27	54	16	54	92	62	98	7	22	13	53	11	61	23	2	97	14	81	93	29	63	79	31	50	51	31	53	70	70	13	33	35	36	27	69	49	79	73	25	28	72	47	9	4	100	91	76	59	4	12	41	66	18	56	74	37	45	60	69	99	65	65	51	45	78	60	51	63	21	2	3	60	69	75	94	33	11	6	36	53	44	91	55	33	30	75	44	21	81	25	86	48	17	92	100	33	14	92	54	10	60	78	12	30	85	62	82	24	78	2	70	41	34	11	66	77	37	36	7	26	43	19	7	86	100	12	95	7	30	10	93	56	66	18	4	80	3	
84	51	15	76	67	6	70	81	89	86	35	51	34	15	29	6	4	8	94	46	75	22	73	4	74	27	54	75	54	33	98	41	20	86	29	86	20	55	94	16	38	100	97	7	97	4	10	50	51	45	5	13	81	86	96	34	42	99	81	89	83	94	32	45	84	68	87	40	5	22	19	61	40	85	45	27	23	1	99	52	8	91	8	33	53	81	38	11	16	99	79	50	64	20	89	89	5	18	94	96	22	97	22	62	96	69	86	50	57	23	44	78	30	26	33	96	73	13	63	76	48	19	94	72	65	22	52	19	31	63	72	71	19	84	30	53	26	60	71	35	64	80	15	81	42	95	88	37	79	88	42	31	53	21	56	90	20	22	40	98	97	27	86	88	82	33	22	76	65	11	63	9	18	75	71	85	53	32	62	39	72	97	96	58	55	50	19	96	8	54	77	39	77	81	48	52	76	67	96	63	
11	74	80	80	17	29	100	30	56	3	1	64	8	87	13	67	6	78	20	20	93	90	20	11	100	72	85	63	90	84	44	9	92	86	36	65	91	86	45	14	13	99	49	81	79	68	31	87	99	3	55	4	26	25	72	9	38	67	66	42	64	89	100	82	20	60	46	84	71	60	44	18	61	8	40	29	21	70	71	9	22	76	93	57	78	11	50	85	40	45	91	79	42	2	4	6	59	35	8	99	66	94	86	58	8	12	88	39	83	82	27	48	21	11	99	15	42	60	81	27	32	47	3	20	54	48	76	69	15	21	71	92	73	35	40	53	94	15	14	42	40	83	70	96	69	60	45	72	2	90	100	15	59	50	34	96	9	39	80	60	100	15	33	70	72	29	75	26	27	78	91	96	76	50	45	3	65	79	5	67	63	90	49	78	2	73	97	73	13	16	58	75	77	11	39	55	6	53	54	91	
46	51	64	74	68	94	12	37	24	10	87	30	50	45	38	62	36	47	34	62	21	62	55	4	6	30	14	85	83	80	98	90	23	54	2	65	93	46	58	7	80	24	94	29	61	67	17	96	47	84	81	21	85	99	90	98	78	79	85	87	19	57	28	50	95	76	21	81	14	22	73	79	8	53	90	45	50	84	53	78	32	82	18	16	84	1	17	44	30	51	84	93	53	5	15	39	82	17	23	82	5	48	24	15	45	4	83	12	78	26	34	25	13	81	98	35	52	50	99	76	86	94	17	41	20	28	7	49	87	2	19	73	95	96	3	41	55	63	66	67	51	69	98	26	54	90	5	82	66	24	5	69	92	77	50	19	56	46	89	23	62	9	79	65	13	2	37	90	31	40	17	16	73	18	77	56	85	60	17	36	20	2	68	54	13	47	44	36	72	94	38	41	5	70	58	34	93	46	7	27	
28	66	23	83	50	91	34	34	18	89	17	61	99	65	55	19	64	24	11	17	30	39	3	46	3	24	55	71	98	10	42	22	50	18	87	11	72	58	37	16	99	76	58	3	98	74	51	52	79	100	53	82	63	64	18	51	79	54	59	74	32	41	27	46	91	39	99	55	67	12	98	57	59	31	5	99	78	8	96	61	30	86	33	20	78	79	38	44	21	52	33	12	34	63	69	30	41	63	58	92	80	30	20	60	21	43	17	27	14	78	44	45	97	32	80	42	55	42	70	48	31	50	59	87	4	41	48	29	72	3	84	35	96	55	89	47	30	92	10	4	10	13	48	5	87	96	5	75	32	43	31	93	61	60	18	22	9	12	27	27	35	13	47	28	15	80	59	98	59	50	1	24	91	86	45	5	18	70	46	98	39	8	15	69	7	62	65	77	27	38	53	33	77	32	98	57	90	41	64	46	
86	81	97	48	53	43	22	9	27	55	30	89	4	50	87	32	41	23	88	59	5	54	80	53	55	21	68	44	36	100	23	6	17	71	50	52	87	63	53	2	91	78	83	31	76	88	19	67	91	68	42	19	43	52	12	56	50	4	43	65	53	95	12	35	24	5	40	46	5	64	72	95	76	71	59	60	10	74	21	34	34	10	86	81	62	59	66	26	26	2	26	66	94	30	19	94	62	10	50	29	45	81	85	89	92	36	72	93	16	91	63	37	56	84	7	80	90	57	38	79	74	44	78	25	69	22	86	60	87	60	30	40	3	89	50	46	51	38	52	44	19	18	11	96	22	67	55	21	60	44	9	80	77	94	66	11	60	11	72	29	28	81	28	21	54	42	58	19	33	95	34	44	17	1	85	82	9	79	40	30	37	98	1	22	40	53	94	70	92	26	76	70	24	53	86	98	16	83	8	91	
30	38	96	1	43	79	8	37	15	99	67	72	9	13	25	84	4	67	6	42	8	6	28	34	22	31	100	64	30	17	7	99	85	42	6	67	44	55	74	8	100	36	98	2	53	79	97	26	1	51	45	81	92	64	99	73	75	36	35	52	52	45	51	14	6	63	89	50	2	91	33	90	17	68	99	8	53	99	94	22	92	72	23	53	44	50	60	63	75	5	56	88	71	59	87	3	34	42	49	67	73	55	53	26	35	5	38	58	33	62	2	73	59	27	80	55	78	25	16	42	89	95	54	82	22	93	75	50	25	69	53	53	41	47	46	45	23	10	94	13	46	5	64	53	45	10	47	93	13	10	17	52	16	40	66	27	66	51	51	16	26	32	43	9	92	73	84	3	68	40	55	12	58	73	61	14	36	31	98	23	21	24	73	28	99	77	79	53	93	38	77	89	89	47	65	52	39	72	73	33	
66	85	83	70	87	20	80	93	94	17	20	11	76	81	5	83	85	94	17	71	7	48	54	80	96	53	36	68	30	79	21	32	73	67	22	36	64	82	23	36	40	57	12	8	73	26	38	22	11	55	54	62	88	3	26	99	37	19	54	72	67	84	58	57	38	75	65	39	58	54	83	38	12	61	63	51	50	23	82	54	49	15	48	70	76	16	57	31	66	78	13	78	23	45	55	18	22	3	69	46	49	13	65	71	81	88	69	7	48	47	29	86	48	96	52	88	52	4	16	98	43	2	64	80	56	58	65	12	55	75	26	94	55	30	51	23	45	9	3	22	75	41	21	80	15	20	50	62	75	97	100	15	15	52	71	85	84	46	71	79	1	31	72	97	45	40	95	50	82	28	12	83	22	16	51	47	71	92	94	74	70	13	18	99	73	60	10	54	47	63	83	15	75	80	1	20	63	46	17	66	
38	43	60	71	100	52	23	31	47	6	58	63	61	45	49	25	2	96	99	27	43	68	17	64	53	55	46	32	34	13	64	31	99	60	16	31	89	24	26	7	14	12	70	49	48	40	45	31	45	29	51	20	64	21	11	8	85	46	92	74	19	2	9	73	97	96	39	37	59	38	43	16	1	97	64	83	91	62	12	64	92	26	1	43	42	38	51	56	27	7	54	26	27	58	13	70	24	62	29	59	74	57	80	12	21	27	41	55	18	31	52	56	22	24	51	82	96	18	35	15	91	22	29	45	75	58	99	35	96	94	60	15	63	92	38	10	9	21	91	68	73	31	85	5	36	68	18	8	63	82	20	81	79	19	4	11	52	37	77	98	12	36	27	79	78	27	45	98	75	60	36	99	54	22	67	98	77	33	12	14	20	38	69	67	61	51	84	10	67	29	94	12	98	7	33	60	43	83	50	64	
97	84	62	5	12	10	100	80	11	95	55	31	54	72	73	42	95	19	11	76	70	69	79	23	71	88	61	23	77	62	79	25	78	36	62	84	58	68	22	70	28	7	36	92	94	29	37	21	15	100	4	72	67	62	67	11	6	57	3	78	5	32	22	77	11	51	84	89	85	3	57	18	77	41	15	95	6	34	94	1	19	16	10	77	29	56	1	63	37	23	67	99	27	78	2	72	73	52	24	43	72	10	92	22	77	66	57	99	66	50	61	51	66	3	40	85	48	86	39	34	97	69	95	66	24	85	24	78	34	33	71	14	66	10	52	94	3	91	28	13	33	19	91	87	19	90	14	5	29	8	63	27	45	13	60	60	86	98	64	93	50	72	46	6	37	7	4	60	70	62	10	16	65	98	39	74	77	27	5	1	35	1	95	33	34	1	42	2	87	47	26	96	78	56	85	35	82	70	43	66	
85	16	38	2	12	17	80	12	90	88	91	100	56	65	21	77	53	24	32	62	26	79	54	2	34	22	42	59	78	53	100	58	12	89	89	12	22	77	19	85	11	71	24	74	36	25	91	37	92	85	23	85	46	67	71	90	22	26	21	84	99	62	26	47	63	47	54	34	90	20	5	86	36	42	43	53	52	96	26	2	59	62	25	4	78	6	67	55	2	48	15	68	56	40	7	26	66	68	22	75	98	99	17	79	85	50	51	49	69	88	37	66	6	42	20	44	93	42	11	22	85	89	49	79	25	57	68	92	15	11	35	42	67	4	44	13	22	68	13	68	1	100	52	48	99	6	68	91	31	11	15	76	62	2	56	96	94	15	82	41	67	99	95	98	62	71	5	49	26	3	8	67	76	37	37	97	46	23	24	99	11	21	45	18	74	61	100	49	60	3	45	71	92	49	85	20	5	90	23	60	
20	54	76	32	74	3	45	71	12	20	42	41	34	33	92	90	53	6	37	75	84	37	8	50	54	92	95	28	9	42	34	19	54	12	46	75	96	91	79	57	11	26	49	18	61	29	76	13	8	6	15	77	8	34	75	66	26	7	44	7	83	51	15	80	49	31	30	63	84	4	20	90	90	89	57	37	43	68	74	50	66	6	90	15	28	60	20	51	8	10	16	34	6	77	1	10	98	48	80	83	25	53	89	69	20	71	17	88	22	67	4	44	68	73	53	12	100	85	53	9	73	45	53	63	92	71	13	87	71	6	64	40	51	10	19	46	75	73	33	1	73	73	91	62	23	96	57	6	54	76	10	19	6	19	68	88	80	70	13	93	5	56	13	87	55	49	71	95	38	2	97	41	57	83	39	9	93	30	78	14	83	67	84	59	41	43	70	13	87	24	33	70	52	53	54	2	72	59	33	51	
33	83	31	56	14	78	16	14	66	32	97	78	11	44	65	22	59	33	84	23	75	65	49	41	86	13	98	38	14	70	23	24	53	31	42	59	13	56	96	57	64	81	45	69	36	4	36	56	30	34	90	51	60	57	95	31	22	42	26	89	6	96	43	54	8	15	23	43	92	20	1	59	23	53	61	8	60	55	2	17	57	81	69	44	23	25	24	12	37	21	71	76	53	42	96	60	22	67	29	72	5	43	99	18	98	31	16	55	47	20	39	96	12	75	60	99	66	64	26	4	2	13	78	2	31	83	21	11	80	36	80	83	69	13	18	5	41	31	19	100	73	48	66	68	35	80	36	48	96	90	91	85	69	82	77	39	29	95	15	22	10	100	88	81	75	12	34	70	51	97	89	12	12	32	57	49	84	70	22	19	28	5	87	52	83	20	59	91	75	17	83	32	64	86	5	87	23	11	12	8	
47	3	5	46	63	72	11	100	74	45	37	88	47	91	67	80	20	97	4	46	33	17	8	34	96	92	37	46	5	89	30	12	55	33	45	32	21	68	34	63	69	89	79	72	36	26	10	89	36	12	49	75	29	95	49	97	82	29	39	24	52	94	58	78	45	64	7	16	73	55	4	61	92	22	81	37	17	7	36	62	20	67	66	62	51	2	21	58	68	34	92	85	97	13	25	7	48	55	59	57	64	27	58	20	8	41	98	40	49	67	66	54	77	76	40	78	12	33	35	67	38	55	93	10	46	87	45	2	38	53	15	70	98	48	11	64	21	85	91	52	91	66	95	100	12	25	50	1	10	8	40	88	6	46	19	78	75	8	28	31	11	77	5	86	83	71	63	69	78	82	51	79	29	24	45	89	85	100	58	61	40	8	18	25	62	13	12	78	92	77	18	79	13	16	20	45	61	56	1	33	
71	34	6	6	16	12	44	24	71	46	4	60	96	53	49	77	22	8	50	40	9	64	92	80	48	66	23	34	25	11	96	19	35	82	3	60	17	56	13	52	55	38	39	55	77	7	8	5	2	18	4	99	72	38	81	4	42	45	10	29	56	36	69	100	36	8	5	40	58	93	54	59	22	29	35	62	84	89	81	81	59	98	92	83	69	25	13	48	34	32	8	67	31	44	90	60	25	100	46	77	82	95	23	60	41	8	23	73	23	7	88	57	58	46	34	90	74	93	71	43	53	79	40	75	44	69	40	39	19	44	81	96	26	5	96	53	80	5	87	48	62	68	100	95	99	25	86	18	58	90	79	30	80	2	70	29	20	70	28	18	3	38	36	49	78	19	42	10	7	44	89	43	34	14	66	56	72	23	12	3	47	54	97	38	32	5	33	75	52	50	42	61	45	77	82	83	61	34	4	14	
30	17	3	70	80	54	16	20	81	27	73	99	10	54	92	16	27	13	64	10	34	80	40	50	82	70	70	77	88	73	4	66	40	33	45	67	2	36	46	63	79	76	91	42	22	98	59	74	54	23	76	61	77	36	11	10	72	26	89	58	93	87	8	2	85	10	21	14	65	39	52	10	5	48	37	40	60	75	92	43	36	78	46	12	52	78	1	1	65	8	25	76	91	59	69	88	53	9	1	12	16	83	35	39	62	66	6	51	51	28	44	75	89	21	6	13	57	9	21	2	80	75	65	77	95	15	4	26	91	91	42	69	54	87	22	45	15	36	19	99	23	35	12	99	23	10	89	35	80	7	33	17	43	85	91	4	60	21	52	34	70	44	88	92	40	70	22	80	65	83	19	29	26	96	69	87	11	69	97	63	45	87	38	99	94	73	15	25	31	13	25	57	35	29	99	87	89	7	2	17	
10	62	99	92	70	82	25	24	46	43	37	99	67	37	87	99	45	80	13	78	74	36	73	74	18	39	94	77	60	77	31	57	69	31	15	48	46	85	74	50	90	34	94	95	25	54	9	57	95	54	39	63	42	89	31	95	28	24	57	65	47	13	19	28	25	40	34	80	2	31	85	24	81	82	13	24	37	53	91	42	72	8	74	32	74	86	17	29	73	40	89	53	54	66	96	37	83	34	72	54	48	58	34	11	16	5	89	71	77	83	64	20	92	3	69	57	12	31	36	34	74	94	15	13	34	37	94	57	4	55	95	60	90	96	67	10	20	68	90	6	96	80	25	25	10	29	63	3	16	30	61	71	31	56	64	29	88	95	93	46	10	64	33	94	7	97	47	100	9	43	61	99	19	80	45	96	21	86	99	11	22	42	8	16	8	69	61	61	48	57	69	64	89	19	39	80	23	23	38	33	
99	72	33	51	5	85	24	59	45	32	48	9	61	64	22	50	31	64	94	57	21	45	30	37	23	4	50	20	56	80	8	50	90	88	5	53	96	79	45	4	80	57	87	21	37	59	58	62	34	33	50	32	84	23	75	24	81	27	59	89	26	41	88	25	95	70	9	100	73	64	16	91	80	53	44	24	14	55	9	66	83	55	24	63	99	72	73	66	65	77	11	100	70	6	84	40	48	28	45	7	99	9	41	55	18	78	44	44	12	10	37	87	24	17	87	13	5	76	24	14	80	40	11	96	95	49	88	33	4	33	88	45	5	5	55	47	50	18	14	68	57	36	50	86	89	63	63	11	25	78	43	98	57	41	7	87	75	8	100	73	30	46	77	30	22	89	52	31	42	48	28	37	3	19	73	49	81	37	80	95	42	56	5	56	35	43	54	77	5	6	74	29	16	4	29	91	42	78	97	24	
21	29	79	30	45	57	55	41	4	90	9	91	61	91	8	70	32	64	76	61	64	7	17	100	33	70	15	78	49	53	14	9	78	26	16	80	45	99	3	40	34	73	11	66	80	59	68	52	51	42	74	39	43	1	44	8	61	89	34	20	12	77	78	48	29	7	56	89	73	50	15	44	40	60	85	74	93	88	41	66	65	48	36	9	94	53	68	96	20	50	66	5	59	10	65	13	87	26	62	14	44	3	51	40	48	6	7	70	29	1	33	65	9	24	1	58	1	73	87	46	79	11	43	25	60	84	63	45	15	30	37	72	82	75	21	93	62	8	5	91	6	48	1	18	35	3	11	94	69	36	54	82	86	43	75	81	26	26	27	92	89	42	81	56	98	66	72	67	19	88	80	17	68	15	52	86	94	30	63	91	79	28	24	79	16	13	10	30	39	88	96	20	54	20	56	83	57	53	44	17	
52	9	27	66	17	17	46	66	6	65	47	4	6	85	26	18	47	89	54	95	46	74	29	1	33	24	98	88	35	11	36	23	49	63	5	67	33	78	99	7	27	68	42	22	47	6	28	9	16	23	94	4	70	1	78	74	86	80	29	7	85	79	8	91	2	66	26	76	23	71	59	1	76	76	6	21	64	75	55	40	64	77	44	92	27	3	97	97	47	83	7	71	69	94	40	66	28	54	7	54	22	8	22	5	20	13	80	27	94	1	73	56	31	14	78	98	11	95	83	2	21	23	16	91	47	9	47	44	65	75	79	2	66	32	60	13	75	63	29	31	54	96	10	58	80	16	25	69	63	25	19	12	74	67	42	51	31	33	71	1	13	94	40	78	48	46	75	91	45	7	79	58	72	32	75	6	88	74	92	11	22	41	95	20	70	72	95	77	48	56	47	74	29	29	53	70	18	60	19	18	
97	16	27	48	26	45	97	53	46	83	4	47	22	98	32	10	62	32	85	88	5	84	37	80	25	84	28	54	43	79	34	53	84	46	12	99	19	94	56	78	3	57	70	57	33	76	41	8	74	72	29	16	15	10	46	84	98	44	42	18	10	5	45	21	92	34	89	60	65	88	17	63	65	11	67	99	73	55	39	47	17	7	19	17	56	93	50	98	92	9	60	36	74	51	33	96	91	55	8	24	32	35	68	38	79	57	37	2	43	25	12	75	25	70	86	3	85	70	67	62	73	21	21	83	73	19	70	94	68	44	88	90	24	43	44	10	97	82	8	11	76	90	8	90	7	30	78	36	25	31	55	41	15	17	100	68	6	69	18	52	65	40	73	6	71	25	82	45	60	80	8	78	44	14	10	21	84	75	98	50	67	14	4	9	15	99	92	81	71	62	83	37	70	97	76	89	95	89	38	85	
31	7	29	85	57	75	88	15	4	77	33	62	96	29	28	92	10	19	95	48	36	77	58	96	16	98	19	60	96	13	71	58	64	45	58	94	90	77	93	15	20	97	89	67	92	65	33	13	53	42	100	40	15	65	76	2	9	84	17	48	8	4	39	30	35	91	4	75	29	28	38	11	18	83	36	47	70	97	7	2	35	71	22	20	24	54	42	82	77	92	30	1	77	74	21	98	93	35	31	76	99	22	23	13	32	13	45	38	73	19	46	57	80	96	50	56	44	37	20	42	92	79	52	95	13	49	23	72	44	21	42	100	5	31	9	17	100	20	63	15	10	91	40	79	33	61	43	54	19	55	28	7	70	80	10	66	50	9	7	54	67	81	91	57	57	78	87	62	19	72	50	81	97	63	43	69	24	89	76	73	99	52	20	62	85	6	75	22	42	36	13	56	92	92	54	63	96	73	36	57	
93	50	66	69	20	79	23	56	90	43	91	3	10	20	82	75	13	37	4	56	54	38	96	44	34	24	23	76	89	57	81	63	47	68	83	82	17	84	55	54	29	48	66	49	3	48	36	9	69	50	76	16	10	21	22	38	94	78	38	27	80	9	73	37	73	44	45	10	100	47	2	55	25	39	8	20	36	59	38	1	14	13	86	6	5	30	33	2	60	59	32	31	39	58	38	90	63	88	27	68	62	69	40	5	2	44	39	59	72	40	56	89	83	76	57	39	56	77	43	76	79	37	9	19	88	94	80	68	92	81	31	15	69	93	80	52	15	81	27	76	19	85	88	30	17	71	98	82	12	41	7	76	14	91	70	35	27	52	45	76	67	40	20	54	33	25	79	45	92	41	57	66	71	81	7	22	34	88	8	3	88	46	75	75	29	94	69	4	7	52	13	96	3	86	30	59	35	8	19	23	
24	46	29	70	14	84	41	32	87	87	29	15	67	78	83	25	69	22	26	55	36	43	33	48	12	31	42	75	45	94	97	66	32	24	9	47	62	14	32	46	53	20	71	1	96	23	14	54	43	11	6	4	45	43	83	78	78	89	34	27	29	93	45	77	39	71	82	17	66	36	23	43	2	47	25	45	26	19	68	33	96	56	81	20	44	94	19	67	89	93	88	89	66	82	20	53	89	13	17	32	98	2	48	43	47	52	65	82	96	90	25	69	92	92	91	100	2	39	23	45	54	45	75	51	10	83	1	44	50	25	53	59	92	61	77	16	15	79	45	62	6	69	6	80	43	31	57	86	74	15	70	14	16	17	27	34	45	72	33	62	73	40	31	94	72	68	80	97	51	40	68	75	5	96	94	58	66	37	38	59	72	32	35	70	92	87	21	8	92	91	59	88	64	89	86	24	16	22	55	5	
38	48	15	54	11	13	40	94	50	82	2	98	81	76	86	57	49	89	69	19	80	42	80	79	46	43	65	72	77	3	6	33	23	74	54	41	60	84	41	31	31	69	29	30	63	65	51	58	86	45	14	69	5	74	43	11	100	72	65	64	33	95	42	49	58	65	34	62	33	77	21	31	96	5	53	90	53	46	33	14	45	98	63	87	78	54	16	2	12	26	20	31	79	17	60	86	17	12	64	84	71	46	16	82	84	59	87	80	66	7	16	4	6	28	5	12	80	46	99	39	10	72	62	74	8	38	40	95	26	86	21	50	77	60	94	40	52	19	13	2	19	82	46	2	85	56	41	43	67	17	80	91	17	98	97	84	7	29	20	99	82	48	80	98	43	39	81	47	71	74	96	29	14	45	27	82	76	11	54	99	83	42	39	4	100	100	27	7	59	49	79	21	10	47	57	63	21	53	55	52	
84	90	10	16	15	83	99	23	32	54	88	56	87	27	84	25	87	80	52	59	46	59	69	100	24	64	47	43	45	61	35	91	95	47	71	20	44	35	82	79	98	37	3	89	39	94	5	2	21	63	76	42	10	38	29	58	10	82	51	51	26	32	61	52	27	3	28	87	8	37	80	97	35	35	2	66	58	44	99	45	69	65	28	32	93	37	33	66	35	72	66	53	7	32	69	19	34	68	46	81	56	26	5	63	34	76	97	28	8	16	35	4	21	83	67	95	31	25	5	26	58	63	28	85	82	33	77	57	22	48	56	34	50	18	66	66	71	4	60	56	68	77	19	70	91	64	7	75	42	100	10	70	27	97	77	97	30	32	50	64	5	41	22	86	11	18	64	19	39	87	60	29	3	81	42	5	29	19	98	64	17	79	31	33	95	16	74	11	40	97	90	5	91	40	73	53	84	45	34	28	
24	30	8	98	96	85	86	87	28	68	7	61	99	85	75	51	26	91	19	68	33	45	35	73	74	24	89	39	20	69	53	89	39	80	53	24	76	89	45	48	44	45	93	75	92	7	27	66	80	2	70	65	100	78	12	89	48	43	61	13	5	94	48	20	2	23	65	92	74	37	19	13	69	98	69	37	61	14	20	58	90	6	16	64	66	96	90	10	44	90	50	59	54	44	64	11	8	6	42	96	62	81	65	40	82	54	45	1	97	61	38	100	7	68	63	4	97	50	68	1	75	1	63	48	19	65	1	37	60	17	90	96	19	22	11	27	85	11	60	96	88	39	78	29	4	29	87	81	51	68	66	35	34	84	97	81	11	83	1	33	9	32	43	53	86	98	43	63	27	12	29	99	57	31	66	19	11	45	89	100	76	51	93	98	81	93	78	42	35	27	15	80	93	86	4	88	20	24	83	12	
55	51	43	18	2	63	81	2	18	89	86	1	3	26	98	39	13	73	94	83	21	64	27	4	20	50	66	27	55	81	90	10	25	67	35	13	38	84	82	10	49	15	9	94	100	43	50	33	30	39	24	56	42	61	56	33	60	20	70	78	94	62	96	13	18	38	6	82	90	42	84	89	63	61	95	92	18	1	75	39	11	18	38	25	34	18	16	8	16	1	92	25	79	87	79	86	82	96	21	45	48	70	37	14	49	10	94	97	83	2	22	21	62	51	69	22	96	12	35	78	13	43	22	30	83	59	74	99	77	92	20	9	56	9	60	66	84	52	86	94	80	29	75	20	60	88	75	26	31	6	50	27	45	7	30	11	87	95	1	54	32	55	47	26	39	73	93	78	73	19	89	95	83	81	70	69	34	13	18	14	28	7	41	74	38	68	18	18	32	89	29	37	84	22	95	55	82	14	4	70	
38	5	63	70	98	87	83	74	22	71	41	91	27	90	53	60	31	92	16	13	9	48	99	63	26	42	29	94	69	69	72	43	80	8	24	82	87	95	31	22	65	25	84	36	73	26	83	80	41	55	69	84	17	94	30	67	9	44	2	30	32	52	51	10	79	21	31	53	95	60	52	85	83	50	83	36	74	76	99	12	67	62	39	36	41	43	6	36	76	86	13	13	20	15	90	98	47	40	93	17	84	58	83	21	85	20	82	91	58	42	65	59	21	96	40	11	22	2	87	32	17	3	27	66	92	28	60	80	88	100	22	39	46	12	11	51	46	37	98	15	70	95	8	70	21	95	8	26	33	69	9	52	72	29	32	83	95	30	72	29	22	99	73	77	24	9	55	44	22	42	28	7	83	98	26	74	58	35	47	50	69	8	62	89	33	78	18	47	60	58	10	80	89	57	54	30	99	89	30	3	
65	72	53	28	23	99	47	95	83	98	68	48	90	6	67	3	77	41	49	98	37	27	19	85	77	41	63	84	19	74	79	46	44	23	79	52	19	43	71	21	41	91	89	65	76	65	85	65	79	64	68	29	46	67	6	66	70	100	55	59	41	20	86	50	97	69	36	4	35	2	2	88	9	79	16	52	90	15	57	30	87	15	2	58	31	40	85	52	60	45	50	64	94	43	34	38	34	55	46	27	52	61	60	63	72	83	94	4	15	43	63	30	82	20	73	79	63	24	96	46	70	41	89	14	54	28	49	58	15	33	40	80	89	27	72	51	71	77	64	82	13	15	28	28	52	93	100	27	71	18	7	45	33	20	50	1	1	72	99	57	50	50	7	55	75	6	72	8	78	93	11	1	66	93	92	76	76	11	96	71	17	80	55	70	51	21	59	32	15	38	11	43	65	97	61	14	97	1	1	98	
48	57	54	37	82	60	68	75	42	17	28	1	86	26	48	49	22	89	44	11	62	63	47	46	100	3	86	67	37	46	36	84	18	58	88	94	88	9	44	38	45	43	74	49	46	76	89	55	80	47	78	59	51	72	18	10	14	92	58	33	49	85	83	29	96	11	12	62	89	12	31	43	15	74	94	46	65	84	46	17	71	4	10	32	29	62	89	36	48	35	36	40	52	17	7	39	20	37	88	50	63	83	39	90	35	14	22	56	94	10	32	62	16	73	49	93	66	10	70	22	98	14	10	65	53	79	87	45	24	14	98	60	23	27	29	16	79	98	93	41	93	22	31	18	34	46	73	92	1	52	54	76	62	99	64	33	54	29	57	85	81	100	10	99	49	76	95	55	66	36	93	68	29	23	1	49	63	59	10	9	13	21	5	7	67	38	87	19	49	26	21	5	64	27	4	41	21	76	64	34	
34	10	83	61	43	18	68	26	53	6	65	24	92	83	75	36	13	86	12	35	44	76	67	58	72	49	15	37	31	52	3	77	3	36	3	60	47	93	71	31	24	24	95	54	90	15	50	62	7	76	79	86	35	62	69	38	44	85	61	50	40	58	71	74	34	56	100	54	81	55	57	23	64	47	59	28	13	24	73	9	5	4	19	64	97	29	6	32	95	56	28	70	84	63	52	96	66	34	45	10	20	85	28	28	6	91	1	70	29	3	86	92	96	5	71	13	12	54	57	15	90	98	79	37	75	20	67	94	48	92	97	100	62	35	28	26	1	12	50	67	5	10	11	3	70	10	30	89	13	65	67	67	73	82	5	9	32	22	50	81	60	4	3	95	31	63	24	95	98	26	1	25	26	85	83	34	18	87	94	38	59	60	30	92	86	61	70	38	60	44	56	14	43	97	72	62	41	19	7	73	
34	38	76	10	54	61	54	49	28	31	77	85	13	71	85	24	41	17	68	10	75	27	84	65	84	35	5	81	66	19	8	81	60	38	52	81	88	98	48	87	75	27	87	2	59	13	70	67	51	92	12	60	6	32	60	51	67	55	44	38	29	3	15	91	97	57	74	83	74	25	95	56	47	28	57	35	43	21	82	53	73	53	24	61	84	41	64	26	14	72	13	83	62	46	19	16	17	35	68	38	9	23	83	4	97	58	92	48	80	1	72	63	98	93	40	28	87	47	12	64	17	44	57	17	11	44	73	81	28	54	27	15	9	13	81	32	31	36	72	99	56	100	77	38	44	64	46	42	94	40	81	40	40	48	41	32	55	99	50	100	4	83	16	75	75	73	86	57	21	55	5	66	24	19	72	7	7	12	98	69	13	89	45	100	85	51	44	18	58	57	2	94	17	87	2	93	66	77	88	57	
43	71	40	34	76	96	19	20	15	77	85	98	100	60	43	1	99	37	88	68	27	59	33	51	78	60	85	43	43	32	39	24	80	29	35	33	4	34	16	56	25	38	46	88	25	32	56	48	1	24	58	42	40	20	91	97	45	37	64	78	39	1	57	90	81	75	87	18	34	26	88	36	35	81	44	34	30	43	73	32	22	28	18	6	31	71	81	50	40	13	4	18	37	52	22	54	22	53	36	77	54	30	94	36	52	50	22	96	98	48	10	87	59	52	28	82	24	65	84	11	79	43	7	74	92	66	20	95	85	10	86	33	79	47	28	43	72	27	46	95	13	88	5	36	88	33	77	81	40	73	91	20	31	80	22	43	47	73	7	10	3	16	44	9	6	6	87	40	37	15	23	6	18	30	74	52	68	23	77	33	86	34	82	18	25	21	45	40	8	71	25	56	80	32	31	9	100	34	26	32	
19	61	94	44	62	68	20	53	50	8	2	66	5	52	70	3	53	80	39	66	87	72	34	18	63	23	76	6	34	67	78	31	11	48	5	20	55	71	1	93	34	44	45	36	16	45	81	41	36	100	29	90	27	59	21	31	55	28	65	2	18	79	43	100	95	67	4	43	1	46	68	37	30	24	24	28	13	91	66	84	14	74	30	58	80	31	9	67	62	95	67	29	20	12	32	26	65	50	62	70	62	88	2	6	66	49	79	96	78	55	6	86	7	74	58	8	100	7	38	98	71	87	81	52	74	76	67	27	58	60	88	70	65	28	21	9	97	79	6	98	87	81	86	49	92	94	30	56	78	6	57	54	94	98	86	53	26	77	55	99	95	75	9	81	53	13	67	16	67	29	68	48	65	30	76	69	58	24	71	35	46	5	21	99	56	48	35	14	71	21	51	7	59	68	78	12	96	92	58	29	
71	27	98	17	3	13	15	85	21	27	83	12	42	5	85	64	54	46	6	88	97	86	42	63	27	34	87	8	92	53	88	85	28	62	6	42	77	18	23	87	55	72	60	6	3	100	98	64	37	28	43	55	49	46	27	62	52	58	71	50	87	12	44	17	66	89	24	36	3	66	25	77	70	75	22	44	27	5	36	26	52	12	98	66	92	34	49	91	90	19	25	71	94	87	90	91	13	32	12	9	9	29	31	72	70	65	72	57	42	1	27	21	75	85	31	70	24	65	59	55	48	68	45	54	100	70	20	16	85	78	82	72	13	15	54	92	45	78	37	62	55	75	83	78	40	7	22	98	48	71	57	33	72	43	11	86	39	24	75	49	31	75	6	53	21	78	54	89	64	61	98	4	79	36	93	43	86	99	65	3	30	71	98	7	25	75	49	23	64	84	74	30	41	10	23	14	54	47	70	26	
32	58	58	79	34	81	28	49	83	4	37	36	26	79	54	74	18	86	29	82	2	41	16	98	56	47	71	7	51	35	88	42	90	35	42	29	56	40	86	45	2	48	12	83	2	60	99	44	11	37	6	60	11	54	66	98	45	12	81	37	16	68	61	21	96	97	85	52	30	44	17	42	28	23	38	55	56	43	35	11	94	82	46	68	30	98	5	49	99	52	100	10	44	74	72	71	34	37	99	85	75	10	5	86	52	64	50	60	63	22	51	80	63	75	8	68	32	53	92	25	32	49	86	8	29	53	89	78	26	12	33	29	2	80	42	73	40	27	7	71	49	12	71	19	70	97	89	66	46	25	78	25	68	39	18	98	73	9	6	76	63	73	6	13	78	18	3	65	11	93	48	59	99	65	34	100	82	7	79	37	88	3	83	20	56	60	64	5	5	78	66	9	60	99	98	40	32	65	99	42	
13	40	77	91	46	64	74	85	19	64	68	24	27	81	97	20	12	100	66	77	87	9	68	33	99	67	60	44	60	27	90	77	70	23	99	74	75	51	21	15	82	59	40	37	75	96	12	28	48	34	98	22	45	53	29	81	70	74	97	77	73	59	50	38	11	82	31	7	96	8	40	95	36	62	79	59	62	15	34	89	96	42	46	4	4	24	83	90	21	44	84	46	49	11	93	50	29	97	14	55	19	26	51	31	84	18	97	70	46	52	93	58	21	69	93	29	64	7	1	22	31	60	96	61	18	97	31	82	40	30	22	75	37	59	58	84	95	45	4	5	71	34	63	42	22	47	52	72	75	82	87	79	80	81	64	43	93	55	72	95	24	86	87	67	54	3	25	49	16	14	4	95	36	31	69	61	63	48	22	9	53	12	65	1	35	63	37	97	35	45	27	82	80	69	14	50	67	95	6	100	
25	56	50	76	14	80	69	38	29	10	81	30	52	43	72	21	24	12	89	86	78	7	82	36	96	9	83	83	45	33	28	51	82	52	13	72	49	13	69	95	5	60	84	38	32	86	39	71	80	74	20	100	15	52	38	81	79	20	33	14	100	82	78	26	32	93	89	6	67	85	54	49	38	53	12	49	92	84	86	58	9	27	28	80	63	93	96	3	74	89	8	82	20	56	78	52	47	49	15	97	23	30	71	82	47	95	82	10	99	44	88	34	1	17	77	100	20	46	91	83	97	51	62	67	14	19	56	94	48	85	76	26	90	98	19	3	50	98	60	49	95	70	69	10	80	100	31	67	91	45	62	45	97	47	19	63	78	44	8	55	95	57	40	16	89	65	49	37	61	58	76	15	41	60	1	7	62	55	84	34	18	9	62	25	71	37	84	53	50	34	2	37	57	100	26	71	8	24	70	70	
63	3	53	76	85	92	68	78	1	13	28	89	31	53	26	60	98	8	14	40	65	95	70	10	39	27	65	67	43	32	40	53	65	52	29	24	47	49	90	9	11	29	6	58	52	51	64	17	90	49	93	12	85	48	92	1	11	53	10	11	62	94	57	62	55	18	30	76	59	25	96	13	20	82	94	62	25	33	52	17	25	93	54	83	19	56	96	100	100	40	5	36	73	60	49	86	40	62	13	66	39	5	74	65	46	73	33	17	78	95	49	1	40	98	67	56	3	31	57	37	80	74	49	13	56	35	67	93	48	62	65	27	31	59	33	68	82	75	70	26	38	51	78	7	65	9	42	19	45	60	19	92	51	71	39	27	73	22	78	66	98	21	37	67	64	11	16	61	12	85	99	91	52	70	46	69	23	88	29	68	8	39	39	45	71	90	33	45	51	74	55	78	100	60	47	50	63	16	13	67	
30	8	20	15	67	62	80	88	58	8	51	96	34	21	54	23	31	30	94	83	60	24	27	57	70	28	34	57	91	52	57	57	57	69	17	8	51	14	84	43	52	23	63	40	9	73	77	74	96	84	56	91	31	13	60	67	65	98	74	82	13	60	51	53	97	33	51	38	38	57	18	24	63	25	74	49	47	82	6	73	11	82	83	96	69	42	54	100	2	20	54	68	2	70	65	95	52	6	77	18	17	54	84	77	19	77	97	59	74	94	17	64	41	27	35	41	22	34	59	42	47	4	50	46	82	68	80	9	76	82	11	78	40	50	95	40	28	60	62	3	2	97	82	44	83	43	48	88	7	80	72	41	40	74	87	12	19	42	93	36	26	55	15	29	61	93	14	58	85	88	64	1	75	82	87	40	47	87	29	36	37	98	46	8	70	34	38	25	27	14	56	19	89	99	39	73	70	78	34	12	
53	97	44	92	41	23	37	76	35	87	24	93	40	5	72	90	31	69	61	51	80	48	39	2	81	67	40	54	12	43	96	2	7	57	28	88	87	94	2	64	42	36	4	53	59	22	20	37	55	94	5	46	2	95	9	20	25	58	50	13	36	80	63	74	61	80	35	35	87	16	26	50	68	68	20	39	39	52	16	77	21	5	85	46	20	20	10	25	99	57	70	1	79	71	37	56	52	53	4	6	44	29	24	7	11	2	16	32	15	32	10	33	55	31	43	63	47	85	72	44	16	29	62	23	65	10	83	93	87	24	63	91	17	1	34	55	12	36	10	8	97	89	51	89	19	61	28	80	79	8	50	57	68	96	60	29	89	28	11	93	1	5	23	68	98	48	4	76	99	64	94	39	93	94	7	99	13	69	95	60	28	5	94	85	1	52	48	41	100	39	89	74	19	16	58	40	35	84	33	17	
43	16	83	53	6	2	15	37	86	46	16	90	86	92	67	50	80	21	30	59	53	13	49	69	58	61	67	85	64	73	63	48	47	94	33	17	77	42	19	28	11	21	43	7	67	57	54	37	99	25	91	68	37	89	88	61	46	23	43	76	66	57	49	54	82	96	12	76	60	67	53	8	45	89	66	28	47	92	45	50	89	96	51	74	63	40	38	78	76	44	52	57	33	25	52	38	69	87	20	60	75	69	11	35	71	50	95	100	51	13	79	30	29	11	44	19	51	30	54	80	47	63	68	71	85	16	88	1	25	78	9	96	16	24	44	12	83	99	16	67	41	12	79	43	29	99	37	17	58	78	81	66	75	29	29	99	95	7	1	68	25	66	6	48	4	59	95	15	91	1	39	53	17	79	21	26	26	83	36	87	37	19	18	6	74	24	52	87	76	1	97	37	19	40	65	26	98	83	73	43	
50	20	72	33	27	13	87	44	20	30	71	89	98	25	95	73	31	96	46	11	69	84	5	83	8	76	9	22	4	87	85	53	12	98	72	65	14	36	58	36	71	69	44	40	41	98	51	11	7	88	48	46	81	100	1	32	59	74	31	24	20	43	60	36	79	80	19	31	48	44	62	90	71	72	6	46	85	15	58	56	85	78	71	34	79	88	24	81	65	91	61	60	44	20	21	99	66	65	61	83	82	18	45	100	92	93	24	54	66	92	10	53	55	54	69	8	67	21	7	99	68	93	14	36	97	24	47	94	56	2	18	76	73	91	17	58	22	54	65	76	57	12	29	34	26	19	3	68	72	44	97	71	5	14	3	57	83	83	66	29	26	24	18	65	79	99	36	41	52	75	93	17	5	4	16	21	99	77	52	84	66	45	6	62	38	13	23	99	37	39	77	90	35	90	61	14	19	38	42	60	
77	86	72	77	85	44	57	64	18	66	17	30	99	64	47	23	59	90	57	53	47	78	52	78	62	7	35	32	95	91	42	76	24	42	54	8	76	91	15	46	17	37	41	52	97	31	55	33	30	14	49	90	19	78	4	72	58	69	95	73	42	58	60	62	67	45	73	24	83	76	73	33	64	81	17	23	100	65	16	96	93	93	99	22	19	17	12	94	30	45	23	39	37	55	52	89	48	87	20	59	39	33	5	1	74	23	14	66	96	87	92	97	22	43	4	82	52	55	24	50	57	43	19	98	83	91	48	15	57	70	75	50	18	86	1	73	16	22	98	37	83	32	24	14	96	80	19	15	32	14	63	81	96	45	81	31	81	98	93	23	85	19	30	30	36	65	31	60	70	82	94	79	4	59	86	44	82	39	71	13	64	79	43	16	3	90	37	25	27	91	73	84	14	64	88	42	79	95	89	18	
57	47	13	71	90	7	96	33	52	28	46	16	70	62	30	22	53	35	46	37	69	38	49	22	59	94	14	62	87	28	72	96	27	7	97	57	2	70	48	78	91	76	53	75	4	68	57	20	66	7	52	20	23	9	28	40	31	10	28	20	51	62	97	77	64	6	67	84	49	12	71	100	29	26	26	63	51	100	60	81	92	93	33	95	60	90	33	69	77	13	82	50	79	9	9	84	25	52	46	25	72	27	52	6	43	100	55	34	10	92	42	29	34	8	73	40	79	99	48	16	71	48	28	5	59	48	71	29	96	41	71	45	77	45	85	61	51	67	39	37	39	57	45	66	69	45	73	52	75	10	43	7	94	27	42	66	70	26	92	1	83	72	74	76	93	34	69	1	46	87	7	21	16	86	48	71	91	4	16	94	10	68	67	63	31	94	12	19	84	69	31	82	78	58	52	39	66	69	70	88	
67	11	74	18	39	99	18	65	46	36	71	57	87	17	13	63	64	2	54	82	64	6	46	87	43	2	46	80	47	25	99	87	18	31	75	84	42	14	60	49	79	65	6	11	43	22	32	84	66	10	89	43	25	94	13	58	23	10	74	80	86	93	25	57	13	16	40	7	88	50	76	60	100	36	91	37	45	59	41	80	10	66	84	83	9	10	83	19	50	90	9	96	91	25	16	32	35	43	88	53	80	21	19	35	26	36	58	38	83	5	72	24	82	98	58	97	62	67	21	39	3	94	54	85	17	64	55	84	55	34	85	3	56	5	82	14	47	98	74	97	9	49	89	56	87	96	49	86	6	21	69	22	58	82	5	19	69	74	76	49	34	7	52	69	43	100	61	7	69	40	99	26	21	44	71	76	73	97	4	46	12	48	56	34	34	15	92	8	59	20	81	61	20	85	96	89	98	43	15	88	
21	54	41	51	41	31	43	89	33	9	45	88	26	11	56	10	86	54	4	71	13	28	75	51	33	1	19	24	30	15	48	95	54	31	11	58	78	16	23	75	7	83	87	16	9	13	29	33	44	42	13	100	85	30	43	48	17	39	44	56	77	67	87	93	49	16	39	78	15	86	27	26	26	55	47	54	59	87	56	100	76	82	56	36	96	83	4	50	59	66	66	84	78	54	79	18	30	87	40	6	54	24	94	79	60	60	96	81	85	60	38	30	8	52	58	25	38	2	24	87	89	86	77	10	72	22	83	4	3	11	53	65	85	18	9	36	71	77	77	46	93	84	85	72	11	21	81	94	88	84	24	34	66	76	29	11	34	58	76	63	18	7	68	58	86	82	63	62	23	47	13	26	99	82	91	73	86	25	74	39	27	14	93	76	3	5	69	55	42	61	36	46	37	4	63	92	61	51	84	82	
30	85	75	13	63	20	67	15	69	10	9	25	48	70	58	56	37	55	90	53	23	16	19	25	15	26	46	15	16	41	51	96	95	87	75	73	41	74	21	70	85	60	35	35	93	25	25	14	79	75	34	41	54	51	28	14	2	2	60	19	55	77	66	47	31	94	58	89	49	99	72	32	77	16	47	34	30	89	19	82	39	59	34	94	53	21	78	36	49	36	100	51	65	3	53	64	24	99	99	42	13	19	94	99	45	91	83	24	78	25	49	73	53	13	48	16	60	25	69	40	56	73	82	25	28	17	69	93	32	66	32	79	60	70	79	31	92	33	27	23	30	70	100	23	69	86	37	30	74	75	89	88	37	11	19	45	13	35	11	59	87	12	23	24	99	7	48	55	88	87	69	83	77	39	4	97	25	1	17	83	64	55	87	14	18	10	29	35	59	53	11	92	84	55	13	93	4	72	90	82	
96	78	22	83	1	69	33	35	41	9	73	24	36	99	15	11	10	90	65	94	79	35	94	38	24	52	31	98	56	1	14	2	8	98	58	28	31	21	94	6	50	14	62	93	16	39	18	82	18	44	43	75	41	12	19	40	53	87	18	83	75	45	33	84	75	2	99	34	16	38	56	99	49	34	52	47	2	49	68	30	78	41	32	95	94	33	41	55	74	28	99	74	40	2	27	99	48	13	12	87	83	99	2	63	87	63	78	71	74	62	31	27	71	17	25	33	58	76	47	37	43	23	13	23	92	20	93	59	93	77	62	5	17	46	40	98	94	12	5	24	78	22	58	12	97	99	80	63	92	98	76	8	38	54	98	89	18	47	96	10	94	98	77	71	65	79	22	84	29	29	95	36	52	71	16	4	74	17	71	81	24	70	2	67	44	57	42	17	73	91	91	37	96	67	99	30	84	45	42	37	
58	91	96	89	30	14	45	37	12	41	22	31	47	64	97	29	45	98	78	59	52	81	1	8	62	49	99	90	83	46	58	59	15	98	1	17	76	70	89	62	36	56	58	10	54	96	59	30	53	39	32	43	34	60	53	89	96	20	15	82	77	10	24	45	52	27	84	38	84	84	50	40	34	92	61	89	30	77	11	60	43	60	60	88	60	29	52	4	52	80	71	37	33	55	82	55	85	44	49	2	13	34	18	20	60	21	26	33	67	100	62	28	60	31	73	20	4	63	38	79	21	35	7	29	15	58	30	26	24	37	39	67	36	98	30	23	74	14	1	99	14	19	61	3	63	11	95	91	11	50	73	3	59	99	64	100	14	50	71	9	38	69	33	35	3	37	9	34	68	36	60	87	84	13	94	46	39	83	81	60	1	88	18	83	91	51	73	87	89	20	89	42	16	49	53	69	42	8	80	40	
98	67	100	27	29	89	9	48	7	68	35	14	53	36	88	44	41	36	7	43	64	47	78	1	48	23	21	67	92	91	38	48	70	42	50	13	74	96	11	8	60	93	83	58	58	88	84	25	55	84	14	8	13	28	100	70	49	51	13	26	79	16	39	27	15	91	61	82	84	81	20	96	90	32	92	100	73	40	99	32	50	41	9	42	27	31	22	32	12	82	34	99	29	24	89	28	39	88	12	78	62	93	78	43	72	99	44	26	96	48	56	65	36	52	80	5	64	87	64	70	63	53	45	85	56	95	10	39	84	36	72	63	20	39	37	21	70	20	35	11	83	28	40	47	45	22	42	79	22	67	99	88	72	83	17	76	28	69	17	13	59	13	86	46	30	88	53	18	8	37	28	37	66	64	10	12	27	64	24	1	69	80	36	47	92	17	83	87	78	36	11	66	81	4	58	88	26	6	84	85	
18	31	41	15	46	65	7	63	73	34	31	50	59	29	70	66	93	37	39	30	70	65	32	81	62	12	89	42	46	74	68	66	50	53	84	99	44	9	69	68	91	97	21	70	51	60	6	43	4	17	75	72	28	1	26	88	42	58	14	69	8	41	97	91	24	27	80	19	99	24	83	53	67	60	50	33	75	24	1	93	95	61	4	2	46	19	22	55	21	33	21	91	16	57	93	20	30	63	26	88	40	98	44	34	79	68	22	49	45	60	83	26	83	85	1	79	55	32	75	36	83	39	84	81	46	52	63	53	21	7	97	90	2	8	98	24	13	38	1	21	67	5	8	54	87	42	56	28	41	14	52	46	32	42	79	51	7	8	80	21	60	89	34	5	71	3	12	9	39	98	5	19	45	79	68	48	14	55	70	88	80	21	38	48	69	47	56	72	7	86	45	90	32	16	5	67	88	16	100	95	
94	5	81	43	73	31	11	10	24	67	29	88	65	84	94	91	98	41	97	94	17	35	75	91	82	91	36	55	67	52	16	66	18	63	88	29	39	6	63	61	36	48	46	94	85	20	93	45	47	46	44	62	60	3	65	81	94	34	17	22	41	74	93	94	59	70	22	3	40	70	93	54	36	26	82	42	45	92	29	74	93	8	5	93	72	45	99	10	63	98	61	10	20	13	60	68	6	19	80	85	67	34	54	90	67	16	19	70	8	7	91	7	65	92	53	97	9	42	97	28	36	91	44	13	7	42	37	15	51	26	96	49	68	15	1	73	18	69	95	45	84	87	18	97	38	8	5	24	95	4	20	75	35	39	31	93	41	62	55	5	30	45	82	21	98	83	65	62	39	46	94	18	6	43	67	56	93	87	2	18	36	38	36	29	31	42	72	20	63	57	98	8	94	13	69	51	59	94	45	72	
55	17	24	56	63	26	60	43	20	34	80	42	74	10	32	22	74	73	23	52	7	99	38	7	37	58	53	40	48	85	21	89	69	52	19	96	27	13	76	97	59	62	55	17	48	45	55	74	79	9	32	55	99	21	20	29	10	53	25	44	2	36	91	38	7	93	20	22	93	58	40	60	10	27	68	16	37	16	8	55	44	29	80	35	47	77	11	51	78	12	18	21	11	30	72	47	99	51	73	35	88	79	68	51	71	1	39	55	9	58	32	87	50	9	93	71	81	30	10	20	42	13	1	43	37	75	79	13	90	43	58	78	54	69	22	28	99	67	33	18	59	52	25	38	99	16	56	79	20	9	62	75	70	4	33	98	74	89	70	7	92	100	18	99	7	20	1	25	45	8	85	6	62	16	63	34	76	14	67	83	47	48	29	26	79	5	10	41	62	12	73	87	94	76	3	38	39	92	99	9	
94	45	93	70	50	38	13	28	73	3	53	55	7	50	39	13	49	97	10	67	29	60	48	46	59	98	18	14	100	99	56	91	7	92	60	33	61	35	74	77	8	12	87	40	8	78	1	80	31	76	76	3	5	96	25	29	71	49	73	26	19	47	46	70	23	68	2	49	52	6	78	15	12	10	17	22	78	80	40	37	99	75	66	62	81	10	67	100	8	30	30	45	99	83	29	37	100	2	21	29	91	26	66	6	10	76	54	17	1	72	70	89	6	19	21	23	56	67	40	42	41	33	83	88	65	66	64	57	53	19	55	2	13	7	40	99	73	61	34	74	41	83	62	32	94	8	35	16	70	15	85	29	92	100	95	81	38	33	51	67	86	85	25	56	25	56	35	71	71	70	1	74	38	3	31	34	3	18	44	91	92	69	31	79	13	83	51	88	90	25	77	81	94	6	13	9	7	48	7	4	
92	11	60	15	28	16	53	57	38	17	23	73	2	14	90	50	72	14	50	54	37	7	86	67	68	33	76	72	18	5	17	32	43	83	86	8	15	52	79	28	51	82	37	37	61	69	78	53	87	2	82	64	42	83	83	38	26	94	11	13	47	46	96	5	2	81	5	87	56	41	6	89	36	36	33	27	62	10	77	54	76	67	64	18	78	58	41	80	34	5	53	93	70	70	65	62	16	28	37	11	88	16	37	64	74	13	74	80	85	61	70	38	10	43	58	98	86	64	28	35	5	34	26	48	83	49	86	96	60	7	50	73	47	62	53	77	60	51	1	61	43	20	13	5	73	69	43	13	72	99	6	94	87	100	16	93	68	78	21	38	61	51	21	48	75	60	63	37	90	34	52	24	13	90	94	15	5	10	57	51	17	47	42	5	83	44	11	72	93	62	21	44	64	91	44	88	44	62	9	90	
66	52	62	4	33	85	39	13	32	59	5	73	17	40	52	10	100	26	33	50	98	26	49	38	8	87	1	43	25	51	37	46	22	71	27	20	41	33	78	49	87	48	55	95	54	47	54	34	21	79	3	6	89	48	48	99	39	47	57	85	88	58	53	5	62	59	62	30	26	31	41	17	35	17	68	54	12	84	21	8	2	73	34	92	21	43	54	84	14	1	68	11	48	15	1	16	76	60	8	71	16	45	22	74	23	8	22	49	95	50	39	8	90	36	89	70	89	63	74	79	11	34	23	36	92	64	31	96	47	86	19	97	44	65	94	79	10	84	42	100	70	59	12	33	15	61	54	10	95	92	75	69	21	27	74	78	18	18	59	87	70	44	45	35	49	64	37	84	33	38	48	52	23	37	12	92	69	29	42	73	83	56	72	10	51	11	80	57	61	43	97	56	29	3	28	78	95	35	51	82	
45	87	92	67	58	85	43	74	12	99	81	16	66	87	40	52	7	8	62	59	76	74	79	44	93	13	83	61	24	36	9	65	45	36	86	50	30	10	94	88	74	52	45	10	53	2	64	78	45	2	91	100	84	91	95	53	55	96	81	35	77	20	36	32	64	12	62	79	49	31	78	4	55	91	69	29	46	91	77	60	70	68	94	1	77	30	52	96	60	24	6	28	72	73	59	59	32	46	59	31	68	15	23	52	3	28	52	25	29	87	40	59	98	5	7	85	98	10	17	65	5	10	20	49	83	22	17	72	95	100	96	73	36	77	70	53	54	10	2	49	13	91	78	75	25	61	77	30	77	81	22	4	8	7	11	42	18	47	32	19	38	18	40	14	23	5	97	53	45	25	41	87	99	25	19	8	55	35	17	87	87	72	20	41	88	72	57	38	75	25	55	34	59	69	41	89	9	6	46	77	
78	63	65	2	9	28	87	43	57	2	99	18	74	40	29	44	56	43	26	94	55	91	99	52	62	83	98	17	84	63	59	97	50	5	18	39	27	38	20	26	1	79	3	25	67	40	50	29	59	54	5	5	61	34	13	43	9	89	27	71	7	24	50	93	69	30	79	100	70	73	72	90	28	71	39	64	2	73	24	42	40	52	85	76	42	17	43	23	76	36	37	6	26	67	35	31	9	29	91	34	47	90	35	63	13	12	65	64	75	97	48	31	60	84	84	58	76	35	60	58	74	89	63	6	87	30	78	64	36	12	8	13	72	27	92	93	47	67	87	60	87	75	92	52	31	48	5	39	48	71	42	7	92	59	40	35	32	60	15	49	60	58	8	71	64	5	35	50	51	27	100	76	37	27	84	59	42	59	73	89	78	7	63	62	90	93	61	75	86	12	15	100	88	37	11	16	33	7	93	34	
76	94	14	82	25	78	14	83	79	26	39	35	51	32	65	5	69	72	50	95	41	31	66	45	66	25	99	57	91	77	28	85	44	15	32	99	9	15	94	62	19	89	99	54	22	89	91	56	70	81	15	35	60	45	31	96	69	98	44	15	56	32	83	63	75	79	55	5	63	54	8	83	89	86	19	39	25	47	18	31	87	20	84	85	71	57	80	8	95	21	31	59	1	73	55	12	74	69	66	76	94	22	76	19	86	94	40	6	57	90	25	96	11	75	45	79	68	27	5	100	78	78	60	92	30	11	87	91	50	95	54	16	94	38	26	38	63	29	47	3	24	17	77	50	13	57	6	88	56	62	36	52	91	49	97	27	89	58	38	26	44	57	71	21	84	78	45	34	74	14	39	1	39	91	69	20	61	53	91	20	36	86	57	12	25	62	43	25	12	80	33	66	76	19	63	46	86	41	21	95	
82	52	95	79	43	28	46	48	75	64	3	6	16	26	55	14	72	57	80	6	92	92	43	57	24	32	95	37	69	82	84	99	50	34	96	63	62	14	71	29	68	57	97	33	26	55	17	40	1	67	49	53	89	42	47	74	66	65	70	26	64	69	62	45	1	42	96	98	21	22	11	78	77	79	53	11	14	36	82	88	57	8	70	58	48	69	79	83	32	60	11	33	23	17	75	46	26	46	60	10	43	25	100	91	27	88	71	57	61	22	77	1	62	92	19	43	94	95	38	100	2	32	93	19	58	99	79	9	70	7	77	58	38	53	76	77	83	94	26	45	33	83	18	42	25	69	74	96	47	83	13	13	59	79	90	15	29	10	11	21	56	2	25	51	74	66	27	2	55	56	89	97	77	73	31	81	36	11	91	89	11	45	98	73	77	21	97	55	15	33	88	85	43	21	72	87	22	15	40	21	
90	48	61	45	76	34	45	48	90	4	14	67	72	12	5	88	5	30	45	91	53	19	47	75	32	40	68	51	26	79	26	91	12	78	41	28	32	44	89	7	3	13	14	18	51	7	24	21	44	46	67	90	36	41	44	96	96	8	12	53	50	27	90	58	92	8	17	96	53	63	12	76	16	85	95	24	68	24	27	43	97	75	9	55	81	12	89	82	58	12	80	23	56	53	85	26	84	88	21	54	72	83	73	29	22	13	13	13	38	11	58	66	81	37	41	55	97	60	95	5	65	57	41	91	29	19	22	35	34	30	39	75	41	33	70	89	15	12	96	71	70	32	79	61	57	64	29	20	74	37	56	96	88	21	5	80	37	80	43	5	14	94	56	7	30	9	82	37	78	19	74	37	90	84	82	61	46	92	37	42	66	90	8	87	81	44	56	34	100	66	85	88	99	34	54	1	72	97	37	79	
72	3	19	30	23	99	79	25	62	22	4	44	81	30	19	40	5	28	75	47	52	5	99	61	21	95	65	50	9	47	98	22	68	70	34	83	42	69	44	32	15	49	91	14	64	78	8	84	87	98	14	25	59	87	32	20	77	69	41	4	39	25	79	45	77	57	68	3	36	94	8	50	70	71	10	94	7	87	9	22	26	6	7	60	22	47	68	22	41	28	60	3	21	4	97	11	70	56	18	65	97	15	67	49	7	93	42	36	98	71	82	8	13	95	68	89	28	8	23	64	18	76	6	80	34	68	17	67	11	10	77	77	5	77	24	89	75	98	78	92	52	64	13	45	35	89	16	54	29	70	92	3	64	10	91	93	84	89	65	64	43	17	80	59	41	60	80	57	100	89	19	19	35	14	78	20	37	84	96	16	81	32	94	94	94	64	29	59	88	76	43	99	71	81	27	82	2	56	51	100	
45	83	97	23	3	7	59	64	69	33	77	94	89	69	39	75	13	74	23	95	34	11	50	28	4	2	79	74	22	72	85	87	53	65	65	31	96	28	31	57	23	76	40	28	91	13	57	25	77	22	9	8	47	27	3	79	2	24	66	83	100	60	33	44	50	29	15	66	36	26	22	77	77	84	4	5	44	90	91	57	66	86	84	33	46	84	18	52	36	87	96	89	60	68	67	97	34	90	1	36	24	61	75	97	14	72	16	13	24	53	90	10	59	10	86	40	74	97	36	21	55	77	31	32	75	79	34	29	92	93	81	11	70	32	53	47	80	7	56	49	53	86	16	77	29	19	4	20	29	97	92	86	89	47	40	86	22	57	97	27	97	87	32	68	10	99	69	100	60	99	16	40	90	64	58	85	4	55	67	49	4	16	13	76	6	91	3	69	37	19	21	34	81	62	22	76	11	94	29	22	
46	21	79	76	17	90	40	85	93	91	26	63	53	80	41	78	30	100	73	29	50	65	24	18	82	99	18	84	92	63	78	48	99	75	36	95	61	92	94	69	37	41	95	89	62	67	40	54	95	29	40	34	93	67	25	60	78	15	29	26	52	42	84	28	22	82	25	96	39	10	26	78	18	79	22	12	72	80	78	21	93	86	67	61	44	71	8	47	69	53	17	47	81	43	24	55	79	6	66	56	48	78	46	48	61	7	98	96	37	100	26	37	1	47	63	86	85	60	3	63	48	58	10	23	15	95	40	86	56	56	48	39	58	98	86	65	1	33	85	85	54	5	20	82	99	39	29	56	53	76	54	30	86	57	73	4	95	54	61	4	72	2	31	78	23	98	14	26	47	39	58	65	61	88	52	96	63	13	99	53	58	5	69	3	13	44	28	41	11	63	72	54	27	22	51	3	45	77	92	61	
79	20	1	51	22	73	7	28	75	90	14	69	62	71	93	69	55	17	56	53	18	54	1	79	86	88	47	63	81	64	99	85	86	77	55	91	89	18	23	72	74	46	37	19	1	68	19	19	49	27	81	48	13	90	38	9	77	68	57	66	72	90	38	90	49	9	1	31	56	12	81	40	55	30	72	26	64	77	28	39	4	89	70	4	24	45	14	72	17	32	12	69	79	92	67	68	52	91	84	75	29	44	36	71	46	28	66	83	38	27	72	6	86	81	16	42	58	25	28	98	49	79	22	18	10	52	16	99	90	66	52	55	34	57	98	52	20	60	35	20	2	87	45	83	87	80	91	83	70	89	63	59	24	63	53	88	55	30	14	41	62	93	9	12	14	40	50	71	50	73	40	26	14	42	39	89	92	93	30	69	88	67	51	38	9	88	78	89	16	46	87	1	82	76	3	32	27	51	90	60	
48	49	31	63	61	80	62	47	81	66	72	26	80	63	29	9	22	13	22	74	36	57	61	49	82	98	13	81	91	44	6	77	8	20	13	61	69	72	90	32	92	36	3	39	10	21	99	48	36	45	18	8	42	68	18	36	65	100	96	66	86	29	96	46	31	83	30	58	73	87	64	46	70	72	26	98	93	74	98	38	55	50	56	26	14	98	33	63	11	40	85	80	58	16	79	53	5	21	93	80	90	84	83	6	91	99	77	11	43	7	4	80	94	75	22	72	24	49	95	60	8	33	91	62	88	34	12	3	19	18	76	6	93	90	16	39	63	43	82	5	72	23	61	61	89	23	42	57	18	95	96	35	16	21	84	20	82	99	97	21	41	66	100	96	54	32	67	8	63	70	35	98	19	79	66	98	61	4	84	42	26	88	59	39	7	44	95	9	33	86	22	72	2	11	45	27	97	79	53	53	
100	33	35	100	2	100	46	9	58	32	57	24	46	30	76	61	9	27	86	87	1	79	72	32	19	34	70	49	42	90	50	65	10	37	37	8	71	93	10	67	61	98	55	18	14	59	70	43	94	78	5	52	88	26	94	46	74	82	21	84	80	73	67	30	81	33	3	65	30	19	61	57	76	17	80	74	98	64	73	5	100	34	40	51	67	4	38	94	22	61	23	60	59	44	8	48	14	72	48	38	43	34	12	40	59	27	57	12	8	86	47	97	62	75	69	1	50	91	65	21	68	68	13	56	75	12	27	59	10	4	67	53	46	41	83	72	46	83	70	90	59	11	56	34	7	23	78	53	60	89	73	8	22	53	45	24	14	89	1	76	19	77	34	92	47	65	95	24	16	78	84	83	38	95	69	43	51	72	45	8	6	16	94	92	48	62	35	6	7	41	15	97	56	94	77	51	79	10	93	78	
87	73	77	26	67	66	7	34	33	22	98	92	75	27	44	6	39	41	5	70	85	6	68	28	62	7	97	32	62	20	30	92	42	17	45	50	64	88	63	37	78	40	88	69	9	31	15	20	49	79	11	52	57	81	49	15	46	29	26	76	18	81	62	44	45	67	80	65	95	68	93	62	28	84	54	16	99	99	32	7	34	85	71	6	25	76	11	11	2	40	25	60	82	13	55	90	13	91	71	10	64	13	83	63	18	11	75	79	74	85	85	37	32	9	21	38	89	84	72	11	65	42	57	40	93	44	91	8	73	80	96	54	7	64	8	73	17	50	43	23	33	12	1	4	2	38	97	44	19	38	36	19	55	55	34	83	4	30	1	64	7	88	26	58	70	99	6	70	13	34	33	73	42	89	70	15	84	90	42	80	84	100	45	99	7	9	51	46	93	21	40	37	51	29	92	90	53	93	21	51	
65	38	54	38	64	74	32	33	86	38	14	45	13	51	11	22	38	96	22	97	63	67	58	15	41	80	51	36	51	92	77	48	61	98	83	72	5	100	98	51	69	59	69	85	42	99	29	100	48	7	73	64	62	36	40	100	98	15	50	44	50	35	86	71	70	61	69	82	61	91	18	3	39	97	97	4	2	63	32	23	53	99	71	76	5	13	31	37	46	40	38	34	42	77	15	42	53	44	86	94	8	96	79	72	64	33	78	59	15	34	39	43	24	15	98	15	54	90	57	88	88	87	33	71	17	84	42	67	73	3	63	91	27	46	91	33	66	64	66	60	51	8	33	14	17	33	24	17	18	85	57	23	5	52	28	12	70	3	98	34	73	57	32	29	26	42	100	70	67	12	17	43	60	18	88	88	82	82	37	40	85	95	72	9	4	90	82	77	34	95	21	79	100	22	61	60	53	78	51	27	
