200
4859
53	87	91	52	14	36	99	64	6	72	9	84	13	96	27	70	12	71	52	27	24	82	88	73	4	77	52	83	6	13	61	25	40	43	16	91	14	43	2	23	43	46	33	88	79	1	6	16	57	36	3	96	43	26	37	17	18	37	64	73	1	64	10	44	2	72	75	98	78	21	26	42	61	58	63	82	99	75	98	88	36	61	73	57	1	6	29	64	66	61	84	13	25	55	54	10	32	9	50	36	72	97	74	59	40	37	75	56	98	70	3	76	55	34	1	27	100	39	74	68	97	40	29	98	14	14	25	89	59	43	15	65	24	92	93	69	87	40	7	86	17	98	60	62	19	69	72	77	8	12	64	60	34	5	98	11	17	26	84	99	44	19	8	74	41	100	9	59	83	37	70	86	72	14	5	80	29	67	82	95	96	24	59	92	77	71	83	69	75	70	58	94	61	48	78	76	74	50	83	91	
34	91	12	54	75	10	2	34	53	63	5	8	79	61	90	40	97	47	24	61	14	8	86	50	73	27	28	17	43	84	54	61	3	24	97	18	33	21	42	11	5	46	25	71	73	91	94	9	10	2	60	24	3	1	98	23	4	87	75	31	56	3	88	49	99	66	22	80	17	90	9	34	47	2	3	57	10	38	43	73	98	16	79	11	62	61	94	99	98	21	37	97	45	16	64	27	44	35	56	80	38	83	54	66	62	41	18	39	78	2	70	73	38	39	39	75	55	43	2	83	53	12	10	86	29	52	39	27	15	68	85	94	65	20	86	26	64	35	81	28	65	7	8	84	7	96	92	67	20	77	46	95	3	3	8	28	35	7	26	42	2	53	62	63	15	98	41	58	66	67	85	56	82	38	49	63	45	3	25	73	46	42	15	91	49	95	30	3	69	10	39	42	32	90	32	49	25	3	12	20	
91	70	79	55	10	12	55	89	97	99	20	66	89	62	64	38	38	9	44	30	19	87	14	40	19	60	87	78	20	17	70	38	99	74	2	96	93	70	77	27	77	13	40	39	79	82	74	14	78	35	90	46	30	83	28	16	13	97	8	92	49	28	99	72	41	44	41	29	87	69	85	40	41	15	67	54	12	88	98	57	81	65	13	26	26	89	20	54	37	22	48	80	94	23	61	49	100	69	42	29	63	85	33	82	87	40	71	79	11	2	38	17	55	57	51	15	11	68	6	82	36	27	57	23	38	83	33	6	5	89	27	36	23	16	9	95	43	83	32	62	18	93	19	20	16	51	28	11	26	54	3	13	91	75	6	37	33	2	90	62	12	52	40	19	53	61	96	11	10	98	54	67	99	90	28	9	99	94	94	92	85	18	61	44	39	94	98	51	4	70	63	55	42	77	64	96	92	91	60	85	
12	79	29	41	67	44	39	45	19	58	71	55	67	94	28	95	60	5	64	70	31	17	39	96	70	34	36	8	41	79	45	88	72	99	66	32	31	35	94	31	10	6	2	60	92	41	40	12	69	19	11	96	14	30	22	99	1	37	53	54	78	4	31	84	80	7	22	64	64	64	72	99	62	13	94	54	62	5	51	15	71	96	85	14	14	25	41	55	84	75	9	99	1	59	89	90	99	96	17	32	60	27	21	10	72	54	9	21	79	61	80	45	1	59	1	45	56	41	92	24	40	54	28	46	18	69	26	71	36	95	9	92	43	91	41	82	89	16	85	77	19	49	50	34	67	76	7	50	18	97	6	50	12	88	87	22	6	13	36	99	50	67	47	71	64	28	96	53	53	29	31	28	71	66	100	65	12	33	23	96	9	46	63	74	35	62	17	38	23	52	90	31	93	25	7	64	32	36	53	40	
54	55	41	9	9	100	18	77	99	46	85	63	77	85	11	33	72	96	2	58	75	68	37	40	99	63	84	45	9	50	70	3	4	27	94	15	80	22	14	26	42	63	68	59	98	58	41	62	59	7	22	96	5	23	2	49	13	99	15	37	79	33	4	72	56	52	20	49	42	49	67	75	37	81	12	58	53	43	3	67	59	12	100	34	5	66	74	39	36	55	98	44	3	92	46	84	84	31	66	55	55	95	76	38	85	39	83	19	87	51	2	6	42	41	36	32	66	12	27	71	35	30	59	25	56	30	27	44	1	69	45	77	19	66	92	2	23	23	43	86	12	80	25	29	7	36	61	76	83	88	23	23	61	59	50	68	6	4	88	34	22	99	65	4	38	2	93	34	19	22	45	24	11	48	72	61	30	18	6	36	17	13	54	3	53	8	10	59	95	74	90	92	41	6	94	28	25	69	9	92	
75	10	67	9	21	90	76	83	30	51	19	36	32	12	18	30	1	15	31	96	9	25	58	62	100	53	98	57	53	37	64	92	67	4	29	60	22	31	93	6	54	76	61	99	36	41	100	3	9	82	44	77	46	70	64	8	67	7	60	88	52	19	91	31	77	79	8	42	1	94	55	83	72	91	85	61	98	88	55	10	11	73	71	10	56	75	67	91	15	35	16	15	97	2	39	87	88	12	69	22	70	39	86	91	57	29	14	92	22	97	11	52	71	10	75	65	49	1	80	82	12	22	77	10	88	98	63	100	1	68	31	17	3	83	75	48	29	77	69	76	87	86	83	17	96	49	37	43	46	68	51	62	7	98	65	33	87	49	100	97	33	70	51	47	12	58	52	49	72	35	44	15	85	68	60	71	34	79	45	46	33	99	13	86	24	97	72	24	58	20	81	13	79	64	77	88	6	44	75	40	
10	12	44	100	90	39	65	5	56	4	32	13	52	56	9	13	70	100	2	12	60	15	23	26	4	25	64	32	30	61	77	22	30	91	90	39	100	10	81	43	43	24	71	92	48	43	49	83	80	5	27	63	7	29	22	98	37	93	25	80	50	24	94	60	14	52	76	72	7	38	84	63	90	50	16	35	56	2	21	66	29	73	91	57	72	17	85	73	2	51	99	21	74	15	63	25	17	20	23	86	16	58	52	62	73	26	78	64	87	69	66	13	38	69	88	64	67	10	92	4	36	75	39	87	17	41	33	14	34	29	70	41	34	100	43	1	78	29	55	51	18	65	51	1	85	61	81	92	61	94	10	63	75	63	97	17	14	93	3	39	65	12	99	89	46	24	6	94	77	25	74	25	45	52	73	89	70	100	72	71	50	85	16	27	37	49	51	62	91	39	55	72	96	35	33	1	49	43	1	75	
2	55	39	18	76	65	86	78	30	58	4	28	44	62	69	5	69	79	16	66	35	53	32	78	60	62	63	16	9	75	80	81	46	6	64	97	30	8	12	58	79	80	19	22	28	73	99	73	6	59	97	39	62	25	54	16	21	73	95	54	78	11	40	4	79	32	81	19	79	36	36	42	79	76	85	85	85	24	72	52	45	4	11	88	58	97	72	28	90	66	27	29	32	38	30	91	66	84	12	74	56	19	90	14	40	76	44	6	64	2	78	79	67	9	70	61	11	69	64	37	95	42	16	85	21	55	100	45	18	91	75	28	100	80	31	92	88	10	13	28	36	89	79	97	9	87	44	58	25	15	8	85	2	98	93	39	82	37	88	77	88	24	12	92	47	81	45	28	26	72	25	14	76	54	98	66	8	53	14	18	48	67	73	65	29	53	15	3	39	17	35	56	64	14	73	32	26	34	77	88	
34	89	45	77	83	5	78	77	4	63	97	40	31	40	3	79	57	68	24	82	22	60	74	83	57	80	9	96	37	4	82	14	65	22	31	22	7	95	58	6	33	32	81	27	72	96	98	42	34	84	55	52	94	24	98	14	44	53	68	1	69	68	60	2	85	47	53	44	37	33	43	76	46	52	36	27	16	26	71	36	29	12	5	8	60	29	33	78	97	71	40	29	68	6	53	95	33	81	24	71	34	9	75	65	74	74	70	80	14	66	26	82	100	34	74	5	99	78	47	36	86	97	75	98	77	40	97	31	93	21	63	77	88	77	22	33	93	52	52	98	41	30	64	89	65	3	13	16	20	47	76	14	100	1	30	75	27	53	75	58	13	12	11	72	80	43	60	26	55	31	11	31	31	81	22	73	3	98	18	8	49	78	89	5	98	25	18	51	12	96	25	4	65	30	89	95	11	80	32	89	
53	97	19	99	30	56	30	4	4	42	59	1	35	66	19	69	6	88	66	22	35	11	92	38	82	64	74	52	88	4	18	49	25	55	73	16	61	64	96	44	8	73	17	34	79	19	46	81	11	60	20	53	91	28	6	25	25	29	29	8	100	49	20	26	89	78	71	4	37	34	37	2	31	16	57	29	66	71	64	16	4	35	4	69	44	64	7	16	86	4	57	98	87	35	37	97	17	12	68	18	99	71	58	63	47	37	56	37	68	77	42	96	100	93	4	12	16	59	98	29	47	81	78	24	6	94	76	59	98	87	35	93	22	58	71	38	77	13	67	66	70	23	79	28	48	31	74	42	36	90	74	27	7	18	71	79	75	14	3	18	89	25	60	47	93	26	98	86	1	44	33	42	65	18	42	64	98	87	10	3	27	53	35	60	55	54	51	24	71	45	91	13	1	19	5	10	14	53	91	86	
63	99	58	46	51	4	58	63	42	34	68	12	90	85	6	6	81	63	39	15	17	43	56	89	16	13	5	51	65	3	80	90	59	15	58	99	63	1	90	50	42	47	41	36	17	58	74	14	94	72	12	34	33	71	68	91	57	19	45	6	63	8	79	62	23	2	79	27	47	62	79	10	68	85	83	74	80	41	30	51	81	50	21	43	35	47	42	19	33	16	8	76	93	38	22	99	100	43	8	51	9	60	95	66	11	59	51	51	50	73	43	70	73	38	73	14	81	57	83	63	74	3	17	36	35	14	4	19	57	96	55	43	5	73	44	72	12	7	44	97	84	94	52	21	57	44	71	100	24	57	16	52	18	94	46	27	39	86	73	33	60	22	88	70	51	31	11	22	96	46	85	39	71	60	67	50	13	24	7	10	42	8	7	13	44	12	11	9	97	83	31	13	85	85	67	56	48	84	12	80	
5	20	71	85	19	32	4	97	59	68	59	55	76	71	2	46	7	94	78	82	16	31	95	80	89	44	94	2	53	12	66	98	69	5	86	94	92	21	62	43	56	73	11	13	49	97	24	38	6	76	84	23	11	88	77	10	63	71	16	74	32	41	51	64	92	13	65	88	8	6	3	76	48	27	73	1	33	42	40	85	46	7	52	40	93	61	72	44	75	8	93	51	23	99	14	43	58	24	90	46	42	11	26	67	43	67	64	43	59	67	43	17	50	98	86	42	87	47	67	55	53	8	81	80	67	3	70	94	89	66	77	81	99	39	91	25	29	60	79	98	62	79	89	47	8	74	10	70	27	92	75	29	9	89	63	3	87	12	6	42	62	12	6	2	2	84	78	1	22	6	40	82	74	61	83	40	27	35	40	80	13	14	65	61	36	28	77	87	20	24	80	21	74	65	56	49	100	90	37	89	
8	66	55	63	36	13	28	40	1	12	55	12	35	56	75	70	48	95	48	89	56	38	5	56	6	59	81	4	49	74	35	91	98	8	61	70	46	30	49	90	26	70	78	27	18	78	6	59	64	91	6	89	100	58	15	8	21	19	54	47	94	15	67	55	47	77	17	91	82	85	86	66	46	32	74	67	73	65	23	89	35	70	20	59	64	74	71	18	71	41	3	58	99	32	86	34	100	82	32	15	29	66	41	86	53	64	44	74	72	44	26	19	78	50	60	95	70	98	92	56	100	34	20	87	84	56	49	8	76	15	96	62	36	64	54	12	6	73	89	49	39	63	93	89	39	22	84	99	22	67	91	66	41	86	2	26	77	83	22	86	63	62	74	30	62	64	96	31	60	85	81	44	12	70	6	55	51	88	81	18	98	4	29	100	96	27	100	62	46	91	1	53	77	38	79	15	71	30	49	16	
79	89	67	77	32	52	44	31	35	90	76	35	48	26	78	76	41	34	53	98	54	22	13	77	89	2	35	71	51	17	90	47	9	80	55	61	86	96	79	6	16	45	22	32	74	100	11	42	11	90	68	48	47	84	71	96	22	91	50	70	93	33	47	32	45	49	71	52	82	10	28	40	1	78	85	29	96	69	82	17	69	25	66	99	30	25	56	79	1	43	30	98	100	81	9	17	95	100	40	24	14	23	33	13	67	55	85	51	77	56	55	38	84	37	41	3	69	18	76	12	78	11	57	71	25	70	22	98	94	46	33	14	98	94	37	19	49	71	37	8	14	54	23	23	94	98	41	66	32	73	95	69	30	35	43	41	86	52	5	94	51	57	84	14	42	5	96	57	4	71	78	19	68	85	11	69	15	38	19	72	75	73	70	81	71	13	35	51	88	32	70	18	38	12	62	96	10	12	8	33	
61	62	94	85	12	56	62	40	66	85	71	56	26	91	69	43	99	55	84	50	21	11	84	70	49	48	92	66	64	1	91	97	76	93	75	64	11	15	27	66	89	79	2	12	80	43	8	78	51	18	57	48	97	17	80	80	86	24	58	28	10	23	89	54	71	60	69	29	77	51	96	8	4	97	93	45	100	89	98	37	100	29	26	40	84	94	8	79	4	15	11	46	23	3	14	43	75	24	30	87	7	97	40	50	91	87	53	21	31	7	34	92	71	80	31	65	44	42	93	23	100	65	22	59	74	25	60	37	83	51	14	25	11	46	32	26	72	34	11	75	67	21	48	42	17	76	58	3	60	80	29	21	88	95	8	87	31	7	35	91	100	96	83	70	67	95	30	38	12	75	86	79	50	74	31	80	50	49	52	19	8	60	18	32	76	71	7	82	69	56	36	40	35	27	81	78	38	100	26	46	
90	64	28	11	18	9	69	3	19	6	2	75	78	69	49	62	29	34	33	72	33	18	35	7	2	52	57	18	83	21	85	16	29	27	12	61	62	77	2	11	91	70	50	20	41	1	89	75	38	82	74	45	43	70	35	63	64	58	33	25	54	71	60	79	25	61	89	1	94	63	47	45	84	2	63	74	93	59	27	4	41	99	38	62	86	7	31	32	85	86	50	69	78	88	29	82	45	71	100	66	47	70	74	37	7	92	93	61	29	51	14	71	93	62	88	32	14	86	75	52	68	50	37	36	22	15	100	13	2	13	61	52	96	56	3	72	47	6	18	24	94	26	49	85	46	81	44	29	43	59	77	51	48	67	97	98	93	41	54	79	36	24	76	83	49	77	24	16	44	90	89	27	12	51	32	56	50	10	99	5	6	58	36	54	55	82	41	45	66	64	52	53	68	24	99	25	35	81	92	93	
40	38	95	33	30	13	5	79	69	6	46	70	76	43	62	48	38	50	9	10	35	99	59	94	96	52	43	78	9	24	20	31	73	8	62	28	96	85	18	59	32	75	82	1	79	19	53	76	6	32	87	54	46	99	29	82	5	25	14	56	16	15	25	31	13	50	16	7	22	85	63	52	69	44	92	84	36	44	98	11	3	46	65	43	52	89	16	70	62	9	84	91	9	79	23	43	16	2	56	69	97	65	75	25	64	25	78	58	57	76	97	39	31	16	8	41	99	96	56	95	44	66	33	33	63	29	50	45	77	46	74	25	66	51	16	3	64	21	75	3	66	55	12	62	74	70	92	26	11	35	34	45	58	51	6	4	62	84	32	56	43	18	87	18	18	58	100	72	56	17	48	92	25	15	40	40	98	60	56	37	48	20	39	2	34	20	33	92	11	7	21	16	73	37	13	33	35	75	37	32	
97	38	60	72	1	70	69	57	6	81	7	48	41	99	29	38	82	72	13	80	59	41	8	48	99	44	52	84	84	10	29	100	15	30	98	23	67	39	3	96	89	32	65	85	93	23	7	72	17	93	26	11	14	5	67	100	6	24	92	32	18	100	55	43	42	93	66	39	15	67	16	64	22	92	40	36	97	64	95	61	6	95	55	45	32	17	27	84	93	53	39	25	4	22	69	86	45	58	48	74	85	88	82	4	54	10	29	94	89	24	95	96	59	37	8	71	75	50	92	20	52	93	33	26	83	54	37	21	86	32	53	25	50	75	46	22	24	40	9	26	93	10	61	17	88	35	95	1	25	41	30	74	59	58	41	58	7	30	56	64	45	76	70	8	88	22	65	21	44	39	84	35	15	32	37	8	62	10	52	55	28	12	16	58	67	72	34	79	34	49	83	83	63	32	98	96	56	50	23	15	
47	9	5	96	15	100	79	68	88	63	94	95	34	55	34	50	72	33	2	76	5	86	89	14	6	96	23	26	100	41	27	55	19	45	32	64	34	53	40	36	31	5	3	16	81	100	58	32	83	100	42	100	96	28	96	41	87	11	58	44	12	84	97	75	79	96	72	98	96	92	43	54	16	45	88	69	34	62	15	61	92	44	10	38	29	33	43	10	1	22	46	81	87	93	31	53	51	19	23	96	80	57	48	17	93	94	40	95	51	77	34	99	89	3	35	87	65	25	76	44	3	93	10	96	22	96	15	12	94	98	94	63	56	62	26	24	12	61	17	75	11	17	85	27	63	18	53	39	40	62	9	87	7	55	42	39	63	6	42	22	73	2	32	13	9	80	98	72	32	41	22	49	36	60	73	5	65	70	48	24	38	71	1	9	85	36	89	40	34	34	75	92	62	30	88	98	27	95	58	46	
24	44	64	2	31	2	16	24	66	39	78	48	53	84	33	9	13	2	92	66	59	49	5	16	4	41	48	43	21	26	82	60	3	44	80	97	31	15	41	26	97	28	57	60	71	40	57	66	65	40	98	19	65	18	8	80	31	55	24	79	61	28	89	71	41	95	41	24	15	24	53	12	22	18	35	49	2	9	53	82	1	47	3	86	22	86	45	54	5	9	79	45	47	12	46	86	72	53	19	54	24	71	14	14	52	95	2	53	8	50	76	81	14	45	75	56	4	7	75	91	18	92	42	41	28	70	94	87	31	69	35	14	60	66	2	45	44	87	12	13	94	72	24	64	40	69	65	70	43	35	91	94	89	17	30	36	7	100	73	60	79	24	28	21	36	54	52	2	56	11	36	23	31	41	14	49	27	21	82	35	73	1	46	58	88	68	6	66	33	73	70	75	8	28	35	10	72	44	75	68	
61	30	70	58	96	12	66	82	22	15	82	89	98	50	72	10	80	76	66	72	2	40	69	37	80	67	81	58	43	29	87	58	58	59	43	31	29	3	31	64	14	10	94	63	4	88	3	50	11	80	24	1	100	31	58	62	31	31	71	30	23	31	11	50	16	50	56	88	83	75	50	94	94	12	67	11	65	6	84	22	83	98	36	17	68	37	66	96	28	8	20	60	95	74	92	5	45	78	63	26	60	75	8	31	6	97	84	89	46	43	21	81	45	25	33	10	55	38	53	15	36	5	9	69	68	27	52	28	65	16	97	24	93	48	8	57	67	12	59	19	72	76	99	33	61	63	83	63	3	3	58	1	11	58	48	19	3	7	91	76	33	52	63	34	10	80	31	32	48	26	82	68	49	41	44	72	84	91	36	22	23	26	98	49	92	38	39	96	99	46	100	13	99	75	19	70	28	76	70	59	
14	19	31	75	9	60	35	22	35	17	16	56	54	21	33	35	59	5	59	2	11	82	61	100	79	55	79	28	74	53	92	74	98	89	57	70	59	17	45	81	74	59	33	78	69	20	83	26	97	81	41	95	45	90	22	44	21	95	7	58	74	32	10	84	44	64	91	87	89	45	67	31	57	58	55	67	3	67	61	1	76	91	72	59	37	89	33	28	34	58	62	96	16	38	19	96	80	31	64	69	70	7	88	4	97	9	39	87	34	22	86	19	63	95	9	47	18	87	74	70	47	7	32	73	22	56	72	28	79	37	68	25	98	68	40	24	18	36	6	34	11	81	31	76	85	99	76	22	46	81	29	92	11	92	28	17	44	49	17	1	90	83	10	80	2	77	75	6	1	50	6	13	61	7	50	19	44	74	64	1	44	86	61	30	61	2	57	36	31	21	41	46	68	73	16	72	92	12	49	50	
8	87	17	68	25	15	53	60	11	43	31	38	22	11	18	99	41	86	49	40	82	4	74	37	19	68	83	1	54	65	72	23	38	8	94	13	22	91	74	54	74	18	94	19	74	26	52	9	70	18	35	52	57	49	56	85	20	20	99	52	98	62	42	22	2	72	10	20	97	25	84	54	96	52	80	31	89	50	1	53	7	58	54	85	86	17	29	11	34	36	47	78	67	12	85	69	43	35	94	37	75	98	14	62	100	17	84	9	57	72	24	83	26	89	2	36	42	91	95	80	47	42	87	14	46	3	12	17	52	63	86	90	20	46	41	63	28	92	57	58	96	54	96	46	25	9	3	56	100	98	14	90	4	40	84	7	86	99	100	55	92	39	47	10	88	31	61	29	97	35	50	4	24	29	87	66	47	72	5	96	5	31	4	99	4	66	56	81	56	75	53	42	3	89	58	33	55	10	18	40	
86	14	39	37	58	23	32	74	92	56	95	5	13	84	35	59	8	89	5	69	61	74	16	12	58	26	55	60	86	69	64	58	37	65	50	28	37	81	64	78	45	78	51	80	12	14	67	50	66	47	25	23	52	73	34	4	42	23	73	11	15	7	82	29	4	58	67	64	72	11	60	51	15	19	37	89	84	45	17	99	22	16	67	17	18	87	77	85	76	12	17	64	18	20	15	39	37	93	3	65	98	56	89	56	81	63	67	16	56	39	6	66	23	65	18	88	47	61	25	63	60	65	59	46	73	44	94	11	16	82	1	4	91	18	87	36	70	36	88	51	43	1	48	90	83	31	97	60	30	31	48	95	42	18	42	26	9	56	80	78	45	63	32	56	13	21	51	50	68	63	83	15	57	81	81	51	43	43	88	80	17	43	37	6	89	27	2	96	70	17	51	79	10	5	100	17	79	11	51	26	
50	40	96	40	62	26	78	83	38	89	80	56	77	70	7	94	48	14	16	37	100	37	12	1	26	2	6	71	64	94	40	87	19	47	16	41	61	54	61	16	26	83	38	30	26	73	36	1	64	40	44	94	55	12	100	11	96	92	42	20	59	5	74	30	77	92	89	49	46	12	62	22	29	17	90	16	59	22	62	9	44	22	55	20	54	56	18	31	21	55	28	18	57	50	40	61	73	50	23	1	92	28	25	93	17	81	31	15	25	82	40	43	63	56	45	44	28	44	77	69	91	12	84	25	99	37	39	41	66	16	13	7	35	60	95	41	50	90	15	66	40	24	51	66	9	61	22	43	87	3	20	33	57	77	95	38	92	99	29	100	8	31	28	99	26	53	89	78	71	3	16	14	48	7	64	31	15	19	68	86	2	36	80	36	34	14	72	39	56	7	14	96	32	73	34	24	63	24	16	23	
73	19	70	99	100	4	60	57	82	16	89	6	89	49	2	96	99	6	4	80	79	19	58	26	75	84	43	39	87	5	97	37	12	91	11	67	9	75	14	18	67	53	7	17	90	100	68	99	47	1	71	66	8	79	8	21	50	21	42	54	50	49	7	10	35	16	7	60	69	8	56	97	10	44	66	26	38	24	37	18	81	87	7	68	97	34	43	72	68	49	78	10	51	100	5	82	83	84	90	39	3	54	40	83	36	32	9	14	89	60	73	23	3	34	18	89	49	41	12	66	68	48	49	37	17	88	51	48	89	30	50	51	39	17	74	87	47	43	40	64	78	9	45	22	34	37	9	99	33	25	68	9	37	74	7	44	48	82	9	73	8	86	98	77	19	80	86	98	74	93	75	94	90	51	66	17	38	5	80	84	57	50	4	33	52	74	5	36	67	62	97	46	53	88	61	41	55	49	42	37	
27	60	34	63	53	25	62	80	64	13	44	59	2	48	52	52	44	96	41	67	55	68	26	2	84	51	62	20	43	95	16	66	56	20	30	26	12	52	86	20	13	2	89	12	26	70	9	86	31	62	4	67	71	33	89	83	29	51	86	80	56	91	99	96	66	54	10	35	68	95	46	39	80	23	59	16	70	75	19	52	94	83	19	82	33	98	8	100	17	92	32	10	91	45	67	66	2	7	43	14	41	71	52	40	69	13	59	54	51	22	44	9	6	62	50	23	27	92	67	60	60	51	53	37	63	96	47	65	42	63	48	99	8	20	10	62	79	98	37	38	86	76	21	99	26	53	52	52	94	66	59	22	12	74	70	39	66	48	79	59	37	28	90	77	24	16	92	2	28	82	40	19	61	13	13	67	32	76	33	93	25	42	95	18	35	43	81	22	51	39	72	47	5	51	5	36	11	56	5	40	
28	87	36	84	98	64	63	9	74	5	94	81	35	92	57	43	52	23	48	81	79	83	55	6	43	62	54	62	56	53	77	37	62	81	85	41	47	73	65	15	31	27	43	78	76	13	81	7	17	5	19	15	67	52	29	41	82	41	39	52	63	93	91	77	62	92	42	13	25	90	19	59	64	44	21	51	100	33	46	24	81	72	3	58	92	93	41	76	42	16	52	15	75	43	39	66	26	4	76	8	62	17	52	78	38	39	43	57	60	7	63	41	90	55	33	38	98	88	15	27	79	78	14	69	81	83	84	38	64	34	80	15	23	25	34	54	97	47	69	1	82	84	77	34	34	74	81	23	65	15	82	7	38	20	96	4	42	88	88	21	7	81	92	40	89	87	27	98	40	71	81	47	21	11	19	71	89	36	80	9	80	44	45	47	56	33	41	36	54	79	5	71	59	92	59	78	68	40	31	73	
17	78	8	45	57	32	16	96	52	51	2	4	71	66	18	78	84	26	43	58	28	1	60	71	39	20	62	14	70	30	60	1	55	64	39	27	36	70	22	24	91	71	30	89	60	12	60	19	80	12	46	49	93	64	5	52	46	64	71	61	71	98	96	62	58	31	99	46	9	83	52	45	60	50	51	49	93	90	17	10	69	78	86	93	6	7	41	64	50	16	32	90	75	65	18	100	90	23	80	80	53	98	65	35	30	68	80	66	10	74	90	35	24	26	67	65	77	42	52	78	53	35	34	99	36	63	91	39	97	13	69	43	94	36	74	75	10	64	25	29	44	84	72	19	15	39	52	49	95	33	80	38	72	86	73	84	43	75	66	71	13	12	66	2	56	94	92	86	75	8	48	25	57	83	69	40	27	44	10	61	61	31	32	2	30	14	18	88	98	49	87	68	3	72	11	34	28	51	82	28	
43	20	41	9	53	30	9	37	88	65	53	49	51	64	83	9	84	100	21	43	74	54	86	64	87	43	56	70	99	54	34	9	15	58	88	84	74	41	84	47	89	41	42	2	20	22	40	60	69	53	12	12	39	67	28	93	3	1	77	2	75	71	16	31	50	6	43	77	91	57	54	64	56	51	70	9	10	53	9	2	48	29	72	80	81	74	61	45	96	18	75	32	61	34	17	54	30	59	38	4	60	90	27	47	59	51	47	100	74	17	37	92	29	11	29	97	86	65	29	93	26	36	10	95	97	59	32	57	60	38	39	7	32	21	88	18	58	98	3	73	80	86	56	3	61	90	48	59	17	46	9	89	63	46	64	26	58	23	56	12	61	68	94	17	23	37	4	53	64	17	85	57	50	90	6	4	52	61	73	13	7	35	18	84	67	59	55	92	94	97	16	28	85	96	95	20	83	47	20	1	
84	17	79	50	37	61	75	4	4	3	12	74	17	1	21	24	10	41	26	29	53	65	69	94	5	95	53	30	54	56	11	17	85	36	44	81	66	75	73	75	83	82	11	64	26	40	25	11	19	64	5	57	83	71	57	38	12	32	18	66	75	72	64	1	53	51	1	82	92	88	17	6	41	74	25	61	84	27	70	54	16	54	21	48	89	43	66	31	46	1	15	65	70	22	54	99	73	70	32	69	80	42	92	52	42	72	80	5	36	14	8	5	61	61	37	36	26	66	66	25	17	5	87	70	20	49	54	92	53	10	92	70	65	27	90	5	88	6	46	66	41	2	68	55	16	6	50	69	88	4	38	57	62	56	77	56	87	77	59	49	94	94	13	30	97	35	16	41	35	78	44	60	9	81	92	70	75	80	8	41	86	96	55	56	63	37	10	86	62	27	67	2	25	85	84	6	91	82	2	75	
54	70	45	70	64	77	80	82	18	80	66	35	90	91	85	20	29	27	82	87	92	72	64	40	97	16	77	60	34	11	39	9	46	10	2	71	99	48	17	64	81	21	93	92	67	46	75	91	43	29	99	52	52	71	9	81	14	67	37	40	61	63	60	62	56	90	67	89	70	74	31	32	1	75	69	84	49	7	40	74	7	11	61	17	82	82	10	72	8	52	11	47	59	24	92	35	58	87	25	44	24	93	84	37	75	75	31	44	75	15	12	8	60	38	51	91	45	51	17	27	91	53	62	35	21	25	47	27	64	2	10	18	66	10	36	92	68	29	68	96	76	87	72	86	58	18	96	86	67	59	38	21	43	51	26	62	87	73	43	46	67	17	60	46	91	22	25	64	18	17	91	71	52	84	94	10	17	98	11	88	94	76	82	32	23	34	51	70	42	59	7	57	48	34	60	34	97	5	36	70	
61	38	88	3	92	22	81	14	49	90	98	91	47	97	16	31	100	55	60	58	74	23	58	87	37	66	37	1	9	17	9	51	65	66	41	6	10	78	92	57	47	70	55	71	73	93	73	30	94	94	87	1	41	42	22	95	87	86	76	87	7	90	61	11	42	45	86	2	18	42	46	66	2	18	1	28	15	10	97	74	47	5	15	80	96	36	88	35	67	68	83	46	67	73	83	41	40	48	76	80	34	45	29	64	18	14	13	9	2	13	36	46	34	37	80	18	19	39	21	12	47	75	74	27	2	92	20	54	96	68	87	70	88	66	36	39	4	46	91	28	94	9	37	32	9	57	34	2	80	16	4	30	89	60	93	73	23	41	53	58	7	28	46	93	77	25	21	63	35	6	69	62	5	54	32	37	86	43	4	14	85	82	40	16	98	21	36	75	5	53	72	49	2	3	85	75	77	10	1	19	
3	99	72	4	67	30	46	65	25	59	69	98	9	76	29	73	15	19	3	58	98	38	37	19	12	56	62	55	15	85	46	65	20	43	75	87	74	30	43	21	21	55	12	13	12	92	27	52	18	54	93	78	55	38	3	77	47	78	86	11	40	37	32	47	72	61	10	78	52	60	30	4	91	30	80	90	29	30	77	70	6	81	60	45	18	87	42	95	59	73	91	66	10	55	18	69	58	31	20	70	96	99	52	32	20	89	75	74	31	34	31	35	89	20	58	75	100	48	33	95	94	75	35	7	49	54	55	80	44	49	42	10	81	1	29	74	29	49	28	84	51	43	84	55	7	94	69	21	74	83	51	86	73	38	71	76	99	53	19	13	5	69	74	32	89	98	83	35	97	61	78	55	80	55	87	30	20	67	72	21	100	78	10	20	9	39	83	50	88	92	93	2	70	81	44	22	60	3	32	44	
24	74	99	27	4	91	6	22	55	15	5	8	80	93	27	8	30	45	44	59	89	8	65	47	91	20	81	64	58	36	10	66	43	50	23	18	78	79	19	3	16	92	74	44	83	90	20	62	73	94	17	16	17	88	40	75	92	20	65	55	20	55	36	99	25	68	97	89	4	92	9	24	82	41	33	78	92	5	23	46	81	37	74	49	43	65	23	52	89	65	15	8	22	44	98	100	98	94	80	45	14	100	2	71	35	8	54	52	100	7	18	99	19	40	10	84	79	61	43	2	53	75	67	55	35	12	46	68	59	100	49	42	90	14	97	61	50	86	29	33	66	17	19	61	55	33	2	82	50	81	10	93	83	67	76	34	94	87	87	28	56	31	91	51	99	24	59	92	30	31	15	76	94	10	26	96	39	55	71	29	70	54	88	38	46	37	89	40	91	73	55	18	87	74	39	14	59	90	25	5	
97	2	66	94	29	90	64	31	73	58	86	61	55	75	12	62	98	32	80	43	57	94	50	16	11	30	85	39	88	44	2	41	75	23	14	80	53	58	86	62	58	44	61	60	69	33	80	64	42	89	67	30	90	10	66	14	92	93	35	82	76	63	16	66	25	52	71	90	7	65	55	69	63	76	3	80	84	4	96	80	61	36	39	84	4	60	91	74	80	57	71	82	35	26	76	28	91	72	87	60	28	95	71	30	80	17	74	88	77	48	18	79	14	62	85	24	99	69	26	42	58	9	40	34	85	15	61	42	21	62	95	32	24	50	9	8	96	6	3	5	15	5	55	23	76	91	36	94	94	79	79	63	70	69	13	77	52	63	29	73	59	41	85	42	47	71	57	33	86	65	47	13	21	67	63	36	50	48	54	22	6	96	41	66	13	53	74	8	98	36	61	10	61	53	16	15	46	88	47	71	
18	96	32	15	60	39	97	22	16	99	94	70	61	64	61	28	23	64	97	31	70	13	28	41	67	26	41	27	84	81	71	6	87	18	80	46	64	36	84	77	30	32	21	45	6	45	89	75	74	18	6	41	89	43	7	11	61	15	62	23	56	71	44	81	96	78	72	38	1	30	6	94	1	97	44	96	16	95	61	96	34	64	74	13	40	27	50	58	64	6	51	84	5	45	37	93	39	46	29	6	44	38	44	50	63	83	43	40	12	28	41	89	61	49	73	19	57	90	42	58	39	26	27	79	38	2	35	100	97	43	48	10	28	57	47	75	44	27	86	25	41	37	56	21	32	5	13	5	13	41	40	62	42	94	36	34	38	1	96	4	93	32	54	21	75	12	47	27	39	87	30	48	29	17	29	32	75	6	54	50	100	34	54	41	61	84	21	31	87	20	95	80	7	71	94	81	66	66	83	36	
33	93	31	80	22	100	30	7	61	63	92	46	86	11	62	96	67	34	31	29	59	22	37	61	9	12	47	36	74	66	99	10	74	78	53	64	14	38	33	76	56	14	17	25	55	65	61	4	79	80	83	68	46	33	3	76	25	12	60	97	50	75	46	51	83	36	51	75	22	94	35	79	95	63	91	32	77	35	93	54	15	33	69	67	40	93	17	43	94	44	32	94	27	44	97	8	85	56	61	48	94	43	46	97	96	61	22	27	35	45	74	23	13	18	28	31	63	13	71	79	55	83	53	37	48	59	53	33	48	34	11	75	54	42	36	37	50	56	16	38	12	58	27	9	83	37	81	82	88	7	24	34	62	54	18	75	65	35	77	49	53	95	5	43	24	31	94	75	61	1	95	16	37	92	68	9	53	85	6	73	37	62	9	7	93	86	14	26	97	2	35	70	52	31	74	11	81	93	79	19	
21	70	35	22	31	10	8	95	64	1	21	30	96	15	77	85	39	53	15	3	17	91	81	54	75	52	73	70	41	75	48	78	30	79	58	36	38	17	37	64	63	68	90	46	57	70	86	31	23	22	27	44	33	91	58	39	61	99	87	43	47	46	63	63	93	43	95	39	25	30	29	75	6	59	17	64	30	99	71	23	5	54	18	80	58	27	89	24	97	6	62	21	73	16	68	27	96	2	57	57	96	74	64	61	87	57	17	42	32	12	63	37	22	48	8	80	24	73	76	36	67	36	49	4	28	33	85	9	13	74	60	2	7	67	24	2	82	84	76	26	16	64	25	42	8	99	59	66	68	1	32	31	33	63	98	78	72	42	28	35	55	51	86	77	55	51	2	12	79	88	38	75	94	98	59	48	75	23	89	44	45	47	86	73	66	34	89	82	36	14	95	5	80	25	71	99	94	59	47	17	
42	77	94	14	93	81	12	58	96	90	62	49	79	27	2	18	3	40	41	31	45	74	64	61	14	86	65	22	84	73	17	92	43	19	86	84	33	37	95	75	85	49	44	42	24	91	59	65	16	96	90	11	58	86	95	34	19	8	97	3	27	76	42	38	5	65	32	76	52	50	68	8	38	55	37	89	37	80	18	70	21	81	97	68	52	83	77	47	53	26	21	54	95	5	82	65	7	34	63	95	67	75	79	35	6	73	6	63	62	53	44	50	18	35	29	75	79	78	66	14	71	77	8	31	95	60	28	85	30	58	35	45	58	5	85	13	17	91	20	38	100	37	18	9	65	29	98	39	93	29	33	80	29	38	67	24	45	63	58	10	51	56	14	76	38	42	10	73	21	42	93	74	36	43	20	65	26	65	89	92	76	58	5	95	44	22	4	20	50	42	69	99	48	39	57	70	41	99	11	96	
11	27	31	26	6	43	58	6	44	50	43	90	6	66	11	59	96	36	26	64	81	54	78	16	18	20	15	24	47	75	64	57	21	3	62	77	76	64	75	77	37	9	55	81	71	26	96	25	70	82	3	91	4	15	62	76	30	1	90	98	21	53	10	32	74	29	30	39	62	100	79	91	76	67	74	71	51	38	86	55	12	18	97	82	67	52	33	99	80	96	71	55	67	52	88	45	70	73	36	12	54	52	79	38	82	43	31	39	61	92	96	89	50	52	8	33	30	36	60	10	86	19	76	67	19	56	28	1	40	96	11	98	67	96	77	70	4	31	34	38	74	13	84	38	75	47	58	55	55	46	89	64	79	79	33	84	67	6	77	63	24	34	3	85	98	68	52	68	85	15	69	27	64	82	49	58	34	10	58	9	86	18	31	56	91	86	35	43	30	3	70	26	77	35	1	60	91	37	87	49	
5	77	10	42	54	43	79	33	8	42	56	26	16	89	91	32	89	31	97	14	74	74	45	26	67	13	31	91	89	83	81	47	21	16	58	30	56	63	85	37	3	48	13	87	79	7	34	40	80	84	64	54	28	48	92	89	82	49	82	15	27	32	5	88	35	2	74	22	72	100	100	90	68	83	84	31	42	33	17	88	71	5	100	83	14	26	5	50	22	39	76	31	27	98	88	13	72	34	16	63	29	60	29	7	59	24	11	55	94	52	12	34	88	69	98	27	76	1	84	73	65	60	86	90	21	16	60	13	80	68	82	29	62	31	54	72	41	69	27	34	87	47	13	6	57	77	17	23	14	62	48	21	86	90	48	29	32	73	78	49	74	44	36	46	34	3	55	8	46	55	3	17	21	96	54	48	93	50	3	77	62	56	88	96	60	43	47	74	36	43	85	35	15	2	59	15	37	21	68	41	
46	13	6	63	76	24	80	32	73	47	73	70	45	79	70	75	32	5	28	10	59	18	78	83	53	2	27	71	41	82	21	70	55	92	44	32	14	68	49	9	48	57	42	78	41	65	61	42	90	70	33	100	77	1	23	44	92	86	95	39	45	40	58	37	24	36	43	56	44	20	62	87	37	58	15	14	33	1	64	71	44	16	71	26	7	17	27	15	100	85	91	69	55	2	25	73	39	21	49	77	22	41	23	93	11	77	39	15	44	66	13	73	98	90	2	72	18	86	33	63	75	88	72	2	26	74	91	23	70	79	25	26	84	60	89	38	82	51	6	14	17	56	60	90	80	85	17	44	88	76	71	48	54	97	21	75	72	19	97	63	19	12	8	75	75	43	62	53	98	24	80	16	41	99	31	98	61	22	60	6	85	54	3	59	80	6	99	71	91	4	78	27	28	73	26	50	85	42	83	32	
25	40	2	68	61	71	19	81	17	41	11	78	22	2	50	82	65	3	57	94	33	94	51	38	7	89	43	30	42	11	93	55	12	74	61	21	17	90	44	55	13	42	60	21	87	48	85	49	52	4	33	87	19	25	94	79	77	13	88	52	33	27	43	21	5	56	27	91	65	55	64	69	91	88	42	29	64	62	99	69	83	32	14	13	35	37	71	74	60	26	48	37	39	42	42	98	92	47	97	87	50	97	3	28	50	16	24	16	51	21	66	39	19	24	11	50	68	55	58	43	50	80	17	92	47	47	72	57	40	95	60	35	66	4	30	4	4	13	64	51	91	13	34	49	13	11	96	31	37	45	25	26	80	87	55	42	21	79	69	80	93	70	68	15	49	89	30	55	29	95	96	29	39	28	21	53	65	18	29	54	89	79	70	73	79	63	27	1	77	22	94	40	26	34	10	92	96	19	99	89	
71	39	60	59	99	92	22	27	34	36	13	27	32	12	20	1	85	16	60	63	78	19	80	30	17	12	78	89	2	64	92	71	13	44	60	45	25	46	42	81	87	78	21	56	62	52	31	22	72	28	55	99	43	37	69	77	48	17	83	99	48	31	35	43	79	39	33	33	69	32	10	51	50	15	18	55	22	40	48	49	58	32	33	69	44	68	38	96	60	3	72	12	39	17	50	85	35	50	41	73	29	35	61	64	26	97	78	36	50	59	92	13	75	13	100	16	96	53	61	63	27	96	78	29	75	38	92	5	24	62	97	45	51	76	23	13	65	42	100	83	19	14	84	43	56	9	6	94	59	100	93	98	41	30	60	21	9	53	61	77	84	18	73	53	44	76	92	27	66	47	23	9	48	54	31	78	46	40	14	47	32	86	94	4	66	77	64	22	94	74	4	17	53	57	91	25	78	68	83	68	
73	79	92	98	36	48	28	72	79	17	49	18	74	80	41	79	93	81	71	4	69	74	12	26	90	26	76	60	20	26	67	73	12	83	69	6	55	57	24	71	79	41	87	62	58	14	34	7	58	69	69	5	88	74	99	51	77	94	93	84	81	61	50	22	25	54	43	88	51	78	32	78	49	50	72	55	56	9	32	1	29	67	78	99	9	41	52	86	28	10	25	44	32	73	30	95	78	74	50	59	22	83	62	19	65	95	86	44	89	68	85	1	10	55	9	95	21	60	33	98	93	80	41	76	81	39	62	54	30	20	70	56	49	85	72	48	71	77	27	55	32	40	22	28	90	41	73	60	65	81	54	67	5	59	54	56	58	34	43	68	74	59	72	22	23	27	12	13	21	90	21	29	60	72	3	83	2	65	63	63	18	67	10	87	19	18	39	79	93	22	37	57	35	68	31	96	45	46	76	56	
91	82	41	58	41	43	73	96	19	58	97	78	100	43	1	19	23	100	40	88	20	26	14	73	100	70	13	12	22	40	46	93	92	90	33	45	65	70	91	26	7	65	48	52	14	36	56	58	34	15	75	25	34	84	81	24	47	62	64	46	70	75	1	71	34	94	15	10	91	98	25	71	48	44	62	6	35	60	90	48	42	53	50	87	2	90	82	59	14	31	66	76	35	21	97	33	83	52	53	44	90	20	2	45	74	55	58	17	51	2	41	74	8	28	45	45	90	59	45	15	26	69	96	66	35	84	14	26	14	8	52	33	56	98	82	39	53	53	55	54	65	39	80	65	47	17	54	74	57	56	16	41	90	13	80	34	51	83	58	94	55	51	70	8	100	100	21	19	3	83	48	36	11	74	91	6	86	5	24	20	71	57	34	15	96	83	82	52	6	74	31	17	5	25	57	32	20	21	34	65	
94	74	40	41	100	49	99	98	46	74	24	6	11	8	89	53	7	58	57	3	83	52	67	36	68	9	81	60	40	25	75	73	27	20	80	89	61	86	59	96	34	61	85	31	34	56	25	11	99	87	38	72	29	56	17	31	83	39	56	89	41	76	96	17	41	58	46	70	85	49	66	58	23	5	72	57	60	96	95	12	83	56	16	67	46	73	34	63	82	95	2	12	94	99	49	47	65	57	66	95	74	63	34	13	3	56	28	90	64	29	41	62	20	40	70	41	84	85	61	76	14	13	77	53	60	64	84	83	40	87	65	35	30	43	27	67	13	31	54	72	21	59	65	50	52	86	7	12	81	34	20	89	71	72	86	10	14	16	8	2	52	96	39	70	28	92	64	39	8	22	95	11	73	61	54	33	27	19	53	28	90	70	52	19	12	37	93	52	48	97	55	69	12	91	71	42	79	68	50	96	
9	14	12	62	3	83	73	42	81	14	38	59	42	78	75	76	72	32	66	50	26	9	50	1	99	86	7	19	60	11	91	30	52	62	64	75	4	31	65	25	40	42	49	22	7	58	11	98	84	86	29	86	11	69	53	90	42	50	96	91	28	75	20	66	96	5	93	60	52	88	81	33	93	76	98	50	79	76	79	81	16	68	7	53	3	92	61	42	80	54	16	24	22	6	54	48	65	55	50	3	36	74	12	75	12	24	28	97	62	44	69	96	38	1	18	95	23	41	71	66	2	52	37	90	29	83	27	50	8	98	23	16	2	51	66	71	19	30	56	89	1	35	63	98	25	57	3	96	34	80	20	71	63	19	64	93	99	89	60	33	89	90	64	20	80	68	31	20	90	79	44	56	41	23	48	28	44	76	9	72	27	84	80	40	40	16	26	85	23	53	29	87	69	42	61	60	81	12	70	54	
10	78	69	59	9	80	6	34	11	94	6	64	11	51	38	6	17	83	65	11	97	70	66	64	47	31	17	80	69	19	43	94	18	73	42	74	79	23	16	70	80	90	52	72	58	34	99	84	22	4	91	51	47	83	62	92	87	48	24	82	1	14	71	4	33	37	60	73	90	3	68	21	89	36	4	56	61	38	40	78	64	63	2	28	73	38	85	68	28	59	51	4	70	5	86	88	78	9	87	76	32	83	57	64	43	92	78	57	34	74	65	44	53	96	14	19	95	38	83	96	49	22	57	33	1	22	51	41	54	49	10	64	33	49	100	93	54	57	85	59	95	40	42	14	39	8	8	4	26	88	54	69	49	16	55	40	70	6	9	47	11	97	16	6	69	13	56	38	42	23	30	45	22	88	69	18	60	48	93	8	88	37	70	17	24	18	24	25	81	63	35	6	33	45	19	7	34	69	25	98	
2	35	19	7	82	5	59	84	60	72	76	91	90	18	82	32	93	100	40	80	81	18	47	40	1	62	5	12	53	64	29	94	54	94	89	18	80	22	96	82	84	70	4	28	69	15	87	86	4	69	61	39	29	78	60	48	49	28	71	17	91	68	12	99	23	90	84	68	67	88	95	51	96	11	17	7	54	21	19	58	11	54	25	39	57	85	5	29	43	9	59	22	37	59	29	99	96	86	48	100	51	63	33	81	71	29	81	92	9	22	20	49	17	66	66	17	21	70	73	75	79	73	97	29	73	98	100	98	73	74	34	5	19	47	93	95	88	99	36	35	55	28	46	82	74	63	50	20	33	77	88	78	69	99	71	85	72	59	70	62	47	59	10	99	9	9	66	13	72	30	58	57	97	27	75	9	69	56	27	15	44	95	74	12	60	84	75	78	55	87	45	100	39	15	6	76	10	67	21	85	
60	90	11	22	44	27	97	55	20	12	84	6	68	57	74	87	26	42	98	24	41	35	25	44	71	4	19	46	12	5	99	87	93	17	67	6	83	27	90	3	64	33	33	55	69	75	38	29	91	61	3	22	61	73	62	80	7	71	98	43	82	3	23	29	60	26	21	23	1	65	15	91	37	45	52	63	47	98	90	39	99	38	40	20	66	28	93	31	66	17	81	54	34	42	27	68	77	68	27	70	99	11	43	94	51	24	80	82	25	21	68	44	100	2	51	30	6	6	79	76	88	31	13	42	100	5	66	7	92	83	40	56	60	24	38	39	54	89	42	18	34	16	37	89	86	30	24	95	51	10	20	59	6	99	73	43	11	88	26	62	99	8	69	71	62	37	15	17	84	37	26	87	58	42	87	34	100	20	47	18	33	95	36	2	18	35	76	3	63	86	14	14	39	56	25	47	24	67	72	72	
24	46	96	96	77	63	39	52	53	34	23	89	48	48	45	54	11	100	19	1	95	52	23	94	66	67	15	49	12	57	52	1	78	16	30	41	68	44	11	91	54	100	87	99	5	25	72	86	51	39	22	69	72	86	94	75	22	70	36	55	28	65	30	74	64	49	22	10	33	14	84	20	5	38	66	59	96	17	38	10	29	29	39	99	38	6	12	23	27	10	14	98	99	69	6	29	15	85	87	13	37	17	61	26	67	92	94	14	76	84	37	72	46	2	38	16	99	71	76	10	47	1	41	49	96	82	42	22	94	32	9	89	79	14	13	33	25	38	27	83	20	83	57	12	70	27	57	60	85	85	88	57	90	6	84	96	30	84	66	70	64	80	28	72	80	55	50	79	96	65	2	35	29	20	96	10	45	21	32	71	97	42	48	48	73	67	10	95	7	82	12	1	61	92	32	80	95	44	100	66	
3	30	14	5	46	7	62	94	91	33	11	100	47	97	43	46	14	96	65	100	45	57	52	55	8	71	67	93	39	83	52	41	55	17	90	89	46	33	58	4	28	77	19	43	88	34	29	11	47	29	61	72	22	77	59	6	55	61	3	56	26	100	90	77	30	31	81	100	84	65	37	36	20	69	74	11	10	26	74	3	78	99	5	2	50	6	67	56	68	57	85	33	96	8	89	94	39	33	41	18	83	64	65	16	44	79	36	55	75	22	43	11	53	24	38	92	76	73	52	94	49	53	24	49	31	11	25	27	41	24	48	92	38	30	48	60	87	76	51	31	10	17	7	94	15	14	84	66	44	94	20	69	32	63	37	47	63	89	81	41	2	48	78	37	61	44	6	60	43	88	56	91	94	33	10	39	55	58	11	9	59	93	5	83	39	49	65	62	38	22	83	16	91	93	86	67	47	57	85	31	
1	83	30	23	70	29	25	24	28	71	88	58	84	17	70	99	5	28	18	31	90	49	73	12	79	33	52	64	67	71	71	42	38	88	10	43	33	91	86	15	48	1	25	37	74	84	56	69	83	78	73	86	77	92	92	44	22	72	41	94	96	43	63	37	16	57	5	43	65	85	13	32	69	45	99	33	65	57	64	54	81	17	54	6	78	12	19	5	16	87	61	65	26	34	11	36	33	69	45	23	53	44	8	40	98	27	31	42	34	90	86	83	4	40	93	75	87	5	73	16	1	82	24	94	51	91	93	54	34	39	25	76	14	97	39	24	91	99	31	74	93	51	64	65	2	82	68	56	22	64	7	33	60	89	17	29	47	5	67	31	94	73	43	32	49	33	83	83	58	71	45	46	81	95	52	70	30	78	85	72	70	93	58	5	59	37	79	92	99	41	13	16	16	75	4	25	15	65	66	48	
98	28	22	2	64	22	54	98	6	68	77	15	71	80	35	29	67	96	8	58	22	56	34	100	8	89	29	5	28	57	9	22	3	40	66	7	3	58	95	62	92	23	94	69	99	81	17	53	62	60	62	94	59	92	43	23	23	29	70	4	98	28	34	39	8	27	42	87	62	73	60	58	42	57	12	91	42	53	94	30	48	10	25	85	71	61	1	22	99	25	23	100	19	45	66	7	37	71	1	97	17	34	56	48	40	52	98	88	24	74	2	80	36	37	89	7	100	35	33	6	11	44	79	100	66	24	2	94	83	63	37	43	51	55	70	86	85	90	64	42	69	7	1	18	52	6	68	70	9	5	68	61	35	91	24	11	61	65	36	61	87	65	19	64	47	74	33	48	73	26	91	13	4	12	67	70	13	63	39	31	75	24	66	5	8	67	47	40	26	4	81	97	52	86	61	91	20	63	95	12	
23	16	99	49	8	98	16	14	25	91	10	8	96	80	63	82	100	41	80	62	44	85	4	11	21	83	41	52	93	38	81	95	77	75	14	11	76	39	34	76	89	44	79	77	51	24	31	90	92	48	80	75	6	44	23	55	65	51	32	65	63	30	10	70	17	41	71	13	91	41	69	71	5	85	17	50	17	44	59	57	4	86	96	71	100	44	70	3	48	36	57	79	54	49	79	13	99	37	95	5	68	23	83	64	98	84	62	74	80	26	44	36	95	11	76	64	78	31	41	86	47	43	9	89	50	60	93	70	83	1	12	89	85	30	8	17	10	85	17	90	29	34	41	53	86	76	37	54	84	29	64	79	54	63	32	39	16	62	65	96	22	76	79	52	25	45	50	60	27	79	61	97	81	16	96	65	5	8	24	100	62	2	59	68	29	27	27	75	40	28	93	35	45	86	85	62	73	16	11	78	
4	13	1	13	67	37	21	44	25	57	63	21	22	86	64	5	6	87	31	31	21	20	42	96	50	29	82	46	3	12	14	87	47	92	92	61	25	61	19	30	82	92	77	48	77	47	83	42	87	49	7	22	55	22	23	65	82	43	35	97	76	61	80	93	56	87	11	41	23	35	24	61	98	63	15	9	87	7	77	10	100	78	50	42	85	18	28	21	79	86	60	25	20	100	28	35	10	100	11	3	14	33	62	60	46	36	36	17	38	30	93	99	53	88	60	99	7	21	27	97	42	93	3	26	37	69	93	75	67	89	21	68	65	18	1	70	51	90	88	39	89	61	19	78	79	34	47	66	92	50	57	34	83	24	32	48	80	20	27	31	19	61	82	98	68	61	84	6	41	56	6	88	30	28	18	67	33	58	56	9	13	32	60	70	79	79	72	41	81	46	2	20	87	70	69	71	32	46	95	58	
87	97	37	99	7	93	73	53	29	19	71	19	91	24	58	25	24	11	55	31	95	20	23	92	21	51	41	64	1	32	67	86	78	20	93	15	12	99	8	1	49	86	13	17	94	62	39	50	48	28	71	70	61	72	29	51	43	64	29	3	57	15	4	32	74	20	92	19	25	67	97	35	64	74	80	61	94	62	53	70	68	56	53	69	26	97	31	89	13	98	6	53	84	76	13	16	75	36	67	66	22	85	19	12	38	8	96	44	38	50	7	95	82	16	4	40	30	96	69	16	85	77	75	89	31	7	85	95	99	72	2	99	2	74	17	92	83	100	66	44	53	4	1	72	39	49	46	1	89	100	63	81	78	85	69	27	97	35	9	100	92	51	19	69	65	64	29	33	68	4	43	68	72	45	19	2	61	64	40	85	89	30	17	28	86	79	11	34	43	75	15	97	73	60	71	97	36	86	33	69	
75	8	53	15	60	25	95	68	29	45	16	54	50	58	33	14	92	58	24	71	7	99	73	42	42	86	39	71	77	18	37	76	86	65	35	62	60	87	97	90	82	95	88	83	93	64	56	96	24	71	98	36	3	41	70	32	35	29	20	90	79	51	60	32	15	79	69	31	2	78	11	57	31	5	61	15	94	26	36	14	78	37	86	73	85	95	49	80	55	32	8	81	91	23	5	33	32	88	17	33	64	75	39	53	76	2	73	66	30	58	32	84	90	100	21	99	73	53	25	25	40	52	25	76	97	71	19	28	44	75	80	21	56	79	2	19	44	4	13	54	58	58	21	2	7	3	56	74	41	56	11	52	73	67	18	70	81	55	91	85	25	32	2	15	23	79	70	98	6	16	86	16	98	93	43	94	89	31	36	3	74	25	33	64	75	13	70	49	97	60	31	96	42	45	94	38	11	41	99	11	
31	92	54	37	88	80	54	1	8	6	74	47	70	28	25	56	32	44	79	30	58	52	11	20	54	80	52	61	2	66	40	87	11	55	82	23	97	43	3	98	15	39	52	99	84	46	89	91	82	17	43	55	56	94	4	65	97	3	90	26	7	68	75	25	65	44	79	100	66	76	98	54	84	75	96	79	24	51	88	33	15	13	30	86	80	54	10	20	11	46	21	48	72	8	40	38	86	41	17	95	30	14	36	3	34	42	29	41	33	24	37	92	98	72	70	30	73	28	28	78	46	79	21	19	28	39	81	18	49	82	88	39	18	49	100	89	56	50	69	40	84	7	95	69	1	80	86	5	89	88	51	40	6	51	78	88	10	21	50	74	43	35	10	100	100	53	71	32	52	83	82	43	1	80	70	63	55	48	78	51	74	41	53	46	94	94	57	58	84	49	63	59	80	25	63	4	90	73	6	78	
56	49	78	79	52	50	78	69	100	63	32	94	93	10	54	16	18	12	61	23	74	98	15	59	50	56	63	71	75	75	61	7	40	20	76	56	50	47	27	21	27	45	33	48	81	70	41	28	1	91	82	28	26	96	98	63	76	57	79	7	63	15	39	67	47	77	64	73	61	82	57	60	45	34	28	14	35	71	19	81	6	15	64	32	42	21	99	4	92	99	46	65	65	96	74	8	8	96	83	76	89	8	84	54	53	32	41	91	55	8	41	39	97	14	24	45	34	82	14	90	27	26	87	100	11	59	34	32	48	67	68	8	58	67	77	72	11	10	7	33	95	32	77	33	16	68	14	63	88	32	92	30	44	12	46	38	99	53	88	42	7	78	37	52	29	25	67	62	96	68	9	3	34	54	76	99	56	22	2	42	5	27	88	13	39	86	14	15	81	25	34	16	48	56	80	49	88	18	86	48	
3	28	4	33	19	24	11	68	49	8	41	15	33	23	71	15	100	84	28	31	32	62	7	5	49	91	93	98	71	72	63	90	37	55	63	71	75	46	76	53	32	40	27	31	61	75	76	75	14	68	3	65	100	43	28	30	61	15	51	68	15	16	27	100	70	96	77	79	83	48	82	53	22	53	72	79	22	38	90	70	98	30	100	79	6	22	49	1	78	19	29	99	35	82	93	85	89	52	55	91	77	24	70	96	4	59	79	54	56	71	3	16	94	90	75	46	77	19	27	62	15	46	100	25	43	93	13	9	92	64	9	13	82	3	98	75	64	84	28	25	74	78	42	88	34	77	82	3	10	68	52	28	100	76	38	2	54	55	32	88	78	38	2	51	49	16	62	10	34	27	45	48	3	90	83	12	76	84	52	77	28	67	41	23	86	11	63	8	28	60	67	91	53	26	31	30	25	55	75	65	
88	99	31	4	91	94	40	60	20	79	51	67	47	89	60	25	55	97	89	11	10	42	82	74	7	99	91	96	16	64	60	61	32	36	16	44	46	63	42	10	5	58	43	35	50	1	96	20	71	12	23	30	90	63	34	10	80	4	60	75	39	27	83	93	50	87	16	92	11	51	56	85	13	84	50	57	53	1	64	92	88	19	44	39	27	17	19	76	97	37	68	65	84	26	3	84	13	19	48	1	7	42	71	60	49	29	54	60	14	19	98	6	58	20	15	26	82	99	9	71	47	18	25	65	10	49	13	13	74	86	44	73	91	8	74	44	31	50	66	79	84	94	66	67	99	69	56	95	91	100	7	2	61	85	18	85	75	77	57	71	41	92	13	55	46	95	27	98	12	72	92	95	80	68	90	66	25	54	99	43	58	62	67	54	56	7	4	20	33	77	72	46	39	37	68	78	17	54	79	38	
49	72	84	72	31	60	4	2	26	62	64	55	32	54	79	31	43	75	71	50	84	22	29	30	10	96	77	62	31	1	62	11	47	99	66	81	51	63	38	32	88	37	21	43	22	71	17	66	4	99	29	74	77	37	39	70	93	32	32	25	67	100	93	50	95	86	52	81	87	66	19	62	41	34	12	39	82	80	94	85	93	2	89	5	24	28	61	17	100	75	57	14	83	92	26	100	69	2	60	8	12	89	4	93	30	44	35	11	32	79	48	63	6	13	82	3	1	16	24	4	3	58	24	23	41	93	38	50	71	51	46	26	29	66	78	74	70	89	47	47	89	64	38	30	80	37	34	15	73	37	45	62	66	23	37	20	100	21	84	59	33	17	11	17	9	8	98	28	66	95	69	27	19	17	58	22	69	88	77	49	43	94	90	56	44	86	10	95	10	52	88	19	81	73	84	57	14	52	96	11	
99	41	80	56	77	14	79	85	89	23	92	47	45	71	25	13	42	79	41	16	44	2	4	77	35	66	62	58	50	53	56	42	72	25	25	96	83	93	5	74	35	24	5	79	25	34	41	96	33	23	60	64	30	16	8	17	56	74	15	65	47	70	50	95	24	34	36	61	14	7	30	37	38	97	89	11	78	59	77	51	46	30	33	85	42	68	85	95	34	99	72	26	81	24	68	37	66	6	41	83	85	86	51	14	22	3	86	72	15	78	33	3	41	22	83	32	27	49	52	78	21	20	97	53	68	69	27	9	35	49	74	5	18	49	5	58	73	19	91	63	86	86	66	94	80	42	58	81	91	87	20	85	39	87	22	20	51	39	56	36	92	39	98	51	1	62	53	56	79	31	57	89	89	52	22	82	4	40	96	54	84	30	86	96	79	29	96	96	72	72	1	22	43	98	31	73	6	6	19	43	
66	44	7	52	79	52	32	47	78	2	13	77	49	60	61	50	93	96	95	50	64	72	58	92	16	54	92	31	6	51	90	45	61	68	52	78	36	43	65	29	2	36	56	39	54	94	58	5	37	90	26	49	31	57	27	41	87	20	79	44	77	96	87	86	34	26	62	7	21	23	47	64	76	79	80	100	61	32	19	54	64	11	59	82	30	68	30	37	15	73	78	42	91	96	64	74	7	54	94	21	53	31	65	15	46	5	42	14	11	75	96	55	39	89	51	17	49	49	21	75	5	25	63	76	47	20	90	61	98	63	51	20	92	65	53	40	34	98	39	85	97	87	94	45	27	37	10	46	71	80	50	59	6	63	7	26	81	26	54	29	90	80	69	92	94	56	70	2	12	7	71	43	81	20	99	8	42	43	83	18	70	58	86	68	69	50	10	7	12	16	12	21	83	89	74	5	14	12	80	20	
22	41	22	20	8	76	81	53	71	79	65	17	71	69	89	16	66	72	41	56	91	10	67	89	7	10	42	99	43	1	67	86	10	97	71	72	51	95	32	30	74	43	27	33	43	15	46	93	60	84	21	22	81	5	42	71	11	92	69	79	64	77	16	52	36	62	23	71	69	42	64	65	7	50	81	65	13	68	26	2	89	92	92	62	92	46	54	73	14	49	80	4	59	13	52	75	79	64	67	85	38	100	7	100	18	10	87	50	34	10	95	11	90	32	86	28	25	63	95	46	62	27	88	83	47	51	94	9	52	33	79	100	27	9	19	74	74	71	3	20	68	32	78	2	10	9	53	60	21	93	2	22	69	8	43	1	33	40	98	36	39	6	98	11	55	23	25	78	71	5	97	30	96	90	93	66	67	70	92	38	79	58	76	60	34	70	50	68	41	93	34	62	6	62	4	84	84	54	72	3	
80	29	64	49	42	72	19	44	4	27	88	91	52	29	1	7	39	98	24	88	87	20	64	49	60	35	13	46	77	82	89	2	78	89	90	38	75	39	76	39	22	56	91	33	88	10	70	60	73	68	23	10	100	43	87	13	41	19	31	100	73	79	92	81	61	7	71	23	81	79	68	70	66	34	28	4	93	30	70	35	64	28	46	51	92	62	5	73	5	30	53	87	42	49	40	97	39	10	31	89	23	59	72	51	40	94	33	57	29	11	100	72	39	48	73	81	100	91	15	15	15	52	73	82	91	8	98	18	35	97	56	8	83	89	30	11	35	28	2	4	69	43	15	79	37	23	35	1	21	94	62	40	90	69	13	24	2	70	75	68	9	19	88	4	14	85	53	16	98	38	73	24	26	78	85	89	4	19	88	89	17	83	15	4	32	2	12	24	4	66	37	79	48	99	66	3	35	3	56	40	
17	87	64	42	1	7	79	37	37	47	8	82	82	77	94	22	15	96	15	83	89	97	72	46	69	68	25	9	91	92	70	18	52	4	7	1	22	25	52	62	72	44	65	69	51	91	85	52	90	67	1	33	84	65	62	91	23	25	2	66	61	83	11	87	14	21	69	81	83	25	50	31	14	27	47	80	88	51	89	19	6	2	98	89	12	60	99	69	76	35	88	78	96	32	5	65	89	66	24	22	88	8	87	1	61	53	63	13	42	53	35	37	15	13	97	12	28	4	37	57	29	41	49	13	75	70	37	13	55	3	34	88	99	6	64	21	69	35	3	6	55	26	33	45	90	20	37	18	80	73	45	17	98	66	61	48	84	45	60	32	10	60	8	68	55	52	69	34	61	78	79	12	19	86	94	29	74	87	99	22	27	43	66	11	33	51	15	94	63	33	93	3	70	25	54	3	42	22	4	55	
90	69	64	49	94	38	36	33	34	62	6	85	10	51	63	85	67	92	24	75	45	25	11	12	8	95	90	83	57	88	74	42	60	92	65	30	94	30	50	100	100	20	55	32	78	98	49	88	3	88	65	14	65	85	73	41	35	67	78	76	82	48	51	66	7	23	42	79	25	25	40	12	51	57	1	30	44	81	48	41	41	94	8	59	58	58	53	66	32	37	77	58	96	71	36	6	76	48	52	15	47	7	14	23	68	21	83	43	74	59	11	72	73	68	6	41	45	9	64	1	6	40	88	77	18	57	50	100	76	9	73	74	66	94	19	87	5	50	23	20	79	94	46	29	14	90	54	32	38	6	93	94	56	68	98	82	67	73	63	1	4	26	66	48	64	51	43	35	100	2	7	80	93	16	37	51	91	83	38	1	64	90	44	81	33	33	28	5	86	46	39	22	95	71	52	35	35	74	95	17	
9	85	72	67	55	84	36	43	37	79	3	86	28	96	47	63	16	43	53	50	67	84	60	62	56	46	19	52	54	17	31	46	30	9	55	6	35	29	68	79	100	62	64	10	32	25	66	81	68	95	15	84	37	13	60	69	24	97	11	98	57	82	56	19	30	47	64	68	50	40	71	23	56	83	100	4	32	75	86	98	46	68	87	65	44	2	61	6	99	52	58	19	60	43	97	40	98	28	26	28	29	14	19	28	20	77	11	20	100	17	39	2	65	55	14	78	49	67	92	25	13	32	51	30	4	55	15	9	9	58	53	42	6	24	36	94	65	96	51	48	99	54	47	51	17	78	29	89	44	2	40	40	32	54	4	99	67	28	14	47	86	22	26	67	82	95	88	4	16	50	32	38	26	63	32	11	61	69	3	73	47	2	33	79	28	41	72	43	6	82	19	27	68	89	5	54	86	62	50	13	
34	40	99	75	83	63	42	76	2	10	76	66	40	8	45	52	64	54	12	94	31	54	51	22	97	39	59	45	64	6	32	66	4	24	69	94	79	75	8	91	90	87	69	51	78	71	58	33	21	51	91	20	36	32	58	71	61	35	57	54	60	53	85	62	37	64	65	70	31	12	23	74	20	14	93	55	19	19	59	58	31	12	79	38	4	87	66	93	25	40	86	94	43	67	84	36	97	66	54	67	69	65	84	41	4	8	38	45	32	4	97	48	73	12	4	22	41	52	80	90	76	95	91	38	33	3	37	10	10	61	97	24	34	36	96	27	42	16	13	1	97	55	61	58	94	94	16	21	4	23	78	64	22	92	72	77	77	42	70	48	54	10	69	41	91	42	83	76	25	21	95	68	10	89	81	11	81	71	94	48	38	60	96	58	71	32	66	13	44	31	8	3	28	40	96	70	43	25	19	21	
47	41	62	37	72	90	79	46	31	68	48	46	1	4	84	69	22	16	22	94	57	96	15	29	10	80	64	60	56	41	1	2	91	82	63	1	95	6	38	76	68	37	91	50	49	48	23	93	89	96	37	5	20	69	42	5	98	64	31	84	45	22	13	41	38	76	7	66	14	51	56	20	64	47	47	5	47	26	52	60	45	53	64	54	74	28	88	71	3	55	75	66	43	41	77	18	53	84	35	6	75	53	46	54	11	42	80	59	36	41	20	74	66	18	97	99	6	94	80	38	60	64	38	28	58	33	3	60	18	87	80	34	50	1	11	25	56	11	10	41	97	38	86	87	18	7	89	67	74	32	14	84	90	24	41	22	12	22	22	6	82	55	79	26	12	93	12	56	82	13	83	47	93	22	9	61	45	68	22	9	45	80	57	30	46	28	28	79	32	96	75	94	98	94	87	27	15	38	22	77	
2	15	13	81	91	50	76	52	16	85	27	32	78	97	2	44	92	45	18	12	58	52	19	17	44	23	44	50	51	74	75	18	30	41	76	97	63	59	55	67	83	58	88	15	50	44	5	76	36	11	45	38	69	45	57	85	63	74	5	75	34	53	84	34	97	79	50	34	27	57	83	14	47	60	57	90	91	43	54	42	15	65	32	97	49	35	62	80	81	90	95	82	93	85	84	50	93	38	97	98	35	26	28	13	66	3	85	53	46	48	83	72	84	83	45	80	3	32	20	53	38	75	14	19	84	96	1	36	13	99	53	25	61	1	53	90	37	83	19	31	67	47	77	51	64	3	97	1	47	57	85	90	7	74	62	81	64	39	88	22	51	7	88	65	74	31	25	1	55	85	92	28	79	45	39	97	61	10	8	10	32	3	96	15	91	65	73	4	63	53	46	92	98	18	68	17	71	57	88	9	
3	67	94	12	85	16	85	36	57	83	73	74	85	93	63	92	40	88	35	67	55	80	37	90	66	59	21	51	70	25	69	1	80	33	3	44	91	17	37	74	84	15	42	18	72	62	72	98	4	17	52	66	74	99	12	17	15	80	61	96	28	72	50	12	89	80	81	28	47	1	100	93	47	57	32	92	97	95	28	97	42	40	29	10	75	64	16	45	100	39	70	60	11	40	22	38	44	29	97	18	11	14	84	24	55	92	13	77	72	74	93	68	83	85	27	15	75	86	91	13	69	2	33	13	97	64	58	83	52	90	53	41	25	9	9	14	9	59	19	40	80	86	81	34	33	36	14	86	14	40	70	20	63	48	2	65	2	46	48	68	92	80	53	24	37	40	31	23	67	92	48	45	100	30	24	90	90	70	92	61	82	23	90	75	94	13	80	79	67	32	71	66	3	32	10	92	83	7	59	40	
57	54	54	58	61	35	85	27	29	74	1	67	29	45	74	84	36	69	49	11	67	31	89	16	26	16	51	49	9	61	84	28	90	78	80	96	32	64	89	71	31	14	29	55	55	6	57	50	56	7	63	59	11	33	91	50	9	61	15	79	14	79	57	39	11	100	65	4	80	30	4	55	5	90	92	91	29	8	40	1	91	38	94	71	36	15	41	76	29	38	87	59	19	7	10	36	44	92	53	17	36	88	36	84	18	7	33	87	94	26	46	48	38	22	32	85	95	59	41	58	25	61	3	19	74	74	35	81	16	33	54	49	69	43	19	55	40	2	15	85	76	43	80	17	79	35	82	53	8	60	52	60	35	67	67	55	38	90	62	91	67	90	90	20	43	67	38	50	3	75	5	46	63	26	77	66	73	48	5	9	88	77	51	73	27	100	6	13	89	34	93	20	86	76	48	35	43	51	99	28	
10	12	62	53	98	56	85	16	66	80	33	73	96	100	93	36	97	34	2	65	3	89	84	59	38	70	100	93	10	84	49	15	29	92	84	16	77	30	37	51	42	33	64	22	56	35	60	79	61	54	47	96	10	65	42	17	87	94	94	24	35	22	53	82	78	61	13	93	88	44	32	19	47	91	97	29	56	63	84	84	76	68	84	84	17	5	41	8	25	65	58	61	22	17	41	97	27	76	63	24	43	63	41	80	46	21	49	75	68	96	100	79	44	82	10	12	71	10	74	95	13	43	30	74	39	24	30	63	5	55	95	2	6	68	73	20	23	4	46	5	61	15	41	99	88	73	56	48	78	43	96	25	6	65	29	98	49	25	39	72	60	63	20	27	1	56	13	69	4	51	9	93	90	18	76	75	8	47	84	8	37	30	42	21	17	84	55	61	29	46	25	34	23	87	67	38	63	5	92	37	
38	88	5	43	88	2	24	26	71	41	42	65	69	89	59	44	64	62	9	6	67	50	45	22	24	75	33	90	53	27	7	10	30	5	4	95	35	99	80	38	33	1	62	40	9	60	96	76	38	21	98	17	26	57	53	44	7	62	26	51	71	38	1	80	59	32	68	30	51	81	75	19	26	43	95	8	63	30	100	97	87	39	52	70	57	82	10	57	77	59	6	19	31	71	59	83	24	79	85	53	24	53	68	93	85	67	56	22	19	10	62	77	86	68	4	61	51	67	87	96	40	90	8	86	7	98	10	76	29	11	87	89	35	48	37	40	20	14	39	44	16	8	94	23	68	42	20	86	93	59	90	72	59	99	38	18	21	23	19	85	94	51	49	98	5	54	64	34	20	3	57	22	8	8	38	33	25	56	1	1	75	99	94	66	58	70	30	100	26	60	56	94	48	38	63	36	20	34	89	32	
43	98	51	3	55	21	72	71	64	30	40	23	82	98	27	98	95	15	53	84	61	1	17	62	37	19	46	17	9	70	40	97	77	23	96	61	93	71	18	86	17	64	99	48	32	90	95	79	40	19	90	38	74	64	94	59	77	53	36	88	19	90	64	94	77	19	26	70	89	48	86	59	52	54	28	40	84	100	71	29	75	25	60	37	65	83	87	34	83	62	24	60	60	98	41	3	30	56	13	81	85	32	8	23	57	26	71	14	66	51	79	73	18	62	87	36	95	92	17	44	99	66	20	96	80	45	52	5	75	100	8	44	90	73	40	30	48	15	43	44	44	51	65	62	51	91	19	39	84	96	79	89	12	31	31	28	36	67	43	92	89	95	5	76	23	83	66	90	32	21	1	81	47	42	93	31	7	44	18	29	15	27	38	78	74	67	64	82	94	74	49	77	89	57	21	2	35	87	42	5	
73	57	15	67	10	66	52	36	16	51	85	89	17	37	4	11	61	61	82	22	1	53	99	9	18	52	24	10	2	54	74	74	70	46	80	96	54	23	70	55	88	71	69	49	1	48	12	81	78	58	39	10	3	54	30	57	10	70	14	33	81	70	92	85	51	54	2	35	19	41	98	58	60	42	97	1	84	97	29	84	87	23	98	1	92	95	5	40	85	56	24	91	7	65	68	43	92	80	67	41	89	83	19	92	55	100	65	40	100	84	66	22	56	44	72	11	97	39	84	20	6	55	86	25	93	43	72	36	85	5	59	96	24	30	13	15	4	47	69	48	52	12	71	35	16	36	30	91	20	1	86	69	78	21	79	41	86	73	19	3	87	83	86	13	14	84	47	45	17	12	52	61	4	52	47	59	58	20	35	77	88	93	11	83	70	56	63	1	76	1	42	20	75	72	75	68	51	4	87	46	
98	81	71	59	11	29	45	29	4	81	46	35	69	100	41	3	6	92	1	83	76	7	22	44	81	94	81	69	48	16	7	47	6	81	61	34	15	5	21	12	71	44	83	58	29	42	83	16	64	11	99	29	78	81	48	4	100	68	78	15	6	98	88	93	46	64	89	64	6	41	46	31	45	15	42	91	76	87	75	87	50	9	2	68	64	88	48	94	38	76	93	20	30	80	64	34	14	67	90	71	53	97	75	8	47	6	25	28	87	80	24	94	81	37	22	44	40	25	5	51	82	96	8	47	52	100	71	79	26	44	40	55	62	97	100	82	71	28	64	15	64	96	23	41	24	11	58	10	19	36	47	97	23	36	57	50	40	4	43	34	93	39	41	77	61	62	47	38	70	81	41	57	86	29	56	29	82	41	38	23	84	23	30	85	16	61	39	35	24	35	99	39	97	93	15	1	89	98	2	49	
16	65	96	12	73	73	4	12	35	50	7	70	25	29	99	46	95	44	47	98	91	58	16	22	87	83	72	78	29	54	11	5	81	37	36	64	33	54	81	18	5	16	32	32	67	53	56	68	63	54	38	29	99	17	10	86	78	56	37	13	15	30	19	2	30	11	92	28	2	94	68	12	53	65	40	38	68	39	25	23	9	53	18	58	99	10	85	24	88	21	60	81	15	56	82	61	51	58	32	67	54	25	64	21	93	11	91	20	69	69	83	10	27	39	40	92	20	63	69	51	78	98	30	11	17	10	86	82	72	4	6	75	16	41	76	59	14	27	94	29	64	39	48	24	11	79	41	47	14	11	93	86	33	96	61	11	72	45	95	52	14	4	11	63	16	22	38	76	77	5	73	78	96	7	66	13	19	30	70	44	23	85	7	4	50	89	62	17	16	95	77	27	56	72	87	100	98	8	71	30	
79	13	85	100	71	91	11	5	4	21	52	20	66	26	38	65	55	10	3	36	72	54	67	55	7	19	3	86	72	21	61	15	60	74	39	74	69	18	97	97	100	71	14	33	78	50	16	7	2	25	40	39	5	54	25	96	50	53	86	30	64	100	44	89	33	59	92	46	98	8	87	79	64	32	29	94	84	52	60	98	2	18	100	17	70	16	48	16	44	19	37	88	14	68	37	25	50	4	63	27	62	24	30	16	99	61	81	27	96	82	67	7	48	88	100	73	92	61	94	56	21	14	95	37	38	93	38	74	58	68	89	71	87	8	23	94	67	5	64	95	28	45	80	56	11	93	40	88	89	47	89	84	94	5	10	67	13	51	36	97	69	80	89	69	11	95	15	41	11	54	11	58	89	39	55	23	9	3	83	73	40	93	81	11	35	2	39	56	94	69	40	24	54	36	49	15	55	53	53	25	
11	26	14	34	10	57	88	8	69	43	40	59	99	40	62	43	45	38	86	17	59	85	17	20	68	82	58	93	80	48	17	80	45	49	84	13	67	80	68	82	83	26	13	69	99	87	67	53	28	39	20	99	2	6	85	71	42	69	73	86	32	79	39	5	85	82	62	51	89	59	65	38	54	97	10	71	84	70	37	1	68	58	17	35	93	58	75	11	10	77	96	42	15	57	29	29	31	43	26	82	83	16	38	10	83	24	9	31	29	1	6	31	89	58	40	93	80	52	66	2	34	29	33	17	47	65	69	31	95	42	33	94	97	39	52	68	83	65	51	69	75	62	28	69	24	43	66	30	44	54	23	5	58	75	27	56	78	65	61	21	86	42	75	75	68	51	98	5	11	59	18	61	30	25	61	61	36	95	100	24	4	43	42	4	15	80	100	61	13	32	45	8	18	62	42	75	16	62	22	5	
62	26	14	5	56	72	58	60	44	35	93	64	30	84	86	52	32	29	22	68	37	86	18	54	97	33	92	6	81	89	82	96	18	43	4	40	40	58	52	67	14	7	35	44	9	2	46	3	73	57	66	38	50	78	71	100	85	26	85	80	42	6	27	24	42	30	92	92	12	58	44	4	74	49	75	36	17	57	65	92	64	99	70	93	30	50	40	24	98	46	8	54	83	17	75	8	7	39	15	13	95	2	27	99	74	42	12	54	84	5	40	27	21	61	50	3	41	19	56	49	95	63	47	65	87	32	30	9	61	38	58	96	14	67	57	58	45	90	39	41	1	85	86	90	4	64	74	8	71	22	45	54	92	11	85	48	28	57	24	98	10	51	23	63	6	8	92	89	26	76	28	82	90	76	26	20	80	85	80	78	12	84	63	25	58	64	93	14	19	34	43	7	80	3	30	77	80	59	47	56	
61	89	25	66	75	17	97	29	64	47	61	74	25	94	7	89	17	33	86	37	89	17	87	56	34	98	93	7	74	43	82	36	87	65	60	27	93	27	83	52	26	17	37	68	41	90	73	92	38	85	28	6	6	12	61	44	18	97	95	54	21	22	17	28	68	68	46	62	60	58	2	87	28	35	64	15	5	82	83	95	88	10	16	58	50	29	73	32	16	77	78	77	79	86	93	2	76	6	35	25	65	80	99	54	22	6	38	29	40	6	65	84	5	52	73	82	55	98	48	9	61	34	54	34	1	100	41	41	88	60	95	87	11	2	76	83	82	90	30	41	74	48	86	3	50	42	91	71	99	42	78	67	89	42	4	71	36	89	4	73	38	47	57	61	91	6	79	25	58	90	74	22	90	74	66	56	16	14	15	78	14	96	93	42	78	2	81	32	61	58	46	85	22	84	34	86	36	4	83	25	
94	20	41	74	67	85	72	33	7	42	72	71	56	8	31	16	27	43	45	66	33	29	77	18	43	8	41	41	61	66	10	88	42	23	91	50	17	89	77	33	5	27	71	38	52	82	34	61	85	5	93	12	67	19	1	70	28	31	49	10	99	49	19	61	85	30	54	5	99	53	61	66	88	62	16	41	41	10	87	5	48	85	48	75	40	73	29	9	82	13	19	84	52	72	75	91	57	37	89	68	22	1	75	88	78	26	12	8	56	26	38	28	56	89	53	98	20	35	90	73	93	74	2	87	39	94	11	96	88	76	2	82	99	31	46	87	41	42	15	25	40	82	28	76	46	8	6	83	74	93	66	2	30	82	15	52	52	7	13	76	93	67	100	31	73	70	93	40	10	82	12	15	91	65	46	67	71	27	71	33	37	54	76	39	98	67	51	40	70	25	29	32	31	53	47	9	90	11	24	31	
99	54	55	39	91	73	28	78	16	19	44	18	79	79	32	70	84	10	54	96	28	11	85	31	72	100	76	64	45	31	72	35	95	52	74	58	43	24	47	99	50	15	74	96	86	59	63	42	68	29	31	23	56	5	22	3	21	89	80	20	4	1	76	17	95	37	73	73	69	66	6	93	71	80	45	76	8	57	34	40	94	24	16	11	24	32	9	78	11	46	71	31	8	37	87	97	93	86	96	97	97	26	43	14	81	31	58	3	52	47	36	40	75	3	27	36	75	80	44	24	87	73	20	36	27	82	40	8	24	50	87	50	75	100	31	31	74	81	32	2	66	65	16	74	95	76	93	5	21	24	16	98	36	25	9	47	9	100	95	84	31	60	92	63	32	99	5	21	34	17	13	92	12	10	28	63	45	39	47	82	7	74	31	95	16	7	43	50	16	74	39	43	72	81	11	14	2	28	54	4	
98	37	84	36	15	2	90	97	86	33	75	71	1	4	85	62	93	1	5	28	34	34	76	21	68	17	42	50	96	46	8	67	59	89	80	64	94	97	53	80	22	100	60	60	28	14	82	80	28	43	66	27	68	16	99	48	79	13	55	11	92	78	97	100	34	15	14	5	76	32	99	25	3	81	100	29	25	77	83	85	38	88	44	10	98	16	82	11	7	52	41	8	18	59	25	74	31	83	28	28	46	55	88	55	39	8	6	11	45	19	43	39	46	68	60	17	69	38	46	2	55	13	2	26	3	6	9	52	7	99	80	68	16	67	67	52	59	51	81	2	61	11	86	61	19	25	14	11	88	52	95	75	9	95	51	79	91	67	28	42	7	87	21	9	17	22	5	93	36	62	70	47	43	40	31	50	80	61	74	24	66	54	69	70	27	57	1	1	44	86	55	31	54	89	57	51	57	6	91	90	
21	22	75	55	35	51	66	71	4	16	8	41	43	15	86	9	53	22	9	8	58	36	12	55	49	92	16	16	18	1	52	68	73	65	57	6	44	6	26	96	39	85	26	3	10	31	95	54	59	9	17	10	57	87	25	36	86	98	32	46	99	19	37	75	99	73	49	30	35	37	52	40	55	90	39	38	65	59	62	56	76	21	19	77	46	77	13	46	52	46	35	31	9	70	55	10	1	52	20	42	72	27	92	93	33	50	33	52	99	54	15	26	86	18	34	23	99	34	48	58	91	54	12	84	15	99	65	72	94	32	62	37	14	62	8	34	83	13	71	90	65	53	1	88	67	32	89	36	20	8	17	58	81	32	59	14	53	56	47	97	96	62	52	72	100	27	100	57	12	37	7	65	40	14	29	18	56	3	58	11	25	80	70	23	31	56	75	17	26	29	71	73	49	36	91	55	19	91	44	11	
37	48	9	98	16	99	27	40	57	8	93	3	30	11	50	84	39	46	79	20	62	47	17	28	78	32	52	32	75	15	11	83	91	15	71	51	32	62	21	71	76	91	48	72	25	66	2	16	51	59	81	14	85	61	23	57	60	6	8	21	46	29	68	57	72	78	80	53	88	77	58	86	75	95	70	87	58	6	24	24	93	60	37	96	8	78	19	71	41	35	62	7	90	23	69	82	13	25	93	35	24	14	47	40	50	8	98	24	78	71	48	23	69	65	63	84	46	9	75	4	51	51	7	37	28	15	59	17	82	90	58	63	25	77	44	79	32	4	57	39	23	23	91	32	30	68	26	12	17	65	63	14	94	61	83	75	60	49	61	33	8	9	28	7	6	26	62	26	31	25	56	4	13	50	69	9	91	7	81	53	17	40	73	58	46	42	6	1	27	51	61	91	7	51	78	36	42	27	6	11	
97	80	99	44	15	21	29	29	98	76	51	58	98	46	69	91	25	81	45	60	96	78	64	18	10	10	15	90	32	65	47	46	66	8	82	84	94	21	54	55	31	69	37	12	44	76	12	24	4	22	54	98	33	65	100	79	25	53	81	48	65	99	65	14	26	42	4	87	78	58	19	94	66	82	60	59	61	19	60	91	20	81	88	42	54	77	84	31	8	31	7	35	26	42	69	50	57	10	28	15	58	22	86	52	57	46	44	69	84	38	85	27	99	78	34	35	21	99	43	68	53	91	30	40	88	84	86	91	4	29	87	78	6	35	55	8	29	99	4	10	20	44	65	96	52	50	72	26	71	79	94	18	33	34	72	36	71	18	69	25	41	17	86	42	13	9	39	13	100	30	84	51	40	54	80	35	55	8	57	7	86	36	75	12	12	68	29	51	98	27	68	100	14	1	55	86	9	37	52	32	
45	94	1	3	97	74	32	68	87	93	23	99	100	23	78	9	4	87	47	95	16	67	18	57	51	91	75	75	61	70	59	67	10	22	35	5	27	73	95	67	27	55	39	39	32	35	94	22	70	37	34	99	96	26	19	54	20	84	91	72	65	35	84	83	81	91	59	42	96	96	60	43	43	93	11	19	22	31	60	7	30	15	14	15	83	79	52	8	18	9	90	26	52	41	63	23	56	77	94	87	70	91	97	82	65	26	28	68	9	85	4	79	55	50	6	86	57	87	9	6	50	1	58	56	93	92	95	10	39	98	41	96	89	47	33	86	9	97	29	17	84	93	35	97	4	11	70	15	25	84	33	84	92	59	70	22	19	13	76	98	94	93	1	68	81	67	70	12	3	65	44	14	30	79	90	82	96	66	62	85	8	45	95	7	74	94	57	64	58	8	5	77	2	43	13	51	90	12	33	44	
16	23	59	92	2	15	38	6	35	38	99	32	81	3	88	79	22	93	12	74	38	12	20	50	100	45	43	65	34	22	24	73	55	44	26	45	44	16	5	52	98	2	42	17	73	21	99	6	5	59	42	69	8	34	45	49	100	76	23	8	96	82	26	92	24	96	13	49	32	71	43	67	41	85	40	7	17	71	98	65	80	56	68	57	17	86	72	37	59	70	23	42	41	53	12	56	89	96	75	62	52	62	57	59	73	93	9	61	26	41	67	22	36	1	93	62	61	84	34	92	31	84	63	67	95	11	29	81	32	2	45	50	53	94	56	66	69	83	33	75	93	80	57	44	15	50	92	18	41	40	72	3	45	22	91	61	50	84	62	31	59	53	25	54	11	72	80	31	31	24	90	82	70	12	65	51	48	83	71	87	48	79	21	60	73	56	21	28	3	69	90	20	16	40	49	42	3	94	4	13	
64	61	89	46	39	63	30	53	37	22	14	86	9	14	29	23	69	31	46	92	19	85	15	40	5	67	39	18	17	54	92	83	18	98	76	37	97	68	82	88	88	25	42	50	30	97	49	54	86	29	27	6	89	11	66	79	28	13	5	40	74	93	3	26	68	64	52	40	5	36	97	84	77	84	22	10	41	59	41	68	64	82	37	29	75	93	75	87	25	55	69	69	63	12	10	16	27	39	70	93	80	75	26	54	91	56	2	61	39	96	61	82	39	2	37	73	96	49	80	2	4	85	41	39	58	94	5	54	19	70	17	92	10	16	33	80	70	59	8	98	70	96	33	84	7	10	72	13	31	88	77	75	53	85	32	99	22	50	54	38	8	28	34	97	30	22	91	24	42	67	76	96	18	34	4	53	36	57	20	99	47	56	10	55	65	33	74	16	5	59	38	81	89	38	79	56	82	97	69	31	
27	49	90	84	87	25	91	95	97	99	43	34	17	43	82	43	86	53	86	5	96	69	39	61	82	66	66	100	54	99	35	41	69	100	28	93	8	27	65	45	13	73	98	85	95	33	47	48	88	99	68	29	94	36	7	13	35	16	33	38	8	85	84	100	37	74	75	97	65	6	40	36	18	50	38	36	97	83	3	43	34	61	25	29	8	2	91	97	74	10	82	50	23	56	16	96	26	12	2	16	55	70	50	65	97	39	89	6	9	37	29	49	6	93	92	10	70	93	96	12	3	91	54	97	21	2	7	68	91	40	55	64	51	91	49	23	87	30	45	13	31	46	25	74	78	39	46	2	20	70	84	4	85	30	55	46	22	45	80	96	52	46	59	67	54	9	19	100	80	1	80	9	41	100	95	6	45	55	98	47	23	11	88	21	84	16	44	15	19	95	72	43	32	39	85	96	11	21	56	65	
44	100	99	84	88	17	66	33	17	100	58	100	95	75	45	16	45	51	72	45	80	43	37	73	83	2	26	90	30	73	58	40	58	98	91	39	85	96	7	70	72	39	92	35	78	83	65	65	78	96	77	15	39	33	37	99	10	75	32	86	8	89	13	69	66	7	79	39	89	76	98	97	53	93	44	44	27	24	30	92	14	51	50	31	7	76	57	93	31	1	13	57	56	89	27	26	22	56	4	36	52	24	12	97	81	43	53	78	83	30	93	66	39	27	85	83	60	32	12	87	38	2	64	95	30	73	70	19	5	42	21	65	78	68	57	77	23	14	45	82	55	46	25	5	3	6	52	13	30	78	11	26	80	27	1	17	90	51	83	93	24	83	39	61	91	32	75	7	67	35	87	66	70	78	38	96	49	19	73	54	54	87	56	77	90	73	59	34	50	43	43	97	20	75	16	46	14	38	68	44	
35	69	96	31	12	20	84	81	12	43	24	82	100	24	71	2	58	19	53	78	31	35	93	50	84	7	4	23	59	70	87	48	31	94	72	46	56	2	34	73	34	21	47	50	74	52	57	55	9	86	68	85	33	69	71	37	100	36	88	41	96	52	19	2	6	54	64	10	66	48	28	66	84	38	29	92	76	79	56	80	67	58	4	43	39	6	37	86	83	52	25	10	77	96	39	12	56	75	11	50	32	97	36	7	9	23	64	1	42	99	21	1	23	89	75	32	93	36	35	66	28	62	7	94	50	40	94	40	92	69	15	50	20	67	1	100	3	44	64	10	10	70	65	64	89	46	79	93	60	5	41	68	64	28	83	75	67	20	19	12	51	28	77	66	24	52	70	75	26	76	35	25	3	92	87	60	17	93	7	43	78	21	28	6	2	16	74	70	34	84	72	41	46	58	5	70	84	76	47	31	
56	42	17	66	69	23	12	24	68	8	90	32	40	30	100	56	48	23	19	63	64	94	3	23	90	43	76	80	38	32	25	76	20	80	87	29	61	57	63	36	16	49	97	41	50	53	66	50	87	48	27	87	41	45	1	95	11	67	17	17	83	55	48	60	41	94	67	31	24	52	26	54	35	97	97	53	63	85	13	67	90	32	63	26	15	35	89	96	28	20	93	28	94	75	70	2	4	11	20	75	90	34	50	5	5	44	61	42	1	87	72	18	98	29	60	77	36	22	18	100	77	14	75	48	85	76	86	44	78	26	57	37	14	95	54	12	88	92	27	26	71	49	89	87	52	49	85	70	19	53	10	23	59	19	30	33	61	100	23	34	33	69	45	29	88	57	82	55	52	8	27	73	53	20	4	63	19	94	34	15	15	90	6	33	79	34	3	61	26	59	2	97	23	100	45	27	92	9	73	4	
80	29	32	55	22	86	74	71	18	51	46	15	24	87	66	69	74	96	54	26	69	37	65	1	39	14	8	80	4	69	44	80	70	45	60	6	48	57	95	12	63	77	87	73	59	44	95	3	76	100	70	13	18	23	97	5	3	66	33	95	76	91	1	8	83	21	85	89	22	15	28	67	6	98	18	17	24	53	81	41	71	67	27	82	13	25	68	97	28	42	35	15	87	62	93	16	36	50	75	28	18	38	21	50	79	62	87	12	10	74	47	25	75	52	73	77	87	34	35	7	8	33	61	51	29	2	16	2	60	16	96	84	50	79	35	53	14	87	13	52	97	63	6	86	76	67	87	18	4	8	100	2	96	39	17	26	2	24	3	47	13	74	61	96	58	89	11	75	92	21	84	21	74	88	99	76	40	89	26	71	33	77	75	98	14	61	69	96	27	60	67	77	4	64	74	15	38	17	71	62	
38	63	60	55	70	16	56	34	99	9	42	29	14	7	47	97	85	80	24	60	70	75	98	92	3	41	62	53	60	80	24	34	96	14	28	44	94	96	67	54	29	22	50	29	22	90	74	36	32	51	99	37	83	53	17	68	14	22	64	30	89	77	7	12	85	53	38	23	88	47	29	69	75	35	11	36	43	24	85	89	53	54	62	83	95	65	22	97	46	72	24	58	70	52	80	55	52	32	90	18	33	43	22	73	25	46	77	43	54	3	33	35	43	89	80	70	8	59	13	71	56	2	85	16	90	10	71	39	68	21	8	38	58	63	5	80	81	84	55	42	50	50	5	29	51	61	54	44	47	91	21	49	87	88	7	18	64	46	67	76	39	94	92	76	74	96	97	10	5	92	78	54	49	11	43	35	24	89	59	5	52	99	38	49	30	80	15	92	32	63	75	98	16	16	98	39	6	19	32	31	
83	85	27	95	39	58	19	9	71	60	11	66	23	97	70	65	88	57	71	75	7	98	56	28	54	71	17	98	90	42	93	45	99	100	95	38	43	74	75	52	60	41	97	35	83	20	63	74	83	63	11	17	64	44	34	23	33	85	75	14	8	24	42	89	86	31	100	59	8	7	14	65	53	26	14	88	63	53	32	83	97	25	24	16	2	80	1	26	55	27	14	22	91	62	75	70	24	97	34	38	43	96	49	11	40	76	94	9	67	2	6	72	11	97	38	58	79	90	12	96	69	29	86	92	59	99	68	92	23	16	83	13	86	10	31	68	92	73	32	75	7	79	27	29	90	30	87	44	9	55	97	89	64	90	28	18	77	9	94	25	58	15	50	12	63	95	35	31	21	1	92	48	36	27	65	52	16	17	23	95	24	62	22	94	6	54	36	53	81	76	65	52	99	75	21	67	73	22	52	13	
54	33	21	76	86	52	90	75	58	95	26	41	33	40	74	75	82	48	14	8	88	14	89	25	40	52	52	65	27	92	84	29	52	2	71	44	46	64	79	79	29	23	3	61	62	2	34	12	57	33	43	61	65	8	56	83	62	19	39	36	84	70	71	4	51	65	7	72	87	14	19	84	46	28	84	36	41	68	8	19	75	64	30	38	27	99	75	43	88	92	47	86	97	57	26	50	12	36	50	21	22	49	22	65	71	26	93	75	72	11	73	71	2	14	20	56	38	60	58	94	11	81	13	53	12	90	66	57	28	68	7	73	60	41	83	64	24	50	6	22	38	20	31	12	90	14	51	15	81	36	39	21	96	46	92	78	33	49	90	17	49	100	94	80	90	3	14	36	22	82	55	59	33	83	75	95	5	25	67	76	64	2	87	5	81	66	22	1	25	2	42	40	42	42	23	44	58	95	30	81	
66	82	10	38	91	62	14	65	63	66	67	86	13	50	37	25	4	17	14	31	4	62	56	93	83	40	78	35	47	52	37	64	32	71	30	50	97	61	35	38	7	93	28	64	19	45	13	75	64	81	94	26	16	40	48	64	60	12	53	3	54	96	60	93	14	15	100	51	1	23	28	41	54	13	24	84	80	93	23	92	8	21	16	10	99	54	88	14	55	93	40	52	82	59	54	65	97	7	5	50	73	11	65	17	56	41	50	28	38	61	45	53	42	59	8	69	92	89	7	74	9	78	16	85	52	61	15	31	1	54	77	82	70	57	29	16	76	82	1	37	36	23	82	4	18	44	28	9	54	61	80	55	19	66	44	100	52	1	62	84	12	49	38	10	74	69	68	12	73	91	21	87	61	89	50	52	85	73	15	20	66	68	49	81	69	19	53	92	5	67	19	55	29	38	89	27	31	75	39	47	
62	87	72	85	57	73	40	74	47	11	43	53	67	91	7	64	54	93	52	6	97	100	81	17	36	69	38	30	59	42	75	18	20	35	80	63	96	87	6	82	59	11	50	26	65	74	3	12	43	71	51	67	44	98	40	98	46	38	76	34	53	4	49	30	22	46	18	40	61	68	20	4	11	66	55	18	46	85	57	55	47	93	99	83	74	22	78	81	39	33	50	57	65	73	91	97	81	9	5	79	25	40	71	56	60	68	98	39	13	40	97	99	49	85	82	94	54	8	14	62	57	24	68	94	84	64	43	61	95	98	32	10	59	23	72	97	44	99	47	52	45	88	76	20	88	43	48	46	31	25	82	92	88	78	41	74	43	73	25	7	92	97	58	63	75	17	33	72	52	26	52	2	2	43	81	2	71	53	93	15	5	87	19	52	33	13	93	87	47	39	7	72	17	23	44	86	72	62	12	57	
41	40	54	39	29	26	76	74	37	59	67	64	55	87	92	25	10	94	95	97	9	17	63	81	32	13	39	68	51	72	75	14	89	8	17	83	61	57	73	43	24	77	16	97	95	55	56	24	92	29	24	92	79	27	52	84	36	8	2	42	32	59	29	44	3	5	10	94	53	21	77	8	42	3	92	7	21	67	26	100	6	11	61	24	42	6	26	31	8	50	8	46	26	93	56	39	43	23	44	62	46	76	26	41	68	11	52	79	34	32	37	88	98	4	91	77	65	74	10	65	51	21	8	3	65	68	97	13	75	92	64	85	94	99	40	56	73	43	18	23	25	84	20	55	58	20	58	75	59	41	1	5	39	67	48	27	19	5	89	1	54	33	33	15	5	29	64	6	63	60	12	35	81	92	48	18	29	45	18	44	77	93	82	77	85	60	20	77	95	63	30	94	71	86	4	81	5	55	33	58	
18	71	9	83	14	78	44	70	56	51	64	44	85	53	93	78	29	40	2	84	39	84	67	31	9	59	43	80	47	80	31	13	75	54	74	43	22	17	6	31	11	39	24	78	86	58	28	28	78	81	80	94	36	31	98	62	36	96	73	29	41	79	54	35	86	42	87	33	63	83	11	38	80	85	13	33	49	56	71	65	25	91	81	9	12	38	12	58	6	33	98	44	28	9	2	89	53	64	61	87	77	94	93	50	98	52	85	22	55	73	41	12	31	49	82	94	21	34	42	95	69	64	19	50	51	96	12	50	34	29	66	65	60	49	73	12	63	79	83	7	99	43	64	47	26	20	2	77	82	98	18	3	32	35	11	6	82	35	51	38	69	32	13	100	17	60	5	98	64	72	55	24	7	51	34	58	79	40	37	11	40	81	47	19	89	44	84	58	100	48	71	75	83	62	37	82	63	32	66	32	
39	79	21	19	92	64	6	80	37	51	43	74	51	21	61	58	94	95	53	89	87	9	16	15	14	54	57	66	100	5	44	9	74	52	88	40	27	42	63	39	55	15	16	36	44	17	90	97	57	92	82	14	55	42	88	74	17	44	66	41	91	54	60	11	72	14	50	57	13	43	20	45	59	53	77	87	75	22	14	40	28	20	27	31	54	29	8	3	11	52	24	69	68	61	61	6	78	1	42	12	43	9	75	28	39	79	22	47	100	47	41	38	33	80	21	43	31	14	69	43	75	50	2	28	44	88	29	25	99	49	64	40	10	73	47	68	39	57	8	28	82	64	74	33	7	79	4	46	49	33	36	52	2	52	67	12	76	87	33	87	8	11	1	64	4	84	48	76	30	62	79	100	98	97	53	48	73	47	89	8	60	66	80	24	54	80	91	8	3	72	23	10	7	84	29	76	46	81	51	93	
78	11	79	87	22	87	64	14	68	50	59	72	77	31	29	57	89	51	8	46	34	57	56	25	89	51	60	10	74	36	75	2	31	100	77	12	35	32	62	61	94	44	51	50	89	51	64	62	34	9	25	76	75	34	24	80	38	38	30	33	55	56	14	32	15	11	34	29	42	74	100	32	36	46	72	94	68	19	66	100	87	69	96	29	84	40	56	52	45	99	78	84	9	26	39	9	83	42	1	10	54	67	72	38	13	34	55	100	71	80	3	82	19	48	69	8	67	91	62	58	57	38	41	59	68	95	71	56	13	15	43	86	78	33	39	87	48	64	81	70	80	45	67	9	81	31	99	50	38	77	10	42	50	24	61	65	51	44	77	89	2	9	81	45	78	21	23	93	20	98	59	88	74	33	74	6	43	37	41	93	8	74	66	48	65	95	36	21	91	83	93	28	48	70	68	27	54	78	24	69	
2	2	61	51	97	69	2	66	77	73	67	44	56	7	51	76	24	77	50	43	22	72	39	82	60	22	7	74	17	14	15	13	34	7	48	28	45	12	53	92	52	66	21	59	68	2	29	44	74	22	21	84	22	90	74	26	30	50	58	24	8	71	19	79	78	75	10	11	53	59	17	4	41	48	74	26	96	10	51	84	80	69	82	1	5	6	26	47	19	54	71	38	85	41	96	37	30	99	87	74	3	2	11	61	40	32	73	47	80	1	73	21	91	31	25	26	65	77	58	15	75	95	79	67	36	68	85	5	66	44	92	1	4	69	51	38	61	64	53	45	70	47	4	89	8	37	55	2	76	43	90	10	72	44	31	31	78	60	92	15	27	43	9	14	54	73	46	89	62	10	96	23	27	72	32	36	93	82	18	37	1	83	23	66	12	9	93	82	40	44	46	7	21	1	9	50	2	9	96	81	
70	38	80	2	11	66	78	26	42	43	43	26	55	34	14	97	95	34	76	21	86	24	6	40	73	44	63	90	37	8	12	36	31	18	18	41	74	63	44	96	12	13	66	92	85	41	41	69	65	20	68	37	43	86	2	44	93	7	32	37	41	3	98	48	33	96	95	100	35	11	39	97	20	83	93	46	100	62	79	66	24	83	67	6	40	65	38	36	43	15	48	85	4	67	61	29	93	21	72	47	33	6	73	45	97	37	41	41	3	73	79	80	68	38	19	51	15	23	91	44	66	60	88	18	31	63	96	4	25	12	20	37	4	2	55	83	8	99	32	63	37	42	61	55	70	59	76	30	64	13	84	80	29	51	25	53	17	42	59	57	69	77	24	86	76	65	40	17	30	35	1	35	22	52	55	11	90	50	1	90	97	13	33	12	51	46	66	1	74	95	87	89	72	27	35	5	5	70	95	37	
73	17	45	6	52	13	79	82	96	70	17	19	38	92	71	39	96	99	81	81	19	83	66	43	23	9	41	35	92	5	8	46	35	99	79	89	23	37	50	89	34	73	39	13	1	74	62	96	44	49	44	72	11	83	80	36	99	95	84	92	39	16	6	63	3	55	11	72	37	72	2	48	74	72	68	48	79	77	73	22	94	10	7	31	27	84	28	40	39	26	23	27	79	22	82	49	66	1	18	25	35	72	71	53	99	88	12	38	82	21	80	89	68	28	58	88	83	17	19	5	35	45	84	64	85	10	97	8	95	36	12	65	23	71	4	81	30	36	15	46	3	2	36	81	72	66	24	58	26	30	48	46	81	44	88	39	42	14	93	98	70	7	50	25	83	64	43	30	6	35	74	74	64	13	35	12	38	20	79	13	3	65	69	14	75	89	83	99	37	84	62	56	16	37	78	48	58	51	72	45	
38	55	1	42	71	38	67	100	100	73	50	78	84	71	93	31	59	89	14	45	63	26	23	63	3	6	90	24	29	61	60	34	89	19	14	61	13	22	18	50	88	98	19	75	10	8	20	38	53	17	100	46	53	4	36	95	53	82	90	98	97	94	58	6	41	39	90	39	15	73	65	73	66	84	83	38	44	86	18	56	81	27	48	89	21	5	56	75	46	86	69	99	55	36	39	6	39	23	98	75	43	11	2	42	49	98	31	33	19	91	68	68	74	26	32	98	51	74	97	100	66	74	30	45	86	70	1	51	69	6	55	91	16	8	65	4	34	56	93	37	96	9	13	95	55	49	35	67	3	23	65	44	28	74	50	10	20	46	96	57	10	59	30	7	92	70	64	61	52	84	5	27	7	14	52	1	91	100	10	70	97	77	90	20	49	41	48	35	94	78	29	95	91	41	6	37	51	52	54	64	
39	57	59	41	10	69	9	34	93	38	98	50	37	80	62	16	37	3	45	25	95	89	65	56	34	62	55	26	11	61	38	37	20	40	62	49	18	48	35	52	69	90	24	13	55	28	40	1	96	66	2	2	24	40	37	11	88	16	100	72	14	90	20	13	22	89	32	48	13	68	55	12	18	83	85	22	82	68	62	44	37	39	88	58	61	52	89	3	68	18	65	78	50	1	2	93	27	89	29	52	89	97	14	59	85	4	49	80	48	31	38	28	26	82	26	87	37	21	46	44	36	43	33	11	62	78	24	11	55	16	17	22	26	34	18	53	28	89	22	43	40	28	83	97	37	85	48	54	78	36	30	10	18	32	98	61	84	97	23	59	36	62	75	20	16	75	81	48	12	9	4	5	53	24	40	36	44	68	69	94	87	4	40	44	69	45	52	46	24	13	60	59	54	98	84	37	80	78	79	23	
39	51	1	36	75	88	70	74	4	73	86	60	41	31	88	8	8	35	75	33	9	2	18	45	18	50	33	67	29	37	51	80	58	10	85	73	28	8	29	8	98	2	11	100	9	45	70	18	14	66	51	38	38	93	89	76	60	4	21	70	24	75	15	82	83	51	86	73	97	6	14	4	97	45	27	32	10	4	87	72	22	40	100	40	50	73	53	27	60	34	63	34	6	93	37	92	85	75	60	73	80	38	20	8	82	91	82	21	69	25	19	58	32	26	73	89	11	59	5	29	3	83	33	48	88	30	18	45	28	35	81	61	46	24	84	44	45	32	82	87	38	84	69	32	94	65	23	38	32	81	99	49	23	50	27	43	94	59	51	44	26	1	71	86	13	61	7	27	2	94	87	58	87	76	59	83	19	37	13	1	48	47	13	37	70	44	13	32	100	7	37	12	79	25	96	61	20	27	69	47	
75	15	45	32	65	64	61	5	12	14	42	95	3	65	32	41	71	87	56	10	47	36	88	44	89	23	38	65	97	36	91	18	75	84	24	19	31	80	75	33	27	72	50	16	95	45	41	95	19	17	30	16	92	75	7	64	99	40	99	30	45	46	26	3	32	17	28	81	12	41	78	22	99	80	15	85	12	61	36	11	44	92	73	93	3	82	98	36	17	23	84	35	86	62	73	10	83	32	77	77	70	58	56	69	94	77	94	43	8	26	51	88	98	87	89	84	61	58	87	27	46	30	95	75	32	33	98	50	59	10	100	10	59	37	96	32	99	93	15	53	15	38	62	83	46	8	63	47	36	49	75	69	89	74	66	49	37	71	62	97	29	61	11	61	28	52	86	31	65	15	44	74	14	63	43	100	75	87	33	79	1	21	41	48	78	54	76	87	64	82	1	41	34	68	14	2	5	15	29	10	
55	11	56	66	49	67	11	99	16	81	87	70	69	44	14	99	75	65	4	55	18	42	47	28	49	27	98	77	86	26	45	19	100	79	99	57	63	24	79	30	76	18	68	96	21	90	84	23	95	21	6	99	76	87	100	78	7	30	73	73	34	77	82	1	27	49	25	100	28	45	49	41	6	3	75	95	71	51	95	97	40	20	92	80	41	55	20	75	69	99	46	21	57	61	96	70	60	93	36	87	8	79	38	92	54	65	21	31	67	65	15	83	51	37	11	61	91	82	69	52	95	41	52	8	67	48	91	16	33	3	100	61	45	56	62	67	37	80	47	48	87	90	3	62	49	18	85	64	84	38	30	27	16	60	55	95	14	74	84	14	66	86	82	23	90	86	91	42	40	17	71	66	38	35	79	45	89	31	17	69	96	95	7	82	45	29	70	8	72	98	96	24	44	3	32	74	60	72	20	33	
43	68	41	12	1	10	69	78	59	57	47	98	18	42	86	96	50	25	7	38	87	91	61	44	41	92	88	42	65	66	51	39	48	61	69	90	13	73	78	36	1	86	55	53	60	59	85	41	38	70	6	71	73	5	35	31	21	96	53	28	82	19	99	16	49	49	63	91	4	9	67	52	94	32	86	59	10	67	92	39	25	63	61	52	19	98	35	80	38	34	9	99	87	84	49	93	32	36	22	34	59	90	60	89	8	74	34	14	91	77	23	17	74	21	59	58	82	57	87	45	42	57	100	20	21	95	55	92	56	20	45	36	64	1	53	59	25	26	21	47	23	1	53	75	49	86	86	14	59	42	53	61	21	77	60	51	19	64	31	12	35	77	4	37	9	86	85	83	62	81	11	63	51	51	65	45	31	55	42	99	42	65	13	9	96	80	17	63	77	2	87	53	20	80	78	79	77	51	69	59	
2	6	92	27	80	92	64	47	98	83	67	92	76	93	75	56	92	76	75	53	74	95	25	77	12	67	15	52	29	66	17	21	33	43	26	42	71	76	66	60	84	33	58	61	33	45	61	71	83	73	79	76	52	73	33	41	27	69	25	28	14	27	9	24	52	21	95	15	37	64	92	80	80	20	91	41	74	87	17	84	5	69	94	66	56	48	90	44	46	48	75	43	9	34	80	96	12	35	18	35	13	12	58	7	14	10	42	69	62	58	91	19	97	46	5	87	69	87	65	67	67	20	71	71	15	75	41	40	61	1	97	76	34	89	47	38	1	19	9	33	77	21	20	30	99	77	73	55	1	11	39	11	1	81	68	49	21	58	31	11	40	97	80	92	64	50	3	50	91	75	84	16	46	21	55	3	85	47	8	2	60	2	93	10	2	16	58	82	30	51	31	2	61	94	42	67	59	92	67	82	
83	82	24	71	82	4	37	36	29	63	55	56	12	23	52	95	20	44	91	15	70	80	63	69	66	60	27	78	93	25	27	12	95	2	42	58	79	36	14	10	73	63	43	63	98	15	76	66	96	75	76	10	94	16	6	86	97	16	25	78	90	62	71	4	78	75	46	15	57	1	25	90	38	53	13	58	95	96	44	20	51	51	56	2	49	9	73	24	2	58	4	68	6	92	2	12	87	66	100	7	71	96	94	74	62	65	95	43	58	15	44	5	100	44	29	27	52	45	67	62	5	30	78	64	43	25	83	74	79	35	85	23	51	82	41	80	97	92	40	27	77	27	65	25	59	41	41	69	69	58	4	30	38	49	93	26	100	35	60	67	7	14	20	21	84	85	54	30	53	84	30	94	60	3	29	87	12	51	42	67	70	92	42	77	38	76	22	64	56	93	4	18	62	8	53	71	59	82	26	22	
53	36	40	35	12	36	95	86	47	74	53	100	78	100	68	44	52	3	18	36	47	47	60	91	68	60	79	53	26	17	91	47	94	53	58	39	55	67	71	86	65	75	50	27	93	26	14	2	49	79	88	47	49	1	11	47	42	85	40	46	27	15	47	3	21	5	62	15	29	6	13	76	60	38	69	25	13	40	99	6	82	78	21	34	95	61	93	87	55	91	51	53	50	31	4	3	38	28	77	8	56	69	11	9	57	51	69	75	57	75	66	35	66	36	3	46	95	42	67	5	96	99	40	69	35	11	66	50	51	85	6	43	12	53	45	93	65	40	3	50	16	29	25	17	89	100	59	8	47	79	21	86	68	20	8	36	88	93	12	62	96	52	18	10	17	82	87	56	67	18	27	50	67	59	99	11	81	4	28	77	61	62	96	35	74	98	42	79	31	15	92	76	5	76	43	21	18	38	12	44	
12	27	54	30	22	75	42	97	81	3	8	34	11	65	50	66	93	93	92	5	7	42	65	12	48	51	78	35	36	5	53	75	75	75	9	26	83	36	77	19	60	88	80	96	80	69	13	52	22	73	31	1	53	82	44	43	93	77	52	79	26	46	18	58	20	25	27	52	41	40	32	95	64	75	2	61	43	90	66	55	96	98	14	29	63	34	74	73	13	54	51	91	1	84	85	91	2	62	14	33	2	29	81	78	24	21	64	50	38	95	60	45	74	43	83	30	41	57	20	30	99	80	82	86	13	100	62	11	90	29	92	43	35	55	23	97	40	97	82	7	64	53	81	57	99	82	4	14	100	5	41	57	29	56	23	50	53	10	1	71	97	42	2	12	71	90	51	18	64	70	62	20	93	58	67	60	17	34	47	69	35	43	60	58	28	70	39	1	14	31	92	5	61	41	98	37	58	84	33	11	
10	57	28	59	77	39	16	75	78	17	81	20	57	22	37	33	33	10	42	9	32	87	59	84	49	53	14	34	10	87	62	74	35	67	40	27	53	49	8	76	86	72	17	78	41	96	77	37	57	97	13	41	24	24	79	9	3	75	25	21	87	100	25	24	97	63	88	73	49	88	51	91	38	14	33	3	30	8	20	86	8	30	95	33	47	54	2	20	2	12	7	30	58	63	41	54	64	7	75	61	85	86	13	16	68	8	19	2	41	79	88	84	30	33	33	95	52	100	71	78	40	82	39	8	13	8	36	73	79	42	32	80	76	20	92	56	96	55	70	14	11	57	7	11	88	29	10	65	2	69	86	23	99	40	55	29	73	8	49	52	53	43	90	55	15	5	51	73	90	1	10	98	66	39	3	86	37	97	51	24	92	34	75	92	46	30	71	49	74	60	19	84	95	99	61	1	79	5	86	17	
86	23	46	25	10	87	85	98	24	36	80	87	71	59	36	33	26	96	41	69	73	14	46	25	37	37	69	99	95	70	35	27	7	55	34	79	37	4	31	67	90	2	92	29	76	66	53	90	33	29	42	49	49	94	100	89	26	89	76	19	100	25	65	23	53	76	83	82	13	77	30	38	28	19	13	19	74	86	96	25	47	11	37	17	65	34	87	36	26	84	37	40	56	67	39	97	95	94	48	51	16	92	53	85	94	3	50	28	59	67	18	64	45	11	48	75	8	20	71	64	69	86	8	51	67	9	44	86	51	70	85	43	82	43	80	58	43	49	3	87	18	54	49	79	45	91	82	20	51	21	75	9	18	11	6	61	83	48	14	9	8	75	7	80	21	89	37	93	56	42	81	51	71	47	87	26	15	11	61	67	62	1	59	75	4	33	51	40	13	60	7	39	92	81	38	28	41	20	99	5	
29	38	18	56	88	17	21	77	6	35	67	84	25	74	22	63	83	22	28	68	22	46	73	99	17	63	81	36	97	20	21	2	49	35	85	38	48	28	95	19	21	26	47	75	81	35	60	29	1	73	100	96	31	51	66	50	37	31	97	28	11	43	10	41	68	47	47	91	75	18	4	33	58	84	97	74	39	7	80	93	52	17	38	47	87	1	39	27	3	15	28	88	93	95	58	21	30	50	85	29	90	59	12	52	84	65	51	44	68	36	31	85	86	62	88	32	67	21	15	43	35	13	13	67	19	14	19	28	54	67	64	83	2	20	75	52	69	58	36	94	60	72	73	17	64	89	4	59	17	58	76	67	94	35	37	21	92	31	26	89	56	53	27	17	4	17	28	49	84	93	21	39	33	33	17	11	82	76	97	58	17	64	56	62	71	74	42	48	47	20	2	99	93	96	85	26	65	82	91	4	
52	83	69	30	98	41	55	40	94	14	3	56	70	25	15	29	54	96	70	27	56	3	44	37	88	96	83	63	59	49	25	92	54	12	15	2	59	33	60	56	16	74	47	38	39	84	64	83	22	98	5	82	11	91	24	60	69	7	71	39	59	93	49	93	69	20	51	8	70	57	55	3	33	96	64	74	24	98	45	43	100	10	93	65	32	100	94	82	6	99	15	84	92	11	94	2	73	40	76	2	10	99	90	61	64	68	96	88	95	68	63	10	70	78	30	33	48	95	75	25	11	100	8	9	14	29	8	68	35	81	97	14	43	76	87	77	35	39	43	93	65	95	99	38	20	53	84	68	29	16	32	70	67	10	8	66	69	2	100	55	13	77	11	23	93	56	73	87	50	38	70	34	13	84	29	88	41	79	23	44	4	34	67	34	96	72	16	36	73	40	3	35	34	10	99	4	85	45	43	71	
39	33	26	27	63	33	100	97	76	4	70	49	22	60	100	50	37	15	94	52	72	12	94	39	51	47	84	91	32	54	47	20	55	46	61	35	53	85	28	28	60	91	72	92	62	14	84	27	51	100	66	42	25	93	2	93	93	85	19	81	34	13	13	38	27	90	94	98	37	50	15	37	3	1	58	35	30	10	52	72	71	86	38	69	30	41	11	40	9	65	59	86	95	29	5	7	70	94	86	16	71	68	66	15	43	97	12	29	71	85	96	97	1	24	18	98	91	55	41	83	66	62	36	44	19	8	34	63	74	27	7	26	13	38	37	36	56	22	30	41	12	88	23	99	39	10	71	24	12	39	2	35	76	76	83	20	94	42	53	92	28	20	32	45	23	31	24	69	27	71	17	70	18	42	3	85	35	60	9	57	76	58	22	70	20	15	67	48	21	80	42	3	76	7	11	38	4	22	92	46	
27	6	71	44	100	14	45	31	59	19	94	8	98	37	13	45	21	12	87	28	28	17	11	41	48	65	38	39	57	92	27	54	80	68	42	100	33	9	85	1	13	23	57	5	54	26	83	50	41	98	7	22	27	54	94	70	75	95	28	18	32	9	13	50	9	61	9	18	13	100	9	10	60	36	83	81	63	76	5	36	79	82	74	31	9	41	96	8	52	72	17	91	10	81	54	68	19	40	44	2	39	92	57	31	61	13	50	25	56	5	4	8	51	11	45	50	16	92	40	74	50	11	73	86	28	68	63	42	66	40	62	19	46	20	82	47	30	41	11	74	87	89	20	91	15	3	36	22	50	21	18	73	57	28	43	19	83	20	53	97	49	81	42	88	83	41	94	70	95	38	1	10	8	21	25	80	29	32	93	75	83	91	45	79	60	27	65	77	26	78	8	39	25	52	76	11	47	93	37	26	
15	5	36	1	1	34	18	93	98	57	89	76	94	83	2	77	86	94	31	65	79	52	16	66	89	42	64	97	60	53	64	96	44	59	21	97	48	13	30	40	80	70	40	24	30	14	40	8	54	73	92	94	41	34	83	83	67	99	44	49	48	92	74	71	35	98	52	35	55	76	9	10	18	13	52	16	5	29	75	85	26	72	58	95	61	88	88	24	7	94	82	4	39	32	19	91	5	92	78	60	68	23	28	1	95	75	34	99	13	66	25	95	69	55	28	59	33	56	61	79	51	90	79	51	54	35	74	66	19	68	87	7	20	23	86	43	8	36	73	49	40	16	39	87	100	53	94	6	55	67	20	52	75	95	19	46	11	50	95	31	53	6	80	15	35	41	58	29	17	3	76	71	32	91	90	23	64	47	31	30	49	47	18	94	24	12	36	57	25	6	81	7	26	20	57	45	6	84	82	38	
68	89	95	69	68	29	91	21	87	96	66	15	46	51	13	46	32	98	69	16	37	63	82	16	30	63	34	13	38	10	2	68	49	100	62	43	34	74	58	96	68	79	95	62	20	8	87	98	49	74	83	32	24	39	63	1	89	72	75	82	67	64	86	51	49	63	33	97	3	9	58	61	87	99	90	33	55	11	100	5	44	4	68	42	38	60	76	50	99	32	90	29	98	2	70	40	42	69	26	16	21	16	68	54	98	92	29	49	15	44	12	36	6	16	35	10	3	20	1	35	85	29	42	70	67	81	27	40	68	92	52	66	16	92	10	53	43	11	51	83	51	16	36	62	58	9	96	46	52	83	41	86	83	56	2	47	44	88	13	78	38	16	77	77	87	81	15	2	22	53	73	25	28	20	88	66	29	35	13	57	61	30	8	11	91	27	22	30	54	67	86	80	62	56	34	97	50	90	28	85	
85	27	9	45	31	70	75	63	35	55	77	96	33	14	61	74	53	94	35	97	68	86	1	13	50	48	80	69	39	92	10	87	42	49	95	48	11	60	35	11	82	25	60	97	70	52	65	23	10	34	40	9	48	25	37	12	21	2	80	88	68	9	44	46	74	51	79	56	34	73	53	97	80	53	53	54	95	87	8	59	40	6	89	33	58	95	2	87	80	62	58	87	41	45	17	55	21	15	57	96	8	83	7	77	32	64	66	64	43	92	20	12	55	17	81	100	100	45	97	85	6	92	32	85	64	97	7	62	87	52	24	96	42	77	75	92	23	55	18	6	65	13	41	20	81	79	43	1	64	47	65	37	62	67	100	43	42	15	90	50	33	91	49	95	6	74	17	22	32	27	9	74	17	23	14	40	85	100	78	91	12	51	39	60	76	57	35	46	60	2	58	23	71	92	96	3	30	93	54	80	
94	36	92	77	17	41	28	77	93	43	81	62	14	25	52	25	25	63	14	24	25	90	4	7	51	99	15	43	7	70	18	70	10	42	32	10	75	2	45	98	29	26	35	45	56	33	35	16	64	5	56	89	92	76	43	89	68	99	21	39	8	13	73	26	5	20	100	8	88	74	42	24	34	25	41	49	2	89	44	96	55	75	71	94	96	87	82	50	68	37	63	78	96	50	92	64	65	50	37	84	38	13	73	82	10	85	65	40	86	1	37	65	91	22	61	10	61	36	76	23	43	43	80	43	83	14	26	19	7	66	96	56	5	74	89	40	86	65	3	47	29	26	14	16	10	41	16	9	35	47	64	9	26	90	46	71	50	1	37	90	59	32	11	9	29	64	66	14	83	38	95	4	53	56	31	86	25	62	6	18	27	76	77	90	69	97	60	21	64	46	12	80	96	65	58	26	96	68	78	11	
65	23	43	19	3	34	100	88	22	5	99	36	98	11	96	66	50	56	60	93	98	20	91	35	39	8	23	94	32	65	66	88	81	90	24	28	54	7	58	67	62	84	66	51	49	56	30	2	33	19	60	79	38	14	51	85	65	2	56	18	58	82	91	29	18	92	27	83	99	66	6	34	50	61	25	69	6	35	90	24	62	16	87	97	14	11	99	75	16	14	25	6	89	53	10	51	78	20	14	50	58	86	60	70	59	94	60	10	78	4	4	23	16	26	46	59	45	64	34	51	12	35	76	82	2	43	13	46	20	16	42	5	80	7	23	7	55	49	96	65	61	20	63	82	56	57	91	80	74	96	8	74	89	56	74	39	41	1	1	47	6	81	38	39	71	30	10	78	10	74	8	77	40	27	71	69	9	70	97	50	35	3	35	87	87	3	12	98	77	43	33	50	50	4	78	13	34	39	77	16	
20	16	91	66	83	100	80	77	58	73	39	64	94	46	56	51	75	62	66	48	68	46	18	60	17	20	25	36	21	27	10	66	1	14	50	57	42	67	5	96	31	60	4	76	85	98	43	51	49	47	24	14	30	97	55	30	18	74	79	49	67	3	8	66	49	65	9	89	6	94	24	36	1	1	9	43	68	48	73	30	97	41	8	39	67	2	31	100	67	62	77	35	47	94	16	91	68	67	95	79	63	10	41	57	23	99	49	73	33	69	2	71	8	34	24	37	56	1	89	82	53	55	20	43	20	76	38	20	23	92	77	74	7	18	4	56	18	76	64	18	28	50	2	32	71	79	49	50	8	57	19	89	91	62	66	80	63	3	83	87	23	93	12	67	64	87	87	23	23	60	38	99	60	26	19	33	14	17	20	88	13	24	11	80	28	36	91	79	20	67	7	68	14	4	92	94	54	88	47	7	
86	9	41	92	75	43	31	22	71	44	91	54	37	32	3	16	46	26	2	8	40	41	87	95	74	10	34	74	88	90	36	36	29	97	9	47	36	24	85	77	54	89	30	23	72	82	27	66	100	93	38	13	48	39	70	8	1	17	2	100	77	98	74	78	5	53	19	30	64	19	36	96	11	53	9	19	73	37	40	13	100	76	23	52	57	76	46	31	67	8	44	55	33	56	33	49	57	1	54	35	5	31	83	29	72	40	73	47	39	51	55	4	65	18	84	96	62	53	47	41	45	23	92	80	75	87	37	82	86	10	75	89	23	4	7	95	49	22	93	1	2	32	67	41	1	72	65	27	25	37	59	45	33	28	66	99	40	9	66	36	41	2	61	53	11	92	82	7	40	25	96	82	14	21	77	72	77	94	35	46	29	95	52	68	91	78	18	34	66	48	25	96	91	81	15	91	53	11	54	88	
26	95	82	2	48	1	92	33	38	72	25	12	19	26	72	3	22	24	45	57	24	63	36	41	87	62	54	75	18	5	92	39	74	61	8	75	37	2	13	70	72	38	4	13	48	39	67	71	93	95	39	33	60	24	86	17	70	92	19	89	72	75	44	74	58	40	74	11	21	87	94	27	25	90	14	55	20	40	30	15	82	59	94	68	58	83	87	31	52	34	79	8	86	66	80	23	77	100	12	53	80	68	64	16	97	56	12	68	87	38	83	81	4	53	44	32	67	59	38	80	93	97	56	58	52	77	36	47	43	53	92	40	7	56	95	38	26	11	50	72	94	15	58	99	15	95	52	79	100	69	12	27	93	3	3	53	17	84	21	19	51	20	60	31	46	96	69	48	99	60	4	5	79	76	94	21	94	43	62	73	19	22	1	58	68	32	63	36	98	28	38	99	47	72	27	24	52	43	49	42	
64	43	89	23	29	78	88	93	77	12	29	6	49	72	47	64	24	12	44	67	18	28	70	50	47	79	97	10	58	88	68	4	29	50	96	44	50	82	17	4	41	82	4	65	71	53	13	19	54	88	54	25	87	91	85	10	51	83	44	56	11	64	31	70	73	34	74	35	69	5	65	42	56	37	9	40	23	20	48	4	71	14	67	83	45	82	41	74	59	83	32	29	9	69	70	87	23	3	88	14	81	92	24	76	44	73	63	39	48	61	8	30	34	28	45	99	37	25	1	97	65	40	96	43	69	35	56	30	8	43	23	86	55	18	49	26	39	35	31	64	39	97	28	50	27	85	77	72	86	51	70	86	98	39	10	91	94	6	25	54	43	50	48	31	85	72	17	98	75	56	63	86	59	52	80	37	34	21	23	16	61	87	46	8	73	1	35	32	74	97	89	95	58	48	15	90	23	59	94	25	
35	83	16	23	77	29	10	52	13	7	60	73	71	34	6	21	40	61	87	12	36	92	36	90	43	98	47	64	98	6	29	46	49	86	6	27	56	84	91	31	69	51	13	42	77	53	31	30	57	99	89	38	76	99	90	85	90	100	4	50	10	84	50	89	19	98	71	28	35	50	96	16	11	83	59	2	4	14	15	47	28	27	5	65	90	90	42	81	51	13	4	99	97	83	59	30	14	44	92	87	84	73	50	82	99	43	79	57	64	64	99	36	56	89	32	93	80	26	19	92	40	97	55	49	58	39	22	41	36	11	55	65	49	76	22	11	35	45	29	45	65	34	56	79	24	44	69	99	14	7	38	14	47	69	73	84	29	86	53	55	2	88	98	33	1	68	17	83	34	2	54	43	64	21	47	73	92	94	57	99	19	8	100	81	22	89	4	60	24	27	58	64	41	84	34	24	25	33	47	66	
81	32	85	43	69	55	13	52	67	44	79	89	37	11	18	75	9	17	12	59	6	57	88	15	40	37	69	25	3	46	68	91	28	29	3	86	16	76	20	34	27	6	64	100	27	55	54	56	85	36	42	27	51	31	64	17	88	66	13	69	7	28	66	47	91	39	3	2	3	23	51	13	10	19	19	15	46	39	43	69	64	94	64	51	39	30	15	32	81	71	57	4	29	33	8	45	45	64	27	13	55	32	6	1	47	18	83	8	81	53	32	15	93	22	82	15	47	21	9	40	3	82	70	3	36	43	30	11	73	51	18	3	96	64	93	50	31	29	77	57	35	92	17	44	84	1	59	45	57	97	58	34	100	50	63	52	28	59	82	30	32	49	100	16	27	41	73	58	34	73	72	40	60	15	21	48	7	29	18	26	83	49	39	19	99	52	91	11	77	46	97	50	45	18	78	82	34	83	31	29	
28	62	77	86	76	51	28	98	66	97	98	49	8	75	24	3	26	75	13	19	34	58	51	66	64	38	1	29	73	66	96	28	84	33	5	25	38	26	38	38	34	14	51	83	55	54	72	89	59	35	18	83	31	74	42	90	39	44	54	40	33	25	79	47	63	85	20	4	6	20	48	1	41	31	40	85	5	44	44	48	15	29	95	69	41	41	25	2	2	90	39	10	17	75	98	13	82	10	26	52	42	75	22	37	52	23	7	28	70	45	63	46	37	43	87	53	48	47	33	27	50	7	14	87	94	93	41	74	49	83	6	47	65	18	1	72	64	45	57	79	58	94	73	33	26	54	87	17	11	19	93	53	72	46	80	76	85	8	33	62	92	72	94	17	25	11	4	24	16	6	65	68	42	9	72	54	62	95	73	63	38	88	13	41	75	89	38	95	86	37	98	88	63	44	29	87	73	49	82	62	
65	18	19	12	87	18	36	41	70	84	62	39	14	67	94	66	93	11	94	72	11	96	43	40	78	86	82	44	80	41	76	94	51	66	15	41	12	16	100	74	87	17	91	19	32	65	21	1	95	55	34	20	10	93	69	29	89	53	58	84	95	74	84	89	86	97	68	69	55	79	99	97	97	67	80	76	61	16	44	52	64	64	28	75	1	74	40	66	61	65	23	20	84	93	70	31	55	10	71	97	50	7	38	36	45	25	99	82	80	70	37	3	96	40	38	15	87	23	77	77	16	64	11	18	60	65	12	87	40	51	65	29	61	28	2	94	39	65	35	58	83	33	46	7	60	100	26	86	48	2	67	28	13	20	13	100	86	20	42	98	33	74	55	98	41	4	36	91	31	24	95	42	32	94	24	63	10	82	31	25	80	5	40	26	86	26	43	1	90	63	99	24	13	32	31	84	16	70	61	42	
7	93	49	80	86	65	89	30	23	94	79	63	54	21	26	55	10	17	72	76	81	54	1	24	9	76	84	84	86	2	87	9	43	17	5	37	58	64	37	13	47	56	13	14	40	39	59	35	40	28	16	83	17	51	7	34	61	4	58	7	32	78	94	64	86	87	32	43	26	94	54	55	38	47	86	43	15	8	51	12	96	39	45	62	85	48	82	65	11	53	23	44	93	80	96	46	46	70	49	63	50	79	20	23	88	84	43	64	45	47	42	2	9	28	84	38	90	1	21	27	29	53	57	54	72	95	88	89	16	16	13	26	20	50	32	15	97	34	92	94	33	15	16	35	74	73	81	60	90	4	31	23	82	84	20	19	51	42	84	98	59	27	29	48	27	42	15	37	62	47	44	43	59	88	1	91	43	91	90	44	21	76	47	84	6	44	31	96	84	1	20	10	92	91	94	92	79	82	60	5	
8	19	50	25	83	51	79	64	79	52	89	93	23	48	49	12	61	85	24	99	31	96	48	51	45	21	77	72	56	68	72	37	84	19	55	56	27	25	18	84	13	60	34	84	22	80	65	63	42	46	37	57	7	64	1	41	19	1	21	95	77	42	66	38	66	94	78	15	33	46	47	61	86	77	81	80	41	94	65	71	23	48	80	28	86	86	28	16	86	1	91	65	35	57	33	25	25	65	89	6	5	27	31	82	76	20	64	74	67	4	61	36	13	83	69	62	3	53	20	65	25	81	7	49	73	99	23	20	39	36	41	14	63	2	67	58	28	56	17	73	46	16	99	56	94	68	64	76	21	76	25	29	100	78	70	15	45	8	81	98	82	21	87	28	70	61	98	96	76	78	94	12	23	99	98	37	94	66	83	93	80	72	19	33	58	47	90	27	40	35	60	37	52	53	72	53	26	34	67	38	
84	20	34	29	17	1	97	89	28	21	47	89	23	42	85	62	17	27	64	33	76	46	90	66	22	99	34	19	3	55	86	32	55	61	23	21	9	42	9	38	6	90	49	43	28	65	50	98	14	82	89	12	94	65	18	53	78	72	2	69	33	88	67	30	94	45	2	79	45	29	51	58	87	51	34	17	99	23	62	35	41	24	56	69	90	3	76	74	61	88	32	96	97	44	84	74	5	64	87	86	29	29	12	4	20	55	47	33	9	89	55	81	95	97	32	83	62	75	30	25	17	57	11	79	17	38	99	91	87	62	20	16	82	32	41	99	50	79	44	33	7	35	56	72	56	55	18	100	27	37	64	57	5	18	52	21	51	82	38	100	32	46	6	63	84	71	17	11	18	57	93	43	100	2	93	53	27	88	86	23	71	45	49	21	90	8	57	9	5	45	58	37	50	76	46	39	80	100	96	68	
7	16	67	7	96	85	9	65	48	57	8	39	94	17	46	74	88	63	40	61	85	25	83	9	34	26	34	15	61	16	58	9	7	55	76	32	83	8	65	75	57	80	13	56	90	47	52	25	39	74	86	70	15	2	52	86	79	39	7	1	16	34	99	80	80	27	10	37	90	14	17	94	18	64	33	79	88	68	51	16	24	11	11	24	4	50	46	95	19	67	30	52	4	15	7	78	3	89	52	76	51	90	90	18	88	58	26	7	81	8	70	72	55	37	94	46	49	49	99	59	89	99	88	45	64	20	39	15	100	58	81	10	56	71	1	15	27	24	84	26	60	74	94	56	50	94	5	31	26	53	61	28	47	97	99	94	71	26	28	63	60	57	14	37	37	11	48	89	58	48	86	23	77	16	32	98	57	79	67	28	68	35	48	36	49	19	100	39	40	22	85	23	23	42	96	72	70	5	66	4	
96	51	76	36	49	61	87	3	31	44	74	22	98	76	81	70	35	18	69	63	99	9	31	61	37	53	74	39	90	6	18	57	94	33	91	5	37	99	29	47	77	85	11	9	41	17	86	57	8	63	30	27	14	82	6	76	34	49	3	80	68	77	69	37	42	37	9	23	20	90	78	94	7	3	36	35	73	42	91	36	11	79	93	43	64	42	8	76	25	32	68	50	11	50	10	39	6	46	49	67	61	30	14	44	43	20	20	79	31	37	59	66	49	85	65	8	18	86	77	41	100	82	29	91	89	53	10	3	53	9	79	41	57	79	72	95	85	44	1	54	100	73	68	55	94	62	4	17	3	42	82	35	41	46	37	66	2	8	56	4	39	20	3	84	66	2	54	22	20	60	37	15	95	7	92	73	89	47	69	47	66	37	78	22	17	90	31	4	69	26	52	24	85	47	76	27	34	56	85	19	
92	28	7	61	37	81	44	13	74	71	10	84	41	58	44	92	95	53	65	83	76	3	97	22	9	52	81	52	48	50	96	34	69	2	36	13	81	59	98	58	17	17	96	6	73	54	7	3	8	50	24	57	84	68	68	37	47	46	56	86	14	82	56	34	58	10	53	35	37	54	29	16	89	97	14	82	56	20	19	30	58	41	40	66	74	91	6	93	14	89	26	72	70	92	72	46	52	79	85	87	54	87	51	28	48	58	2	4	99	55	76	24	35	48	23	63	85	86	73	41	59	4	10	82	4	84	71	36	94	96	43	16	91	49	65	52	77	69	59	87	26	81	64	18	5	4	16	27	23	49	5	54	73	24	2	30	21	43	84	30	78	16	18	27	23	45	40	73	29	92	93	74	25	98	17	21	90	8	48	97	51	85	34	41	16	98	96	49	26	36	80	26	70	68	75	46	85	13	9	76	
67	11	50	76	43	92	58	16	42	100	70	99	66	3	29	26	1	39	70	63	22	56	60	43	99	52	23	49	59	69	86	2	21	82	94	5	82	66	39	55	23	44	31	94	60	74	12	96	4	20	95	60	66	56	70	54	66	1	74	5	63	3	95	15	81	46	60	1	18	32	89	21	67	1	86	53	48	86	39	91	10	47	88	30	8	71	83	5	11	36	12	26	15	18	13	2	13	93	70	18	44	44	15	9	46	75	77	46	50	2	30	58	67	54	38	47	64	14	55	69	8	14	65	20	59	68	24	22	6	46	1	9	80	50	27	79	72	99	45	17	86	60	76	100	31	17	27	80	39	3	70	98	11	60	32	46	9	89	46	70	68	88	3	93	91	49	97	18	15	23	16	69	85	69	64	38	87	85	7	21	36	67	5	18	45	34	89	19	62	26	66	4	37	45	96	57	62	5	15	3	
20	26	18	83	46	61	25	20	36	24	27	22	32	60	43	11	25	40	43	3	46	100	30	87	33	94	65	95	17	88	67	80	74	50	94	13	88	68	93	55	14	88	37	59	65	57	81	34	26	33	51	85	44	22	9	84	92	89	41	89	88	10	91	73	91	71	21	21	80	38	44	4	74	47	14	8	78	93	84	20	19	14	89	44	71	99	74	21	88	20	17	71	25	41	31	20	30	60	19	4	47	9	81	54	31	59	82	49	38	76	64	26	3	78	32	36	84	59	1	69	47	100	2	51	17	29	12	50	55	52	64	35	74	8	25	100	86	14	57	11	48	90	21	27	26	3	23	39	41	98	26	63	34	29	71	1	80	57	77	36	58	98	74	57	16	99	12	12	7	80	14	69	23	96	81	77	45	44	19	8	28	58	58	73	53	22	76	81	30	31	59	90	99	1	87	91	83	37	16	11	
77	54	97	88	68	94	15	47	90	57	92	67	73	80	59	35	41	62	35	3	81	98	31	3	25	66	15	33	46	4	59	16	83	81	79	41	7	1	29	46	62	76	45	100	81	56	34	80	88	77	10	85	94	64	5	29	50	100	56	88	32	68	100	37	87	80	93	94	73	6	2	23	32	57	40	60	43	59	96	1	36	11	47	54	22	42	93	24	52	8	65	79	84	40	88	70	78	5	53	8	91	55	36	61	25	41	98	33	77	43	13	30	23	36	81	49	38	42	11	58	79	5	69	21	58	16	39	21	67	83	47	47	96	57	37	69	51	7	97	19	2	4	76	37	53	42	49	3	98	89	55	72	35	38	39	71	32	70	60	59	9	20	29	18	30	9	51	20	9	45	93	53	71	75	82	44	47	62	84	9	59	78	6	14	69	15	89	72	5	93	48	26	21	22	59	61	28	42	28	48	
46	3	6	23	51	10	8	76	74	16	75	91	95	29	77	34	30	9	91	58	29	14	48	20	68	59	82	80	9	38	38	4	51	10	79	40	24	32	33	89	48	71	25	93	54	16	20	20	54	88	20	88	20	7	68	64	57	63	11	51	92	52	7	45	20	50	2	62	45	93	40	78	14	85	70	52	96	90	79	86	47	93	89	23	45	78	66	16	95	17	63	94	33	72	77	84	11	41	10	100	21	97	39	80	82	1	18	36	10	90	84	48	65	30	99	75	30	53	39	4	21	41	86	75	76	32	2	18	20	41	65	64	8	19	59	12	70	38	58	93	67	31	25	64	61	82	5	70	26	55	32	44	39	44	22	94	74	73	96	74	98	3	70	55	45	75	100	55	61	81	65	49	74	6	47	68	62	77	53	21	34	90	94	86	19	22	61	68	46	43	75	69	29	33	98	43	66	10	45	27	
95	13	50	23	62	63	85	14	27	52	29	66	69	21	51	45	74	87	94	1	92	90	95	33	9	22	7	38	89	57	21	30	86	93	63	62	34	31	80	64	21	48	26	98	67	41	89	71	69	78	59	57	69	33	61	79	34	81	52	40	30	28	2	62	85	59	22	40	17	94	40	64	84	90	20	60	25	72	89	69	97	86	84	5	54	67	2	98	75	58	14	18	84	3	75	4	26	68	23	2	49	89	21	55	92	5	3	52	42	10	80	46	44	10	49	69	27	61	11	30	86	57	23	9	67	70	35	73	52	86	37	9	74	89	45	27	86	14	34	53	28	23	29	57	28	35	54	98	63	72	44	41	32	55	73	31	78	25	6	62	20	13	34	40	96	5	100	51	51	89	53	6	67	36	48	33	14	64	89	76	68	95	40	29	63	83	51	89	4	11	88	78	96	42	34	31	70	73	55	13	
3	91	12	61	7	75	2	100	7	18	9	41	30	88	48	58	59	7	89	11	11	4	42	57	37	12	38	72	63	62	43	89	73	83	70	42	62	33	29	79	86	54	80	41	5	90	71	63	49	69	6	90	32	60	35	54	83	78	73	6	44	100	61	66	39	6	69	90	98	56	32	22	90	7	63	35	6	59	12	78	23	33	94	58	92	89	30	36	9	81	94	33	92	45	53	85	80	64	59	96	87	64	96	19	88	39	32	2	50	72	29	81	28	18	23	89	16	21	1	38	68	29	99	18	94	67	76	57	75	83	62	26	89	91	33	93	98	47	100	72	13	82	100	5	47	41	73	11	34	35	39	32	37	97	29	7	21	23	11	85	88	88	14	44	54	92	76	89	73	41	27	39	88	31	29	73	11	95	10	23	51	63	56	36	76	17	19	92	92	62	50	9	74	51	53	21	47	50	80	13	
3	75	88	59	98	63	98	1	18	94	89	86	35	95	67	51	58	55	17	58	92	40	18	77	74	74	20	86	46	56	51	60	38	67	69	94	54	63	38	79	90	97	87	30	59	13	72	19	16	99	99	6	63	89	91	63	24	85	67	51	12	76	85	23	87	63	8	69	66	68	54	92	24	74	48	67	65	99	31	21	36	96	5	75	11	42	82	25	95	32	61	34	59	22	85	30	27	28	19	39	88	90	46	66	78	67	35	52	24	44	51	44	74	32	50	74	60	77	81	49	20	56	40	11	35	10	76	28	95	56	67	90	56	62	28	3	39	69	50	46	20	84	78	18	97	46	24	60	29	38	44	55	97	86	2	20	72	34	29	59	56	86	96	91	81	5	40	99	10	1	32	61	71	75	67	61	78	31	52	11	33	77	98	67	29	43	32	85	56	11	46	47	42	85	15	26	50	69	67	42	
8	6	87	50	65	97	93	30	71	46	63	2	43	8	97	6	41	42	30	48	28	84	42	95	7	70	96	73	64	77	26	93	71	76	13	36	18	98	67	33	48	21	55	60	54	80	86	64	55	71	73	84	37	17	24	32	32	69	18	78	46	38	18	37	22	7	43	13	61	98	4	72	41	62	2	67	29	38	31	79	57	61	10	27	85	4	15	9	51	59	83	72	70	91	32	55	1	83	30	17	7	28	92	44	41	48	11	67	61	31	25	88	50	98	27	66	55	60	68	93	8	23	55	6	37	8	83	43	19	2	100	46	74	66	66	3	10	73	63	80	13	20	70	52	99	37	2	32	71	39	22	73	29	2	4	30	48	7	52	10	15	22	45	37	56	88	41	30	93	59	56	12	45	24	73	85	77	82	46	39	73	45	22	44	5	92	94	37	63	58	81	30	32	34	99	35	21	23	80	57	
28	37	22	68	33	17	39	75	79	27	3	26	41	87	98	4	58	39	36	19	17	7	26	38	44	39	4	84	26	56	62	73	76	34	77	34	75	78	24	84	29	75	42	21	56	34	10	93	40	85	43	96	47	29	11	39	48	27	70	88	38	2	85	20	20	26	1	24	48	82	99	77	22	81	65	55	98	18	28	41	50	11	67	56	48	71	52	47	79	14	75	36	22	61	99	46	17	75	33	26	18	18	78	100	74	27	6	12	65	31	53	39	10	61	43	49	95	51	49	26	36	50	29	61	21	66	20	19	46	47	43	71	39	80	99	53	91	84	52	76	100	19	15	21	94	66	30	46	1	71	94	31	7	20	30	65	35	71	67	72	93	54	13	53	90	77	56	69	21	23	16	1	26	75	100	44	92	31	50	56	23	79	67	9	45	100	30	1	81	38	45	64	8	83	26	33	52	62	29	77	
35	33	6	6	87	14	82	27	75	39	87	77	86	31	93	62	7	63	7	3	44	86	9	92	48	66	42	43	58	87	87	23	99	94	52	38	65	72	45	67	32	72	21	9	58	51	14	99	70	72	11	30	63	47	61	16	80	97	81	10	99	54	75	100	51	81	33	2	84	67	67	77	12	64	2	38	49	21	36	86	40	72	13	78	28	36	52	9	91	53	60	71	19	50	22	22	90	67	61	2	64	77	33	52	43	19	82	76	51	78	17	42	20	84	94	37	14	19	21	100	88	53	73	83	92	69	94	83	11	44	42	50	41	63	40	17	94	29	28	85	86	51	45	51	71	2	21	9	80	32	74	78	21	72	48	35	71	45	38	25	6	58	29	3	39	59	24	35	27	49	35	58	52	14	94	14	26	33	41	79	25	47	71	36	56	58	43	78	37	20	82	19	35	94	40	98	72	37	13	90	
7	2	13	4	49	93	37	53	14	86	12	83	52	7	41	84	30	6	100	7	49	99	56	99	82	48	88	75	23	77	73	41	53	87	63	1	35	42	63	6	73	19	79	53	34	83	16	89	6	59	88	84	89	5	65	62	20	35	55	21	53	55	77	21	39	26	40	70	45	73	28	42	22	39	46	90	25	23	67	73	4	45	51	65	57	89	7	100	67	56	49	18	13	84	50	45	51	20	100	24	46	9	49	1	73	5	35	87	44	60	42	14	46	97	59	71	74	64	58	35	93	10	8	48	31	2	42	20	50	88	15	1	1	3	9	84	6	86	59	8	20	42	8	82	26	8	43	89	57	70	73	25	23	34	7	71	45	63	60	88	89	69	12	85	96	66	23	19	36	9	82	64	47	45	95	19	2	15	1	48	75	96	95	39	96	89	10	71	67	92	38	23	7	93	49	23	65	75	67	99	
26	90	36	88	100	3	88	75	3	73	6	22	5	35	54	32	56	42	73	91	17	100	80	29	9	79	88	66	56	59	43	53	19	87	29	96	77	28	58	77	78	97	69	61	43	58	8	60	9	70	26	66	81	67	36	65	27	9	91	50	88	32	57	84	56	54	98	75	60	63	14	70	22	88	48	62	39	19	43	19	43	95	36	61	24	4	13	95	28	47	61	69	76	62	54	80	83	19	23	3	67	94	90	62	25	89	51	33	77	92	59	93	96	23	51	62	84	31	31	60	12	1	49	14	26	100	53	53	95	13	90	37	1	83	66	21	25	53	82	33	42	84	81	38	28	56	84	46	77	60	96	6	11	29	52	67	38	60	100	31	37	39	27	24	58	16	89	64	55	48	4	82	9	96	17	6	77	78	37	80	14	22	46	30	20	61	56	47	17	88	90	7	42	96	84	93	74	21	51	72	
42	62	99	34	97	39	77	58	18	33	42	86	94	91	79	56	64	22	60	76	1	55	78	100	73	59	21	71	12	49	46	58	13	28	73	4	49	35	10	63	49	63	80	77	68	94	2	33	47	62	62	70	41	31	61	96	31	100	85	74	42	88	71	59	36	29	36	68	32	1	47	48	6	22	68	91	72	85	92	3	34	52	97	21	98	73	76	84	42	97	33	25	98	31	38	96	93	12	34	47	76	25	17	84	7	1	38	87	89	15	57	98	57	59	44	97	14	12	11	67	62	71	52	9	89	55	92	97	31	78	50	90	47	87	36	19	54	55	30	62	98	98	98	100	63	4	30	70	36	59	74	62	85	59	10	72	25	88	31	18	52	35	62	40	68	40	59	33	90	10	73	67	6	44	20	91	13	7	57	45	82	65	4	79	15	56	48	23	61	79	96	20	32	93	71	25	83	43	79	53	
2	12	50	22	33	65	88	13	89	60	62	63	51	100	36	43	45	73	79	33	90	92	45	8	8	37	7	13	61	94	67	7	5	56	59	93	53	55	51	24	74	19	93	84	74	55	52	89	11	47	99	64	2	94	87	22	19	92	25	43	7	78	41	33	92	90	39	9	10	4	86	54	82	51	92	67	60	94	89	87	93	14	69	86	10	38	93	31	7	96	8	41	94	59	8	52	24	51	33	13	39	58	49	12	92	54	69	8	2	27	69	70	10	36	26	29	66	35	40	7	96	97	53	8	56	13	28	49	53	38	33	59	6	23	41	51	43	2	32	92	33	59	82	32	60	39	78	68	58	9	98	20	88	56	15	93	6	89	37	52	5	70	5	67	75	64	70	86	70	71	7	36	6	63	64	26	3	50	80	10	16	67	78	59	58	50	63	52	19	38	22	12	80	58	62	29	97	73	20	50	
53	52	67	99	70	12	24	12	25	22	12	62	57	96	24	18	76	2	24	52	83	39	63	31	86	28	81	12	68	94	17	28	69	31	41	32	95	51	56	34	44	12	70	18	59	51	96	90	97	59	8	80	48	73	65	76	61	51	32	35	78	38	92	17	39	80	6	19	60	26	22	10	55	7	80	90	63	51	95	83	39	4	80	42	51	47	67	60	87	62	9	17	93	53	28	46	83	28	69	74	94	15	100	49	97	33	32	11	9	43	77	7	59	62	1	61	86	77	97	14	52	42	43	75	53	77	20	81	6	16	91	32	81	93	2	20	50	88	49	72	74	27	21	46	57	20	16	88	98	20	3	13	88	86	22	54	58	69	39	35	70	40	39	11	23	51	21	23	70	89	23	55	45	77	70	97	55	33	65	4	61	18	9	66	10	55	25	45	23	97	57	56	82	99	16	14	10	98	82	53	
62	40	47	65	51	99	12	11	60	88	6	74	84	83	76	87	70	32	28	63	10	47	32	28	98	90	92	66	94	13	60	46	74	91	85	54	5	86	14	3	36	8	68	73	72	70	39	64	16	10	69	28	78	43	19	79	82	19	2	10	37	2	13	11	98	69	98	88	8	66	26	69	79	88	53	90	20	49	5	86	41	11	89	75	23	57	100	92	21	52	28	86	1	25	34	59	39	77	45	61	92	50	94	38	58	33	13	1	81	9	24	50	30	75	71	11	82	4	80	20	18	2	90	7	27	11	32	42	80	77	49	11	38	12	61	60	48	98	100	94	55	29	87	6	14	3	18	3	74	29	70	34	14	96	45	13	29	12	27	62	5	39	19	47	97	29	82	68	81	96	95	3	51	39	95	54	21	67	9	100	70	30	89	92	53	33	8	40	60	79	62	23	72	13	95	5	44	6	65	44	
63	19	71	4	47	89	92	72	47	70	2	30	14	70	83	18	8	13	21	34	80	10	56	99	77	77	40	2	17	30	46	93	32	51	42	21	43	77	76	85	46	75	15	53	22	8	70	20	6	99	71	72	37	32	64	52	98	69	15	100	52	51	55	17	51	92	11	4	68	48	67	41	26	65	24	20	27	98	76	13	77	63	69	75	63	61	31	63	9	72	7	42	68	54	97	67	61	66	29	96	76	12	80	10	63	15	100	64	45	14	86	25	7	20	86	61	23	37	92	21	10	12	55	80	17	23	45	88	15	77	95	9	39	67	53	31	31	33	16	17	98	48	28	63	37	84	27	93	57	18	55	40	44	91	37	53	3	85	24	40	67	11	47	59	43	42	43	69	42	77	10	100	30	95	3	89	63	49	92	6	45	3	54	4	63	40	66	74	95	8	94	49	68	95	18	89	43	88	54	25	
15	53	64	38	12	46	47	80	93	51	2	62	42	67	49	18	88	9	36	10	2	88	13	26	19	24	89	56	23	97	91	77	89	99	47	75	24	55	38	98	34	75	49	44	23	100	28	80	69	9	62	80	61	49	47	25	68	65	23	100	29	49	46	9	1	94	55	14	55	64	82	91	12	74	37	43	1	5	23	14	61	16	11	68	6	91	73	32	17	100	6	13	81	11	30	54	91	24	88	58	74	63	90	74	75	5	17	4	78	54	76	83	92	16	13	28	90	9	64	84	17	71	15	21	4	93	23	83	35	87	6	29	71	64	11	46	85	1	27	25	41	27	70	84	37	66	23	91	16	30	45	96	54	81	56	90	39	96	58	68	75	23	97	43	82	65	79	43	77	46	87	35	17	91	19	33	33	93	66	85	73	20	44	41	22	23	48	68	87	15	92	21	69	56	54	83	13	65	76	43	
98	61	28	2	58	24	81	43	26	31	84	64	5	95	77	58	22	80	54	80	77	31	21	53	80	16	87	94	37	35	22	25	98	24	71	12	31	51	42	68	3	43	89	76	27	100	92	68	13	9	37	55	44	33	74	45	61	64	79	53	25	16	95	8	62	56	23	85	52	51	95	42	93	31	40	67	56	54	83	84	62	22	95	51	8	6	70	99	22	27	26	9	67	72	22	9	32	52	57	89	96	95	3	69	17	29	60	84	21	73	65	64	70	75	61	52	86	86	50	85	82	90	5	89	17	56	31	41	41	81	74	64	30	87	92	96	72	68	41	11	4	42	61	71	11	2	45	49	99	9	75	5	92	5	88	77	59	66	16	40	64	51	29	42	65	72	89	26	4	42	62	26	6	63	20	8	27	27	3	20	7	29	34	36	77	6	72	96	86	49	82	4	33	88	13	16	70	26	7	94	
41	96	96	93	52	6	45	60	98	11	78	96	96	30	24	100	65	98	52	31	75	61	51	89	86	92	27	92	4	16	25	21	83	59	57	47	94	2	10	52	55	62	30	92	12	21	64	31	56	66	15	50	6	83	33	50	84	29	70	71	67	62	27	98	53	70	25	53	69	43	88	83	12	25	31	38	13	64	66	47	47	38	15	98	92	79	93	5	5	100	62	39	70	80	91	19	75	70	82	11	97	35	14	68	33	64	5	48	23	46	40	43	64	81	7	86	91	85	3	54	87	51	51	37	28	73	24	94	58	15	17	66	10	87	82	69	17	17	73	4	36	15	98	17	48	54	40	97	12	51	100	100	76	40	41	56	24	23	89	59	70	21	82	43	79	89	91	18	93	96	76	78	49	54	16	90	81	44	18	17	96	54	26	10	34	13	23	46	72	22	35	68	70	53	63	10	3	68	31	74	
58	11	53	34	49	94	28	26	86	22	1	31	57	38	16	72	21	72	2	32	6	29	50	78	98	2	98	86	53	41	64	63	35	92	33	27	75	12	73	68	8	53	55	27	13	19	39	20	38	13	17	79	60	83	48	60	6	33	98	32	62	10	98	28	56	2	78	16	34	35	4	76	56	1	23	50	69	34	90	45	38	76	41	5	89	25	40	21	93	57	26	13	12	31	24	100	7	75	55	75	10	31	36	12	72	6	98	76	93	89	17	30	61	48	27	31	42	83	50	30	56	18	73	93	49	87	69	70	29	2	22	14	78	23	7	48	98	83	58	24	91	37	96	11	89	22	73	18	12	20	55	51	89	99	30	69	35	19	64	33	86	23	68	69	43	26	18	21	37	83	10	10	92	26	31	80	98	63	93	66	93	20	44	39	8	10	82	30	66	80	52	10	34	4	79	79	55	11	11	93	
66	10	53	19	72	77	26	55	1	96	22	60	4	12	44	56	44	32	56	48	1	97	68	71	74	28	40	75	64	35	18	35	97	30	86	39	61	79	21	85	46	98	29	66	21	3	8	90	42	72	84	96	43	58	73	27	41	68	6	52	96	34	12	66	79	12	71	98	61	100	16	25	82	55	67	3	4	20	32	17	70	77	11	11	26	58	10	34	36	12	31	100	3	31	42	80	67	26	52	92	5	21	22	73	52	63	64	30	20	62	30	6	52	12	2	65	40	62	91	53	67	64	90	56	84	50	27	95	17	22	32	83	10	23	40	99	75	34	34	16	31	62	76	18	58	20	29	15	7	9	61	51	73	10	93	21	27	36	55	90	70	70	81	42	77	4	93	37	80	23	49	92	25	43	47	31	75	80	43	48	48	60	65	97	49	16	59	55	59	25	24	21	25	32	85	61	76	65	8	39	
67	98	29	22	35	25	72	31	44	46	6	85	71	75	90	17	39	41	11	26	50	35	63	3	93	82	71	8	17	78	17	6	61	31	65	87	1	88	42	15	55	24	95	47	90	83	22	79	23	30	37	65	88	71	26	79	56	4	16	83	68	27	72	95	31	7	5	38	78	2	50	21	13	85	92	75	51	3	21	12	81	5	54	59	76	90	82	17	62	37	25	30	65	24	67	1	35	76	8	21	92	1	82	91	26	60	72	62	98	10	35	35	84	9	94	15	17	81	75	84	18	70	1	42	93	38	71	38	3	53	27	38	74	60	25	60	56	2	73	6	24	47	78	57	48	60	92	23	80	45	81	89	41	1	59	23	49	9	48	10	71	89	96	77	46	42	96	83	23	47	48	55	12	23	7	23	55	86	46	62	72	54	82	59	20	79	6	17	4	37	26	48	66	78	7	52	89	62	56	55	
85	54	31	45	44	74	25	11	33	85	40	81	78	86	89	48	84	22	36	82	6	50	83	16	75	40	81	48	85	44	91	69	78	15	47	30	95	38	93	69	3	80	96	23	21	48	95	44	30	58	26	2	56	45	91	61	6	43	86	82	9	45	92	69	57	71	97	73	79	7	32	95	83	92	48	5	9	57	1	52	41	73	11	18	28	74	12	13	70	7	56	84	44	90	76	80	87	35	27	84	78	92	55	21	52	12	55	79	59	96	1	74	5	4	87	44	71	11	84	30	27	62	10	81	21	70	17	1	76	73	9	95	8	38	96	4	63	54	72	65	95	44	94	93	86	37	93	16	14	93	65	53	27	32	56	16	35	82	4	73	7	23	95	10	87	62	76	10	49	48	99	18	4	24	2	44	10	93	17	20	23	6	87	9	8	67	83	100	65	29	57	97	91	90	41	87	38	94	4	83	
56	67	28	24	15	25	14	31	42	39	82	44	19	79	27	92	35	49	23	68	13	4	15	14	94	19	47	25	57	60	71	62	55	76	13	48	16	75	74	27	17	16	29	9	29	36	11	56	45	57	87	35	91	46	13	97	88	68	16	43	3	48	95	27	89	43	30	24	12	80	38	68	47	28	45	46	93	22	81	61	57	78	58	61	82	22	15	92	47	65	4	51	14	82	96	9	66	25	73	21	54	48	59	87	2	35	24	100	88	23	35	74	27	5	58	74	66	63	16	94	50	20	98	51	39	34	70	10	71	25	74	4	77	99	82	5	86	43	40	68	42	43	12	43	23	15	74	69	69	53	49	6	39	61	12	1	58	64	82	67	36	55	3	100	35	26	78	10	92	55	18	81	49	2	43	62	70	39	20	69	93	85	51	34	31	45	78	100	50	95	59	4	12	88	53	2	89	17	55	31	
82	99	71	11	85	45	76	31	65	71	74	12	68	50	12	25	15	36	31	49	61	24	57	48	90	61	21	57	50	9	52	5	80	94	21	29	37	94	36	64	21	41	39	48	60	11	73	41	22	97	58	29	94	81	4	81	30	72	98	1	34	3	80	19	89	81	96	26	19	93	26	10	93	79	100	63	90	8	47	4	86	96	89	30	90	90	91	12	43	40	13	40	30	70	18	41	70	3	53	74	49	36	33	61	2	81	7	98	74	27	22	64	7	53	87	14	38	51	46	60	67	93	66	71	33	13	18	8	32	28	17	53	40	60	14	79	59	64	60	42	32	59	23	100	77	95	25	85	23	71	74	67	88	71	45	26	52	47	9	6	6	45	51	30	17	6	49	92	25	12	4	49	1	50	70	51	81	51	98	82	14	43	45	82	26	25	49	39	62	65	92	41	15	34	93	43	80	18	60	4	
38	90	66	48	68	52	54	81	18	60	61	70	85	74	51	15	32	60	41	41	7	29	81	7	51	13	11	83	90	81	84	54	55	10	67	17	92	98	43	82	96	99	28	54	72	74	61	23	88	27	42	20	33	95	12	16	28	45	93	80	54	90	68	17	52	20	90	78	86	16	63	89	22	45	30	26	18	8	42	52	29	7	39	25	76	74	65	10	40	14	50	54	79	12	34	100	78	92	20	88	11	27	83	89	43	92	51	97	33	72	52	13	14	24	76	63	35	51	21	3	59	58	39	47	33	84	42	21	91	20	23	56	27	26	21	76	52	21	15	9	94	88	99	2	16	7	98	69	96	75	6	36	31	75	24	75	14	45	96	44	63	77	39	95	91	63	54	26	43	23	24	2	50	79	53	81	68	9	23	18	69	94	20	76	67	32	2	58	20	91	12	1	31	26	65	8	33	72	65	13	
49	28	100	72	60	73	98	22	42	67	83	6	11	31	32	40	37	73	14	44	50	87	81	64	66	13	19	69	6	92	94	32	87	26	63	29	68	59	20	49	54	31	21	31	3	91	54	48	69	75	87	96	10	52	67	96	18	19	43	70	76	83	90	58	22	99	93	85	94	37	32	81	9	39	24	77	76	38	93	47	56	66	55	61	26	66	46	28	31	29	69	80	90	65	4	95	38	87	4	99	43	65	75	50	81	48	34	53	74	32	55	35	52	40	59	43	79	65	55	29	99	67	3	87	17	29	3	25	90	88	14	31	71	19	77	94	80	47	21	72	24	1	98	93	32	92	17	64	81	82	47	48	29	67	73	100	94	95	17	20	64	70	95	3	19	20	16	31	47	7	2	43	70	53	49	65	74	47	73	58	53	70	38	98	53	69	54	51	54	82	29	81	31	2	69	51	13	7	92	29	
63	9	65	61	71	89	66	73	64	50	40	55	69	80	56	40	8	5	49	72	19	66	51	31	17	67	71	40	4	70	10	37	30	96	36	32	9	48	65	58	48	98	53	78	83	6	33	28	18	9	34	10	39	70	70	65	67	2	94	63	99	12	66	22	82	8	66	89	29	51	11	11	61	97	90	66	75	33	31	59	29	13	23	61	20	56	67	63	50	18	9	35	82	51	53	6	96	60	63	76	35	52	95	52	2	18	58	48	6	36	11	12	1	36	83	100	45	45	3	87	11	60	86	26	11	88	85	80	23	66	40	86	69	33	72	21	37	73	48	54	63	91	37	53	98	73	21	38	77	44	68	33	73	61	85	44	14	19	6	91	26	97	54	89	33	8	90	80	31	23	44	62	51	81	65	36	4	66	51	37	97	74	56	32	10	15	55	26	77	51	55	83	55	96	67	44	64	96	37	7	
45	99	12	30	34	70	8	3	98	13	27	51	15	50	50	98	62	65	27	84	44	47	43	15	38	32	89	27	52	75	17	86	20	39	50	75	53	75	26	34	93	61	65	46	2	86	27	44	60	69	100	45	55	30	13	5	33	61	89	55	56	76	25	69	4	42	67	4	74	91	61	81	45	61	90	73	8	25	7	58	82	19	9	36	80	16	71	45	80	56	91	55	96	48	36	45	49	17	19	40	24	16	5	85	71	29	79	73	43	93	90	38	91	44	19	75	89	31	85	12	81	17	37	15	82	41	35	29	64	29	85	25	9	14	77	94	34	92	7	62	10	43	94	27	57	89	90	87	45	47	62	14	11	78	77	92	26	2	77	13	3	55	21	63	33	27	81	98	75	55	10	70	81	68	74	4	10	84	86	88	5	83	66	4	65	39	74	75	76	94	67	20	87	47	93	97	33	13	68	49	
3	94	33	18	79	100	53	98	87	24	35	88	38	49	10	60	10	70	21	91	74	72	43	19	5	76	36	44	61	80	98	43	67	55	48	6	85	23	65	10	50	22	18	40	65	5	19	76	48	56	20	21	58	78	63	8	58	64	31	48	22	84	54	88	40	43	70	19	87	83	69	71	68	10	70	48	47	56	44	20	41	30	3	95	85	14	27	39	61	3	7	8	66	83	57	55	19	93	94	89	89	17	25	73	53	45	40	47	37	82	50	20	100	68	37	87	31	55	47	51	4	34	97	11	76	79	60	32	47	35	100	62	70	17	94	43	21	94	29	95	82	91	66	88	79	47	8	85	44	62	77	64	95	31	82	31	33	15	78	7	50	33	67	49	93	27	44	63	80	86	93	39	51	9	47	66	84	93	31	100	54	44	14	74	81	97	23	55	6	19	71	67	1	92	92	62	9	79	56	56	
25	94	23	6	45	72	14	18	10	7	40	81	19	52	99	56	52	48	82	36	64	5	88	68	80	33	80	10	73	8	11	4	72	71	54	54	6	89	89	58	3	60	29	14	63	24	53	9	93	27	47	32	11	85	39	24	56	40	36	78	2	52	99	77	96	83	92	88	99	38	3	94	22	8	92	5	84	1	18	35	38	70	83	100	80	15	71	47	74	58	81	57	62	71	20	98	73	7	34	26	59	23	67	15	93	18	37	89	41	18	1	79	10	69	13	33	17	42	8	42	28	47	51	61	97	23	9	93	31	13	78	6	97	20	35	62	23	57	18	73	31	90	83	86	67	69	48	7	19	84	53	89	10	52	46	50	41	1	37	57	80	65	9	92	66	3	18	93	43	46	17	20	98	23	73	51	86	31	65	94	98	28	9	99	47	76	51	30	11	29	41	100	88	91	56	88	88	33	21	77	
73	92	96	36	46	71	18	8	3	10	80	18	72	19	5	37	55	24	35	22	1	96	80	86	84	93	9	61	13	41	88	14	21	29	22	50	73	44	92	9	77	6	54	47	63	20	28	72	8	15	18	71	9	72	31	100	9	85	3	51	42	77	43	49	54	18	38	89	22	1	73	48	9	10	61	9	8	1	29	77	23	44	73	24	78	78	33	82	24	11	53	7	85	87	99	47	54	43	15	71	5	95	76	20	15	44	11	8	93	37	90	13	70	94	1	79	69	99	2	67	77	69	24	67	58	44	57	75	30	57	91	18	50	88	46	73	16	99	26	63	25	44	93	23	28	47	97	21	8	9	21	76	23	11	39	56	79	48	80	45	10	4	100	6	85	20	17	66	48	62	20	69	82	18	58	37	88	100	94	44	63	19	56	37	47	87	53	8	3	46	86	32	75	54	51	44	22	18	69	27	
46	85	9	17	33	50	48	49	27	42	13	98	75	8	6	48	28	38	73	23	44	5	17	2	57	25	80	61	7	86	94	85	100	70	6	100	37	45	76	86	62	85	89	32	18	71	90	27	88	44	33	97	59	70	75	62	13	89	74	74	5	28	58	43	84	70	79	17	27	64	47	38	45	32	82	88	37	75	15	88	84	23	40	4	12	14	37	7	66	25	17	86	8	48	47	23	54	78	15	33	52	24	64	66	5	77	40	60	8	1	97	3	97	87	48	1	96	42	60	70	61	35	92	62	17	4	76	83	49	61	12	27	35	13	29	19	61	19	83	38	80	21	80	71	68	66	51	36	28	59	34	68	51	33	73	23	25	75	14	82	16	61	70	45	73	7	96	93	48	72	23	93	14	69	53	97	5	54	98	63	66	42	84	38	93	94	92	60	80	78	41	64	12	2	6	11	3	7	23	36	
42	18	46	13	99	85	67	78	53	8	14	4	73	60	58	20	12	71	1	26	86	31	43	36	50	42	44	31	35	96	76	82	78	54	96	34	62	47	58	18	56	54	79	86	67	57	70	84	37	95	95	42	93	93	24	2	32	30	25	41	27	67	62	94	30	58	58	83	43	90	2	60	80	3	23	77	30	99	27	93	23	85	93	43	84	96	54	74	54	80	40	36	45	79	56	11	87	21	90	77	99	62	2	68	87	93	81	66	74	83	13	65	77	4	47	21	95	65	2	92	62	43	34	1	64	34	58	91	47	30	51	76	3	24	95	22	87	8	49	88	5	76	72	45	35	37	85	67	58	78	90	95	63	77	45	79	47	96	22	65	67	18	30	3	20	29	54	20	60	54	6	85	43	94	70	74	83	44	28	19	42	85	63	19	3	56	6	19	99	100	55	79	10	19	49	68	11	54	6	88	
15	61	63	54	13	16	73	89	35	7	65	29	70	18	36	39	16	1	46	98	61	4	37	80	4	95	45	32	18	55	82	40	10	88	41	54	9	86	5	31	88	3	70	94	10	34	52	80	70	74	36	48	5	58	66	59	60	17	33	53	88	41	67	90	86	86	76	15	66	44	33	96	57	96	90	51	42	94	38	11	30	7	81	42	63	93	76	31	69	70	73	75	95	21	10	88	56	28	6	75	38	22	87	49	19	82	47	80	66	23	33	69	90	40	13	41	7	13	93	42	96	60	75	59	56	67	22	45	18	8	39	77	35	11	52	1	46	100	39	13	40	47	19	49	48	78	34	5	58	6	94	40	56	98	22	67	71	95	46	4	78	9	89	54	44	34	26	44	65	82	87	51	45	20	38	56	66	14	9	56	84	63	76	78	99	50	34	85	26	20	72	32	67	16	39	94	29	18	99	67	
91	44	74	3	86	27	65	5	60	13	61	100	81	32	54	2	58	9	58	49	30	99	6	36	33	18	47	2	84	56	32	16	20	38	66	41	7	73	95	56	96	59	73	4	87	15	19	40	17	12	2	48	83	5	5	68	70	28	64	46	13	23	54	56	96	68	60	4	11	81	79	58	30	15	75	73	21	66	78	83	85	4	11	4	25	42	39	95	70	23	58	12	7	60	55	21	77	6	33	98	49	94	5	81	52	77	19	24	48	66	12	14	20	44	37	48	82	9	10	77	35	58	92	75	62	34	70	79	94	11	60	90	87	80	68	58	8	81	19	41	26	84	33	21	36	22	41	18	73	14	86	29	36	67	44	9	36	39	30	79	59	66	92	4	41	36	10	39	97	59	9	34	82	76	98	32	4	74	99	37	38	19	78	80	66	87	23	83	20	18	33	8	32	42	21	82	22	16	70	97	
49	39	35	53	24	37	29	98	55	44	36	96	71	76	55	34	67	85	88	92	61	4	89	34	52	35	56	30	67	63	23	98	9	46	13	61	93	66	44	91	60	80	79	66	19	96	12	40	24	60	18	73	39	59	8	29	79	86	75	94	39	86	56	44	79	69	34	32	33	33	28	71	46	91	94	27	17	58	74	70	16	50	35	15	58	78	98	16	27	31	46	12	74	73	65	84	90	2	79	14	30	6	81	69	33	85	89	54	65	12	51	75	49	69	70	78	45	96	2	38	74	28	46	4	71	96	20	60	24	91	76	69	87	28	91	68	73	22	99	75	86	6	58	90	49	17	16	45	53	69	19	63	76	29	5	45	56	96	20	15	58	10	53	63	22	77	34	8	49	20	8	31	26	67	53	10	65	81	47	47	93	3	99	66	40	23	86	23	29	62	43	87	22	43	40	94	63	83	80	12	
95	94	62	8	97	49	53	25	54	12	28	27	13	71	82	20	72	36	68	38	2	66	27	14	74	43	33	14	59	37	34	21	39	37	53	84	86	34	22	86	43	6	63	77	18	83	37	16	18	84	35	67	49	37	67	27	79	79	13	94	86	11	7	86	29	50	70	2	51	33	41	32	28	65	13	100	84	70	67	56	61	89	2	80	64	2	67	7	57	56	42	68	94	56	33	16	73	16	34	61	80	54	66	19	13	60	44	80	95	9	46	89	41	45	44	54	29	80	16	76	98	70	30	33	74	72	15	27	12	27	57	97	3	36	78	32	1	89	52	89	26	44	47	8	19	90	98	34	22	15	22	83	17	43	92	100	58	89	61	56	50	55	33	40	23	6	13	10	16	79	67	45	25	32	69	15	39	97	76	87	94	56	50	87	23	56	91	1	83	82	48	32	63	66	100	46	30	87	96	78	
30	98	17	10	72	51	15	18	51	11	77	100	35	7	41	33	34	89	6	39	57	56	2	72	5	81	41	18	55	10	51	36	83	89	74	21	14	89	4	35	47	99	27	64	39	82	93	26	24	75	76	10	65	79	47	27	72	11	70	57	14	63	4	10	96	10	50	12	15	28	72	66	28	73	80	6	55	30	64	63	39	62	39	100	93	81	51	43	1	75	6	29	57	21	74	44	59	74	3	69	15	36	22	53	93	20	84	91	36	93	66	83	48	52	13	76	70	17	58	22	42	39	71	51	42	16	67	65	36	22	35	60	12	91	18	63	35	4	91	38	43	31	90	57	100	31	96	89	76	89	61	51	19	32	94	30	43	10	56	48	63	25	8	66	48	72	23	82	59	6	83	78	49	2	54	55	74	23	51	53	92	6	34	23	86	91	5	31	11	22	8	30	29	57	78	64	60	56	67	33	
3	51	38	59	24	62	3	51	24	9	87	62	51	82	45	92	79	40	66	96	36	81	96	39	36	22	36	88	92	86	70	75	50	40	8	31	26	82	20	43	74	71	1	22	79	52	52	85	25	78	3	95	62	92	40	75	41	34	49	58	15	8	20	95	96	7	68	24	94	5	43	13	79	4	79	13	61	100	82	1	35	17	56	61	14	32	40	50	1	17	1	51	64	28	16	15	34	70	61	96	92	53	1	92	87	77	58	8	21	82	1	99	35	46	32	87	8	63	82	64	79	1	49	40	48	36	48	77	57	30	46	21	98	79	34	36	32	60	11	95	1	96	27	9	39	4	49	19	81	72	68	89	92	85	37	1	78	71	47	23	52	45	40	74	68	96	46	30	55	17	100	100	39	58	51	26	75	55	30	8	60	19	85	83	23	1	31	75	68	30	65	84	96	76	44	49	54	77	3	4	
69	4	23	95	58	91	39	12	71	97	20	46	88	69	66	11	34	34	33	99	31	56	70	56	67	51	54	98	94	62	42	5	88	91	98	87	97	36	50	30	36	91	77	94	93	6	48	23	81	55	63	7	38	99	26	40	81	43	97	84	81	28	33	10	72	12	41	4	63	86	6	44	32	63	67	89	29	26	94	76	24	16	94	13	19	61	70	16	44	26	27	98	58	3	5	19	50	34	26	27	32	81	25	5	47	95	100	3	91	40	74	37	94	24	100	64	72	77	30	56	31	14	74	13	47	73	21	26	25	54	60	64	77	20	66	98	74	24	77	86	90	84	40	5	40	69	26	62	30	5	46	4	92	56	63	81	37	67	17	61	19	23	60	95	87	86	72	66	59	4	65	50	62	20	54	77	76	6	11	3	80	99	26	20	29	83	11	68	56	34	100	87	35	74	11	70	32	32	14	11	
10	70	52	74	20	39	17	96	45	83	24	91	32	56	64	7	49	34	73	46	21	75	17	7	62	39	79	49	97	27	59	53	92	73	36	20	2	14	42	3	43	4	22	74	22	74	97	53	63	87	86	82	22	41	4	28	46	75	60	49	25	60	77	52	72	16	93	66	33	46	82	31	96	53	32	34	46	60	74	1	35	95	69	32	34	58	25	74	86	29	51	27	8	69	59	95	43	84	59	60	63	76	2	67	39	63	48	72	83	44	95	84	78	13	7	82	98	2	51	93	15	31	60	60	20	40	80	78	6	67	2	46	43	67	48	28	97	27	46	37	63	1	35	45	22	26	36	26	31	93	43	11	62	11	58	38	20	92	88	79	38	97	79	8	15	49	22	80	25	37	29	95	65	91	82	51	94	19	29	46	78	100	20	18	62	82	22	30	34	20	66	78	10	62	90	65	19	13	97	66	
39	63	90	90	81	55	35	25	91	31	80	1	70	36	52	21	83	75	70	100	41	53	51	14	97	72	5	87	16	67	7	72	93	55	61	95	35	95	69	70	85	78	94	4	37	31	55	29	35	45	14	12	83	13	81	93	2	15	31	63	34	67	72	88	1	12	34	37	93	39	19	8	75	46	71	93	25	56	49	42	99	77	40	45	43	46	29	39	55	71	61	68	5	90	38	72	43	72	2	67	75	65	42	19	7	30	71	23	93	46	87	62	29	60	37	1	96	87	31	4	92	92	19	7	2	3	42	8	81	86	58	12	33	7	25	38	89	58	97	98	99	20	60	58	85	52	80	66	59	48	75	88	50	46	81	45	82	38	90	96	22	57	62	94	92	82	35	52	24	26	57	59	92	12	29	55	67	71	41	86	41	55	72	33	43	48	8	65	100	66	15	13	32	15	72	50	30	37	37	43	
42	55	31	92	13	72	56	4	13	13	21	53	18	40	53	16	83	92	75	13	46	42	79	96	46	47	71	68	28	2	57	49	2	18	10	80	70	5	99	26	35	27	40	17	57	17	69	87	6	100	14	1	16	16	97	35	20	97	96	59	16	91	46	19	22	21	62	79	3	22	27	3	94	92	66	20	34	94	77	20	39	27	24	8	7	85	32	43	31	73	91	100	77	20	81	43	97	41	97	77	98	52	40	55	72	94	75	10	28	7	89	56	95	59	12	41	24	53	2	18	76	5	84	39	99	35	3	39	7	80	23	80	50	68	96	99	95	64	50	88	24	10	37	37	23	24	26	4	90	26	69	78	9	47	30	64	19	23	7	20	12	56	23	49	21	4	68	10	21	48	97	4	41	1	81	83	20	67	100	32	64	79	32	8	87	32	30	84	87	78	13	42	1	39	21	70	80	18	13	57	
32	42	93	41	79	96	64	65	1	85	74	77	38	35	68	73	63	62	8	99	68	3	10	32	53	5	59	3	85	25	48	2	70	87	61	7	52	80	48	77	15	28	26	53	35	5	12	69	33	39	39	61	91	16	52	45	87	73	42	80	48	53	39	81	43	83	6	48	70	95	68	28	98	98	3	86	23	48	89	75	97	56	54	18	80	22	31	72	54	49	7	14	2	16	89	32	20	46	23	4	16	99	42	29	17	71	83	7	48	21	72	16	91	54	79	34	44	20	61	62	5	61	95	92	93	34	76	25	26	62	71	96	50	14	91	47	58	41	45	63	13	92	52	50	23	85	70	37	99	21	29	96	74	42	32	8	35	7	42	32	80	82	72	68	69	33	70	34	25	66	91	12	15	31	31	55	87	1	88	75	12	10	67	32	22	63	29	96	35	10	32	1	30	15	54	62	87	97	87	57	
90	77	25	6	64	35	14	30	19	85	65	38	12	27	24	37	32	30	28	75	73	89	5	73	88	51	92	72	96	85	34	3	81	74	53	71	31	25	39	35	2	73	34	57	68	25	91	42	45	15	56	92	93	75	86	86	70	60	45	25	56	26	37	73	98	89	62	99	25	71	89	40	94	18	32	76	87	38	57	72	93	72	36	62	3	84	53	81	89	36	51	1	43	40	38	39	75	58	100	64	16	75	42	38	23	86	62	84	70	1	27	37	41	98	25	68	3	80	94	8	76	41	99	81	96	10	7	52	20	56	92	65	4	4	81	72	48	84	18	44	32	91	53	76	42	47	68	45	1	22	33	42	51	85	34	83	94	93	96	93	58	99	13	95	56	88	53	4	32	78	90	88	34	26	2	96	47	92	91	54	2	19	16	42	43	66	57	76	74	62	15	39	15	22	98	63	75	17	2	87	
32	64	7	94	77	33	73	89	5	67	56	79	62	81	99	13	98	88	35	19	16	58	100	34	61	5	59	11	95	84	60	85	44	39	16	94	74	71	57	1	59	26	10	91	31	57	71	61	19	6	25	32	86	4	61	85	69	71	94	63	80	31	68	84	31	74	4	66	54	52	5	96	87	68	10	48	67	63	21	75	15	87	49	42	30	34	47	11	57	91	78	55	13	49	79	85	16	5	45	74	98	21	23	89	44	4	37	29	68	9	35	78	6	84	96	14	32	78	42	53	43	98	61	38	85	99	11	76	57	34	96	58	78	92	15	27	15	34	78	29	31	94	72	46	96	76	75	96	87	59	98	34	53	15	99	26	40	49	84	71	62	16	95	18	54	13	63	79	85	7	41	53	93	65	69	67	93	92	56	51	6	49	39	21	40	100	78	44	11	90	72	21	54	98	26	35	87	93	54	27	
49	96	64	28	88	1	32	95	10	56	49	15	96	78	25	33	96	98	10	70	72	33	17	24	41	36	78	34	20	6	34	75	22	14	15	81	11	99	70	60	15	50	92	25	96	32	42	60	7	76	47	80	67	25	91	62	71	97	38	4	49	30	78	57	73	5	84	3	3	35	54	70	27	17	92	35	38	36	2	68	1	100	15	75	77	86	9	14	51	55	36	86	51	42	56	96	46	70	27	15	39	67	44	27	86	81	82	76	27	50	5	48	37	37	61	2	74	79	67	71	21	37	1	28	26	4	38	11	45	97	3	26	13	94	91	24	90	24	82	87	84	92	53	39	72	27	46	57	91	61	43	31	21	26	35	33	98	23	93	25	29	14	5	89	83	16	10	79	61	52	87	2	43	8	51	44	97	62	88	44	11	68	94	82	94	46	64	49	70	65	50	70	62	63	35	9	64	84	98	51	
25	92	32	25	6	49	26	11	14	48	100	71	10	38	35	35	56	27	72	28	92	55	79	63	55	11	68	28	83	91	97	77	60	59	46	66	81	94	41	91	37	85	96	78	45	20	79	81	34	10	24	95	47	15	20	73	32	36	11	90	88	25	17	14	6	14	84	35	42	35	86	43	15	71	83	43	63	20	35	51	89	98	55	16	80	36	90	2	57	19	42	9	90	3	82	11	14	84	92	38	6	73	58	31	72	5	63	46	54	2	5	58	51	80	20	5	60	77	59	59	18	58	79	41	65	85	4	47	6	50	30	96	34	54	53	52	23	25	34	73	16	79	26	80	70	34	85	62	83	28	66	70	47	50	21	52	72	65	74	83	97	10	44	43	13	70	3	55	76	89	38	89	80	33	13	64	33	9	88	22	3	11	29	22	63	30	60	54	32	19	30	80	87	75	87	64	57	73	87	24	
3	91	36	69	44	43	34	80	53	84	90	30	12	100	81	75	50	95	44	76	12	10	11	24	49	56	40	51	47	82	5	10	3	90	88	66	93	59	99	37	21	42	19	68	46	21	68	12	69	67	67	44	57	65	63	16	46	86	41	73	18	55	54	52	6	12	54	3	22	74	62	25	38	57	7	51	5	34	87	4	98	8	53	62	59	4	11	28	6	91	27	37	12	94	97	21	38	76	9	17	19	22	95	75	62	55	32	81	78	9	70	51	52	78	27	15	72	51	92	82	38	84	5	20	82	45	22	93	84	90	93	68	39	88	11	43	59	33	83	49	70	82	34	100	5	56	13	5	37	42	10	73	50	69	23	62	37	75	21	43	73	98	6	88	65	26	68	11	65	62	94	17	18	72	7	96	13	79	33	18	7	54	18	16	83	87	56	77	32	13	37	18	97	17	93	84	73	39	3	27	
12	60	53	9	75	1	77	32	91	12	37	49	8	26	92	37	23	58	75	70	49	18	51	16	42	5	31	82	20	2	36	1	32	25	47	83	79	47	11	87	68	83	99	83	76	34	50	70	25	21	72	100	85	66	95	11	95	33	99	6	86	75	79	96	19	80	72	56	4	95	50	19	22	88	59	99	92	89	42	87	2	71	53	22	47	83	24	54	91	44	6	52	33	4	69	56	68	47	73	71	32	52	30	39	12	33	66	51	24	96	95	72	54	79	69	29	20	69	67	26	12	33	86	99	91	43	92	37	82	28	54	78	77	47	54	49	94	47	31	82	61	60	67	96	66	85	9	15	16	28	45	55	80	67	80	29	13	67	51	79	20	82	65	54	76	7	31	11	8	56	4	55	60	65	92	37	68	56	21	69	23	6	99	70	80	96	67	3	14	97	37	13	87	2	54	98	87	3	97	1	
20	85	40	92	40	75	88	89	86	80	89	16	33	46	93	32	15	46	68	59	50	40	26	23	37	40	73	28	1	75	70	19	44	5	71	36	19	17	96	49	41	32	89	68	56	65	96	54	98	85	72	66	31	48	12	78	58	69	11	78	48	65	38	11	43	20	3	40	55	17	13	21	77	9	40	28	37	32	5	46	49	30	25	5	56	25	31	4	90	11	11	32	44	13	31	65	44	31	4	62	31	13	81	47	57	58	32	93	69	81	37	45	64	23	47	10	33	59	82	22	44	11	17	5	4	71	46	26	38	85	80	11	16	7	88	42	25	66	29	62	42	5	38	68	4	19	76	3	11	48	27	13	13	42	57	77	90	99	72	53	50	53	44	25	43	94	74	93	39	55	83	31	4	13	29	7	49	56	77	27	36	88	67	97	12	78	33	4	11	66	43	57	57	87	27	51	24	27	1	23	
