200
5902
48	19	61	38	8	87	93	96	61	25	98	82	10	2	88	74	50	78	31	50	66	18	16	97	28	24	74	13	83	19	51	38	42	96	96	75	100	7	31	25	11	75	82	61	96	72	45	68	87	98	85	72	70	18	25	80	15	18	66	29	10	39	2	60	2	82	98	17	96	38	73	17	57	43	19	33	87	39	98	80	72	14	32	52	93	8	35	24	99	68	53	74	57	100	79	44	17	85	62	86	7	100	73	61	55	63	85	83	98	48	89	70	50	30	76	31	45	62	38	66	24	10	79	54	77	5	66	4	16	9	39	9	30	51	50	77	22	78	61	68	31	34	58	98	37	12	68	52	82	98	52	46	29	84	73	32	5	69	60	19	26	40	15	21	100	60	73	99	32	50	32	31	70	89	91	30	47	36	66	90	8	58	79	47	61	58	16	96	66	90	46	71	16	93	80	21	6	47	66	30	
23	61	38	10	85	69	61	45	86	65	59	60	92	68	82	32	46	12	97	80	81	89	1	65	76	53	39	56	8	96	47	33	51	31	78	77	37	43	41	31	59	67	99	73	65	25	46	49	99	52	85	95	10	48	58	90	99	72	32	30	18	96	45	47	8	71	55	29	45	45	19	37	35	29	12	89	71	11	48	42	80	29	67	26	49	87	76	38	3	61	8	17	49	82	35	51	31	26	88	96	55	69	5	70	11	94	25	40	33	31	31	88	100	1	96	17	79	65	44	49	60	87	70	16	50	79	18	100	28	6	2	36	21	91	4	43	20	2	62	49	5	18	93	3	8	14	63	63	7	57	80	24	31	92	40	59	12	12	50	7	69	48	70	76	86	68	92	8	91	75	51	97	88	7	51	51	3	55	77	51	80	17	67	93	20	68	28	46	16	37	16	81	70	7	76	93	93	51	85	54	
61	17	2	37	39	96	78	15	48	63	63	46	75	15	99	85	40	89	46	81	29	15	52	57	55	67	3	35	28	99	16	9	82	30	39	95	23	65	43	45	19	90	64	34	56	89	33	50	19	47	82	18	51	31	42	40	46	81	50	64	17	55	53	59	90	61	86	24	41	7	54	41	51	69	68	19	12	57	27	70	62	47	89	75	32	98	30	82	88	58	67	98	22	56	18	63	32	23	3	54	58	79	86	11	29	100	30	47	3	57	72	45	21	84	77	11	95	85	97	96	56	8	34	31	62	12	61	76	7	98	54	51	21	29	89	85	59	57	52	43	6	44	45	21	93	36	58	100	83	89	69	7	14	43	54	82	21	63	88	58	30	78	86	57	4	39	67	64	40	54	53	91	11	33	25	41	59	88	77	74	45	83	52	91	19	100	38	98	50	57	88	17	75	66	3	7	75	2	65	9	
38	2	71	58	1	4	55	13	91	68	86	54	61	29	87	13	21	31	55	65	60	58	73	5	82	66	76	36	64	13	7	25	23	46	32	37	94	48	6	14	12	97	73	59	6	78	33	11	33	83	69	19	6	75	58	74	26	45	50	42	9	41	60	21	49	1	25	23	82	48	37	95	21	6	5	45	65	18	54	4	25	61	88	53	40	53	29	63	12	57	85	29	48	39	55	45	94	62	84	37	78	31	50	5	10	4	7	55	89	37	77	3	32	49	1	20	30	87	29	30	81	53	96	53	83	62	70	19	57	23	20	100	59	2	47	65	58	12	91	37	56	5	54	91	38	23	43	65	10	75	14	60	10	28	40	75	87	97	55	2	46	45	54	94	46	92	8	73	20	53	29	57	60	13	65	5	88	18	56	82	26	4	74	89	56	49	98	51	62	78	71	58	60	71	31	88	80	64	50	99	
10	37	58	65	3	65	55	28	65	31	86	79	90	12	68	85	34	27	64	25	78	75	15	24	87	32	64	85	8	30	38	5	5	68	35	72	62	31	32	14	17	64	9	63	47	93	18	52	32	76	57	40	2	47	46	27	93	78	3	10	31	69	6	17	87	77	37	61	18	63	26	100	3	83	46	78	88	64	93	88	1	25	66	50	88	95	30	6	29	25	28	67	64	25	88	73	12	54	76	69	38	29	96	32	7	14	87	53	4	33	43	36	71	34	50	12	76	4	83	34	8	5	68	47	60	13	58	87	27	38	86	48	90	35	40	48	65	65	63	64	75	41	89	59	7	12	56	46	37	15	12	53	8	40	34	83	93	14	98	10	35	5	46	22	84	66	37	46	26	35	65	12	33	19	59	27	3	80	81	4	11	51	4	74	43	44	28	71	83	67	39	41	22	53	51	51	60	86	7	33	
85	39	1	3	1	2	20	72	82	6	31	31	20	36	60	27	38	9	51	54	22	94	7	78	80	16	21	93	22	51	6	40	25	56	77	99	11	33	22	18	22	30	30	55	11	61	28	90	33	67	42	92	53	52	64	48	48	10	2	27	29	22	77	60	88	96	15	34	57	71	38	87	21	39	44	89	61	45	34	50	30	86	27	23	27	80	88	48	22	23	67	39	80	31	56	84	55	92	11	20	87	31	57	40	63	34	5	98	75	64	55	84	70	75	82	64	97	19	72	86	74	10	52	94	26	44	53	85	97	92	67	60	71	41	79	78	6	75	76	36	24	20	97	80	74	46	23	78	75	33	70	46	43	80	11	100	51	37	73	41	100	65	84	88	53	62	50	78	58	83	50	93	27	81	66	90	41	32	13	34	30	54	23	36	93	7	80	41	25	8	82	23	79	25	64	30	1	91	31	69	
69	96	4	65	2	76	80	22	33	83	39	89	51	67	20	61	99	6	2	4	57	39	3	93	5	88	47	79	86	22	56	46	72	14	100	52	90	13	80	3	24	45	83	73	22	10	23	30	58	26	28	68	92	41	82	100	85	76	2	47	4	11	8	21	94	78	49	96	17	69	9	60	26	8	100	31	72	77	76	98	13	65	33	32	76	95	2	59	96	99	40	22	77	76	82	41	38	13	40	63	17	75	32	17	67	48	80	62	6	39	84	42	70	99	48	16	68	84	84	82	100	74	86	87	31	58	76	99	85	92	65	36	19	52	28	88	89	23	15	63	42	5	21	43	22	5	48	12	65	97	36	13	29	13	87	64	69	57	95	89	20	20	52	65	61	72	20	28	43	47	6	30	18	3	30	96	49	88	28	62	76	46	2	58	72	32	98	85	86	83	85	35	19	20	6	86	32	94	58	60	
61	78	55	55	20	80	76	76	81	86	100	20	72	77	20	56	31	3	18	6	45	41	36	94	56	82	61	92	8	79	35	75	73	51	83	82	77	7	52	42	11	84	31	34	44	11	44	45	74	47	93	56	100	96	50	11	28	7	95	82	66	65	44	67	43	53	22	11	79	33	93	57	13	41	57	53	72	24	45	65	67	38	19	52	59	95	23	84	95	81	80	81	33	51	9	50	66	49	2	42	18	64	52	26	21	90	17	22	34	32	58	43	84	62	92	85	2	89	92	64	42	48	44	36	70	25	64	65	71	11	76	26	25	57	74	84	78	12	92	84	64	47	100	43	30	95	34	6	75	24	55	11	42	70	43	24	52	40	96	19	31	18	55	3	27	34	81	100	21	14	19	35	11	66	41	98	74	23	62	45	22	86	93	78	66	37	1	65	11	12	17	63	94	70	56	4	60	95	41	16	
45	15	13	28	72	22	76	17	19	9	57	29	19	98	39	62	1	6	27	71	88	36	72	11	21	3	74	46	10	88	97	88	68	83	77	23	33	64	34	37	80	76	94	97	43	70	90	7	97	71	21	17	68	40	18	54	38	61	75	74	56	46	2	11	88	4	12	71	70	24	22	86	24	53	49	86	96	46	43	20	88	74	54	29	93	58	91	81	93	29	26	98	42	3	52	55	46	83	83	67	45	68	59	87	79	57	11	88	61	64	4	65	60	67	26	14	42	41	79	79	86	57	61	19	53	41	95	9	77	99	60	61	93	16	63	85	34	12	3	72	90	94	11	48	95	20	66	31	47	41	93	31	20	52	30	10	70	64	92	76	68	12	38	5	57	5	5	23	41	56	66	77	4	35	19	44	2	94	16	69	85	55	3	99	21	6	69	85	95	32	83	75	58	83	41	45	73	13	81	29	
86	48	91	65	82	33	81	19	31	27	10	16	39	100	57	17	79	80	12	65	2	8	20	77	65	43	87	5	30	93	64	48	32	67	93	42	1	24	28	81	52	53	38	61	67	41	53	74	22	56	40	72	80	83	48	61	25	24	7	29	92	12	42	23	57	15	65	76	59	90	47	24	20	34	30	32	58	15	9	59	65	87	51	8	67	69	33	39	13	18	73	44	9	88	74	98	74	57	44	65	49	55	38	95	24	54	35	10	8	25	17	23	44	30	20	27	42	85	75	56	19	81	22	3	97	10	51	78	41	92	27	80	26	6	86	73	42	28	53	97	19	60	19	2	99	84	5	39	49	76	92	53	25	33	32	1	52	8	52	30	5	80	8	77	30	10	21	78	91	26	87	4	56	75	72	86	23	56	28	81	91	31	8	21	53	68	96	70	44	87	73	98	93	65	27	96	77	60	17	80	
65	63	68	31	6	83	86	9	27	89	57	92	83	37	45	29	46	17	8	27	37	11	61	43	93	78	47	31	23	75	16	47	16	71	94	49	84	48	27	63	37	87	13	41	26	89	74	61	11	83	18	16	75	57	62	96	30	34	20	100	62	18	6	82	61	11	18	62	65	63	20	23	27	91	93	68	15	59	11	36	42	81	88	53	20	18	59	40	16	43	3	61	96	9	25	24	59	49	36	14	8	24	2	51	48	60	76	4	39	62	15	58	61	18	86	5	17	63	96	51	99	51	20	35	29	26	6	13	50	53	76	43	69	79	8	69	2	27	64	3	33	26	78	2	73	98	77	91	88	53	59	68	63	55	9	22	62	44	34	81	23	86	6	77	83	95	99	100	5	47	17	53	91	69	33	14	77	12	96	45	25	60	89	38	64	96	65	31	61	36	84	26	63	97	91	13	21	24	2	81	
59	63	86	86	31	39	100	57	10	57	87	23	79	79	80	91	96	38	79	7	76	66	12	50	82	74	14	70	36	88	36	77	94	69	41	67	41	86	20	39	94	79	78	30	92	71	63	13	80	45	63	41	35	29	67	76	78	7	98	83	91	53	100	95	97	36	37	69	11	7	77	90	3	53	77	31	95	47	8	87	13	14	53	80	38	16	83	71	72	61	34	88	71	48	41	48	52	90	13	81	26	95	61	10	59	53	19	65	8	47	82	32	86	53	12	31	29	20	51	76	2	54	80	50	14	56	15	44	93	67	33	61	83	23	22	94	12	35	33	63	24	43	27	54	45	1	15	30	20	15	97	92	26	83	83	77	25	64	5	46	97	67	87	16	44	68	21	34	51	8	20	82	48	64	14	84	78	80	5	56	22	28	54	31	32	23	79	9	8	17	26	46	72	14	81	90	49	59	52	29	
60	46	54	79	31	89	20	29	16	92	23	48	32	35	24	60	30	47	34	97	66	39	8	25	37	83	2	30	100	12	86	68	22	20	49	66	32	77	26	64	4	15	52	2	58	15	55	36	100	74	29	12	61	54	12	92	25	46	51	43	10	21	68	4	87	3	91	57	65	69	47	83	31	89	93	2	74	60	56	86	84	15	24	61	58	92	12	27	3	52	36	86	3	21	64	80	85	2	46	85	67	29	35	1	14	52	30	22	81	52	96	68	23	45	26	87	75	31	46	8	54	38	53	31	65	60	16	66	78	96	2	85	21	62	52	31	75	10	45	9	68	94	40	48	3	69	83	100	21	19	71	18	64	83	80	90	87	99	30	90	24	86	67	79	74	55	63	99	27	52	94	60	37	21	11	21	14	84	2	68	81	64	8	92	92	7	63	88	77	68	66	36	74	88	64	71	76	71	85	90	
92	75	61	90	20	51	72	19	39	83	79	32	46	97	81	42	81	68	84	51	94	72	17	53	17	44	44	38	3	18	84	8	26	29	4	68	69	95	54	70	5	16	98	5	85	35	85	78	64	30	1	12	7	21	2	36	5	76	73	13	66	48	50	99	9	100	73	7	83	10	34	84	49	95	88	29	79	53	16	31	28	50	58	76	99	50	21	66	86	62	42	39	82	99	31	89	49	49	62	66	89	66	35	18	77	39	62	53	94	69	11	41	13	12	48	22	11	97	82	52	53	58	6	97	86	3	56	13	72	4	98	48	43	87	8	74	79	60	31	60	63	81	68	83	58	75	49	6	49	34	21	67	6	46	38	42	92	31	92	6	65	37	36	71	40	20	59	33	45	36	48	39	95	76	43	57	60	98	6	91	97	28	15	64	38	72	80	64	38	73	94	74	63	6	62	5	56	25	93	100	
68	15	29	12	36	67	77	98	100	37	79	35	97	77	29	62	66	73	24	63	87	60	63	95	13	43	56	50	70	61	34	76	95	15	28	35	33	4	77	97	56	95	90	79	48	12	5	44	17	92	48	16	9	75	53	61	100	24	96	27	51	75	2	47	61	28	91	11	57	49	91	15	38	55	89	40	69	78	73	61	84	7	83	98	8	97	2	57	52	10	58	37	73	58	54	13	72	95	83	13	6	23	44	56	54	65	57	74	59	72	27	57	83	69	11	1	61	65	28	71	32	17	65	69	68	51	84	33	37	8	49	64	35	83	18	82	5	58	53	5	85	21	96	22	26	69	64	93	66	92	36	42	30	70	30	17	76	10	70	65	81	58	31	64	61	63	36	45	26	76	12	68	3	90	1	35	18	31	60	16	100	92	14	87	76	65	44	41	82	85	98	43	14	53	2	17	72	16	63	99	
82	99	87	68	60	20	20	39	57	45	80	24	81	29	37	22	56	94	17	26	71	10	77	33	18	83	89	37	11	5	83	96	39	40	4	32	56	46	36	87	95	73	74	72	27	59	77	73	7	14	20	3	58	99	10	6	80	96	35	68	66	66	15	28	47	6	20	43	63	21	21	72	92	70	88	84	92	13	87	74	34	94	100	72	81	58	44	45	82	10	15	45	64	88	95	100	76	13	76	97	32	80	74	50	13	14	51	93	59	58	39	16	93	14	10	57	94	73	91	5	47	87	61	34	71	90	89	83	14	40	28	36	52	91	25	9	50	37	75	18	95	37	81	47	58	2	3	11	55	1	29	88	80	30	83	13	65	1	66	31	71	63	52	95	61	34	46	21	58	17	61	46	86	18	26	21	10	80	92	13	52	23	48	26	9	89	70	95	94	37	17	81	69	3	29	78	36	20	58	76	
32	85	13	85	27	61	56	62	17	29	91	60	42	62	22	36	7	59	49	99	82	96	16	15	49	32	18	24	63	79	75	5	16	69	34	100	9	53	51	38	8	12	67	29	13	3	42	95	95	23	84	93	90	22	35	69	71	92	62	54	58	63	59	53	13	10	61	11	45	20	50	41	12	71	81	63	25	66	17	90	32	78	89	21	23	93	76	59	30	15	34	95	88	79	22	64	33	31	18	43	57	75	29	23	76	64	35	93	35	39	3	88	70	46	87	92	97	49	86	32	78	32	38	100	48	44	96	26	67	15	48	14	62	22	48	38	51	58	39	78	44	91	6	80	8	33	67	63	49	55	39	6	22	46	27	32	80	1	12	98	35	12	74	16	28	22	43	85	4	99	33	49	45	99	65	13	27	28	20	9	49	70	80	62	39	31	6	19	12	86	23	53	31	11	3	80	38	20	56	36	
46	40	21	34	38	99	31	1	79	46	96	30	81	66	56	7	4	39	88	12	7	1	60	20	55	90	72	78	77	76	86	5	53	76	39	97	6	85	30	90	18	74	73	34	52	12	31	100	13	65	9	38	67	64	39	13	20	98	10	92	66	36	98	47	44	67	72	1	61	77	66	95	25	57	3	41	92	91	10	43	69	49	8	25	92	3	39	2	16	65	97	1	84	2	43	57	47	60	71	29	73	40	11	85	66	81	51	66	66	81	16	83	6	35	93	16	86	61	35	3	92	22	2	41	16	45	11	36	46	31	97	76	38	2	62	15	21	83	91	81	34	66	70	5	88	30	27	37	76	21	50	53	52	68	5	31	64	50	85	95	16	84	82	14	99	67	15	16	41	27	86	28	83	97	87	43	52	75	7	42	60	1	92	70	41	23	75	52	65	11	99	54	47	29	81	72	66	75	26	77	
12	89	31	27	9	6	3	6	80	17	38	47	68	73	94	59	39	97	74	10	52	84	91	74	18	13	26	11	11	56	18	41	7	86	18	9	58	14	3	78	98	69	67	86	17	71	85	81	41	58	60	71	15	45	40	41	40	75	1	1	95	26	48	47	54	86	31	87	86	21	85	85	99	60	96	40	65	22	48	75	72	75	93	39	26	44	86	6	58	91	68	80	72	72	43	43	54	66	31	29	88	13	51	90	18	78	3	33	25	41	68	45	78	3	15	49	2	77	92	69	12	78	29	85	57	29	77	25	51	13	22	14	2	63	95	79	33	28	23	43	89	33	4	72	6	24	26	18	10	91	91	85	73	95	98	94	9	91	85	100	40	15	38	55	35	58	23	77	23	50	84	35	65	70	4	1	46	61	40	27	51	100	21	100	92	54	71	24	75	82	61	83	70	11	31	3	37	71	48	23	
97	46	55	64	51	2	18	27	12	8	79	34	84	24	17	49	88	74	99	41	58	60	52	37	9	90	20	82	67	8	48	34	31	25	49	52	66	2	10	14	15	63	20	62	51	87	87	52	58	31	28	26	83	90	52	36	43	34	34	61	87	30	86	79	61	54	75	62	19	5	80	81	2	55	89	63	7	67	83	70	65	55	83	61	18	49	9	90	93	83	47	66	18	35	13	27	51	72	70	94	89	30	74	42	40	28	75	20	33	72	62	36	56	27	96	91	72	90	20	56	9	51	50	55	99	57	63	29	25	64	50	69	9	68	88	10	34	56	15	66	10	71	26	10	30	89	62	47	74	67	33	87	31	93	48	11	22	29	2	23	23	37	2	59	11	39	70	84	31	27	14	3	5	88	2	86	98	88	77	75	100	41	56	14	59	17	52	33	20	96	8	4	63	29	65	74	41	49	8	34	
80	81	65	25	54	4	6	71	65	27	7	97	51	63	26	99	12	10	41	7	70	70	45	13	49	52	12	5	70	98	28	22	7	84	71	99	4	27	53	4	75	40	86	30	15	77	95	80	97	73	75	39	59	90	95	76	27	90	86	35	39	68	33	46	32	28	67	69	82	81	9	4	82	6	22	25	50	92	52	77	10	57	25	11	39	88	47	85	91	72	5	92	85	51	40	81	54	45	90	72	15	94	20	51	81	17	7	72	61	21	36	3	73	52	51	75	52	46	33	35	98	83	65	37	96	81	17	45	79	6	82	54	86	13	20	4	82	25	69	46	10	71	27	87	95	17	72	97	70	2	88	11	7	62	58	63	85	79	65	34	17	100	65	35	35	32	84	91	75	54	90	77	15	19	28	61	47	37	52	41	79	79	34	75	73	30	92	49	9	100	97	77	18	52	8	52	50	40	15	97	
81	29	60	78	22	57	45	88	2	37	76	66	94	87	71	82	7	52	58	70	55	66	16	94	59	27	8	67	51	94	92	52	91	16	22	8	2	6	54	84	30	12	14	79	65	65	14	80	57	73	45	52	97	66	84	93	48	17	8	6	38	27	25	81	5	67	36	30	13	84	73	35	62	73	75	87	57	5	9	82	92	97	80	92	80	58	79	89	43	66	97	24	24	47	12	41	89	53	40	96	79	41	99	93	64	58	73	81	93	5	69	69	53	67	31	86	80	72	14	39	21	89	60	3	82	60	49	1	38	66	37	96	9	23	66	93	83	86	74	19	95	11	41	5	24	20	70	4	3	9	98	8	5	93	2	35	21	39	7	48	89	5	94	27	81	2	10	77	40	76	75	97	10	88	18	27	52	75	73	26	95	47	85	55	85	13	89	71	2	74	2	18	4	58	11	21	13	29	24	43	
89	15	58	75	94	39	41	36	8	11	66	39	72	60	10	96	1	84	60	70	66	97	75	32	21	62	45	76	97	69	86	51	59	16	17	87	60	50	4	58	56	2	16	73	23	43	15	18	82	28	77	71	84	52	86	90	63	33	68	47	48	39	73	22	69	2	7	21	30	64	96	44	96	57	97	9	13	59	30	30	34	22	79	75	19	87	16	82	97	87	11	93	88	54	53	63	79	70	25	24	93	93	51	71	94	62	91	80	90	40	34	54	14	15	61	29	31	33	27	5	94	91	76	56	47	96	78	6	62	8	72	92	8	75	71	50	7	29	42	44	20	5	37	31	59	7	16	57	45	6	94	2	86	37	68	18	89	60	47	93	55	21	98	71	43	63	52	71	48	18	50	29	4	89	37	99	87	9	71	67	40	41	73	50	16	19	39	89	58	95	5	64	67	56	1	81	21	28	72	79	
1	52	73	15	7	3	36	72	20	61	12	8	17	63	77	16	60	91	52	45	16	75	85	57	98	38	80	48	20	70	36	59	5	55	53	29	44	25	16	46	72	98	19	10	38	3	59	6	6	11	56	47	38	90	30	33	97	87	32	29	94	13	11	11	78	39	6	3	98	11	29	81	20	14	25	48	28	29	46	78	77	49	38	26	24	60	4	47	74	14	16	77	28	27	30	21	34	89	42	32	34	49	52	79	48	90	40	79	67	52	94	55	23	52	77	6	35	64	69	51	37	65	57	96	67	30	82	41	64	51	52	19	82	48	53	34	2	93	22	67	32	93	96	68	38	19	61	86	17	72	29	84	82	70	25	81	87	43	13	16	77	95	38	49	53	82	52	3	85	80	35	65	21	92	81	35	51	24	30	98	14	75	12	52	37	38	9	94	95	84	39	99	75	1	45	23	57	55	2	8	
65	57	5	24	78	93	94	11	77	43	50	25	53	95	33	15	20	74	37	13	94	32	57	12	74	96	20	59	20	50	2	23	42	32	84	29	100	96	13	16	78	95	74	21	8	91	82	71	32	22	48	42	7	95	27	65	11	96	60	63	9	53	20	37	66	18	13	85	91	17	94	4	23	19	34	85	77	14	93	69	93	13	28	12	39	45	77	97	28	20	68	46	86	20	7	9	96	21	62	33	75	36	30	61	41	81	4	70	98	87	22	55	6	24	62	56	35	91	86	87	83	78	23	26	46	86	55	35	72	37	2	47	87	9	91	91	66	54	63	11	55	66	87	100	33	51	10	68	30	68	15	51	5	64	60	17	83	24	53	76	7	80	39	78	62	9	34	76	21	27	67	52	2	84	50	23	57	2	36	92	47	5	21	41	39	48	14	60	64	9	78	35	3	57	89	55	35	31	5	27	
76	55	82	87	80	5	56	21	65	93	82	37	17	13	18	49	55	18	9	49	59	21	98	74	99	27	70	8	41	18	1	37	15	68	87	92	50	87	26	51	25	72	33	39	46	5	68	20	29	90	97	58	37	98	84	98	30	85	2	15	59	74	94	16	76	94	26	37	6	5	95	15	11	75	1	62	18	49	87	30	34	23	79	90	98	46	54	86	84	76	78	44	100	52	34	90	83	18	10	93	74	43	7	92	29	8	41	15	88	30	23	57	11	60	23	86	18	91	52	53	58	58	85	48	55	43	40	54	51	9	100	93	9	71	64	51	11	49	55	88	37	17	22	81	66	53	20	66	44	79	19	53	44	54	78	35	44	60	94	25	98	83	28	10	44	33	17	60	5	46	32	43	15	75	73	65	9	45	36	61	87	51	8	21	77	44	83	58	61	43	44	10	8	36	27	54	77	43	35	88	
53	67	66	32	16	88	82	3	43	78	74	83	44	43	83	32	90	13	90	52	27	62	38	96	27	14	86	51	49	23	19	79	43	89	51	89	79	31	37	67	75	15	71	6	66	4	65	38	52	26	69	30	41	74	67	89	98	44	65	46	97	96	79	7	73	37	52	33	10	100	63	9	20	20	88	89	29	82	79	36	34	2	31	50	3	86	38	85	69	59	20	73	35	14	29	45	12	10	54	15	22	33	29	40	12	14	28	70	39	24	91	37	40	24	12	32	50	72	51	97	10	70	82	41	38	16	1	76	69	72	59	46	19	35	97	88	12	35	86	7	87	10	89	14	16	28	12	9	10	16	72	31	38	19	86	100	88	1	47	70	46	67	62	44	8	56	4	76	32	73	2	67	28	95	91	65	100	7	78	96	87	61	40	99	50	18	10	78	82	54	30	12	72	51	70	75	81	39	95	80	
39	3	76	64	21	47	61	74	87	47	14	2	44	56	89	18	72	26	20	12	8	45	80	20	70	86	57	64	14	62	28	18	18	69	50	65	9	45	5	73	100	5	47	23	63	67	9	68	30	44	54	100	88	69	44	89	4	75	80	50	23	82	82	79	41	26	95	94	1	15	68	76	72	4	75	17	84	26	15	7	92	44	64	57	46	66	90	50	70	21	40	85	50	17	12	39	20	35	88	25	68	44	89	52	48	77	62	24	15	5	7	37	54	62	18	30	18	5	57	93	46	22	1	5	81	13	14	45	37	33	14	89	23	52	14	75	1	42	1	70	37	30	8	35	66	64	100	40	51	17	16	86	16	61	25	33	84	13	77	69	64	63	46	45	52	4	21	80	59	67	30	73	93	95	15	87	4	18	77	37	83	68	49	10	39	79	51	58	90	48	3	52	36	8	8	28	100	78	80	63	
56	35	36	85	93	79	92	46	5	31	70	30	38	50	37	24	78	11	82	5	67	76	48	59	8	51	64	62	39	48	87	55	97	97	44	42	34	93	12	68	93	86	51	53	10	92	28	42	74	49	74	61	53	70	93	97	45	83	100	35	25	73	45	79	32	51	72	48	17	42	4	27	89	47	81	36	25	39	100	45	10	31	8	41	93	53	46	42	37	32	74	62	18	41	54	8	49	48	50	55	9	41	41	78	82	67	60	31	9	46	34	59	7	65	99	63	38	72	14	32	9	59	30	50	23	56	20	63	38	40	98	44	87	95	75	90	97	62	22	98	17	65	16	29	84	69	20	30	26	62	97	37	7	72	49	85	65	47	7	82	13	72	60	31	7	18	68	48	69	7	76	84	40	62	24	71	69	26	4	23	64	33	62	74	98	45	14	84	76	58	98	10	60	13	58	69	61	13	42	73	
8	28	64	8	22	86	8	10	30	23	36	100	3	70	11	63	77	11	67	70	51	97	20	20	41	49	14	39	68	42	41	46	20	71	30	66	56	74	6	23	64	11	60	63	88	75	43	70	75	4	33	84	54	47	22	100	82	31	69	53	56	10	77	14	47	96	25	86	72	59	93	90	69	85	86	38	38	7	20	32	53	8	76	73	82	18	10	65	9	69	20	76	49	28	3	23	100	66	52	38	80	32	93	21	89	56	30	24	33	9	76	12	37	7	30	80	2	24	74	27	24	21	74	92	15	16	58	26	6	80	93	39	8	46	44	96	31	22	43	48	82	81	93	21	1	34	30	7	40	56	6	45	5	58	18	6	47	97	14	12	7	68	45	31	59	16	70	5	85	72	100	35	89	49	4	17	77	10	1	88	38	57	48	34	59	31	25	15	16	74	50	63	46	97	55	77	57	40	45	36	
96	99	13	30	51	22	79	88	93	75	88	12	18	61	5	79	76	56	8	98	94	69	70	50	18	23	62	48	42	66	78	11	6	12	73	34	76	53	35	4	80	73	27	28	82	29	33	58	29	100	46	89	66	98	95	20	28	80	22	27	98	51	1	42	55	59	42	89	96	8	49	100	75	54	83	52	5	14	65	21	17	71	44	4	18	99	37	91	32	91	92	93	93	69	26	53	39	46	44	91	19	80	50	58	11	28	21	59	56	42	42	29	45	53	62	28	31	66	3	80	6	14	16	56	38	9	89	32	23	97	22	45	69	34	37	56	23	12	36	17	71	6	45	92	91	28	60	34	16	44	69	30	33	80	76	23	41	86	17	86	98	66	22	43	4	54	41	80	2	83	42	82	39	48	49	93	30	86	21	53	97	27	52	98	20	15	93	8	80	22	67	86	60	78	87	82	85	41	41	70	
47	16	7	38	6	56	35	97	64	16	36	86	84	34	83	75	86	18	48	28	92	86	36	2	1	19	28	87	41	78	100	23	78	82	15	28	43	28	77	14	11	86	22	24	67	42	40	81	14	86	45	97	39	58	55	86	80	79	78	17	5	77	11	41	90	55	18	5	78	7	50	48	48	27	1	52	62	37	83	12	95	11	18	5	70	29	62	75	10	80	73	51	69	7	37	58	74	87	58	42	1	76	38	24	55	65	31	70	85	7	83	80	93	86	10	38	77	86	20	10	78	39	31	10	88	39	66	55	12	10	81	72	87	81	88	94	87	51	87	52	74	58	33	13	7	19	92	42	4	25	86	34	52	77	24	80	41	86	99	53	4	25	84	27	100	29	45	47	30	59	89	90	24	25	17	93	69	8	28	30	1	82	76	64	26	63	99	70	76	61	73	81	81	53	37	42	92	82	29	8	
33	9	25	5	40	46	75	88	48	47	77	68	8	76	96	5	5	41	34	22	52	51	59	23	37	79	18	55	46	11	23	4	68	24	78	64	38	63	49	72	97	81	23	68	34	31	74	89	36	68	26	75	85	84	52	88	84	87	48	36	3	2	38	100	24	82	68	43	74	84	88	50	16	98	23	100	99	54	9	67	15	18	46	87	93	15	74	78	50	38	52	80	20	35	87	83	10	34	97	28	54	9	83	28	21	48	92	75	2	26	69	26	13	76	85	76	41	20	39	82	33	52	74	48	82	37	57	17	85	33	6	58	1	37	48	93	8	48	7	67	24	86	10	68	70	29	6	83	35	6	68	92	12	66	86	42	36	66	40	37	42	12	39	17	68	68	99	74	88	90	39	11	25	16	96	92	18	65	75	38	25	52	55	31	87	12	52	91	69	26	34	62	55	91	55	6	8	68	40	76	
51	82	23	5	25	72	73	68	32	16	94	22	26	95	39	16	53	7	31	7	91	59	5	42	15	43	18	97	20	6	78	68	18	15	62	73	51	61	4	68	69	54	3	10	7	47	97	23	29	6	13	8	26	37	45	2	32	85	11	24	86	83	3	97	13	40	93	25	76	68	28	66	16	8	53	28	99	42	69	36	70	18	10	97	63	80	4	51	20	16	6	36	79	19	25	30	19	43	13	19	34	88	71	88	79	75	66	49	22	12	91	40	85	59	87	62	60	94	36	69	68	14	82	44	16	44	41	71	60	49	65	52	85	60	39	67	49	31	69	98	47	87	64	100	53	5	11	26	49	81	57	40	50	71	83	62	89	61	10	64	7	34	39	92	27	97	50	26	87	42	71	67	87	22	56	88	74	68	33	29	39	8	99	87	15	23	42	49	9	44	69	26	47	51	66	34	93	88	93	31	
31	30	46	68	56	14	51	83	67	71	69	20	29	15	40	69	76	86	25	84	16	16	55	32	68	89	69	97	71	12	82	24	15	95	65	33	89	48	6	86	30	45	7	57	13	70	86	23	63	3	84	70	75	37	38	90	61	89	4	35	32	61	7	68	29	91	94	99	56	39	51	31	74	56	44	94	73	30	52	26	93	24	71	10	47	53	51	35	91	98	63	48	25	41	93	89	79	6	83	85	54	77	43	14	7	72	35	94	72	94	59	5	43	69	70	64	80	93	28	28	16	67	24	9	95	6	34	85	51	45	21	40	64	37	6	10	52	17	31	14	46	50	33	37	52	71	56	21	70	16	90	27	37	59	84	46	1	53	18	49	11	1	49	12	25	33	22	52	22	92	75	100	84	56	17	27	62	49	22	20	69	54	8	71	49	95	87	67	47	93	25	14	42	86	99	22	78	33	14	8	
78	39	32	35	77	100	83	77	93	94	41	49	4	28	4	34	39	18	49	71	22	17	53	84	87	51	50	44	30	73	15	78	62	65	17	11	22	21	49	4	19	65	36	6	100	50	30	2	100	60	61	1	69	79	24	14	67	17	72	66	67	88	54	4	75	76	90	70	32	25	41	13	54	39	9	44	76	43	47	9	24	47	49	90	57	82	90	82	89	79	8	16	18	49	38	84	51	6	94	100	60	56	23	100	16	6	3	47	97	79	53	64	64	36	2	16	79	55	21	44	58	63	30	26	64	7	1	92	53	28	7	31	70	57	4	100	71	64	82	43	21	2	53	67	56	99	57	30	63	17	40	16	21	16	27	17	20	95	31	57	82	27	25	83	62	76	44	3	39	79	94	22	41	89	100	71	33	92	10	4	93	59	70	62	19	90	28	28	38	19	19	22	21	91	81	31	29	64	68	7	
77	95	37	72	99	52	82	23	42	49	67	66	68	35	32	100	97	9	52	99	8	87	29	29	92	89	65	42	66	34	28	64	73	33	11	85	81	52	48	16	50	46	64	60	19	67	99	44	92	12	23	70	42	37	3	16	75	69	44	61	98	96	89	54	64	67	45	41	10	13	41	84	81	93	93	3	66	76	70	100	44	25	27	31	27	84	6	76	99	41	96	28	92	59	29	40	15	60	69	1	14	14	11	51	76	64	38	9	14	67	2	91	92	48	9	29	57	4	77	63	71	55	81	93	49	69	82	80	57	53	68	68	79	57	98	93	1	57	3	79	57	47	69	83	39	39	67	62	22	27	82	44	68	16	99	10	83	6	68	96	51	88	98	96	14	80	17	29	87	93	96	84	32	51	55	49	13	22	52	6	88	33	40	51	44	78	82	57	9	18	84	5	67	32	92	33	45	86	47	54	
37	23	94	62	11	90	77	33	1	84	41	32	69	33	56	9	6	58	66	4	2	60	44	100	50	79	9	34	56	76	43	38	51	89	22	81	31	81	22	95	46	94	14	60	74	77	3	28	64	90	24	83	24	4	88	83	33	16	30	32	45	20	33	34	19	22	88	90	73	93	49	50	51	31	96	71	63	92	62	99	17	87	24	23	95	60	70	20	96	70	100	19	54	17	96	68	7	43	95	10	66	4	12	38	13	78	66	57	64	21	26	44	57	36	55	52	96	62	25	20	51	60	56	84	86	18	95	11	18	19	18	66	81	29	71	16	1	25	48	16	60	13	96	2	75	14	70	59	4	99	39	91	61	93	63	67	73	90	8	38	45	63	67	97	39	93	37	38	36	58	90	75	5	60	50	61	22	35	84	37	96	65	6	78	50	7	56	22	84	44	94	59	66	95	25	17	41	55	68	11	
43	65	48	31	33	13	7	64	24	48	86	77	95	4	46	53	85	14	2	27	6	50	25	96	87	31	45	93	74	53	28	63	61	48	21	52	81	4	12	74	67	14	5	80	87	32	39	9	90	41	34	21	90	2	71	54	34	88	1	54	43	68	77	65	74	13	28	39	76	96	92	46	5	47	90	53	45	87	22	29	43	98	61	29	46	20	59	61	69	43	88	65	86	57	12	10	36	19	96	89	2	23	3	30	19	30	93	7	42	44	63	79	93	26	42	85	35	50	7	76	97	85	87	76	92	57	57	37	6	33	50	24	88	48	88	70	46	85	28	80	9	74	19	82	8	68	97	62	96	67	20	81	54	67	13	16	33	28	40	79	34	62	88	78	37	65	100	1	40	13	96	82	59	51	71	72	89	92	1	62	66	72	19	19	97	92	75	38	40	21	91	63	17	83	44	66	10	47	93	17	
41	43	6	32	22	80	52	34	28	27	20	26	54	77	36	51	30	3	10	53	54	4	16	13	26	37	5	12	6	35	77	49	4	6	49	48	22	12	57	20	41	58	18	38	29	64	16	24	26	36	86	31	54	89	37	51	31	95	40	88	77	33	32	20	11	20	35	19	76	96	70	7	34	53	7	7	45	1	68	65	50	89	81	49	50	7	27	12	66	71	56	86	56	17	16	12	40	22	2	45	94	29	43	2	88	90	17	86	57	33	11	25	19	31	61	94	52	94	88	2	41	21	38	83	41	65	84	86	10	19	59	22	11	25	40	90	59	34	12	14	26	1	73	84	64	3	72	62	7	11	57	26	17	1	15	39	73	98	8	76	43	76	6	91	38	8	94	99	9	60	96	63	23	4	40	29	1	70	59	54	14	37	65	68	46	4	84	12	47	71	86	76	75	74	88	31	49	33	28	83	
31	45	14	14	18	3	42	37	81	63	39	64	70	97	87	38	90	78	14	4	84	58	46	16	51	67	73	68	23	4	14	72	68	86	4	16	95	74	20	55	5	59	48	88	94	26	96	11	73	45	79	35	98	2	99	51	23	45	47	34	77	78	96	57	36	46	38	45	24	34	97	53	86	71	3	41	7	56	82	68	56	13	95	76	30	46	91	60	82	56	95	28	84	3	4	34	55	66	69	12	80	44	54	44	1	23	82	13	76	76	79	100	2	61	6	13	47	2	68	71	12	60	36	21	14	78	34	14	70	60	66	74	25	8	68	52	69	39	21	58	50	77	49	85	85	26	42	96	58	71	54	39	64	76	82	97	87	17	29	20	83	74	66	8	12	13	95	85	31	20	7	35	14	75	38	57	9	70	10	86	10	51	42	43	48	36	67	18	26	24	90	90	61	74	7	27	10	72	22	12	
59	19	12	17	22	24	11	80	52	37	94	4	5	56	95	8	18	98	15	75	30	56	72	78	25	75	100	93	64	80	11	97	69	30	19	50	46	67	41	5	52	87	97	30	63	99	4	68	9	27	32	76	56	51	18	18	63	28	48	83	19	19	81	5	29	46	28	55	74	96	12	39	87	19	62	5	72	72	25	1	54	23	57	88	41	79	10	8	85	1	38	3	11	94	100	48	70	84	48	19	42	52	27	41	34	10	53	93	14	42	96	54	2	9	69	50	75	55	20	5	32	25	43	42	80	100	43	74	93	87	99	94	30	56	61	98	55	91	97	60	65	34	83	76	21	22	28	32	95	71	23	40	46	39	96	21	14	74	43	91	21	69	50	56	61	8	22	88	71	83	77	35	38	12	3	58	91	89	99	91	66	68	44	43	86	15	42	46	9	69	57	88	45	35	64	41	95	97	42	87	
67	90	97	64	30	45	84	76	53	87	79	15	16	95	73	12	74	69	63	40	12	2	98	95	72	15	5	86	11	73	86	81	54	45	65	46	94	14	58	59	87	28	49	63	62	20	35	89	52	51	31	99	11	84	87	50	6	56	24	82	31	46	74	78	30	42	59	27	48	34	80	34	72	73	64	33	41	34	66	14	52	56	6	91	23	75	46	64	16	71	21	29	45	38	31	72	79	9	67	32	4	19	63	35	6	23	24	86	51	24	83	39	23	48	96	23	9	67	96	43	94	46	83	29	12	57	60	19	81	96	48	39	54	42	100	20	54	71	23	74	15	55	20	59	73	3	37	38	6	81	26	33	30	59	69	71	57	75	95	49	49	18	13	8	92	88	71	59	34	19	4	15	79	59	98	89	48	31	34	12	87	85	16	38	78	91	45	54	76	56	100	70	94	14	95	22	35	61	80	96	
99	64	73	9	30	83	31	94	38	13	78	52	98	90	74	67	73	67	20	86	14	16	19	74	33	71	47	51	60	27	22	23	3	7	36	64	14	5	18	48	97	49	88	26	9	95	39	50	42	32	71	51	22	21	16	81	78	29	26	42	91	97	72	10	68	72	25	6	31	31	65	73	25	34	53	100	50	22	38	19	83	42	84	38	20	46	48	39	43	8	95	1	95	94	12	40	29	8	33	49	29	94	29	48	8	89	3	79	18	85	56	52	39	63	2	72	50	64	64	38	38	25	40	81	5	96	88	83	65	77	65	8	17	41	1	10	84	73	74	97	86	52	63	69	20	47	53	92	62	88	60	67	72	89	89	81	60	22	19	82	86	53	43	9	54	26	14	59	58	77	60	62	88	50	1	88	3	100	19	84	39	95	23	91	78	90	90	44	27	10	1	99	25	61	15	8	84	71	43	55	
73	34	59	63	55	73	34	97	61	41	30	2	5	79	72	29	34	86	62	30	79	73	10	21	39	6	23	53	63	28	24	68	10	57	6	60	60	80	38	88	30	63	26	37	80	85	96	41	61	95	46	92	99	72	55	13	62	38	48	89	43	43	95	12	17	42	83	53	14	50	20	93	64	66	72	75	47	40	74	99	85	82	78	48	35	64	77	92	51	87	85	1	2	24	2	57	62	11	44	95	15	28	23	76	37	61	82	61	59	67	3	56	29	16	55	76	26	12	1	82	61	73	73	4	65	93	91	60	9	47	48	22	60	5	97	9	42	56	35	21	30	89	39	9	85	69	61	63	64	49	54	54	7	32	68	95	6	62	22	59	92	94	9	89	30	98	89	51	44	84	53	24	81	59	32	87	62	23	41	49	80	8	38	31	32	75	100	52	29	89	56	94	41	79	3	66	25	59	12	100	
65	56	6	47	11	22	44	43	67	26	92	58	85	48	27	13	52	17	51	15	65	23	38	8	46	66	63	10	88	82	67	34	7	13	100	19	74	87	29	94	63	62	9	80	64	17	68	36	16	85	36	54	53	39	75	42	39	38	96	83	49	98	54	10	81	96	87	22	33	21	18	60	79	9	31	61	16	78	31	49	24	32	83	4	9	6	64	35	95	87	42	26	30	57	57	96	7	44	41	73	31	100	85	85	87	87	41	66	60	4	77	5	94	59	63	93	64	28	99	15	19	8	85	30	18	46	18	45	79	65	76	45	30	67	76	49	19	20	10	58	66	34	45	8	77	94	77	55	49	51	75	86	19	61	1	92	54	56	16	74	61	19	92	40	49	91	60	55	50	56	57	43	45	29	91	46	9	42	78	89	81	8	25	79	90	34	15	82	4	90	78	10	40	19	48	33	1	81	3	76	
25	89	78	93	61	10	11	70	41	89	71	15	35	12	59	3	12	71	87	77	65	43	3	91	5	4	67	92	75	29	42	31	47	70	50	67	77	32	64	26	99	20	95	85	17	97	94	81	17	55	14	21	90	87	26	40	87	28	85	38	42	34	33	62	50	60	50	59	1	30	32	43	99	85	55	3	69	9	58	62	16	30	3	49	38	11	9	69	85	92	55	16	19	97	10	83	81	21	61	29	91	71	77	92	93	63	44	13	5	85	6	36	1	24	15	66	22	100	29	29	87	80	22	19	47	9	5	1	47	72	37	13	91	96	27	38	59	79	68	10	30	81	1	94	39	30	46	38	41	38	73	51	65	91	21	100	86	10	38	86	23	69	46	36	73	60	17	93	55	85	99	52	83	50	86	4	93	46	30	9	93	50	96	6	81	34	57	56	95	37	76	72	56	68	68	50	8	76	12	99	
46	33	33	18	28	23	44	90	53	74	63	55	85	5	77	42	31	85	87	95	14	15	59	82	68	65	9	28	43	33	40	74	97	86	30	99	3	39	16	96	4	35	39	96	68	94	70	80	12	15	40	62	42	79	78	36	57	95	33	10	24	22	6	59	8	83	66	54	40	56	21	69	73	58	91	68	77	61	83	40	3	15	42	53	29	90	40	56	58	35	89	92	51	5	49	67	15	95	61	30	50	43	27	52	94	41	5	32	53	93	14	21	2	84	36	46	8	4	100	95	94	62	60	58	39	72	71	12	84	10	99	68	23	63	47	80	84	99	19	67	65	49	40	93	47	81	53	49	69	66	47	24	60	97	88	30	91	89	93	69	92	13	13	68	2	62	68	11	48	97	97	1	83	79	11	91	75	83	11	92	76	85	19	45	94	60	98	35	77	60	92	42	16	48	38	10	33	85	76	78	
49	50	11	52	90	30	45	7	74	61	13	36	78	44	73	95	100	81	52	80	80	18	6	71	20	38	68	42	70	58	81	89	23	23	2	44	28	9	24	11	68	89	50	41	36	81	80	64	26	61	59	86	67	94	7	37	39	27	34	43	88	22	39	16	85	49	53	20	9	10	19	55	46	75	95	2	3	18	98	7	68	21	58	25	59	100	40	22	31	100	15	38	61	15	75	87	96	67	16	14	59	77	36	68	27	8	19	18	40	6	21	89	17	18	51	95	82	35	47	62	85	95	49	98	52	14	7	16	48	47	21	79	29	33	79	57	85	32	80	43	24	84	44	24	43	23	26	61	34	37	13	87	37	55	32	52	25	30	26	7	65	26	61	77	95	25	72	44	1	45	47	20	94	90	74	48	76	41	90	36	46	27	15	7	11	48	88	26	67	73	9	18	56	17	33	89	87	53	47	37	
99	19	33	32	33	58	74	97	22	11	80	100	64	17	7	95	13	41	58	97	57	82	6	32	29	52	30	74	75	29	14	36	29	63	100	92	64	90	26	73	9	52	42	61	16	17	12	26	77	96	94	76	21	76	91	10	37	24	3	77	99	77	35	40	87	90	95	61	42	16	66	22	90	3	3	13	77	82	49	88	44	34	21	38	18	40	63	86	24	59	23	97	62	45	72	39	98	100	12	61	15	93	70	8	80	51	37	100	55	2	34	15	8	31	44	65	3	5	2	43	40	64	84	77	71	12	26	82	2	66	60	74	59	12	59	7	49	18	52	2	5	18	82	9	9	91	15	88	23	91	57	49	68	72	26	97	90	19	82	49	38	60	73	50	73	56	78	70	99	27	38	84	24	25	78	17	86	72	88	100	78	13	6	38	90	39	17	88	33	30	58	91	20	80	13	27	85	16	52	75	
52	47	83	76	67	26	47	71	56	83	45	74	30	92	14	23	65	58	31	73	73	28	11	22	90	26	44	49	4	100	86	68	6	3	60	12	90	41	36	45	27	51	32	95	85	55	15	61	96	36	49	57	90	45	57	28	99	16	100	97	85	32	71	100	89	37	15	26	48	32	8	60	31	65	28	26	28	88	58	13	5	20	18	62	81	22	24	19	66	36	34	19	31	62	89	37	81	84	54	45	70	87	73	86	44	36	83	7	20	89	4	55	65	62	4	79	14	29	84	17	79	62	43	79	18	52	84	22	18	17	77	18	57	95	82	14	73	91	66	34	32	61	50	38	56	2	27	92	53	86	39	64	41	16	84	55	44	31	40	64	20	88	56	47	78	67	9	35	46	83	74	48	65	73	77	79	97	39	8	31	39	44	10	12	45	11	100	27	25	87	80	28	6	92	38	65	3	83	99	55	
85	82	69	57	42	28	93	21	40	18	63	29	1	48	20	84	9	60	28	75	45	77	56	48	97	69	54	74	33	46	45	26	13	84	61	23	24	34	86	79	32	31	71	46	36	14	40	59	94	49	66	49	51	23	97	10	35	22	56	12	82	19	35	21	5	47	71	48	64	79	20	94	5	18	76	97	29	72	47	4	50	11	13	41	81	95	16	3	12	3	93	65	54	46	99	82	41	6	80	39	16	33	66	12	40	22	50	56	46	56	60	23	25	2	84	71	71	49	70	17	4	66	73	74	48	44	27	80	99	5	30	95	4	83	1	10	28	31	71	63	16	32	64	87	54	18	77	84	90	25	88	95	85	38	9	25	66	91	46	59	39	9	99	32	43	71	22	16	99	87	99	10	72	100	99	6	92	99	42	82	35	76	82	67	19	16	57	84	96	95	95	92	75	38	49	3	63	18	7	89	
95	18	19	40	92	68	56	17	72	16	41	12	12	16	3	93	38	71	26	39	52	71	47	42	58	30	100	61	84	89	97	75	8	70	1	70	83	21	31	35	76	99	51	92	54	21	62	86	76	57	49	81	49	7	52	69	83	35	15	63	16	100	96	92	86	59	58	56	58	78	23	33	10	87	64	2	72	32	55	24	95	75	23	63	58	17	41	100	88	16	15	65	71	55	42	88	100	99	81	6	87	67	1	31	15	57	29	84	47	16	18	13	33	36	67	83	11	91	10	31	16	60	10	45	31	47	65	83	71	15	44	42	63	35	76	55	84	49	34	81	55	98	77	95	66	57	83	56	22	13	91	18	46	77	69	19	100	69	2	51	45	67	24	67	19	20	68	29	29	33	40	13	35	41	26	95	98	22	24	73	74	46	71	91	22	62	45	81	32	14	18	47	84	85	3	93	44	42	53	88	
10	51	6	2	53	92	100	68	80	75	35	61	7	9	58	90	67	15	83	59	97	84	38	7	37	41	88	53	54	66	39	85	26	75	69	42	24	90	54	98	56	11	22	99	53	90	42	67	21	90	51	49	99	46	73	100	67	63	78	93	47	8	92	13	58	58	51	28	45	7	55	64	96	41	18	47	62	56	5	64	70	83	92	70	58	57	99	72	30	3	67	39	87	89	84	74	85	8	60	76	32	22	7	33	43	79	13	42	60	12	52	67	33	85	61	11	8	79	18	64	78	36	44	58	58	76	15	12	5	38	99	36	42	17	29	90	23	51	6	75	62	97	92	12	21	18	66	71	81	63	65	8	65	42	24	86	72	7	89	44	70	71	97	85	84	68	2	29	3	28	52	63	47	57	62	65	29	84	45	49	40	15	37	62	83	59	91	5	80	16	34	82	72	7	8	90	47	10	84	58	
48	31	75	47	52	41	96	40	83	57	29	54	21	75	99	22	64	45	90	90	66	52	90	95	98	74	69	70	47	98	58	84	37	37	79	37	4	2	89	2	51	84	21	72	39	87	79	94	76	45	23	7	46	27	26	42	70	69	1	5	89	64	87	7	95	86	40	47	8	4	39	41	52	72	97	39	27	57	59	29	87	48	44	6	45	70	12	35	95	46	14	47	99	44	62	19	43	54	60	50	64	78	82	8	62	76	56	87	76	99	72	41	44	53	67	98	98	81	80	73	33	16	92	92	69	85	6	15	89	38	39	46	10	52	17	4	89	43	91	20	97	69	87	59	44	62	1	70	72	93	5	50	24	68	43	59	20	32	16	76	28	78	65	4	89	67	29	63	69	87	16	41	82	78	87	3	67	30	22	26	36	30	72	23	48	6	68	73	53	33	11	20	39	89	1	77	10	41	58	57	
58	42	58	46	64	82	50	18	48	62	67	12	2	53	10	35	39	40	52	95	84	86	30	27	84	67	44	93	22	95	55	52	45	38	24	3	88	71	37	99	18	87	16	55	75	26	78	7	91	57	97	52	73	26	53	31	54	45	80	23	74	64	12	93	24	28	30	25	85	90	27	36	82	71	68	20	55	82	100	36	28	62	21	16	75	2	62	34	64	45	7	78	49	74	98	26	3	33	11	50	64	62	90	4	23	57	28	25	1	90	78	28	22	35	69	14	18	68	87	13	22	84	57	44	45	45	83	100	100	68	88	30	68	19	19	61	18	71	65	4	40	85	71	56	61	60	29	46	100	51	70	78	83	16	100	95	19	31	47	23	94	1	94	100	96	85	10	75	18	49	45	51	58	9	18	86	82	58	1	98	33	64	4	77	50	16	34	48	34	40	52	52	91	95	14	22	44	79	56	28	
90	40	74	27	48	100	11	54	61	96	76	92	36	61	6	69	13	41	36	76	93	90	33	65	98	89	89	97	100	20	86	88	2	90	14	16	83	54	51	51	18	50	81	13	42	40	36	37	10	28	10	69	100	42	31	38	72	17	78	58	90	6	41	54	14	63	87	94	43	82	9	31	76	74	88	91	63	44	92	55	51	94	58	41	30	11	49	6	82	83	1	16	48	14	6	70	90	79	16	37	81	59	1	60	47	10	2	87	51	28	65	43	72	89	15	3	25	53	34	48	95	72	65	38	79	18	81	78	35	53	23	26	99	58	69	97	36	57	97	56	39	79	14	94	75	51	44	25	2	59	58	2	77	80	17	24	43	96	54	19	4	98	77	89	89	30	83	23	16	8	58	48	60	85	88	86	8	83	35	5	74	99	50	31	80	23	64	59	49	68	51	78	20	81	26	48	70	21	36	60	
99	46	26	93	48	85	28	38	25	30	78	25	5	100	80	71	20	40	43	27	48	63	97	11	30	98	4	45	82	28	80	84	32	61	67	75	33	34	31	23	63	6	78	62	39	87	57	39	37	99	35	83	67	70	54	72	81	75	68	5	8	22	14	43	68	4	33	87	63	84	16	49	16	11	25	24	12	44	100	12	51	95	77	41	94	6	17	18	81	18	67	98	99	10	23	95	41	33	59	2	84	79	38	38	65	93	27	45	78	6	65	49	4	66	23	34	75	73	28	45	92	90	24	3	30	92	46	10	34	25	22	59	97	73	19	3	43	45	86	82	96	13	35	15	69	92	91	44	20	12	92	27	55	31	12	2	23	49	91	43	56	89	28	40	87	54	74	6	65	15	1	23	81	7	64	92	70	76	13	62	71	98	13	14	84	91	2	66	60	36	19	79	43	64	90	3	59	94	34	58	
72	81	45	78	10	76	7	61	24	34	7	46	76	24	96	92	98	75	34	90	17	33	87	96	85	44	75	83	31	80	79	87	85	89	17	69	16	88	95	45	28	56	29	38	38	28	95	27	24	16	22	35	63	69	45	17	75	60	68	45	61	100	81	63	93	61	19	88	14	23	65	35	84	6	90	23	56	28	69	78	50	77	20	97	80	83	98	29	70	6	88	76	21	86	19	42	57	23	5	15	13	58	55	98	33	100	71	66	74	54	47	20	31	57	16	71	83	64	58	18	40	17	66	51	99	78	62	83	74	45	48	28	76	76	76	15	8	22	3	19	70	25	42	15	33	50	7	68	81	26	60	86	93	20	26	80	76	89	35	79	29	8	40	93	43	10	86	46	28	54	55	65	12	94	57	66	72	46	29	61	71	65	25	57	81	8	69	9	25	38	34	93	74	11	64	79	17	64	25	67	
32	50	50	3	2	2	95	75	7	20	98	51	73	96	35	62	10	1	34	86	8	68	32	60	2	65	80	100	69	22	78	48	11	4	72	44	30	1	40	47	48	24	26	48	96	85	33	34	3	100	56	15	78	1	80	78	68	68	82	47	6	46	26	49	65	59	48	24	74	64	44	19	1	19	47	64	25	35	60	84	60	94	11	68	34	11	90	68	71	49	65	20	27	60	95	68	12	75	66	76	19	18	28	28	75	8	41	9	42	25	26	40	78	64	45	13	75	36	16	70	93	36	1	34	2	6	70	89	87	9	60	84	40	7	38	32	21	29	28	90	79	65	27	68	40	100	1	81	63	86	85	50	7	77	71	75	61	64	27	69	28	16	78	86	56	55	61	52	18	86	3	76	40	6	87	7	55	90	81	99	66	28	19	27	72	70	5	15	90	75	22	28	80	82	31	32	55	25	22	59	
30	64	42	10	27	47	82	74	29	100	83	43	13	27	68	54	92	1	61	35	6	47	29	63	15	46	50	35	53	27	17	36	24	35	66	61	32	54	88	34	83	82	42	89	83	38	10	43	77	97	12	63	93	5	23	58	5	45	47	29	89	94	26	38	72	9	85	14	29	1	13	38	15	67	45	23	85	31	93	64	41	2	43	5	10	18	64	61	12	29	66	99	48	54	61	44	14	94	67	62	68	85	55	38	22	82	92	54	4	83	97	5	57	89	51	56	35	87	8	80	37	75	98	45	39	56	63	77	34	56	24	85	94	65	34	47	95	25	40	33	72	31	47	14	46	24	20	44	4	64	51	82	68	86	33	97	76	72	55	16	80	97	65	15	18	6	52	21	39	7	52	2	80	37	54	92	90	55	59	5	19	93	29	42	41	25	100	17	48	71	60	79	34	29	70	48	51	85	6	26	
18	17	9	31	29	4	66	56	92	62	91	10	66	51	66	58	66	95	87	39	38	48	94	9	59	97	23	25	56	98	5	3	86	32	67	98	45	43	77	77	19	31	91	43	49	42	24	88	99	85	82	16	47	89	74	90	8	61	6	89	97	26	13	11	49	92	42	37	52	35	76	25	78	98	39	67	85	71	71	34	44	7	75	38	61	62	14	44	31	75	57	75	2	15	87	90	95	85	19	2	4	83	50	79	22	84	93	92	67	64	53	66	72	23	38	42	38	34	90	54	13	83	98	26	81	2	37	51	78	42	83	48	77	44	6	20	61	51	70	86	62	45	70	90	34	87	57	100	62	59	53	64	9	88	34	72	26	30	15	56	64	14	29	12	64	91	76	2	3	7	59	31	75	81	16	67	76	13	65	55	61	11	81	79	79	99	11	51	34	75	72	51	55	7	45	100	66	64	71	74	
96	55	41	69	22	11	65	46	12	18	53	21	48	75	66	63	36	26	30	68	27	39	13	53	74	96	82	73	10	51	77	2	83	61	88	96	20	68	33	78	19	46	97	43	98	34	22	22	77	32	19	100	8	64	64	6	22	100	46	94	26	31	39	13	10	36	78	43	43	51	14	45	76	40	83	57	44	44	70	46	35	77	66	16	74	63	17	9	47	51	83	79	85	33	65	55	71	51	49	39	18	53	31	22	62	92	33	45	61	1	8	94	43	72	49	16	34	57	5	96	52	19	82	88	41	28	83	95	7	70	81	40	48	18	22	23	95	75	47	40	41	66	18	34	51	64	70	23	28	91	2	73	43	73	100	10	81	73	70	11	42	84	66	46	26	15	21	28	69	55	50	95	96	96	16	11	40	92	73	34	30	17	24	13	41	71	40	69	99	50	46	17	20	70	39	21	55	30	5	52	
45	53	60	6	77	8	44	2	42	6	100	68	50	2	15	59	98	48	86	33	25	73	11	20	94	79	82	45	77	1	11	38	3	7	54	89	33	77	32	96	81	74	72	95	54	33	6	39	35	71	35	96	92	87	12	41	14	81	26	26	13	39	34	1	14	39	53	57	56	61	24	86	35	35	14	92	85	42	72	14	56	1	25	72	21	97	51	38	31	49	67	73	34	74	21	22	66	43	91	94	5	69	23	99	61	82	84	53	53	99	57	54	90	98	77	95	24	37	73	66	50	34	1	44	1	30	89	62	83	34	41	13	33	19	32	13	74	49	62	83	94	79	21	86	30	67	84	87	85	90	23	18	44	89	14	13	65	47	47	58	67	55	14	1	25	42	33	69	59	19	13	18	23	3	99	48	37	26	29	52	59	14	85	17	30	90	46	81	4	58	57	12	96	66	43	8	68	23	33	44	
47	59	21	17	60	21	67	11	23	82	95	4	99	47	28	53	47	47	79	46	81	22	11	37	16	7	79	79	14	42	41	100	97	68	4	54	34	65	20	57	5	78	10	12	10	62	59	16	40	100	21	92	13	7	93	54	43	63	49	38	11	13	1	78	83	35	65	49	74	41	57	24	100	1	6	7	11	90	100	60	82	78	9	97	31	65	30	38	34	54	98	82	17	24	60	14	58	37	100	40	9	42	62	60	36	79	66	40	41	80	57	83	50	5	5	60	89	8	40	61	61	1	79	45	55	25	41	12	81	28	55	53	37	9	64	43	21	89	99	82	51	66	4	69	36	96	28	6	15	45	47	34	8	97	34	92	4	77	47	97	9	34	90	22	5	91	68	74	4	33	47	21	2	31	1	70	24	44	52	54	72	34	65	93	46	82	64	51	90	49	75	33	71	56	13	43	68	81	52	41	
8	90	49	87	88	94	43	88	57	61	97	87	9	61	47	13	44	54	61	32	5	69	78	66	76	73	41	32	47	55	90	24	13	29	75	64	19	74	11	36	29	30	68	17	81	50	8	85	87	89	5	86	58	95	24	14	68	93	65	72	49	10	14	83	58	42	46	75	51	73	18	98	66	47	17	97	68	91	64	78	23	12	32	53	99	99	15	59	98	12	66	67	30	94	3	74	40	97	95	8	20	27	98	40	13	94	14	2	12	42	4	68	6	21	52	32	39	19	5	60	47	55	3	29	65	26	15	7	26	62	22	34	83	78	15	22	67	18	73	97	10	86	66	69	37	62	85	66	54	61	42	57	37	15	79	98	44	14	98	38	16	55	81	5	31	66	7	4	77	39	80	76	25	19	89	24	80	16	56	96	15	71	21	7	13	93	89	96	65	73	11	100	13	78	33	46	73	12	42	46	
71	61	1	77	96	78	53	4	15	11	36	3	100	28	6	10	67	86	54	28	67	2	39	18	94	37	26	51	96	59	55	82	40	91	76	67	22	13	20	46	46	42	72	42	96	60	83	49	90	37	47	59	58	86	28	63	4	61	59	9	92	36	39	35	42	40	72	71	13	25	31	19	86	1	53	58	36	94	28	21	13	10	84	29	56	59	92	33	31	24	29	32	45	84	88	69	10	79	83	18	69	57	13	13	69	16	51	53	45	10	7	87	61	55	99	55	64	35	5	49	93	98	63	59	60	34	35	99	56	30	31	90	30	99	19	80	60	32	42	88	69	53	53	69	72	45	74	14	56	88	62	3	43	38	23	61	74	14	83	11	98	88	49	1	16	9	88	42	97	51	38	19	53	1	36	58	67	53	75	35	12	42	89	17	1	100	73	52	55	97	39	67	89	50	70	59	36	55	9	25	
55	86	25	37	15	49	22	12	65	18	37	91	73	91	20	61	72	31	75	67	36	7	6	13	26	52	95	72	25	42	18	68	93	94	90	45	88	28	35	38	28	59	25	83	87	50	66	53	95	15	71	58	51	40	30	87	33	19	48	85	42	78	53	65	46	72	83	2	15	86	54	57	40	34	74	32	19	94	48	79	39	22	50	67	67	83	25	75	60	2	82	51	96	21	91	40	29	58	1	71	33	32	3	57	55	30	55	2	70	78	17	68	83	41	22	89	96	62	64	7	90	59	22	78	89	6	91	54	32	79	16	89	85	6	53	81	37	14	82	63	26	84	55	88	94	100	99	35	3	93	34	69	66	95	48	56	2	80	15	42	30	67	34	95	1	31	24	87	7	5	43	47	96	69	87	36	46	19	68	58	45	82	54	70	21	80	49	77	55	21	13	14	92	42	30	99	5	6	87	40	
29	24	23	61	34	96	11	71	76	62	69	57	7	11	43	11	1	87	62	69	30	21	3	85	37	33	94	48	86	89	5	43	25	99	70	41	90	39	19	45	55	27	6	53	22	59	54	20	61	26	48	56	28	47	25	94	87	88	24	14	37	43	57	49	75	71	2	83	99	82	73	91	21	58	46	20	44	37	87	92	70	100	78	7	16	35	19	35	44	86	32	36	31	85	1	30	60	74	53	79	33	77	9	67	50	53	49	28	81	22	52	36	73	63	33	23	17	39	16	3	59	83	5	1	44	72	80	32	95	30	20	74	31	1	27	48	61	46	38	45	75	16	28	30	16	5	74	57	76	34	78	55	31	98	79	91	40	39	22	49	35	15	18	79	70	97	93	5	16	59	53	57	86	46	26	41	1	3	39	34	69	79	100	62	87	14	92	33	90	17	67	32	64	88	95	20	24	34	64	84	
45	41	82	18	57	17	79	70	59	65	11	65	83	57	63	45	61	86	19	82	13	30	98	91	6	10	1	17	72	96	78	74	76	56	32	10	73	76	76	24	74	48	31	14	33	1	40	9	42	48	64	58	45	8	85	43	63	14	74	29	52	43	56	74	51	13	15	99	29	85	88	88	30	12	36	45	12	63	41	74	71	76	89	54	29	11	23	73	55	47	93	74	96	66	6	98	88	96	40	91	40	62	39	35	7	41	93	99	51	6	72	44	41	52	7	33	86	15	15	70	76	53	7	7	87	39	88	80	65	93	31	35	24	50	26	69	86	92	46	49	83	86	14	94	88	26	17	48	10	89	48	20	48	61	78	88	4	97	58	25	30	52	64	28	41	24	69	75	47	89	80	36	94	50	1	70	75	35	96	68	1	58	84	37	23	19	82	48	47	51	25	23	86	57	58	6	45	98	26	47	
45	7	48	63	71	69	33	24	90	63	7	69	10	49	21	20	77	21	5	81	84	64	11	17	5	100	15	42	59	8	7	84	68	39	25	13	93	96	96	34	96	34	31	50	21	30	56	10	16	32	79	78	7	4	90	82	84	23	64	1	35	51	61	41	73	25	86	82	85	46	98	33	68	92	31	28	83	51	92	86	20	73	85	31	78	70	58	27	45	81	31	93	73	13	32	32	8	71	52	79	52	4	43	99	30	72	93	39	57	59	12	67	76	98	47	40	13	20	24	11	4	34	9	33	84	69	8	94	79	11	40	65	49	28	38	95	24	55	8	83	35	36	26	52	55	77	90	44	28	5	52	11	28	7	76	90	27	88	56	83	45	93	53	27	17	63	96	2	48	22	57	63	39	97	93	21	36	53	34	96	54	12	8	52	89	71	42	84	94	30	85	18	41	46	33	25	54	30	63	1	
19	54	37	26	38	9	93	22	47	20	77	47	34	91	21	50	66	85	80	9	73	96	29	94	95	63	68	4	93	49	50	88	28	51	41	41	49	92	70	97	12	80	65	20	18	32	21	19	66	8	20	23	55	39	27	9	16	65	44	13	76	14	24	57	18	31	54	73	88	98	80	90	6	80	51	6	10	1	34	18	25	60	95	53	93	30	64	54	1	54	94	94	5	74	33	53	89	48	3	8	14	79	45	14	86	9	20	91	63	71	2	53	10	33	88	80	51	76	33	55	17	38	9	56	76	64	47	18	93	44	7	38	48	78	47	95	64	48	79	26	91	43	86	34	22	76	83	16	81	77	31	92	74	58	6	65	25	64	19	2	17	4	14	71	71	27	64	38	81	58	75	38	70	19	61	92	49	79	88	45	73	3	14	3	66	39	71	29	94	14	94	51	43	93	6	28	40	27	21	16	
37	41	95	100	87	60	57	86	24	23	90	83	84	15	72	41	95	85	81	4	35	44	81	4	15	9	76	27	90	100	48	50	66	31	13	84	50	46	7	53	39	34	73	93	60	43	69	55	22	60	94	33	64	41	36	31	49	35	19	38	25	45	86	24	98	19	57	91	88	33	90	90	79	42	15	8	72	40	56	11	94	74	92	47	53	66	79	95	35	83	61	72	43	37	71	7	14	33	2	81	2	87	36	48	65	94	49	3	87	78	50	67	17	25	42	87	68	58	27	84	60	79	30	50	23	80	56	21	53	84	81	8	30	58	50	19	83	14	25	12	32	89	1	15	55	74	46	40	73	71	93	11	92	80	95	14	59	10	51	56	42	60	34	20	39	58	25	63	3	61	65	23	92	19	4	83	18	43	93	24	12	50	42	57	30	15	24	59	41	17	71	92	43	58	94	89	8	28	83	89	
35	51	21	3	21	26	13	24	20	27	3	31	49	38	92	12	25	99	2	82	62	96	20	23	11	20	72	89	69	75	48	16	16	74	54	81	51	5	34	86	87	72	25	64	79	99	73	46	90	31	5	10	96	52	82	76	16	84	1	15	78	76	35	100	66	86	40	21	30	68	6	79	79	90	32	46	6	8	93	47	1	47	47	5	35	5	87	20	14	31	61	22	35	81	46	68	87	24	93	3	34	21	76	65	37	15	83	99	79	39	63	37	87	59	9	30	89	24	10	42	79	43	21	100	25	15	18	7	37	64	54	13	26	61	19	89	42	4	7	80	72	91	2	99	26	16	65	79	20	29	68	41	79	78	63	28	58	22	75	39	15	42	91	45	56	13	50	99	28	82	50	51	84	44	50	30	94	86	60	29	29	12	22	84	43	40	49	90	62	51	29	72	2	27	22	15	94	98	78	100	
29	69	6	83	39	8	41	53	34	91	53	89	95	55	70	71	57	60	55	6	73	57	14	19	75	20	4	47	85	54	27	98	8	56	39	93	31	47	53	71	19	73	34	66	9	85	58	75	3	65	18	87	41	72	71	74	11	6	19	67	98	40	35	1	47	1	34	58	12	92	80	42	90	60	60	23	71	45	22	46	52	14	44	14	9	25	73	99	3	6	98	72	70	36	35	46	14	93	50	39	70	11	30	23	51	92	90	20	85	26	7	37	80	75	73	10	66	80	1	5	36	24	5	27	92	35	85	92	75	88	78	74	29	84	80	48	11	67	88	22	15	37	46	61	85	97	72	4	71	88	26	35	44	66	66	20	84	73	20	8	15	43	69	45	75	55	49	30	65	87	15	44	70	59	89	60	36	61	8	29	77	67	85	42	87	8	41	98	42	80	51	3	10	42	43	48	18	47	25	17	
12	68	5	46	44	100	57	49	30	93	77	93	88	89	88	81	3	96	89	22	75	97	25	34	1	88	75	81	86	83	1	23	53	44	9	93	96	90	7	3	62	64	53	72	31	55	91	95	3	28	76	64	18	97	68	88	25	90	47	45	39	83	14	6	17	53	74	46	36	31	51	15	32	60	23	37	71	96	5	6	9	17	42	100	88	41	80	71	40	52	4	66	18	64	28	70	77	9	9	21	72	74	18	29	53	47	56	86	79	2	18	33	40	21	9	33	30	56	55	3	14	60	7	28	85	70	15	38	17	58	97	34	91	13	91	79	95	41	95	42	8	21	100	75	29	65	76	76	92	11	74	13	61	30	50	30	3	39	10	46	12	5	70	67	12	10	56	99	91	60	27	53	61	65	56	76	62	33	36	22	77	49	43	35	6	45	25	4	74	83	68	29	89	38	77	98	28	91	72	29	
89	19	45	78	89	31	53	86	32	68	31	2	29	40	84	63	41	40	63	25	87	9	48	85	62	89	17	36	38	52	52	100	28	94	44	3	71	53	7	41	5	33	100	75	61	3	68	2	13	26	97	2	47	39	20	91	24	23	64	23	67	57	92	7	97	58	32	20	45	28	6	8	46	23	37	54	1	94	19	17	44	98	56	55	62	96	5	28	56	50	53	43	37	98	95	58	79	98	69	32	80	60	46	89	41	91	31	23	48	67	70	21	60	47	41	71	69	1	22	43	79	28	66	80	86	55	4	70	74	95	96	47	85	78	97	35	87	38	82	78	100	16	10	91	48	26	83	80	68	36	53	23	65	96	9	37	20	28	95	7	82	76	44	27	57	91	59	94	44	20	65	8	72	79	88	94	99	45	49	44	13	34	37	79	57	53	86	38	62	37	41	24	19	8	8	21	29	99	55	3	
71	12	65	88	61	72	72	96	58	15	95	74	79	69	92	25	92	65	7	50	57	13	28	77	18	29	84	25	38	5	62	99	99	73	76	66	63	45	45	7	72	41	50	47	16	69	77	3	77	28	29	72	62	27	55	63	12	56	25	85	85	44	85	11	68	36	19	44	12	83	10	72	6	71	71	1	98	14	100	95	71	13	51	48	90	92	53	81	19	31	55	98	15	13	46	37	22	83	27	73	35	32	16	21	3	79	49	62	82	82	64	54	99	68	44	87	51	88	68	1	68	9	44	73	8	20	30	10	70	60	40	82	8	3	9	75	93	74	36	42	80	48	76	11	72	38	15	2	48	90	46	64	6	18	39	32	45	53	33	54	26	80	41	22	23	59	99	22	22	45	92	100	67	67	62	60	78	57	27	4	18	54	61	12	41	94	26	61	69	15	22	28	46	100	18	14	12	13	88	18	
11	57	18	64	45	77	24	46	15	59	47	60	53	78	13	66	91	22	67	92	5	59	29	14	49	82	26	39	7	14	37	54	42	30	43	76	92	87	1	56	72	34	22	40	78	9	61	18	82	88	72	32	56	57	82	44	44	28	35	31	71	44	42	90	91	94	94	37	63	51	1	40	8	45	96	94	14	86	45	75	30	76	12	61	17	48	58	65	45	90	73	50	12	65	27	58	99	92	73	2	89	61	33	76	79	48	83	8	61	27	1	48	54	94	93	60	42	97	76	63	28	31	36	94	19	25	33	94	51	36	100	46	56	94	77	62	75	19	71	56	1	14	19	71	39	51	18	47	90	9	71	59	97	8	25	9	13	87	35	13	66	60	53	37	81	14	14	20	61	81	69	38	73	23	3	88	77	9	42	47	86	36	98	76	41	70	13	92	88	70	10	55	47	42	87	1	59	75	99	28	
48	27	54	93	34	76	45	43	9	11	8	56	16	73	87	17	10	48	83	52	9	30	46	93	87	79	15	100	20	65	83	9	69	52	47	70	62	22	68	82	25	66	38	74	31	58	83	98	49	58	47	55	5	59	100	92	100	69	60	93	71	70	72	100	64	28	48	87	41	92	34	56	93	22	5	19	100	45	43	14	42	88	75	76	22	68	91	59	16	90	52	30	16	73	37	61	90	61	29	38	51	22	34	2	69	61	1	80	98	48	53	74	88	50	29	71	59	58	58	42	25	95	15	70	12	46	33	54	60	36	49	22	99	67	47	26	64	38	68	60	13	39	40	54	35	23	38	2	3	22	15	22	95	21	31	1	48	65	16	15	61	55	28	91	29	39	14	46	78	63	32	35	32	85	9	38	67	50	9	66	98	25	81	20	40	1	26	8	72	5	33	70	17	18	42	71	61	63	92	24	
42	70	4	88	50	98	65	20	59	36	87	86	31	61	74	90	43	75	70	77	82	30	78	69	30	36	7	45	32	21	12	67	36	26	9	100	99	29	65	68	1	14	19	99	49	62	40	7	88	13	4	24	64	29	36	55	12	78	84	64	34	46	14	60	78	21	79	92	74	86	18	11	47	46	6	17	95	75	14	22	47	78	12	75	50	31	82	94	90	82	3	22	17	46	66	25	49	69	72	12	70	39	97	52	8	12	54	16	22	41	7	62	75	32	64	17	36	77	69	98	67	38	6	18	51	38	51	28	23	24	38	31	13	19	64	88	60	79	28	7	20	65	72	9	25	22	86	68	68	27	57	86	11	65	79	84	20	10	72	17	84	24	90	49	67	83	54	33	43	90	94	45	23	42	25	51	69	23	36	81	16	58	45	80	91	2	50	79	74	21	3	16	55	55	87	66	48	99	72	73	
80	62	25	1	30	13	67	88	65	42	13	84	28	84	34	32	69	72	65	10	92	34	77	93	34	34	92	10	53	17	95	15	70	93	24	44	17	43	50	56	54	52	83	85	24	16	3	68	44	5	50	95	70	87	28	51	51	50	60	41	44	35	56	82	23	13	39	70	71	20	25	94	1	52	9	44	71	30	42	47	72	54	16	64	52	14	20	81	88	100	3	29	79	90	98	42	18	3	15	79	12	18	88	80	51	78	61	98	43	93	77	12	22	40	80	76	28	67	60	17	43	94	66	18	34	65	21	11	51	74	37	68	97	55	70	53	60	93	90	96	80	78	68	100	25	100	44	83	27	30	24	39	7	15	14	27	18	94	8	40	53	86	98	32	84	17	91	80	61	96	73	87	72	70	53	5	47	12	6	49	78	70	25	87	46	59	45	88	92	32	72	71	19	59	47	25	80	20	67	66	
29	47	61	25	86	65	38	74	87	81	14	15	50	7	94	78	49	75	55	57	97	22	49	13	23	2	44	31	8	71	11	18	18	24	47	25	87	98	89	13	23	56	42	82	32	30	15	21	34	20	11	75	83	48	62	94	95	77	94	2	7	77	1	78	12	10	22	100	76	73	60	74	47	14	17	98	13	76	88	78	54	63	61	32	42	24	31	3	19	20	12	44	48	11	59	77	75	18	26	45	83	2	44	81	65	88	63	22	22	3	8	37	54	25	53	48	55	45	97	65	2	51	46	26	77	68	33	16	100	93	47	9	25	84	88	3	16	55	30	2	62	67	52	57	6	9	18	54	27	52	63	13	60	67	81	24	30	32	36	29	81	96	62	76	69	20	57	14	15	78	25	30	34	82	59	83	77	39	26	92	89	87	53	31	47	24	65	29	44	10	26	20	49	4	60	30	70	65	12	32	
67	89	88	66	27	33	19	54	51	88	53	24	58	83	100	89	8	93	83	25	80	79	38	28	79	31	64	8	76	44	18	46	10	71	49	27	24	61	81	95	57	6	84	78	83	3	42	58	21	18	13	23	92	44	21	58	77	20	11	43	75	66	25	9	32	84	50	78	89	85	95	92	47	44	42	56	51	12	75	12	16	61	32	96	66	50	67	58	48	99	20	60	55	26	86	76	28	26	37	63	88	9	15	4	41	100	75	89	66	36	20	39	72	84	13	90	12	90	66	18	29	52	4	2	22	78	79	28	38	98	23	100	45	80	91	15	7	79	98	82	63	55	93	35	56	90	100	18	99	40	50	41	65	23	96	50	49	87	99	23	94	95	45	76	65	18	72	48	4	32	19	91	48	33	20	63	81	17	99	36	29	42	82	39	49	44	7	67	6	24	63	4	83	67	61	80	62	43	83	64	
26	75	53	50	23	32	52	29	8	53	80	61	76	98	72	21	25	39	61	11	92	75	26	12	90	50	57	41	73	4	5	87	97	10	90	31	23	29	49	76	88	91	38	48	4	49	53	25	38	62	41	63	70	6	16	41	41	97	68	5	38	16	72	97	53	29	67	7	54	31	53	47	5	14	100	55	48	61	76	75	64	32	96	45	91	100	4	33	83	70	44	23	46	25	7	6	64	25	3	13	91	85	86	15	24	31	59	13	83	18	41	25	2	7	46	39	98	45	64	95	23	73	35	13	83	32	33	73	28	82	96	71	94	49	35	27	10	5	73	100	88	6	83	48	80	73	34	84	21	41	85	77	63	93	89	24	56	69	52	9	13	100	18	50	66	84	32	19	29	71	69	1	18	55	48	20	30	35	46	50	98	37	62	83	18	22	31	13	94	84	86	38	55	68	70	48	21	81	10	5	
49	32	40	88	27	76	59	93	67	20	38	58	99	8	81	23	92	26	18	39	80	19	24	39	98	3	46	93	82	18	70	93	63	47	57	27	95	46	50	30	41	23	20	35	9	38	29	59	18	81	81	58	58	45	75	30	94	80	34	10	61	74	21	31	99	56	67	16	29	78	93	53	35	9	88	62	90	17	22	50	52	42	66	91	38	85	46	32	100	49	19	79	1	15	60	58	37	68	39	33	2	23	2	29	6	73	1	46	76	26	62	9	71	60	91	49	21	100	67	64	73	71	39	30	84	50	95	91	46	25	66	43	13	93	98	20	73	53	13	48	85	86	80	14	14	22	3	80	14	60	52	41	46	75	48	44	3	57	60	40	13	10	90	73	72	14	9	31	48	73	96	18	94	95	89	54	2	52	22	97	98	99	37	39	88	43	74	46	35	71	66	35	44	46	95	17	96	73	37	36	
87	98	53	95	80	95	95	58	69	18	16	92	50	97	58	93	3	44	49	88	58	87	60	45	46	86	66	53	18	99	29	15	80	53	82	84	60	20	7	46	79	75	46	64	6	11	90	100	40	22	95	17	57	70	2	11	6	83	11	18	62	63	97	65	99	59	83	35	11	70	30	66	5	25	41	96	92	48	68	31	14	24	50	100	85	84	53	93	12	74	42	28	66	48	95	26	74	99	9	96	30	73	8	40	65	2	51	45	77	69	57	24	89	62	66	25	80	91	7	16	100	50	67	66	85	57	30	38	97	5	30	72	63	96	56	35	51	11	26	24	77	88	44	41	6	1	69	2	53	8	82	9	48	89	59	41	33	54	34	19	69	35	79	99	33	60	17	65	23	85	69	81	84	24	21	59	83	100	14	92	100	77	52	28	70	63	56	49	68	10	14	56	7	10	95	75	12	71	80	47	
76	30	29	30	88	2	23	91	33	59	83	12	21	2	44	76	39	86	9	47	79	16	4	77	54	38	90	46	10	37	62	74	4	51	90	6	70	59	27	91	10	46	48	77	64	9	40	40	63	24	16	41	99	12	62	49	17	98	90	64	14	17	51	30	15	92	25	19	23	58	64	79	87	73	80	5	53	58	91	82	20	31	67	4	46	53	98	75	19	15	42	21	18	77	54	65	46	1	76	67	20	71	28	25	50	25	52	12	15	77	91	90	57	90	32	42	29	31	42	71	85	66	91	38	90	44	77	3	56	17	63	66	9	77	49	56	15	1	96	47	79	92	54	52	8	34	69	7	97	76	8	93	95	73	75	66	24	26	77	20	90	100	68	36	96	9	58	4	26	83	49	90	71	60	96	23	94	47	87	67	95	13	88	64	28	49	91	60	17	71	23	12	95	8	96	77	83	42	26	25	
38	82	63	6	48	59	84	81	39	40	71	27	66	57	45	59	2	6	90	85	89	82	47	97	86	85	50	42	65	91	75	78	51	35	82	76	20	61	12	60	8	64	39	92	35	69	56	22	86	19	3	100	72	35	34	6	18	29	68	61	44	9	38	38	59	33	75	35	73	27	54	95	20	99	71	28	81	65	59	94	81	3	58	33	32	93	75	53	82	98	26	81	32	55	46	1	82	28	9	82	46	35	15	57	78	33	58	50	64	84	36	84	43	65	49	30	64	18	76	71	22	43	81	84	35	10	28	86	61	92	6	86	74	32	69	7	72	62	30	65	71	7	66	70	8	31	64	32	70	14	18	77	22	85	44	11	4	49	24	7	50	12	73	50	3	48	9	96	18	15	45	94	86	86	99	52	64	62	59	16	61	1	96	21	100	63	8	41	89	2	5	79	33	44	33	73	69	55	9	37	
3	88	12	29	22	96	95	93	13	16	72	3	86	52	82	30	16	58	93	91	43	97	74	28	84	69	70	37	9	32	10	50	20	91	89	99	96	69	66	82	85	16	43	51	95	85	58	31	24	66	12	88	30	95	64	82	81	70	71	12	31	47	31	34	98	31	60	44	55	45	1	35	14	3	40	56	19	45	16	90	88	19	48	83	100	12	19	82	22	38	83	74	100	36	92	56	95	87	98	95	60	30	44	20	52	79	80	72	26	57	90	50	34	7	41	82	60	6	44	64	32	63	98	42	21	16	15	82	18	70	6	86	68	71	32	76	41	24	67	52	68	54	21	39	18	71	40	27	71	1	45	81	97	6	46	76	65	10	9	47	19	16	25	89	66	88	59	2	51	93	71	5	61	49	43	86	80	73	71	23	24	73	43	74	40	20	98	78	74	72	94	25	32	59	2	25	2	84	94	11	
61	58	57	25	23	99	81	29	18	43	61	52	62	10	10	15	65	91	83	72	66	87	14	20	76	59	21	32	69	91	80	38	16	98	79	41	70	43	71	56	1	71	8	87	87	92	35	100	59	36	3	16	3	46	45	83	18	6	49	29	75	51	49	54	12	24	2	86	47	81	54	83	31	6	52	50	31	90	90	82	100	20	99	70	49	74	15	98	38	48	43	52	10	30	15	34	7	94	42	46	2	12	30	44	82	80	28	31	31	39	90	5	72	95	11	76	18	43	23	80	92	39	57	10	32	21	56	25	54	38	66	47	69	92	85	88	18	6	83	81	96	61	44	24	12	29	40	58	36	28	26	18	30	66	98	19	45	13	54	1	49	24	31	36	29	7	50	40	45	34	11	99	9	94	70	11	29	86	76	98	94	51	25	43	33	14	31	54	65	40	66	60	25	60	10	12	40	48	63	69	
8	67	85	28	67	40	80	26	73	3	34	36	42	58	15	34	97	68	47	5	97	11	16	68	78	20	40	74	20	92	73	52	6	63	8	96	100	88	56	95	38	21	95	85	42	55	89	15	23	34	93	15	67	14	7	1	67	88	65	66	57	83	67	98	66	29	82	32	93	31	94	61	61	98	4	53	55	73	52	3	3	12	20	44	19	42	42	26	83	43	12	95	54	92	45	35	71	4	46	48	41	16	64	100	27	43	22	13	32	96	99	29	52	97	60	35	44	48	67	39	70	68	34	23	39	75	48	91	68	93	74	75	66	40	83	21	99	88	37	18	36	44	47	47	46	60	69	21	35	8	57	27	97	25	57	39	54	30	10	90	63	42	65	97	100	33	5	98	74	26	90	47	79	71	90	25	99	72	82	79	57	68	91	73	7	85	78	88	9	49	5	97	46	39	90	40	77	57	3	17	
17	98	29	67	39	22	81	98	44	61	88	86	39	37	45	95	1	80	66	92	24	93	77	46	44	73	85	62	76	93	51	80	36	48	16	28	19	65	86	28	3	29	1	1	26	16	92	38	97	19	65	65	39	47	78	16	98	76	20	99	75	79	73	82	67	32	51	36	74	93	94	72	22	72	66	43	98	50	30	22	29	44	60	23	79	28	21	81	74	52	95	23	98	59	67	93	84	92	6	16	91	87	61	63	5	85	13	79	51	75	89	27	45	21	6	27	21	53	6	1	71	63	75	9	37	27	15	48	36	85	65	89	69	81	90	98	6	58	75	29	69	58	89	23	30	15	59	67	48	71	43	28	26	35	91	20	38	63	10	49	66	100	3	29	23	57	24	64	16	32	87	47	52	21	6	6	54	10	45	35	78	84	1	7	14	29	66	1	84	62	22	1	58	18	52	68	62	90	65	88	
49	22	48	64	80	77	33	42	9	96	71	3	82	73	64	88	84	72	18	85	24	88	28	86	100	35	50	18	49	93	69	20	79	25	18	92	54	86	56	84	11	45	95	2	30	19	51	61	62	31	54	71	87	99	49	48	99	21	27	48	2	85	34	17	30	45	96	31	96	73	5	43	35	70	18	37	15	12	16	17	79	48	55	46	1	66	18	32	100	10	54	98	84	88	92	55	90	2	58	21	9	29	44	51	75	31	100	38	23	40	19	60	52	58	47	18	63	50	22	70	48	54	56	82	73	90	99	90	37	8	32	81	20	55	22	10	65	98	78	80	90	46	11	3	55	39	9	17	49	51	98	13	94	87	64	17	100	60	75	84	32	53	40	57	55	69	65	51	9	1	73	81	75	3	26	80	71	63	91	27	66	30	16	50	12	74	75	10	98	36	40	99	10	13	19	64	47	6	9	61	
82	56	39	25	31	76	51	3	88	9	48	21	99	58	88	79	2	72	35	51	47	54	27	20	52	14	17	41	28	69	7	35	19	41	49	59	17	57	17	3	94	38	94	24	57	97	5	15	45	62	46	55	89	44	74	14	10	86	60	54	15	33	74	24	94	84	21	85	66	13	74	37	81	36	64	98	13	65	73	46	90	11	26	25	15	48	77	55	36	30	92	59	88	33	26	62	77	56	24	40	78	96	19	72	85	38	82	94	38	20	40	76	15	77	46	45	97	46	44	84	76	69	53	78	59	37	84	56	23	87	72	14	50	95	9	74	36	3	66	10	68	93	58	66	4	77	14	97	8	83	24	96	11	24	44	94	58	63	53	80	35	28	18	76	59	91	54	30	48	90	19	65	32	88	50	71	92	11	84	94	87	43	18	91	17	88	33	6	24	61	5	19	56	28	80	49	27	73	75	77	
35	18	55	88	56	82	9	52	74	25	41	64	31	54	95	22	43	43	13	40	12	53	30	7	34	29	12	54	3	26	37	87	25	93	38	29	96	12	16	4	100	31	12	2	57	10	49	75	72	89	99	42	84	62	98	6	23	19	95	61	87	65	21	60	3	88	91	1	6	32	33	71	46	35	28	95	46	27	37	66	98	59	86	7	60	95	54	46	92	15	45	67	92	26	29	64	56	15	11	85	67	67	15	98	98	53	61	21	63	91	94	46	10	100	59	62	36	76	22	5	12	14	69	18	71	3	92	65	56	54	73	48	35	45	57	64	22	13	26	83	57	65	88	5	5	34	94	72	30	19	74	17	5	37	77	95	91	88	98	52	56	10	61	49	45	66	84	84	65	26	37	41	94	69	70	12	26	40	84	62	39	56	71	66	1	13	49	15	90	62	65	81	7	23	38	76	65	58	10	34	
51	63	45	73	84	41	50	55	98	24	48	80	89	13	100	64	57	43	27	81	41	63	21	9	90	45	39	8	23	53	58	83	30	89	84	40	68	10	12	34	48	72	40	57	96	83	67	87	39	37	82	88	74	19	26	70	95	42	68	44	90	55	22	14	74	69	40	30	98	32	53	7	68	46	70	58	37	58	61	25	42	77	76	6	58	26	65	1	56	34	35	93	55	62	64	18	93	39	37	34	54	94	90	46	97	98	10	9	55	81	40	18	22	44	28	75	25	88	9	82	92	64	54	51	67	58	100	75	42	20	13	55	53	58	37	7	19	40	67	16	28	74	56	44	97	57	11	45	15	70	87	43	6	56	15	77	68	33	42	48	82	30	73	12	19	61	7	63	16	91	10	78	28	41	14	88	68	57	81	72	20	65	10	91	8	46	6	12	82	86	57	14	59	69	86	4	61	30	20	53	
31	32	94	12	55	38	66	46	74	59	52	85	49	72	76	33	47	54	51	54	89	79	34	96	83	12	20	49	100	39	74	10	19	79	51	15	7	36	40	55	70	79	29	62	7	81	15	96	98	81	41	100	85	43	3	90	41	57	12	14	95	71	66	58	40	10	29	60	88	8	89	14	87	14	77	79	22	99	90	49	18	75	28	64	37	74	46	82	95	7	71	84	90	77	56	93	43	11	4	52	48	66	81	55	89	24	37	87	15	89	5	10	83	18	46	49	51	34	47	78	6	4	96	14	17	91	52	95	39	77	73	79	68	30	25	17	33	63	89	90	36	58	79	100	14	49	87	18	78	30	40	32	78	25	31	98	28	48	27	22	21	62	83	25	38	82	12	6	48	15	92	15	10	64	44	25	86	91	25	78	1	51	50	3	16	13	4	63	80	34	31	51	51	46	62	96	82	13	47	85	
26	23	62	54	92	13	49	83	57	49	90	2	49	95	13	31	60	66	72	45	53	70	89	21	18	10	35	48	66	46	87	34	43	6	6	60	43	19	22	66	84	9	8	11	44	21	95	67	100	84	6	99	8	54	33	79	33	23	75	94	85	51	43	37	97	79	58	74	96	71	48	33	24	93	9	98	83	92	61	69	3	18	26	25	68	99	1	28	87	94	4	92	2	56	15	39	11	96	7	26	12	88	37	48	94	32	63	58	69	30	27	63	87	7	41	3	41	61	100	91	89	75	86	77	54	92	26	11	33	97	98	88	93	70	74	9	98	18	15	35	19	78	12	44	7	99	11	58	42	77	6	58	34	12	83	51	65	11	18	51	57	52	56	64	47	87	82	42	2	91	98	26	91	97	87	87	57	27	9	47	15	61	60	92	36	63	41	68	2	83	2	40	58	51	46	62	80	55	98	93	
88	3	84	76	11	40	2	83	44	36	13	46	62	83	76	18	71	31	70	90	40	25	42	62	10	54	88	50	52	44	58	97	13	83	94	69	95	96	2	69	48	67	33	44	41	61	61	16	12	54	80	81	60	60	11	16	59	5	66	67	19	49	91	100	95	83	1	53	40	52	3	2	93	50	9	69	27	73	29	72	15	26	37	3	39	9	76	9	98	42	46	6	58	24	11	37	4	7	70	80	20	95	56	9	51	34	67	70	38	51	89	53	44	34	91	13	48	8	25	24	48	49	27	96	14	99	34	75	90	63	15	5	81	71	17	25	7	44	82	7	85	53	56	98	84	17	75	25	31	38	33	90	90	95	37	17	63	19	87	35	62	60	47	53	45	96	99	30	3	17	40	52	12	84	30	14	36	84	61	6	49	41	62	8	72	78	59	55	55	24	100	86	12	16	50	66	14	41	6	55	
96	54	37	69	20	63	42	67	65	14	81	85	66	13	97	43	29	29	94	72	96	24	32	33	93	15	25	55	38	91	42	28	19	85	100	1	10	89	45	12	19	32	49	95	73	29	30	14	61	45	39	6	76	50	50	37	2	15	76	62	2	39	94	40	8	18	71	79	91	79	8	81	3	39	21	32	73	2	38	12	79	45	63	13	33	96	67	82	95	46	48	16	21	40	85	34	52	26	80	20	12	88	62	18	77	93	80	58	98	80	33	25	73	63	77	5	65	18	40	65	42	63	29	73	56	48	87	59	36	40	1	31	86	47	6	89	92	7	40	11	93	44	79	43	89	1	89	94	14	14	56	63	31	88	79	17	65	18	58	34	77	93	20	52	37	33	75	20	5	31	27	19	92	93	82	100	21	41	100	82	46	63	43	63	83	26	42	76	87	82	48	31	52	76	17	95	92	76	60	57	
55	58	78	38	87	17	18	45	49	8	26	67	89	6	32	57	73	88	89	15	79	93	34	75	74	22	68	9	80	19	1	54	34	54	60	14	66	2	94	80	42	4	29	15	31	91	50	59	15	70	16	87	32	64	64	81	84	13	19	68	4	18	5	9	20	69	33	33	40	52	14	2	34	70	72	80	35	89	51	70	12	83	88	91	2	30	20	46	60	2	41	91	9	78	67	54	48	12	20	12	93	61	15	27	84	25	94	50	19	26	28	47	7	21	82	59	43	83	35	13	51	81	100	33	10	34	62	77	93	75	72	89	40	59	21	7	96	87	39	75	8	49	70	98	37	18	70	90	31	54	63	33	73	57	21	40	83	23	12	22	37	46	7	82	80	63	7	21	24	69	61	86	90	9	48	28	33	61	22	46	63	75	85	30	29	43	93	80	84	6	4	95	54	72	63	8	87	47	19	69	
69	79	31	29	31	75	64	68	55	24	95	29	66	23	80	75	40	13	30	94	41	93	49	36	43	33	44	41	32	80	76	9	88	77	56	14	4	23	29	44	52	19	94	28	100	71	43	77	93	87	33	67	22	78	62	59	79	58	18	85	83	53	69	42	27	57	32	77	62	4	79	87	21	11	74	60	32	61	22	39	18	2	9	85	23	73	71	35	30	12	16	87	29	96	67	94	66	88	95	88	61	9	59	27	11	42	87	23	65	59	1	63	5	62	83	86	56	58	75	16	81	20	81	35	44	36	88	32	80	23	31	42	60	8	90	56	86	82	13	99	23	22	61	54	18	21	6	73	95	53	99	38	56	25	64	83	95	58	95	3	25	62	1	41	63	60	17	18	12	30	74	59	20	17	63	33	23	65	30	88	83	38	43	16	54	65	23	2	11	23	25	65	33	66	27	37	50	26	77	1	
5	86	50	96	57	32	52	59	38	2	61	35	35	44	74	29	11	51	74	20	99	51	52	30	7	29	89	41	93	50	38	83	71	43	23	11	12	3	43	54	27	63	29	23	85	77	27	36	70	73	66	1	7	82	90	1	38	55	28	55	50	31	23	62	98	13	3	9	39	43	45	36	76	30	18	46	16	33	34	97	88	44	15	86	2	8	28	15	44	30	64	61	44	19	15	90	81	37	56	62	15	59	61	18	91	46	34	75	10	38	32	81	54	47	20	39	80	60	34	31	23	59	60	38	98	69	50	56	34	89	26	18	37	58	61	37	15	39	98	57	67	45	34	14	29	70	90	8	88	21	8	33	47	59	76	62	35	49	6	43	20	1	71	97	26	12	46	76	25	99	49	78	40	51	84	54	83	48	84	93	21	6	78	41	58	72	99	54	83	30	70	56	96	90	72	99	53	42	30	20	
70	11	5	32	40	17	26	87	95	51	10	1	18	56	50	23	85	90	42	51	93	71	79	61	92	40	52	78	21	58	24	28	88	14	100	51	38	30	2	44	41	35	48	76	85	92	52	68	8	86	12	31	33	8	4	60	38	98	28	38	79	22	99	60	40	13	57	67	35	99	14	48	65	23	29	89	21	76	2	52	80	81	4	15	29	40	25	57	20	44	100	63	51	72	98	46	55	48	9	18	27	27	18	72	20	31	70	48	38	61	42	90	49	22	8	97	100	42	82	76	28	61	65	93	55	51	49	28	46	43	22	51	91	99	32	65	1	82	76	47	55	95	51	30	62	20	13	29	90	13	64	98	28	45	89	89	20	49	42	56	10	7	92	67	81	54	77	54	4	6	76	36	8	53	27	24	32	39	79	45	97	59	6	64	62	66	91	6	55	62	77	79	93	34	66	6	5	60	57	58	
11	29	10	7	63	67	21	79	24	48	59	14	77	54	13	76	66	18	40	81	64	94	48	41	29	12	48	82	89	11	55	21	79	7	16	76	13	19	88	1	34	6	8	37	87	93	94	27	80	44	40	15	43	62	23	47	65	33	75	22	22	62	61	36	13	69	55	50	7	30	86	65	37	51	53	41	3	79	69	8	51	65	41	24	6	65	50	78	52	82	27	5	75	85	98	97	89	94	51	77	84	11	91	20	97	7	1	52	42	88	81	96	94	94	51	42	79	53	64	81	31	5	18	54	18	66	67	57	98	2	23	24	84	21	35	62	37	10	62	13	36	26	86	7	81	84	43	1	54	69	81	94	54	61	71	99	71	98	35	55	59	86	98	24	75	29	24	40	8	49	64	75	39	30	86	72	45	62	51	9	49	97	65	6	23	83	79	34	12	42	21	49	98	13	32	21	89	44	40	36	
94	100	4	14	34	48	90	57	54	60	53	52	39	65	14	64	81	78	28	17	58	62	90	81	8	14	77	67	56	28	65	48	75	72	6	64	78	30	90	23	10	23	89	61	87	63	41	8	51	36	22	57	79	76	57	10	93	100	8	82	84	92	82	79	94	16	30	53	41	72	9	94	15	92	47	91	79	48	61	12	78	88	100	31	73	2	25	33	79	80	43	85	31	38	53	98	24	32	34	93	25	42	46	31	7	76	96	87	16	13	94	41	84	84	17	88	26	95	92	79	73	76	72	22	65	53	48	51	12	46	55	27	97	32	35	9	14	16	58	23	97	7	76	75	45	58	90	18	38	3	13	63	62	22	25	29	63	5	53	75	23	40	37	42	63	14	97	56	23	45	35	63	47	96	16	37	20	21	91	73	30	58	93	52	68	64	58	2	51	5	23	85	66	48	25	22	77	84	67	42	
25	30	7	87	5	80	17	11	35	76	19	30	62	57	51	35	51	3	75	7	73	91	40	4	41	28	62	60	30	21	31	92	66	35	3	38	66	93	17	82	53	24	3	82	41	44	5	19	37	83	50	29	13	56	28	2	27	71	41	92	93	33	84	66	14	51	55	49	93	93	20	49	83	90	56	31	49	83	1	54	61	63	75	59	1	51	52	58	80	28	22	13	100	82	61	10	37	63	67	80	94	87	34	70	1	96	51	31	57	54	70	26	15	16	13	78	78	77	32	25	17	42	90	63	16	81	89	2	48	51	98	75	61	54	88	10	8	49	56	60	12	40	50	70	88	27	89	69	49	10	48	77	36	1	83	86	25	81	84	82	23	79	90	52	85	28	81	13	29	87	46	83	27	57	4	64	5	63	70	81	87	76	100	34	35	77	7	52	26	92	66	66	68	63	39	82	96	39	65	77	
40	47	55	53	98	62	22	88	10	4	65	22	53	74	93	93	66	33	20	72	81	80	79	70	15	70	24	31	24	59	70	75	49	94	47	9	57	7	86	13	93	86	79	61	66	13	32	18	100	7	56	84	42	87	25	87	45	66	9	54	92	45	53	40	2	53	2	28	99	39	91	3	99	20	86	23	62	8	80	16	98	22	89	13	46	45	12	50	72	31	13	79	38	94	21	9	87	58	70	58	50	23	75	48	52	87	31	88	31	5	46	100	92	60	59	56	62	55	27	23	21	51	57	16	77	41	92	75	3	96	46	94	97	30	27	33	64	96	59	2	64	34	30	93	15	29	69	23	81	59	81	54	38	5	1	98	78	87	27	82	36	55	8	4	38	51	35	92	11	98	79	63	81	63	2	73	64	77	50	85	48	48	24	72	69	50	64	36	21	75	5	29	49	8	66	23	88	23	70	31	
33	3	89	4	75	6	34	61	8	39	8	81	94	59	59	35	66	25	33	61	93	90	67	98	88	39	15	9	33	56	85	2	22	72	97	14	64	42	57	76	14	51	18	59	60	5	53	40	55	20	46	47	60	76	1	51	78	74	42	4	67	61	53	41	12	45	70	81	51	57	63	87	79	85	79	48	82	61	98	22	43	22	66	83	76	77	15	64	26	31	32	51	23	38	63	55	15	69	38	98	19	65	10	38	42	16	57	31	19	73	76	78	81	28	24	1	100	14	39	18	89	65	5	50	69	67	32	79	67	18	67	43	36	72	62	55	15	69	84	40	82	66	26	16	49	49	93	3	40	45	51	77	51	66	73	87	9	76	92	49	33	62	59	33	99	38	97	38	94	67	99	38	5	43	30	38	31	37	37	67	67	45	4	24	54	86	56	78	28	31	4	46	25	4	29	45	71	15	45	23	
31	57	37	33	64	39	32	64	25	62	47	52	69	72	58	39	81	41	72	21	5	40	52	87	30	24	5	46	9	42	7	26	12	94	79	67	21	44	33	76	42	24	85	67	4	85	93	6	2	89	56	16	12	99	90	28	6	54	25	83	64	1	99	80	42	10	78	22	6	59	71	78	39	26	2	67	82	27	48	41	93	3	36	18	26	69	77	84	57	39	96	75	40	20	91	81	89	30	51	80	26	59	38	61	88	13	54	5	73	13	67	100	76	26	38	65	5	33	63	36	27	70	25	68	42	25	65	32	64	25	8	94	46	63	100	82	39	77	85	37	39	18	10	3	64	1	66	22	9	12	2	31	70	16	22	24	65	39	52	33	97	31	34	23	38	18	45	3	10	88	60	53	77	94	45	92	51	25	30	16	69	25	27	100	48	12	17	3	75	63	41	72	39	52	61	67	4	44	77	29	
31	72	77	43	55	84	58	4	17	15	82	96	11	27	39	3	16	68	62	36	69	34	94	22	23	91	7	34	76	42	83	69	91	59	53	2	26	63	11	79	96	83	56	3	77	6	14	21	34	4	60	18	52	72	78	65	65	47	26	97	53	8	57	57	4	7	17	52	72	12	2	50	63	7	18	70	64	1	53	7	77	8	20	41	62	57	91	36	90	90	99	89	19	40	94	40	5	27	89	33	28	1	32	42	81	94	70	46	76	67	5	30	96	78	15	62	18	90	71	70	52	15	26	96	82	98	38	30	68	26	91	98	7	60	45	78	53	37	31	64	93	55	63	82	12	6	90	26	15	49	81	83	99	79	26	25	68	13	55	71	6	28	80	94	75	1	26	81	56	44	78	92	58	60	56	47	60	38	39	97	24	15	24	41	85	13	75	4	85	95	85	42	2	57	83	32	84	2	71	81	
88	45	3	36	84	42	43	65	23	58	32	68	41	57	16	88	83	45	36	3	69	54	55	55	57	37	37	59	12	29	80	26	40	5	64	91	44	79	25	100	54	39	52	56	5	36	21	89	15	55	23	13	67	41	28	43	49	20	40	5	66	94	54	83	68	87	68	36	44	67	53	67	37	37	33	21	54	48	74	62	12	37	39	25	9	24	90	84	50	5	29	27	60	76	46	18	10	63	53	25	47	63	81	90	96	41	26	100	78	100	30	59	53	12	33	68	86	10	56	19	3	13	34	56	41	77	46	77	9	32	42	82	88	37	58	3	99	10	48	67	18	51	33	92	45	46	69	94	54	63	65	98	28	29	5	28	16	8	42	92	81	5	96	43	66	33	64	56	57	42	24	83	72	33	6	49	18	36	23	46	88	98	73	22	27	59	30	77	3	41	3	34	100	40	22	3	8	40	74	46	
100	21	32	71	70	70	84	60	44	61	86	23	13	83	93	70	6	78	56	73	53	14	23	6	11	40	54	7	37	45	93	13	85	43	64	92	57	93	19	2	2	23	39	29	94	1	2	17	8	65	25	33	33	44	22	72	4	31	78	57	72	43	90	50	6	61	83	73	41	76	10	17	87	80	40	60	99	54	88	75	22	54	72	2	71	89	57	43	34	72	52	45	52	15	10	22	83	87	44	73	7	5	54	49	94	84	15	92	81	76	96	53	89	78	70	96	37	48	44	5	69	67	42	64	28	89	5	59	15	71	29	40	35	82	57	2	58	67	100	10	98	35	55	34	29	81	3	1	99	95	96	94	1	80	8	52	67	36	82	48	22	65	68	52	63	3	83	20	30	65	76	62	51	66	37	1	76	38	54	69	19	10	88	41	58	90	57	71	91	38	55	53	30	5	37	2	18	73	22	50	
1	84	49	34	75	99	62	67	30	18	53	45	12	69	14	46	35	3	27	52	67	15	52	24	60	24	62	65	7	53	86	76	59	69	36	48	36	26	31	61	9	48	63	16	59	24	84	18	31	62	2	36	85	53	35	89	66	57	64	89	23	72	98	5	21	55	41	63	52	98	33	25	59	75	21	47	68	94	50	32	40	25	84	7	60	62	90	65	7	95	97	21	58	77	100	44	18	7	34	63	21	62	47	22	94	84	16	60	28	26	78	12	78	32	4	71	86	38	61	47	82	6	60	91	32	13	55	74	50	73	19	56	49	45	42	73	100	84	14	57	88	13	66	11	91	84	30	57	59	96	34	47	100	46	23	94	56	34	40	78	61	63	24	93	85	36	34	57	17	43	65	86	33	11	54	90	95	100	87	51	1	88	11	27	86	57	84	7	20	39	54	23	98	51	42	48	39	72	6	27	
96	77	1	50	82	48	92	26	20	86	12	26	48	11	10	87	93	15	96	51	31	61	77	62	23	12	18	99	30	62	10	85	87	70	2	9	55	42	61	6	69	96	2	55	63	15	36	51	44	4	84	67	61	67	69	15	23	16	45	51	38	49	77	5	52	99	22	33	7	47	88	42	9	73	9	41	44	93	29	64	80	53	13	46	91	66	32	49	41	11	60	6	47	46	59	28	46	41	91	77	82	83	20	8	51	17	13	59	24	38	15	33	70	4	25	94	96	38	6	96	34	42	65	9	40	50	95	50	58	42	79	49	5	65	30	26	99	31	21	22	44	28	58	95	64	54	21	80	25	56	27	21	45	82	40	37	23	75	25	50	22	54	98	49	32	33	76	77	16	15	59	69	74	11	95	86	90	68	100	31	98	72	97	74	79	44	67	23	25	60	98	29	24	19	47	17	15	22	27	15	
17	11	20	12	64	16	85	14	27	5	31	87	22	1	57	92	16	49	91	75	86	29	6	56	86	32	30	63	80	28	38	76	62	64	16	29	52	85	94	13	50	23	72	76	93	66	46	95	65	79	71	83	11	98	14	3	34	71	13	56	42	16	95	60	32	55	89	23	33	40	80	87	30	10	33	71	87	60	71	17	76	48	90	39	49	25	42	30	82	76	35	27	18	45	62	75	49	3	13	5	59	86	39	97	42	88	78	56	1	65	62	68	96	71	94	63	95	23	65	53	59	87	8	84	37	82	3	91	96	66	67	59	51	80	93	24	17	91	78	19	86	33	46	39	1	57	18	31	69	93	2	47	37	52	70	15	8	93	55	59	89	32	80	23	63	49	61	50	37	83	68	28	27	27	70	44	3	97	78	21	60	39	28	84	3	98	12	82	71	11	94	31	4	65	29	97	100	26	5	19	
79	95	30	76	97	68	2	42	42	17	29	75	11	61	94	97	86	2	72	52	80	31	35	35	18	50	18	38	2	31	77	41	60	80	79	57	96	35	52	47	75	9	50	26	64	22	8	82	3	14	71	11	8	98	18	25	75	83	75	35	38	34	24	89	39	64	96	17	86	13	51	68	89	66	30	69	51	42	59	36	28	55	12	98	21	80	29	64	60	18	44	21	63	97	36	25	51	41	48	65	43	56	80	100	79	26	78	62	100	5	18	86	37	86	96	95	20	61	4	56	54	72	21	60	73	12	10	91	3	46	74	89	56	8	75	22	84	13	41	11	27	45	93	4	93	79	73	30	30	5	57	31	95	70	7	85	56	1	47	13	51	52	13	61	58	78	31	34	62	95	39	26	42	56	77	27	88	77	100	35	27	9	15	59	19	1	2	98	16	17	17	24	78	27	99	98	71	11	48	46	
65	85	87	4	19	84	89	41	85	63	20	31	97	65	73	49	61	77	90	46	72	33	64	91	91	72	5	72	24	66	86	20	94	93	55	4	62	50	94	2	55	67	64	12	28	100	4	35	5	29	49	91	79	81	68	53	73	64	36	87	34	57	37	8	19	35	62	39	15	20	76	58	24	80	56	1	88	97	58	77	67	45	90	45	100	91	31	18	6	43	48	53	50	46	76	88	34	61	8	18	83	58	60	42	53	95	77	55	14	33	90	10	48	38	38	23	61	56	73	48	62	23	91	17	4	85	11	24	39	29	45	60	38	46	8	78	76	44	30	54	56	94	7	46	83	52	42	93	54	59	62	66	95	75	13	83	68	10	53	38	12	65	64	35	59	68	99	30	26	75	22	69	61	87	7	81	56	76	98	44	43	82	86	36	19	74	32	31	84	58	24	55	20	4	88	92	1	64	58	51	
44	97	29	83	72	84	92	79	75	96	51	46	82	28	91	86	35	92	20	33	14	27	69	86	52	51	57	14	74	3	20	39	36	28	21	77	25	7	88	68	20	96	64	1	99	29	100	47	2	84	70	10	18	80	87	34	28	58	16	8	90	5	73	40	5	5	64	16	15	24	33	27	10	1	55	22	68	76	58	69	60	97	66	64	67	7	42	76	44	23	67	6	22	44	22	9	47	100	25	40	35	75	34	82	64	92	32	27	39	63	71	56	44	61	6	65	4	73	3	43	79	41	45	95	66	26	24	35	8	61	87	44	3	64	96	99	64	15	18	98	26	33	73	25	19	40	13	68	31	94	73	70	51	7	31	62	68	69	77	40	71	61	90	99	38	80	54	34	36	62	56	74	17	78	14	15	45	40	62	16	71	72	95	70	46	44	14	89	62	78	69	60	52	42	41	89	46	8	14	91	
49	96	30	34	86	82	64	79	56	51	76	8	52	71	5	32	3	69	56	35	39	5	51	87	53	97	93	32	27	80	10	82	69	28	44	63	20	76	2	71	5	43	38	82	15	29	95	62	43	17	17	31	64	73	13	48	45	18	70	80	54	96	66	61	60	49	7	3	70	11	55	84	42	5	3	43	1	63	42	98	17	65	18	95	64	16	71	71	64	80	39	1	70	84	5	82	78	91	24	65	13	16	31	76	81	79	25	23	18	36	70	19	5	47	96	53	56	48	43	65	2	29	38	57	60	83	60	43	45	64	68	6	96	3	63	91	100	83	20	56	92	39	73	54	92	27	31	76	61	91	92	5	84	59	82	89	65	81	5	3	89	81	46	30	10	10	53	6	21	85	85	41	86	53	72	69	89	29	83	67	15	25	46	91	76	86	50	14	38	72	67	84	65	80	7	35	57	22	95	69	
60	56	81	8	74	100	42	86	19	99	2	54	53	32	47	78	92	12	9	98	21	94	37	83	58	10	46	9	24	6	78	33	68	16	58	71	51	97	41	12	32	94	38	61	19	87	94	85	40	79	4	16	78	33	22	95	92	40	93	37	13	52	50	61	47	93	90	59	76	4	17	60	79	36	14	79	68	28	25	67	43	2	29	23	73	100	85	22	32	92	70	71	48	76	12	92	6	89	48	42	51	81	23	28	31	73	17	21	89	27	52	3	69	82	34	59	54	62	79	2	2	22	43	7	43	83	57	20	5	11	12	75	43	8	49	45	35	37	9	79	19	21	37	22	2	30	76	52	88	12	70	47	52	95	22	21	46	54	98	40	1	25	98	47	20	47	4	82	70	61	91	2	63	56	85	2	4	21	16	64	92	57	52	13	45	76	52	43	63	92	34	36	37	46	80	60	39	16	17	88	
87	8	53	5	10	74	48	57	81	51	54	38	58	17	87	32	22	78	51	83	89	91	65	78	58	70	22	59	21	14	39	52	14	67	63	55	60	85	21	60	25	46	25	73	8	80	62	95	64	62	66	60	36	16	84	72	90	17	36	75	83	19	34	1	55	98	59	83	53	34	38	79	43	24	60	28	9	31	95	38	94	51	52	73	71	50	66	43	63	39	68	63	54	69	14	64	4	75	49	63	81	20	59	61	5	76	42	51	65	70	15	13	67	6	42	87	72	23	41	29	22	42	48	93	39	99	94	45	47	72	39	96	37	3	75	15	9	41	55	83	33	51	2	61	90	72	34	56	13	87	100	22	53	35	32	48	21	78	21	84	28	84	22	17	69	68	36	82	99	21	43	63	81	9	78	56	26	95	14	43	78	13	13	63	46	13	34	76	40	47	31	77	86	87	52	64	71	68	56	20	
70	34	96	68	52	86	44	61	22	20	80	53	6	65	61	38	2	29	50	65	60	76	57	23	85	82	1	30	74	16	31	74	82	24	30	81	56	87	38	36	43	83	40	73	85	22	60	49	84	43	73	10	44	92	57	65	24	66	1	98	98	82	1	79	3	63	22	5	7	9	9	30	21	5	7	66	44	36	15	6	66	46	4	35	39	67	91	81	98	57	34	75	56	53	69	54	96	86	27	29	100	81	60	65	18	72	90	57	5	25	26	34	42	60	65	8	21	91	45	38	43	48	27	33	4	15	79	56	92	87	79	51	26	38	47	18	82	93	73	13	65	49	23	89	3	25	100	78	23	92	88	32	40	34	63	4	26	11	76	8	40	82	28	30	23	99	74	25	63	10	98	42	69	61	14	88	29	54	37	79	70	100	23	53	8	31	34	92	70	73	51	63	58	65	64	29	63	58	32	12	
16	31	53	47	94	87	36	19	3	35	50	31	97	69	34	100	41	85	55	37	3	56	96	26	48	41	5	50	92	56	10	48	44	9	26	93	84	76	83	21	42	29	81	4	30	19	58	98	77	79	74	45	58	92	44	38	3	51	34	45	26	88	44	45	29	59	78	1	7	33	56	50	100	27	28	80	73	94	70	18	18	26	2	13	30	66	38	84	42	10	23	9	82	78	18	51	14	77	96	73	33	35	38	93	54	22	63	16	50	68	96	56	64	91	9	84	60	17	95	57	7	93	33	9	99	61	52	1	51	76	88	53	63	37	72	79	49	39	70	43	85	26	18	53	62	99	79	3	39	48	86	13	31	68	61	59	27	3	89	55	97	92	98	19	12	45	59	93	1	23	3	92	97	56	9	62	59	86	86	72	27	85	71	54	17	53	28	76	63	37	42	80	95	28	71	50	26	100	47	73	
50	62	83	60	26	31	70	53	97	29	14	65	86	68	71	48	16	57	99	96	82	47	67	46	55	38	81	23	15	38	88	82	16	95	64	49	86	92	41	14	80	12	5	65	18	47	39	52	71	18	48	31	58	69	45	79	30	99	2	39	81	41	1	55	65	60	89	44	87	84	76	23	25	92	85	86	8	19	12	51	34	77	22	83	84	85	90	35	21	32	39	37	73	59	71	67	17	54	14	56	10	44	98	55	18	65	16	77	69	42	82	41	28	32	40	37	73	4	66	60	43	39	4	99	89	5	54	50	54	59	6	71	65	31	36	28	47	38	96	56	69	96	87	2	28	11	39	39	27	93	50	68	40	76	61	71	34	4	81	98	32	13	40	54	86	40	74	12	11	15	52	13	52	54	15	56	2	5	42	19	65	74	78	19	74	3	37	72	41	43	50	53	58	6	36	84	62	20	21	95	
79	12	62	13	44	58	25	41	10	26	56	60	3	51	90	44	45	29	57	81	60	96	30	86	43	16	13	56	16	9	39	37	44	6	7	69	18	57	65	78	100	57	96	93	46	9	72	14	12	52	44	47	76	85	45	18	92	78	6	56	2	28	30	25	26	34	6	72	39	69	64	80	15	35	70	55	20	25	46	38	65	68	78	32	50	57	44	10	16	21	75	27	90	37	3	58	91	92	99	48	34	36	69	51	66	53	81	41	67	25	98	77	89	13	50	82	12	85	26	83	83	99	15	61	5	7	55	28	10	98	73	15	88	24	9	45	10	72	93	14	44	14	12	41	10	30	20	12	54	62	56	2	96	45	22	41	78	27	100	75	38	48	51	68	6	55	95	68	5	81	21	49	59	49	48	52	51	36	3	47	76	95	1	22	87	63	85	59	57	15	71	11	51	81	31	19	97	11	84	50	
18	61	70	58	53	76	64	95	51	6	15	16	56	84	89	96	11	77	63	17	49	78	82	55	40	1	14	20	58	89	66	57	41	34	1	82	95	57	84	34	43	60	88	91	18	5	71	7	26	84	27	65	15	6	83	81	46	62	70	63	37	83	89	41	15	35	91	80	88	8	47	56	18	85	15	4	30	33	33	51	21	33	79	33	95	30	77	28	15	56	48	15	99	84	92	100	52	26	34	87	62	88	50	49	67	48	89	92	32	65	38	46	5	55	95	3	10	11	24	60	57	94	79	52	54	55	41	12	32	66	59	92	22	7	60	7	33	88	23	96	33	94	47	84	69	95	96	42	49	30	93	98	85	14	98	28	84	5	34	44	7	66	51	47	12	29	90	68	34	92	43	32	49	31	35	92	72	35	73	12	51	12	30	12	19	65	65	49	48	33	70	42	73	96	60	59	28	71	41	50	
100	76	19	87	85	99	65	9	78	13	44	66	13	33	83	26	36	25	29	45	1	6	41	35	54	76	45	63	26	32	55	17	71	85	92	80	11	37	86	14	74	19	83	60	45	1	12	16	82	22	80	83	12	15	100	78	10	83	89	77	51	95	62	12	7	99	54	32	80	94	18	21	7	92	38	70	10	94	54	28	11	16	28	73	91	38	3	86	82	25	91	48	90	56	65	75	95	11	75	59	77	32	56	28	57	51	2	75	79	32	30	77	59	74	50	91	91	24	35	43	20	45	56	1	50	28	12	66	54	96	16	82	35	81	43	74	10	67	84	56	32	71	37	17	14	74	56	11	90	4	55	17	18	61	15	32	31	40	70	27	12	20	76	26	24	84	51	68	7	27	90	65	3	67	20	5	22	62	20	59	45	96	65	39	6	85	3	48	35	67	14	83	79	96	45	40	81	21	91	56	
28	7	57	27	97	85	71	77	41	50	93	78	72	37	14	67	46	51	25	79	38	62	64	72	51	69	37	38	6	23	12	85	60	51	53	57	18	6	10	70	93	81	65	9	79	47	84	48	2	18	99	71	5	89	100	35	34	74	87	34	78	7	83	81	26	56	32	95	65	79	93	53	37	75	17	74	70	51	60	23	51	100	38	28	46	97	56	61	18	54	68	36	37	23	56	42	39	33	90	36	93	80	34	46	98	12	48	3	67	64	68	9	15	50	58	96	3	39	8	45	5	47	92	51	54	10	32	54	47	69	16	26	70	15	21	72	81	3	80	47	2	74	88	86	44	24	89	12	42	16	94	42	52	36	68	73	83	16	24	61	87	17	27	7	72	22	8	52	79	72	89	78	9	53	81	57	48	58	41	84	65	100	31	55	96	51	69	91	60	40	57	88	90	99	93	80	61	28	19	67	
6	98	23	38	92	92	11	99	92	53	67	96	4	8	40	15	31	13	64	6	66	8	51	37	9	72	33	40	80	97	10	33	49	45	28	53	19	33	19	60	87	96	77	47	65	72	10	47	66	17	5	15	38	38	68	53	25	45	9	56	42	70	34	28	62	30	79	30	93	11	44	84	64	88	58	95	60	36	36	24	74	93	98	82	25	5	17	92	70	38	93	85	8	87	54	20	77	97	63	40	75	23	89	43	2	46	51	96	18	25	26	32	71	73	42	66	46	29	61	64	11	72	87	76	59	98	66	96	69	61	62	41	85	36	46	93	94	78	52	20	38	36	89	31	96	97	44	57	16	67	34	40	33	5	51	71	94	45	12	11	31	53	28	99	69	57	73	78	69	72	31	87	84	78	12	11	3	46	45	25	59	62	4	35	76	52	79	51	39	42	4	72	65	29	100	97	82	41	41	34	
2	54	20	86	67	65	76	60	27	76	33	2	98	49	28	48	97	22	50	82	37	72	52	2	100	59	14	98	93	22	81	6	65	21	7	68	18	50	59	66	99	48	65	48	76	37	99	21	60	77	30	44	99	39	88	23	22	48	60	24	83	81	41	55	22	31	16	20	31	40	7	81	54	78	97	96	40	100	49	38	37	47	23	96	66	30	63	6	6	66	74	65	32	72	73	13	73	98	15	1	72	31	26	22	23	55	98	46	67	8	91	42	29	19	79	67	74	45	87	68	12	39	79	88	6	73	59	16	16	62	41	66	67	70	66	85	33	8	21	48	84	43	34	82	12	52	87	43	100	64	96	45	88	76	83	1	2	7	7	30	97	93	40	79	91	17	26	22	34	51	12	73	40	78	98	35	27	95	29	23	60	73	16	21	7	90	27	5	18	20	81	70	93	12	6	73	19	43	27	94	
36	51	100	48	60	36	26	61	80	43	61	85	48	64	36	14	76	14	69	54	96	92	19	47	93	46	89	44	39	45	72	58	52	40	31	68	66	24	22	74	94	39	8	22	45	13	68	79	74	18	95	42	36	46	30	26	59	28	84	85	48	40	13	53	34	90	89	74	35	65	38	8	13	74	34	47	82	46	22	31	68	9	100	71	43	72	66	86	86	47	75	89	81	14	48	55	79	88	5	31	89	42	18	51	24	27	75	94	43	94	98	82	40	56	49	59	89	60	44	6	75	96	51	53	71	15	92	82	26	41	66	4	2	57	45	6	24	11	99	1	12	20	66	11	64	25	15	43	44	21	87	95	67	89	64	20	3	62	98	10	56	8	88	77	15	93	13	79	80	45	94	41	95	90	4	82	92	12	11	88	97	10	5	12	13	34	25	53	98	44	25	13	70	14	62	21	55	5	13	23	
21	21	59	90	71	19	25	93	26	69	83	21	43	35	52	62	38	2	9	86	9	8	82	87	9	19	23	87	8	69	87	1	85	64	70	79	81	88	11	25	30	54	17	60	30	91	23	29	59	57	4	63	42	10	68	99	97	76	40	94	77	48	33	37	83	30	85	31	24	49	48	30	26	29	91	85	8	56	99	13	97	25	45	94	13	63	9	74	68	69	66	69	20	50	35	53	68	93	81	86	40	60	37	91	84	97	61	97	36	46	7	88	35	49	5	51	56	38	3	96	43	37	26	63	65	88	22	35	70	85	67	2	58	45	13	54	96	50	28	39	2	9	17	77	92	19	12	94	56	38	24	56	1	96	37	83	30	99	85	96	5	52	75	58	78	76	48	50	66	36	25	68	25	16	93	31	6	53	99	12	21	85	80	37	80	29	54	8	44	55	38	68	63	39	50	11	86	29	87	62	
91	29	2	35	41	52	57	16	6	79	23	62	87	83	91	22	2	63	68	13	23	75	48	9	71	35	52	95	46	34	81	37	60	37	57	57	29	48	25	8	56	42	41	5	67	96	63	33	12	95	83	35	17	52	19	58	73	76	7	65	44	18	19	9	78	99	6	1	50	28	78	58	61	84	13	78	3	94	67	19	55	84	80	49	93	96	77	32	71	92	40	81	55	95	45	58	30	70	71	47	59	8	58	99	21	32	54	30	72	63	60	37	82	45	65	80	8	46	64	3	8	3	38	37	31	24	7	81	15	36	70	57	45	28	41	52	14	47	93	63	16	84	3	67	99	83	29	45	2	10	86	39	100	57	45	4	77	70	99	77	95	13	82	9	33	23	35	10	47	6	6	49	31	82	80	57	3	43	16	5	40	14	6	23	3	23	6	64	77	31	94	68	73	6	44	74	12	92	67	14	
4	89	47	40	79	28	74	63	86	8	22	52	8	18	25	48	62	95	88	20	66	71	53	91	64	97	14	75	44	37	88	48	39	6	4	98	71	88	40	68	61	100	1	97	76	27	47	79	59	82	1	76	29	17	19	69	19	76	38	34	6	22	32	64	15	19	53	27	26	38	47	50	19	80	91	97	9	77	47	64	70	88	91	35	98	56	49	69	32	85	83	90	22	9	57	37	25	74	17	6	21	90	61	32	35	35	88	27	62	100	45	58	57	42	30	93	75	8	96	63	49	75	47	72	36	9	60	43	21	46	66	45	13	41	73	87	40	87	27	92	19	58	25	100	18	41	41	39	21	40	53	76	46	45	14	48	11	39	12	41	18	22	42	28	19	18	51	83	58	90	96	55	49	5	22	67	92	86	4	95	90	2	55	86	29	6	95	47	47	64	32	95	94	18	76	21	9	10	78	13	
43	85	65	48	78	88	84	85	73	69	94	31	74	82	9	38	15	79	10	4	93	50	34	91	51	88	75	90	96	56	94	93	67	10	100	93	16	70	90	52	98	20	10	9	49	38	80	57	7	14	10	55	90	4	61	97	3	15	32	47	20	23	13	43	22	80	81	48	69	95	95	19	89	48	79	35	75	62	26	88	53	3	15	27	20	35	56	7	76	88	21	98	10	74	64	7	17	9	25	89	7	56	37	65	62	9	10	33	55	82	78	3	2	73	26	24	22	78	99	91	45	15	18	79	28	45	7	74	72	93	85	6	54	52	87	55	68	30	87	27	56	22	75	10	2	89	64	23	100	25	60	56	98	22	83	45	83	76	83	69	22	70	14	81	94	32	46	26	59	13	83	19	35	83	79	62	57	45	28	59	72	91	92	9	59	84	1	90	48	61	34	77	6	18	62	66	80	79	61	58	
20	59	58	65	6	89	78	34	42	2	12	75	79	5	50	51	21	33	34	82	83	7	2	66	11	12	1	97	31	23	87	8	49	52	71	1	1	46	59	69	55	54	84	42	19	59	84	85	49	73	28	84	23	89	18	36	43	8	21	95	61	95	74	21	67	60	37	61	86	24	64	83	42	11	95	87	93	75	64	60	60	16	7	10	73	51	15	72	41	18	99	6	65	36	22	19	33	98	7	92	96	86	15	1	37	14	8	64	15	39	53	99	58	100	99	17	84	76	64	100	35	9	82	49	47	10	33	10	81	94	33	24	96	14	40	68	55	83	8	42	44	74	75	19	72	50	44	89	13	74	16	56	47	57	10	76	83	99	14	31	7	11	10	44	64	4	89	12	69	87	50	31	72	8	43	88	6	91	47	72	90	9	25	82	60	54	100	62	1	61	87	96	85	26	22	94	10	74	80	62	
2	57	12	65	75	23	12	12	28	27	35	10	60	58	37	58	83	28	56	25	86	29	93	54	49	35	42	62	22	12	51	48	31	17	64	57	25	85	34	39	91	71	73	56	20	79	99	32	18	91	31	49	51	43	71	57	45	22	29	25	51	75	49	89	18	32	14	46	92	55	48	14	4	67	41	38	74	19	38	79	93	55	79	5	53	11	1	62	24	6	88	58	98	3	13	40	63	18	44	7	87	82	39	82	10	16	49	96	69	77	37	10	67	84	31	91	13	44	15	83	37	41	93	39	38	72	88	67	3	78	8	11	50	47	87	30	83	90	83	12	49	53	44	54	94	3	55	88	54	20	33	69	74	82	65	68	47	57	78	81	34	20	69	47	78	34	84	60	42	85	61	50	58	66	3	71	28	74	38	81	34	28	5	35	21	66	48	95	39	52	36	55	19	18	17	65	14	51	21	21	
62	52	91	63	76	15	92	3	53	64	33	45	31	53	75	39	91	23	15	69	74	42	22	63	55	86	1	22	43	36	87	7	69	31	82	3	48	28	12	21	97	23	74	35	10	68	19	80	52	66	71	34	6	91	65	97	86	3	28	40	70	47	62	99	73	42	82	38	46	8	79	25	7	88	95	82	36	71	68	28	90	30	98	73	13	26	96	30	67	83	37	75	78	66	26	67	89	15	82	40	39	13	98	76	62	58	56	59	84	85	31	48	100	14	21	78	41	30	18	20	9	55	73	70	96	93	23	84	80	52	21	99	28	93	27	87	8	83	75	98	34	32	92	19	20	36	53	76	53	38	16	38	97	61	52	89	75	33	30	49	35	100	48	59	69	97	73	23	96	80	93	49	39	81	14	45	42	43	59	27	70	95	66	75	15	60	5	69	76	21	31	84	92	39	81	48	46	20	20	51	
49	43	37	64	36	63	84	72	97	3	63	9	60	5	18	78	81	43	66	46	19	44	67	11	88	7	70	98	48	17	52	67	98	14	43	79	16	80	14	58	60	74	97	21	58	10	67	43	2	34	63	81	75	20	4	56	82	19	90	33	86	40	83	82	97	88	63	45	49	83	26	12	80	22	42	78	42	56	60	7	96	2	82	100	48	24	47	65	52	81	18	29	80	10	83	16	90	35	7	11	75	99	57	47	13	23	60	2	40	37	64	67	10	57	22	19	11	54	98	56	79	83	13	43	56	14	96	56	47	20	48	1	39	63	92	27	42	12	98	14	75	65	2	60	99	2	94	63	85	88	24	86	17	27	1	87	85	44	26	16	6	55	100	56	39	62	75	97	66	60	93	73	79	64	61	47	99	28	1	32	29	53	85	29	99	80	55	10	87	37	72	31	22	16	93	88	40	59	40	49	
5	6	56	75	24	42	64	90	19	33	24	68	63	85	95	44	34	89	10	10	95	20	32	55	37	87	37	17	82	71	74	24	47	46	21	57	60	9	26	50	65	15	86	30	66	30	65	24	5	32	16	55	62	97	40	39	96	70	79	72	62	41	94	51	10	69	26	75	83	35	91	32	72	15	8	100	80	1	13	20	80	62	63	88	85	77	79	71	68	96	36	69	90	68	57	28	36	19	85	93	8	23	67	55	36	97	12	64	82	39	93	18	98	88	44	86	27	56	26	92	19	33	65	85	69	44	33	32	2	38	84	12	2	16	19	56	44	49	34	75	42	96	66	37	80	81	62	41	77	26	3	23	36	89	94	8	28	35	86	78	98	33	55	7	22	84	27	90	86	91	48	62	2	19	46	35	53	86	72	18	76	7	26	23	19	42	44	25	36	7	96	38	30	58	49	83	74	90	28	94	
18	44	5	41	20	5	47	94	60	26	43	94	81	21	37	91	66	33	71	71	11	5	93	66	17	10	30	65	81	6	58	86	87	50	2	47	13	74	1	77	34	55	52	89	34	81	49	84	18	61	32	98	97	69	85	79	13	25	65	31	45	66	79	66	86	53	84	16	86	36	43	89	91	37	21	16	48	14	39	65	78	67	55	6	86	88	92	7	54	61	44	58	46	93	65	74	58	78	53	44	49	22	45	95	26	7	40	34	66	18	55	51	35	13	28	33	45	94	33	39	21	51	49	26	96	14	94	71	74	36	43	20	9	84	58	22	74	53	32	65	96	30	33	4	98	60	22	49	11	84	83	28	5	23	10	22	87	50	33	35	92	24	25	65	12	78	46	45	40	65	27	97	54	69	33	18	97	70	78	21	70	21	41	10	59	44	58	60	96	49	39	72	39	9	25	25	19	36	30	87	
93	45	54	89	97	21	100	11	19	78	27	40	68	96	81	6	70	4	26	27	41	37	96	87	22	89	8	16	93	45	33	10	64	33	53	69	96	19	73	49	83	20	63	39	45	1	40	44	82	50	64	77	92	87	71	14	35	42	27	47	70	18	21	4	66	53	55	28	14	26	86	1	2	46	100	10	76	19	40	72	68	52	93	83	80	44	54	66	21	44	47	89	11	58	88	56	79	12	56	79	70	61	34	51	86	76	50	30	26	10	63	33	55	66	58	46	93	7	73	73	37	2	23	18	87	12	47	37	88	89	34	66	17	3	25	75	75	44	92	2	66	33	86	51	5	74	70	71	37	49	40	65	66	81	66	6	62	1	7	17	94	53	64	3	53	77	85	62	87	4	28	35	49	82	31	91	73	66	8	37	46	90	38	45	60	72	66	86	11	72	13	98	85	49	51	62	59	87	20	3	
3	21	91	59	80	43	43	48	2	2	54	48	83	22	47	80	5	72	10	87	5	31	68	100	81	14	35	29	21	92	13	68	100	37	67	83	2	82	84	85	76	59	69	9	8	94	93	24	9	38	87	95	12	59	56	94	15	15	68	14	90	34	86	69	69	69	88	30	94	52	34	15	99	61	75	91	11	71	54	9	100	57	35	48	14	41	52	70	39	24	47	23	3	66	5	44	100	44	98	43	98	54	14	30	7	75	70	93	16	3	82	92	34	11	95	39	4	46	25	54	22	61	89	53	2	41	84	17	86	31	82	11	77	67	100	10	19	54	19	60	37	4	51	39	5	62	57	13	97	72	11	47	52	99	63	29	12	5	66	28	94	44	19	51	66	74	27	92	83	38	91	33	63	95	56	17	67	65	18	26	14	66	99	29	47	33	4	67	70	72	84	7	18	64	70	50	63	69	49	28	
8	93	38	7	74	22	30	95	99	73	45	3	58	26	58	8	88	6	30	95	24	59	38	33	66	16	66	84	1	91	7	70	53	52	56	39	75	8	64	85	21	73	20	85	77	39	47	43	9	56	54	66	21	44	61	75	69	33	40	46	34	51	30	36	37	72	94	16	88	55	22	55	26	85	29	48	72	39	35	25	25	6	56	80	14	6	8	8	18	12	46	30	55	4	5	97	14	7	84	89	37	18	29	62	81	45	88	15	49	64	12	45	29	91	64	1	93	83	19	92	2	90	3	62	28	10	69	14	44	96	12	64	92	99	18	2	72	94	20	99	80	98	5	5	42	49	33	60	86	39	50	41	63	3	12	52	27	61	100	49	51	60	86	71	23	96	35	2	50	53	82	86	54	3	25	77	81	31	99	98	11	52	95	24	73	62	86	98	34	53	63	59	30	75	70	3	62	100	58	31	
14	36	23	12	46	5	95	20	84	98	1	69	75	69	2	33	30	24	89	17	20	7	19	51	53	28	64	69	34	28	19	29	5	71	99	39	14	68	3	26	22	3	47	69	94	30	81	23	91	2	18	57	18	62	60	51	92	50	100	24	87	64	67	96	62	45	100	5	26	77	76	74	16	97	65	26	38	51	23	22	100	9	90	73	22	1	34	31	71	29	60	15	39	77	34	57	49	99	17	1	18	21	70	20	84	58	27	29	49	1	6	46	81	84	54	57	79	52	40	27	30	72	25	99	11	30	95	74	24	97	52	25	19	83	41	89	50	3	36	2	81	60	74	62	49	34	87	15	30	19	71	32	62	37	84	17	37	73	100	78	27	72	56	94	33	78	43	8	29	51	6	47	23	41	63	13	32	27	9	100	65	38	55	82	36	6	74	5	77	40	90	45	97	90	36	37	71	73	46	73	
63	58	43	56	23	48	34	66	5	77	15	83	49	64	3	67	27	26	62	72	70	16	61	10	20	12	100	20	30	60	92	6	11	56	57	67	70	97	72	42	28	37	53	61	77	46	53	26	15	27	77	83	66	1	29	44	91	7	1	20	57	70	84	28	85	74	99	74	17	90	83	46	65	72	76	83	15	18	38	86	44	18	100	34	3	69	69	64	40	40	69	59	9	14	94	11	87	11	75	89	70	6	90	13	43	90	89	69	93	66	90	69	3	30	21	18	73	42	13	31	76	34	100	79	39	20	96	56	89	44	87	15	12	29	41	64	44	55	53	94	62	22	70	57	33	87	91	91	1	5	59	11	23	17	40	41	61	31	21	46	30	16	23	79	6	38	26	64	15	99	76	5	42	42	73	30	90	42	57	54	85	5	43	69	80	96	76	14	70	84	5	98	9	8	76	87	30	86	53	47	
63	100	65	46	78	12	6	31	39	91	30	100	6	93	11	63	37	18	47	97	4	57	86	68	66	9	40	30	7	34	42	83	26	21	30	62	59	62	62	96	32	38	92	63	55	38	49	61	88	92	84	56	71	70	46	25	44	68	81	44	100	23	87	6	66	14	35	57	48	44	16	40	79	4	76	80	2	47	2	68	83	54	18	84	80	2	7	32	27	58	21	67	17	97	72	45	18	58	25	94	90	73	8	29	1	18	69	23	3	22	26	94	1	57	80	31	30	93	68	76	52	56	78	3	39	12	42	11	12	57	43	43	94	45	39	23	89	88	76	63	41	49	71	13	60	15	91	8	85	73	39	44	71	30	37	25	61	91	13	52	76	81	74	41	23	90	48	81	94	17	71	79	81	16	84	18	80	85	6	76	6	92	100	36	65	16	5	34	53	88	52	68	89	3	24	37	38	49	14	40	
7	83	10	37	75	65	75	47	49	88	20	21	49	66	55	49	76	10	74	70	3	45	17	30	44	10	51	26	40	16	4	35	49	70	63	22	4	96	7	58	95	6	62	64	49	41	69	34	23	53	90	22	81	72	100	2	20	81	63	4	62	28	85	15	54	56	3	76	10	28	81	73	20	71	92	68	48	90	3	68	27	27	99	21	14	53	97	70	71	36	35	48	49	8	30	15	78	42	31	14	31	95	88	90	54	38	49	81	40	9	15	54	99	59	25	69	30	54	31	61	88	13	23	39	27	54	49	90	42	16	100	44	56	2	21	100	13	54	53	85	77	11	37	97	86	30	1	85	39	24	43	59	63	39	21	51	10	83	23	11	15	66	64	6	3	34	37	51	48	2	29	68	34	96	75	26	75	10	33	4	23	87	81	36	10	67	64	27	17	97	89	23	67	86	90	88	45	42	62	25	
57	89	75	15	33	97	24	41	76	53	15	19	34	92	1	55	21	91	67	2	9	6	72	68	79	16	17	62	56	44	25	6	81	16	17	27	99	67	11	71	71	81	88	49	51	38	66	37	91	86	25	13	63	93	51	59	12	26	86	64	59	91	90	45	61	88	93	34	89	5	77	71	29	88	11	36	90	9	22	27	30	52	40	41	60	8	76	14	1	28	8	71	51	83	19	70	30	77	38	14	54	53	21	13	69	3	10	59	45	12	49	63	95	96	56	93	5	59	94	91	12	87	92	48	93	62	30	4	16	67	64	21	38	10	40	25	74	20	38	88	26	84	49	72	39	19	5	73	24	46	31	25	25	32	37	59	49	54	71	87	14	59	21	13	15	21	93	82	51	43	77	44	62	65	70	17	81	67	100	50	40	43	95	4	93	14	77	88	71	89	1	89	85	56	99	81	25	94	90	43	
80	69	14	12	70	36	55	93	92	59	97	71	21	36	29	39	50	91	33	88	98	94	29	15	19	72	16	97	6	69	86	68	57	90	40	82	39	20	57	54	23	26	60	54	75	73	47	13	57	39	88	91	65	5	70	58	92	60	85	51	53	2	23	47	42	62	34	78	48	52	31	93	68	26	74	53	46	71	15	57	24	63	50	85	52	82	8	18	45	26	57	43	98	24	74	87	40	6	33	56	63	99	8	64	81	13	48	81	51	2	81	65	96	34	27	2	57	62	73	92	70	100	88	86	50	56	93	55	94	34	96	87	24	86	53	60	16	33	16	24	3	83	40	11	50	71	59	39	43	31	54	98	6	70	49	76	100	62	61	9	44	44	41	2	11	96	21	78	16	32	13	47	56	23	52	52	39	11	14	59	96	34	10	8	45	40	34	51	82	43	11	75	38	79	70	43	84	82	61	77	
24	7	60	53	46	13	11	31	53	68	92	18	67	42	88	6	53	85	87	11	8	2	84	51	53	31	86	37	45	30	34	92	40	27	16	44	91	81	26	39	40	33	67	54	86	51	24	87	49	64	95	18	8	50	78	2	27	86	50	82	64	73	18	34	57	3	69	55	20	11	92	11	41	35	13	23	64	59	22	86	39	13	41	77	41	9	93	77	81	18	27	28	13	96	17	43	32	58	90	63	33	38	33	98	94	63	77	54	77	31	83	98	94	47	21	47	31	66	70	5	47	22	32	13	68	2	98	17	42	40	45	95	56	39	76	56	56	69	38	86	23	28	65	47	41	32	11	44	59	25	98	17	93	42	87	46	41	8	82	88	13	42	1	81	73	86	35	72	68	55	79	52	6	29	98	22	60	70	39	40	99	17	5	98	14	44	80	6	62	98	33	46	75	92	16	44	58	44	58	44	
31	14	10	8	43	29	42	20	25	63	26	64	6	30	80	22	52	73	31	7	5	86	82	5	44	38	16	7	5	33	52	12	50	37	21	68	61	54	17	64	46	30	72	7	19	65	60	37	68	41	85	46	65	24	83	77	55	93	7	68	9	43	44	8	37	43	66	31	48	28	74	92	79	44	61	65	6	97	95	11	7	60	65	63	46	48	95	22	97	30	97	26	94	11	5	6	78	34	90	31	73	56	47	28	54	62	36	38	51	70	99	28	1	100	45	37	95	95	51	84	52	53	40	31	40	96	85	18	52	33	88	67	1	100	46	98	47	74	97	17	36	5	66	52	63	62	23	71	63	25	6	93	11	92	35	92	38	20	63	2	1	16	7	20	71	46	34	9	96	40	19	32	70	2	38	26	36	25	94	24	60	77	67	65	13	10	30	38	62	18	18	9	17	62	11	86	70	22	17	86	
92	43	28	40	80	13	70	52	33	55	83	83	46	70	30	46	68	95	93	62	93	37	70	64	54	19	61	72	58	80	77	66	71	59	16	16	93	67	1	76	39	59	89	32	61	91	97	55	72	16	38	77	42	68	16	80	31	20	77	86	88	73	89	97	15	38	95	98	61	7	58	80	78	66	30	96	18	8	21	65	15	67	23	93	75	89	73	85	6	66	25	35	87	24	37	56	25	12	95	88	57	25	59	45	61	22	1	5	66	16	79	29	80	46	82	52	70	75	7	59	95	35	34	68	76	45	14	61	36	5	76	89	96	57	45	22	57	82	61	27	89	23	81	99	3	37	17	30	39	32	70	42	92	30	26	22	35	69	52	91	77	61	12	53	47	76	44	70	63	93	35	91	57	94	40	24	14	23	53	86	78	65	63	24	64	25	54	51	29	90	52	8	1	68	13	32	33	65	33	85	
40	54	40	34	11	87	43	30	32	9	83	80	38	30	83	27	5	98	48	58	2	68	25	60	78	86	25	49	18	76	24	86	83	84	27	99	63	13	15	82	96	69	89	68	1	21	88	32	26	84	9	69	24	43	100	17	12	26	71	33	34	100	14	34	79	23	48	79	78	76	6	95	63	66	50	9	39	25	31	79	14	81	96	89	48	59	75	44	46	98	57	91	64	44	77	15	31	83	37	79	21	64	76	89	71	25	83	1	73	22	26	5	8	23	40	70	7	13	31	82	22	32	63	61	61	22	98	15	68	51	83	64	37	45	14	83	10	65	52	1	94	10	66	63	12	84	40	37	21	37	49	87	35	26	61	64	26	69	35	52	32	67	55	55	6	89	64	36	6	63	30	63	28	60	77	67	73	30	94	94	5	46	35	17	25	70	93	2	6	34	13	14	88	2	34	95	44	36	6	51	
59	82	75	83	100	64	24	10	1	22	77	90	42	17	13	32	31	94	11	63	35	18	81	17	35	100	33	85	6	23	80	42	62	46	17	10	67	16	39	97	21	71	81	95	92	100	30	52	97	55	25	19	86	59	95	24	2	80	75	97	72	10	13	92	98	61	56	91	88	90	65	14	28	20	30	37	32	9	1	84	27	24	50	24	44	41	66	11	76	19	39	20	17	94	95	77	98	51	17	17	40	83	62	89	99	29	86	98	87	24	25	28	52	94	37	15	85	83	62	89	21	48	4	59	71	41	28	32	73	71	1	20	83	4	48	45	76	68	89	87	8	22	6	29	52	17	41	25	51	59	76	46	92	22	64	79	50	6	91	12	26	66	40	17	99	84	36	83	44	75	40	50	41	63	50	54	16	28	77	68	55	49	48	26	44	87	22	65	12	13	81	27	95	20	15	87	70	36	46	40	
12	21	87	93	51	69	52	70	52	62	25	87	92	76	65	80	64	9	22	85	21	89	87	83	44	88	84	65	47	41	41	36	89	1	20	83	73	33	73	87	14	57	60	6	54	86	91	25	90	44	66	100	72	20	19	43	23	76	61	76	26	81	65	4	44	74	2	40	4	27	25	59	58	84	3	20	45	13	48	20	18	30	49	56	3	33	24	4	65	45	54	38	100	58	91	68	28	65	63	65	83	95	35	20	71	63	25	78	9	65	68	16	67	56	23	8	56	68	68	65	46	21	26	27	34	78	84	31	83	94	2	3	30	77	11	83	83	47	75	85	28	87	62	12	27	37	61	61	10	49	100	41	38	35	26	50	45	5	60	32	53	87	18	96	69	9	72	96	69	64	34	92	76	82	50	67	22	92	35	44	76	4	34	24	98	45	21	55	46	23	67	75	71	94	52	16	35	17	50	24	
12	63	97	14	37	57	40	64	8	44	64	99	31	10	1	1	50	91	29	79	39	60	43	24	60	1	13	47	97	86	86	66	61	53	95	6	90	28	98	17	74	75	22	62	56	10	89	30	19	31	91	69	7	32	31	96	49	89	64	72	30	73	47	77	14	14	80	39	97	88	64	10	22	73	39	28	53	87	65	10	94	32	87	69	57	54	26	49	10	13	30	63	60	63	88	33	48	11	19	18	23	58	49	49	98	5	81	87	76	39	13	8	36	34	75	93	1	10	69	81	54	78	11	3	4	27	5	40	16	45	7	62	99	70	39	76	99	57	33	44	35	50	1	5	61	73	31	91	83	54	62	8	20	69	69	6	5	88	35	48	53	41	75	83	56	71	24	99	56	67	93	18	98	70	93	86	2	60	63	42	10	96	93	71	42	17	100	13	61	45	61	42	49	72	19	74	6	73	73	24	
50	88	55	98	73	95	96	92	52	34	5	30	92	70	66	12	85	85	2	65	7	47	13	53	94	47	77	7	14	17	99	40	10	18	31	68	8	40	8	29	43	95	19	22	16	38	93	26	82	40	46	2	89	16	47	54	91	35	27	55	15	70	47	47	98	83	15	22	58	56	19	51	75	20	10	95	33	35	16	72	8	36	99	52	60	34	77	24	9	54	10	10	75	53	98	42	27	18	87	58	12	95	6	42	35	53	84	27	92	52	55	42	82	40	25	55	47	53	77	5	98	21	76	89	81	100	34	70	24	12	7	98	85	99	12	83	14	78	30	26	86	33	7	66	100	100	21	13	23	71	61	82	63	52	35	91	60	35	74	85	78	29	91	87	85	92	98	86	54	93	8	65	64	45	64	9	78	49	46	80	53	60	58	4	1	49	54	24	97	87	60	38	2	3	70	57	82	39	34	61	
7	58	2	10	41	89	19	76	30	81	46	90	6	65	31	98	95	100	23	34	48	93	16	76	25	70	69	82	12	86	53	37	64	49	57	96	38	79	76	20	91	49	82	59	74	86	69	7	49	64	59	51	44	76	23	19	43	79	69	16	56	11	58	97	38	11	42	49	25	83	2	56	39	8	46	7	54	13	15	17	40	29	23	9	40	19	20	7	47	1	90	49	84	80	52	48	22	51	35	34	22	3	43	56	55	75	82	82	49	33	71	92	48	78	50	59	13	38	40	3	40	84	8	55	98	75	44	27	61	11	30	10	96	77	41	69	31	81	49	16	78	35	17	28	49	78	46	52	11	87	9	88	2	91	52	12	32	48	85	30	90	2	63	5	57	87	28	68	95	33	82	71	80	82	100	72	69	83	82	74	38	39	31	14	55	62	62	93	14	73	83	51	86	69	72	24	86	51	41	61	
69	30	46	35	100	20	31	68	5	23	97	24	65	81	71	35	16	40	23	17	89	55	77	7	98	46	64	13	7	98	4	42	7	11	82	51	45	34	43	83	21	49	86	92	61	23	92	65	38	20	39	45	70	28	94	4	56	29	28	80	64	42	67	9	16	98	30	35	30	45	17	42	15	15	12	82	26	66	61	84	53	81	94	13	13	69	90	50	19	49	63	66	32	35	56	82	21	57	62	77	37	25	20	10	59	23	23	36	33	97	6	81	22	61	22	89	51	12	71	89	1	28	40	97	32	38	7	12	87	31	97	56	5	95	18	22	7	34	35	6	98	92	94	94	51	27	30	76	15	14	44	13	1	77	32	26	53	53	78	90	88	22	54	98	80	72	27	71	19	7	82	98	82	84	29	29	20	66	96	99	29	2	8	48	69	47	20	4	21	27	46	77	61	85	28	84	19	64	32	100	
48	78	45	5	65	20	18	12	80	86	67	86	37	58	63	12	84	15	37	100	5	21	95	80	83	67	63	72	68	66	25	12	34	1	27	88	63	62	76	74	69	18	53	94	19	69	13	26	60	88	9	67	71	78	1	98	89	8	16	97	14	84	55	34	55	88	67	15	52	93	4	60	42	43	5	76	80	60	55	24	86	96	95	100	10	35	100	12	16	24	42	100	53	28	10	30	62	52	60	93	46	62	1	7	86	40	79	55	62	31	28	5	65	63	54	32	52	65	61	81	25	84	82	92	13	48	66	20	17	53	93	8	52	13	22	70	11	20	100	55	33	24	53	44	60	72	16	81	66	59	44	42	16	61	67	66	87	41	29	2	22	1	66	63	17	58	75	100	48	75	56	21	36	32	88	83	42	94	14	19	27	47	48	57	2	55	100	29	34	53	28	76	58	7	7	3	69	6	73	53	
70	86	54	46	84	52	55	38	8	6	87	67	36	31	52	74	82	38	2	65	94	98	38	39	28	62	46	60	45	22	84	39	39	49	25	98	67	88	6	66	50	13	43	9	92	46	13	61	73	56	99	24	97	65	94	77	28	40	78	65	29	66	14	90	81	49	34	18	64	53	14	34	91	69	70	44	41	53	28	90	98	62	45	18	90	79	68	73	25	31	65	3	40	18	61	73	83	56	47	20	7	1	71	92	98	37	90	8	59	34	80	96	68	24	98	80	13	64	90	46	98	22	28	98	40	51	51	76	27	28	40	88	75	82	42	14	10	69	48	100	55	25	64	19	86	56	23	74	64	21	41	1	7	12	55	40	18	75	91	63	54	66	55	7	83	32	71	8	50	60	97	51	93	41	21	64	96	34	44	13	51	47	26	9	90	84	4	39	21	96	41	46	52	63	78	6	96	23	54	70	
76	57	94	22	88	65	3	5	77	77	16	79	71	64	95	16	14	55	59	35	27	71	49	78	10	44	45	31	31	43	27	17	92	12	83	96	97	78	91	8	56	8	9	89	40	36	68	77	50	47	32	67	85	4	100	89	40	93	86	15	12	46	1	22	5	1	95	79	28	27	71	20	45	45	67	27	22	37	91	49	32	76	76	50	73	99	36	50	89	36	97	29	57	76	49	12	25	64	53	52	82	41	97	67	24	42	52	4	33	23	94	43	52	93	49	23	61	35	99	30	47	17	30	19	54	68	47	26	7	99	79	77	58	9	28	81	44	47	59	56	7	65	3	51	71	94	79	41	6	13	2	81	20	53	55	17	96	83	87	5	98	63	7	51	96	9	33	35	41	5	5	100	6	44	52	72	73	91	35	5	62	4	84	18	92	52	76	49	3	80	38	87	98	61	92	12	33	13	91	99	
86	4	46	84	53	61	27	57	30	83	44	74	40	61	61	28	99	35	11	35	81	43	53	62	44	8	52	7	59	4	100	68	27	25	62	14	39	37	38	12	61	92	54	30	49	73	2	95	73	78	43	19	84	89	96	89	87	43	56	18	64	26	25	5	31	16	1	70	41	17	71	39	56	75	12	57	23	81	29	67	84	69	65	66	72	33	96	3	66	29	100	23	55	59	45	19	38	47	45	37	80	63	26	81	75	63	85	38	99	38	75	66	63	85	32	63	58	59	38	10	20	69	23	12	86	6	12	24	72	69	91	15	78	33	19	94	64	78	69	39	22	12	53	66	23	33	6	23	3	15	11	73	71	47	6	99	69	56	85	57	80	17	83	96	86	41	54	34	83	62	83	90	74	12	90	17	3	10	94	92	63	22	9	44	93	22	89	74	26	41	71	31	12	68	27	42	23	6	58	28	
68	39	92	66	62	72	34	5	10	95	68	55	20	63	34	22	67	58	39	32	2	63	82	9	33	56	4	18	16	54	29	68	97	33	76	80	93	65	8	13	8	88	26	98	91	60	62	25	56	67	71	20	68	67	85	30	54	10	55	6	91	15	42	91	66	9	31	97	24	63	27	58	13	55	10	91	59	14	39	83	17	20	18	84	14	60	9	48	88	7	33	57	69	91	66	61	82	87	96	33	63	60	12	54	29	14	28	51	38	18	1	33	3	36	33	49	78	68	80	10	47	68	99	45	40	55	29	84	22	57	17	93	76	23	18	32	4	34	97	62	84	78	77	74	96	78	38	90	34	21	96	86	46	76	89	84	9	71	92	87	72	58	32	9	41	100	21	48	82	81	13	64	93	5	48	62	35	56	5	42	46	4	29	60	4	52	91	36	60	74	10	87	92	9	56	51	47	32	92	76	
92	67	8	37	50	20	81	5	21	99	21	63	59	36	46	43	15	23	70	84	10	52	52	34	17	4	21	68	70	41	45	99	50	22	44	17	37	100	94	95	22	71	14	89	60	17	68	72	78	9	22	68	2	29	10	83	74	86	61	52	76	21	33	68	7	88	24	93	69	96	64	25	50	49	56	59	99	14	14	54	91	57	72	32	9	17	58	9	59	50	5	24	65	54	84	7	12	82	99	75	7	17	46	77	24	97	81	35	97	45	26	64	83	34	76	61	31	99	54	53	4	36	74	59	74	95	90	51	8	73	26	13	48	35	51	46	89	84	73	75	27	46	85	27	35	43	26	48	37	93	21	35	34	44	64	36	72	24	98	28	27	75	71	33	54	21	87	80	84	51	49	62	35	37	13	15	54	21	55	86	79	20	82	18	22	83	68	58	61	1	3	83	83	78	42	98	35	32	52	22	
8	64	73	46	78	28	100	23	78	100	34	99	33	45	21	85	16	77	84	91	77	71	3	76	60	76	80	48	5	80	47	74	26	52	3	29	38	1	99	85	88	59	59	51	55	93	11	44	70	35	16	29	29	63	75	23	6	46	52	21	2	28	69	74	4	42	87	5	75	2	38	63	99	30	99	94	22	20	46	33	80	14	48	19	31	65	4	96	2	40	98	64	51	30	84	63	6	42	30	20	21	18	76	54	40	56	13	92	38	3	81	56	20	57	77	50	34	30	34	6	82	82	25	93	12	68	68	68	52	78	22	79	50	10	83	26	12	60	23	97	90	45	62	92	2	8	64	81	51	82	78	72	9	70	36	83	96	99	86	68	71	100	8	35	34	48	80	43	61	17	70	95	79	14	27	81	87	10	18	33	8	100	97	49	90	5	61	3	82	19	19	45	80	48	21	79	70	17	75	85	
91	40	20	26	58	43	21	41	91	5	51	27	45	26	58	4	41	23	31	75	40	48	85	21	5	32	59	69	85	2	30	88	87	22	39	87	36	40	9	31	71	34	58	44	50	55	48	1	99	46	99	29	3	69	18	16	65	28	18	39	3	69	59	4	77	97	7	16	47	48	81	3	28	65	91	44	22	61	78	43	61	15	4	29	48	23	26	18	51	45	74	16	9	48	65	16	48	2	3	5	24	12	25	4	8	23	29	11	94	10	56	57	30	17	16	37	62	26	36	21	70	99	63	1	11	5	34	7	79	69	34	80	66	47	58	59	69	42	96	66	86	40	87	83	50	29	15	94	48	51	16	68	96	63	6	44	69	56	54	95	19	48	50	41	83	82	84	61	96	52	58	9	2	14	96	33	99	51	1	53	86	69	42	81	67	14	13	59	73	23	23	72	25	25	47	43	20	80	67	12	
75	54	53	35	83	47	14	56	26	47	8	52	36	76	17	99	27	50	27	54	76	18	80	27	46	73	67	7	72	83	59	90	42	92	79	93	58	13	60	20	83	19	77	84	56	85	97	45	27	83	87	33	28	87	49	8	15	54	86	7	7	55	19	33	39	51	5	59	89	22	58	61	82	87	60	20	45	81	63	90	96	78	32	71	73	85	83	15	93	34	26	32	1	90	26	91	15	91	17	31	69	30	99	6	49	45	87	98	67	88	44	42	65	43	15	83	95	75	62	85	61	21	10	23	15	81	92	27	72	72	51	45	36	6	90	13	87	85	80	60	91	65	4	38	53	51	99	17	2	43	32	55	40	93	63	75	64	67	93	33	7	75	60	5	62	81	51	17	52	50	67	12	49	64	1	90	48	33	54	27	48	20	88	94	92	3	60	55	28	62	19	63	92	71	10	31	47	41	22	33	
51	53	29	65	50	6	19	66	87	17	20	94	48	12	61	33	86	84	14	90	75	50	35	67	32	2	30	76	100	42	89	39	71	75	94	96	90	96	96	7	77	4	60	53	57	99	97	47	38	74	99	40	52	16	45	58	1	55	3	52	59	50	13	47	80	38	43	53	80	57	75	65	50	15	27	65	92	69	32	94	73	25	19	69	96	69	49	45	71	11	90	87	73	19	37	10	92	98	40	27	61	74	49	76	64	35	46	79	99	60	78	24	76	65	59	68	39	22	56	85	91	43	98	3	52	21	43	90	89	31	12	94	25	6	96	83	50	61	93	93	48	27	28	91	82	6	76	71	29	77	13	79	19	35	30	40	34	93	8	82	82	56	97	5	83	13	49	70	58	67	7	50	35	43	36	82	4	66	75	82	76	74	76	72	35	59	68	70	68	37	21	22	8	45	59	22	69	55	15	14	
97	91	57	12	93	30	35	77	4	53	82	60	39	68	46	49	28	35	3	77	97	29	65	52	43	67	73	84	35	82	90	11	67	100	22	84	75	82	63	35	35	15	62	24	43	52	1	20	84	48	10	13	63	41	51	48	23	65	76	2	31	95	18	21	76	19	47	57	36	63	38	23	51	44	53	8	100	38	35	45	87	30	91	1	18	81	90	94	5	99	47	47	81	65	41	78	15	26	52	19	86	59	78	36	75	63	83	63	38	53	92	83	62	86	69	28	26	69	74	41	2	63	42	92	13	49	32	65	78	87	73	41	68	49	55	19	31	50	49	73	62	97	35	33	86	47	5	79	68	44	47	52	32	91	63	50	92	18	65	71	98	21	51	100	90	64	62	95	9	12	50	33	38	79	91	41	29	52	88	34	42	9	83	57	57	43	9	81	72	7	40	46	96	52	87	2	13	30	38	53	
88	11	60	33	27	18	11	4	56	91	48	37	95	3	86	45	83	65	5	15	10	4	21	2	15	28	93	40	89	39	24	25	87	84	41	32	5	59	23	14	38	79	88	81	45	83	83	94	24	65	72	35	47	82	58	60	81	12	40	80	75	96	23	2	25	53	96	86	94	39	70	92	84	70	61	72	67	73	32	23	72	34	48	18	94	84	71	86	61	9	79	52	75	32	94	28	10	91	12	92	90	20	40	8	39	47	27	81	5	77	58	72	51	33	74	27	42	61	17	86	63	81	69	97	52	59	49	3	9	84	40	95	25	31	49	35	72	58	39	79	2	54	49	63	54	23	42	81	34	62	56	6	70	57	28	41	76	98	64	80	82	36	93	6	74	93	35	79	2	49	35	38	65	91	19	82	39	40	35	60	92	70	53	3	20	9	2	12	78	40	50	19	66	21	68	92	75	65	4	78	
7	33	13	19	81	3	66	35	75	69	64	21	76	90	18	99	97	70	88	19	88	89	92	84	75	95	95	62	49	48	25	16	22	56	89	51	60	51	4	75	12	59	50	59	29	50	79	90	25	73	100	41	57	78	9	85	7	94	6	37	81	96	3	31	19	1	69	46	50	97	19	19	44	59	65	79	67	23	85	42	70	82	33	55	95	24	60	86	49	94	71	21	3	88	69	41	64	97	84	93	9	17	51	53	30	96	57	63	43	94	60	33	66	11	11	27	56	87	78	53	56	9	61	56	54	49	31	67	53	78	78	90	16	82	5	83	8	66	81	64	19	69	82	95	3	41	42	16	96	65	23	29	2	94	60	63	82	70	45	82	84	32	41	44	12	5	37	14	14	64	43	79	91	23	96	25	80	74	56	49	78	21	32	27	92	35	79	12	88	77	80	65	82	34	50	37	43	38	63	50	
51	25	65	59	66	30	41	19	72	33	14	11	43	1	26	65	87	4	2	28	18	37	81	50	73	91	15	24	4	49	17	96	56	17	100	55	50	71	40	38	3	98	1	32	91	86	11	74	78	77	99	26	62	87	18	88	64	57	87	54	16	16	99	1	89	36	87	26	1	93	61	4	50	89	56	88	62	3	9	25	53	59	20	48	89	21	96	99	43	70	90	6	26	50	70	14	44	87	30	82	48	63	84	27	86	16	4	2	30	45	56	6	37	54	95	70	77	7	14	72	85	78	14	9	15	48	35	20	81	12	98	4	93	80	22	79	43	3	14	61	46	33	31	56	25	63	73	84	75	70	52	98	38	40	77	50	50	93	64	100	29	88	21	52	90	48	13	27	96	1	36	91	19	96	6	75	85	14	73	70	49	43	21	37	78	1	69	5	76	27	88	42	19	77	47	91	46	86	42	47	
51	41	5	27	90	96	98	44	86	14	84	21	57	35	21	13	43	1	86	61	27	99	35	23	65	65	87	71	17	93	93	92	88	27	71	49	61	72	29	57	58	89	88	87	46	4	91	48	17	79	6	95	65	3	86	86	92	66	7	92	67	11	48	70	24	58	36	41	70	21	92	83	30	60	76	94	60	88	38	51	5	83	63	20	54	59	23	52	86	11	25	6	80	71	12	88	25	87	14	100	28	33	54	24	72	37	64	73	38	92	47	49	1	90	86	44	27	81	15	69	2	56	88	62	56	52	92	5	57	11	35	82	31	57	67	62	88	71	45	47	35	18	91	17	77	13	30	18	26	17	52	22	26	24	67	54	67	86	9	72	29	83	64	72	17	62	15	81	33	90	82	41	82	25	75	74	23	71	30	99	37	29	54	62	58	85	20	25	60	77	23	11	23	56	17	7	48	89	66	85	
3	59	88	3	41	49	74	2	23	77	78	14	60	18	10	27	52	46	98	47	52	87	51	57	9	100	4	69	77	30	69	18	74	62	33	13	22	89	1	9	91	48	3	62	9	93	75	76	86	97	92	98	29	67	82	8	70	72	55	90	76	40	37	24	80	67	46	1	75	36	49	18	94	36	62	99	78	77	67	69	47	77	81	30	2	83	94	64	80	29	99	54	71	92	26	68	86	57	36	21	33	23	83	32	45	20	5	64	31	51	60	18	76	95	90	3	88	56	45	89	4	26	29	59	2	51	72	22	48	3	27	92	6	3	92	57	6	28	42	99	53	97	73	67	81	32	90	80	75	81	39	60	36	14	73	16	22	2	78	69	20	42	96	73	3	35	54	87	99	48	4	29	39	80	85	23	72	41	91	100	60	35	4	24	57	58	33	69	33	66	55	13	84	96	42	8	44	48	5	78	
55	88	18	80	32	88	23	94	56	12	80	84	98	31	80	28	75	61	88	37	75	9	24	2	45	7	18	26	10	86	8	65	68	49	92	22	35	92	70	70	89	31	100	23	42	46	83	41	72	39	99	22	84	30	58	83	76	46	90	55	13	92	26	44	16	53	19	3	35	53	79	43	86	61	33	45	57	9	50	23	12	39	17	35	52	100	47	62	73	86	72	10	63	11	40	57	91	27	84	41	61	65	48	39	62	21	63	77	37	25	38	36	38	100	68	97	77	76	40	29	21	95	54	86	5	36	35	62	58	46	95	12	53	43	86	45	91	74	43	28	86	70	66	65	31	27	42	85	10	67	11	70	25	23	30	28	92	60	49	83	66	94	34	91	10	56	21	10	51	33	66	52	40	74	14	71	41	38	70	50	4	28	62	73	92	49	37	77	69	15	52	56	46	28	46	97	60	60	36	92	
77	77	56	81	13	28	62	16	28	96	5	2	6	60	92	20	7	40	77	52	73	71	30	36	36	78	77	4	1	21	28	75	33	22	10	52	84	1	59	10	99	34	19	41	78	30	11	90	88	8	42	24	45	22	1	35	13	29	81	59	65	73	29	52	56	75	68	39	96	34	88	93	60	8	36	49	27	42	9	36	6	26	99	46	22	14	87	59	71	76	82	45	91	84	84	81	25	9	61	100	22	30	84	79	51	91	70	50	37	30	39	23	54	87	100	78	100	98	62	83	16	14	37	86	42	3	73	20	41	45	29	11	99	16	4	28	47	38	59	1	72	78	8	18	99	9	57	6	33	100	14	39	94	53	94	77	35	63	46	82	96	14	44	35	94	5	55	18	1	54	75	88	35	56	73	30	91	70	63	29	7	100	93	79	37	99	47	41	20	56	42	86	58	73	27	55	72	69	41	11	
51	74	82	4	34	62	45	69	81	45	56	68	91	16	13	9	42	27	75	41	26	67	98	92	61	96	37	23	88	53	30	38	29	20	4	6	37	62	54	86	91	12	84	49	89	9	92	36	100	31	82	73	49	26	98	5	62	61	99	5	55	34	52	54	96	35	58	34	68	96	45	24	29	29	22	44	4	47	66	81	49	92	36	50	97	92	67	16	23	98	79	35	27	94	62	72	78	47	6	82	46	88	93	45	9	73	81	85	67	16	97	46	69	51	31	21	35	44	16	67	64	43	79	72	19	47	12	59	84	25	23	88	12	5	95	59	72	81	27	32	18	21	37	26	98	100	54	76	4	50	59	40	24	86	94	68	44	42	80	74	99	19	13	5	92	42	86	33	53	27	82	34	60	49	70	99	100	50	29	23	60	53	40	85	29	21	48	85	44	21	3	3	24	59	69	78	77	66	70	68	
80	45	26	11	30	76	22	85	91	25	22	81	97	100	52	49	60	51	100	79	95	40	14	47	87	87	83	64	38	97	1	25	39	69	93	88	96	66	14	10	66	87	39	80	81	93	76	46	78	39	35	74	40	36	33	74	71	71	66	19	61	30	59	72	15	12	45	69	1	54	73	12	29	77	77	13	18	86	98	16	78	89	29	98	98	100	95	61	24	94	57	78	66	87	39	20	1	15	49	46	63	83	21	97	49	30	87	48	67	69	24	88	19	1	98	60	27	43	71	15	92	78	70	27	65	76	51	45	65	59	60	97	21	40	90	72	90	34	70	29	76	70	46	14	11	65	85	6	23	40	96	99	60	78	5	55	76	10	53	38	29	27	51	62	63	46	79	8	86	48	76	42	92	78	49	37	60	4	7	60	75	87	96	48	9	32	22	2	10	56	74	29	77	92	100	57	50	8	50	46	
17	83	4	51	54	46	86	55	31	60	28	64	28	92	23	70	1	100	41	79	47	41	75	5	51	61	68	33	57	27	82	52	8	54	59	33	65	72	37	51	68	85	95	8	8	50	85	27	13	44	76	46	15	30	64	99	98	65	28	93	11	17	14	34	71	42	82	79	58	12	3	50	12	67	49	34	54	36	25	58	70	87	42	37	99	77	13	1	73	51	68	84	30	43	56	65	51	61	41	63	75	38	6	59	97	58	76	48	45	25	15	98	10	88	72	39	9	82	72	25	57	13	100	85	74	95	12	96	100	62	73	10	85	14	2	91	9	28	95	53	7	21	90	66	52	38	5	92	87	43	34	17	77	65	46	49	4	96	60	39	2	47	47	4	22	4	20	100	69	20	74	9	70	21	43	29	35	28	100	53	87	73	99	33	37	94	92	92	68	47	71	23	73	26	28	78	21	27	49	24	
67	52	74	4	23	2	93	3	8	89	54	8	15	14	48	80	92	21	56	34	85	73	12	21	8	40	49	62	48	52	76	55	99	8	70	40	6	19	65	42	44	16	23	38	25	96	19	15	6	10	82	71	37	72	4	50	13	25	19	29	81	24	85	65	21	89	54	100	84	8	14	42	22	85	43	37	61	98	81	45	25	53	82	62	37	52	88	96	43	25	91	1	16	18	71	10	50	60	62	43	85	43	78	6	65	93	100	24	4	27	24	73	88	11	97	28	15	86	95	46	52	13	23	71	78	1	30	65	31	4	16	5	80	6	55	92	25	5	66	85	26	41	38	99	95	55	43	100	81	95	10	5	67	63	35	48	34	93	58	31	8	48	26	84	9	29	82	97	42	88	76	83	53	32	21	54	4	62	93	40	96	99	65	90	72	31	71	62	77	6	55	54	91	88	86	10	52	61	86	87	
93	91	89	74	36	58	78	99	21	38	31	92	64	87	26	62	70	100	14	75	55	50	52	41	21	99	10	74	34	98	64	31	87	71	62	51	78	19	68	43	43	38	91	31	79	6	45	7	38	12	67	91	62	23	77	31	14	57	27	42	79	13	17	93	7	17	70	62	37	52	3	57	84	42	35	79	12	76	20	80	87	31	39	83	39	28	64	21	74	43	73	7	50	91	66	91	3	92	8	63	30	16	41	64	6	52	34	72	24	100	41	22	41	27	74	84	59	36	70	91	13	63	53	54	19	22	12	39	55	35	21	12	37	23	86	9	82	35	75	29	23	10	45	29	24	82	69	36	36	4	8	98	65	24	17	26	24	71	4	14	48	57	9	18	44	60	18	49	81	94	72	57	3	27	37	62	24	73	79	85	48	33	90	43	80	96	64	96	25	90	96	11	54	27	22	27	34	23	7	52	
20	19	56	43	93	72	66	21	53	64	32	92	38	76	9	39	41	92	59	73	85	16	37	39	77	50	39	98	59	20	26	87	15	49	19	44	50	97	46	48	86	78	78	32	90	81	94	11	90	45	19	22	83	48	50	80	84	81	72	41	79	41	30	46	13	1	21	87	23	89	66	30	43	87	6	57	41	41	40	91	46	47	49	18	88	70	28	100	40	33	7	14	12	17	1	8	16	36	72	83	29	54	58	62	23	68	35	69	54	48	85	27	58	86	79	3	19	19	46	76	45	46	8	17	74	87	19	6	96	76	7	13	80	3	29	59	60	21	15	99	19	59	60	47	73	36	80	65	10	93	45	14	13	64	25	44	98	42	1	55	69	2	90	92	93	4	22	90	67	92	35	57	20	92	78	58	57	92	37	29	9	37	72	80	28	99	12	41	18	22	60	68	63	69	17	77	66	76	87	5	
68	100	49	44	7	32	37	6	68	96	23	7	72	65	89	31	23	54	17	30	13	19	38	48	44	18	79	45	31	15	63	12	23	95	90	78	7	92	4	36	15	91	90	75	34	34	60	48	39	11	16	62	59	6	16	23	91	8	70	25	99	71	90	82	93	100	80	14	19	71	39	15	40	8	45	53	94	70	1	2	59	24	44	22	43	63	49	63	20	14	85	29	74	88	13	46	13	63	78	26	43	65	72	66	83	64	77	50	86	12	13	59	90	57	44	98	1	74	44	86	76	13	31	53	3	63	65	85	51	52	90	34	29	23	6	84	54	66	60	80	42	44	72	33	62	6	96	16	67	14	40	44	10	25	70	87	45	17	49	62	47	55	84	52	22	52	83	5	14	3	59	43	9	35	1	85	58	49	99	21	32	94	31	96	99	3	69	72	16	87	50	46	56	31	67	9	69	37	46	94	
28	38	98	28	80	98	1	69	96	65	79	63	80	44	70	6	75	71	52	92	89	39	9	14	83	10	51	14	25	93	99	52	42	87	28	82	56	75	84	67	42	45	90	100	15	57	98	88	17	100	57	45	91	68	34	64	2	69	5	100	11	40	46	64	89	73	49	92	82	42	71	24	49	41	25	86	26	13	26	50	45	65	7	31	74	56	91	8	98	31	78	66	75	33	49	6	4	41	59	42	93	23	99	91	79	58	7	64	56	17	75	30	57	84	67	12	2	32	14	50	52	34	34	28	37	85	65	3	69	79	27	25	54	6	95	1	100	48	5	55	44	58	66	4	86	74	76	5	64	77	34	80	30	54	93	22	21	100	54	62	20	100	4	76	89	91	68	61	13	60	68	9	2	79	69	20	33	37	47	48	22	92	71	64	12	69	55	62	38	22	2	34	10	81	52	89	59	51	12	47	
46	98	51	71	41	85	65	85	70	31	9	88	64	41	95	19	52	24	33	49	71	89	94	60	58	78	58	84	15	8	70	91	49	67	28	57	22	38	12	18	46	54	44	52	82	56	35	26	88	27	84	81	5	73	48	59	66	9	15	17	51	69	81	51	96	52	77	33	48	84	29	59	90	98	4	38	61	92	8	79	88	29	67	13	46	49	60	41	78	54	88	1	10	6	15	12	63	68	55	76	80	2	54	6	34	2	52	36	78	3	4	77	71	7	23	82	98	31	89	14	43	76	92	76	72	59	49	48	91	51	5	53	8	64	47	90	62	95	69	10	25	60	86	67	98	5	14	34	27	88	51	6	38	51	2	65	55	13	24	93	4	29	39	49	74	36	58	3	59	55	70	81	12	12	5	25	69	77	41	85	2	92	62	96	41	72	62	42	75	20	23	36	64	40	66	5	19	54	88	38	
16	50	62	83	25	86	11	95	44	61	8	77	38	82	94	12	65	75	20	9	2	58	95	64	61	82	90	76	16	80	76	69	9	47	38	9	84	40	47	26	9	76	27	29	4	95	77	67	33	25	96	32	80	53	34	49	60	25	90	48	34	99	4	90	65	55	55	90	47	94	94	41	62	42	74	62	69	88	72	74	92	44	6	94	35	68	17	89	74	65	9	84	98	24	90	82	80	2	55	87	84	11	83	55	12	51	26	21	28	75	85	3	91	20	25	71	16	84	62	38	63	40	70	63	41	57	48	35	60	39	18	98	44	77	47	48	1	39	76	87	36	96	11	70	34	77	70	53	17	71	82	62	62	29	6	12	46	61	97	14	21	34	21	3	26	60	61	82	73	28	68	72	78	88	76	60	33	69	20	44	10	68	77	25	18	16	38	75	85	32	73	33	10	32	6	87	15	28	88	99	
37	57	78	67	8	83	12	32	87	36	17	68	73	85	37	86	11	82	96	100	74	95	84	9	43	54	48	58	74	22	61	26	44	93	19	18	44	21	71	24	69	56	10	89	90	37	60	73	30	87	95	14	16	33	40	68	36	38	75	71	75	50	58	49	73	97	21	17	51	30	14	17	51	80	83	37	15	70	5	21	32	10	24	84	71	10	71	2	72	40	49	62	36	61	62	86	34	83	24	82	6	23	30	62	42	5	92	75	31	63	95	41	38	39	60	11	17	58	78	72	92	47	73	37	43	15	33	67	40	42	20	44	55	31	64	61	61	52	21	37	7	49	72	72	53	40	84	88	97	89	43	98	18	90	34	13	23	45	87	73	27	53	96	80	41	74	1	19	23	62	37	7	40	77	27	77	66	15	56	21	56	47	6	90	22	87	22	20	32	95	43	100	46	86	31	81	51	39	49	16	
16	88	71	39	82	85	17	83	73	84	26	66	94	98	17	23	99	61	8	97	2	5	39	78	44	30	3	98	50	67	73	34	69	25	19	84	94	91	86	90	57	100	1	56	78	76	92	9	58	80	95	18	34	11	52	51	19	34	22	60	72	46	57	75	11	39	13	67	25	85	94	71	29	51	68	41	22	10	33	3	72	26	63	86	66	14	23	5	94	66	5	22	40	5	65	57	31	2	100	48	4	25	70	77	21	23	66	5	4	41	85	3	55	54	98	94	17	24	69	67	34	31	51	42	50	71	70	14	57	4	81	25	38	94	32	34	87	36	31	72	96	39	13	84	63	90	5	52	89	1	11	33	18	52	13	81	67	61	60	83	46	28	41	38	71	10	3	19	23	19	21	40	50	80	88	23	55	52	42	3	74	71	55	96	60	50	2	23	73	43	28	96	46	7	12	90	24	13	52	37	
81	17	58	41	23	35	63	75	98	26	46	36	74	43	81	53	54	83	4	77	18	64	99	35	10	12	52	10	63	86	81	62	26	14	22	5	59	63	76	90	88	70	99	94	10	72	42	18	91	28	92	47	82	20	52	78	79	93	28	79	51	17	12	33	100	67	14	32	23	18	51	92	72	3	29	24	28	55	70	16	71	20	4	38	35	56	12	79	25	60	97	1	99	19	81	14	51	40	86	31	95	65	56	79	49	85	66	29	46	72	42	34	53	23	29	31	24	55	60	84	36	77	63	80	53	11	42	83	88	72	70	13	68	68	95	77	96	55	84	31	38	72	98	7	59	45	98	68	23	89	75	46	9	8	14	27	75	42	38	51	77	76	46	87	31	87	83	45	72	63	22	46	19	65	42	11	13	56	86	3	29	23	54	11	68	46	34	36	33	100	96	74	30	14	33	32	24	62	17	38	
70	75	60	22	79	19	94	58	93	63	72	74	63	14	69	31	47	70	63	18	4	67	75	3	8	72	36	60	46	60	81	55	47	42	21	67	66	17	75	61	45	94	25	41	40	56	16	56	20	6	75	84	72	39	91	20	43	74	80	34	55	20	96	71	13	89	92	64	86	41	43	43	2	10	89	19	46	47	17	55	19	49	83	55	44	7	95	33	32	25	46	58	10	56	7	59	51	58	12	52	54	33	96	93	98	66	68	49	25	39	2	100	30	98	24	4	78	20	52	65	37	86	58	95	58	51	73	79	90	65	93	70	63	73	94	6	85	19	92	22	30	39	85	18	30	97	9	89	67	85	38	75	17	1	88	95	71	49	2	86	61	58	52	98	12	92	83	80	25	92	8	96	66	82	19	23	84	46	58	24	77	73	91	54	63	56	10	64	10	46	46	30	37	80	73	68	61	72	49	58	
7	66	71	53	25	20	70	83	65	97	14	88	6	53	3	11	29	11	29	52	58	56	1	57	36	51	8	13	97	78	53	91	51	86	91	32	95	83	74	74	35	14	61	79	19	68	48	17	80	92	38	85	7	89	95	81	64	11	82	29	7	70	66	56	78	50	42	88	57	46	93	58	27	42	38	8	100	42	18	55	59	4	67	68	46	10	8	44	59	60	39	18	13	28	23	69	46	51	16	76	72	66	90	34	13	48	63	8	4	52	57	40	5	51	19	65	27	4	42	80	46	87	65	28	6	81	96	96	99	29	12	14	39	6	18	18	26	18	39	16	58	9	49	64	75	90	8	3	86	56	79	92	62	68	2	20	94	72	3	69	85	7	63	61	68	9	78	48	25	71	45	52	21	34	77	56	96	28	73	59	92	26	88	27	69	31	81	40	32	86	7	14	80	31	9	9	68	23	76	75	
76	3	31	51	64	6	56	41	27	91	81	64	62	2	29	3	81	31	65	8	11	1	45	89	27	70	8	58	55	87	37	55	66	99	81	92	25	44	88	7	64	95	15	3	48	68	38	33	13	38	49	3	8	1	14	26	90	64	31	70	45	39	43	13	33	70	30	95	58	33	6	94	22	43	77	8	18	87	42	87	47	60	61	70	95	95	96	33	2	10	90	52	19	80	38	86	62	46	50	17	63	27	72	66	32	25	39	66	29	61	83	22	37	42	47	29	99	88	41	7	80	52	64	71	36	31	60	45	93	100	6	62	50	44	76	62	22	17	81	93	49	25	51	70	70	36	76	24	90	99	70	16	11	13	34	15	52	19	70	72	28	7	78	92	27	56	42	21	47	10	59	87	68	50	47	17	42	46	27	69	100	28	86	22	17	67	52	66	6	31	12	33	73	9	33	55	17	67	69	95	
93	7	88	51	30	86	4	45	96	13	90	71	5	17	78	80	72	3	74	52	21	81	23	55	54	75	28	69	77	82	42	6	34	22	31	33	17	66	31	27	41	22	8	66	33	50	10	89	27	65	3	93	90	77	22	48	3	79	32	48	100	21	8	43	46	59	99	20	6	25	28	89	15	48	98	21	14	1	71	66	25	30	80	48	17	75	77	73	25	12	40	68	64	49	76	4	96	62	66	95	8	37	99	6	21	22	82	23	45	67	32	3	2	48	17	97	98	92	89	35	60	64	29	50	84	19	59	40	80	97	73	21	11	74	21	66	94	65	48	88	83	25	62	50	3	37	87	37	88	81	43	44	86	32	95	87	16	74	57	24	84	3	6	12	42	51	98	79	43	31	22	2	92	37	91	7	8	97	55	78	57	78	10	27	77	9	89	5	87	81	90	32	68	9	55	73	45	85	41	55	
93	75	80	60	1	32	60	73	77	21	49	76	56	72	36	38	66	37	41	50	13	21	57	35	77	81	100	61	57	85	92	8	93	78	29	45	41	10	49	10	95	35	84	25	1	8	33	87	85	3	63	44	47	10	44	70	59	17	55	51	66	55	68	68	73	36	5	24	45	54	40	8	94	18	28	29	12	59	61	48	80	70	62	21	96	12	83	69	2	40	77	62	47	27	65	61	82	80	14	92	87	50	53	5	89	77	96	88	71	4	84	8	18	39	15	100	71	1	46	57	39	71	63	26	62	97	28	81	61	82	19	55	86	12	9	80	10	14	46	40	74	19	59	63	62	71	30	38	45	25	84	58	70	33	44	70	35	6	82	86	19	69	96	33	23	47	35	70	20	47	69	13	75	43	46	48	44	60	72	77	50	21	52	34	66	69	59	19	15	51	24	24	61	68	17	45	79	53	43	53	
51	2	64	86	91	94	95	13	60	24	59	71	25	16	20	20	75	71	49	40	29	28	55	31	43	39	78	13	40	41	82	68	88	33	64	86	55	47	33	72	97	61	71	59	81	76	85	53	16	83	18	42	10	41	79	21	94	64	25	85	64	30	23	81	12	55	6	34	98	30	27	28	98	47	91	99	13	75	63	99	20	65	43	81	73	71	42	55	84	48	57	90	6	73	58	30	13	55	41	76	47	26	42	60	44	84	39	23	15	44	2	40	73	72	22	26	11	64	8	22	16	68	58	100	20	11	71	21	28	41	43	5	29	92	10	79	74	51	20	59	90	36	87	69	100	73	86	49	42	94	82	44	22	65	36	36	17	73	39	51	64	6	23	13	6	32	32	17	80	41	55	30	65	38	86	89	48	60	69	66	8	27	61	23	76	37	51	54	28	39	13	62	72	23	67	85	53	61	58	18	
85	65	50	7	31	58	41	81	17	2	52	85	93	63	58	56	26	48	8	15	24	72	2	5	35	95	80	42	45	41	29	40	93	14	68	47	68	93	28	22	42	80	43	12	3	12	76	47	52	99	7	53	84	58	56	36	34	25	22	6	71	5	33	52	42	9	87	64	26	63	21	83	78	25	72	55	88	99	92	72	67	12	83	10	37	80	26	9	94	63	3	65	9	75	10	20	47	98	6	60	19	77	30	57	40	67	65	70	45	77	71	74	22	6	27	5	48	58	14	95	17	56	32	47	21	84	41	91	19	41	27	13	87	67	78	61	80	21	20	40	28	30	20	49	58	46	53	14	62	90	61	58	17	33	6	46	50	73	34	41	32	73	54	91	58	92	52	75	67	22	15	38	4	63	42	66	5	36	41	70	50	49	86	7	87	46	12	88	88	49	52	17	49	76	69	41	43	58	71	17	
54	9	99	33	69	60	16	29	80	81	29	90	100	99	76	36	77	23	34	97	43	79	8	27	88	80	63	73	36	70	8	76	31	8	7	54	11	17	83	12	87	96	55	100	76	99	78	37	75	55	89	88	58	57	28	60	58	67	59	26	74	52	44	41	46	25	40	84	47	1	16	89	100	17	29	3	18	28	24	73	66	32	64	5	36	47	25	37	11	69	17	88	61	77	34	53	85	93	55	57	69	1	20	58	36	42	77	31	23	29	81	46	50	27	15	19	46	51	91	69	88	20	12	73	95	50	50	56	67	34	94	23	62	14	13	58	62	21	51	49	94	87	3	28	31	73	47	40	25	43	77	44	86	85	51	40	24	24	61	61	100	53	70	99	28	76	22	85	12	33	14	53	78	50	47	85	78	92	11	68	46	24	87	52	5	94	47	38	99	16	37	38	58	75	95	55	53	18	17	74	
