200
4769
84	40	33	41	95	65	25	80	84	59	97	55	88	16	16	56	4	53	9	76	9	68	41	67	29	2	97	76	17	13	5	54	87	60	67	67	13	89	73	46	42	32	75	38	63	92	83	98	49	20	25	45	33	29	18	76	68	19	5	26	71	78	72	22	33	51	2	86	50	20	95	52	24	63	53	28	91	98	42	75	55	68	21	3	98	1	30	18	34	41	88	100	11	92	13	20	73	34	36	41	68	52	91	80	16	77	80	49	43	94	80	64	21	38	55	97	92	22	79	21	39	21	49	11	77	100	32	42	28	30	99	81	35	71	2	74	93	34	36	79	91	61	51	29	48	2	26	53	49	47	98	92	96	58	85	24	34	5	10	31	42	20	46	72	3	19	61	86	25	72	78	78	57	92	3	28	17	91	97	86	21	30	18	42	58	76	70	89	100	16	55	23	21	72	20	3	57	21	20	97	
45	90	8	40	24	39	42	97	65	80	54	67	21	98	20	55	15	1	82	36	80	1	84	45	13	26	37	79	29	15	1	32	90	71	2	27	48	44	40	64	44	56	59	87	48	57	32	41	73	80	92	72	37	36	31	76	4	22	70	31	58	25	34	6	26	95	100	98	77	84	34	20	82	80	88	18	8	49	96	46	8	80	37	27	21	35	20	4	15	7	48	64	82	63	28	75	6	50	41	55	40	96	15	29	92	24	44	57	22	72	4	9	85	67	39	30	35	93	87	81	31	33	86	23	19	78	98	61	80	63	57	34	7	93	67	77	45	52	44	58	28	95	10	69	12	98	84	73	63	72	53	61	38	69	81	52	45	47	78	55	3	75	79	94	58	16	41	73	32	44	78	52	12	68	22	22	9	57	12	94	52	96	17	97	1	56	85	37	85	50	85	83	69	20	26	85	34	7	45	21	
90	39	16	31	17	3	89	26	72	12	88	75	20	96	70	78	32	25	77	83	50	65	75	46	26	31	90	44	69	79	40	84	69	87	5	32	81	55	22	49	31	32	93	13	13	81	48	31	34	80	19	24	54	40	100	90	89	72	5	14	56	49	16	67	76	97	92	32	2	13	9	63	87	91	62	46	46	28	22	46	14	25	81	11	84	21	33	86	38	77	53	100	18	24	62	4	55	99	100	29	55	95	1	70	43	54	28	60	51	90	77	44	30	6	94	38	17	42	9	62	2	40	55	94	63	81	69	14	100	26	15	5	56	59	71	25	32	2	39	94	27	24	41	1	52	63	29	84	55	19	20	4	43	43	38	77	47	94	94	52	28	72	12	52	49	62	97	3	51	93	72	22	82	46	47	80	8	95	49	24	46	16	57	22	87	17	59	61	2	65	98	51	79	18	67	97	55	81	16	9	
8	16	23	74	74	53	53	78	45	16	44	11	61	28	29	88	71	16	3	46	99	40	48	54	64	80	84	8	96	26	28	81	57	75	87	50	7	74	92	55	68	56	44	46	18	65	24	55	25	57	9	49	68	31	24	66	27	22	63	58	73	45	8	86	8	93	55	23	74	29	6	79	70	90	23	73	35	31	79	58	100	88	10	8	70	71	77	15	56	98	21	22	84	71	57	95	2	58	6	53	71	55	80	99	15	64	59	16	6	46	6	34	93	21	19	20	25	88	82	63	7	37	90	41	11	98	18	40	11	74	4	86	8	52	51	42	81	61	15	98	99	17	28	72	28	39	3	84	87	48	58	3	36	25	39	37	54	43	97	50	82	62	30	65	31	8	15	16	57	98	11	26	98	2	94	6	40	69	86	34	87	75	98	21	16	54	2	90	56	93	67	83	84	30	31	65	29	61	17	83	
40	31	74	94	98	49	71	1	54	40	25	26	23	72	45	96	23	59	75	16	93	98	17	87	16	17	28	27	54	24	89	1	15	69	47	12	49	40	35	63	53	44	43	64	26	36	6	70	89	48	91	98	78	62	39	78	93	82	44	75	20	26	75	1	81	52	54	7	40	36	63	68	73	40	26	70	21	12	12	58	80	82	38	59	88	55	8	86	12	91	25	51	34	62	58	29	94	61	87	38	85	5	63	1	76	91	49	100	92	72	30	60	51	10	77	96	67	23	81	8	3	66	100	79	84	41	62	90	62	96	98	96	95	44	89	10	64	61	12	88	10	99	55	95	20	73	17	7	64	30	7	15	27	21	96	29	79	87	54	53	72	69	2	15	18	67	40	54	98	92	91	37	86	96	75	87	53	61	42	83	48	12	92	73	82	57	31	57	76	80	8	63	6	42	20	40	6	36	30	15	
24	17	74	98	89	10	52	44	71	85	67	15	65	75	14	54	69	100	61	74	35	4	79	25	99	1	83	15	67	69	46	74	87	71	89	94	81	93	37	46	89	33	15	6	27	64	49	62	9	65	11	69	78	19	66	47	27	1	1	67	48	49	55	60	9	53	18	63	32	59	87	6	53	52	19	31	40	21	28	76	11	71	95	79	61	64	64	77	49	51	1	93	76	27	14	69	22	12	22	25	86	26	59	90	85	100	25	38	51	32	79	29	17	25	15	75	48	37	87	70	99	27	25	100	8	67	1	85	53	38	92	11	81	20	94	65	40	6	32	71	42	70	86	78	52	63	1	3	28	15	81	81	10	37	38	88	65	44	17	5	83	43	42	14	34	84	83	4	61	100	95	5	90	71	3	15	4	2	60	65	75	42	71	90	91	31	96	8	32	100	83	36	86	74	71	92	29	44	91	32	
39	3	53	49	10	16	80	28	47	39	38	27	24	36	48	91	28	63	61	40	2	74	76	98	74	73	36	18	14	49	51	16	88	86	62	80	93	6	36	11	71	81	45	81	94	31	1	29	21	11	26	51	14	94	75	86	8	14	30	59	49	75	50	78	28	84	65	71	6	76	66	51	69	85	23	95	24	70	93	79	40	36	58	67	35	88	78	82	72	53	41	79	5	85	73	25	94	13	57	90	22	59	4	2	83	60	47	4	13	4	83	15	49	92	8	43	74	38	100	41	55	87	39	99	62	32	43	50	75	17	86	49	26	19	52	38	19	21	88	60	35	55	30	35	19	9	70	18	12	40	7	35	23	76	28	61	39	18	49	47	90	61	92	14	11	32	53	71	25	85	20	41	89	92	63	57	42	51	89	74	74	46	41	20	27	92	21	50	8	46	87	52	59	4	99	32	18	19	42	94	
42	89	53	71	52	80	63	58	38	30	17	20	15	4	75	8	52	77	25	3	67	66	63	19	97	53	13	45	89	86	90	54	37	95	30	25	76	39	70	2	8	54	80	16	95	33	73	49	34	59	37	35	4	88	41	63	88	49	80	27	20	92	67	56	21	64	69	3	44	72	79	85	96	82	13	79	16	71	56	21	72	23	61	74	29	70	60	14	74	54	63	19	40	41	51	10	58	40	35	41	26	58	23	5	94	15	69	52	89	41	17	75	26	2	7	7	18	75	23	37	77	47	9	31	95	55	52	10	44	66	22	84	47	95	62	63	37	23	80	43	4	76	48	22	20	89	95	94	4	9	14	57	29	6	42	70	94	38	71	31	37	55	85	56	96	11	10	27	6	68	14	31	26	92	90	6	15	2	72	58	86	24	77	71	23	67	56	93	100	49	87	23	88	100	93	91	35	2	16	24	
97	26	78	1	44	28	58	49	28	46	39	71	93	74	83	42	69	45	12	58	42	84	5	72	56	98	93	44	12	38	99	99	47	92	58	73	76	9	21	3	79	67	86	73	82	61	76	53	56	54	23	64	33	46	50	82	95	14	43	74	50	53	8	43	46	99	81	67	86	3	10	88	55	47	32	23	60	30	77	9	44	37	8	30	66	70	60	6	82	57	25	41	49	44	11	57	19	10	67	25	15	29	8	52	57	62	22	53	49	69	18	81	11	45	37	8	85	49	50	10	90	56	42	89	24	40	43	5	81	96	61	82	43	21	29	2	22	89	45	96	41	53	52	19	82	96	47	95	48	15	91	6	8	66	66	44	75	76	43	41	44	21	94	88	55	30	40	93	12	64	23	73	25	35	90	77	12	21	46	23	7	80	70	43	57	62	54	39	6	15	47	13	49	68	100	82	2	77	66	63	
65	72	45	54	71	47	38	28	88	23	82	14	75	55	31	97	79	87	92	71	10	38	17	37	85	5	82	39	47	1	72	81	15	87	41	92	69	43	38	66	78	78	82	2	96	65	95	96	82	66	80	49	72	80	87	32	69	76	72	31	52	36	18	98	59	82	80	66	6	77	27	74	7	7	15	9	24	11	95	4	85	32	22	97	59	82	56	99	94	62	6	69	46	1	69	3	81	56	82	97	40	97	38	3	92	73	23	76	50	50	24	39	42	67	53	5	77	14	85	56	42	99	34	42	92	16	29	69	46	45	69	55	91	26	28	44	21	49	7	46	62	94	85	8	97	100	23	27	98	74	12	27	51	68	89	58	38	93	72	29	11	23	9	7	34	11	71	21	42	42	1	95	62	15	8	89	22	7	49	5	48	17	87	36	89	14	70	42	78	56	32	98	7	79	59	59	30	39	17	93	
80	12	16	40	85	39	30	46	23	14	14	97	65	14	14	42	38	82	23	69	67	99	11	31	4	9	10	86	22	61	26	32	23	55	53	78	69	59	72	54	15	34	67	12	76	31	26	63	20	38	92	73	89	84	47	86	28	34	90	32	16	96	64	94	35	32	28	71	99	77	85	78	68	98	42	83	33	41	70	97	37	81	50	2	12	42	6	10	87	76	27	62	70	11	11	32	99	57	10	53	65	35	10	31	80	95	82	90	40	59	47	7	34	16	75	48	26	19	68	38	81	16	59	80	28	44	45	34	71	69	85	59	8	61	92	100	92	71	98	4	15	8	49	43	6	67	50	35	40	88	25	94	66	69	12	36	34	87	74	62	39	99	37	68	60	68	70	83	45	97	15	61	92	45	95	97	12	42	48	85	15	9	80	47	51	93	75	37	92	50	94	55	25	83	78	46	75	27	66	32	
54	88	44	25	67	38	17	39	82	14	49	90	95	36	35	83	59	47	20	53	84	64	90	80	12	96	93	8	73	15	15	98	19	23	75	99	17	39	24	12	92	1	12	73	51	91	47	80	54	5	27	26	80	37	48	18	75	31	38	20	62	59	75	6	1	29	84	80	73	9	42	64	70	27	44	18	6	21	1	67	78	95	77	7	55	33	58	93	45	37	39	71	49	56	48	19	35	91	5	57	18	68	100	43	58	74	21	42	93	94	82	92	36	87	37	30	90	12	6	16	90	73	70	17	39	21	25	5	96	24	68	57	41	21	71	22	26	28	20	49	98	55	99	70	64	15	57	25	94	90	44	8	54	12	37	72	47	64	7	56	67	18	24	78	35	1	61	33	57	96	26	89	95	10	94	87	16	52	61	82	51	53	55	88	79	74	5	92	64	12	27	64	33	72	82	39	21	70	61	10	
67	75	11	26	15	27	20	71	14	97	90	34	19	71	62	62	76	76	87	28	42	10	7	12	75	64	46	6	10	88	97	59	69	61	21	35	23	41	5	59	91	37	68	17	63	91	100	11	84	86	55	25	56	63	45	35	73	47	26	95	50	31	37	90	47	40	26	77	89	94	69	47	32	33	49	68	76	78	18	100	85	90	91	43	56	33	77	3	10	99	5	76	90	59	45	16	46	95	3	95	46	29	77	25	11	57	57	55	57	57	16	44	99	28	86	7	31	97	56	4	47	6	45	22	42	92	40	66	85	98	13	30	70	43	27	84	82	45	25	86	21	86	69	17	48	37	85	76	37	99	95	52	56	61	25	79	53	9	74	64	57	18	78	20	17	30	23	32	100	16	50	37	75	13	4	32	19	71	27	40	5	35	32	38	71	86	43	42	84	61	14	46	81	91	72	12	22	90	38	63	
21	20	61	23	65	24	15	93	75	65	95	19	89	38	88	21	73	97	23	59	30	99	96	51	92	11	79	75	25	77	34	90	40	33	84	43	25	80	18	52	91	79	65	70	61	52	81	85	62	93	89	87	21	7	30	56	81	44	3	46	16	56	63	16	68	22	64	68	26	73	38	72	99	74	89	13	45	80	68	75	26	64	87	62	52	88	99	22	16	80	40	71	23	3	63	81	52	27	68	8	78	11	54	38	75	2	87	61	71	51	45	5	2	89	22	32	26	7	85	42	63	38	31	57	56	7	51	70	41	24	89	73	36	41	80	23	23	11	29	20	34	48	91	10	84	76	85	85	83	20	63	12	25	70	27	14	63	32	56	31	4	45	62	48	46	58	45	68	32	93	16	1	45	69	58	6	16	20	96	30	22	30	73	52	8	39	37	37	71	26	93	64	70	13	45	56	55	62	21	6	
98	96	28	72	75	36	4	74	55	14	36	71	38	70	17	5	46	29	54	75	33	32	7	87	40	2	73	96	70	86	100	17	71	27	57	64	41	79	84	37	94	16	92	4	55	46	49	76	52	24	55	50	3	33	72	50	84	70	34	15	63	37	36	51	71	85	15	28	68	91	56	13	17	46	94	64	48	59	73	29	70	58	94	55	6	78	26	23	75	49	18	47	2	53	9	75	61	87	24	82	14	76	47	73	75	42	59	36	88	65	17	25	52	53	34	12	52	45	31	42	62	13	34	37	90	47	9	59	6	89	55	38	30	59	31	32	2	20	2	8	7	79	26	11	9	89	62	4	96	38	80	31	90	4	41	14	6	98	65	87	80	63	3	97	69	79	21	6	30	42	15	22	5	96	92	100	2	81	62	6	76	38	66	13	70	50	48	11	77	6	76	92	87	82	23	79	63	38	73	55	
20	70	29	45	14	48	75	83	31	14	35	62	88	17	78	77	49	16	97	76	94	73	16	98	7	54	42	47	51	91	45	59	35	2	81	92	9	31	33	39	37	45	62	55	56	71	57	45	28	83	41	82	41	14	94	63	68	66	4	13	91	84	96	91	18	16	19	26	87	12	36	12	38	60	38	79	7	1	61	97	46	94	80	20	87	16	84	2	88	3	60	44	46	96	27	82	65	99	62	87	39	94	4	3	28	32	36	22	75	14	36	56	94	66	70	68	25	75	20	58	93	49	71	76	95	34	6	2	66	95	23	92	12	5	35	89	62	64	86	60	19	91	93	23	74	9	1	28	80	95	96	57	18	10	24	25	20	2	10	67	62	31	82	10	95	17	32	45	32	96	22	68	80	65	91	9	35	59	15	77	49	95	93	48	54	43	12	84	46	59	58	92	80	71	31	68	33	38	13	79	
55	78	88	96	54	91	8	42	97	42	83	62	21	5	77	100	63	90	98	31	22	23	34	59	16	78	19	55	88	33	63	22	49	23	86	90	46	61	74	34	98	6	14	93	40	74	99	30	84	24	33	23	2	46	49	79	17	30	56	46	31	3	8	98	17	100	19	53	4	32	58	30	15	47	27	52	85	62	83	37	97	77	71	87	65	40	33	82	96	87	9	55	71	69	43	88	98	31	33	38	70	67	49	57	54	4	80	50	16	27	91	86	31	21	93	79	85	44	47	92	83	4	6	19	86	72	35	43	19	28	52	98	20	80	58	70	71	24	64	34	53	90	25	68	42	39	85	3	26	60	2	27	30	96	52	29	22	29	74	59	28	69	11	7	97	83	71	76	24	5	67	64	20	49	34	76	62	57	94	63	16	58	91	32	9	41	56	99	49	50	28	4	22	52	12	23	1	86	73	95	
15	32	71	23	69	28	52	69	79	38	59	76	73	46	49	63	90	30	90	49	62	64	65	82	48	19	20	98	8	79	11	93	47	63	87	75	99	70	98	83	81	70	83	94	61	5	24	86	8	46	78	15	78	57	22	92	96	44	98	42	8	99	6	26	55	47	73	46	51	75	71	40	78	51	79	54	62	30	57	45	69	39	24	100	66	55	85	34	52	65	23	33	83	9	1	30	30	62	42	82	72	11	83	6	77	69	61	61	89	86	64	38	15	31	29	13	11	16	35	8	29	19	2	24	39	14	2	7	72	31	40	66	39	66	8	4	86	2	30	48	40	71	72	50	83	14	35	52	33	11	15	47	7	21	55	2	6	87	6	17	10	48	63	92	32	29	45	80	15	94	59	1	30	30	6	14	17	58	91	68	51	98	23	26	70	43	91	22	36	92	14	14	97	99	81	69	46	36	97	83	
1	25	16	59	100	63	77	45	87	82	47	76	97	29	16	90	30	53	45	51	32	25	50	79	45	57	20	42	68	7	26	79	51	21	26	88	83	84	87	59	49	2	66	80	20	84	49	97	12	64	8	30	58	21	9	31	15	76	3	78	10	17	95	51	25	49	58	57	5	31	77	42	81	56	32	85	6	61	19	22	70	84	14	95	77	12	59	38	38	97	33	85	11	90	79	23	31	47	18	72	2	25	46	87	40	96	70	41	91	100	48	23	9	83	62	44	99	34	68	22	40	51	81	52	72	66	3	29	51	50	54	44	41	46	66	71	39	20	91	96	98	31	1	89	60	47	22	22	71	90	16	25	91	75	77	66	19	39	44	23	76	3	21	83	14	15	19	25	31	82	89	2	98	90	21	93	16	15	84	10	71	21	9	47	68	2	2	28	50	21	59	62	64	49	10	38	48	18	98	87	
82	77	3	75	61	61	25	12	92	23	20	87	23	54	97	98	90	45	57	1	84	72	69	30	5	27	79	78	2	45	73	90	49	42	27	83	48	9	47	56	50	16	38	37	19	13	60	43	21	71	65	76	26	5	2	25	8	100	61	93	36	73	91	40	86	98	82	63	37	32	22	63	20	48	36	39	95	57	87	100	3	12	37	60	42	4	33	20	74	15	87	48	25	25	100	16	68	25	36	47	89	90	72	94	52	62	76	27	73	81	2	96	84	73	78	10	94	1	89	46	2	75	66	77	1	85	19	91	29	55	70	8	14	100	99	77	42	53	8	6	40	72	77	3	89	66	90	85	42	47	81	77	77	87	95	100	36	45	26	6	10	42	41	77	13	76	47	65	83	56	2	36	46	6	80	67	95	26	26	43	100	94	60	86	29	5	38	84	85	79	89	84	50	26	69	56	50	49	17	46	
36	83	46	16	74	40	3	58	71	69	53	28	59	75	76	31	49	51	1	100	76	55	82	4	53	90	37	53	71	85	39	99	9	2	100	81	72	63	48	56	52	12	68	2	9	75	70	67	17	18	5	63	50	34	45	47	6	5	28	93	21	50	45	64	25	77	43	54	97	40	28	57	96	9	4	74	14	48	37	100	50	57	44	77	38	88	74	58	52	7	5	5	26	53	25	100	18	53	39	46	81	53	39	46	27	32	28	41	12	98	90	13	17	61	61	73	51	13	33	51	70	22	60	52	4	94	30	79	38	46	2	22	19	88	67	63	40	88	55	17	38	2	44	10	57	84	49	18	82	57	96	86	98	91	48	63	74	3	79	11	72	8	27	96	64	75	75	93	82	2	39	2	7	40	86	16	86	94	51	40	52	20	24	33	22	56	8	49	14	65	30	40	10	35	18	53	67	89	20	89	
80	50	99	93	35	2	67	42	10	67	84	42	30	33	94	22	62	32	84	76	83	76	70	82	4	66	99	60	15	62	16	64	26	36	83	94	78	29	88	86	67	100	68	87	57	56	51	53	92	7	79	38	21	93	89	58	20	19	11	53	39	28	81	68	99	98	82	26	47	41	79	70	12	5	26	65	56	74	62	91	73	17	65	82	85	47	83	66	9	77	100	43	19	29	13	61	100	26	97	56	68	43	38	68	44	47	33	68	92	71	52	34	66	79	40	85	19	79	56	60	48	49	72	16	77	16	64	12	97	5	81	74	10	58	21	99	54	13	48	43	95	75	77	63	25	19	49	72	13	45	92	92	81	30	18	27	71	7	94	90	19	56	39	76	48	52	31	81	67	99	53	82	4	15	56	28	89	80	75	82	38	90	26	50	55	84	22	66	61	64	62	76	20	86	20	80	68	49	90	67	
1	65	40	98	4	74	66	84	38	99	64	10	99	32	73	23	64	25	72	55	76	34	4	22	87	28	47	9	60	3	69	96	80	84	88	87	30	77	30	95	14	78	52	45	85	82	33	53	53	42	23	70	95	47	93	81	5	55	47	9	32	56	37	42	75	74	57	32	57	20	6	98	65	68	71	70	63	93	21	36	24	28	26	100	31	26	91	78	55	85	9	66	68	93	94	81	3	89	4	19	41	10	13	27	48	82	7	16	60	62	76	28	52	47	62	27	66	89	2	63	1	97	89	9	98	38	92	68	38	1	29	45	13	88	51	3	46	48	97	24	2	63	35	45	22	25	85	40	59	55	80	99	45	42	15	2	1	94	92	58	6	5	40	93	79	97	52	60	27	98	63	25	57	96	12	67	17	11	75	31	11	28	48	12	80	19	50	2	52	50	9	22	10	1	85	13	51	41	36	17	
84	75	48	17	79	76	63	5	17	11	90	7	96	7	16	34	65	50	69	82	70	4	30	20	94	8	9	22	44	98	86	48	59	94	53	75	98	22	53	14	3	95	44	51	84	51	27	84	3	94	1	87	53	80	94	81	64	36	4	78	53	50	49	86	37	20	45	73	99	84	15	45	28	59	8	95	41	9	63	48	64	60	30	98	20	33	43	79	2	79	18	37	54	80	75	55	65	62	52	67	84	13	3	82	45	34	91	43	54	22	99	45	35	17	98	89	23	1	20	42	27	15	68	50	88	98	48	1	75	8	74	48	76	17	45	47	8	83	92	12	17	89	40	45	44	95	85	60	75	28	51	42	80	43	57	98	25	85	41	31	95	26	53	42	18	85	74	64	85	72	2	47	42	4	40	15	8	25	35	48	31	52	98	86	44	65	81	14	39	38	71	45	3	75	51	99	45	30	82	84	
45	46	54	87	25	98	19	72	37	31	80	12	51	87	98	59	82	79	30	4	82	22	20	86	16	57	4	28	26	2	36	5	10	55	86	88	71	8	87	67	14	57	63	95	79	70	77	9	20	29	70	9	83	81	61	55	70	34	10	94	16	57	53	87	7	21	53	81	70	46	65	65	67	61	18	3	4	85	3	80	84	13	21	48	15	56	90	62	83	93	63	58	6	41	42	58	34	54	2	43	45	66	13	98	75	4	12	95	62	41	22	96	11	60	19	27	93	93	71	58	17	59	63	94	2	8	95	67	100	45	65	34	16	47	1	82	89	7	35	20	12	34	85	23	12	7	57	82	100	70	11	2	79	60	68	48	46	24	55	44	86	4	87	33	24	10	78	46	75	67	93	37	63	98	38	89	21	69	84	79	77	41	10	56	81	80	90	28	81	27	1	75	44	97	82	71	85	26	35	6	
13	26	64	16	99	74	97	56	85	4	12	75	92	40	7	16	48	45	5	53	4	87	94	16	3	70	58	29	36	58	83	81	23	95	55	17	89	100	81	62	43	4	52	42	12	40	60	96	83	50	37	72	91	67	95	90	82	18	55	62	11	23	90	40	57	29	5	79	44	38	88	100	55	100	99	36	12	23	79	66	76	62	66	71	50	62	63	20	43	85	36	64	30	24	51	90	62	64	51	45	69	71	1	49	96	43	56	20	73	3	96	90	98	19	69	93	63	49	39	28	45	19	81	61	53	81	4	74	44	90	91	62	86	64	97	89	68	14	58	27	69	37	98	37	3	33	56	39	12	40	52	85	1	60	56	95	1	29	37	14	62	85	67	80	1	94	68	43	81	55	78	51	45	62	79	26	60	95	86	85	38	38	77	12	41	30	47	26	51	51	96	80	61	11	78	22	37	12	5	85	
26	31	80	17	1	73	53	98	5	9	96	64	11	2	54	78	19	57	27	90	66	28	8	57	70	57	64	10	82	93	35	16	33	34	41	68	82	1	37	27	64	17	28	50	8	8	99	58	76	76	66	83	73	73	50	59	16	42	28	52	20	23	96	35	17	42	73	63	32	34	76	95	63	42	99	64	96	98	61	5	43	24	42	58	16	65	57	11	78	41	36	20	23	59	41	5	28	59	22	47	74	66	31	66	85	59	27	100	74	36	97	93	3	19	66	10	19	15	79	60	100	39	80	69	24	56	73	21	2	10	18	20	73	67	55	3	51	89	93	79	1	39	47	90	75	73	50	79	42	17	51	54	90	63	57	59	18	85	51	15	99	22	68	23	83	95	9	5	72	75	10	54	90	27	20	57	63	45	75	65	48	49	7	4	47	26	36	60	48	95	98	39	46	93	72	68	14	93	88	57	
37	90	84	28	83	36	13	93	82	10	93	46	79	73	42	19	20	20	79	37	99	47	9	4	58	64	39	98	32	60	82	22	7	11	75	88	2	35	24	85	27	91	66	5	9	89	47	99	85	17	83	95	19	27	20	79	47	99	67	39	87	3	83	42	61	26	80	89	85	28	32	26	100	17	21	27	73	88	41	22	11	19	18	57	20	9	73	16	69	10	66	37	78	76	88	26	56	14	40	73	95	42	96	46	90	73	74	77	95	93	21	46	51	17	21	46	24	53	34	17	87	71	27	99	88	87	43	100	20	100	18	76	54	94	53	85	16	70	46	79	2	25	93	7	2	49	72	53	40	34	45	47	47	74	23	23	46	96	27	85	67	47	92	71	72	4	90	13	39	99	34	97	67	90	34	12	78	92	42	87	97	16	49	53	50	38	94	86	20	79	6	69	50	79	90	77	10	84	34	10	
79	44	8	27	15	18	45	44	39	86	8	6	75	96	47	55	98	42	78	53	60	9	22	28	29	10	98	17	16	7	23	55	19	91	44	27	92	45	42	37	99	63	40	8	87	62	19	76	67	7	58	95	35	100	100	21	87	45	93	86	90	12	54	50	87	20	22	28	12	58	69	42	97	4	85	58	21	54	31	6	28	63	99	19	14	65	5	100	27	78	75	67	2	5	96	97	100	6	68	15	74	74	38	82	87	92	74	31	82	75	65	22	15	3	13	15	9	50	77	53	83	59	15	37	86	77	68	81	43	13	57	36	36	48	75	45	45	8	34	16	23	78	14	68	70	9	3	19	29	29	16	18	1	37	91	36	67	52	51	44	79	36	37	48	86	99	74	53	75	31	57	34	19	66	13	32	81	44	65	51	33	39	95	37	81	19	27	48	54	73	68	73	36	24	86	56	80	29	35	24	
29	69	96	54	67	14	89	12	47	22	73	10	25	70	51	88	8	68	2	71	15	60	44	26	36	82	32	16	100	66	42	74	38	95	66	58	97	26	100	70	18	33	44	48	75	37	9	66	100	29	57	61	64	90	59	65	30	87	51	63	70	100	75	8	48	43	24	1	96	52	63	44	20	54	88	40	65	88	48	11	35	81	19	45	90	2	79	5	25	26	34	61	51	84	40	59	19	16	47	65	56	36	15	19	7	12	95	16	3	31	78	87	66	53	94	50	46	91	43	46	35	65	11	84	93	47	51	20	82	85	26	55	64	29	72	36	83	89	9	25	16	3	4	3	100	12	17	68	8	13	77	35	35	97	72	53	29	26	71	37	59	6	74	3	83	42	10	3	53	37	81	98	72	96	3	65	27	98	23	95	65	55	64	60	54	94	99	21	43	88	57	89	88	22	89	77	89	40	89	63	
15	79	26	24	69	49	86	38	1	61	15	88	77	86	91	33	79	7	45	85	62	3	98	2	58	93	60	7	66	40	67	100	11	80	29	29	95	57	17	87	70	74	40	54	34	98	91	5	30	44	39	27	33	90	13	16	51	15	91	20	91	37	29	100	56	15	18	98	3	30	96	58	69	23	7	72	52	32	64	32	87	91	68	3	68	68	68	87	41	18	42	25	34	39	33	35	39	49	90	10	17	7	15	45	68	71	8	73	76	14	86	35	23	62	95	12	67	26	28	93	89	28	52	38	16	39	59	28	54	52	58	85	65	50	58	66	25	96	56	57	14	40	60	86	68	24	66	24	74	35	46	45	81	34	81	28	12	73	1	22	17	15	53	8	44	10	55	47	72	84	70	26	99	19	100	48	3	3	52	17	92	19	32	97	71	39	4	61	97	60	68	55	70	40	41	95	10	54	37	82	
1	40	28	89	46	51	90	99	72	26	15	97	34	100	45	63	11	26	73	39	16	69	86	36	83	35	82	23	42	67	39	54	42	59	97	92	98	24	99	17	31	68	44	20	84	70	63	35	25	45	95	63	53	95	37	42	6	20	53	14	44	37	71	34	87	6	68	100	27	49	73	4	16	51	71	30	68	38	55	8	33	91	3	95	51	12	22	50	82	68	22	2	18	49	88	73	76	57	31	75	37	71	96	20	74	72	4	8	58	51	68	11	28	1	71	79	83	33	44	79	44	98	85	88	15	35	40	35	17	77	92	48	24	99	51	22	37	82	7	64	15	96	11	93	1	21	50	51	37	78	36	2	10	50	81	10	32	80	99	92	21	100	98	34	38	89	22	47	50	28	59	59	39	48	96	30	94	13	43	41	22	48	9	8	64	21	93	89	77	16	43	39	7	39	51	1	64	85	63	24	
32	84	81	1	74	16	54	99	81	32	98	59	90	17	59	22	93	79	90	99	64	96	48	5	81	16	22	55	74	100	54	29	74	54	65	4	68	5	41	71	20	2	58	19	30	71	39	55	49	78	13	34	29	49	71	72	83	60	42	57	41	89	74	41	90	78	23	44	91	75	44	85	31	11	6	95	81	41	82	90	88	23	79	78	1	99	53	48	22	19	13	11	43	20	84	88	55	76	39	92	96	3	95	15	51	55	25	69	27	40	100	53	37	52	50	21	69	65	58	3	95	48	89	91	47	59	11	21	89	96	99	61	21	19	26	81	83	79	39	89	38	24	86	47	48	90	36	7	33	32	92	19	91	95	33	96	80	25	72	97	63	94	23	63	100	20	3	88	41	92	10	92	81	12	71	70	73	91	32	61	59	30	29	72	51	100	56	44	87	30	37	46	98	94	37	55	9	81	53	97	
90	69	57	15	87	88	37	47	15	23	19	69	40	71	35	49	47	51	49	9	26	80	59	10	23	33	7	19	38	11	42	74	38	47	71	86	56	23	45	65	87	80	89	45	99	17	47	49	39	87	97	2	70	60	92	28	62	66	55	51	87	84	37	74	54	62	97	100	24	67	2	83	57	68	69	47	16	66	18	12	58	66	29	18	44	89	16	84	32	53	31	61	99	84	27	89	35	28	59	87	80	74	88	63	84	31	47	36	33	22	77	52	80	79	31	69	82	1	46	15	94	83	63	83	25	82	37	89	37	23	36	91	89	49	4	42	43	49	21	35	36	66	59	28	84	38	28	53	41	79	15	24	57	70	52	22	29	84	12	67	19	29	62	12	27	95	23	54	99	9	24	85	97	63	93	10	8	30	80	99	16	7	81	78	87	69	73	37	29	7	14	35	32	31	41	61	8	72	95	76	
71	87	75	69	71	86	95	92	87	55	23	61	33	27	2	23	63	21	42	2	36	84	94	55	95	34	11	91	95	80	59	54	47	33	42	26	34	90	98	20	48	72	18	14	45	28	41	21	67	26	31	72	23	38	3	26	27	17	35	46	15	44	77	30	81	66	20	76	26	25	35	29	41	69	92	87	76	79	1	70	57	21	47	91	98	27	61	10	98	36	29	67	22	40	8	41	23	28	36	41	57	14	33	11	7	39	10	22	33	66	1	25	7	57	85	95	84	27	2	21	29	65	29	61	90	41	9	50	56	2	98	42	29	13	21	17	44	64	25	38	19	75	40	45	56	80	31	96	44	70	87	73	64	54	100	20	26	46	1	23	7	55	45	19	89	84	79	96	80	75	36	28	56	2	3	44	16	83	97	24	87	92	57	50	22	57	89	71	20	36	28	63	76	76	37	7	2	10	69	98	
2	5	87	47	89	62	30	58	41	53	75	21	84	57	81	86	87	26	27	100	83	88	53	86	55	41	75	44	66	29	97	65	71	42	23	66	32	98	90	77	26	45	78	58	9	38	100	10	11	14	62	68	29	82	7	23	60	6	69	28	6	45	42	80	42	21	10	7	55	6	28	23	98	93	27	70	95	48	64	76	77	1	45	32	69	68	28	55	47	41	13	87	3	33	94	42	40	77	62	68	32	1	47	18	18	48	66	90	17	54	38	24	14	44	59	45	49	100	35	62	76	51	38	16	97	50	50	94	59	42	53	54	84	83	51	48	60	25	77	12	75	68	56	1	64	94	51	64	100	71	15	2	76	2	28	40	55	16	53	3	38	36	81	31	99	36	34	70	61	100	43	22	24	80	42	76	43	62	52	49	16	67	69	7	52	1	88	59	68	31	30	63	39	37	90	44	5	99	37	37	
27	32	50	12	94	80	25	73	92	78	99	35	43	64	92	90	75	88	83	81	94	87	75	88	17	68	88	27	58	29	92	4	86	26	66	55	23	92	55	96	70	25	76	92	4	75	7	17	24	82	98	24	79	16	2	14	51	55	95	44	40	44	23	68	69	86	75	57	58	86	95	32	65	12	6	4	63	87	60	54	74	69	47	18	68	15	82	95	19	40	86	38	92	70	86	79	20	85	61	52	35	9	93	100	80	10	83	21	100	93	24	83	25	75	20	91	52	47	96	90	32	70	96	43	90	17	51	95	45	94	52	26	72	16	47	5	61	1	35	18	6	68	69	68	27	65	55	97	76	45	58	22	30	25	81	62	27	42	46	80	10	23	2	92	39	39	31	16	9	47	72	32	50	9	31	78	4	86	6	46	57	71	15	71	98	48	99	2	77	83	54	93	26	86	40	40	70	98	73	100	
48	81	7	49	81	93	76	76	69	69	17	23	25	41	9	46	99	83	48	72	78	30	98	71	89	82	2	92	97	95	98	68	56	34	32	23	18	50	32	15	50	14	75	45	8	37	48	35	95	84	12	6	86	49	40	1	26	7	13	10	64	93	95	50	47	85	28	97	28	66	75	22	21	92	21	74	13	31	53	6	62	98	47	69	65	29	65	91	66	35	37	93	21	61	44	80	68	56	93	86	10	27	42	13	95	81	54	46	90	91	2	52	71	63	95	70	17	77	87	64	29	97	100	36	28	75	1	42	3	44	92	53	48	93	9	27	38	36	62	77	62	62	98	12	81	14	18	47	56	66	94	71	25	37	55	54	5	8	8	56	65	97	38	72	55	69	78	18	33	66	73	40	96	66	30	20	10	24	87	84	74	64	99	90	51	35	13	47	82	34	53	100	87	98	93	42	34	66	97	64	
44	55	74	40	93	6	39	9	43	59	39	41	80	79	31	61	70	84	9	63	29	77	22	8	100	1	35	45	26	57	24	5	23	90	98	92	50	37	36	42	48	18	46	69	61	66	46	30	42	75	73	70	52	53	67	66	53	69	16	18	19	78	44	17	36	98	17	47	28	33	99	68	31	57	89	15	64	54	58	62	1	96	52	99	76	2	96	90	81	99	29	35	98	55	60	16	80	9	14	47	97	25	7	91	80	70	74	16	72	40	50	30	55	40	76	43	44	99	85	79	71	23	11	20	85	88	89	91	30	93	56	28	12	61	62	85	29	5	100	68	32	56	55	20	80	54	76	32	27	33	79	95	49	45	54	17	25	79	54	76	15	99	36	85	9	80	92	31	56	100	39	49	55	68	42	83	35	16	29	59	99	21	85	97	77	91	52	79	47	2	66	78	19	52	36	52	74	99	96	61	
40	22	92	35	37	36	70	21	38	72	24	5	18	84	33	74	98	87	47	48	88	30	53	87	81	37	24	42	100	17	99	41	45	98	90	55	32	36	19	39	92	4	51	64	63	79	20	92	40	42	28	12	51	64	61	63	82	37	83	59	16	59	90	53	67	52	85	30	5	33	71	76	5	7	42	29	4	40	59	35	51	96	64	36	91	89	74	42	41	66	67	11	80	76	91	35	92	68	75	94	83	64	87	76	49	30	51	15	64	77	15	45	61	61	63	81	97	19	3	100	28	64	95	37	4	33	21	44	13	96	61	98	70	66	67	16	42	31	90	98	63	10	1	66	100	71	33	62	99	55	71	100	95	45	14	58	28	3	38	63	30	15	99	95	77	49	44	95	51	8	32	60	61	61	53	44	88	77	80	74	58	94	73	54	15	33	97	50	70	38	21	33	26	57	92	63	31	72	48	7	
64	49	55	63	46	11	2	3	66	54	12	59	52	37	39	34	83	59	56	56	86	95	14	67	62	27	85	37	70	87	17	71	65	20	77	96	15	42	39	80	77	51	73	72	11	96	19	78	62	66	35	56	84	49	74	8	58	27	18	72	66	98	19	15	79	9	58	70	77	47	73	94	42	38	80	62	36	18	15	80	60	29	22	24	55	79	68	44	67	70	74	6	79	86	41	43	97	53	43	83	8	27	86	7	55	19	61	15	24	95	86	96	41	99	100	39	4	45	69	24	15	96	61	67	74	54	95	32	70	19	12	90	82	79	55	3	15	22	75	48	85	52	25	65	32	83	64	17	19	65	44	93	98	59	41	49	2	22	95	10	79	47	73	23	21	36	48	20	10	33	84	16	75	30	63	76	26	29	73	28	79	19	99	18	69	70	5	1	95	57	87	46	48	48	73	49	17	84	98	24	
44	31	68	53	89	71	8	79	78	15	92	91	91	94	37	98	81	49	50	52	67	14	3	14	43	64	27	99	18	70	31	20	87	48	26	70	50	48	92	77	28	67	65	34	38	29	65	89	19	62	28	85	62	70	36	37	92	91	67	28	44	4	8	58	21	17	84	52	91	7	70	50	20	43	87	17	56	31	73	86	31	41	30	92	84	59	67	78	50	2	81	92	22	17	74	29	96	100	54	33	76	5	59	23	21	75	73	10	33	81	93	97	91	8	85	64	77	76	47	67	82	87	14	66	9	97	17	56	3	20	17	74	75	26	21	7	43	32	75	70	70	91	34	51	71	95	52	52	98	28	20	60	10	67	36	46	78	15	92	86	93	2	74	56	81	21	99	49	84	92	73	15	96	39	15	46	93	14	36	2	90	56	88	15	91	69	62	1	60	89	62	61	17	25	68	34	12	93	6	94	
56	32	56	44	33	81	54	67	78	34	1	37	79	16	45	6	70	2	16	12	100	78	95	57	4	17	91	63	33	74	68	2	80	72	45	25	14	18	4	51	67	30	78	60	46	78	55	93	87	56	91	50	9	14	17	71	74	52	37	84	89	56	56	87	80	38	7	76	44	7	61	45	86	55	47	19	31	4	77	44	69	43	27	54	56	74	82	91	36	57	44	24	65	85	3	66	9	2	58	46	6	76	14	17	17	93	2	88	74	25	21	94	70	22	77	46	52	36	63	39	50	86	29	39	28	48	28	96	63	35	15	62	97	1	67	50	17	79	13	62	13	74	53	98	72	43	67	97	63	38	15	12	54	75	54	90	95	21	83	77	52	37	81	36	56	79	90	72	92	12	99	42	13	28	88	78	94	88	16	33	67	27	11	23	92	6	58	100	80	41	69	81	80	14	86	40	95	72	34	1	
59	93	44	43	15	45	80	86	82	67	12	68	65	92	62	14	83	66	38	68	68	52	44	63	52	28	66	40	44	40	44	58	89	18	78	76	75	46	51	73	65	78	3	49	41	68	39	51	71	98	74	21	6	69	58	40	3	98	54	1	54	55	32	85	83	18	59	67	64	62	32	54	85	68	58	20	56	53	60	6	33	76	79	30	25	80	25	87	26	19	65	72	38	6	24	55	27	12	30	49	85	43	20	56	23	91	53	63	73	33	68	77	26	36	48	49	76	46	30	40	43	17	59	60	97	67	1	99	76	94	39	22	76	68	54	6	10	57	83	50	11	31	95	80	51	32	24	82	86	62	45	35	27	41	96	10	38	46	29	95	61	97	68	55	21	70	35	82	66	87	22	79	12	58	48	16	11	93	88	17	65	67	51	25	23	32	40	84	55	3	23	62	99	98	17	28	90	26	99	18	
87	13	46	64	6	81	16	73	2	12	73	17	70	4	55	93	94	80	37	2	87	45	51	95	42	50	5	8	48	54	20	19	45	14	58	92	45	69	64	72	34	60	49	98	1	32	20	32	29	58	67	6	79	22	22	57	98	72	71	8	53	84	49	46	13	32	60	4	43	28	65	51	84	51	79	35	19	64	49	60	15	77	30	6	49	86	62	75	68	60	52	22	11	48	94	10	96	34	62	63	39	6	44	87	21	93	45	66	34	67	100	75	6	44	52	46	49	11	54	51	74	44	47	85	51	71	20	44	61	7	31	57	79	86	51	94	41	10	2	50	85	19	41	6	82	71	3	69	31	14	56	17	4	55	21	26	21	65	81	59	1	15	96	33	40	11	55	56	1	33	14	96	23	93	92	79	92	44	92	91	84	8	29	42	37	91	74	85	96	46	72	16	4	69	41	74	5	7	59	8	
48	13	18	26	27	94	95	82	96	76	51	63	61	55	56	40	61	20	19	9	57	85	84	79	12	8	9	87	75	34	84	30	99	45	9	4	8	61	63	11	38	46	41	1	1	86	57	8	32	84	40	29	51	45	75	61	17	79	98	32	28	98	75	87	11	35	54	41	33	56	9	38	67	76	64	8	4	2	52	37	37	85	35	27	46	66	36	55	91	70	47	45	34	95	24	57	16	16	53	2	16	81	95	93	36	11	87	46	95	85	5	32	90	16	87	80	66	61	97	54	93	54	5	32	67	21	18	52	31	16	81	35	70	79	34	51	48	60	54	64	11	94	25	93	23	31	14	26	14	58	4	58	92	53	89	53	85	95	48	21	95	100	95	64	15	74	51	79	32	27	76	61	59	73	45	15	59	11	7	89	73	78	9	75	33	1	46	95	46	78	100	16	66	22	29	51	90	63	99	67	
57	81	65	36	64	31	33	61	65	31	91	91	52	46	71	74	5	84	13	75	56	82	51	70	40	8	89	62	37	98	70	71	17	28	38	75	37	66	79	96	29	78	68	32	86	52	78	90	21	58	30	7	89	27	64	44	95	4	11	71	11	85	81	66	20	21	90	80	88	83	34	11	11	97	67	59	20	51	52	45	13	77	25	88	18	68	15	70	56	4	76	95	40	5	74	62	46	10	9	75	86	53	29	72	5	48	99	77	44	6	14	82	7	10	90	45	48	92	56	56	65	97	36	1	46	28	41	88	24	17	6	87	41	77	26	13	75	36	35	41	8	96	80	71	56	89	1	48	1	57	61	60	64	100	37	76	8	80	34	93	4	30	20	84	77	40	43	65	57	36	67	11	83	60	42	37	19	3	93	10	48	51	15	45	17	93	52	50	89	38	2	68	45	91	8	58	63	79	97	27	
32	48	24	6	49	1	73	76	95	26	47	100	81	49	57	99	24	49	60	70	51	33	27	77	60	99	47	19	9	91	63	39	47	41	100	7	48	46	20	19	65	55	39	20	57	78	24	77	75	94	73	47	8	56	96	60	7	18	38	45	65	57	45	2	75	63	52	12	67	29	79	6	68	90	28	73	47	11	14	100	7	15	30	29	96	11	4	24	99	83	77	89	95	82	58	11	27	5	96	19	21	75	24	68	63	64	49	3	2	85	84	56	98	29	56	92	7	89	90	46	44	44	21	80	18	99	49	99	25	37	58	68	69	31	94	30	61	20	18	88	65	64	71	37	2	45	93	90	57	34	49	3	7	99	13	79	29	28	10	62	23	46	61	55	53	58	3	2	22	56	59	31	90	55	93	39	66	82	80	10	59	95	78	31	76	75	58	28	100	81	66	61	37	99	4	83	45	40	31	81	
41	31	55	70	62	29	49	53	96	63	80	11	85	76	45	30	86	97	43	67	53	53	84	9	96	58	99	76	66	5	35	55	49	21	10	17	35	30	92	78	89	93	51	32	8	90	77	17	99	78	18	64	18	5	86	40	35	18	92	25	86	28	44	46	86	71	17	42	22	72	47	50	91	56	23	76	47	48	61	82	28	42	65	21	13	87	30	93	12	39	100	78	8	78	15	58	70	76	89	7	18	13	2	59	11	40	55	64	85	55	85	90	23	76	12	18	10	59	88	58	4	18	45	79	39	87	31	68	15	30	28	14	99	90	85	89	62	74	62	42	41	16	4	42	10	97	56	16	48	83	26	41	68	31	65	97	95	26	91	96	100	99	55	75	52	92	53	62	95	34	22	100	6	58	3	31	63	11	76	22	50	61	76	70	47	2	80	75	55	66	54	98	52	62	13	81	16	95	77	97	
73	34	25	89	9	21	34	56	82	20	54	84	62	52	28	84	8	12	21	17	92	53	3	20	83	76	85	67	100	30	25	49	39	67	11	24	95	42	40	62	19	87	71	29	32	21	75	99	61	27	30	98	86	43	1	44	20	18	76	84	42	83	56	52	25	13	84	11	25	86	88	51	78	84	30	66	66	45	4	19	1	70	50	68	86	55	13	8	98	23	62	23	45	11	97	94	36	21	77	21	81	8	89	36	21	88	66	13	66	17	23	11	68	96	8	25	22	47	38	3	6	82	56	67	8	100	18	35	74	32	54	72	25	64	15	41	78	9	13	61	13	69	23	27	28	39	72	57	38	76	35	56	52	87	85	21	5	90	46	20	23	97	5	13	61	55	45	68	11	42	88	97	53	52	12	22	36	32	24	25	72	60	69	98	68	25	54	15	37	28	90	16	8	20	61	45	34	72	79	46	
80	80	57	48	65	11	59	54	66	38	5	86	93	24	83	24	46	64	71	18	7	42	94	29	50	76	17	7	29	44	45	78	87	26	14	82	84	75	42	66	62	56	98	58	84	58	94	78	27	4	80	28	67	56	5	35	96	88	5	33	31	83	78	53	25	41	74	41	61	46	94	32	73	14	14	58	87	31	48	88	40	95	44	42	85	32	82	94	42	76	81	8	99	55	93	84	23	93	49	24	99	17	22	18	36	17	82	78	78	80	8	93	27	32	38	44	89	99	68	85	71	80	77	20	52	3	40	68	46	33	26	59	5	83	27	61	29	52	74	13	96	98	72	61	76	87	10	61	10	60	30	5	88	1	29	37	47	34	57	36	34	95	6	91	65	5	50	62	26	58	87	73	5	54	59	18	97	13	77	27	38	65	66	12	54	69	96	66	75	91	10	61	82	49	19	30	75	40	3	31	
92	19	9	91	11	26	37	23	80	92	27	55	89	55	41	33	78	8	65	5	79	23	1	70	37	66	83	58	57	39	95	13	97	31	62	98	12	73	28	35	28	91	74	67	40	30	73	18	30	80	65	32	56	18	45	20	52	40	93	83	69	4	57	98	75	34	2	72	80	79	53	88	45	58	21	14	81	23	38	27	50	100	2	80	83	51	80	97	49	73	80	72	52	60	13	3	6	5	98	57	78	79	81	94	6	57	100	29	49	29	44	9	22	100	17	36	57	26	49	41	37	44	21	15	97	98	15	73	97	25	79	90	72	13	31	33	17	84	63	40	68	44	58	3	48	10	48	60	77	64	71	43	26	53	59	51	3	30	66	52	63	69	76	88	25	36	58	35	48	89	72	17	93	12	65	13	50	13	87	30	49	36	83	94	21	69	25	85	61	34	52	17	23	54	83	45	30	42	88	68	
72	24	49	98	69	51	35	64	49	73	26	25	87	50	82	23	15	30	76	63	38	70	87	9	72	83	95	95	61	27	63	34	2	72	68	24	6	70	12	56	85	50	21	6	29	7	47	64	98	28	32	84	56	84	43	34	37	38	31	84	96	99	33	82	80	59	4	31	25	57	68	56	95	67	91	33	51	81	73	48	83	40	17	14	40	81	75	88	15	42	40	43	81	80	75	77	86	18	86	16	52	76	83	27	65	31	31	72	59	4	41	67	89	4	65	87	50	80	87	49	66	56	75	96	10	28	21	55	30	28	78	46	73	95	38	41	8	63	27	82	12	4	7	40	22	3	77	90	14	49	13	49	10	95	74	59	85	18	3	24	39	47	91	51	30	28	98	57	57	77	48	98	38	42	61	97	40	16	14	77	55	63	81	38	82	91	91	68	91	54	67	72	51	15	27	49	25	87	38	36	
37	54	68	78	78	14	4	33	72	89	80	56	21	3	41	2	78	58	26	50	21	95	53	83	91	73	19	35	64	33	53	29	70	23	29	79	86	52	51	84	62	9	6	79	51	89	8	18	86	67	56	56	58	90	13	44	55	23	77	51	68	36	42	50	40	98	16	49	9	32	69	63	14	61	45	1	13	56	56	90	67	65	89	70	30	92	22	7	15	3	45	97	9	36	88	30	20	63	17	9	96	29	22	13	91	80	50	66	93	77	99	68	66	57	51	85	1	24	97	80	11	90	43	74	2	86	26	38	86	48	95	79	87	67	38	79	28	75	76	36	88	81	86	38	86	1	95	20	92	12	73	3	69	53	51	90	98	57	37	39	63	27	97	36	27	13	21	36	94	68	31	94	56	24	57	41	86	69	54	46	42	66	40	62	44	93	21	16	43	91	97	91	30	26	88	31	11	86	75	31	
36	40	31	62	19	94	88	46	80	84	37	63	7	33	14	46	57	21	5	34	93	47	80	81	67	73	27	100	90	90	95	49	60	38	82	16	49	53	64	49	70	14	69	22	45	27	56	5	43	56	18	84	90	54	34	93	12	72	79	86	56	29	100	45	54	66	50	4	51	56	1	16	27	43	29	76	45	61	14	50	78	23	13	47	19	85	42	76	13	70	74	38	36	38	45	68	21	80	70	7	67	68	30	14	28	93	12	64	62	83	77	57	62	3	9	16	85	53	21	10	97	65	69	1	55	50	15	74	86	88	86	46	37	44	21	85	41	2	70	36	39	86	51	76	75	39	49	11	3	72	87	44	67	66	32	59	83	9	64	67	61	99	10	48	42	56	3	4	91	49	46	28	58	38	62	57	61	66	52	51	56	11	38	35	2	74	39	35	56	28	84	99	23	65	14	91	33	36	86	77	
31	100	24	39	66	75	41	50	87	47	48	45	30	72	94	49	22	9	2	45	89	93	94	61	95	50	20	100	59	13	37	71	92	3	7	2	40	67	61	74	36	17	58	22	75	64	96	86	1	5	45	43	13	34	53	79	95	46	66	97	24	40	99	2	64	65	57	11	59	53	88	79	91	54	27	85	37	42	65	75	14	90	38	75	87	83	24	96	96	61	93	79	47	50	72	24	88	12	30	62	52	83	95	52	63	94	33	99	91	22	74	44	34	76	63	71	15	94	62	40	69	74	24	65	55	26	68	62	100	5	19	85	10	28	66	10	44	85	43	65	34	67	31	10	84	14	99	30	58	8	81	47	30	28	73	60	73	8	87	52	84	73	86	34	64	72	40	96	65	86	16	64	94	42	60	52	96	41	54	46	61	21	2	28	19	89	25	10	83	5	27	21	82	41	66	23	44	7	24	6	
76	90	66	78	47	86	63	82	32	86	18	35	56	50	63	79	92	31	25	47	58	81	81	55	90	59	79	21	65	16	42	72	28	26	23	14	1	66	63	8	37	71	40	57	61	44	60	40	44	35	20	34	44	93	79	59	61	69	78	69	29	8	48	87	83	23	90	23	47	81	42	39	58	73	7	33	47	93	14	5	37	67	45	78	25	38	83	9	27	10	52	97	83	9	22	29	100	10	3	78	99	88	12	18	72	39	61	100	2	13	3	31	99	30	2	54	81	11	1	90	78	85	11	40	94	1	75	54	65	45	36	24	47	51	46	99	37	16	87	76	52	8	77	6	27	87	13	96	33	67	86	38	77	40	7	96	56	14	11	20	80	24	70	55	49	13	26	28	92	100	5	81	79	19	55	38	87	81	89	19	37	4	85	88	16	32	96	74	88	4	21	88	37	13	56	67	76	51	50	11	
4	89	27	93	27	8	88	95	69	28	75	73	81	84	68	17	96	15	8	6	20	5	64	70	82	16	47	87	30	51	6	83	62	27	60	51	26	53	82	58	92	74	3	98	17	95	7	35	20	96	52	37	55	12	95	61	41	6	14	17	74	73	69	34	54	80	45	46	88	61	67	93	48	22	40	46	76	49	78	41	43	2	66	65	81	52	61	93	9	60	12	92	97	6	14	58	43	60	33	76	90	46	66	98	15	16	9	57	100	10	63	71	55	45	68	92	2	16	40	42	95	47	9	98	73	68	61	66	94	23	84	93	75	70	32	54	2	49	46	57	97	16	32	35	80	72	92	4	12	64	59	85	40	69	83	18	73	82	91	48	66	57	82	51	14	79	78	86	51	45	66	58	59	83	6	60	57	40	78	87	27	15	92	24	73	93	63	41	49	85	59	19	85	100	28	70	8	35	80	12	
22	72	22	82	1	14	49	14	76	34	31	47	44	70	66	30	44	76	100	5	19	55	36	34	18	42	99	45	87	15	20	60	66	17	6	55	7	69	37	27	91	52	98	72	79	4	18	18	18	88	40	38	23	72	46	69	6	52	67	96	99	56	64	63	40	50	1	87	80	65	4	43	76	20	3	23	72	100	93	100	44	36	30	6	87	97	26	6	100	8	95	11	22	24	10	60	40	38	11	6	21	4	90	66	75	81	33	56	73	45	43	11	57	12	13	94	26	78	16	72	58	35	83	90	7	22	82	18	44	60	8	85	39	91	11	89	31	22	40	27	39	96	7	28	46	99	57	33	8	62	98	17	23	93	92	35	61	7	71	93	31	16	30	31	60	57	63	93	59	68	45	44	76	30	3	63	28	24	65	82	22	40	79	28	27	65	15	65	87	47	34	98	100	27	69	38	25	9	76	63	
70	5	63	44	1	30	80	43	72	90	38	26	3	34	4	56	98	3	61	28	11	47	4	10	55	28	67	93	51	91	53	42	55	35	69	95	13	16	83	18	67	37	54	71	98	11	38	92	76	5	93	31	77	79	66	78	14	67	70	43	93	95	61	18	87	15	80	70	24	87	46	74	13	98	4	32	57	73	85	40	69	57	36	53	69	49	99	44	21	23	43	83	34	6	97	6	33	50	44	66	53	81	99	35	10	67	51	30	78	31	50	25	63	3	65	96	48	39	52	1	51	62	61	47	94	76	81	11	81	15	67	36	97	96	8	8	47	65	48	90	50	43	75	49	65	97	1	17	28	96	83	95	54	79	48	40	87	26	40	53	34	91	7	23	30	92	36	44	5	13	99	90	48	48	2	65	57	2	57	70	29	20	70	96	95	56	79	4	76	40	61	31	98	79	58	38	5	45	16	11	
31	14	58	75	67	59	27	74	31	32	20	95	46	15	13	46	42	78	93	93	53	9	78	94	62	52	39	86	63	20	14	57	51	46	28	44	10	18	59	72	28	84	1	8	32	71	45	25	84	33	83	84	51	86	97	69	17	96	43	57	20	43	47	95	16	68	47	78	92	24	28	43	96	53	89	39	4	7	75	62	51	55	76	98	45	95	13	100	6	53	42	48	90	37	12	39	60	71	72	91	86	79	77	14	20	62	78	10	100	42	25	59	89	24	63	10	4	1	61	4	42	13	48	12	33	23	87	32	94	28	90	17	93	47	93	100	57	38	3	25	40	21	94	20	100	8	16	5	85	60	99	24	10	37	84	86	9	68	30	55	68	10	39	14	10	60	21	68	78	64	50	2	19	91	38	46	81	84	93	55	29	1	84	96	62	100	52	59	94	89	73	87	60	51	99	89	76	56	53	19	
58	56	73	20	48	49	20	50	52	16	62	50	16	63	91	31	8	10	36	21	39	32	53	16	11	20	87	90	70	91	44	41	87	15	6	40	64	19	16	66	44	89	54	53	28	11	65	86	42	31	69	96	68	56	24	29	74	99	93	20	66	16	87	18	83	13	7	14	74	82	65	62	70	14	67	16	17	38	11	40	38	58	59	83	70	44	13	39	68	68	42	60	86	32	76	67	57	35	70	20	26	21	67	67	44	16	15	88	35	40	54	54	14	24	8	3	73	77	62	9	69	18	63	38	69	6	31	38	53	50	76	82	34	50	91	51	39	22	92	1	46	87	38	7	13	86	19	3	81	22	17	6	25	29	25	17	58	7	43	56	22	9	23	42	37	5	24	32	77	99	68	11	25	19	11	21	96	37	73	20	79	1	10	89	42	54	99	58	37	56	3	54	53	15	27	92	6	35	85	39	
25	49	45	26	49	75	92	53	36	96	59	31	56	37	84	3	99	17	73	50	28	56	50	57	23	23	3	12	100	37	37	89	84	44	45	44	93	78	59	98	4	56	55	84	98	85	57	28	83	83	4	99	36	29	40	8	73	56	95	43	16	46	13	93	63	5	74	66	54	71	71	61	9	16	65	3	45	29	74	18	80	2	12	23	23	37	31	75	72	32	55	75	20	25	82	34	13	17	43	64	71	51	8	56	87	72	1	2	62	99	96	93	16	44	99	97	90	30	52	26	30	41	94	27	30	85	43	59	43	35	91	25	63	59	87	12	28	71	23	25	39	49	95	97	59	93	100	16	40	73	78	25	26	71	8	20	29	8	57	9	2	8	56	71	20	11	23	66	29	8	22	37	3	75	52	35	5	82	41	33	40	62	73	20	21	16	2	57	85	35	58	36	90	60	33	86	95	42	56	55	
34	16	8	75	55	50	67	8	18	64	75	37	63	36	96	8	6	95	91	45	81	37	49	53	90	96	83	54	75	29	71	74	37	77	42	23	95	44	90	19	8	56	32	49	75	81	45	44	56	78	57	33	42	100	99	48	69	64	61	47	87	13	33	14	11	80	36	42	67	28	100	19	84	87	54	60	33	74	33	36	41	24	72	6	15	5	55	41	47	15	100	6	45	34	36	22	15	84	12	96	79	43	37	7	49	16	43	42	81	9	82	97	16	81	54	4	54	71	84	74	2	44	8	86	83	12	50	34	43	99	93	28	43	75	51	86	33	99	41	37	29	80	29	56	95	20	13	88	49	62	18	67	96	43	34	26	37	86	87	94	96	8	8	60	91	57	50	51	9	41	70	54	34	27	35	33	65	32	50	25	32	14	26	54	48	60	64	64	78	13	93	55	50	94	59	19	77	52	47	52	
6	67	86	1	60	78	56	43	98	94	6	90	16	51	91	98	26	51	40	64	68	42	86	87	40	35	42	50	8	100	34	41	74	30	80	68	50	17	53	15	58	87	85	46	87	66	2	46	52	53	98	82	50	45	2	87	34	63	18	95	18	93	14	65	10	78	47	98	58	64	50	85	90	19	45	49	5	74	1	83	15	20	93	51	87	98	7	87	2	100	9	33	25	6	67	38	6	53	55	39	64	4	41	96	53	18	10	43	33	82	36	23	59	59	95	58	28	42	60	9	84	19	65	46	8	19	100	15	1	14	67	97	14	35	100	75	60	77	66	82	85	100	58	100	60	21	35	51	93	50	31	3	88	16	30	80	67	46	27	34	92	47	23	32	57	53	32	35	21	67	72	77	100	91	99	55	53	66	48	10	79	92	65	46	73	55	58	83	40	52	35	100	20	81	29	17	94	100	35	88	
26	76	8	81	9	28	21	46	59	35	1	47	68	71	18	17	55	25	86	25	99	75	37	7	57	17	61	87	48	56	87	90	54	81	42	69	47	36	67	79	21	80	83	13	11	20	75	86	25	25	75	80	40	54	64	83	54	40	87	16	83	63	11	10	82	65	92	71	29	74	94	94	16	69	1	14	23	66	74	5	94	38	91	62	31	71	63	29	24	77	21	70	51	26	17	5	98	71	68	57	95	49	88	25	72	45	48	5	58	27	14	67	92	85	82	62	30	89	4	76	95	61	80	98	9	35	14	86	48	79	47	69	6	36	42	87	37	96	13	84	30	39	13	85	60	61	9	99	100	19	29	38	87	63	86	82	36	75	97	23	81	20	48	2	57	16	4	98	16	49	59	94	78	2	48	50	82	34	70	88	69	82	8	41	62	35	60	47	85	85	64	51	98	21	97	94	40	72	74	30	
95	97	93	52	53	84	64	99	82	32	29	40	22	85	16	100	47	49	98	77	98	74	20	21	29	42	26	20	43	15	6	78	62	66	21	86	85	98	52	9	17	38	18	32	35	21	63	71	13	41	34	59	98	66	65	23	80	50	15	68	13	5	80	78	65	58	9	9	42	56	86	47	46	13	80	81	60	34	41	59	30	93	55	29	55	46	75	87	61	15	35	27	25	42	75	99	79	8	8	39	81	90	65	18	26	51	67	62	74	72	44	33	75	32	75	45	16	68	62	25	94	90	20	43	46	43	22	4	53	41	31	98	83	95	84	92	13	7	54	39	19	79	56	31	33	81	35	61	92	53	41	41	64	88	34	87	83	33	45	75	67	95	30	21	39	20	79	83	19	52	34	61	8	30	49	85	90	34	38	100	55	21	25	2	63	23	89	46	8	68	3	47	77	41	38	25	14	10	85	7	
100	92	55	54	18	65	69	81	80	28	84	26	64	15	19	19	73	58	82	43	82	57	45	53	5	73	80	22	24	18	68	23	97	20	10	75	28	17	85	58	84	7	59	60	54	90	52	17	84	74	2	4	16	50	57	90	45	1	80	47	7	74	36	47	92	9	9	58	1	1	96	29	38	71	83	28	46	88	52	43	83	65	57	95	28	4	45	53	66	20	75	94	92	55	73	92	3	79	10	81	88	98	43	82	50	25	99	22	69	88	92	41	58	29	24	75	9	100	59	69	14	23	15	87	84	12	94	31	70	96	61	99	48	89	37	84	49	13	89	97	97	72	94	72	23	23	87	14	56	95	47	70	77	18	37	10	23	78	62	87	1	20	7	43	56	71	14	53	91	66	94	28	87	77	43	67	63	45	14	31	22	10	58	81	19	30	76	70	14	83	75	60	32	12	84	27	11	22	61	13	
98	32	23	7	63	71	3	67	66	71	80	77	68	28	26	53	46	57	63	54	26	32	73	81	79	63	89	28	1	98	100	44	100	76	7	57	97	47	30	70	52	76	67	4	41	80	12	42	11	41	72	31	49	4	11	23	46	87	70	78	14	66	42	98	71	9	58	30	70	5	93	81	47	1	31	75	97	77	58	85	77	8	14	60	42	46	64	8	97	34	31	22	32	51	82	5	1	16	62	58	79	78	18	78	4	33	99	97	43	38	63	27	20	12	46	94	87	55	86	98	12	75	3	84	77	51	66	47	97	10	66	92	34	66	15	98	32	19	33	27	38	21	18	47	5	15	89	42	9	6	19	16	56	26	74	21	15	67	30	86	85	69	84	5	77	26	77	52	69	96	85	97	66	39	82	41	5	59	70	49	72	87	70	88	82	63	70	31	75	24	53	100	98	70	36	52	41	33	17	95	
77	2	74	40	32	6	44	86	6	99	73	89	26	68	87	4	51	5	37	97	47	57	99	70	44	32	85	12	96	3	27	91	24	26	55	58	28	28	5	77	91	44	64	43	33	88	67	22	25	61	80	25	9	51	59	47	88	80	24	92	74	54	67	58	29	42	1	70	53	88	79	85	60	10	76	73	21	86	17	5	46	33	44	44	14	53	1	98	6	29	20	49	47	40	16	7	53	29	50	59	69	14	24	53	57	37	81	55	71	87	72	16	8	74	72	17	56	65	31	82	2	21	78	77	50	9	26	65	17	17	60	47	16	33	89	66	97	74	73	11	74	70	69	3	6	95	17	62	54	96	68	38	75	77	63	75	67	64	26	86	51	74	31	76	90	51	32	88	66	97	42	21	24	4	84	75	35	25	71	74	99	95	63	33	9	8	3	23	62	76	40	24	19	64	14	77	78	29	7	75	
84	13	29	36	59	76	72	3	77	77	9	94	73	91	12	32	75	31	32	40	41	20	84	46	38	34	28	58	52	30	49	75	67	25	6	86	66	33	33	47	7	7	62	28	56	83	29	72	86	46	79	57	32	56	53	81	61	65	87	24	82	71	28	64	74	56	1	5	88	23	57	97	91	65	4	75	46	78	67	83	70	99	13	22	6	1	79	3	98	68	36	89	32	15	25	55	46	62	89	77	11	3	9	28	44	35	54	87	98	27	23	38	30	22	51	98	47	61	41	19	4	62	64	19	32	16	56	81	70	63	90	36	4	85	25	14	16	7	97	93	85	11	68	23	82	47	29	40	23	24	20	72	13	91	58	93	60	93	63	5	91	35	45	20	94	89	74	33	51	53	14	14	14	57	16	42	46	58	86	3	41	19	18	17	83	32	43	95	40	75	79	19	3	69	19	78	68	93	56	58	
34	9	6	63	87	66	79	10	27	85	42	69	38	56	36	58	71	77	22	28	79	6	15	65	88	76	32	69	63	96	73	44	2	35	28	95	75	99	71	73	70	61	32	65	9	34	79	47	88	94	53	68	69	1	88	42	67	4	46	28	65	71	100	50	94	86	96	93	79	57	47	31	86	23	58	75	5	81	45	43	68	2	77	90	12	33	34	37	75	88	47	58	13	40	63	88	96	64	50	22	5	76	34	31	79	63	61	39	39	74	45	58	18	15	83	83	6	33	95	63	6	77	98	66	30	32	92	12	100	39	23	80	57	69	34	19	25	60	49	79	6	81	51	77	25	96	8	57	80	73	4	30	49	56	90	63	49	56	87	91	9	71	75	24	26	33	98	94	92	75	60	52	78	30	91	63	55	33	74	42	2	89	8	95	44	82	72	47	58	5	46	45	86	31	100	14	36	57	99	89	
20	63	79	68	6	51	85	88	74	78	64	47	72	13	12	30	40	42	63	57	70	98	45	65	100	95	26	42	44	58	4	85	83	29	23	32	22	68	76	94	50	45	54	51	38	11	6	50	51	32	88	56	63	16	79	39	93	43	74	43	62	61	19	85	94	47	29	81	85	97	31	4	80	48	29	3	10	55	19	21	32	4	73	58	64	7	29	84	84	90	99	32	88	33	10	54	73	44	78	96	53	14	6	55	82	37	38	47	32	40	12	88	4	57	25	63	45	56	99	76	80	63	1	42	25	31	39	83	42	3	84	70	15	66	15	49	67	71	54	66	90	34	19	21	70	91	68	9	94	33	85	33	20	79	73	54	25	39	62	80	8	74	33	1	78	4	84	63	30	72	91	93	69	99	37	80	55	48	8	96	49	40	36	13	96	70	98	64	55	84	94	1	17	90	81	67	56	7	53	53	
82	87	70	73	53	69	96	55	7	68	70	32	99	17	38	15	78	81	20	96	12	65	28	67	55	63	100	97	20	69	16	31	57	41	98	65	21	31	5	42	20	86	85	84	67	11	68	91	78	73	45	95	14	27	91	58	48	76	13	96	70	9	84	90	16	46	38	47	60	91	86	80	42	20	29	55	47	93	30	57	57	52	99	95	99	29	17	10	35	5	27	47	30	19	86	12	17	2	53	38	80	4	10	76	32	5	92	54	85	99	17	42	45	25	14	7	14	71	53	8	54	22	83	26	79	17	18	52	69	29	41	8	38	57	14	8	91	10	11	48	49	28	62	62	16	59	62	97	82	20	15	20	54	95	42	47	21	91	7	92	2	13	1	7	24	45	20	68	76	46	70	89	75	26	46	20	10	12	27	12	16	81	58	92	56	12	50	44	42	54	65	79	76	28	53	60	15	87	93	11	
80	91	90	40	52	85	82	47	7	98	27	33	74	46	60	47	51	56	48	9	5	68	59	61	100	42	17	4	54	23	51	11	68	69	93	12	92	57	7	38	43	55	68	51	76	97	90	56	84	14	58	67	61	43	54	73	22	20	98	53	14	16	87	19	69	13	71	1	10	65	23	48	20	7	76	13	79	84	22	7	27	37	95	95	54	50	9	30	98	13	54	74	31	89	75	51	88	68	1	48	16	29	69	80	18	96	48	14	68	39	77	53	56	40	12	95	61	65	54	37	21	54	11	46	65	80	13	25	33	27	97	41	40	16	18	100	61	14	15	37	89	55	33	87	29	80	76	53	29	28	14	29	74	90	3	75	43	47	45	53	79	32	66	66	38	23	49	97	96	29	80	93	66	29	94	48	3	86	88	81	100	72	50	62	71	31	14	70	4	85	82	99	79	85	35	60	44	83	81	9	
88	62	23	26	19	23	13	32	15	42	44	49	89	94	38	27	79	32	36	4	26	71	8	18	99	99	21	85	88	7	71	6	69	92	27	6	21	89	42	80	87	47	58	79	64	67	28	23	30	14	21	91	45	29	27	7	40	3	4	89	67	65	54	45	1	80	83	31	76	4	58	29	29	76	3	92	67	64	44	83	68	10	39	11	55	90	19	32	33	81	80	30	57	38	14	58	27	71	28	13	29	14	44	87	96	30	35	62	50	96	18	60	93	22	17	69	56	44	59	3	40	5	60	40	74	2	20	49	39	95	52	69	3	78	93	48	57	59	65	66	1	98	48	99	71	73	54	42	74	57	57	50	16	43	58	44	35	24	32	69	50	99	16	12	62	79	93	69	10	11	22	58	25	7	44	86	47	45	24	46	66	61	96	69	23	67	56	46	94	95	91	72	44	100	17	94	3	29	78	32	
18	46	73	70	31	95	79	23	9	83	18	68	13	64	79	52	54	85	39	74	65	70	95	3	36	64	27	58	40	72	30	95	47	87	70	4	74	15	29	62	17	19	20	35	8	59	73	76	66	58	14	33	1	76	85	33	46	23	32	39	16	3	60	49	14	81	28	75	73	75	75	3	55	13	92	79	26	29	13	32	90	69	43	44	57	23	65	89	62	15	91	40	42	4	35	54	10	17	69	3	15	97	31	4	61	13	76	59	4	92	41	56	38	53	4	75	21	39	29	47	54	99	57	86	44	53	88	74	26	12	12	96	47	3	49	14	16	93	19	23	40	17	64	77	46	80	52	41	7	53	13	45	92	61	29	89	79	16	41	33	51	27	72	21	67	4	46	87	31	100	26	31	68	44	26	83	82	21	32	23	46	24	43	57	77	13	43	61	44	13	24	19	3	20	28	4	94	38	51	74	
8	46	35	21	40	24	16	60	24	33	6	76	45	48	7	85	62	6	95	14	56	63	41	4	12	96	73	21	65	52	68	81	16	76	95	63	13	64	4	36	56	31	56	19	4	20	47	47	66	87	81	51	13	45	37	47	76	72	57	4	17	45	33	5	23	60	46	97	21	46	5	10	47	79	67	26	53	11	87	67	88	76	33	88	41	27	69	31	46	43	19	87	46	87	60	65	67	27	54	14	72	41	25	32	25	89	33	96	1	96	57	26	23	16	11	97	20	35	25	38	45	72	13	99	46	10	81	69	88	64	70	31	74	73	5	6	12	20	9	12	60	90	93	24	85	34	5	94	42	50	72	55	10	29	19	68	72	94	50	70	66	87	46	38	58	24	27	48	6	98	56	60	81	73	50	38	98	39	43	96	62	65	53	60	71	48	20	82	28	74	98	86	36	86	83	15	4	34	26	66	
49	28	31	12	21	70	71	30	11	41	21	78	80	59	1	62	30	61	57	48	74	93	9	85	23	98	88	54	88	32	38	41	66	79	48	87	31	54	40	18	31	4	53	64	2	51	11	48	45	31	23	81	56	61	42	93	49	100	73	7	38	29	74	74	66	34	88	77	86	78	81	55	93	84	64	29	11	74	73	79	80	8	57	36	75	24	77	85	2	100	7	95	84	63	21	46	91	97	98	4	69	43	89	48	49	16	57	32	71	81	93	20	7	56	4	82	63	89	90	12	9	72	69	67	85	73	69	47	96	95	14	89	52	93	77	29	66	94	18	94	37	97	20	94	15	75	81	54	75	99	58	25	69	82	33	29	12	3	32	71	89	100	89	95	58	59	91	41	65	63	20	65	71	91	86	69	24	20	39	92	3	75	26	18	1	36	28	74	26	71	93	75	98	9	91	9	22	20	31	36	
96	22	79	12	28	93	56	77	95	70	1	18	68	73	61	83	57	19	87	37	62	21	63	3	79	61	41	31	48	64	55	82	18	1	64	60	53	58	59	15	73	77	60	49	52	52	14	61	4	48	38	73	56	14	65	14	78	93	85	75	11	74	33	1	74	41	52	58	17	67	45	19	30	22	44	13	87	73	60	40	2	69	35	47	22	97	71	42	56	100	41	89	23	31	12	79	15	84	94	61	3	58	51	37	28	25	74	30	68	6	37	65	8	48	36	85	66	19	74	1	58	52	51	54	52	32	88	71	72	20	2	53	100	39	91	20	88	91	4	9	66	29	50	77	2	28	47	63	36	64	96	43	89	59	10	76	48	8	33	46	90	40	16	99	71	97	39	37	1	18	73	11	96	88	96	18	35	88	56	25	19	38	38	24	76	50	59	58	49	26	31	40	98	59	64	45	27	56	78	49	
46	46	58	58	76	79	21	9	4	97	67	100	75	29	97	37	45	22	100	100	91	36	48	80	66	5	22	6	11	32	8	90	12	70	76	54	6	62	35	80	86	44	6	60	37	45	100	82	19	88	27	48	90	50	75	5	41	100	40	62	40	18	36	83	5	59	43	85	5	83	43	21	57	7	83	32	67	79	40	89	82	55	87	77	86	36	60	5	98	16	5	76	21	4	50	75	64	79	87	56	12	16	50	99	84	21	68	89	48	30	46	2	30	67	19	25	59	34	84	15	64	92	4	28	90	11	18	17	47	74	75	49	11	25	25	4	98	50	55	25	58	44	4	98	25	26	74	66	33	45	5	37	13	97	40	76	34	44	83	78	23	74	47	93	86	61	61	17	63	71	52	55	19	91	84	69	28	76	44	10	60	13	12	35	97	91	22	30	58	8	52	7	63	45	84	90	20	27	44	98	
8	14	100	80	11	40	72	44	85	37	78	85	26	70	46	97	69	70	3	50	73	24	64	84	76	43	11	28	35	87	33	88	58	57	77	74	62	1	51	60	31	69	33	15	37	13	7	28	1	40	50	83	67	78	14	37	43	44	69	51	38	80	41	15	94	30	83	77	46	70	68	32	57	27	68	90	88	80	2	82	83	41	84	38	72	67	94	98	83	87	88	22	94	52	52	30	16	7	68	3	11	63	48	4	30	99	89	65	53	62	15	88	44	52	67	43	16	61	23	96	60	89	94	41	6	82	1	55	31	72	59	84	26	60	65	56	93	51	71	37	94	79	11	63	52	45	83	8	56	42	41	5	5	2	82	91	38	89	6	29	85	67	100	63	27	95	33	36	72	66	60	1	79	91	42	52	51	81	50	74	7	65	58	96	53	84	42	74	2	1	51	83	30	58	94	14	89	91	96	67	
80	25	88	82	71	36	23	37	32	81	95	90	64	58	94	77	39	84	12	57	17	28	60	13	62	24	19	63	81	91	91	23	66	21	1	69	98	96	96	29	41	43	76	77	85	77	15	42	70	95	100	40	65	23	90	67	2	36	57	55	58	2	24	20	38	93	65	8	33	99	2	4	52	37	10	69	76	8	69	55	41	43	28	26	25	53	47	19	56	32	84	12	92	23	5	100	74	9	6	19	91	14	65	59	88	81	45	39	77	9	28	28	81	73	98	10	36	94	4	67	59	48	37	18	38	94	96	10	79	56	45	68	49	53	33	59	20	72	72	32	80	6	93	15	40	64	77	30	13	8	85	8	57	66	51	89	52	74	28	23	8	68	61	5	18	49	33	79	33	70	8	73	83	98	34	56	64	44	40	15	43	4	28	87	98	43	58	32	9	66	83	72	59	31	27	7	21	10	7	78	
37	81	10	38	95	58	61	8	22	50	77	91	87	94	80	71	24	14	37	44	65	26	30	21	66	42	18	99	19	68	3	79	29	47	45	47	47	52	64	22	30	27	79	30	35	25	30	65	50	44	2	17	89	13	38	45	66	30	36	76	59	12	72	93	91	55	57	14	44	13	77	73	99	95	39	43	33	57	35	87	84	28	40	57	73	30	64	74	9	70	11	69	79	70	17	14	97	3	60	51	94	83	53	45	39	18	47	28	100	68	11	94	42	47	85	84	86	25	77	25	3	3	47	51	41	42	18	43	42	70	53	16	42	96	57	60	92	8	9	88	70	73	29	63	23	8	59	7	47	45	81	96	16	81	46	51	79	36	68	41	93	52	82	15	36	56	5	25	91	11	19	97	39	38	43	74	84	21	86	62	84	21	83	100	47	13	79	21	27	46	15	2	79	17	74	48	72	65	87	36	
27	11	8	59	79	67	74	30	97	2	7	43	62	55	20	87	100	95	60	77	82	100	98	48	71	58	57	19	45	3	95	78	18	91	32	18	69	99	36	24	92	54	30	6	27	88	29	21	68	42	80	14	70	47	75	78	65	6	53	98	83	23	6	51	62	29	95	60	44	22	90	58	95	95	11	44	88	36	47	77	38	26	57	27	90	41	78	70	67	43	14	20	4	40	62	59	17	78	61	74	78	80	74	54	99	60	86	92	46	19	43	8	69	51	31	29	47	36	98	8	94	4	40	60	6	61	13	23	63	35	18	57	66	45	79	97	32	21	33	59	14	14	63	9	7	32	88	67	46	73	37	41	95	21	48	10	73	10	9	100	58	100	35	62	46	88	87	76	45	45	58	17	14	11	31	93	29	25	75	15	88	9	76	30	92	74	41	44	50	5	32	64	80	94	77	47	87	28	61	9	
21	84	70	88	61	35	29	66	59	12	55	56	52	6	87	65	66	77	42	38	85	31	20	15	50	16	20	14	90	68	51	1	44	98	69	68	65	76	91	55	84	56	25	49	46	18	96	13	86	85	83	40	30	19	87	25	81	87	69	45	70	23	15	87	31	55	28	42	14	6	12	64	99	54	55	57	41	75	22	86	72	25	73	90	44	7	55	65	40	30	13	6	63	99	12	35	15	85	23	67	6	72	50	33	100	65	27	22	91	10	71	100	52	10	71	74	37	88	100	14	60	40	44	35	88	64	2	46	63	7	70	88	44	12	14	50	23	39	5	88	5	46	99	93	50	1	17	61	83	79	35	66	21	32	65	10	85	60	58	96	86	14	27	26	92	14	75	91	89	26	4	16	97	78	13	26	12	100	50	13	8	79	35	67	66	25	33	48	63	95	69	30	78	51	2	6	68	1	12	71	
35	21	71	55	64	88	70	70	82	42	33	33	88	78	16	40	55	12	4	88	47	26	33	56	62	65	9	65	2	68	12	99	89	27	68	15	29	2	89	79	59	74	80	86	66	68	11	87	55	32	51	81	92	85	83	38	52	97	49	95	44	37	5	98	71	46	4	46	53	1	33	7	29	50	90	23	27	24	97	36	67	53	30	41	7	21	43	8	95	95	99	87	31	49	44	88	84	4	51	28	50	95	87	41	18	62	95	76	7	57	35	45	59	58	34	87	94	45	67	74	49	87	91	23	26	62	78	72	14	50	73	19	41	67	24	79	2	2	90	30	88	82	13	56	41	81	18	53	53	73	80	5	9	27	50	26	75	39	39	74	44	98	34	5	26	15	37	52	88	98	19	49	30	48	51	23	34	56	69	45	25	55	98	6	36	78	29	16	50	53	30	15	71	46	47	79	75	56	15	91	
20	33	77	8	64	78	60	60	56	6	58	77	99	26	84	33	85	59	33	74	83	91	43	90	63	57	73	5	79	68	22	53	16	61	28	82	65	96	74	68	67	82	25	62	36	15	4	30	13	82	80	75	22	42	24	83	61	26	99	13	13	31	55	7	63	75	45	64	1	79	34	29	17	9	19	65	69	77	71	60	94	47	64	78	55	43	45	1	26	38	43	66	23	59	89	72	13	47	87	27	63	39	88	23	92	19	88	15	85	93	9	25	21	43	40	94	49	27	63	3	25	42	88	46	20	91	83	74	50	88	42	48	69	44	17	50	11	73	90	86	82	25	63	4	22	29	33	86	94	35	94	93	5	18	70	69	95	6	22	11	28	92	64	63	63	79	61	38	86	22	73	82	1	50	71	44	45	83	57	94	31	45	60	7	74	93	62	30	9	99	72	2	44	69	17	76	75	36	43	77	
4	86	15	86	77	82	14	6	99	10	93	3	22	23	2	82	34	38	20	58	66	78	79	62	20	11	16	100	5	87	50	48	84	10	55	95	91	90	42	44	78	91	87	75	55	70	24	93	8	94	97	88	7	76	96	9	93	6	44	100	39	75	41	87	29	87	53	8	98	3	37	84	10	30	32	89	31	85	42	5	98	19	74	70	65	8	1	91	36	29	47	78	58	87	64	96	67	98	77	92	44	41	100	20	52	74	8	55	27	72	54	76	23	50	13	8	1	56	81	32	19	61	42	67	7	41	65	63	93	63	87	80	61	77	55	33	11	35	69	25	19	74	10	11	18	86	33	49	18	22	12	4	38	64	40	68	71	33	74	86	76	71	68	76	87	12	34	16	6	78	62	19	64	21	46	14	15	69	5	19	53	1	99	15	82	54	12	5	54	31	59	47	48	61	90	90	88	84	3	40	
15	38	56	12	49	72	74	82	94	87	45	10	16	75	88	96	52	38	74	52	9	55	2	83	43	78	69	27	25	41	82	22	32	98	47	19	66	81	41	67	50	36	26	68	91	56	99	12	98	42	49	15	15	13	96	27	9	100	21	6	68	72	47	2	24	61	66	97	6	98	75	84	35	98	33	62	46	2	56	98	83	56	9	67	40	95	26	36	57	44	50	77	34	25	50	1	24	91	80	76	9	24	6	17	48	63	94	63	22	73	72	21	53	48	77	51	96	7	66	92	33	6	82	69	15	89	70	81	53	79	3	25	55	14	84	19	58	29	30	25	58	100	65	85	97	59	42	89	14	31	94	18	80	14	60	38	96	15	98	84	26	58	63	2	18	18	36	5	6	97	85	55	87	18	33	6	26	88	56	30	37	14	27	28	43	1	1	17	78	47	37	49	52	96	37	22	57	26	43	66	
7	77	98	91	51	53	54	57	62	76	37	99	80	49	3	87	65	97	15	7	77	85	79	93	85	41	10	78	26	18	68	19	53	36	41	40	35	99	66	70	2	57	19	60	70	4	83	39	23	76	73	42	3	70	61	10	60	8	23	53	68	32	15	100	77	15	20	34	29	68	88	90	5	13	81	15	43	100	100	16	87	32	70	43	30	95	38	29	44	43	26	59	24	57	31	68	18	13	85	4	57	25	15	72	43	17	65	1	51	5	28	79	12	6	44	93	90	31	18	92	56	12	19	41	12	17	26	42	69	35	89	91	88	31	10	89	43	17	48	90	21	2	90	77	81	73	24	32	46	74	74	80	93	58	38	49	66	3	46	13	21	33	2	2	6	48	78	4	93	86	88	54	74	57	92	68	88	13	86	62	77	93	2	51	8	44	46	69	22	51	29	86	46	88	90	51	40	57	92	50	
48	53	21	25	1	41	63	25	6	27	39	5	40	18	60	9	23	33	87	5	100	9	18	63	36	36	66	75	34	42	22	13	31	29	13	86	37	29	67	74	81	44	65	52	47	76	77	100	62	81	80	40	45	74	93	52	12	95	43	42	42	55	100	9	21	35	75	31	20	36	47	99	27	54	80	91	19	7	41	5	88	84	11	14	13	99	43	47	50	26	89	43	71	25	56	89	43	46	28	26	10	99	47	28	70	67	69	64	22	84	38	43	74	42	58	11	28	49	27	59	35	37	53	89	89	72	38	7	92	96	17	82	79	73	11	18	99	50	4	18	78	19	23	8	90	70	65	63	72	38	71	91	53	28	92	2	27	58	23	66	88	9	59	16	72	84	49	55	68	13	37	7	92	70	73	52	60	49	77	34	37	43	40	13	17	34	92	40	21	10	67	14	56	53	52	68	20	98	64	93	
64	100	22	51	93	79	19	41	69	62	71	76	71	47	44	55	33	85	48	5	43	66	37	58	64	20	37	67	61	25	2	11	61	67	87	38	93	35	11	6	92	24	72	22	45	95	89	78	23	8	72	43	97	38	79	97	92	11	83	48	60	75	6	33	70	27	94	22	49	89	58	32	47	74	30	40	87	95	89	76	22	12	69	20	6	87	66	78	77	59	43	23	48	89	56	94	83	54	72	59	98	16	44	94	47	88	20	43	63	46	27	27	97	16	35	77	78	34	18	51	64	67	22	98	24	80	54	30	38	91	37	81	43	98	86	11	67	49	62	90	90	87	36	57	18	15	30	11	88	59	42	42	56	10	44	72	41	98	24	81	12	63	35	70	97	56	35	91	66	95	87	19	79	24	58	15	74	4	90	61	34	78	99	42	46	47	54	65	98	89	20	21	46	16	72	45	43	91	54	10	
82	18	84	34	76	5	40	49	46	70	49	90	23	2	46	71	83	11	25	26	19	68	54	6	30	23	78	2	51	34	18	43	99	22	3	92	21	98	80	79	22	65	38	11	34	40	95	8	45	99	52	81	9	36	47	83	97	22	34	90	86	20	45	25	51	25	92	32	47	32	13	88	30	31	57	42	46	84	23	21	94	92	79	4	63	31	23	58	34	24	71	48	81	95	23	73	59	27	12	89	100	92	72	57	72	29	81	22	84	98	37	36	28	27	97	26	39	57	87	16	70	39	51	14	78	49	8	47	64	68	69	43	89	8	63	88	41	33	10	48	97	74	96	24	55	82	12	95	63	45	93	92	65	7	91	8	67	83	85	25	72	3	98	65	92	66	83	69	48	71	84	26	70	5	33	87	82	78	12	6	14	55	14	24	19	9	31	95	43	99	99	51	89	27	63	72	1	3	12	38	
63	24	71	62	27	85	41	44	1	11	56	59	3	53	96	69	9	90	25	53	29	93	80	41	24	59	76	5	84	39	49	20	84	40	33	70	61	55	76	86	17	85	6	48	95	5	82	78	11	55	60	80	36	38	50	9	6	24	6	37	32	25	34	6	26	42	55	51	40	15	40	33	19	89	38	4	87	63	31	4	52	23	70	40	99	49	59	87	25	57	25	89	95	74	100	5	31	55	38	72	14	59	68	33	79	50	10	78	58	80	48	51	13	76	40	47	76	74	68	36	1	20	18	48	83	63	97	91	36	34	39	58	12	45	37	1	46	13	22	29	39	90	77	20	19	8	86	44	21	3	21	76	35	92	26	49	12	56	97	70	76	37	97	62	7	44	80	4	1	47	7	91	48	31	81	16	56	64	85	73	80	26	84	100	28	36	84	4	88	84	73	63	40	25	94	65	62	25	48	78	
28	62	57	58	14	73	51	11	69	11	48	45	63	9	27	43	1	79	100	25	13	94	75	42	51	41	88	96	40	33	88	84	27	8	94	86	44	60	91	41	74	3	24	94	24	74	58	15	97	93	13	75	88	45	72	22	14	10	97	12	76	82	36	67	17	75	73	82	16	25	63	10	86	75	14	35	60	21	12	50	52	5	17	62	12	44	89	64	50	31	56	56	23	100	91	47	91	21	78	67	79	78	93	21	58	1	44	70	97	29	83	31	20	97	12	97	64	47	84	70	73	85	95	3	18	76	14	44	53	64	74	74	7	4	55	53	9	26	72	36	15	84	98	100	17	73	81	21	23	76	49	74	44	80	95	92	48	49	51	97	54	14	11	44	6	27	79	7	65	87	18	63	72	23	60	59	72	11	58	73	68	18	77	92	57	34	80	62	66	68	52	68	53	48	84	32	9	20	82	51	
75	4	95	29	69	25	10	57	3	32	19	16	81	75	82	88	30	23	16	100	61	81	55	58	90	5	26	97	59	35	73	88	89	41	42	79	80	16	35	43	29	66	55	10	57	62	11	58	94	84	3	77	30	68	24	29	58	60	6	39	67	34	22	38	5	99	92	5	7	55	88	54	12	51	58	54	65	46	79	75	30	100	14	59	35	88	72	96	1	68	89	94	73	5	47	75	89	65	60	60	4	64	59	82	63	52	48	25	18	9	86	83	87	75	51	39	93	48	78	2	16	29	50	49	48	89	28	3	74	52	99	95	10	34	61	28	63	72	25	59	81	17	96	8	20	20	39	6	12	24	42	82	24	82	36	42	8	74	34	40	24	55	3	54	19	96	45	84	42	34	47	21	71	65	1	53	69	32	49	2	76	63	37	60	85	54	71	96	35	33	53	14	29	58	77	79	26	84	26	100	
6	55	2	94	22	94	58	19	81	99	35	46	52	61	65	98	30	31	68	18	100	3	65	34	62	28	56	100	19	39	76	55	35	23	40	20	68	80	92	97	96	9	27	96	16	46	27	70	36	23	6	86	20	21	88	100	43	40	33	60	57	13	15	6	98	79	3	1	53	46	96	73	17	88	27	10	67	91	15	64	16	74	97	17	15	84	13	67	24	18	43	83	59	31	91	89	80	60	39	80	13	47	11	31	21	32	15	15	74	11	31	67	14	75	2	100	87	88	46	90	52	78	32	68	31	12	27	83	57	77	68	42	52	65	29	3	86	67	79	72	2	30	7	11	98	73	62	9	91	57	28	12	7	87	69	11	68	85	98	67	78	5	82	34	25	71	50	40	89	22	67	56	32	29	73	56	63	69	84	84	75	77	74	72	3	8	88	18	18	90	75	92	97	90	98	87	84	6	65	93	
50	99	58	61	12	13	40	10	56	57	91	95	27	87	99	31	62	47	25	53	26	89	62	54	64	59	14	6	16	49	57	76	28	28	77	85	56	9	68	53	100	2	12	34	16	10	5	76	21	93	5	18	63	80	12	10	60	38	50	71	35	17	84	53	71	8	79	16	29	62	64	44	2	68	71	17	27	97	84	79	7	9	3	78	85	4	47	98	91	13	46	54	27	55	21	65	60	67	26	44	59	13	56	42	84	9	51	59	32	57	20	95	82	68	52	23	32	63	41	90	1	46	93	34	52	74	45	54	20	84	27	86	16	33	91	89	13	3	3	3	71	20	50	26	46	84	22	41	72	40	88	55	22	99	2	29	94	94	66	43	58	80	15	66	68	87	48	13	39	97	73	80	12	1	62	57	19	33	79	10	86	55	64	97	47	91	72	51	49	24	13	98	57	29	65	52	14	2	33	91	
41	100	6	87	22	57	35	67	82	10	5	3	68	24	62	33	42	18	36	39	97	4	52	2	51	22	40	68	47	90	31	39	59	36	62	61	93	14	75	43	54	58	30	62	53	9	96	89	77	49	98	86	17	70	30	3	33	11	44	72	70	43	12	55	68	8	10	62	50	89	50	78	53	1	28	69	54	98	94	87	68	6	60	61	23	51	87	77	80	85	28	72	12	38	78	60	39	26	79	100	29	9	60	20	34	95	100	71	53	28	89	28	91	11	64	43	36	6	5	78	1	56	1	88	57	66	47	16	7	78	78	85	83	71	9	38	85	87	47	44	85	78	85	77	33	85	22	86	54	94	79	21	96	98	36	37	95	48	22	67	84	61	80	59	82	11	63	88	30	1	90	35	84	38	59	15	50	23	86	96	24	20	98	34	63	40	10	29	93	14	69	69	18	92	38	20	3	67	15	55	
55	29	53	38	25	90	41	25	97	53	57	95	8	82	87	38	82	72	47	46	56	19	67	43	45	47	73	15	65	10	75	92	87	41	68	52	86	47	94	83	33	46	49	63	2	75	19	7	21	24	57	16	9	7	62	78	76	6	66	91	20	64	96	39	57	39	81	58	59	77	22	96	38	48	13	3	14	4	61	56	3	19	51	74	67	28	27	92	76	4	26	59	89	72	67	60	80	44	100	39	42	100	33	48	7	77	80	84	94	74	31	19	88	89	44	94	4	72	81	10	87	48	48	1	100	100	29	56	46	97	23	76	28	60	100	63	37	32	78	74	20	94	79	57	32	71	22	21	69	84	98	66	16	73	69	86	31	28	63	38	61	89	41	41	7	23	19	33	70	40	30	19	65	6	5	84	40	23	46	37	97	62	2	89	1	8	40	62	49	76	18	70	69	84	6	88	36	16	5	56	
40	55	71	85	86	22	26	15	40	65	18	46	78	14	39	70	72	2	89	81	68	41	84	45	69	74	95	74	56	17	37	96	80	57	32	35	10	97	83	8	76	6	85	39	16	86	21	18	81	99	78	52	96	67	52	99	90	21	53	86	26	71	79	64	95	81	88	79	69	11	5	53	80	16	29	15	72	69	3	12	11	91	94	78	6	50	63	44	9	57	10	98	100	14	79	4	13	59	29	42	49	10	94	53	50	17	14	29	92	72	88	64	63	83	46	89	17	15	50	91	14	31	61	84	49	93	18	44	65	31	61	81	3	39	31	62	8	73	1	39	47	58	56	82	100	38	39	65	94	97	29	15	21	77	66	19	93	93	24	26	59	64	67	73	16	22	6	12	50	78	33	27	29	75	87	64	61	22	94	80	97	9	77	5	83	56	55	18	57	85	12	48	6	41	59	30	77	11	99	94	
96	95	55	5	26	59	58	29	97	35	68	29	11	76	94	67	11	25	90	53	43	10	13	66	71	66	42	74	36	7	71	3	74	14	1	9	27	25	64	27	5	76	43	6	81	53	75	13	8	17	79	76	29	68	83	88	46	4	81	79	21	51	43	4	49	90	98	78	14	3	76	14	4	29	14	97	41	43	58	16	63	14	83	80	72	95	39	41	24	25	99	16	92	59	78	64	47	13	9	100	10	77	42	65	12	74	53	29	71	59	80	9	28	22	46	46	38	27	27	62	70	7	57	4	92	14	52	67	27	1	77	88	56	17	39	79	100	58	3	23	9	48	20	46	48	13	5	90	85	63	53	16	56	24	66	23	5	8	69	12	37	36	40	50	2	50	16	80	100	75	45	14	86	38	41	98	13	1	97	86	61	14	50	41	50	3	20	59	98	46	50	58	13	6	49	23	19	62	75	40	
15	1	80	63	59	4	23	8	38	10	100	77	54	47	4	49	83	46	72	39	38	13	3	13	1	31	96	38	15	15	96	95	88	33	47	93	42	7	87	86	59	14	20	44	95	29	24	2	89	22	81	83	22	30	95	12	66	90	99	77	67	8	37	41	88	65	43	18	24	9	34	6	10	69	44	31	25	89	51	50	48	65	53	74	50	87	88	100	6	15	47	44	72	68	93	59	11	56	60	33	94	42	86	56	93	16	54	77	40	73	69	44	70	67	82	19	50	30	51	13	26	14	22	69	2	13	38	61	19	1	18	18	21	41	76	39	80	39	57	86	89	26	98	55	3	1	3	84	91	71	71	24	60	19	83	66	32	8	64	30	17	33	8	6	74	40	48	38	53	69	6	17	84	80	90	58	11	8	74	19	7	88	50	27	63	37	56	55	22	76	20	74	53	8	27	56	29	57	63	44	
29	70	99	1	90	2	5	52	3	31	43	25	38	73	3	57	6	87	94	46	68	27	82	98	49	66	46	82	19	45	20	15	63	11	18	100	13	91	76	7	23	17	56	87	93	72	68	59	36	18	94	27	13	14	52	18	98	66	35	14	67	56	7	96	25	18	82	78	53	28	31	55	76	80	87	4	32	48	37	99	4	59	45	54	33	41	23	20	17	72	28	94	57	33	21	82	31	42	20	48	53	65	56	94	90	79	29	17	73	21	84	90	57	47	49	31	45	38	61	95	42	44	10	89	46	19	2	8	82	16	39	34	25	58	93	3	12	98	25	91	66	21	91	40	72	53	68	55	20	97	56	84	25	18	11	76	38	70	41	23	54	6	10	99	91	52	74	86	50	39	45	71	7	53	75	99	38	26	30	56	77	78	67	1	11	68	66	29	57	31	19	72	18	68	1	60	28	66	62	21	
92	43	15	76	85	83	94	57	92	80	58	11	75	75	28	54	77	40	52	27	44	48	45	75	96	85	90	87	7	68	74	51	84	7	18	80	95	80	49	55	21	17	23	21	36	5	63	11	21	36	6	65	91	28	63	72	15	75	10	20	44	87	49	53	72	26	50	4	57	44	79	82	32	18	96	61	25	49	28	84	30	88	39	99	100	18	92	52	48	43	70	47	72	79	58	63	21	84	34	7	50	12	93	90	35	93	17	93	65	83	59	46	11	64	72	95	1	68	73	45	57	68	87	14	56	84	73	49	90	47	83	71	23	1	73	35	92	73	4	67	51	98	41	66	69	85	81	64	89	13	42	2	100	51	90	27	7	47	74	19	25	61	66	60	51	36	94	76	25	24	31	7	60	51	94	32	84	28	42	66	83	59	41	33	61	56	61	100	22	34	47	51	24	17	50	85	67	57	28	2	
24	54	64	91	100	60	15	62	73	95	74	57	2	42	32	4	69	96	62	32	47	82	34	4	43	59	73	92	12	71	72	55	31	39	48	10	81	70	30	19	75	93	91	93	11	48	64	40	88	17	57	31	80	93	94	39	16	81	67	62	16	72	16	18	45	51	25	33	37	35	63	37	5	96	30	13	89	16	25	21	99	81	18	60	65	62	19	74	63	17	67	88	29	50	1	52	32	9	95	77	17	74	16	79	93	72	61	16	19	37	25	26	36	96	35	22	66	91	39	71	35	5	63	87	45	99	14	55	2	31	81	69	76	74	61	94	3	98	8	79	86	88	42	85	33	25	5	31	97	5	1	76	100	71	64	5	8	59	76	15	48	52	39	97	93	54	89	96	51	38	30	45	66	10	6	24	46	60	49	15	18	41	71	76	8	38	15	47	42	30	41	75	77	1	20	87	55	34	39	66	
44	28	59	49	25	47	69	22	23	82	21	57	87	59	36	80	61	70	76	28	33	7	91	12	56	27	74	74	95	8	4	25	47	10	66	83	54	74	51	61	73	2	53	45	87	99	49	55	66	82	100	31	50	12	33	61	9	33	51	78	15	1	43	10	48	67	99	99	81	54	61	38	92	48	35	76	33	57	74	68	89	45	47	86	27	95	88	8	94	65	69	20	81	10	44	48	15	51	100	80	14	53	54	29	17	61	8	16	47	72	86	19	48	53	39	77	67	5	90	40	53	52	4	42	7	8	82	28	92	81	61	12	31	71	86	54	10	63	7	44	73	28	70	94	7	23	95	30	68	37	6	44	50	94	37	2	40	25	37	92	95	68	69	3	12	55	14	52	29	41	61	29	79	32	12	40	20	46	8	36	91	87	28	97	31	82	36	97	74	47	51	78	54	36	13	100	7	73	44	94	
57	60	16	100	38	4	52	53	76	90	42	55	61	36	22	50	61	41	27	41	68	16	43	95	20	100	77	31	16	73	8	69	36	22	90	21	46	16	15	15	10	88	63	66	46	77	3	64	13	78	29	72	66	64	99	100	57	56	30	10	88	2	42	43	5	62	22	97	55	87	39	47	54	14	62	59	96	32	30	89	65	39	28	92	22	76	15	55	63	1	64	43	22	78	70	25	15	59	71	84	29	29	77	17	93	16	16	86	35	11	33	69	26	90	11	19	45	44	76	82	21	8	16	46	43	85	67	57	21	12	44	67	70	96	99	100	90	81	99	92	28	65	19	9	60	66	72	44	62	66	66	90	15	7	38	67	57	10	4	36	56	4	74	61	66	92	85	92	57	6	84	13	76	51	37	5	45	43	96	45	16	23	67	28	7	87	100	97	25	30	80	81	66	97	40	75	54	96	8	5	
22	51	6	92	51	13	89	49	50	40	93	57	71	88	75	16	89	91	73	12	92	60	54	62	73	74	95	82	3	76	58	27	33	33	17	100	90	72	64	24	33	74	73	34	95	44	2	85	66	78	49	59	93	62	91	2	100	73	78	100	35	62	81	33	58	74	69	43	71	98	39	32	85	68	50	4	1	71	68	48	53	77	100	46	91	7	85	27	22	51	22	63	84	58	97	18	74	32	53	94	92	71	40	73	65	19	47	35	10	89	7	86	71	11	10	48	44	11	71	83	49	41	18	88	8	5	50	18	76	44	54	47	76	37	74	45	27	57	78	9	55	83	97	45	30	99	28	17	6	53	86	8	57	60	73	98	51	46	19	26	72	35	54	50	96	24	60	44	59	28	58	97	74	87	15	63	46	20	16	30	90	64	7	45	20	23	74	46	33	55	74	78	93	45	99	59	93	89	47	78	
72	90	46	72	32	4	41	69	50	59	94	57	51	65	14	27	86	100	81	98	71	62	22	41	3	36	93	75	31	14	51	40	22	66	54	93	91	40	77	95	81	25	33	67	85	6	85	55	17	80	29	4	77	83	22	13	10	45	31	42	40	99	9	82	27	72	88	38	87	27	74	40	99	39	96	92	96	81	6	30	62	9	68	19	10	57	93	72	73	5	84	46	98	80	29	9	11	57	28	74	72	59	73	21	83	37	72	11	89	31	15	48	82	1	66	90	84	21	50	67	41	4	79	88	76	28	65	61	52	62	22	10	66	15	81	44	71	59	51	59	74	62	56	46	63	30	57	26	28	94	46	28	45	62	43	43	91	74	17	2	58	87	49	14	53	84	20	97	20	100	30	88	38	20	22	37	26	28	22	69	5	95	56	18	31	81	3	78	82	26	20	4	7	40	58	5	98	3	57	60	
4	77	6	30	79	83	17	18	24	47	82	16	45	17	36	91	64	48	2	90	52	76	99	22	96	97	21	65	78	86	68	100	77	1	38	24	2	50	15	86	93	21	68	100	5	14	84	85	23	8	44	41	99	77	74	3	63	43	50	25	54	96	82	36	14	44	92	63	72	23	45	12	17	77	18	41	57	93	37	46	15	28	11	43	71	35	9	54	72	28	38	27	37	48	83	86	31	20	89	31	88	80	69	84	59	25	86	33	7	15	93	44	12	77	24	3	15	94	28	14	80	6	69	22	3	62	9	39	98	2	83	60	27	22	78	81	41	74	49	52	11	44	1	47	65	37	3	38	43	20	53	50	47	95	51	97	56	88	60	74	7	52	64	65	46	60	54	71	79	75	74	24	69	93	67	21	100	70	72	57	79	21	91	74	82	89	13	51	56	33	69	14	59	48	4	44	57	5	46	30	
9	44	34	60	29	15	75	81	39	7	92	44	5	25	56	86	38	23	96	13	34	28	45	96	90	93	46	22	87	35	11	53	52	25	24	83	52	30	45	96	97	94	77	75	32	82	56	90	11	93	9	67	68	57	44	31	71	11	25	59	54	93	97	23	67	33	41	27	16	38	58	88	42	53	60	56	26	20	65	2	88	28	94	8	100	45	25	76	21	79	43	27	36	51	31	83	67	95	28	19	64	9	44	90	46	26	19	69	86	48	44	38	2	24	58	87	53	41	30	72	63	34	80	14	13	91	54	83	88	59	50	87	90	24	93	60	32	92	83	12	35	32	66	59	58	53	79	78	81	6	96	98	57	53	53	64	18	41	24	81	24	41	19	60	9	41	66	93	61	60	52	59	24	4	54	86	15	37	83	21	35	15	75	56	51	24	78	88	60	16	70	22	100	54	6	62	63	71	38	17	
85	30	93	51	17	49	26	11	42	34	36	99	2	52	94	31	15	9	84	17	66	52	35	11	98	3	51	15	66	23	28	37	80	7	14	25	71	55	61	41	91	70	26	6	90	7	98	23	68	27	22	89	66	62	34	99	55	57	63	89	14	16	16	59	92	75	58	20	8	30	18	4	45	56	93	38	23	7	8	30	44	81	42	69	52	59	21	23	53	12	74	97	28	13	20	87	14	82	91	88	63	28	70	57	11	36	48	26	71	82	12	2	69	85	46	46	49	56	89	32	90	1	2	31	23	79	6	72	4	89	63	73	23	75	36	24	3	30	51	15	69	63	31	26	68	13	16	93	82	40	34	99	54	12	96	50	58	21	87	36	3	54	31	23	38	40	56	57	88	6	100	80	24	14	62	68	71	89	100	20	73	45	69	79	10	28	25	43	49	16	8	36	60	97	21	86	43	18	34	75	
67	6	21	10	25	92	2	45	67	16	87	28	89	53	66	21	31	83	73	61	79	47	17	60	19	19	17	3	53	62	1	52	79	57	44	75	63	40	61	99	8	22	36	44	16	10	29	76	96	32	100	4	57	3	76	30	45	12	3	24	24	44	81	59	85	32	29	12	74	22	15	57	25	40	22	53	16	56	48	67	52	73	47	51	10	58	43	50	48	6	42	16	27	76	97	75	75	68	11	89	83	22	67	47	64	96	53	90	11	1	77	24	85	5	73	18	78	63	87	65	65	1	46	8	27	51	79	53	89	79	70	85	70	33	74	60	59	58	7	8	47	91	37	95	80	30	12	91	2	73	96	38	13	95	62	92	21	8	13	96	31	11	9	46	91	76	50	27	72	61	86	59	95	11	37	50	10	66	40	55	36	96	15	85	31	67	46	50	7	88	1	71	4	50	73	34	60	53	43	36	
39	94	19	77	15	8	7	37	53	75	37	86	22	34	70	93	29	62	78	61	40	62	98	19	69	66	21	13	94	95	71	50	31	85	59	20	95	76	63	100	85	77	48	52	87	90	56	12	8	38	17	65	51	9	63	2	68	13	65	63	8	99	54	95	82	75	24	46	72	51	83	25	14	12	17	4	11	4	36	19	67	98	85	31	71	34	40	13	77	44	58	35	97	40	12	51	2	52	64	44	46	46	82	49	72	35	39	11	10	66	24	58	46	73	11	25	60	23	68	34	11	82	66	24	36	58	4	78	9	65	47	13	15	27	51	96	68	65	24	38	6	15	4	53	85	16	95	98	95	31	8	74	48	59	49	56	41	36	49	60	36	51	12	86	63	86	42	35	21	12	89	40	88	66	37	13	62	36	32	30	14	56	67	96	31	61	34	32	38	9	84	64	88	24	62	91	25	61	26	78	
30	38	20	96	75	43	7	8	5	48	30	7	32	12	68	79	13	44	10	73	85	27	89	27	93	10	46	15	50	12	79	21	69	95	45	91	70	43	81	39	64	46	49	46	80	45	92	18	25	44	36	87	85	16	71	54	92	94	96	10	3	97	4	58	62	45	75	94	17	98	83	63	7	95	69	75	97	82	85	25	43	10	84	29	74	87	94	8	51	93	11	77	26	47	97	39	100	23	43	94	89	46	19	31	95	22	77	19	48	90	3	87	46	18	25	79	67	22	19	39	28	68	38	88	90	38	64	58	68	95	8	68	89	72	74	50	13	69	78	7	41	37	21	29	24	87	20	90	66	78	77	93	89	80	46	42	67	81	24	37	15	90	89	46	63	47	93	23	2	12	33	12	42	14	62	56	48	71	94	71	84	36	28	50	25	38	30	32	41	13	29	64	1	1	33	56	46	68	60	78	
35	17	25	67	48	74	18	85	77	26	90	31	26	52	25	85	11	99	94	51	19	66	23	93	63	19	24	9	46	67	83	69	82	84	49	52	17	44	97	4	77	52	76	49	66	48	7	10	22	89	57	50	1	85	15	81	2	26	48	4	73	90	54	28	30	16	9	87	56	47	6	45	14	61	56	21	20	63	66	59	16	36	86	47	37	94	49	1	96	90	28	78	39	76	64	93	87	32	36	4	17	38	50	45	1	66	67	45	44	84	15	53	49	78	60	67	57	29	19	70	97	18	72	72	46	46	57	90	46	17	60	51	74	48	15	97	88	54	27	33	30	49	26	38	30	59	19	88	5	98	77	2	82	25	33	97	59	81	46	22	100	74	16	6	63	53	18	97	32	22	31	2	15	27	21	82	46	30	25	70	62	57	33	6	40	23	48	43	82	74	22	21	100	75	32	8	91	48	13	96	
93	42	88	23	37	38	75	49	14	19	12	97	7	45	75	44	16	34	1	13	79	89	1	93	49	15	53	50	91	26	33	65	1	27	100	47	77	99	19	45	76	36	46	11	61	92	89	59	47	99	26	80	24	53	94	11	16	78	39	1	77	30	71	42	89	68	100	55	65	61	33	56	71	65	44	39	35	89	19	34	61	94	25	36	88	45	27	56	7	31	49	34	57	74	47	48	88	63	6	72	15	27	30	38	68	91	5	44	11	21	94	41	56	63	23	22	29	68	18	67	43	13	83	48	42	60	12	27	78	87	54	92	62	2	51	19	7	47	29	53	23	82	45	62	95	13	81	30	88	89	28	55	34	71	94	43	75	82	88	79	74	99	95	50	26	87	83	91	84	10	58	6	15	7	72	70	56	99	4	82	58	33	33	82	14	6	25	83	38	20	36	16	4	43	56	63	39	60	57	76	
87	9	82	81	87	100	23	50	85	68	6	56	85	31	20	47	35	68	89	33	56	2	20	71	39	79	34	77	43	28	44	58	46	2	35	96	87	85	3	69	47	63	30	54	97	56	90	88	38	68	49	87	97	21	62	1	40	16	52	61	62	52	84	60	4	62	59	86	31	41	95	99	53	54	59	29	25	90	74	84	23	4	77	98	100	67	63	81	66	18	27	18	87	68	84	78	46	41	5	81	50	27	51	61	73	39	90	76	71	50	28	30	89	87	68	19	19	18	68	73	29	7	69	37	93	32	97	8	94	19	32	41	1	44	85	94	46	2	19	85	72	62	54	12	39	43	73	34	29	82	76	34	59	10	52	18	55	79	65	63	72	93	20	49	96	93	42	79	7	46	3	70	61	58	4	12	25	99	73	12	14	12	13	39	94	30	48	89	36	66	71	68	92	16	58	77	85	85	36	60	
81	62	63	8	70	41	37	10	56	38	16	4	42	42	58	92	8	22	46	51	60	63	42	58	28	60	17	53	46	93	79	3	15	21	62	90	64	79	100	24	67	39	40	51	54	56	46	58	3	85	41	49	80	10	40	90	42	72	1	4	9	26	74	9	76	25	69	98	82	19	63	76	8	37	3	47	38	12	1	15	96	67	25	8	14	74	3	32	92	92	59	51	16	36	70	2	90	90	78	10	91	62	13	95	45	71	40	82	83	67	14	72	32	65	34	39	70	67	73	7	66	12	14	86	53	94	84	92	59	37	18	73	28	94	84	83	40	36	40	71	75	32	7	8	58	51	76	89	22	70	28	45	15	6	33	84	92	68	62	61	90	98	14	8	49	43	52	49	69	90	61	56	87	6	18	49	78	61	49	82	19	8	13	4	17	77	52	39	47	23	22	22	34	63	11	20	56	70	34	14	
31	2	7	3	99	55	77	90	42	81	90	47	63	62	93	83	29	40	2	70	48	1	27	17	45	100	87	83	35	89	44	95	94	29	76	32	29	71	28	15	82	50	43	74	93	65	44	4	6	71	37	66	11	97	69	78	95	58	51	42	69	30	2	84	95	94	14	12	2	4	6	80	54	21	40	54	45	9	58	64	60	59	3	94	60	49	25	19	33	56	35	64	70	1	73	16	52	1	1	87	14	70	26	42	57	35	53	21	49	41	80	63	90	65	11	28	97	43	29	66	32	13	100	16	40	10	21	22	61	86	65	64	95	74	75	12	63	44	21	11	49	64	41	1	80	15	28	15	71	2	45	60	64	63	29	38	15	67	78	2	55	13	41	26	39	74	83	14	85	18	54	17	77	45	91	57	37	34	68	58	31	14	12	44	21	74	20	87	66	66	67	99	36	100	82	29	65	50	28	1	
33	40	37	66	27	87	47	56	99	16	73	6	38	13	49	4	19	51	75	22	49	97	15	59	19	39	71	59	65	28	98	48	83	65	51	70	97	23	64	96	87	86	17	44	54	97	44	18	82	80	44	56	90	65	74	85	47	35	62	13	18	41	44	19	61	90	23	75	21	62	77	63	22	54	5	99	72	72	52	92	89	48	3	4	40	87	42	61	6	12	37	67	39	20	85	29	78	46	56	48	31	7	14	44	68	5	52	8	41	4	6	34	1	1	82	68	18	13	7	12	13	97	80	81	84	8	47	47	81	48	7	20	93	98	27	56	57	81	16	15	68	93	48	30	44	1	8	88	37	97	93	69	43	100	87	13	13	77	14	83	51	17	83	60	60	82	44	36	5	13	67	47	27	24	55	82	80	21	99	32	93	32	36	42	26	78	78	6	41	83	45	35	89	84	16	79	87	81	76	69	
86	55	90	100	25	39	9	42	34	59	70	45	31	34	71	6	2	81	66	60	72	89	68	63	81	80	27	15	11	52	85	89	63	29	38	96	100	11	95	61	14	29	59	47	5	36	21	45	56	77	21	75	43	69	24	11	9	83	61	48	63	94	8	65	80	20	15	3	78	64	98	1	83	11	60	57	13	69	51	4	94	37	47	40	44	91	88	42	82	19	53	22	51	18	95	50	32	93	1	48	61	57	22	10	87	63	4	16	18	79	69	80	2	46	66	38	72	83	69	14	100	80	20	35	33	83	79	54	58	80	20	87	99	28	96	67	53	97	94	75	56	80	54	52	38	83	59	88	16	98	64	77	39	93	26	52	66	14	88	99	59	62	78	97	44	44	5	11	46	47	1	15	73	7	94	91	45	49	13	61	42	31	98	2	8	94	15	99	34	38	33	74	84	36	32	7	59	52	44	85	
23	94	41	79	100	99	31	89	42	80	17	22	57	37	76	19	24	52	77	52	16	9	50	94	61	69	99	37	84	38	88	91	83	61	16	43	36	20	37	67	66	39	60	85	32	1	80	79	67	20	15	96	74	1	65	40	98	90	47	12	38	27	86	46	98	43	87	84	77	19	66	42	26	46	40	86	99	67	54	28	41	18	51	60	35	23	46	67	69	41	89	98	14	48	3	49	68	34	88	1	84	4	69	89	14	87	42	46	88	88	22	14	31	8	24	88	72	48	37	86	16	81	35	88	33	32	97	8	50	60	30	2	8	7	95	39	56	21	92	56	9	86	86	28	61	14	74	57	21	30	86	64	46	58	63	82	41	64	38	24	1	5	74	88	86	31	68	59	7	54	66	8	62	41	54	7	50	91	97	57	40	48	76	60	28	80	8	94	79	22	54	44	29	53	19	81	30	10	25	15	
19	63	11	84	8	62	95	24	92	28	39	42	56	90	95	86	39	72	1	4	77	98	88	2	53	24	88	86	93	16	15	47	25	90	97	90	28	85	4	74	9	28	97	51	67	46	18	39	8	52	97	10	2	55	55	94	73	7	94	33	69	30	83	8	9	46	84	77	50	32	30	25	79	65	74	44	46	85	52	90	6	38	41	6	88	26	20	7	15	12	89	24	78	83	18	48	31	52	57	100	49	92	2	46	56	45	7	43	8	76	3	13	23	27	36	90	46	42	93	53	40	84	33	33	90	59	83	68	14	94	63	61	99	2	52	82	21	78	43	93	4	84	95	68	21	17	14	2	1	67	8	72	4	2	7	86	4	74	9	93	75	8	18	61	75	55	19	53	64	69	94	88	81	34	56	71	90	70	71	68	12	7	49	20	50	10	25	83	35	77	66	98	98	33	8	89	91	23	33	94	
78	81	98	41	67	32	55	40	16	44	21	92	7	47	34	72	14	66	85	94	16	38	98	8	81	56	87	77	47	39	35	59	82	41	50	17	75	88	33	54	97	48	67	71	21	28	99	87	100	3	98	28	86	50	26	1	68	22	76	23	6	85	12	19	35	43	12	51	9	16	32	31	17	80	2	53	10	73	32	11	82	94	42	61	64	62	91	41	89	17	72	80	49	63	76	89	12	74	66	100	93	14	13	19	84	99	8	85	5	28	62	91	79	51	58	38	46	60	32	94	10	8	83	32	59	41	67	27	21	85	81	99	99	18	78	75	25	9	74	82	74	64	99	15	81	90	28	46	26	4	85	75	1	75	4	59	30	52	72	43	99	42	47	57	2	76	90	3	46	10	56	48	3	64	49	30	16	74	49	88	16	87	25	85	5	24	82	71	42	24	26	64	30	97	46	95	41	91	12	23	
98	69	18	62	1	43	52	43	29	45	25	40	51	9	6	35	2	3	19	30	64	92	48	95	4	73	43	68	51	59	40	11	37	9	50	51	1	89	21	95	17	28	1	20	18	41	49	31	18	40	15	21	26	15	68	75	61	82	81	87	31	43	50	100	14	22	94	66	26	56	92	39	18	13	20	88	81	69	88	18	1	96	18	13	2	78	83	65	70	26	38	54	8	97	14	28	27	45	47	29	18	52	38	2	73	14	82	67	50	65	9	54	6	79	4	64	57	12	97	84	21	47	79	97	83	67	57	99	56	44	73	94	99	53	92	68	51	59	93	55	6	28	81	4	30	44	34	89	1	79	30	74	81	11	22	87	26	17	6	52	42	93	8	33	95	70	11	5	44	24	98	29	40	9	51	47	19	54	35	4	97	61	13	51	98	47	69	53	36	18	21	97	37	53	94	93	25	48	32	46	
61	14	40	90	85	50	10	5	69	34	5	66	70	59	2	43	7	29	91	79	12	68	1	67	74	21	100	81	20	28	35	21	89	50	94	95	42	91	44	32	56	96	99	44	52	88	99	68	35	68	73	55	38	74	62	54	66	18	11	32	38	59	34	15	86	4	31	47	65	81	12	83	52	25	49	74	69	47	71	17	55	10	43	23	46	72	74	63	81	42	7	30	47	91	44	3	83	54	16	56	44	67	61	8	49	55	28	57	18	61	39	83	72	53	78	58	90	27	8	92	22	47	54	8	68	27	99	75	67	96	73	16	34	89	90	40	82	83	25	96	2	68	6	47	15	18	68	73	4	87	60	6	47	57	28	84	53	30	51	50	40	82	37	95	20	18	67	8	46	15	35	12	61	52	59	78	67	74	97	70	97	19	73	31	29	99	16	5	14	92	28	27	63	53	45	22	98	13	60	96	
80	100	11	62	53	75	44	81	46	71	96	85	41	6	66	19	72	51	29	38	97	38	75	100	44	2	20	43	82	54	17	89	37	56	59	45	3	30	13	70	3	63	76	61	31	24	25	15	74	46	97	30	86	86	100	65	94	44	81	94	53	43	43	1	48	53	70	97	17	70	100	42	69	33	39	26	88	96	72	47	31	79	42	63	63	14	50	93	53	69	92	38	64	36	53	74	57	20	7	46	65	27	19	82	90	2	92	21	76	52	98	88	4	89	9	68	46	78	94	59	61	81	58	50	14	21	56	67	9	12	17	99	60	72	98	27	22	27	47	12	46	62	55	6	59	4	18	92	73	7	80	91	6	74	45	84	87	100	61	77	67	2	81	94	75	100	37	75	80	41	66	43	85	98	15	98	8	46	63	43	73	69	89	19	65	80	34	88	36	4	52	38	18	48	61	50	47	10	79	64	
63	26	74	96	38	17	66	96	45	69	24	98	24	89	95	28	31	50	55	46	5	1	8	45	90	10	100	13	85	52	77	96	23	2	42	94	44	93	96	19	20	35	94	7	16	17	37	30	32	33	25	28	48	88	5	45	23	60	15	28	50	35	99	14	79	41	96	10	17	63	39	3	29	27	95	12	64	95	20	74	72	56	70	35	7	50	88	63	79	35	96	91	68	34	64	52	77	84	78	97	31	1	1	16	47	31	81	12	44	62	2	59	89	79	65	95	17	87	19	37	86	48	80	60	94	85	44	96	12	8	20	6	9	79	6	3	82	27	83	96	14	82	59	22	19	7	68	2	92	24	15	15	19	64	2	65	16	62	2	94	21	35	6	33	47	65	83	77	88	71	39	81	80	59	40	70	47	45	44	31	37	100	80	20	45	53	43	55	80	59	43	59	51	67	74	48	75	33	61	79	
57	15	4	98	92	86	22	61	69	85	68	13	89	55	23	52	40	54	70	2	81	29	74	65	91	18	18	57	26	58	92	99	36	98	53	52	92	56	61	12	17	15	39	31	81	6	58	28	54	26	79	78	95	86	19	36	84	8	67	90	76	91	93	67	47	31	61	66	60	90	23	84	41	97	52	12	70	14	2	75	59	45	53	18	70	73	42	87	3	89	17	37	69	39	74	99	68	27	78	23	61	77	18	39	83	81	61	44	54	22	83	50	63	70	47	8	60	54	32	18	65	7	20	30	63	81	73	73	17	20	83	55	40	88	43	69	22	51	96	11	5	76	53	50	36	94	73	81	51	24	24	25	2	60	41	2	99	70	96	8	35	61	35	33	86	57	29	82	41	100	65	100	10	23	5	81	85	23	12	21	1	20	32	47	12	39	94	85	45	91	5	82	88	37	81	19	60	46	20	94	
34	5	86	96	11	49	84	82	55	59	57	30	73	38	92	98	66	44	8	22	74	45	48	34	62	20	76	36	55	85	48	61	91	42	54	26	53	28	98	90	74	62	22	57	35	87	68	14	72	59	90	46	79	46	85	24	93	85	36	17	82	25	28	97	69	98	99	92	47	36	80	70	8	41	69	96	31	89	53	49	84	68	16	57	88	19	48	80	25	91	82	81	43	58	74	95	42	86	85	76	81	88	18	34	71	69	12	67	47	10	60	87	73	85	13	68	51	92	41	73	64	20	87	2	61	99	94	16	99	6	55	26	92	9	9	40	61	30	10	72	28	66	67	65	71	17	21	42	46	76	37	92	10	30	37	63	85	30	31	95	53	71	89	28	21	84	20	34	72	21	22	11	53	83	60	2	51	64	81	84	81	70	29	52	59	49	72	89	84	78	98	14	6	49	42	43	5	1	100	17	
7	56	8	95	81	26	47	43	91	8	41	70	36	30	12	20	39	41	14	19	10	13	76	16	86	73	54	36	64	65	24	21	89	29	84	72	48	12	70	82	75	97	76	79	70	41	69	99	25	5	72	73	87	37	10	47	75	39	97	93	34	63	43	14	6	83	48	34	16	4	57	15	38	40	3	47	74	52	100	11	26	49	42	66	44	41	69	61	55	88	79	43	89	12	7	10	52	16	83	28	3	56	21	25	23	76	31	70	76	66	27	90	23	70	15	89	74	62	1	28	95	93	99	8	99	99	99	34	60	9	40	92	43	85	44	33	18	39	20	10	79	41	44	87	25	76	71	33	36	6	61	8	2	84	19	80	37	84	85	90	37	17	69	58	63	88	71	2	87	57	97	15	87	1	32	13	28	45	89	35	88	24	95	34	88	35	93	37	9	96	20	69	39	91	29	30	78	27	72	94	
93	59	52	44	20	19	95	21	26	61	21	43	41	59	5	80	66	46	100	88	58	88	17	47	64	67	94	48	29	50	99	19	49	13	83	16	93	61	66	79	26	1	68	86	79	77	31	90	64	83	13	95	67	44	28	51	70	91	96	47	50	59	75	35	36	95	89	66	33	85	69	66	57	16	78	3	73	93	39	25	60	53	96	45	12	67	44	77	14	31	73	98	8	45	4	34	65	33	71	60	39	17	41	58	1	74	71	96	37	15	22	24	75	33	27	72	48	2	44	94	74	98	28	7	2	18	53	89	72	79	88	9	85	52	35	78	19	43	30	85	42	96	67	34	3	35	74	73	57	48	15	24	47	49	53	33	41	98	77	20	47	50	84	16	38	32	59	97	100	77	9	95	66	75	78	56	5	93	19	88	75	48	59	4	34	25	36	30	14	55	82	95	97	51	17	74	42	75	26	13	
67	71	51	89	94	52	62	29	28	92	71	27	80	31	35	58	8	66	99	67	21	51	45	1	97	55	53	75	72	58	51	26	4	21	51	47	9	62	67	55	21	67	54	51	34	26	94	85	15	27	31	38	38	21	66	46	32	11	8	93	91	87	51	100	42	84	37	15	89	25	34	15	14	18	93	49	5	77	91	25	65	33	57	79	14	24	17	55	84	10	11	86	63	37	55	61	29	91	9	100	31	39	76	93	73	61	86	99	74	81	78	93	36	74	51	74	15	51	85	84	75	27	96	95	52	78	92	90	98	6	43	9	44	35	100	42	73	88	72	83	81	91	75	37	82	17	76	59	22	95	46	99	100	24	7	76	52	66	29	73	25	99	55	84	2	81	6	59	87	66	46	37	98	74	90	41	89	76	56	68	75	34	56	68	86	51	11	82	52	99	72	82	5	53	86	33	72	17	62	11	
77	25	42	10	65	38	63	2	44	100	22	84	23	32	89	70	4	71	77	63	99	3	47	82	89	3	85	45	36	66	22	81	42	17	48	5	27	85	16	3	7	50	6	94	51	13	30	89	41	61	33	41	79	85	10	99	54	89	8	100	51	12	86	75	87	92	84	98	66	14	19	49	8	100	48	14	6	29	20	4	56	59	60	97	50	79	50	33	19	89	18	11	88	1	53	28	3	89	38	63	62	79	39	3	35	94	54	100	45	44	81	60	24	60	96	50	97	19	94	83	12	56	67	39	82	75	68	40	27	3	69	40	33	78	42	88	3	26	59	52	1	1	100	98	100	83	35	13	74	72	84	32	29	29	74	24	8	69	24	67	36	34	41	12	24	96	98	60	71	13	41	51	22	52	72	96	51	41	33	39	7	42	59	48	87	14	70	70	88	70	39	60	19	15	23	95	69	6	75	53	
45	32	81	64	40	19	37	22	21	92	26	82	23	2	62	71	86	39	42	40	54	46	8	89	68	51	16	45	83	25	37	83	43	44	60	61	38	29	42	15	43	17	10	41	48	75	61	62	78	29	17	8	28	41	44	37	2	31	47	57	39	28	33	60	37	13	49	32	97	16	25	67	91	61	57	16	12	66	88	98	93	20	92	32	23	2	11	11	58	43	99	67	41	46	9	63	86	13	85	37	8	100	80	12	92	3	10	90	27	71	41	32	3	59	68	13	88	7	46	40	63	57	53	56	21	25	51	82	22	82	22	61	18	19	73	3	82	98	36	40	19	1	22	76	57	69	17	4	100	82	85	83	17	38	79	29	46	65	5	56	20	8	27	56	70	46	20	80	88	29	15	73	45	69	1	85	25	7	96	35	1	36	81	36	1	76	80	80	3	80	19	62	70	38	32	28	75	44	85	35	
52	2	61	61	6	21	23	89	49	71	28	45	11	20	64	24	2	20	53	88	13	48	83	7	14	89	70	8	89	96	82	79	49	64	25	1	36	5	31	22	32	79	57	10	60	36	20	74	9	52	84	63	75	2	85	16	49	22	65	38	22	71	99	77	96	7	13	19	74	7	60	71	10	14	59	93	20	94	91	50	51	72	8	21	39	2	73	35	29	17	50	49	33	13	26	72	67	3	87	32	73	58	39	98	73	98	63	81	57	59	74	92	30	58	65	69	54	47	2	36	44	81	97	21	78	9	59	83	27	27	51	30	39	43	88	26	98	86	98	59	13	22	99	2	67	82	74	93	52	93	36	85	66	35	83	100	2	75	52	17	9	71	46	92	39	4	3	74	2	17	8	61	40	77	20	2	70	77	40	53	91	44	71	42	43	36	61	11	34	17	44	54	96	53	85	85	79	73	25	1	
44	39	15	12	32	88	80	45	7	98	20	25	29	2	86	64	30	91	8	55	48	97	92	35	58	93	46	34	9	56	7	39	21	25	77	35	62	100	90	75	75	13	83	2	54	35	18	62	13	74	63	27	76	70	43	87	46	40	48	3	92	23	41	66	13	54	89	33	73	97	49	54	11	15	65	19	9	18	4	55	71	72	9	33	5	90	90	69	30	48	4	62	10	22	72	25	79	3	47	78	1	3	57	25	4	8	7	99	78	51	49	83	51	7	24	78	27	29	19	40	21	16	94	92	43	74	93	25	47	83	96	10	20	30	72	59	36	98	30	23	3	7	52	61	43	19	66	47	82	91	60	36	17	70	65	21	42	54	71	96	60	47	42	33	22	16	100	79	86	43	70	93	47	77	43	35	36	18	38	21	88	25	55	61	17	20	15	36	24	93	50	9	55	13	55	61	4	5	48	29	
58	94	98	88	71	60	43	96	46	4	49	86	20	8	60	34	48	96	6	17	43	24	12	20	27	79	79	16	25	57	64	89	35	38	12	18	77	68	98	48	70	62	50	50	64	41	88	42	61	13	40	82	36	36	65	76	57	27	90	25	1	25	37	82	84	39	97	27	11	93	79	66	48	37	66	23	12	94	9	25	37	32	88	59	88	30	86	25	25	90	18	90	48	29	36	59	72	3	44	74	39	23	86	91	67	79	44	92	9	59	52	12	15	8	38	7	33	53	85	71	11	15	75	56	93	82	55	96	12	96	11	72	10	85	83	52	40	59	23	9	96	96	37	55	94	96	45	66	26	19	21	65	74	94	100	97	41	100	13	87	40	9	53	6	13	44	95	53	9	60	11	85	96	40	91	21	15	100	9	45	9	16	22	13	69	88	12	38	86	91	79	6	52	56	56	4	95	24	25	75	
28	27	99	10	42	35	4	41	62	15	98	21	34	7	19	53	40	98	40	38	95	2	17	12	69	1	2	23	16	14	15	38	36	19	75	6	62	32	63	85	70	13	11	85	11	8	65	41	13	96	68	12	88	39	34	52	97	39	50	40	46	39	29	85	30	19	97	38	74	85	6	90	49	89	1	40	60	37	66	58	94	80	70	14	5	88	82	19	58	21	78	90	97	39	15	81	2	71	85	20	47	9	89	66	51	86	73	28	55	74	11	35	69	47	6	41	30	23	72	75	49	68	56	9	4	74	6	2	46	14	5	28	79	42	81	1	19	13	3	96	80	37	64	20	75	47	14	76	51	97	41	51	12	7	64	48	74	51	90	100	53	88	14	50	76	97	48	92	97	32	83	31	33	36	49	9	71	27	95	4	66	66	32	15	25	65	68	37	13	66	45	97	54	89	23	52	51	73	90	24	
95	24	17	99	70	55	76	53	94	8	55	86	48	79	91	90	71	31	72	2	75	63	89	34	37	39	25	78	3	40	96	24	66	75	68	68	62	56	10	52	91	74	31	19	94	96	64	16	69	98	44	4	81	86	67	8	16	96	43	21	87	49	80	100	39	79	72	21	70	11	81	34	28	55	98	17	90	97	29	44	79	6	73	14	46	82	25	74	100	2	19	87	74	90	84	17	30	20	78	94	58	48	26	21	98	88	28	65	83	62	44	32	63	91	15	37	49	82	62	32	64	93	80	86	84	64	28	68	62	82	76	66	41	96	91	1	1	22	7	96	37	31	100	78	35	90	86	42	42	17	6	76	86	64	41	5	89	54	76	43	84	89	57	58	41	41	74	76	48	29	84	97	2	49	41	58	65	74	71	91	97	94	81	19	52	45	44	69	47	5	41	96	96	78	79	8	12	8	25	54	
10	41	28	55	86	30	48	52	85	49	99	69	91	26	93	25	72	1	77	44	77	35	40	85	98	47	93	14	4	60	11	86	59	40	56	69	98	55	1	25	34	53	95	41	25	80	71	4	23	72	58	7	86	51	31	77	32	7	75	94	38	95	29	58	13	56	94	18	69	68	51	19	62	33	48	64	93	20	50	4	11	93	29	63	99	13	63	10	65	90	23	36	96	77	98	96	7	50	85	79	56	20	98	91	41	42	70	19	97	56	1	66	31	37	4	21	26	45	54	7	41	48	54	86	95	99	81	6	55	59	53	67	44	67	75	100	22	99	52	37	64	100	96	98	53	90	23	90	24	84	52	36	86	89	49	79	29	46	75	47	77	42	75	55	40	26	8	73	4	12	83	25	89	75	14	49	54	28	41	13	35	44	73	1	62	35	72	17	35	80	21	58	90	12	86	86	44	69	40	65	
69	1	72	95	78	35	22	19	8	43	70	17	10	11	23	68	50	89	3	10	63	45	45	23	37	90	7	68	3	86	93	47	28	45	1	68	12	20	66	65	51	98	80	6	93	71	37	42	27	61	3	40	38	76	10	6	35	28	49	20	7	97	56	100	85	31	72	47	3	23	77	21	62	87	99	77	24	94	77	98	63	15	63	9	93	56	4	11	85	77	8	57	24	20	100	8	11	26	77	57	82	46	55	40	66	85	94	9	45	46	47	59	26	95	53	29	38	62	12	8	1	30	52	28	68	15	4	47	6	22	50	65	87	34	37	98	76	2	61	55	20	78	98	32	30	4	93	24	69	82	39	84	20	48	71	83	53	24	56	69	48	29	53	82	43	50	42	14	84	97	99	39	27	57	89	21	20	56	68	95	92	1	56	50	90	22	45	33	15	52	30	31	18	75	74	55	68	63	75	40	
12	52	28	20	52	19	20	82	97	6	64	48	84	9	74	42	83	60	89	57	25	22	44	12	3	75	2	70	100	68	1	48	84	56	64	27	81	80	100	32	71	72	51	82	23	56	2	10	28	76	48	22	86	75	84	27	80	46	65	100	13	59	95	60	60	33	23	5	6	82	25	70	16	29	71	46	85	15	2	25	52	40	23	7	50	41	22	18	97	81	90	18	55	19	17	20	98	46	33	32	100	48	3	72	69	33	7	60	30	63	65	58	68	80	85	24	30	95	39	58	80	44	38	61	21	81	30	15	59	19	36	71	25	3	82	100	57	67	43	94	75	35	53	30	78	74	70	2	78	39	56	60	64	75	75	76	84	42	97	60	54	87	73	21	100	9	55	48	70	48	92	91	13	44	9	79	78	36	60	86	92	79	70	70	61	98	93	94	86	25	94	61	64	43	68	61	82	85	22	8	
98	63	39	73	63	9	89	96	100	67	15	37	76	89	9	39	14	47	66	84	19	25	95	7	33	73	49	9	12	24	21	90	38	80	94	65	14	54	71	83	95	43	32	71	31	89	45	97	39	87	10	3	1	39	14	87	72	99	97	8	86	93	20	21	61	81	23	15	95	47	96	91	59	80	73	80	34	75	28	26	45	64	8	32	1	81	29	86	59	73	70	15	82	8	73	20	73	84	85	71	38	13	1	53	85	25	23	66	99	30	37	53	13	30	16	87	59	13	43	51	15	1	83	14	17	90	44	18	4	7	94	17	76	35	17	83	69	82	19	96	47	90	90	4	74	72	33	71	12	33	2	24	26	10	55	86	71	63	4	30	63	44	64	30	17	65	35	100	67	4	75	7	11	50	43	40	37	51	74	47	39	42	5	77	18	17	86	64	93	80	17	52	94	24	54	24	61	66	61	18	
84	29	3	17	1	70	95	47	23	50	57	85	85	62	1	85	35	22	90	49	49	85	85	57	56	50	72	3	17	66	50	36	28	31	51	55	18	76	33	64	52	67	24	3	14	1	93	56	72	10	48	77	95	49	99	13	92	57	1	16	19	100	13	35	9	35	87	89	17	29	8	68	62	76	54	52	5	81	47	74	83	77	59	88	17	18	33	33	42	24	65	30	12	86	81	39	62	22	22	22	39	5	3	68	81	5	95	72	28	57	3	79	16	12	95	20	19	81	73	76	28	8	59	74	14	28	34	68	18	68	73	21	71	74	76	35	17	74	66	45	14	86	23	93	70	33	87	67	97	12	71	33	46	93	3	73	28	25	15	12	86	73	81	72	62	84	73	26	33	9	23	73	83	90	19	4	1	10	51	99	89	59	86	7	55	42	70	100	11	29	7	4	13	60	32	80	55	86	54	45	
73	84	84	7	3	18	94	95	27	35	25	76	85	4	28	3	52	22	85	18	72	40	60	82	39	79	53	19	68	24	51	7	53	96	64	97	47	32	62	17	52	97	82	69	26	48	90	16	57	61	60	90	20	11	30	96	4	33	17	5	3	16	88	51	99	61	14	42	62	40	57	9	97	53	42	41	94	54	63	66	8	30	7	67	61	53	86	49	89	32	63	11	95	44	21	6	9	41	86	21	65	90	84	55	64	31	30	44	17	26	38	78	93	91	98	90	88	30	34	89	15	88	88	57	2	46	89	73	92	2	81	42	33	73	59	13	4	93	47	66	76	42	90	24	2	71	67	55	50	50	29	33	6	72	1	16	22	65	94	78	97	63	16	58	48	94	100	19	56	19	85	15	31	97	33	35	72	75	5	8	77	38	60	46	13	96	20	74	79	87	72	50	24	46	90	28	89	75	68	8	
63	55	87	64	28	12	4	48	98	40	94	37	83	96	80	26	33	71	42	82	13	59	75	100	12	42	40	29	8	74	37	33	41	44	100	76	56	27	99	19	98	63	86	31	14	1	57	48	38	10	77	14	92	3	58	33	12	8	28	85	81	40	49	93	100	92	56	9	54	23	80	94	82	29	74	7	42	75	36	33	56	13	47	46	83	53	94	18	14	46	72	88	63	21	23	12	91	72	54	69	94	85	91	20	89	97	68	62	6	28	43	81	82	2	95	66	5	88	29	22	71	37	16	21	1	26	1	4	73	92	51	46	36	57	22	74	100	52	82	26	51	42	24	69	78	12	97	50	69	86	32	73	70	58	65	39	76	48	51	55	94	97	1	98	64	51	13	99	19	30	15	98	73	83	59	99	57	78	50	70	9	63	28	89	66	81	24	61	72	56	39	86	18	16	30	84	42	74	87	67	
72	19	48	30	15	40	9	15	74	88	90	99	20	38	95	60	11	90	47	57	45	55	28	70	40	17	34	29	13	35	78	32	79	70	71	45	66	33	55	65	28	38	62	14	58	57	34	83	76	60	64	49	12	72	8	67	64	62	96	60	22	73	62	50	19	53	95	6	96	24	73	33	20	28	57	53	50	99	64	45	42	8	45	73	79	73	35	22	31	74	38	59	45	3	76	24	57	40	94	84	97	63	71	97	13	5	37	66	53	94	20	6	40	73	31	78	98	89	82	70	2	97	98	30	67	4	79	87	7	24	24	76	6	48	95	72	82	93	91	19	97	17	84	82	39	33	12	50	86	12	92	65	23	20	31	39	32	72	69	46	7	25	37	42	24	12	47	63	29	95	54	76	77	55	54	57	82	4	44	21	61	33	56	66	10	59	84	83	16	52	91	92	17	29	61	39	61	77	32	69	
53	20	58	7	81	7	14	91	12	25	44	95	63	80	96	2	15	16	81	96	92	80	51	11	52	51	45	16	77	46	36	92	15	87	15	58	94	79	71	44	20	15	45	56	4	61	49	26	35	30	71	13	73	87	81	86	59	98	83	99	17	78	18	31	29	41	47	19	68	20	4	85	15	14	57	13	72	58	96	5	41	85	81	37	35	80	94	12	94	74	71	42	93	21	49	42	28	88	79	98	29	53	71	56	42	1	6	66	86	46	53	96	34	96	8	77	77	28	76	28	45	93	64	86	8	85	30	60	80	15	24	37	61	15	46	84	85	36	60	21	41	6	52	39	56	2	71	29	32	92	97	44	83	89	35	67	93	13	50	32	22	10	76	25	42	78	79	85	79	29	13	9	5	30	63	29	96	48	9	45	83	25	26	41	30	50	18	17	2	37	95	37	38	45	95	70	68	86	26	93	
61	4	3	15	81	35	57	6	27	94	8	52	12	31	57	27	47	25	77	86	92	99	42	2	85	54	47	18	35	45	2	19	24	73	2	22	71	95	100	93	60	12	35	17	58	60	3	41	56	5	43	49	3	44	47	38	85	17	95	24	6	25	67	3	38	41	70	16	38	72	30	33	20	29	50	45	55	25	43	37	5	8	96	41	66	5	93	4	18	80	91	42	92	76	74	82	12	55	21	66	15	16	24	84	2	76	44	90	8	28	50	98	99	38	74	93	2	55	34	45	60	69	77	64	72	75	74	6	91	15	25	92	8	24	99	32	83	85	36	65	51	76	36	84	60	24	33	33	73	65	44	17	61	34	78	55	91	28	28	7	69	93	30	56	38	39	90	26	39	5	96	67	83	15	28	75	44	97	1	95	8	83	64	49	4	35	24	36	36	70	72	97	20	59	12	80	47	35	10	94	
38	43	36	27	10	23	29	8	51	66	54	56	25	90	18	30	7	91	77	98	81	45	80	79	1	90	47	1	35	81	10	91	57	64	76	30	25	49	95	98	10	54	27	4	92	64	7	68	52	88	26	10	69	67	30	77	40	23	54	10	25	26	96	88	87	64	77	56	75	13	49	20	54	74	16	92	10	69	89	13	5	57	16	95	21	9	5	38	80	93	53	56	65	35	44	24	7	22	96	16	21	56	60	25	100	100	50	15	57	45	47	57	54	13	48	89	82	34	59	15	64	43	39	46	4	1	81	47	6	19	2	10	2	47	100	29	17	66	17	74	12	86	86	20	64	26	46	6	70	23	83	61	27	45	7	43	61	90	82	31	90	1	86	90	55	85	30	68	15	31	41	34	4	88	27	16	19	12	84	29	40	24	14	44	19	34	21	70	88	28	92	29	48	24	2	51	39	25	90	12	
69	43	25	21	37	76	6	66	68	69	12	61	70	4	10	96	21	75	87	91	30	42	43	60	60	63	74	37	97	34	50	95	70	54	2	25	37	45	45	59	67	75	41	55	53	100	99	31	87	1	53	95	53	66	28	40	69	93	79	37	29	71	43	16	63	88	18	26	77	91	56	79	95	90	43	61	29	82	59	97	2	66	81	21	32	27	18	64	14	58	28	10	7	92	80	82	87	99	98	73	77	24	19	18	51	71	94	7	60	62	95	53	12	95	59	80	25	71	10	6	63	100	93	58	2	75	11	57	74	64	60	30	84	49	24	29	38	35	70	94	7	64	89	48	75	10	93	72	58	20	89	34	45	16	1	40	74	58	63	91	2	90	80	30	54	64	47	28	52	22	40	64	2	91	5	44	37	73	10	82	80	54	54	72	6	9	7	91	9	98	3	48	100	8	27	29	49	78	52	25	
81	38	39	96	38	28	42	66	89	12	37	25	27	41	24	52	55	77	95	48	18	15	57	68	56	57	23	91	72	81	81	33	52	100	28	81	55	54	14	41	36	54	96	21	89	37	13	65	85	29	59	74	51	32	73	7	83	92	48	84	25	8	34	30	86	34	37	74	63	58	90	73	42	3	58	29	19	33	10	40	82	51	46	48	65	50	70	40	60	38	92	44	91	26	95	36	69	2	36	69	66	66	83	11	90	64	37	38	73	43	51	53	96	62	49	46	33	94	52	33	29	87	26	63	7	4	22	28	45	2	41	37	19	53	7	74	79	83	65	100	64	41	49	71	75	55	3	1	65	31	35	78	7	1	29	88	12	81	42	96	96	78	77	23	97	93	10	51	35	94	6	66	18	31	7	76	49	25	100	93	26	82	3	70	66	81	37	20	65	11	86	8	86	69	94	41	42	49	79	75	
52	77	37	29	88	61	70	44	58	36	72	79	14	14	25	29	2	66	100	63	27	2	98	48	95	59	23	36	53	28	10	96	22	20	40	62	54	17	58	49	46	90	10	26	53	76	79	97	21	37	51	59	90	59	60	96	18	35	40	86	17	20	26	80	82	87	10	21	75	93	63	54	47	75	44	89	68	29	76	76	91	89	51	10	10	26	69	68	38	49	2	72	8	49	92	42	11	29	37	86	19	23	66	76	27	5	2	67	98	43	97	64	50	92	56	42	97	43	18	84	38	13	52	82	86	59	87	84	84	65	2	63	80	33	76	24	29	100	21	97	48	5	79	83	76	86	73	16	39	39	67	55	43	40	88	34	20	81	66	22	41	94	38	1	54	39	79	34	46	50	36	44	59	63	63	78	65	13	39	25	80	55	97	70	4	35	24	56	62	78	79	72	96	95	100	13	1	76	61	42	
45	47	54	79	65	39	94	75	38	34	47	53	63	6	20	22	6	19	36	74	71	1	25	46	1	18	46	67	29	12	32	80	29	26	55	27	5	25	28	2	78	95	38	21	85	8	29	95	5	47	3	85	98	83	73	56	73	61	87	9	58	29	37	67	36	83	23	15	67	60	49	25	21	43	35	79	72	12	48	34	38	52	79	73	85	75	95	71	96	66	27	41	67	12	48	8	68	94	95	31	93	5	32	38	7	8	40	57	51	91	56	18	58	21	41	67	59	75	55	92	15	13	66	41	4	30	26	53	87	16	99	85	37	41	52	8	46	2	42	41	74	89	29	53	84	71	28	22	76	32	93	91	61	74	12	20	73	52	53	95	13	19	69	25	25	79	58	6	32	57	36	8	38	76	66	9	96	19	51	28	3	65	7	18	25	20	7	89	34	38	56	12	15	92	76	42	61	51	28	3	
47	94	43	87	44	18	38	76	93	87	64	9	32	98	2	29	87	39	45	3	7	94	85	24	29	85	96	52	26	73	80	25	84	46	16	42	8	79	3	22	15	21	46	65	95	80	28	26	90	34	30	18	57	9	8	14	82	7	26	68	7	8	86	46	75	33	78	67	64	93	56	39	91	47	24	16	94	3	8	44	89	74	36	10	60	39	6	33	15	3	58	98	83	56	49	74	85	94	48	28	93	8	8	70	47	59	25	10	46	74	88	41	21	8	36	81	81	82	79	68	67	77	14	64	74	52	17	30	100	62	70	30	84	98	66	69	65	75	54	100	51	54	46	24	42	63	25	65	48	72	13	28	90	58	81	81	52	42	47	55	39	8	18	54	98	85	35	72	2	96	37	93	37	40	23	40	62	89	5	83	4	39	1	89	93	62	52	35	10	35	37	44	39	49	7	40	40	83	18	81	
78	94	97	54	17	49	71	43	72	74	7	74	56	65	10	74	6	44	26	79	94	92	41	55	37	51	27	51	71	1	99	72	12	1	53	46	8	54	38	95	92	83	29	81	48	34	10	91	46	57	66	3	37	64	87	11	91	71	40	30	43	57	87	27	97	45	62	30	26	63	87	62	7	45	32	41	50	32	33	83	6	28	68	9	58	39	22	74	98	46	23	24	85	97	51	34	98	66	22	63	24	69	64	41	74	76	37	4	19	17	60	24	87	13	49	24	46	88	65	62	78	14	88	38	9	72	6	51	61	2	96	31	85	77	29	24	5	52	71	13	90	76	75	56	97	4	15	94	51	69	50	28	82	63	42	66	53	47	4	78	71	11	74	2	15	48	53	61	18	38	69	29	3	67	98	3	80	47	25	39	17	30	39	84	43	30	87	57	67	68	34	57	57	61	47	16	90	14	39	43	
55	52	50	53	5	47	31	41	29	62	56	64	31	87	67	59	17	23	6	11	90	58	31	44	14	15	85	44	37	22	92	97	67	23	3	80	56	76	63	10	86	77	95	59	21	93	62	96	20	36	52	24	39	67	52	20	48	93	53	55	56	9	94	34	23	75	87	86	86	5	91	80	92	53	69	33	70	71	46	78	29	23	41	100	96	74	11	86	84	13	66	81	25	70	97	40	67	43	67	38	26	12	30	23	19	15	92	36	26	2	74	81	36	96	60	37	22	79	63	61	2	83	99	24	93	43	52	50	77	94	8	95	90	20	73	67	56	17	96	87	100	43	47	69	60	30	12	78	55	46	32	7	31	91	96	22	95	55	78	58	11	24	91	78	78	79	95	55	62	84	93	27	28	40	11	38	71	92	15	13	53	50	87	39	25	15	36	53	47	74	62	97	80	80	54	35	88	61	66	24	
3	28	82	72	83	90	37	44	11	39	67	57	4	80	62	28	10	76	10	72	19	6	95	86	62	99	67	79	59	17	21	63	19	7	38	10	65	15	30	79	93	52	61	1	95	4	23	100	23	34	63	39	63	61	84	80	66	31	34	68	22	2	96	92	81	67	1	85	51	91	9	8	2	79	50	51	66	89	90	23	85	8	93	58	86	44	28	76	26	21	88	12	72	76	54	24	78	58	84	61	59	37	17	54	25	48	95	56	72	58	7	24	3	31	36	15	100	74	72	90	55	51	59	1	75	99	42	40	67	21	35	53	37	47	25	36	20	9	60	40	53	84	77	48	54	63	86	97	94	7	22	69	90	2	96	41	13	39	71	11	42	45	26	31	67	13	83	76	90	58	3	4	71	16	98	26	42	58	2	69	16	24	72	52	14	10	98	1	53	77	84	57	32	38	25	66	66	55	67	65	
75	72	62	69	43	61	55	21	23	99	18	18	45	63	31	69	48	3	42	8	56	5	26	4	85	22	47	36	6	15	100	94	29	55	36	23	97	99	15	47	2	37	97	15	100	30	46	99	97	95	69	47	27	99	73	24	57	16	91	10	9	8	8	47	20	95	20	69	74	35	71	74	13	32	99	27	87	100	40	74	67	68	52	100	14	98	92	71	58	33	9	63	3	37	14	55	5	80	61	89	64	36	33	6	61	52	68	4	35	87	52	41	54	11	51	90	74	99	93	98	13	17	62	5	8	42	93	82	2	35	61	71	17	50	99	34	8	71	47	9	88	89	42	29	87	44	73	63	97	25	10	93	1	90	78	94	19	8	11	24	45	38	38	47	30	8	52	68	11	9	43	40	44	97	48	18	25	91	58	45	74	88	66	63	76	98	14	63	61	83	4	40	50	41	42	42	41	40	83	40	
79	12	30	2	42	92	85	94	9	37	24	78	62	3	82	11	63	21	41	27	39	40	53	87	67	68	92	37	74	53	98	23	62	45	81	2	38	36	99	73	74	81	68	96	95	20	61	55	5	6	76	91	97	10	86	70	82	30	7	39	23	56	8	23	48	30	7	84	31	45	75	33	1	66	16	72	46	89	16	47	100	61	82	35	27	34	64	68	63	2	59	35	98	97	11	3	82	15	80	41	67	40	8	10	66	39	69	74	54	49	64	19	31	9	12	89	16	95	20	14	41	83	78	74	18	47	8	37	81	6	35	89	69	84	55	41	27	46	42	53	14	57	75	53	73	64	81	16	1	37	76	30	86	80	77	38	69	18	74	91	26	38	91	44	75	78	3	74	42	33	18	83	94	70	93	76	43	69	93	68	100	64	60	58	43	25	12	31	19	18	48	37	86	45	29	11	33	84	81	77	
94	52	65	15	14	14	56	88	7	68	78	20	48	97	10	7	92	83	77	96	76	93	42	33	80	23	71	48	3	8	34	63	12	19	31	92	72	85	95	23	56	36	55	33	64	84	55	75	13	91	88	51	36	48	34	55	51	31	23	14	42	71	60	32	2	21	43	5	76	20	24	1	7	66	12	21	38	95	99	93	63	5	15	62	26	5	63	76	2	2	16	70	65	62	44	54	34	66	59	41	73	50	6	99	60	97	3	61	50	14	65	60	23	46	86	46	6	50	49	8	26	60	97	88	61	57	33	95	94	33	33	28	58	16	84	12	56	92	33	6	50	58	55	82	21	30	72	58	98	42	25	56	90	30	23	1	25	54	2	78	31	47	44	79	32	3	16	34	11	15	64	25	59	19	95	54	89	3	18	2	54	36	7	90	5	17	48	13	78	18	49	85	64	7	86	99	54	92	6	25	
58	49	31	18	34	11	96	55	34	60	35	17	46	69	95	97	32	14	13	64	48	79	18	24	1	83	72	86	83	44	38	100	27	89	99	39	55	9	77	21	81	56	21	40	15	77	53	52	61	65	25	30	27	42	64	49	14	60	30	10	37	20	91	57	57	39	56	77	90	94	26	78	24	38	62	67	58	58	71	86	27	18	36	46	92	26	63	87	18	6	72	97	92	7	6	19	25	68	82	7	16	2	74	91	51	93	12	66	96	53	46	9	38	91	63	63	63	26	96	49	39	60	44	86	75	2	95	20	75	47	86	21	63	38	2	24	70	39	22	13	76	41	40	43	100	17	62	48	64	24	42	38	55	54	97	54	25	98	15	78	67	30	75	32	31	85	21	30	15	24	39	59	100	49	72	47	29	49	24	71	42	54	55	92	20	74	17	55	68	79	54	20	91	28	31	95	5	66	44	65	
16	62	8	67	84	32	11	30	11	68	1	30	58	79	17	83	29	15	76	75	52	97	85	10	94	95	4	99	42	10	89	20	95	84	36	39	69	80	49	36	21	79	70	11	74	40	58	92	55	5	36	28	13	56	72	13	79	57	92	60	5	11	57	53	16	20	71	26	51	89	33	4	45	23	79	4	24	59	97	61	95	49	56	88	14	15	79	12	18	48	84	56	66	44	27	96	71	87	11	23	22	50	40	52	36	54	55	92	24	84	60	41	40	76	86	47	53	87	93	43	74	82	44	31	55	76	70	18	100	65	57	84	88	32	81	96	46	4	16	44	97	41	26	50	9	65	84	94	51	12	78	39	85	64	93	39	79	85	48	79	13	8	78	3	85	52	31	87	14	86	23	10	72	68	42	92	51	22	4	12	7	98	14	72	24	96	50	24	70	54	30	6	59	22	58	32	58	67	73	44	
41	97	15	40	83	53	10	40	71	70	61	23	45	21	32	71	45	19	47	75	31	52	74	78	68	9	90	74	10	55	22	3	23	79	34	31	78	92	44	48	99	90	35	55	51	43	3	53	45	50	58	98	21	3	40	26	78	63	36	21	24	23	50	32	4	79	14	77	32	74	98	84	20	49	93	46	27	91	39	61	33	33	5	87	75	37	61	34	36	78	49	35	83	80	79	45	50	48	63	19	6	16	48	74	94	89	14	85	60	20	54	66	56	50	42	93	18	83	42	52	83	44	5	68	19	90	11	67	37	83	29	20	71	59	6	98	20	3	100	95	48	74	8	42	55	35	73	100	13	47	79	90	30	47	10	79	58	35	53	95	83	52	3	16	21	31	8	24	96	97	29	91	55	99	53	34	11	30	99	41	26	51	48	26	14	7	50	26	83	42	93	80	84	47	23	57	81	35	33	24	
73	3	16	54	4	71	27	93	21	83	33	32	68	6	45	76	80	25	65	93	81	60	64	46	43	5	13	53	3	47	47	88	54	96	70	16	18	31	95	20	49	72	82	56	79	65	2	62	68	62	35	57	36	4	96	28	86	93	44	68	32	66	51	35	98	83	53	52	88	33	94	63	68	97	69	87	48	41	37	17	36	79	25	76	91	52	38	16	5	4	55	91	69	4	7	84	40	13	88	33	12	80	38	86	76	96	52	92	44	97	71	93	57	27	35	23	97	91	79	49	14	36	11	59	53	3	5	8	75	77	82	34	2	97	59	60	80	74	79	53	92	76	73	14	48	100	26	19	99	63	85	26	68	28	51	34	6	72	61	55	76	68	74	34	30	87	24	20	68	19	11	80	66	87	95	4	81	1	12	59	12	1	62	39	15	74	87	25	89	58	50	80	82	84	95	56	80	53	90	66	
32	51	57	98	61	25	6	12	42	45	57	100	32	30	32	24	15	31	83	82	67	27	85	75	81	72	39	75	53	72	50	41	99	80	61	9	33	56	51	10	84	92	66	1	32	57	22	95	11	26	48	57	94	91	65	92	51	59	5	78	77	29	9	21	16	19	91	69	66	51	92	30	76	96	10	31	6	65	1	63	72	33	91	45	89	88	86	6	6	93	68	66	48	1	65	42	89	39	30	70	50	100	53	50	25	51	29	57	59	20	79	61	88	72	21	2	32	84	7	69	85	5	46	7	64	46	44	46	80	88	41	72	87	100	87	71	88	2	86	9	97	48	4	84	70	67	33	56	19	29	79	39	15	52	35	46	32	2	18	62	90	11	42	11	15	14	96	68	81	60	2	15	50	60	41	42	37	34	16	40	12	99	17	95	52	18	32	76	78	7	17	42	28	28	20	76	27	69	22	9	
44	93	98	92	100	85	68	64	42	97	96	16	93	42	96	5	94	82	56	2	99	98	72	67	55	75	99	31	37	84	28	92	9	75	100	47	66	100	8	33	92	12	87	33	27	36	56	34	42	58	89	77	68	49	86	100	45	68	13	64	99	8	41	67	49	52	66	96	97	53	75	72	46	29	11	100	98	63	18	71	66	70	11	45	26	98	22	78	97	86	13	95	71	47	87	34	22	97	1	40	78	75	69	39	24	38	41	6	28	100	75	60	6	61	12	12	22	10	46	90	18	13	47	54	69	10	24	15	41	71	100	21	57	77	66	13	29	17	43	60	32	29	12	97	48	4	9	19	30	95	29	5	31	22	94	50	57	96	38	84	58	9	33	15	24	86	97	19	60	58	59	94	42	78	41	96	17	73	19	32	61	3	18	86	82	78	28	2	65	7	96	84	83	81	60	88	1	68	14	22	
78	72	11	91	95	20	14	23	1	15	26	50	16	15	22	67	59	89	2	39	53	63	2	93	78	10	34	57	81	70	59	10	24	36	43	72	73	39	32	84	73	99	22	14	76	67	59	22	88	87	72	48	31	46	16	5	66	45	99	50	68	22	70	72	59	34	94	85	42	14	60	91	70	80	22	26	56	20	73	52	60	8	19	58	4	19	73	62	85	88	37	87	84	7	18	47	67	73	90	30	33	45	6	45	31	30	61	84	58	30	74	52	100	86	89	33	31	58	3	61	54	67	1	66	94	56	98	35	66	39	65	22	97	9	46	41	15	8	70	11	83	84	83	99	92	75	23	85	15	54	13	96	41	40	6	36	36	37	69	93	3	43	18	64	39	23	29	11	2	59	35	69	35	69	42	68	26	70	8	89	36	98	99	89	76	18	87	32	33	81	70	9	20	25	13	34	35	32	26	91	
52	22	26	37	5	41	31	73	95	61	89	37	1	22	68	64	1	2	36	2	82	25	47	37	51	54	97	34	98	26	59	92	85	28	22	32	40	49	60	16	15	42	79	96	61	11	31	100	97	73	17	98	94	28	64	81	58	44	90	2	11	37	54	77	94	61	28	97	21	14	52	93	89	93	58	31	60	65	11	55	1	73	97	17	16	49	82	19	55	54	7	19	26	91	63	21	56	80	35	19	27	14	17	71	7	45	29	13	97	88	24	59	80	59	40	12	2	6	70	56	17	47	15	8	88	48	29	12	43	81	100	11	15	95	37	51	73	61	93	85	31	97	25	39	91	7	73	15	98	76	9	67	34	64	66	44	8	93	29	27	4	40	83	25	59	10	91	80	15	94	69	28	92	83	42	25	34	5	58	31	15	96	58	2	56	19	15	17	70	99	80	100	79	17	57	38	85	15	92	87	
12	82	98	86	90	89	26	25	62	92	95	75	45	5	80	20	30	98	46	7	4	57	42	63	45	90	67	19	72	99	39	81	97	56	24	50	96	55	61	75	96	13	12	23	59	83	90	6	53	5	93	38	56	58	94	79	59	76	48	19	25	3	34	100	78	8	87	66	24	14	78	69	75	66	25	68	81	71	96	19	79	83	39	14	97	30	1	64	87	74	92	79	70	48	72	71	32	12	84	65	29	86	84	7	60	66	79	76	74	38	69	24	24	95	88	42	15	15	61	87	77	27	73	62	81	3	40	61	85	80	10	53	87	66	98	22	45	40	47	96	33	2	89	27	13	11	83	31	73	77	5	83	4	2	18	59	38	37	3	28	71	44	94	59	100	72	55	66	50	42	35	92	47	46	46	32	12	56	83	11	68	83	49	74	4	39	95	21	45	78	75	45	18	76	94	11	68	72	48	38	
68	46	2	96	71	92	92	35	15	45	10	13	69	96	65	49	30	90	6	40	15	96	4	98	62	27	90	66	96	19	48	12	63	2	80	9	66	68	61	30	39	28	58	93	73	60	55	58	52	54	12	42	24	38	42	19	83	30	48	91	19	75	27	91	2	30	77	39	4	57	30	99	26	29	7	44	73	91	88	91	91	98	38	11	78	48	50	21	18	57	70	24	5	31	23	65	29	1	38	6	75	38	80	53	51	10	32	51	87	20	93	4	14	11	66	14	27	7	58	6	45	24	7	41	34	64	9	52	98	59	23	83	1	75	74	52	69	77	77	40	36	49	75	57	44	50	90	97	83	55	30	15	88	91	31	63	76	40	67	40	16	97	70	19	49	68	99	87	60	78	69	83	46	85	32	22	78	84	88	99	97	36	34	16	64	19	37	25	76	89	97	1	9	2	60	57	96	35	20	60	
22	47	94	75	3	63	90	90	8	95	94	4	58	92	91	34	6	21	80	86	56	12	40	38	79	20	34	13	3	100	96	71	93	3	42	31	30	42	53	63	15	88	48	92	45	42	93	3	12	59	65	61	57	62	60	55	6	3	2	38	11	52	35	99	48	49	43	82	84	16	91	37	46	94	44	26	50	86	96	84	42	34	43	31	13	51	71	46	33	92	73	58	33	81	60	1	73	62	59	5	87	41	90	75	94	6	12	37	15	22	67	54	62	37	37	62	21	72	4	18	91	55	94	54	56	49	51	59	15	40	5	60	32	78	90	72	1	20	43	91	49	41	14	89	9	43	19	33	59	54	63	28	27	5	7	63	66	23	98	11	98	48	93	95	72	42	53	95	41	41	42	42	46	32	47	78	77	72	86	64	42	46	4	37	84	64	36	77	12	97	36	59	26	60	88	16	37	59	56	33	
22	80	6	87	15	57	6	77	89	97	87	32	6	100	9	76	14	93	67	16	28	67	15	89	26	57	12	32	65	48	30	70	10	44	76	78	20	83	44	76	46	78	16	79	15	37	39	31	22	18	13	97	41	57	52	38	60	63	65	46	21	35	33	55	50	85	67	41	75	42	63	80	20	48	86	83	38	69	18	69	52	56	74	93	26	23	44	14	6	68	52	15	87	16	59	53	56	57	15	84	64	98	58	99	32	24	40	5	63	37	21	86	68	50	13	56	82	70	12	49	57	82	91	7	71	30	47	78	98	70	81	2	13	56	41	96	85	2	35	21	9	58	49	21	79	40	4	35	99	57	29	75	16	44	76	78	9	40	3	38	26	18	76	54	47	92	34	4	42	96	68	25	32	22	78	31	61	40	20	64	92	34	3	96	37	47	65	31	78	27	61	79	5	74	89	23	63	90	21	91	
9	8	40	53	4	42	15	12	22	12	16	19	16	2	35	62	17	16	95	86	89	17	8	21	60	63	78	81	27	3	94	73	8	16	43	4	10	35	88	26	93	94	11	92	59	19	66	63	36	97	50	40	86	61	96	87	57	28	57	81	96	5	65	53	82	90	63	5	35	46	55	55	10	3	47	82	98	24	35	28	51	64	84	29	12	34	45	15	26	88	60	74	82	56	72	69	63	19	50	40	61	13	11	38	84	46	20	45	46	26	100	15	71	10	62	48	46	56	25	78	37	80	45	50	90	16	19	67	8	47	85	51	28	5	89	51	25	70	36	15	71	65	54	20	78	37	1	72	57	82	96	44	19	37	49	65	96	62	80	71	42	25	43	89	29	51	11	81	37	17	26	34	12	78	77	61	92	100	77	65	59	63	13	15	64	43	3	23	30	42	85	48	87	67	19	87	87	20	100	81	
57	95	69	61	2	51	2	21	7	42	52	71	20	81	59	57	58	15	26	94	80	11	25	69	95	45	92	44	98	3	13	91	30	83	62	86	24	16	77	29	14	88	93	44	11	3	82	11	32	13	13	16	69	66	41	81	40	24	2	84	37	82	32	66	34	34	45	59	25	58	33	48	12	86	45	21	39	20	88	76	81	44	21	25	100	56	83	69	88	13	49	4	78	64	11	32	69	33	23	23	22	1	8	26	28	60	46	43	20	28	70	37	89	66	36	71	30	99	99	61	34	21	49	91	70	74	54	74	46	45	23	64	45	93	76	41	7	77	18	100	27	74	28	56	36	51	10	75	78	4	48	97	12	73	25	13	19	89	47	92	58	91	69	3	49	22	30	1	34	73	70	5	56	84	72	40	100	86	84	33	95	16	59	24	32	63	88	36	94	95	56	65	32	32	70	65	16	46	73	43	
12	49	86	42	60	89	72	46	49	48	61	27	96	62	15	94	91	84	26	51	75	75	35	84	86	75	42	65	23	52	43	32	80	97	52	6	87	29	80	73	36	16	88	92	7	93	80	76	24	77	87	14	54	52	54	89	78	65	57	93	73	41	50	48	70	38	14	70	71	86	74	8	27	88	24	32	43	39	56	44	50	40	86	75	50	69	57	5	56	86	77	90	12	85	58	49	84	79	86	46	94	97	74	30	42	49	8	96	16	22	72	83	100	40	32	94	25	4	73	49	68	99	13	97	71	49	35	97	63	44	12	81	89	19	56	33	96	40	38	9	95	71	41	68	60	74	51	5	50	44	9	1	84	10	100	39	51	5	25	15	2	58	93	18	24	4	99	12	16	19	8	58	83	88	86	20	77	84	32	29	44	3	98	16	70	22	96	86	4	93	70	14	69	30	36	21	87	38	82	46	
94	24	34	83	65	74	58	23	5	85	82	40	30	6	77	63	68	10	43	40	82	31	48	79	85	65	87	51	95	17	41	61	99	24	49	46	84	59	74	28	2	33	17	91	89	10	10	22	25	27	30	77	46	51	46	19	87	82	70	55	20	33	25	10	88	100	31	49	74	3	42	96	12	81	46	23	96	92	25	10	74	15	62	15	13	45	94	19	30	62	34	61	6	73	73	2	84	10	96	37	80	86	19	56	66	15	36	45	30	69	57	21	20	55	30	71	70	82	12	82	58	32	61	57	68	88	4	70	43	31	21	84	35	88	68	39	35	53	21	45	4	91	13	95	86	47	99	8	70	21	45	95	29	82	93	25	28	83	39	13	69	45	68	2	71	12	41	59	40	32	89	31	11	99	64	64	65	33	29	18	75	2	17	59	44	42	80	96	22	80	66	68	79	93	26	3	55	53	83	65	
52	46	87	48	75	74	86	7	48	15	51	5	22	76	49	16	51	71	100	52	38	11	31	77	38	48	97	33	65	92	22	59	16	87	16	57	74	99	58	79	90	67	65	84	73	48	59	50	72	38	49	55	42	56	61	37	27	22	29	29	79	40	32	79	69	55	22	72	99	41	2	49	16	100	66	46	62	3	19	60	7	43	84	88	8	25	31	53	37	77	37	34	14	80	68	76	75	86	24	97	97	61	7	77	83	18	91	16	90	5	79	35	73	36	14	84	62	58	14	19	31	93	42	40	12	16	97	97	73	37	1	81	88	75	75	7	1	91	88	9	66	97	35	92	92	39	89	77	9	61	83	8	40	80	26	80	3	4	17	53	16	74	100	54	42	7	26	12	12	61	36	15	68	97	42	92	59	95	44	75	38	96	49	52	66	74	28	75	13	49	95	24	12	19	14	70	45	87	4	18	
96	16	75	12	42	46	24	80	17	9	53	35	30	38	95	58	98	21	94	20	90	28	52	41	38	49	16	39	55	19	48	30	7	92	67	71	64	21	94	19	56	27	67	8	78	51	95	61	60	65	36	63	66	11	21	4	15	40	20	1	1	62	14	92	82	21	10	87	95	19	89	40	81	72	61	24	65	75	38	13	65	4	21	9	79	55	45	1	14	93	43	78	55	26	18	63	77	55	20	62	9	14	88	78	59	41	87	23	64	95	21	15	45	96	56	36	57	33	12	8	14	32	31	48	7	87	61	19	69	100	20	70	24	48	34	42	36	44	25	16	66	94	44	1	79	42	59	38	63	33	25	83	24	54	82	55	65	39	30	50	24	88	64	36	54	98	51	1	99	3	98	96	83	36	46	34	63	16	3	2	96	4	31	22	73	80	79	88	42	74	89	92	50	92	46	20	14	50	31	76	
17	57	98	92	71	41	77	70	87	80	55	32	73	66	93	91	23	9	60	24	26	48	98	10	77	7	49	95	64	32	9	29	81	57	69	15	99	85	73	99	88	11	51	29	9	15	78	76	69	66	83	81	40	38	2	85	92	79	70	84	10	73	26	65	8	25	58	70	63	18	8	36	58	50	96	43	53	26	38	12	58	28	83	76	35	98	60	99	27	2	40	99	14	84	77	37	74	64	98	2	77	50	50	67	41	71	28	67	7	56	91	75	69	15	67	28	33	33	13	13	12	36	98	76	49	25	13	73	89	80	32	29	95	59	56	59	81	71	55	22	32	81	73	56	70	5	86	60	28	56	26	64	14	54	3	97	7	1	39	87	72	66	60	7	55	14	48	62	17	18	99	58	49	34	4	3	13	59	98	17	49	31	68	33	2	63	44	6	88	61	49	1	76	84	58	97	24	11	83	54	
97	22	21	73	90	20	71	43	36	47	88	38	52	13	48	32	26	47	86	33	50	12	86	56	12	4	53	37	60	97	8	72	78	50	7	71	90	97	54	18	15	23	25	42	75	45	31	70	98	12	94	38	62	35	28	88	24	28	96	96	89	20	54	46	41	2	81	88	33	17	95	13	92	62	69	57	60	18	24	35	96	87	100	30	67	6	7	15	28	51	13	42	24	100	92	60	72	97	34	89	5	41	27	1	33	76	97	28	45	18	74	56	79	85	96	50	6	82	39	4	44	42	2	60	20	85	51	31	19	20	47	52	34	4	68	48	36	42	61	13	15	19	1	50	70	77	7	46	89	66	41	49	44	72	70	70	18	89	84	39	52	63	58	90	92	72	26	39	95	86	89	2	74	16	37	96	15	24	16	59	52	22	33	70	14	65	70	34	85	39	26	60	99	48	17	26	70	87	20	32	
1	87	16	82	91	27	23	57	89	51	79	71	8	70	54	9	70	68	29	22	55	80	44	81	41	47	50	81	54	71	64	51	87	22	52	98	51	77	15	69	91	92	23	37	33	17	76	47	68	54	21	82	44	2	19	16	73	27	95	62	42	21	48	73	62	63	19	82	9	83	44	96	56	71	23	77	71	1	76	97	53	98	47	92	66	36	74	82	43	8	17	46	19	28	57	85	3	47	63	1	83	50	63	11	61	8	31	7	20	31	82	51	10	31	31	25	40	14	94	17	21	26	8	28	50	5	98	29	65	45	12	59	88	34	86	87	1	43	17	69	25	52	62	90	61	18	55	13	66	10	30	4	19	6	66	4	25	93	43	25	14	76	43	5	20	24	14	15	52	82	76	56	4	64	84	37	64	32	70	44	66	73	2	14	21	49	55	89	9	1	56	99	20	8	71	47	49	40	39	98	
56	17	54	57	31	92	67	62	14	93	74	86	39	50	43	41	43	2	5	56	84	19	65	80	30	26	38	19	94	39	21	100	69	57	1	48	35	91	33	70	69	6	32	91	1	93	75	2	25	69	69	91	93	74	89	32	93	65	56	100	54	16	60	55	35	23	30	63	8	32	82	70	12	31	67	13	48	36	50	91	84	43	13	74	25	78	93	54	1	44	34	47	9	36	34	54	8	91	40	8	56	3	37	68	56	38	82	87	23	81	89	24	28	67	61	38	23	6	30	77	74	78	94	80	10	24	47	99	80	53	39	49	35	25	51	14	76	36	20	88	65	45	35	22	98	17	42	96	81	59	50	35	34	9	81	35	20	62	30	15	10	98	25	17	74	96	7	74	18	78	18	19	39	19	64	47	43	63	22	42	74	80	63	65	49	50	92	39	62	74	46	15	48	48	49	98	15	43	95	43	
85	59	2	31	96	21	56	54	70	75	5	43	37	48	12	56	91	2	38	8	22	50	81	90	47	36	94	27	99	4	93	56	73	89	88	99	13	52	97	5	62	58	40	74	46	52	58	80	54	96	25	91	21	39	25	96	63	15	79	52	99	2	64	58	60	89	76	70	3	43	72	98	50	14	56	43	20	28	59	22	42	58	79	41	33	29	62	12	1	46	92	54	31	84	80	71	88	72	10	40	55	20	56	66	61	15	36	100	74	3	13	78	25	46	34	30	48	25	48	52	20	78	15	8	25	82	69	16	34	43	94	72	93	36	11	70	80	61	15	12	68	44	72	45	93	86	70	20	24	84	18	24	21	7	37	24	7	52	87	36	98	14	12	48	17	50	50	87	32	28	87	15	95	37	36	65	3	88	96	80	28	79	44	70	55	92	33	96	73	81	71	64	54	8	9	5	88	91	91	13	
37	61	90	57	8	50	93	39	42	37	92	42	37	11	84	99	22	28	84	49	66	2	14	28	26	60	86	48	21	61	89	44	37	71	59	2	47	79	50	1	1	100	84	85	95	50	28	75	15	66	85	68	16	35	10	74	41	65	4	59	58	57	64	83	47	46	70	31	23	95	47	64	44	70	46	61	82	74	58	30	74	32	21	44	48	16	30	5	17	69	40	65	95	4	62	96	18	51	29	62	18	59	55	29	100	47	97	97	46	78	51	88	43	50	32	32	43	83	89	39	87	6	99	94	83	71	53	5	88	55	85	89	37	30	82	70	80	11	36	38	37	69	17	33	94	64	100	74	61	83	17	36	70	91	20	56	89	35	57	53	1	63	31	13	55	24	26	25	76	2	32	17	21	25	77	31	23	36	86	96	75	88	6	34	89	39	96	65	25	54	10	17	66	71	48	60	99	48	26	28	
85	2	56	76	32	8	100	6	78	92	64	84	71	77	46	49	36	50	85	14	61	52	39	81	51	48	20	54	43	97	77	87	29	20	68	77	82	47	70	95	60	80	55	96	46	89	100	55	37	75	61	91	43	56	83	88	49	87	76	94	37	85	78	40	85	8	14	75	62	40	58	55	42	4	94	44	28	26	49	58	2	9	27	50	63	50	9	54	78	22	21	98	43	88	66	35	18	49	93	49	57	98	22	57	22	42	74	25	33	82	56	60	49	7	38	41	82	38	36	47	66	41	34	79	35	42	36	14	36	80	45	84	9	14	52	88	3	34	24	86	13	47	35	15	86	93	11	79	72	16	2	36	88	9	65	62	34	10	67	47	53	61	19	78	68	70	83	89	78	65	33	70	45	76	12	78	30	94	4	22	13	42	88	85	9	62	73	25	8	95	81	93	95	96	13	3	16	67	40	25	
50	65	93	80	100	46	49	15	56	50	12	61	26	6	59	50	92	21	79	65	64	50	38	27	51	95	79	73	88	60	16	30	7	36	31	83	34	2	38	57	89	41	3	46	78	38	81	66	28	91	34	54	91	28	5	4	85	47	40	89	56	35	13	52	85	68	83	24	76	75	5	84	54	85	95	13	74	71	26	8	1	66	46	5	95	53	99	31	47	51	10	89	99	84	68	33	90	24	14	76	85	46	76	31	34	30	47	30	55	26	33	16	16	88	9	13	74	20	66	23	66	83	38	22	77	24	18	92	4	59	91	78	96	55	99	70	80	17	93	91	66	5	80	52	25	80	29	87	56	52	37	70	28	98	11	78	38	35	68	74	77	83	18	18	79	54	42	58	7	7	81	99	78	89	97	27	42	95	93	80	49	74	61	39	1	74	81	54	95	24	8	98	54	11	15	78	72	20	70	91	
85	98	67	8	83	87	87	47	32	94	27	14	93	76	58	28	14	59	89	30	62	9	71	1	96	98	6	68	57	68	43	37	14	28	30	54	53	66	21	87	62	69	23	72	100	2	66	54	90	10	52	67	97	84	27	21	59	34	61	73	3	58	93	35	64	3	75	53	40	79	46	94	65	82	91	24	98	93	31	52	51	83	15	32	69	30	72	59	37	29	67	20	99	73	52	53	75	13	69	18	12	50	20	19	47	41	51	80	74	20	69	70	8	1	84	29	22	36	71	22	67	45	33	54	66	26	21	28	52	43	5	98	20	82	72	39	19	44	50	79	45	41	21	30	94	17	7	72	39	91	95	72	92	3	86	79	56	37	34	62	84	4	48	49	54	30	93	50	17	96	70	80	75	97	36	61	85	56	70	66	95	89	49	26	56	46	71	10	81	8	89	56	39	31	63	80	70	91	66	75	
83	51	83	63	36	52	23	13	98	55	64	46	64	92	92	4	14	62	84	40	76	22	45	75	80	39	69	73	89	55	39	46	35	63	63	93	100	78	33	46	61	81	62	16	16	68	61	98	16	61	17	72	91	99	21	88	19	98	31	87	54	36	55	100	51	47	60	100	24	19	45	1	79	99	72	19	86	75	40	7	83	72	2	64	30	15	2	47	49	86	14	21	51	63	68	14	92	98	69	70	48	58	74	72	51	75	78	81	78	4	14	22	36	71	64	64	21	16	68	22	99	35	74	44	98	64	97	27	38	59	82	14	69	95	82	60	62	54	9	6	97	96	58	31	61	52	4	50	86	92	37	97	29	48	8	72	12	44	57	97	57	40	37	85	20	6	80	80	42	84	9	100	45	1	59	79	48	65	14	68	24	92	1	60	99	15	64	17	93	98	56	36	42	2	5	61	59	47	47	76	
69	79	84	6	86	59	88	49	7	25	33	81	70	87	80	22	97	64	50	10	20	10	3	44	61	46	50	36	88	70	7	98	32	76	39	26	87	19	26	48	17	80	99	4	66	45	37	52	8	82	23	51	30	23	82	37	85	100	98	60	53	90	50	20	98	77	32	98	19	3	86	17	76	79	44	3	36	98	98	63	30	59	79	80	78	71	44	48	52	46	56	46	89	40	53	29	97	57	18	69	6	13	53	18	24	77	54	66	93	7	59	100	60	4	88	1	100	4	92	34	36	89	84	29	98	30	37	63	18	51	88	6	39	97	5	19	70	96	55	52	54	96	90	18	64	94	13	24	18	17	38	20	48	100	86	96	15	39	57	80	32	50	86	64	91	59	84	82	28	83	20	79	18	9	26	5	87	32	69	79	12	50	76	99	20	48	54	66	95	54	39	42	63	94	60	27	37	99	39	49	
20	18	30	42	74	4	100	68	79	83	72	91	13	82	71	52	99	49	26	35	86	1	75	97	11	93	79	24	22	40	39	94	31	76	37	86	98	52	57	48	25	14	98	69	22	91	99	62	20	49	54	15	26	65	41	13	100	27	79	51	15	60	94	81	21	41	12	70	64	69	31	90	28	85	100	20	86	9	59	45	58	31	17	94	51	46	69	61	96	88	53	16	27	25	48	58	90	29	92	84	41	6	8	68	17	1	36	97	45	40	48	54	97	50	24	1	75	43	16	63	100	84	36	53	33	97	53	53	48	67	37	49	91	51	53	15	38	53	13	56	89	78	12	75	43	24	60	46	16	29	45	59	24	8	69	95	92	49	61	80	38	41	45	7	28	22	47	84	28	81	25	17	76	2	60	74	67	32	30	93	19	92	84	48	8	48	8	71	96	11	31	2	94	26	38	79	38	91	71	2	
26	67	31	20	71	99	93	100	59	78	82	72	45	23	31	12	81	10	69	18	20	85	51	82	78	72	90	86	89	41	51	37	41	37	90	40	93	36	92	73	68	86	17	41	29	8	4	13	61	19	83	27	88	14	66	56	28	69	58	99	27	33	59	29	97	38	84	36	14	19	100	81	53	35	17	28	83	91	64	84	94	27	74	77	2	47	17	90	37	90	52	72	63	94	84	77	98	65	38	6	59	49	27	1	50	20	13	40	99	58	4	6	21	73	62	33	32	56	58	11	82	16	32	19	8	46	94	45	61	74	81	42	29	17	86	23	32	85	55	56	23	79	86	74	68	54	32	90	30	61	95	12	2	27	94	100	76	7	47	54	25	42	29	86	31	58	23	95	20	60	13	57	94	60	88	89	19	70	36	26	14	46	58	17	71	49	9	48	13	15	63	5	60	38	86	9	67	14	37	94	
85	97	65	40	92	32	91	82	59	46	39	12	56	79	68	23	69	38	56	53	80	13	99	71	22	68	77	56	77	95	1	55	61	7	44	40	42	52	63	49	34	40	28	74	51	58	83	81	45	30	45	49	31	91	23	67	70	38	38	89	92	86	19	17	94	25	27	52	77	78	14	67	60	60	94	4	15	9	45	90	14	7	48	47	6	79	76	90	22	51	68	45	72	65	32	79	87	52	20	88	30	23	56	60	85	87	100	75	59	5	44	62	86	34	91	56	8	63	77	20	29	79	7	81	89	95	93	22	50	48	19	43	30	74	33	95	28	85	61	4	52	8	86	55	61	24	80	28	84	39	70	80	51	29	41	13	42	40	16	35	66	42	11	99	95	32	57	56	76	88	34	38	11	57	16	23	87	65	21	3	70	20	97	26	47	98	5	60	3	78	80	61	27	79	9	70	50	21	29	70	
34	55	29	6	29	18	35	2	30	75	21	22	55	63	33	1	46	48	50	67	68	51	45	85	37	14	10	80	89	10	64	9	8	2	5	70	34	74	31	17	12	95	90	5	90	63	45	16	34	75	30	25	11	33	44	76	8	25	5	76	6	95	77	94	40	14	11	41	78	68	36	56	15	44	3	94	4	22	27	20	89	21	72	87	68	75	75	88	57	40	20	43	1	62	9	26	84	14	3	36	77	19	29	28	67	55	7	54	93	98	57	63	43	60	25	46	91	39	85	56	65	87	59	30	91	41	25	98	47	75	60	5	78	42	72	69	75	79	4	95	51	12	44	68	82	61	55	89	42	61	68	47	39	49	42	1	61	40	90	88	66	41	33	54	5	58	81	80	27	1	35	85	68	96	37	63	87	16	87	55	45	14	24	70	49	15	88	99	16	72	70	59	37	38	67	50	21	16	6	38	
7	81	61	36	44	19	2	77	39	27	70	90	62	38	38	86	36	18	49	89	49	41	30	26	12	93	84	29	40	54	85	81	72	10	99	98	66	99	72	84	93	72	26	7	63	79	40	95	72	40	42	87	86	36	7	51	35	9	45	56	35	42	52	100	72	10	22	33	29	93	57	7	87	83	29	38	34	20	56	27	91	10	65	28	1	56	36	84	26	57	98	91	3	25	20	84	6	2	67	16	11	62	57	66	57	34	73	96	89	3	5	71	18	53	61	68	48	60	85	70	50	81	52	10	23	91	48	13	10	33	46	1	27	75	17	6	44	73	5	24	73	8	69	63	85	66	86	75	74	77	86	35	25	78	49	76	51	83	14	61	55	40	84	92	66	67	35	53	69	68	32	15	72	35	59	90	20	46	38	53	87	50	11	87	40	43	91	48	67	20	91	47	99	91	14	21	16	97	89	20	
45	16	17	30	91	42	16	66	17	66	61	38	21	73	13	73	97	98	17	20	90	36	82	35	5	88	34	35	89	37	63	53	95	69	37	73	97	96	48	98	6	34	99	59	99	97	31	77	79	3	88	38	75	86	24	50	80	76	16	53	85	56	47	35	74	85	61	17	7	56	99	53	93	81	78	51	26	31	78	44	96	7	87	61	12	15	43	3	43	92	64	54	12	48	82	26	65	33	15	5	99	75	63	62	28	39	44	8	47	57	46	38	34	43	26	60	13	57	36	34	28	76	44	25	33	12	32	60	79	61	20	100	72	26	62	75	85	25	48	25	90	25	40	75	22	61	54	68	87	32	26	10	90	52	79	61	28	18	39	66	67	83	81	6	44	73	33	90	22	14	26	92	48	20	56	21	100	73	82	83	4	31	83	20	39	95	91	26	40	70	66	47	39	71	37	29	6	89	53	61	
21	9	83	15	32	94	24	63	93	32	10	63	6	55	79	95	83	87	46	89	67	17	84	6	85	57	10	24	63	82	24	97	76	98	37	100	64	61	7	24	94	1	18	8	67	27	81	97	46	31	68	36	31	77	6	11	12	63	11	19	39	55	52	88	30	7	13	95	75	58	89	53	11	9	32	74	66	36	49	98	67	78	36	9	71	91	77	40	66	50	93	10	38	78	51	100	93	91	55	56	94	40	44	21	2	66	94	5	78	60	30	17	75	36	78	78	96	76	60	14	1	69	85	15	94	23	46	96	64	79	94	17	94	13	11	53	35	1	29	75	24	54	65	40	8	18	45	8	67	69	93	94	12	25	75	42	3	81	43	24	65	40	77	25	65	44	24	66	9	22	91	87	38	60	33	91	81	43	46	65	18	76	54	32	98	43	13	28	25	91	75	76	49	2	94	70	38	20	61	16	
