200
4515
1	4	16	37	46	47	71	27	38	42	65	76	100	40	6	34	100	54	85	63	8	83	99	11	91	17	10	52	11	22	92	23	72	64	33	95	56	35	51	48	19	58	42	91	86	22	75	66	63	92	84	28	41	46	23	53	20	73	7	47	30	21	58	96	61	16	94	3	12	17	100	15	90	10	94	80	43	57	6	30	24	9	33	57	12	49	30	82	47	15	83	91	98	44	20	55	13	30	85	13	78	27	82	86	33	62	59	15	22	53	1	39	43	25	79	46	2	10	64	19	40	99	71	8	56	42	81	95	98	17	41	49	51	97	61	54	46	49	47	62	2	64	9	6	66	10	56	46	70	95	82	54	93	4	78	58	3	85	23	46	28	52	42	35	70	35	68	28	14	78	82	99	7	15	26	40	4	29	18	48	79	42	94	46	99	15	55	24	35	10	1	8	61	2	91	54	2	17	44	62	
51	41	8	80	86	28	86	22	14	89	41	56	33	55	72	44	99	34	31	21	9	87	86	10	96	1	23	88	79	18	79	20	20	94	47	86	73	5	12	43	87	51	81	63	83	48	1	94	71	79	6	88	75	49	25	86	51	29	19	3	88	94	20	70	19	83	90	85	66	26	50	10	2	91	2	86	86	14	74	99	81	47	33	57	52	51	5	57	24	50	43	63	8	86	94	80	51	83	57	57	37	71	6	36	49	42	41	97	1	80	19	10	21	70	100	73	1	49	99	54	93	55	34	63	37	65	84	5	72	69	99	74	62	82	63	29	47	88	21	70	32	55	64	59	21	8	3	23	41	17	24	55	55	95	26	70	87	87	45	29	85	86	61	77	26	50	50	33	16	97	71	21	7	82	69	44	8	15	28	32	1	11	54	71	16	21	14	24	46	86	22	76	28	91	18	98	2	52	73	89	
41	29	47	17	15	44	28	25	22	50	48	49	38	59	75	50	78	63	29	98	69	15	51	5	26	58	8	77	92	27	79	39	27	50	2	36	63	87	23	6	49	70	97	37	9	39	22	15	53	51	3	100	55	6	1	6	100	64	79	1	37	96	35	13	64	91	33	58	9	83	49	54	43	11	40	69	97	14	36	63	23	37	20	93	19	2	80	40	5	26	94	9	58	30	23	93	3	90	18	67	40	64	18	31	6	27	53	84	75	30	47	76	31	6	16	10	15	84	12	63	93	36	37	18	60	12	83	35	45	82	33	3	20	15	99	10	100	84	74	64	1	43	59	29	99	57	78	22	34	74	50	15	99	22	42	13	92	88	58	9	43	95	58	38	81	2	8	17	38	58	1	67	19	60	89	2	94	73	23	99	40	50	62	92	87	93	41	16	34	72	69	92	97	32	43	91	57	82	36	66	
8	47	11	16	87	57	5	56	62	57	55	30	8	53	40	91	94	5	44	53	80	36	34	87	9	5	40	13	46	32	61	68	67	15	60	61	76	75	32	87	4	45	18	9	58	37	59	28	1	16	100	53	56	36	43	50	87	77	4	56	28	68	41	78	15	98	33	92	10	49	41	37	35	93	47	26	37	42	78	27	78	66	93	5	25	37	91	80	20	53	34	42	53	41	82	80	84	27	52	11	5	83	72	25	60	28	91	65	43	2	78	43	40	95	53	18	30	60	14	89	52	4	21	55	88	66	2	70	94	17	97	9	79	1	20	25	34	83	84	91	68	62	74	35	52	91	32	28	19	89	76	66	57	81	22	19	40	68	95	61	11	20	95	66	74	11	60	24	44	91	3	60	6	77	95	91	50	98	65	1	47	45	52	7	97	52	53	73	13	69	66	76	45	56	79	89	62	18	52	50	
80	17	16	21	33	86	94	83	10	86	60	95	48	9	44	17	73	35	23	65	86	27	83	27	58	81	46	55	79	5	87	94	3	36	15	50	22	43	73	42	62	17	49	70	4	76	48	100	20	17	42	100	72	46	47	36	9	21	75	94	24	91	59	91	65	32	19	66	61	29	36	14	51	61	6	72	26	66	5	35	74	88	50	36	100	14	39	76	43	22	25	65	37	17	5	16	75	37	76	7	58	18	34	38	28	6	59	36	92	40	59	5	39	47	74	2	4	31	44	12	16	78	87	20	57	38	42	56	91	36	31	10	76	37	54	64	94	69	17	67	78	70	11	66	81	16	65	31	46	33	65	15	57	46	73	82	100	82	59	26	68	67	83	11	50	66	94	70	83	61	91	26	34	100	18	31	26	54	48	75	78	64	100	60	15	42	15	26	19	32	94	21	30	89	13	68	95	58	1	58	
86	15	87	33	13	8	71	76	73	67	49	19	61	47	41	80	41	59	89	57	21	38	22	7	17	5	84	22	94	51	95	50	15	100	23	72	23	1	32	84	57	2	93	43	45	33	38	43	16	60	52	98	46	77	75	4	36	27	63	72	72	14	1	14	21	47	64	13	90	79	58	29	28	76	2	76	67	89	4	61	77	55	69	38	21	80	55	93	65	34	60	37	8	28	19	57	65	59	84	100	57	59	69	75	15	5	10	16	80	49	51	94	45	41	12	91	60	30	17	87	51	28	57	34	66	99	25	5	4	91	65	11	9	81	5	40	94	57	98	86	65	47	44	5	12	92	100	79	2	72	92	25	52	73	27	75	73	42	26	46	30	12	35	95	47	46	51	75	43	68	97	94	57	33	51	65	54	14	95	62	13	40	34	54	8	38	43	88	35	29	57	26	26	80	16	4	31	93	58	76	
28	44	57	86	8	66	84	45	66	62	87	63	64	63	32	23	21	54	50	59	23	14	43	37	4	36	69	14	15	88	89	19	59	77	43	100	66	53	11	52	76	13	24	3	3	55	35	20	9	60	45	49	7	93	60	77	100	10	37	82	18	31	6	28	42	58	66	39	24	42	89	56	53	55	27	2	88	77	97	15	38	45	52	56	42	39	3	37	82	37	98	66	2	47	7	85	18	4	65	87	6	97	20	66	44	51	91	25	10	63	60	8	89	46	91	61	57	86	18	99	23	88	51	99	83	94	41	5	25	92	74	70	99	45	93	8	40	50	98	16	60	83	6	90	37	37	12	43	57	81	8	63	34	70	80	73	43	50	37	23	17	12	26	95	96	69	59	14	41	13	81	13	50	46	42	2	49	89	74	30	85	28	85	80	29	85	61	14	99	85	13	67	23	75	38	14	68	50	34	62	
86	28	5	94	71	84	12	47	82	91	89	15	8	95	75	29	90	89	49	47	1	6	64	41	55	24	74	9	36	41	24	50	39	82	95	5	35	38	65	74	3	58	64	100	60	96	84	95	11	33	95	22	77	62	100	47	4	90	86	27	93	29	28	54	26	7	99	53	56	46	71	98	36	42	3	8	61	50	84	51	16	11	72	42	100	100	80	85	6	78	93	73	4	50	70	8	11	28	3	69	49	8	91	17	70	29	69	35	10	34	14	46	7	49	84	84	62	38	85	93	14	87	73	61	71	1	56	59	45	33	45	18	39	3	99	39	49	90	96	31	81	65	70	79	73	64	51	78	7	78	94	17	11	2	94	59	100	33	40	89	75	94	42	99	5	7	56	36	82	23	76	92	57	46	67	51	56	65	4	56	13	28	94	67	78	48	69	87	92	16	74	98	25	38	85	4	46	10	73	74	
22	25	56	83	76	45	47	87	97	2	42	24	20	34	81	20	56	73	82	73	88	14	47	65	43	73	72	63	95	4	74	1	1	54	69	64	78	95	54	87	37	37	80	9	39	38	12	96	17	97	74	27	11	28	13	78	96	87	86	96	75	62	37	16	39	70	42	10	89	59	49	18	44	70	95	29	99	71	15	81	47	2	4	84	85	16	82	77	2	5	71	98	82	69	78	46	98	30	56	2	10	37	38	55	35	33	8	83	59	3	19	17	24	45	17	38	28	94	31	57	26	80	16	17	87	76	60	81	5	49	61	81	79	24	72	71	86	47	27	82	18	17	78	77	25	75	94	62	45	4	78	53	32	4	61	86	97	83	2	67	73	61	48	38	13	79	23	58	4	95	41	25	35	79	51	56	99	84	90	19	79	48	28	89	33	91	41	16	98	52	34	21	21	21	28	41	73	97	82	13	
14	22	62	10	73	66	82	97	87	70	46	28	16	42	3	30	17	37	56	57	30	20	45	95	36	99	3	44	48	61	23	60	72	2	24	5	84	8	59	60	80	47	54	23	46	48	44	51	52	38	19	16	83	100	14	41	50	63	80	77	79	30	90	93	47	66	68	87	63	50	27	11	31	85	96	33	11	71	79	28	80	24	59	43	8	43	47	76	100	78	33	92	16	16	57	97	13	16	4	8	94	2	36	80	6	91	61	65	51	37	71	37	6	95	28	94	15	18	13	42	54	69	83	24	39	98	85	99	99	71	57	81	63	40	79	36	49	69	12	81	42	21	35	50	70	61	7	51	49	2	91	34	90	9	10	8	90	18	1	54	27	18	12	8	27	44	35	69	46	83	60	18	71	54	79	45	14	91	21	79	51	45	17	2	43	13	86	97	88	79	63	94	7	3	38	75	74	31	67	71	
89	50	57	86	67	62	91	2	70	21	95	55	45	53	24	50	19	82	98	76	2	25	14	100	93	70	79	89	10	39	48	44	79	57	33	90	55	16	5	96	12	85	82	65	3	76	23	64	89	85	74	62	73	40	61	8	77	68	98	4	89	99	7	55	27	52	52	51	15	50	69	55	19	5	44	93	22	42	100	20	74	40	22	52	70	84	85	15	16	86	18	67	40	5	39	77	86	68	53	4	47	53	47	12	36	91	34	10	28	20	97	98	79	30	47	24	17	84	44	35	22	21	97	98	82	87	96	49	81	62	1	95	7	86	8	65	37	25	89	15	35	93	88	89	6	22	16	83	21	78	13	32	37	90	21	18	85	94	85	32	76	34	52	69	28	1	16	2	68	74	21	57	25	28	40	6	64	74	29	66	4	40	91	69	44	36	40	19	68	14	62	5	38	64	77	8	24	2	18	85	
41	48	55	60	49	87	89	42	46	95	95	11	12	88	14	57	85	86	19	9	45	66	37	96	96	14	4	51	56	86	66	9	4	74	74	53	42	97	8	29	91	12	98	34	55	21	7	28	92	78	78	26	96	11	75	72	27	44	19	36	66	2	20	55	28	49	100	38	75	55	28	70	86	64	82	50	19	54	14	72	55	22	42	100	83	59	22	12	49	70	42	96	79	38	30	86	2	89	6	35	30	98	78	88	25	25	38	81	73	29	4	45	10	16	99	76	40	51	3	39	82	90	66	96	36	81	87	43	58	80	57	39	5	34	1	46	66	76	57	15	66	4	40	50	41	7	28	33	25	24	17	83	63	82	64	27	77	68	59	58	21	77	78	44	24	92	99	51	84	88	22	72	95	16	37	88	4	68	49	50	9	19	25	88	4	69	50	99	36	98	11	17	1	21	84	93	4	72	60	90	
56	49	30	95	19	63	15	24	28	55	11	39	20	94	61	23	73	33	100	44	57	49	100	73	55	82	55	7	78	51	83	89	74	80	78	45	54	54	20	100	76	39	27	51	85	39	95	99	9	3	72	45	30	6	20	64	24	82	4	45	55	1	96	70	24	70	54	65	59	68	50	26	64	87	29	14	20	22	65	56	75	97	43	97	15	46	48	25	31	90	91	34	85	64	79	59	47	4	13	70	84	90	82	58	29	46	3	9	88	4	43	39	33	68	91	74	14	83	73	16	45	22	69	54	45	78	96	11	82	55	76	96	26	27	81	90	5	2	2	49	82	56	48	95	90	95	74	32	13	20	68	77	95	54	17	7	31	44	14	68	30	42	64	38	15	59	86	69	69	7	48	75	77	5	82	59	86	99	38	58	41	20	66	39	38	88	69	2	72	35	80	61	39	41	81	21	57	45	48	15	
33	38	8	48	61	64	8	20	16	45	12	20	6	85	22	12	34	98	28	47	91	16	32	96	73	26	92	72	74	91	31	29	45	71	84	20	46	13	44	51	96	46	64	29	19	26	88	32	3	93	96	68	42	95	91	30	61	21	83	7	4	87	74	22	66	13	92	34	66	22	37	50	31	36	22	98	42	99	52	14	71	54	35	38	37	12	10	92	67	1	46	35	49	68	68	76	53	65	13	83	65	64	58	33	84	90	37	60	15	11	36	1	65	96	42	14	74	5	27	89	4	63	30	59	39	13	85	54	46	34	97	54	45	6	55	71	16	68	53	71	86	68	6	82	10	66	67	97	25	93	58	92	33	100	34	86	4	45	65	47	80	80	92	47	93	69	47	79	18	25	40	7	87	55	82	35	25	95	75	29	96	49	13	36	29	5	42	41	81	30	61	63	52	95	61	5	29	99	85	31	
55	59	53	9	47	63	95	34	42	53	88	94	85	9	25	15	75	100	61	77	88	75	80	94	68	33	4	88	89	91	43	54	46	51	2	91	74	31	22	53	51	71	90	62	96	75	99	26	65	69	14	23	24	83	37	71	99	49	57	77	46	100	14	6	61	45	72	9	25	2	86	67	92	6	23	27	45	52	2	11	16	66	4	18	17	48	8	60	39	76	34	96	97	73	8	7	13	79	73	65	66	28	55	17	13	42	2	64	48	86	89	44	77	83	26	78	64	86	29	16	45	48	51	8	10	35	57	28	27	16	79	91	93	73	14	2	45	9	36	42	80	46	61	18	72	10	2	31	81	53	22	29	67	41	83	80	36	46	59	23	98	22	61	61	56	28	66	69	27	58	10	96	99	33	11	55	29	79	81	6	22	94	2	85	73	97	47	27	100	70	6	35	27	79	85	69	46	58	18	15	
72	75	40	44	41	32	75	81	3	24	14	61	22	25	22	19	46	52	44	49	75	80	40	97	1	33	98	39	64	10	20	31	75	9	12	11	90	73	97	98	12	14	52	77	25	78	8	81	69	56	32	52	2	44	89	75	50	57	76	26	96	34	97	22	72	23	54	97	76	49	48	15	64	98	11	18	14	65	75	38	98	62	47	55	27	56	70	41	10	40	75	22	32	93	49	37	78	81	55	53	89	21	49	53	4	91	34	55	45	79	15	10	57	83	50	40	33	27	95	16	61	10	42	100	60	60	8	5	87	71	66	86	94	11	96	50	30	89	7	88	85	5	52	35	15	91	44	83	19	72	39	53	23	85	52	90	100	87	54	63	30	53	76	59	82	66	80	23	12	10	38	14	60	97	50	65	36	38	32	67	91	8	40	12	42	22	76	78	49	43	15	17	61	99	100	32	89	78	22	11	
44	50	91	17	80	23	29	20	30	50	57	23	12	15	19	57	1	20	3	8	52	41	78	78	26	57	17	32	85	24	14	4	85	75	5	60	83	29	80	36	5	100	80	39	39	8	92	84	20	37	55	19	26	15	73	49	76	98	94	39	31	48	6	33	7	70	58	28	28	87	55	63	54	87	51	59	18	52	81	47	48	92	95	75	72	100	52	8	40	84	49	76	99	62	38	95	71	59	60	23	22	18	7	58	84	79	38	21	80	88	91	29	55	38	63	3	47	11	44	37	76	77	24	99	77	37	57	98	55	22	81	78	78	54	19	63	70	53	91	5	1	9	54	35	4	39	25	2	12	28	31	73	22	94	83	100	3	25	23	36	86	75	15	4	71	45	19	93	41	66	6	25	80	77	91	30	38	51	46	68	89	49	7	6	3	90	90	4	32	80	67	73	96	5	20	58	38	75	78	53	
99	78	94	73	41	21	90	56	17	19	85	73	34	75	46	1	4	69	56	85	96	79	22	6	19	54	74	17	61	88	3	52	98	79	99	31	92	91	26	73	23	73	69	90	22	83	75	2	39	20	5	81	7	60	86	59	68	23	20	78	50	28	70	11	4	71	1	67	68	15	60	83	65	31	27	100	17	10	9	20	86	26	97	52	45	88	30	100	51	8	35	93	4	51	4	80	25	66	12	28	67	72	48	10	53	71	50	47	69	97	70	79	97	19	71	69	59	95	37	59	50	41	55	81	1	80	72	46	41	92	86	59	86	41	6	85	64	95	70	28	77	17	82	46	42	21	31	21	32	72	55	71	45	84	77	80	24	100	19	38	66	23	73	65	97	54	4	73	75	56	73	70	90	52	46	34	51	44	15	59	19	20	22	96	46	15	73	77	54	49	68	76	35	4	50	48	44	86	99	77	
34	63	5	35	59	54	89	73	37	82	86	33	98	100	52	20	69	76	50	47	99	31	21	90	94	58	41	48	17	92	3	88	26	85	36	77	54	100	15	49	31	46	37	4	24	77	17	29	73	50	49	45	34	21	74	59	87	83	23	91	80	97	40	25	39	71	17	93	72	38	59	12	31	37	82	57	24	19	37	84	63	3	80	60	73	1	71	75	27	21	72	8	75	83	22	60	29	52	26	67	39	44	94	95	65	96	25	96	7	40	78	73	73	45	100	90	41	99	36	82	34	40	16	90	94	38	94	68	57	5	53	50	11	45	93	89	48	41	18	76	4	28	62	79	82	32	18	56	42	46	67	10	49	18	62	85	89	42	51	13	73	10	70	18	73	10	98	11	78	49	61	17	3	67	9	17	50	85	70	39	12	41	79	72	66	82	73	91	46	26	43	97	75	98	60	11	1	56	6	77	
31	29	44	23	89	50	49	82	56	98	19	100	28	61	44	3	56	50	51	60	58	77	74	83	55	57	7	17	70	35	65	80	23	48	68	4	23	11	14	70	16	33	25	22	33	84	23	50	80	85	16	41	88	46	82	79	10	53	50	91	27	98	69	40	70	98	99	85	100	2	83	98	69	16	20	41	45	13	18	47	59	71	15	72	3	14	93	41	36	87	21	38	24	100	68	63	4	47	2	71	32	28	7	80	87	8	17	44	5	86	1	37	60	100	67	88	43	36	69	46	14	29	21	14	16	28	30	6	4	97	47	73	32	40	11	92	51	41	15	76	31	66	83	6	92	49	47	26	98	20	82	49	89	75	7	16	92	46	36	19	62	26	83	34	66	15	32	24	53	68	63	38	65	23	86	68	28	18	50	30	69	28	38	18	31	55	17	20	61	88	99	2	74	26	9	55	71	3	16	8	
21	98	53	65	57	59	47	73	57	76	9	44	47	77	49	8	85	47	60	56	73	15	88	65	6	80	73	4	23	86	100	15	76	87	2	35	56	51	43	98	33	63	70	49	3	56	20	62	55	24	48	98	3	73	26	55	67	11	95	40	67	63	27	11	64	51	48	44	55	71	82	6	53	3	92	52	93	90	57	22	8	96	94	65	8	31	88	67	65	55	64	19	66	77	15	1	80	18	55	26	24	64	58	91	22	46	35	42	74	52	78	84	49	72	92	2	9	45	42	70	6	99	62	24	45	13	13	2	46	17	3	85	24	14	3	46	51	91	41	15	51	62	77	35	1	77	17	31	9	57	84	82	36	84	12	72	13	45	55	60	52	97	8	50	31	30	55	34	41	43	45	49	99	70	8	76	76	51	23	28	93	56	82	78	100	12	100	21	60	58	85	45	36	10	29	92	33	63	97	50	
9	69	80	86	21	23	1	88	30	2	45	57	91	88	75	52	96	99	58	73	61	69	51	38	71	66	76	91	44	84	72	22	33	88	69	34	52	63	68	72	32	88	83	85	51	27	16	51	21	13	94	34	12	1	60	5	4	2	74	62	66	97	8	64	64	59	57	72	29	26	31	15	76	35	85	93	11	85	14	85	18	50	73	74	47	67	34	59	75	39	46	60	80	68	2	86	80	72	72	43	65	31	7	72	74	10	20	23	45	29	21	34	2	82	1	80	91	100	7	32	35	92	86	30	22	72	8	91	28	80	93	38	71	89	48	32	15	12	68	56	38	13	93	78	52	34	36	4	43	75	79	22	67	64	51	46	48	16	71	2	14	65	60	77	5	93	2	38	1	58	7	51	14	51	74	64	47	81	20	62	34	83	88	66	31	55	89	42	96	16	75	88	48	43	87	70	19	98	54	42	
87	15	36	27	38	14	6	14	20	25	66	49	16	75	80	41	79	31	77	15	69	74	18	46	21	15	48	47	69	36	20	52	82	56	50	54	8	47	52	74	54	56	87	45	52	80	64	56	10	19	78	3	65	41	89	11	34	18	49	61	90	88	85	28	59	25	76	57	24	37	99	100	1	49	85	90	74	96	52	5	79	62	60	24	83	4	23	33	77	87	55	29	22	66	96	94	53	21	56	3	28	74	97	64	42	2	8	57	19	81	32	79	6	16	1	55	76	69	65	54	4	81	28	62	37	17	26	3	47	90	32	1	5	3	21	47	23	47	98	40	37	24	21	14	48	45	4	37	78	12	24	75	55	41	64	19	35	36	53	14	75	27	94	58	36	47	12	67	37	56	16	12	56	52	96	89	35	44	27	2	22	72	100	94	87	77	31	9	43	95	87	26	48	44	71	21	7	80	83	38	
86	51	34	83	22	43	64	47	45	14	37	100	32	80	40	78	22	21	74	88	51	18	3	87	30	73	72	10	15	62	74	55	5	39	93	11	2	100	79	51	93	26	48	2	88	22	71	73	7	55	50	58	55	95	32	89	88	94	48	16	52	80	41	27	12	68	68	96	10	49	56	96	47	70	27	93	91	39	85	67	55	74	71	95	12	54	2	91	78	23	89	69	24	58	99	39	70	69	85	47	39	25	78	58	27	62	56	98	76	5	74	66	32	67	44	90	30	54	95	56	59	95	14	86	20	99	63	44	88	49	69	13	35	49	39	14	76	21	36	32	87	70	97	93	91	74	17	70	79	69	38	15	11	33	31	13	67	83	70	73	31	19	12	64	57	50	8	28	88	71	65	84	2	33	78	50	15	90	72	2	11	87	43	71	12	84	63	73	90	33	19	91	95	61	94	53	39	24	36	27	
10	5	87	27	7	37	41	65	95	100	96	73	96	94	97	78	6	90	83	65	38	46	87	87	81	92	88	76	57	86	66	34	58	89	79	36	68	55	99	31	40	19	14	1	65	68	46	15	31	66	64	53	20	3	30	95	36	91	97	86	47	67	18	51	6	15	96	51	15	8	83	19	42	4	66	79	53	35	71	64	61	17	95	68	57	2	60	32	44	43	27	68	6	9	85	19	57	62	44	79	18	3	62	12	53	58	6	95	85	91	39	69	2	80	55	18	64	16	39	75	24	31	27	76	94	55	49	15	47	43	39	35	15	36	42	22	72	24	51	11	98	79	61	23	35	22	25	86	60	95	92	53	30	67	22	93	22	97	63	52	95	29	52	15	99	48	20	94	58	75	39	32	39	62	41	27	82	72	14	3	37	10	45	88	74	44	53	26	79	30	37	9	49	8	48	99	36	74	69	82	
96	26	9	58	17	4	55	43	36	93	96	55	73	68	1	26	19	94	55	6	71	21	30	81	55	43	79	60	9	64	29	61	5	37	8	47	37	10	46	23	60	48	4	36	33	32	56	61	4	11	32	94	15	59	44	1	40	84	20	33	38	8	91	18	28	53	59	21	52	32	12	2	39	97	87	83	42	33	18	16	38	44	96	91	15	56	32	18	80	24	39	75	73	58	75	32	81	60	24	66	87	91	18	96	48	63	94	87	37	59	16	50	58	84	2	45	95	94	55	27	43	81	33	100	51	76	29	100	89	20	73	88	50	25	63	28	51	25	53	37	30	70	50	73	26	96	94	54	47	37	57	13	50	5	72	62	35	88	12	18	36	69	50	51	53	87	59	84	97	81	55	91	64	90	19	41	71	59	27	85	39	47	44	17	100	75	5	87	68	95	79	27	54	65	5	37	22	70	41	51	
1	58	5	81	5	36	24	73	99	70	14	82	26	33	33	57	54	58	57	80	66	15	73	92	43	59	32	86	28	60	10	63	26	4	83	98	38	29	64	92	25	6	93	70	11	40	76	57	63	32	17	1	14	47	73	27	55	84	44	2	6	38	60	6	73	28	54	93	5	97	89	12	69	57	89	6	3	26	10	100	43	68	15	35	33	67	16	10	17	27	1	39	78	51	39	35	29	82	54	47	39	48	37	74	35	25	54	8	29	43	40	14	65	49	54	84	36	58	21	36	97	73	82	70	51	83	8	47	68	19	69	78	46	48	97	66	48	47	39	71	59	14	6	11	44	14	88	26	12	65	97	24	34	81	12	78	8	32	43	53	65	87	73	27	26	61	34	42	3	28	48	34	100	23	6	75	95	93	94	67	68	73	25	22	83	81	78	59	7	72	100	42	68	19	48	68	98	82	97	15	
23	8	40	46	84	69	74	72	3	79	4	55	92	4	98	17	74	41	7	73	76	48	72	88	79	32	47	99	18	51	26	43	12	7	71	56	11	99	13	92	87	17	19	53	32	97	78	66	20	33	19	64	79	53	15	86	6	6	31	7	20	20	71	69	6	10	57	43	5	24	76	64	88	40	74	58	95	57	40	39	54	71	1	61	100	93	75	67	61	49	10	14	20	94	26	18	63	83	91	47	22	1	89	64	36	74	35	66	45	67	20	64	89	37	72	54	59	9	23	13	15	3	28	62	86	86	63	88	100	60	34	75	56	28	24	2	30	11	81	31	2	12	27	81	30	71	54	48	82	98	97	13	63	1	87	68	27	62	9	41	52	7	85	86	72	17	70	20	66	62	2	96	72	87	93	46	60	28	19	97	51	11	39	89	36	87	11	77	3	7	50	91	86	69	93	26	23	1	30	47	
88	77	13	55	22	14	9	63	44	89	51	7	72	88	39	32	17	48	17	4	91	47	10	76	60	86	99	66	58	37	84	11	93	94	70	65	97	24	66	21	80	69	22	98	98	49	9	49	88	8	21	32	16	75	93	77	89	42	42	10	55	51	38	100	70	67	97	32	52	85	87	62	17	77	53	95	99	29	90	9	87	68	67	22	2	24	93	66	92	81	1	25	35	82	55	14	43	64	9	65	10	13	79	34	34	5	15	24	8	15	29	16	27	84	32	38	19	40	51	19	56	77	54	67	71	65	17	51	60	76	25	82	34	18	11	26	76	38	84	24	29	19	75	14	94	58	37	81	42	89	21	53	12	16	43	1	95	84	55	65	4	76	75	96	69	12	75	39	82	41	77	43	94	69	44	33	49	12	79	83	35	37	31	85	51	91	44	17	14	100	98	80	82	69	1	47	98	88	32	2	
79	92	46	79	94	15	36	95	48	10	56	78	74	89	64	85	61	17	70	23	44	69	15	57	9	28	18	58	11	70	81	21	10	75	1	91	52	89	37	28	16	54	18	4	19	98	43	60	99	15	57	22	100	36	25	89	13	65	44	93	41	35	43	44	97	18	39	70	91	36	2	47	98	81	61	74	98	42	56	75	91	24	27	66	34	5	74	35	75	83	36	23	39	61	23	74	91	51	70	53	83	96	39	27	85	19	23	40	8	45	66	100	97	24	75	19	60	32	26	14	23	91	58	92	54	26	54	46	58	60	20	25	75	66	45	89	83	61	67	88	96	54	27	45	62	34	79	39	92	1	59	9	40	98	47	19	57	39	32	11	63	1	24	40	60	64	55	62	43	68	46	39	58	84	63	98	47	6	64	30	84	27	50	53	83	46	69	20	38	92	1	28	67	5	58	21	69	38	33	99	
18	27	32	5	51	88	41	4	61	39	86	51	91	91	10	24	88	92	35	86	84	36	62	86	64	60	51	37	70	96	35	94	15	56	39	4	5	26	40	34	85	70	15	59	16	100	72	24	93	88	11	75	57	36	13	89	74	55	87	26	1	36	72	14	36	94	9	63	3	40	32	12	63	6	45	77	12	41	37	69	41	37	23	80	70	10	65	1	73	77	12	91	21	96	99	50	64	91	19	87	65	96	50	81	75	98	22	18	90	87	20	68	5	95	100	44	64	9	17	69	3	38	63	83	59	63	23	1	21	69	46	17	86	72	48	62	58	14	47	72	13	11	76	50	1	90	87	84	4	20	8	85	14	78	39	27	71	80	31	96	66	11	96	15	5	77	40	34	22	20	8	11	78	26	13	56	51	31	80	86	37	44	1	17	18	51	8	77	86	34	1	63	40	48	23	38	43	71	50	19	
79	79	61	87	95	89	24	74	23	48	66	83	31	43	20	14	3	3	65	100	72	20	74	66	29	10	26	84	81	35	49	26	60	33	45	6	16	89	82	16	64	90	43	75	23	50	14	74	80	71	47	43	60	38	70	1	70	2	40	60	85	78	43	19	73	42	98	79	9	86	79	39	32	84	14	33	91	99	27	8	19	98	2	92	11	38	16	84	13	9	56	83	26	82	9	15	64	48	80	19	71	24	69	80	65	2	41	86	65	75	4	59	50	58	98	62	8	51	26	46	100	53	18	15	53	93	4	31	22	72	16	32	57	4	57	92	39	15	3	1	36	67	87	18	57	93	41	5	50	19	91	5	12	69	1	22	76	19	46	15	54	78	24	22	93	87	46	39	92	21	53	29	53	61	58	66	9	49	16	90	24	17	35	49	26	98	61	33	40	80	27	15	18	25	67	68	33	33	10	24	
20	39	68	94	50	19	50	1	60	44	9	89	29	54	31	4	52	88	80	15	22	52	55	34	61	63	43	11	21	94	26	32	73	97	38	44	30	21	85	97	43	17	6	69	67	5	33	62	67	55	83	88	46	83	57	46	89	73	82	81	23	16	97	88	5	57	91	74	67	65	67	98	92	63	3	60	94	27	66	43	68	34	18	93	73	84	72	37	46	38	85	54	32	27	90	13	45	40	39	43	97	93	90	25	82	81	20	8	79	80	93	16	24	17	99	44	13	84	72	79	69	79	57	61	3	2	73	56	2	41	75	43	83	16	17	59	27	78	52	18	9	11	36	27	42	80	16	58	55	96	64	3	85	87	1	97	4	32	17	85	18	35	69	40	5	66	3	72	27	34	53	32	12	62	16	18	46	60	89	58	7	24	39	30	48	91	12	73	60	75	18	34	89	56	32	58	13	60	76	91	
20	27	67	3	15	59	39	1	72	79	4	74	45	46	75	85	98	26	23	76	33	82	5	58	5	26	12	93	10	15	60	73	53	10	83	83	31	26	63	91	41	18	53	78	11	78	87	11	32	51	19	53	42	17	93	21	15	57	17	53	44	87	9	1	10	70	8	60	12	48	71	31	22	83	29	54	5	92	36	16	22	26	38	13	21	5	45	93	15	16	95	90	79	77	81	50	38	48	58	57	76	61	88	82	69	89	97	29	3	46	75	61	55	48	88	96	94	62	87	45	88	15	65	89	58	27	8	61	52	75	57	11	22	20	64	14	93	71	48	8	26	77	80	99	77	86	87	94	7	80	45	73	77	11	80	74	19	51	29	14	22	56	4	22	70	29	38	41	82	9	81	98	67	36	87	39	23	6	16	98	37	47	67	42	59	77	92	67	77	31	94	96	16	45	74	84	76	44	46	2	
94	50	15	36	100	77	82	54	2	57	74	80	71	51	9	75	79	85	48	87	88	56	39	89	37	4	7	94	75	56	33	97	10	14	64	72	97	60	46	35	34	19	39	38	31	99	84	56	83	46	92	49	7	96	69	95	75	69	87	58	99	68	16	67	32	61	36	27	43	38	72	3	72	5	85	21	35	95	97	74	63	76	83	67	73	80	76	89	61	17	43	71	6	62	12	71	57	92	45	50	16	28	19	10	98	14	51	9	53	97	59	78	3	25	49	79	95	45	73	13	95	10	74	87	51	2	74	38	29	6	14	32	81	71	39	42	91	19	97	57	46	33	84	7	49	9	89	36	35	65	25	74	54	78	34	54	17	19	6	56	13	83	11	43	39	44	82	88	31	53	91	85	67	34	58	87	49	28	49	12	73	7	66	77	61	13	68	20	26	77	14	21	86	71	75	51	88	48	44	28	
47	2	60	15	23	43	95	69	24	33	74	78	84	2	12	5	99	36	68	2	69	50	93	79	8	83	71	70	1	39	45	38	83	64	78	80	33	87	1	17	96	90	8	51	60	89	95	54	50	4	63	1	27	96	76	13	77	30	98	47	21	74	78	100	41	63	57	72	14	40	72	48	38	83	84	50	16	94	36	83	74	83	23	55	64	57	56	95	26	63	81	38	69	13	20	59	31	39	48	60	47	41	23	85	30	20	72	84	49	73	1	69	59	91	41	3	39	60	11	31	64	9	75	4	57	58	10	41	11	41	5	36	12	91	26	56	1	72	66	12	10	53	4	79	79	46	98	31	63	54	51	16	28	22	50	78	7	33	44	77	23	13	31	85	20	59	13	34	71	61	57	69	40	70	94	61	28	85	17	28	47	13	3	34	9	37	83	90	37	66	57	87	1	52	51	66	74	27	44	16	
86	36	61	50	72	100	5	64	5	90	53	45	20	91	11	60	31	77	4	35	34	54	11	36	47	98	56	65	91	4	6	44	83	72	80	31	93	41	18	16	4	79	85	8	20	96	53	24	98	67	87	68	88	67	63	82	85	84	36	45	50	57	12	91	67	30	91	4	44	18	17	72	79	41	63	1	61	96	68	11	3	28	70	74	4	65	55	9	46	48	6	30	82	4	32	51	21	66	93	55	27	98	53	4	25	30	35	75	35	33	49	89	23	13	48	33	67	35	93	59	82	83	25	11	11	20	80	61	6	20	37	87	20	37	57	37	79	45	19	62	49	29	88	48	29	83	73	25	34	3	53	50	6	11	78	74	24	5	4	54	6	77	41	33	76	18	17	62	93	21	29	22	34	14	19	42	40	61	66	79	56	85	78	58	51	13	68	36	44	25	24	10	94	2	1	69	96	49	71	47	
73	63	76	22	23	66	35	78	84	55	42	54	46	74	90	83	92	54	23	56	52	8	2	68	37	38	11	97	52	5	16	30	31	97	33	93	18	17	66	66	35	96	4	64	61	51	63	48	25	94	72	53	34	86	58	25	76	69	43	82	30	25	42	20	59	78	22	51	62	36	30	80	63	77	99	14	33	27	27	49	77	80	24	35	42	7	67	42	33	39	18	95	77	8	98	49	83	56	58	97	94	40	10	34	18	70	10	38	45	2	22	40	76	32	91	85	26	43	15	40	98	94	41	68	29	22	90	9	44	58	94	89	49	63	51	54	88	4	15	67	39	83	8	50	6	52	48	86	21	51	53	13	23	2	27	84	5	54	74	46	83	3	85	82	39	47	15	34	76	61	12	20	12	73	55	96	9	20	31	57	66	99	34	13	84	4	14	50	73	30	68	33	93	11	56	57	43	50	71	62	
5	87	75	43	1	53	38	95	8	16	97	54	13	31	73	29	91	100	11	51	63	47	100	55	10	29	99	24	89	26	89	21	26	60	87	41	17	38	33	44	45	45	11	69	62	48	78	100	66	76	99	55	83	14	52	37	58	22	83	94	97	94	68	28	22	43	46	55	48	53	41	5	38	71	76	35	85	90	74	46	69	24	63	34	51	36	57	54	18	32	41	76	28	61	30	54	34	39	24	81	36	39	12	95	40	57	67	34	91	64	8	35	80	100	56	2	3	9	95	16	67	76	55	80	27	26	9	36	65	51	89	53	10	49	3	40	99	18	60	60	34	51	53	13	17	48	14	59	87	29	59	46	26	56	23	93	10	62	46	66	34	16	49	69	12	3	61	36	28	40	81	51	57	3	96	68	33	52	23	34	41	7	28	69	35	66	75	54	44	36	54	52	67	50	1	76	97	3	67	92	
12	23	32	73	32	11	65	54	59	5	8	20	44	22	97	80	26	15	14	43	68	52	79	99	46	64	13	66	37	40	82	85	63	46	1	18	66	33	59	50	21	45	99	91	61	11	31	28	17	53	19	1	53	74	6	89	47	58	28	6	68	68	89	93	1	3	63	60	38	16	85	87	88	56	59	26	75	66	96	57	54	53	99	36	60	39	92	62	69	20	55	65	5	42	54	8	68	48	36	67	49	59	4	76	59	55	92	2	71	85	21	12	16	44	68	83	92	24	91	42	39	6	25	24	54	11	83	32	12	51	43	47	28	88	46	61	15	37	92	78	16	76	17	82	58	12	92	76	70	59	36	45	79	96	74	86	88	19	32	29	77	24	32	82	14	59	12	58	82	50	79	86	74	91	64	87	64	99	81	9	4	12	67	32	32	59	55	33	83	14	43	89	58	5	55	89	34	99	49	69	
43	6	87	42	84	52	74	87	60	96	29	100	51	53	98	36	73	49	70	98	72	74	51	31	23	92	92	21	28	34	16	97	91	35	17	16	66	44	50	50	65	89	27	57	83	31	69	29	33	71	42	90	100	47	78	8	50	3	32	38	13	77	49	5	51	96	34	13	92	97	63	84	6	60	66	100	95	67	38	43	73	93	36	79	55	46	4	61	95	53	34	43	7	35	59	97	95	7	29	93	44	6	5	94	97	53	57	22	70	2	92	50	87	77	83	22	72	21	92	91	42	68	99	73	67	5	80	29	35	4	45	18	38	67	50	71	64	61	23	94	33	38	29	52	12	26	4	86	91	23	94	100	38	18	87	63	81	6	51	91	77	32	41	86	49	31	48	49	81	84	15	3	52	74	85	53	9	53	86	99	25	31	8	18	5	86	30	20	55	87	100	82	84	7	31	52	63	11	29	72	
87	49	4	62	57	76	3	37	80	12	91	76	96	51	12	5	23	31	16	33	32	54	93	40	60	25	87	80	16	85	64	43	41	34	96	4	35	45	21	65	32	57	59	23	41	84	75	86	71	24	42	24	41	16	68	16	38	86	34	71	43	44	11	70	31	10	19	93	77	74	94	9	62	51	1	60	66	24	11	54	25	10	53	96	59	100	89	2	34	35	49	97	55	24	17	6	76	51	18	19	1	76	79	69	81	93	73	18	36	37	46	8	23	92	48	7	9	18	92	98	55	13	82	32	91	58	16	2	51	16	51	68	93	62	7	91	44	14	2	15	52	75	62	66	16	17	70	70	16	85	87	73	60	56	40	60	74	40	13	100	35	35	81	33	97	71	27	39	54	99	95	22	12	65	88	58	65	75	81	5	95	70	10	85	69	37	88	21	81	59	15	88	30	53	21	32	49	54	86	67	
51	70	45	17	2	13	58	37	47	85	12	39	46	71	14	100	73	46	33	63	88	56	26	19	48	6	17	69	54	70	90	17	18	19	90	79	96	45	45	89	57	86	33	71	33	83	27	53	21	58	89	62	97	42	27	100	71	46	74	60	45	79	44	75	30	27	63	85	27	93	78	67	22	51	65	87	86	49	94	97	59	15	1	52	48	73	66	71	26	54	56	16	27	99	13	46	66	38	100	21	25	84	96	25	98	93	91	59	77	100	82	97	6	97	68	57	12	2	61	5	15	39	74	36	31	94	31	87	28	51	45	21	62	88	82	66	35	84	57	6	20	32	1	13	40	8	55	26	49	68	28	66	66	84	82	4	65	40	45	20	55	23	81	5	12	87	65	67	41	67	42	9	25	86	77	40	87	84	2	36	40	24	94	6	55	81	63	66	39	57	27	36	87	100	29	16	66	40	95	36	
81	97	18	49	93	24	64	80	54	82	98	27	64	90	52	80	69	37	25	70	83	87	48	14	4	93	19	22	18	15	43	6	53	39	8	85	4	11	99	27	59	33	79	51	11	72	96	56	10	75	28	36	65	35	86	29	7	87	59	88	100	73	9	33	65	80	84	85	67	81	54	64	97	42	87	65	83	71	34	68	27	57	59	94	65	86	21	78	86	64	53	100	10	69	53	88	90	95	80	98	48	77	95	97	27	12	97	28	19	8	6	53	36	20	7	89	17	64	4	8	10	90	36	60	36	38	37	82	69	39	86	79	33	58	1	55	19	20	30	32	47	90	60	82	10	21	6	36	81	72	97	34	26	80	99	51	49	30	19	52	55	15	21	58	87	61	33	87	91	48	69	51	6	83	73	54	20	96	45	62	68	33	59	43	55	99	79	41	38	13	25	12	25	58	97	5	88	25	84	4	
63	37	9	70	43	3	100	9	23	65	34	51	29	62	77	39	90	4	22	49	85	45	2	1	36	70	53	98	4	59	75	69	78	38	51	8	64	69	91	57	23	71	51	64	29	21	96	63	46	43	56	86	40	83	56	23	59	5	9	16	24	7	87	59	13	57	17	32	7	37	36	21	39	91	97	40	13	42	34	56	50	6	2	7	96	30	92	30	32	40	18	35	9	60	44	49	51	57	85	63	23	44	93	38	55	39	34	66	87	92	88	90	47	62	56	3	15	77	69	63	87	46	82	55	96	39	29	41	78	55	55	67	85	42	50	71	53	60	84	83	20	74	39	71	63	38	9	67	8	81	44	88	8	90	94	57	40	76	17	57	40	97	86	89	94	23	8	38	31	63	92	58	4	42	91	74	62	33	49	52	16	57	71	4	55	97	79	26	10	99	11	84	68	21	79	56	99	26	5	11	
83	9	58	4	45	3	60	39	46	3	55	85	19	96	25	39	22	24	33	3	51	52	88	65	33	11	32	98	19	16	23	67	11	31	60	20	61	62	61	83	41	33	11	29	5	56	2	68	28	26	81	90	74	52	27	82	18	37	65	24	21	26	45	21	85	82	61	97	8	84	97	70	11	44	60	77	24	44	64	54	78	97	33	4	3	10	11	39	64	66	63	67	47	14	5	67	31	62	24	4	97	5	82	47	43	92	17	38	32	42	27	67	99	81	8	69	14	47	7	30	39	72	35	51	98	34	76	95	42	72	24	96	1	3	54	24	16	44	29	88	27	45	25	43	11	10	19	4	30	38	24	44	67	84	84	52	61	45	22	63	78	20	46	37	78	11	72	51	81	15	55	10	70	34	1	34	64	33	34	26	88	55	15	3	19	100	43	34	70	6	61	20	10	25	56	70	96	20	20	40	
48	39	37	76	33	55	96	38	48	76	21	39	26	75	78	8	83	77	84	56	27	80	22	68	32	40	97	49	98	100	50	5	78	99	89	96	51	48	11	31	84	83	72	21	56	33	61	91	71	59	98	90	59	78	100	78	92	24	38	86	96	45	43	94	94	54	25	49	94	76	56	86	38	67	88	29	93	63	86	23	76	25	69	3	18	10	31	40	71	78	47	4	96	50	52	93	77	89	42	16	96	58	96	8	68	29	41	56	33	66	49	29	74	69	76	18	55	62	96	57	17	17	39	60	1	37	64	88	72	69	55	94	38	14	89	67	19	94	59	57	98	94	92	62	40	41	40	87	5	34	2	68	82	48	5	9	4	99	29	98	28	66	22	14	55	96	26	73	74	95	87	89	62	47	25	94	37	31	70	92	67	8	41	75	58	46	56	27	35	67	63	6	98	41	41	27	22	42	83	90	
1	22	59	48	38	35	84	12	44	23	7	95	88	99	8	92	75	17	23	20	16	64	71	46	56	76	78	9	43	72	14	33	87	84	95	53	63	78	31	69	75	27	96	96	2	61	81	7	48	71	100	93	6	67	3	20	51	30	78	74	95	20	37	74	68	11	63	97	31	84	7	38	38	56	2	85	12	45	83	3	7	45	72	3	51	29	59	14	11	25	58	75	46	89	38	42	8	82	32	53	57	88	68	25	10	67	14	52	84	7	5	77	17	78	80	63	16	28	90	54	52	32	2	92	51	76	99	64	90	76	95	28	84	65	42	82	6	69	81	39	87	85	21	30	73	32	59	28	82	23	72	68	13	33	95	100	5	76	55	88	98	14	80	56	54	8	83	82	65	64	22	22	43	95	18	89	55	3	77	40	87	36	64	82	16	71	10	59	99	83	2	76	93	5	67	77	54	47	99	46	
94	15	28	100	43	20	95	96	51	64	28	99	32	26	81	84	2	29	50	62	51	56	73	15	61	57	66	49	60	24	74	62	11	56	54	24	48	100	28	29	86	53	56	63	68	91	7	83	90	64	90	21	41	57	80	61	70	7	100	45	29	44	77	11	56	90	52	1	64	93	23	77	59	19	83	53	16	36	1	64	81	69	81	80	99	92	60	25	51	54	75	53	66	91	98	96	68	23	77	28	59	34	22	99	87	100	32	57	83	30	77	61	61	14	63	80	75	93	41	86	42	39	63	41	27	18	45	75	6	91	13	75	15	73	30	15	45	91	63	14	86	69	4	12	70	41	20	91	59	65	8	58	53	20	84	20	20	66	77	13	43	60	11	98	91	29	33	41	71	10	47	57	92	92	24	67	94	69	87	60	84	86	88	54	2	15	46	2	73	96	24	82	2	12	50	20	80	31	59	89	
71	53	1	20	16	9	11	17	52	89	92	9	3	65	69	20	39	73	80	55	21	10	7	31	4	63	20	88	99	93	80	67	32	83	50	98	25	66	17	33	71	21	10	46	28	71	48	90	96	12	44	76	78	80	21	84	94	96	69	79	70	88	84	56	40	67	99	79	47	30	3	34	8	89	39	46	5	1	82	56	7	6	52	77	96	41	86	11	50	56	20	22	92	12	76	46	18	67	28	81	35	99	73	59	77	67	4	31	30	69	29	51	30	77	21	73	16	62	72	84	17	37	51	58	100	87	87	6	61	96	69	21	57	88	8	90	55	56	25	11	38	20	20	38	34	75	2	91	56	23	54	13	58	3	53	93	58	51	54	78	56	21	68	59	55	44	20	82	52	61	84	83	86	90	96	47	97	21	51	36	33	89	11	24	20	11	88	26	2	33	39	9	57	77	41	68	50	17	85	96	
79	51	16	17	60	60	33	97	38	85	78	3	93	69	56	37	20	50	85	24	13	19	55	66	11	32	33	8	15	88	71	55	51	46	4	67	94	76	53	71	24	58	75	43	26	59	71	64	12	34	55	83	70	23	95	89	71	70	45	72	70	27	65	67	22	53	96	10	75	32	18	18	49	27	18	23	19	89	77	22	24	35	74	87	31	46	33	47	22	92	85	28	45	80	48	99	92	100	54	66	77	25	67	92	20	19	92	76	97	99	94	63	33	69	67	6	61	89	51	26	40	43	98	74	15	66	30	3	30	78	78	51	70	79	3	62	5	9	71	71	48	21	10	7	63	68	3	40	40	59	10	72	65	27	49	6	51	83	15	28	1	45	95	55	47	96	68	37	80	16	91	13	53	24	79	35	26	24	72	70	86	89	3	100	69	11	95	17	20	34	1	62	82	49	10	67	30	38	83	86	
6	3	100	42	52	45	95	74	19	74	78	72	96	14	32	55	5	49	16	48	94	78	50	64	32	17	19	21	57	11	47	83	19	92	63	87	72	99	19	42	42	89	28	56	81	98	100	90	44	55	47	96	12	98	16	37	60	66	100	15	76	85	64	76	25	63	9	21	12	12	17	58	20	9	77	89	13	68	26	97	25	23	33	64	48	53	84	85	58	20	44	10	56	8	68	73	56	26	75	38	71	33	95	58	49	92	44	52	89	79	25	48	70	58	40	70	87	62	85	66	97	74	96	68	48	47	57	100	72	99	6	94	34	69	37	79	78	20	48	6	59	81	71	43	81	64	71	55	28	33	68	87	71	40	52	37	29	35	73	63	70	97	34	51	100	86	57	98	33	22	34	2	94	65	83	26	13	24	46	15	61	88	50	45	42	77	75	21	53	97	72	3	6	13	85	95	100	70	45	49	
88	100	53	100	98	49	22	27	16	62	26	45	68	23	52	19	81	45	41	98	34	3	58	53	94	1	64	32	22	75	43	88	53	49	1	68	53	55	1	90	24	62	36	86	90	90	93	21	76	83	96	95	48	94	36	40	21	28	77	95	33	94	26	86	25	48	48	53	85	21	15	76	70	11	22	50	66	28	56	31	71	23	6	24	70	87	6	55	11	17	14	46	70	81	84	78	17	98	96	55	95	6	30	14	33	93	19	55	60	93	24	51	78	46	45	81	55	62	27	10	94	23	92	82	52	12	8	59	100	52	36	74	77	79	6	37	10	90	56	28	51	64	32	62	12	15	7	49	14	23	51	39	12	60	43	52	45	95	43	58	85	98	8	50	49	94	40	69	25	31	8	2	79	42	50	48	28	89	34	30	63	42	14	22	33	74	1	63	21	38	71	75	16	15	58	86	5	82	80	10	
75	55	56	72	46	7	77	11	83	73	96	30	42	24	2	26	7	34	88	3	12	65	55	20	15	14	79	16	100	57	60	46	42	7	27	88	34	83	53	100	41	97	65	40	74	59	6	41	78	70	12	48	52	33	98	88	58	96	38	25	13	74	50	27	12	82	5	86	66	69	92	56	89	68	46	39	29	75	70	74	74	91	5	99	11	33	12	45	49	72	3	15	35	47	30	88	11	54	93	93	86	50	13	30	91	63	54	93	25	69	6	20	12	35	40	79	60	2	70	75	38	30	46	100	66	24	73	50	24	58	45	65	63	88	17	16	45	34	14	3	98	2	47	83	82	58	16	13	41	77	85	96	68	65	31	8	61	96	58	44	25	19	21	100	90	84	87	68	61	41	39	86	19	52	56	13	86	17	56	64	98	88	95	16	60	58	82	33	3	71	28	58	69	94	33	56	11	29	52	41	
49	6	36	46	77	93	62	28	100	40	11	6	95	83	44	15	60	21	46	73	1	41	95	3	59	47	53	75	36	36	38	83	17	96	96	67	86	14	74	47	16	42	35	83	52	78	67	57	80	23	98	94	33	15	67	24	64	6	26	50	87	74	38	76	48	44	43	29	64	39	59	4	96	2	81	13	93	27	8	74	49	93	55	86	37	31	19	90	67	89	78	98	9	37	23	98	64	16	61	35	65	65	73	44	27	30	82	1	25	12	81	1	57	49	59	64	20	49	63	47	83	72	95	19	92	53	94	50	31	73	81	73	54	94	70	85	95	33	78	39	70	95	72	4	74	89	51	8	40	62	38	89	93	56	27	76	36	8	12	92	7	25	59	47	33	24	25	88	44	23	6	18	30	12	83	30	55	33	18	26	43	85	95	35	68	54	14	14	80	63	92	90	13	3	94	48	33	78	6	54	
25	1	43	47	75	60	100	13	14	61	75	20	91	37	89	73	86	74	82	26	60	89	32	30	44	73	15	93	25	13	70	57	93	69	76	63	58	52	6	78	68	27	86	56	27	100	3	80	21	95	16	36	98	67	87	75	3	85	54	46	38	11	74	77	82	58	75	53	81	65	23	40	70	67	46	49	6	81	53	25	31	20	97	52	22	53	48	26	59	68	55	72	14	97	26	61	81	86	95	5	89	8	33	2	5	88	8	59	97	48	93	52	12	96	80	78	92	10	38	96	98	2	61	69	8	51	87	35	28	70	77	22	29	81	29	90	46	88	95	94	8	19	31	2	15	12	98	73	6	80	57	45	73	73	20	84	56	2	13	69	20	34	95	17	2	60	100	6	87	27	4	84	29	91	80	16	78	92	62	12	28	4	15	26	10	48	64	2	25	46	62	45	30	54	16	79	29	84	46	34	
86	6	50	36	4	77	47	78	41	8	72	64	30	71	75	49	59	59	79	55	5	11	89	95	1	27	86	77	89	89	1	46	21	95	13	82	25	37	89	8	16	100	29	23	82	78	20	61	84	89	37	40	88	24	75	32	7	86	20	76	68	12	87	18	96	13	57	100	55	97	99	11	53	90	22	49	89	75	7	32	1	58	43	6	98	41	51	46	78	23	1	47	92	10	64	61	19	16	26	89	59	24	79	54	71	34	35	32	15	63	89	60	4	47	74	79	43	81	36	83	4	7	15	34	14	54	94	62	26	49	53	31	64	4	93	48	13	75	68	37	79	64	22	4	38	88	97	23	82	75	15	19	47	7	43	7	4	92	73	40	90	52	53	47	56	55	100	48	62	35	47	83	55	1	100	37	69	84	40	18	62	22	27	20	86	17	47	97	2	81	69	59	47	27	56	54	57	48	8	83	
51	100	87	9	36	100	4	96	50	77	27	24	61	99	50	76	68	87	10	67	4	34	88	36	40	55	6	89	13	74	70	89	15	75	77	85	76	58	47	50	38	71	7	59	18	92	51	70	94	71	60	21	58	64	3	7	61	85	50	49	11	17	23	19	71	41	23	41	72	55	30	22	86	62	63	65	62	29	35	63	69	94	12	99	42	88	85	37	35	45	13	81	99	96	93	49	47	85	21	2	15	81	35	12	25	88	19	26	99	77	12	69	75	6	32	96	44	72	41	43	98	75	47	80	32	86	31	4	71	13	19	99	74	28	41	47	39	34	2	68	21	20	35	80	77	92	92	49	3	11	30	94	70	61	98	58	64	74	89	76	12	52	93	33	9	79	8	56	81	82	23	33	53	94	70	61	78	67	20	28	91	31	22	3	83	6	94	73	68	16	49	21	53	26	66	21	34	90	79	73	
29	64	77	21	27	10	90	87	63	68	44	82	21	49	57	98	23	83	53	11	2	18	94	91	84	84	6	42	65	55	2	73	57	69	30	84	69	22	58	3	86	46	87	5	37	24	30	7	96	70	66	28	96	6	85	86	85	9	50	87	50	39	51	35	36	25	2	42	76	59	13	94	9	3	10	58	7	50	74	48	22	72	80	70	95	6	82	30	25	44	51	50	9	63	45	57	50	8	63	11	31	3	12	98	18	48	10	17	30	81	26	36	22	41	62	42	96	34	21	55	90	43	28	50	54	68	42	57	71	34	42	11	87	22	19	82	84	68	15	2	76	83	98	35	41	30	76	34	15	42	15	22	78	47	80	33	48	4	52	39	92	60	64	50	68	43	70	68	80	27	3	91	65	31	59	47	93	15	62	19	51	4	21	64	65	90	89	11	25	85	81	83	31	86	40	52	90	13	79	43	
19	79	4	75	63	37	86	86	80	98	19	4	83	57	76	94	20	23	50	95	74	49	48	97	20	44	31	42	44	87	40	82	17	87	98	36	43	83	28	32	34	74	59	9	65	38	78	100	69	45	100	77	38	26	54	20	50	50	43	25	87	54	22	3	38	46	7	90	33	79	90	50	93	56	100	63	30	24	76	96	77	60	22	72	80	75	88	95	88	3	89	23	10	98	29	68	84	16	9	53	91	37	84	75	64	15	65	73	12	45	42	53	60	10	42	30	39	22	70	89	94	28	25	3	97	33	57	49	48	77	87	53	43	1	87	37	73	1	85	96	83	4	11	56	48	7	48	2	96	17	3	91	29	3	28	86	42	35	77	62	87	42	54	27	24	71	43	24	92	52	37	39	52	31	75	27	76	96	16	74	45	57	13	20	52	21	30	25	29	80	30	59	80	67	79	26	50	18	42	51	
3	1	56	94	72	82	27	96	77	4	36	45	7	77	26	39	78	91	91	40	62	61	16	86	33	2	7	10	93	26	60	81	53	58	47	45	82	94	6	38	71	60	88	16	24	86	74	45	79	72	15	95	25	50	46	76	49	87	25	97	32	48	68	27	68	39	78	68	59	43	18	8	8	23	68	4	57	34	38	69	52	72	6	73	77	59	60	9	87	80	31	10	53	47	47	13	14	57	30	30	20	88	99	24	19	7	49	81	58	76	100	96	37	74	87	55	1	34	12	22	8	31	81	65	5	26	22	78	62	97	81	69	63	21	18	99	65	39	82	51	93	16	91	53	65	36	47	50	32	69	57	70	60	82	75	77	15	52	69	5	23	42	86	29	60	94	83	85	97	100	96	76	88	20	44	41	92	9	91	99	18	69	24	81	22	19	24	91	57	78	78	55	39	68	80	22	85	28	56	87	
88	37	28	24	72	18	93	75	79	89	66	55	4	46	96	31	50	80	27	67	66	90	52	47	38	6	20	55	41	1	85	23	44	99	21	50	30	97	68	13	43	45	100	24	21	96	95	29	70	70	76	33	13	87	38	68	11	50	87	32	27	49	32	75	1	41	13	77	44	96	83	45	33	72	23	64	21	21	4	56	36	12	10	69	99	74	96	43	73	42	4	54	42	50	24	71	26	34	11	1	100	58	64	48	65	5	11	24	64	68	91	78	57	19	88	74	82	100	12	91	77	25	8	29	52	29	43	82	28	63	34	98	92	12	92	31	45	60	58	28	22	89	2	32	33	60	89	39	60	26	56	91	79	15	20	78	48	75	94	35	29	45	52	67	26	70	96	32	98	9	13	31	32	83	53	61	96	7	52	76	27	61	61	56	34	98	88	65	55	69	81	55	27	34	58	74	43	89	90	53	
94	96	68	91	14	31	29	62	30	99	2	1	87	100	34	48	28	97	98	63	97	88	80	67	8	38	20	51	35	36	78	16	87	68	74	57	25	94	68	77	44	79	73	7	26	45	20	44	88	27	85	94	74	74	11	12	17	39	54	48	49	29	84	99	20	69	26	60	33	51	10	18	5	45	49	50	55	94	95	95	8	68	13	54	55	38	1	18	2	88	71	5	71	37	93	15	12	21	1	98	83	72	12	21	40	3	43	60	37	21	12	60	63	27	76	12	90	33	40	27	32	90	2	13	3	100	10	94	60	13	89	43	82	9	32	56	86	28	66	1	5	73	75	62	3	58	22	93	38	19	13	58	35	95	1	34	91	50	69	63	77	94	37	57	41	14	44	77	52	72	35	82	17	5	76	19	44	34	39	2	61	22	12	89	64	51	17	28	43	79	66	70	89	100	84	95	41	84	2	41	
20	35	41	59	1	6	28	37	90	7	20	96	74	14	97	6	70	40	69	27	8	85	41	18	91	60	71	38	43	72	43	97	9	16	78	12	42	68	89	49	11	44	9	87	45	43	37	77	84	65	64	26	50	38	74	87	23	51	22	68	32	84	89	62	15	93	18	71	22	21	57	2	70	56	89	39	35	68	42	97	18	32	100	42	97	76	81	97	56	7	64	94	7	41	19	8	34	53	29	100	38	54	79	44	96	62	5	27	85	6	21	59	90	84	40	91	39	14	99	79	68	70	1	60	91	54	15	82	46	78	35	56	1	77	29	13	82	89	11	81	65	36	53	39	68	20	39	81	60	37	88	37	16	85	51	26	85	62	1	35	60	43	23	75	83	60	34	23	38	33	50	78	30	55	30	48	42	37	28	57	46	43	84	83	36	81	75	95	96	93	9	57	100	48	41	22	18	60	97	84	
70	13	78	91	14	28	54	16	93	55	55	70	22	6	22	33	11	25	40	11	64	28	27	51	18	6	69	100	44	14	19	88	1	67	100	91	20	28	93	5	70	75	33	59	21	94	74	11	56	67	76	86	27	76	77	18	19	35	3	27	75	99	62	20	8	70	2	40	12	50	78	82	45	94	96	10	38	19	84	88	84	13	70	19	97	72	82	48	55	28	43	66	68	25	49	85	15	44	31	94	8	84	66	84	100	5	59	47	38	63	91	93	91	56	72	30	5	56	48	85	70	58	50	26	82	62	29	80	19	63	16	31	43	33	12	26	92	19	70	24	72	88	93	68	41	39	70	48	6	90	31	6	47	20	65	78	42	47	95	20	32	46	36	80	60	53	31	45	58	50	46	14	8	46	60	99	49	32	51	16	57	15	99	53	26	89	49	22	28	66	45	10	49	55	25	81	83	53	45	86	
19	64	15	65	21	42	26	39	47	27	28	24	66	61	72	7	4	39	70	64	64	59	12	6	28	73	6	70	97	36	73	5	10	32	41	67	59	22	1	51	31	30	65	13	85	94	68	56	40	22	25	25	12	48	82	96	71	36	38	68	1	20	15	8	29	58	12	58	70	15	85	65	45	14	17	12	49	57	51	9	18	54	78	68	11	56	44	6	55	76	31	18	46	98	15	60	12	61	22	33	85	28	38	14	79	30	78	63	27	95	61	77	47	45	32	98	61	84	33	44	54	70	40	37	98	63	98	32	37	2	45	38	60	30	2	76	30	14	2	8	69	66	71	98	88	21	45	82	63	4	77	19	40	82	71	47	78	11	46	67	82	76	64	53	99	24	91	11	2	20	63	43	2	91	5	50	24	33	53	11	81	39	79	25	3	6	76	29	88	20	49	28	41	45	91	30	97	4	58	36	
83	91	98	32	47	58	7	70	66	52	49	70	13	45	23	70	71	71	98	51	59	25	68	15	53	28	10	67	18	94	42	57	70	61	63	30	78	43	3	96	10	27	80	57	82	54	11	90	67	53	63	48	82	44	58	13	41	25	46	39	41	69	93	70	58	78	54	75	70	58	91	9	48	4	2	94	20	72	52	69	27	47	90	56	94	10	89	14	86	75	49	87	45	25	64	35	8	86	92	71	14	100	11	28	5	8	27	54	58	89	21	64	47	20	68	92	18	39	32	55	81	41	14	44	41	4	22	46	73	51	6	20	94	29	25	8	67	83	81	9	23	95	72	91	27	3	12	64	53	25	96	11	61	74	89	43	57	68	72	86	84	51	83	42	5	79	52	76	54	24	99	70	10	1	23	80	62	94	29	84	59	60	10	89	52	12	16	57	66	20	22	11	56	29	71	54	27	38	66	38	
90	33	33	19	64	66	99	42	68	52	100	54	92	72	54	58	1	17	99	48	57	76	68	96	59	54	57	97	39	9	98	91	8	36	57	91	22	46	63	34	19	63	84	17	61	25	63	52	99	96	9	48	5	43	75	57	23	2	7	78	13	26	18	2	12	54	48	66	11	81	16	100	63	52	47	32	41	91	23	97	80	96	51	64	99	23	70	56	2	96	78	58	57	41	35	61	75	84	97	9	94	91	21	80	45	73	19	49	40	93	40	63	59	75	29	54	36	59	19	46	90	78	9	29	19	89	61	12	11	59	48	40	44	42	53	66	77	77	57	90	54	69	33	33	6	38	22	11	59	6	64	34	88	23	5	65	52	8	34	30	58	69	85	68	96	99	75	49	74	62	49	12	39	55	100	90	25	19	17	53	92	21	67	77	65	57	95	78	76	20	88	7	52	100	93	94	26	28	39	63	
85	58	92	66	13	39	53	10	87	51	38	65	34	9	97	28	67	93	85	44	72	57	96	51	21	93	43	32	70	63	79	74	60	27	72	4	51	55	60	13	93	85	85	32	97	49	97	1	79	10	21	53	86	29	53	100	41	42	90	68	77	60	71	40	58	75	66	73	25	97	51	54	71	50	73	98	56	12	65	75	3	97	11	45	64	49	62	38	3	32	22	47	13	83	3	66	13	15	1	3	80	82	79	10	99	3	76	62	39	15	60	82	66	78	7	94	90	77	8	26	97	19	6	37	69	26	77	12	70	56	73	36	35	81	12	57	17	68	88	27	97	54	67	29	85	41	59	19	13	65	57	54	15	32	11	68	16	94	36	12	1	19	85	16	47	91	93	71	5	99	94	43	36	83	9	99	29	50	66	51	39	63	50	48	44	19	84	84	25	37	72	78	97	67	23	16	33	8	60	37	
66	9	10	61	90	24	56	89	63	15	75	59	66	25	76	28	68	72	100	55	29	24	10	15	52	5	5	52	91	3	9	67	12	43	14	44	62	48	38	92	77	27	67	7	8	94	31	64	47	75	12	85	66	64	81	55	72	76	33	59	44	33	22	12	70	70	11	25	79	26	88	14	57	34	11	96	75	49	20	27	22	91	58	85	85	79	36	45	16	55	31	54	22	56	24	47	95	60	11	99	27	95	30	87	5	26	38	71	97	43	49	35	83	29	30	58	41	71	6	53	42	7	95	29	26	78	32	30	78	19	20	90	71	1	85	49	72	63	83	77	93	79	63	95	19	79	40	44	96	69	85	58	36	34	100	97	29	51	36	58	58	67	94	6	85	36	24	33	18	34	80	66	94	18	49	38	67	73	45	24	70	64	100	97	90	21	47	6	89	39	70	17	71	44	56	8	3	66	48	49	
26	83	49	29	79	42	46	59	50	50	55	68	22	2	49	87	15	38	2	71	26	37	49	8	32	97	24	85	36	40	86	65	48	38	40	18	36	53	16	97	74	93	81	37	84	76	84	93	30	32	12	21	69	39	65	97	55	59	79	43	96	51	21	50	15	58	81	97	26	22	79	57	81	66	60	27	20	32	90	46	15	73	60	29	87	32	56	74	5	58	80	10	72	23	62	10	89	95	45	90	43	20	81	83	58	52	33	58	43	60	95	16	62	83	5	13	5	73	70	22	8	14	39	15	14	68	21	88	14	7	6	97	62	44	66	31	95	23	2	72	62	63	29	78	48	98	41	35	69	21	5	60	96	44	39	77	22	31	52	47	72	15	14	56	79	64	91	10	91	59	28	6	22	76	61	14	92	30	27	86	5	78	85	76	11	77	24	65	99	27	99	30	10	43	14	17	54	55	3	9	
50	49	41	36	58	89	71	49	27	69	28	50	37	86	48	55	60	59	83	82	31	99	56	83	12	89	76	87	2	32	79	67	71	72	72	17	30	41	85	63	94	78	54	36	97	56	7	23	3	18	17	15	92	59	23	99	30	13	90	18	83	10	57	78	85	91	16	51	88	79	24	17	71	89	17	73	76	79	19	53	45	90	37	80	82	41	82	76	29	71	55	65	13	45	25	40	30	73	49	17	19	9	71	45	23	1	100	19	73	100	74	88	4	86	5	49	29	2	29	86	31	85	74	26	42	85	70	99	99	1	99	91	36	72	33	82	28	70	91	3	83	49	27	75	41	17	36	70	47	60	64	87	23	74	8	44	29	92	15	1	70	45	80	65	83	93	80	31	52	8	17	15	30	68	86	63	49	19	4	82	21	89	45	8	44	1	57	10	90	46	39	24	68	31	21	7	63	3	98	42	
10	54	37	14	29	56	98	18	11	55	70	26	50	67	15	63	83	12	98	6	15	100	96	19	2	12	64	62	47	12	39	98	31	3	48	72	80	5	87	84	9	67	64	21	70	86	38	77	34	18	58	76	56	4	40	11	22	94	50	8	45	18	2	82	65	9	100	54	14	57	17	29	12	45	58	37	94	4	88	16	90	83	5	65	90	19	41	40	9	43	31	88	5	58	69	25	7	24	62	55	89	38	30	34	11	58	77	65	91	82	34	90	56	26	82	17	34	61	47	66	59	38	52	39	91	31	87	54	52	1	62	74	17	12	36	34	11	76	44	65	71	42	40	77	53	11	34	100	28	7	30	63	56	79	40	99	58	61	6	43	6	25	97	76	100	12	67	61	52	5	62	63	42	77	39	71	42	23	13	31	39	16	12	95	41	18	61	42	27	33	80	88	86	49	29	27	35	39	94	60	
2	43	35	51	28	53	36	44	31	19	86	64	31	92	64	54	65	31	69	53	76	1	47	42	39	69	88	17	98	63	32	92	22	72	38	79	63	38	88	6	62	22	97	39	11	38	38	59	8	49	20	70	89	96	70	53	86	9	93	8	33	5	70	45	45	48	63	71	57	81	71	12	45	11	24	2	27	84	25	37	15	6	45	92	57	89	21	41	38	2	17	74	42	2	15	100	28	14	30	96	8	18	92	91	32	31	26	87	64	72	72	35	12	10	47	79	99	14	65	62	37	37	86	48	50	51	16	61	97	60	66	47	95	94	24	27	96	16	51	44	45	18	5	93	73	8	39	66	93	53	30	88	46	76	25	6	21	8	76	82	63	42	37	33	87	29	3	43	53	87	22	44	74	57	96	70	81	83	95	45	79	25	51	88	31	46	55	88	17	19	13	49	5	97	64	16	67	66	98	91	
91	11	93	61	76	55	42	70	85	5	64	87	36	6	98	87	31	37	16	3	35	49	70	4	97	57	40	77	81	6	84	63	83	5	83	41	77	71	56	60	51	51	42	91	44	67	56	19	89	27	9	11	68	2	67	90	62	3	56	23	72	45	56	94	14	4	52	50	34	66	89	45	11	72	81	65	59	39	58	5	6	42	38	93	50	49	94	32	9	72	59	47	17	62	9	34	94	55	15	29	3	7	1	68	25	21	69	68	51	72	25	89	79	100	95	6	29	11	5	27	37	32	79	42	1	42	49	74	52	15	83	82	52	76	51	92	73	91	63	82	46	98	24	85	86	97	11	72	14	79	59	56	94	91	89	87	72	2	70	2	68	54	62	22	42	77	50	18	40	94	18	78	56	8	53	5	23	2	14	15	33	20	72	93	83	100	58	61	55	94	70	56	89	69	90	50	62	56	85	91	
2	40	47	6	2	27	3	95	96	44	82	29	22	23	11	51	27	82	20	92	85	85	27	66	87	89	74	53	61	45	14	3	29	85	84	63	99	76	59	66	1	65	87	97	60	88	2	83	39	18	77	22	46	81	46	22	63	10	100	68	23	49	89	96	17	2	47	73	11	60	17	58	24	81	20	74	94	50	15	100	26	31	25	98	59	17	79	21	20	78	66	48	48	35	83	70	88	81	53	24	92	60	18	92	87	11	90	100	2	38	25	91	40	5	19	86	24	100	74	97	16	100	74	55	66	48	100	63	63	65	31	66	9	33	64	26	53	54	52	16	55	32	23	13	87	41	33	66	68	76	57	45	100	52	61	64	67	54	98	4	50	94	100	81	7	4	23	35	70	63	74	33	21	17	71	50	24	90	72	2	35	14	95	39	55	74	85	85	17	76	95	67	88	3	62	96	8	67	22	3	
86	69	26	72	76	2	8	29	33	93	50	14	98	27	18	59	100	57	41	52	93	90	93	79	83	6	58	95	74	77	33	60	54	21	50	1	14	35	26	100	60	87	65	40	77	29	85	53	46	23	89	50	39	13	49	49	65	58	63	4	64	50	39	10	12	94	32	98	96	27	73	37	2	65	74	67	37	11	17	69	92	2	27	66	7	22	82	91	53	4	69	54	58	1	67	3	71	41	11	45	28	76	96	9	95	69	43	80	63	61	19	29	3	51	5	90	14	100	64	66	9	73	100	100	83	86	91	8	84	81	33	1	17	69	14	51	78	94	43	5	32	90	67	27	31	78	97	2	16	93	50	10	39	30	94	100	79	19	75	57	75	96	31	74	37	76	59	66	83	5	41	30	41	59	44	27	70	43	4	4	90	50	48	51	2	24	90	10	25	62	14	80	8	2	32	10	74	37	69	48	
86	97	37	26	67	88	61	99	11	22	19	20	42	45	14	18	17	24	45	93	11	74	91	53	42	3	95	99	98	12	91	94	5	35	16	61	33	85	75	95	66	86	83	13	24	93	12	16	5	19	13	66	29	93	6	89	62	7	30	57	21	55	35	38	49	20	41	56	75	20	76	94	27	59	94	37	70	73	77	38	82	99	4	90	61	77	80	81	2	2	71	66	51	29	12	10	60	27	26	65	94	84	65	40	89	7	11	82	97	64	26	95	90	5	80	96	31	95	42	21	24	15	14	56	30	27	47	36	61	5	46	9	45	79	43	59	20	84	62	52	2	96	6	65	26	59	29	23	10	90	77	46	44	92	53	32	83	45	21	47	69	32	57	54	40	47	81	16	2	58	38	23	72	48	63	24	61	56	57	59	87	74	88	5	19	36	54	36	11	23	79	67	11	75	46	72	78	92	56	76	
14	14	42	66	89	77	50	71	71	42	54	22	99	52	65	52	10	19	13	90	85	96	39	35	33	26	57	29	42	41	99	27	92	95	94	96	27	90	66	67	24	49	71	42	44	63	45	36	1	89	68	28	75	27	81	75	29	50	24	34	21	94	68	19	57	72	91	12	49	32	79	4	84	39	50	11	73	3	35	64	58	52	38	48	14	7	89	5	23	2	24	22	83	55	97	94	21	21	58	26	29	7	1	94	61	16	51	44	28	54	50	52	57	100	33	24	21	83	29	13	37	44	25	60	66	40	98	75	17	78	13	40	6	63	64	11	93	9	94	81	35	27	52	80	49	58	87	63	7	66	95	32	66	8	75	96	10	83	47	9	76	99	93	56	51	93	1	44	18	24	57	73	77	48	47	19	91	61	74	99	5	28	9	48	65	61	54	38	57	84	31	36	91	94	52	57	44	86	30	83	
74	36	78	5	4	97	84	15	79	100	14	65	52	2	75	81	9	37	18	57	14	52	85	71	18	10	40	90	56	37	27	66	36	97	36	68	27	74	96	38	11	94	34	34	64	86	83	1	82	77	26	56	70	8	53	7	35	74	76	38	4	95	42	84	51	52	23	65	20	90	19	88	25	58	15	17	77	35	93	34	16	50	44	69	13	37	64	14	12	28	57	25	48	84	41	64	64	99	73	70	34	95	31	58	31	19	84	9	24	31	82	5	7	79	95	39	15	65	3	81	44	60	55	93	15	99	49	21	76	77	68	68	53	52	64	71	98	11	91	18	29	21	4	75	67	55	96	83	48	100	1	19	21	52	44	27	100	2	20	77	48	49	42	18	38	67	6	52	67	13	91	11	75	28	41	45	2	35	72	34	90	27	41	35	27	8	71	45	70	76	18	92	48	33	41	53	67	83	28	62	
99	63	27	35	61	15	51	81	28	20	72	56	14	11	38	47	20	84	47	22	85	5	67	64	16	100	39	9	75	69	8	43	16	74	83	11	49	46	57	43	54	97	68	56	54	23	3	64	56	22	97	31	74	74	25	32	63	48	96	69	56	95	97	88	9	69	97	75	27	46	53	16	37	5	100	69	38	64	34	97	70	96	37	66	26	72	78	94	40	16	99	92	66	23	87	9	45	99	69	7	6	12	87	21	4	21	89	97	48	95	16	29	66	4	50	10	95	97	80	46	77	15	74	68	50	31	41	25	86	55	17	5	73	19	4	4	6	79	41	71	9	43	100	66	42	8	83	26	73	65	84	88	83	21	76	71	65	54	62	85	7	44	91	22	67	88	47	46	11	44	23	23	74	64	45	90	73	57	73	50	22	87	50	47	11	82	97	79	49	60	31	46	7	82	77	56	74	77	47	22	
81	23	78	74	77	38	16	47	80	74	55	75	71	16	98	48	86	63	59	8	18	79	55	61	38	43	54	87	91	41	19	68	22	63	74	3	77	69	54	73	25	59	27	50	78	76	7	81	7	24	25	71	74	49	31	1	69	22	77	52	36	8	18	84	18	27	80	3	22	15	45	90	15	6	26	92	82	58	16	70	31	63	19	95	68	82	29	68	30	56	76	37	18	2	22	76	5	42	46	31	85	73	99	27	69	5	35	20	37	53	79	83	39	62	79	75	34	36	99	73	95	91	41	79	91	21	84	39	18	71	69	65	53	57	80	15	9	59	90	37	88	21	86	25	64	48	79	66	11	67	93	11	69	99	84	89	42	23	22	13	3	6	46	25	8	71	30	66	31	67	21	50	98	37	76	76	84	61	35	37	58	45	65	90	16	12	7	36	29	72	28	23	91	78	82	48	60	76	80	100	
47	37	66	88	55	45	11	2	24	40	22	97	54	66	62	92	26	3	71	96	50	62	74	17	44	68	71	68	24	37	98	34	26	76	83	28	80	24	53	93	10	15	57	6	97	25	45	69	6	35	23	23	91	93	20	58	94	72	60	72	12	68	32	13	54	47	96	97	91	73	90	83	6	42	31	2	99	52	50	96	63	92	37	82	46	57	14	64	66	7	33	93	78	57	82	75	82	49	5	9	98	37	30	95	89	72	64	42	33	81	95	22	70	2	5	72	94	90	90	23	37	76	43	42	72	98	66	91	20	6	39	49	41	53	15	16	70	92	78	16	50	2	74	84	30	6	79	2	73	26	51	72	59	51	16	72	24	79	6	88	41	30	7	76	21	17	46	90	81	90	37	94	98	76	16	92	66	85	54	85	1	30	94	40	10	40	70	63	90	100	77	83	58	93	99	2	49	3	98	45	
33	20	93	50	69	52	72	4	59	22	42	43	35	4	47	95	97	80	15	94	73	60	71	95	96	15	1	67	27	23	2	18	38	83	23	70	24	63	99	36	53	1	59	2	33	69	72	81	52	74	33	6	5	55	97	43	12	80	22	6	10	13	100	70	78	90	51	11	58	60	37	5	45	38	25	27	4	38	44	37	19	37	47	69	12	36	38	31	86	76	8	16	98	64	29	36	60	24	68	87	12	14	92	2	28	93	43	56	47	86	43	10	35	84	52	90	25	35	40	44	16	60	80	2	19	50	34	84	56	40	93	17	56	91	42	81	84	86	100	8	72	27	14	54	74	64	85	53	3	31	70	57	28	11	96	97	80	4	52	57	59	44	44	37	33	78	6	30	91	42	78	11	36	6	9	89	55	73	48	77	57	39	16	12	88	24	67	76	51	25	73	97	39	51	100	81	84	44	59	82	
57	93	5	36	38	56	42	84	43	52	100	97	38	18	55	75	52	60	72	65	74	24	95	68	91	35	61	22	66	80	92	93	13	67	55	74	35	34	36	79	96	52	94	7	4	3	3	80	77	87	64	24	99	86	52	6	99	70	72	73	69	54	42	19	68	56	64	45	85	29	80	65	92	93	98	66	90	48	69	66	95	82	69	30	98	50	59	99	67	73	17	26	88	30	79	94	57	39	76	26	51	75	15	56	65	65	39	6	12	76	92	46	97	76	96	40	50	44	18	71	8	72	51	93	19	1	43	11	24	80	80	84	95	53	50	99	42	67	90	91	84	49	47	12	27	59	90	8	20	47	27	5	8	73	85	75	46	91	94	23	79	51	65	22	80	48	20	91	12	25	21	67	39	83	62	45	10	47	20	55	58	8	19	1	13	85	7	12	8	42	73	20	52	96	27	10	9	5	97	16	
52	19	25	100	21	42	100	85	8	70	83	15	37	17	27	72	45	73	3	8	47	83	12	57	15	33	100	2	34	70	11	73	21	73	64	4	42	51	60	55	59	48	65	96	3	18	51	99	96	31	48	70	11	37	22	98	42	95	80	77	99	55	97	97	11	94	99	64	85	87	82	90	57	50	59	7	61	14	13	26	68	46	12	98	84	35	7	49	81	65	94	17	8	72	53	68	56	39	28	98	83	2	19	53	72	6	21	92	50	63	33	50	94	64	25	91	71	74	15	5	71	2	12	2	48	83	74	59	41	31	8	46	43	57	100	95	31	42	1	11	74	71	11	3	31	3	16	84	67	88	18	37	74	60	50	58	46	42	1	54	26	12	1	45	42	51	6	63	58	11	4	66	50	23	34	61	56	29	73	77	5	41	65	17	92	100	1	92	25	61	39	95	26	100	85	29	56	36	52	69	
51	2	37	14	80	39	100	16	43	84	59	46	12	48	56	100	88	1	14	31	67	4	54	2	56	67	93	24	5	10	38	84	5	80	57	65	7	36	39	46	100	73	86	30	10	10	29	92	41	46	53	87	33	31	53	41	88	6	75	59	74	38	76	72	56	10	23	49	79	32	41	19	89	49	17	22	77	7	37	72	82	57	36	50	35	54	93	48	97	90	6	40	27	70	94	93	65	65	40	77	98	99	90	94	80	4	66	44	65	63	40	86	12	71	55	28	58	77	10	98	14	41	85	1	19	23	37	65	72	92	95	49	94	51	66	28	28	74	56	75	37	1	48	1	39	34	100	34	31	17	45	12	77	60	45	65	99	86	3	90	50	25	40	60	1	73	88	99	66	45	73	92	65	99	74	51	67	56	99	32	57	35	86	92	75	59	46	14	35	9	56	70	6	93	13	69	53	29	84	81	
5	80	91	39	55	3	80	82	47	85	22	48	10	8	70	52	30	71	93	88	34	23	2	60	32	16	75	93	74	65	16	72	45	76	56	55	67	57	92	4	89	66	21	92	11	31	59	60	86	33	84	6	12	19	48	51	85	82	88	60	96	1	81	82	44	89	70	62	36	56	82	41	21	94	79	82	80	89	64	78	29	14	38	59	7	93	1	11	62	19	90	27	74	18	35	62	91	92	83	18	89	60	73	36	77	9	99	20	83	21	31	59	33	18	16	77	11	63	93	13	61	69	64	92	19	43	56	15	96	49	36	24	99	42	91	31	72	21	32	35	29	21	78	49	73	92	66	94	91	3	81	53	36	93	41	56	95	27	14	83	97	80	32	4	30	74	37	51	6	35	30	60	60	29	66	20	50	7	47	35	69	76	88	89	89	29	49	60	73	83	86	70	47	78	9	29	28	16	56	58	
57	40	80	76	93	37	85	77	76	15	12	25	92	60	41	8	100	75	41	67	59	33	91	32	18	10	67	66	35	1	84	37	93	89	95	9	42	54	62	61	2	71	78	30	39	40	14	25	11	47	85	55	45	90	26	46	37	30	95	9	43	18	97	48	6	14	56	38	45	74	76	40	41	32	21	91	81	5	14	94	68	64	31	99	49	48	11	17	64	85	5	52	26	20	13	70	19	91	17	99	29	24	55	50	95	34	90	23	69	6	26	74	9	8	67	69	55	69	90	75	23	69	72	30	8	75	17	34	64	65	91	35	42	44	53	13	93	82	28	90	90	52	43	26	7	84	25	26	28	63	72	10	57	37	84	99	98	5	79	84	1	40	59	73	28	24	61	21	64	51	71	1	37	42	37	61	70	70	55	12	44	69	42	36	54	98	99	38	98	31	72	93	8	74	72	94	68	16	75	22	
24	5	20	43	65	82	6	2	100	16	49	31	67	39	10	40	51	27	36	65	75	77	78	44	80	17	61	92	75	73	13	46	15	61	26	46	33	18	69	95	34	26	86	32	64	71	11	51	50	22	58	11	49	67	59	78	35	25	88	87	73	2	56	55	55	86	2	3	16	5	29	9	38	9	20	53	2	23	12	40	30	66	86	67	81	97	62	64	31	54	81	88	79	89	37	100	61	85	27	42	16	44	47	31	73	85	14	90	7	68	32	74	79	58	93	1	17	22	35	87	84	39	67	70	48	24	82	98	82	41	21	51	18	72	19	10	82	11	100	77	23	49	100	20	64	4	53	6	76	29	90	21	43	30	54	20	99	17	96	63	26	53	46	38	98	85	2	73	17	99	48	15	19	28	57	37	87	27	9	46	2	40	14	72	54	32	59	42	66	80	53	17	99	23	66	10	5	5	7	46	
50	26	53	22	34	37	78	5	78	86	70	90	1	76	40	84	8	21	87	55	39	87	23	43	24	27	49	81	83	77	9	38	16	17	63	48	39	32	20	53	35	54	64	40	66	78	25	54	56	92	20	17	72	89	68	23	45	44	3	80	42	88	7	28	76	75	96	32	55	58	71	43	2	72	78	4	2	2	28	16	56	7	76	73	65	90	19	85	54	84	56	61	63	82	88	2	80	62	55	35	48	42	4	97	83	68	80	55	7	3	36	77	37	92	60	94	90	48	47	13	4	53	25	97	30	7	64	49	10	69	81	3	59	21	61	36	58	34	9	33	44	88	98	83	52	88	48	54	37	37	69	81	33	76	56	4	11	49	67	29	67	93	40	91	75	7	34	76	93	52	69	99	56	41	1	85	97	61	11	45	65	22	18	55	31	26	6	80	59	93	47	43	1	38	88	95	42	64	71	32	
43	94	34	25	60	98	93	71	33	18	42	91	46	34	75	49	35	72	21	64	46	55	89	27	39	1	10	1	36	12	56	85	95	43	81	6	18	41	55	34	49	56	53	18	63	47	58	75	20	85	44	14	3	78	55	1	13	51	89	31	4	71	64	43	31	49	78	22	31	80	55	31	17	59	66	69	71	24	57	99	76	33	8	17	94	6	90	5	81	56	95	54	7	32	22	74	43	29	34	81	64	47	33	9	61	84	98	33	6	27	88	7	30	31	45	78	32	70	54	37	75	81	34	64	79	51	49	47	25	58	39	4	71	23	27	23	45	49	45	12	62	89	61	37	7	57	48	46	55	71	79	24	28	11	21	92	10	86	43	60	52	8	82	57	47	64	22	46	7	27	71	43	85	88	16	7	42	76	65	36	9	13	16	98	42	62	42	8	24	1	94	57	90	8	76	67	87	50	84	53	
63	9	42	65	37	66	73	98	92	67	96	34	35	96	22	76	93	8	38	19	60	29	69	68	75	39	14	25	23	91	83	54	90	71	38	30	95	76	65	43	97	16	100	35	67	4	75	53	22	28	10	46	15	98	72	47	81	50	23	10	54	5	94	66	18	87	58	47	54	10	65	88	74	47	48	54	66	22	25	92	37	93	16	26	17	40	27	52	88	61	54	11	96	84	59	94	72	33	35	90	6	17	30	5	91	89	70	15	6	85	88	25	4	64	87	24	49	16	95	31	44	77	67	43	72	21	98	58	23	66	14	86	11	12	42	1	70	62	62	38	84	5	27	75	62	92	37	99	12	65	19	18	14	46	4	79	32	43	24	12	81	41	37	50	37	18	29	98	65	78	92	50	5	38	17	19	50	88	62	76	44	73	58	74	40	98	52	15	71	92	86	99	50	87	64	29	91	37	64	97	
8	58	53	37	8	2	4	82	16	40	79	85	49	97	32	99	4	75	24	66	80	22	24	6	73	78	20	35	39	21	26	32	79	6	69	82	77	28	5	7	55	27	10	9	47	96	46	66	92	45	56	70	35	9	14	92	99	9	10	53	42	71	7	68	46	45	57	13	22	72	13	5	42	17	48	58	51	83	48	66	18	78	98	88	8	27	74	26	79	63	7	96	48	15	84	27	6	58	88	84	66	80	56	44	85	8	47	4	11	6	55	20	7	23	20	88	1	35	56	8	54	36	81	7	50	84	70	88	32	43	65	90	25	35	4	87	64	32	88	60	93	80	20	71	32	17	15	99	89	83	68	18	84	48	85	41	69	72	69	21	56	77	19	98	2	18	32	88	5	59	5	87	60	44	77	86	76	54	53	78	98	45	14	95	46	13	28	40	2	100	68	68	33	34	88	3	85	96	32	9	
86	30	41	17	28	47	50	69	16	5	38	64	68	73	93	62	51	83	100	77	68	66	58	9	58	51	94	82	61	96	82	27	77	62	13	4	8	61	42	35	24	99	69	60	14	50	89	91	12	80	8	81	47	37	97	10	96	63	98	47	50	37	41	25	98	25	41	83	56	23	45	58	2	62	35	1	29	55	84	23	2	57	64	30	72	70	18	20	89	82	32	84	15	73	34	18	46	95	13	48	23	10	37	1	11	63	96	79	52	62	43	79	51	5	54	100	66	61	27	17	19	24	20	95	89	72	10	22	36	86	23	68	69	67	87	6	75	2	59	81	62	56	4	28	76	58	88	63	24	35	17	83	42	6	1	59	13	22	47	5	10	75	71	82	10	23	58	1	75	72	57	60	19	42	5	98	42	19	74	25	75	85	5	51	77	30	47	3	4	12	5	28	61	80	87	35	55	55	100	27	
94	23	82	5	19	7	70	78	57	39	30	79	68	8	49	38	4	22	68	15	2	96	99	85	75	39	26	55	23	99	9	90	81	12	20	32	98	30	54	59	17	13	53	44	5	52	38	98	76	48	68	84	30	23	26	64	93	45	29	47	24	93	19	49	15	64	35	3	24	62	25	69	15	9	83	67	12	97	41	87	22	82	29	79	53	94	35	13	37	88	22	59	84	34	48	86	17	75	43	18	83	93	43	62	84	32	7	6	40	94	28	2	41	2	7	69	12	19	95	21	76	27	43	93	66	85	99	68	61	10	65	17	91	63	35	71	28	91	38	32	38	56	48	74	13	43	54	40	44	100	72	20	87	39	85	12	82	62	13	41	41	82	16	61	70	55	46	52	28	53	33	89	29	57	30	35	42	54	18	81	33	92	56	66	82	93	16	96	19	72	20	4	39	23	86	54	97	73	12	61	
80	93	80	16	57	85	8	46	97	77	86	59	76	7	37	95	80	60	63	1	86	94	39	19	32	35	18	14	74	50	15	13	50	71	59	51	49	54	8	97	6	46	88	49	67	93	42	96	46	99	73	78	88	98	61	61	49	57	68	13	71	15	8	85	60	35	61	66	47	10	40	25	100	34	70	3	10	94	64	9	76	75	36	94	68	93	62	70	100	2	74	94	27	18	86	43	95	45	2	44	95	4	59	79	63	14	77	54	39	91	5	12	26	74	45	12	80	44	58	77	75	6	16	40	3	22	97	88	25	91	82	98	1	35	98	18	20	63	28	23	27	21	96	21	95	41	29	46	60	21	38	41	2	20	80	36	73	81	50	75	2	14	17	3	34	29	75	43	46	96	73	1	100	35	1	81	30	35	29	21	42	50	22	42	53	78	75	98	91	20	85	47	62	86	41	4	3	58	81	46	
51	3	84	75	65	18	11	98	13	86	2	47	53	13	78	71	25	29	4	80	80	53	70	57	81	29	63	43	91	64	64	45	38	57	31	21	83	34	68	95	76	66	90	51	31	77	8	68	18	92	56	17	11	64	81	19	47	50	84	14	26	12	34	15	12	8	75	13	95	89	30	7	28	94	88	71	60	21	64	45	5	82	60	57	56	65	91	19	61	80	43	72	6	46	17	95	56	98	78	31	24	58	31	9	8	17	85	86	43	76	23	7	41	33	29	88	32	69	33	90	39	30	64	53	25	82	16	14	33	62	63	77	94	67	55	3	24	54	61	54	90	84	61	13	97	41	68	6	61	11	36	62	42	48	5	95	11	97	36	50	11	55	42	93	86	41	24	86	42	8	99	88	83	4	82	93	26	80	52	10	24	26	79	22	82	21	58	74	8	39	80	35	62	37	97	80	75	46	28	58	
83	90	27	37	59	4	28	30	16	68	89	4	65	79	81	59	66	52	47	18	72	21	69	62	60	82	83	64	51	91	48	40	48	92	39	66	56	39	48	7	51	38	95	57	62	89	82	23	67	100	26	98	54	16	86	16	85	8	16	57	34	21	53	44	61	86	84	15	60	95	73	24	14	55	81	41	27	21	99	99	42	49	24	39	39	65	92	91	85	62	29	33	58	95	75	45	98	24	44	43	14	86	75	94	56	8	24	33	43	3	65	20	25	63	14	64	27	18	35	60	13	50	33	5	11	12	82	69	6	9	30	38	3	7	92	31	1	58	70	73	75	15	55	97	99	50	65	32	84	90	9	20	5	42	12	26	52	40	71	52	19	38	30	70	53	98	51	38	4	53	13	76	64	93	36	67	82	60	14	71	26	26	68	50	9	62	76	92	100	76	67	32	71	6	38	21	65	77	53	98	
57	18	52	76	84	65	3	56	4	53	6	13	13	73	55	60	12	26	2	55	72	56	85	44	24	54	91	9	70	19	80	39	58	45	48	93	58	24	36	29	18	100	80	85	24	42	32	77	28	54	75	96	93	61	95	26	21	63	9	30	11	1	29	31	22	92	97	1	11	45	49	62	30	15	53	11	26	58	73	69	46	5	68	76	28	40	83	17	27	55	34	35	88	13	43	2	78	44	15	10	21	79	37	33	22	3	57	14	64	64	24	4	92	33	84	50	53	93	59	40	20	64	16	77	55	51	14	78	77	59	46	97	16	13	94	25	30	45	24	95	71	30	9	64	74	92	78	12	77	91	99	24	23	3	30	85	25	20	77	97	72	41	99	78	14	5	58	12	59	79	96	25	44	86	40	17	96	36	99	29	77	79	73	28	66	82	39	54	49	81	94	10	13	29	84	79	8	21	64	35	
57	67	11	7	100	87	69	2	8	4	35	70	83	65	53	23	28	67	71	26	43	3	47	79	66	47	47	65	53	87	19	43	57	50	60	55	97	81	67	93	19	21	98	63	4	16	53	28	81	66	38	55	93	35	5	89	2	11	53	30	1	98	100	94	33	71	9	3	99	90	17	55	96	29	24	45	65	26	70	7	31	9	87	26	98	77	18	99	42	35	81	90	84	48	18	44	31	43	10	25	63	16	8	63	4	50	59	73	84	37	18	78	73	56	36	6	45	64	67	97	10	23	50	74	59	38	34	85	60	59	41	48	10	83	82	5	61	65	45	43	57	28	86	25	4	57	88	83	35	45	9	5	73	58	71	63	74	22	57	90	28	89	71	23	23	44	42	36	93	72	51	28	95	50	27	59	74	18	73	79	26	85	66	18	75	87	65	96	44	39	24	65	2	72	13	99	85	36	44	82	
37	40	5	58	57	6	49	10	94	47	30	84	65	66	89	22	67	39	32	24	65	28	39	18	87	39	22	10	83	65	71	97	76	16	47	27	94	36	49	44	1	25	48	23	97	96	57	59	35	77	71	95	86	65	89	59	15	31	91	20	100	83	38	8	85	14	94	80	27	43	19	89	8	3	92	28	94	29	34	6	85	98	12	51	83	98	89	29	16	48	64	6	66	23	83	95	24	14	21	63	15	91	37	34	81	75	24	13	47	23	39	29	57	59	83	91	56	9	3	40	68	91	92	37	75	40	92	6	12	81	1	100	29	94	16	71	73	99	86	26	5	17	53	58	84	32	84	97	52	53	49	50	88	3	73	66	100	40	78	61	92	55	46	15	44	76	95	71	18	44	72	4	68	83	92	70	34	4	1	78	83	24	90	51	11	27	44	55	74	83	49	58	13	76	76	96	53	47	30	4	
71	64	83	18	59	97	8	37	2	53	98	90	64	28	21	18	72	44	28	64	31	74	25	3	91	48	1	13	96	96	24	93	61	28	41	98	40	39	59	6	76	84	77	44	5	58	88	34	99	25	33	6	50	65	8	24	81	3	37	88	58	72	54	84	28	100	91	82	95	20	9	38	18	7	60	76	84	7	95	12	73	37	14	75	2	99	60	24	44	42	47	17	80	10	93	4	58	86	79	16	91	5	83	90	98	81	88	44	8	2	25	23	15	98	79	58	46	33	86	89	3	26	25	63	60	27	49	15	18	74	39	26	22	7	20	29	79	32	38	12	27	79	55	95	77	94	4	22	19	19	80	2	78	76	43	93	91	36	19	88	22	58	3	39	38	67	60	97	98	46	32	37	49	12	66	25	93	84	99	33	47	69	51	9	72	5	38	82	22	19	53	77	35	66	31	48	95	100	20	84	
6	18	72	34	69	20	91	38	36	47	78	82	58	55	49	7	48	94	7	58	7	97	78	62	18	37	89	79	39	50	69	90	88	19	23	53	10	12	4	5	79	96	95	93	82	96	68	22	73	67	95	30	13	73	33	79	35	12	84	99	64	12	79	66	38	11	21	79	30	81	71	30	92	1	18	96	65	1	31	87	99	30	92	15	19	90	73	55	47	4	33	30	56	37	43	59	31	75	37	8	37	83	70	95	48	76	22	6	84	67	1	41	74	31	54	55	21	59	72	90	34	43	61	63	71	54	18	12	27	56	27	47	99	39	88	64	62	38	1	93	53	26	88	60	5	56	45	84	50	24	10	92	83	22	46	43	50	61	31	74	5	9	90	89	49	78	84	34	26	63	54	88	68	40	26	24	18	84	16	99	95	69	68	15	43	93	95	57	95	91	22	93	86	80	30	72	4	84	8	19	
36	31	25	38	75	66	17	55	80	12	88	58	33	17	53	58	10	95	80	91	72	64	58	12	96	74	64	34	27	81	80	25	82	10	85	4	34	95	76	94	69	25	97	38	47	8	25	99	59	92	58	14	30	44	2	54	12	98	75	24	48	21	44	84	14	28	80	10	87	83	45	34	91	68	92	9	40	94	58	21	27	95	2	56	53	94	36	50	31	97	9	5	44	1	62	79	9	94	33	63	34	90	95	88	77	13	28	64	3	33	60	2	8	80	40	54	23	69	95	31	5	22	89	90	35	68	73	29	87	19	89	69	72	70	96	36	18	41	97	85	74	28	52	40	68	69	7	78	33	82	67	38	13	83	48	63	18	33	59	72	96	71	58	76	63	29	7	86	45	86	61	89	20	26	7	25	66	5	97	47	38	90	33	59	70	64	80	23	23	51	97	14	96	12	68	68	15	23	6	54	
49	6	60	28	15	44	70	35	6	36	25	29	84	13	4	84	53	65	87	22	74	42	27	53	48	35	36	34	85	75	65	82	69	98	30	25	18	40	59	97	81	98	27	55	43	68	10	87	77	20	49	33	91	27	5	71	25	18	64	19	65	40	96	100	79	5	45	99	5	58	23	11	32	25	87	95	89	61	31	4	69	89	28	65	72	80	77	95	73	83	61	91	85	11	84	63	8	56	22	4	81	98	48	77	35	78	77	25	10	79	81	3	22	15	18	98	18	20	46	2	77	48	88	24	45	53	31	66	8	93	51	37	16	19	75	47	38	9	27	29	64	84	64	96	55	92	74	28	2	100	18	2	8	50	26	43	57	32	99	64	91	17	91	10	35	15	82	87	49	84	19	36	95	65	25	76	88	43	16	40	85	41	51	17	55	2	32	72	51	15	51	18	50	68	30	46	97	8	60	5	
42	27	28	6	5	51	29	33	91	91	25	46	90	42	91	79	71	96	8	46	10	2	62	58	63	25	74	5	19	98	2	81	89	14	20	30	70	57	55	53	93	93	12	39	92	29	67	100	67	19	92	93	63	30	88	34	88	48	15	7	5	3	62	5	30	8	73	3	26	52	1	58	31	21	11	69	7	16	19	21	5	72	93	65	6	4	9	34	85	68	84	89	8	63	32	14	17	8	3	50	75	81	76	13	78	87	60	11	44	74	82	21	94	84	83	94	35	7	73	34	37	90	6	23	27	59	71	50	78	85	9	99	16	76	95	59	18	31	27	18	29	66	56	94	39	43	85	82	51	36	82	53	89	35	20	81	100	99	8	46	81	69	12	57	32	14	85	50	69	90	19	31	30	61	32	37	1	79	85	11	12	44	75	21	90	90	35	66	56	40	43	22	87	96	35	19	4	44	20	67	
41	53	91	59	10	91	69	8	61	34	38	3	37	2	34	38	50	25	17	35	20	8	56	6	94	54	35	15	23	22	41	20	97	51	72	35	10	67	92	57	73	91	97	34	17	41	14	32	4	92	44	19	54	82	8	35	19	10	65	49	11	43	5	59	78	27	19	76	38	33	100	77	26	69	90	43	11	51	84	89	35	64	43	39	21	66	99	90	14	80	98	70	47	96	7	77	85	24	57	59	24	88	22	28	77	60	77	49	39	9	97	21	34	6	23	61	78	70	64	94	41	92	58	85	20	67	26	42	70	41	19	32	26	25	25	44	64	45	29	51	2	29	87	84	98	68	97	45	81	34	84	40	71	15	35	83	81	92	95	90	33	37	98	16	10	18	57	70	93	60	32	55	65	60	93	64	93	30	56	6	36	18	13	17	42	83	74	12	45	64	83	4	79	77	14	83	8	49	32	35	
97	84	65	36	16	25	35	83	65	10	81	9	60	64	55	21	47	96	44	42	23	57	98	95	87	8	66	24	40	18	86	8	29	9	84	75	38	34	2	22	18	59	28	66	38	56	52	57	31	76	52	55	93	1	59	32	26	17	73	81	24	60	27	47	63	54	49	62	71	58	19	65	87	68	100	80	82	44	9	97	20	42	56	6	92	44	20	23	90	55	33	15	4	79	6	54	86	33	14	73	13	44	6	64	25	11	49	12	81	72	60	43	97	86	100	55	45	29	41	64	14	10	42	31	90	53	4	28	53	31	24	41	19	25	47	64	44	16	41	18	14	89	20	22	20	50	40	51	75	62	74	37	17	29	55	62	81	60	87	95	76	77	99	33	2	37	70	59	82	73	86	69	60	32	36	42	56	16	87	23	40	37	22	74	9	5	58	50	48	95	18	83	45	97	91	20	97	87	55	7	
1	75	43	92	80	10	10	59	51	28	73	88	15	48	45	80	69	7	5	74	45	19	76	85	37	29	45	8	8	90	65	79	3	53	49	35	45	91	71	70	36	77	19	87	32	33	84	83	30	97	89	60	25	25	97	15	99	30	12	58	64	37	85	38	27	58	40	39	97	43	73	91	64	51	2	63	97	28	24	48	37	33	47	12	50	65	83	69	7	7	6	6	11	52	40	39	43	43	64	84	47	8	84	3	10	44	39	81	4	33	11	74	74	74	23	24	92	51	84	69	95	73	1	40	4	23	67	45	62	46	5	98	29	47	30	3	30	18	39	47	36	70	16	75	59	92	71	4	100	89	64	3	25	61	48	30	45	18	14	49	82	1	83	23	42	100	90	35	47	64	15	19	5	54	30	45	97	65	65	4	22	78	37	58	81	36	60	35	5	54	74	85	56	29	14	72	35	42	35	83	
80	30	2	40	49	63	34	3	37	20	29	4	11	86	79	88	97	40	86	52	29	81	5	91	59	43	67	15	45	87	75	80	46	97	73	33	2	64	85	2	37	100	8	92	42	66	7	30	69	99	79	93	69	12	48	63	77	81	45	76	68	21	6	63	95	89	93	15	43	60	100	82	72	72	38	61	64	54	31	95	53	81	86	76	63	63	21	6	68	3	27	85	6	62	94	91	76	3	64	37	23	2	67	33	79	74	9	72	33	48	99	10	54	53	72	50	94	37	79	91	81	79	32	10	55	65	2	13	24	34	99	76	35	35	20	98	91	94	32	54	96	84	35	3	64	58	74	81	58	72	23	10	36	41	64	29	52	36	23	7	79	2	2	74	63	61	46	27	21	90	58	2	24	76	13	5	98	59	61	100	29	34	55	95	42	8	96	12	46	20	14	9	15	96	31	1	27	12	51	72	
19	47	78	59	51	60	14	19	71	97	4	43	36	89	15	91	70	78	1	78	21	32	74	39	16	40	20	29	66	20	4	93	75	59	1	49	22	8	21	92	46	82	6	88	27	49	5	77	29	94	25	24	6	81	93	89	12	26	42	100	91	12	21	91	61	21	40	60	49	95	74	34	72	25	25	19	26	50	82	16	79	95	43	92	33	40	31	26	32	36	88	88	55	43	28	5	23	65	24	18	39	25	1	60	81	82	97	60	11	99	74	50	10	10	56	70	57	84	86	63	51	87	29	13	17	80	56	51	71	18	27	86	15	97	85	63	63	28	29	88	92	87	73	53	95	19	13	83	49	72	74	50	84	72	80	43	68	65	94	95	59	84	80	86	10	13	32	73	34	27	7	40	78	72	68	58	67	2	81	66	59	25	20	44	54	61	83	15	98	54	68	79	37	86	57	59	2	31	9	35	
10	76	43	5	94	8	46	17	37	98	45	39	1	44	10	29	79	73	37	84	34	79	66	69	50	14	64	16	100	68	59	16	61	78	69	89	40	35	12	50	8	97	53	90	67	29	77	61	51	63	48	51	20	1	52	60	69	36	53	96	78	60	59	93	77	64	63	82	35	16	88	90	35	89	91	29	95	52	5	29	83	22	10	46	50	86	59	74	74	77	7	25	20	79	2	12	7	20	4	78	29	23	41	2	3	21	21	43	74	10	50	7	11	90	16	11	35	80	6	30	72	97	82	72	28	58	71	51	18	23	84	68	81	76	79	31	9	91	32	59	100	5	24	49	42	36	23	82	17	71	80	8	74	71	40	7	100	62	24	14	30	13	76	56	75	39	76	17	57	79	46	7	46	90	29	19	48	57	45	1	85	81	74	30	39	24	83	97	89	3	39	31	18	93	63	30	97	59	3	99	
21	31	40	39	45	89	7	24	6	79	10	33	65	77	57	55	97	73	60	49	2	6	32	2	58	65	89	27	97	5	50	24	55	3	59	23	76	80	16	87	23	6	36	47	99	74	17	61	30	33	70	78	12	57	12	4	75	22	60	37	57	63	90	91	47	47	59	66	83	62	4	56	12	79	40	3	90	57	7	66	39	70	35	97	94	12	33	9	79	37	30	4	7	51	41	26	41	25	92	73	57	15	74	8	22	94	34	97	74	54	10	11	11	55	10	60	95	46	48	38	62	74	16	9	8	77	46	25	84	63	82	61	95	21	98	52	95	67	6	3	72	67	90	72	83	27	13	56	19	16	100	97	7	64	4	76	51	41	4	35	4	44	82	22	13	57	89	89	58	73	57	21	18	66	60	32	30	83	54	95	15	36	67	83	53	82	82	92	93	99	2	56	30	69	59	44	95	82	88	98	
70	6	95	47	41	46	49	45	95	30	16	68	96	83	83	38	19	45	100	72	82	16	67	80	84	49	37	84	24	95	58	17	48	25	91	13	32	100	44	77	92	97	20	62	81	69	78	14	77	69	58	46	35	49	96	47	6	41	10	74	19	27	84	56	45	20	75	78	29	83	86	26	10	100	5	51	5	100	79	4	62	2	84	76	64	71	18	8	58	92	31	64	23	5	2	74	33	63	33	56	59	98	31	80	15	84	6	86	74	53	10	90	55	65	66	67	74	8	22	55	89	3	67	100	86	26	97	21	73	98	36	30	82	81	19	94	21	45	66	13	46	33	26	45	63	50	72	73	6	61	43	92	89	82	49	31	21	40	77	24	63	91	75	74	84	98	12	98	85	40	62	81	5	66	67	30	2	9	82	18	69	31	8	81	16	89	86	12	58	93	12	37	59	53	100	14	50	56	65	4	
100	16	53	74	12	91	84	17	28	47	99	91	42	26	50	63	71	100	67	92	1	1	44	55	2	54	72	32	75	100	98	99	88	49	41	48	91	56	68	83	48	68	7	56	8	76	80	63	21	67	40	45	40	59	80	74	32	62	42	87	88	76	40	72	32	68	29	7	30	5	5	82	47	95	19	5	80	33	95	50	79	5	52	96	25	55	16	67	93	60	45	87	20	54	7	45	29	14	84	36	83	79	54	40	18	83	23	100	23	72	56	16	10	66	85	53	33	62	20	72	87	61	2	32	24	98	46	19	82	10	60	54	9	36	35	68	29	25	48	26	31	70	65	11	74	97	38	85	96	45	81	91	52	37	69	27	72	75	15	67	32	19	85	46	56	20	35	27	89	24	73	9	85	1	6	40	33	36	31	46	14	73	49	66	15	73	95	15	13	50	46	55	27	14	92	10	60	44	26	34	
73	10	18	2	91	61	84	38	94	24	76	74	14	78	40	3	69	90	88	2	80	55	90	18	45	84	54	38	19	44	62	44	96	79	3	33	85	2	83	22	7	57	89	3	69	18	63	80	73	6	70	81	79	64	78	79	96	42	30	55	74	12	91	30	98	92	54	94	58	13	49	17	79	6	86	90	96	24	39	10	75	72	90	40	91	28	77	69	1	94	78	24	88	100	69	12	88	64	50	6	91	58	55	54	98	94	61	55	24	50	70	11	60	67	53	91	21	26	72	31	97	93	89	11	100	51	73	58	2	40	67	9	15	81	8	80	37	74	31	69	48	79	37	4	30	57	53	94	85	62	30	82	2	22	68	98	87	60	42	73	46	86	6	97	85	22	96	55	12	26	24	68	65	40	28	19	80	81	79	10	69	57	50	5	80	84	95	36	92	55	4	46	40	75	79	36	67	4	82	87	
1	15	30	4	60	57	62	28	15	17	40	14	74	64	33	47	59	41	43	9	91	76	30	64	95	36	59	19	60	64	8	13	94	95	39	67	26	3	92	72	9	12	17	15	14	55	16	75	16	61	87	55	60	20	92	43	44	96	39	1	82	90	39	5	61	18	36	90	41	5	29	34	99	29	24	14	31	21	15	95	34	94	25	50	71	58	11	55	17	90	32	49	1	66	12	80	32	27	53	45	56	46	21	23	18	35	78	45	92	94	57	35	95	74	33	21	59	86	99	84	8	77	88	85	36	81	20	26	18	53	90	63	41	57	94	72	13	89	67	43	90	6	82	48	78	10	4	48	28	33	43	40	50	55	33	51	88	45	24	14	75	92	40	53	42	43	96	64	94	53	47	85	84	74	16	73	39	53	62	89	12	90	51	19	4	13	6	42	81	14	85	100	8	74	28	24	9	59	44	59	
49	84	60	31	30	86	38	94	18	84	51	83	5	86	27	11	95	99	36	45	100	69	54	16	94	58	9	40	32	9	51	84	62	45	60	35	43	9	24	21	18	2	64	77	47	62	28	93	62	89	62	62	2	49	10	81	72	34	22	34	100	33	14	56	84	39	59	77	71	73	2	61	14	11	100	100	95	83	65	97	36	90	35	44	74	77	63	69	22	48	70	16	35	61	19	44	69	18	93	64	9	33	59	69	20	7	70	29	51	37	84	80	46	8	62	26	86	49	82	1	96	93	99	97	79	13	88	83	57	45	27	65	28	76	29	65	29	61	74	21	19	2	57	13	23	85	12	82	57	83	44	60	4	67	93	29	88	9	51	80	38	3	47	55	64	57	66	30	31	95	71	93	1	2	88	67	44	7	1	100	32	92	86	13	74	11	96	15	72	40	8	96	17	80	72	36	46	64	85	43	
99	12	14	44	17	18	85	31	13	44	3	73	27	29	95	44	37	36	69	42	7	65	95	39	55	21	23	51	26	17	26	72	87	73	11	93	15	95	91	92	92	61	4	69	7	96	90	41	72	51	85	27	70	63	38	36	41	21	70	12	12	40	99	48	33	32	19	8	6	70	29	47	65	5	74	64	42	29	3	80	99	90	40	18	15	10	93	90	35	47	54	95	56	27	95	58	33	35	59	67	3	86	72	95	46	73	64	41	84	79	86	6	48	22	20	72	99	82	61	52	31	41	83	22	79	45	40	78	74	21	87	79	95	71	61	38	68	90	4	29	36	59	94	55	84	6	90	38	36	32	35	43	71	22	7	49	28	6	7	17	44	80	71	79	21	90	68	60	23	54	69	41	45	5	46	3	82	88	79	75	93	45	8	73	6	19	67	56	71	28	46	9	41	72	45	88	28	93	73	92	
54	63	89	12	87	99	93	57	42	35	39	16	89	16	16	37	59	82	46	70	32	54	56	75	27	36	13	19	14	69	46	79	45	13	31	59	40	16	42	91	98	5	8	63	30	57	54	86	84	26	66	10	75	47	96	83	43	55	89	22	91	27	79	85	44	55	46	26	53	22	86	66	62	27	97	66	21	13	81	46	73	23	44	71	5	98	13	75	87	13	37	31	8	17	21	77	90	60	40	97	40	89	90	31	2	34	94	64	69	91	63	30	38	55	72	31	84	1	52	20	3	29	68	38	6	48	41	16	100	78	20	73	66	83	99	8	5	74	22	59	18	33	46	6	57	60	99	44	93	53	15	1	46	70	9	62	74	85	84	61	57	31	63	16	6	62	19	35	3	57	40	64	35	56	67	82	13	76	43	89	65	87	60	90	25	41	61	27	36	94	76	20	85	31	52	47	79	91	88	1	
93	93	52	16	51	23	14	26	54	22	82	45	4	45	61	76	50	34	14	6	35	4	59	24	43	97	15	56	23	3	100	69	88	95	64	82	98	67	39	42	55	15	10	87	39	17	52	42	17	40	97	94	38	83	98	4	98	90	94	8	77	32	68	70	54	81	90	97	42	8	31	59	37	37	16	9	24	37	44	77	95	37	16	8	71	14	61	23	84	4	75	44	54	19	76	75	39	13	20	10	68	3	34	5	77	37	41	14	95	81	51	72	62	89	87	97	8	96	31	3	9	69	92	35	90	53	82	70	78	43	55	31	49	37	43	34	51	13	99	70	93	64	6	81	38	6	21	1	22	42	83	59	85	78	55	44	13	53	74	3	87	34	27	31	61	15	44	15	57	37	100	49	62	7	87	99	30	98	27	81	78	45	83	84	51	1	37	35	43	24	27	53	43	34	65	69	46	68	3	43	
55	36	4	78	28	88	87	80	69	21	90	22	63	48	10	77	41	40	29	99	92	81	95	31	81	73	3	77	91	38	53	79	15	10	9	83	94	76	6	68	13	39	90	46	72	17	32	39	37	43	74	23	30	72	2	7	75	43	28	31	25	90	70	58	70	41	78	19	7	14	85	38	37	32	100	73	15	44	60	15	91	76	60	72	2	41	69	69	39	53	81	77	36	24	27	6	30	50	64	23	91	26	43	22	48	90	92	10	73	79	87	97	74	3	61	93	77	93	41	29	69	22	41	48	47	48	12	86	17	48	5	60	93	4	5	73	24	98	64	8	92	98	52	30	31	49	43	45	43	22	88	5	86	56	47	46	1	18	14	36	50	4	74	55	14	59	42	54	4	66	42	67	26	59	36	100	78	19	85	31	81	28	52	57	32	38	70	96	37	26	35	37	78	25	8	13	63	96	76	75	
34	37	21	87	57	51	73	16	83	97	66	69	30	51	42	24	55	16	21	62	86	28	14	27	33	82	28	54	58	63	18	57	65	74	75	25	41	55	25	99	82	74	36	82	35	39	2	63	51	98	96	92	46	95	61	15	47	28	25	81	8	2	1	50	40	14	9	6	95	39	74	52	86	79	74	100	14	25	55	74	41	43	80	51	12	85	64	72	67	25	34	67	81	20	43	16	64	33	16	50	92	25	61	89	88	6	58	42	1	32	29	82	16	67	2	89	88	99	83	68	92	41	84	70	10	98	73	44	1	26	87	35	80	12	88	33	67	53	29	44	59	40	97	25	57	66	31	56	73	24	96	74	78	67	99	49	5	23	42	80	53	41	98	59	9	95	61	9	85	99	39	91	38	53	40	18	12	83	97	29	65	60	84	92	15	96	62	89	22	31	74	24	99	36	88	26	75	79	14	25	
63	18	55	20	34	99	61	17	24	98	96	54	59	8	100	99	81	90	14	24	30	62	86	76	100	70	62	67	92	83	15	61	89	87	4	11	68	80	24	73	32	36	60	55	51	60	92	41	58	74	68	82	100	19	69	34	80	50	3	65	29	13	60	26	37	44	29	37	29	15	26	39	48	42	55	100	56	60	93	68	79	42	2	93	2	1	92	30	70	97	64	43	7	95	93	40	53	5	77	74	37	63	63	90	24	23	85	31	40	10	13	72	9	100	32	11	85	97	22	38	35	48	70	6	80	41	63	33	39	82	86	94	29	59	87	22	68	44	84	88	1	56	9	53	89	19	70	41	87	10	24	39	34	79	82	20	64	35	79	23	91	4	62	85	70	50	87	83	52	96	45	37	69	21	89	2	53	58	54	34	70	12	17	42	14	66	87	51	43	100	94	26	100	90	69	47	25	20	86	58	
37	60	88	57	66	83	71	87	39	82	36	45	39	10	60	77	1	94	16	45	22	37	20	94	51	51	86	71	54	59	53	3	58	51	57	11	29	27	54	67	91	31	36	96	98	1	51	27	100	15	48	52	66	92	8	14	32	54	97	5	52	3	91	82	98	41	19	69	26	14	42	91	50	1	66	83	30	66	15	50	91	72	19	19	48	19	19	8	48	30	79	72	50	89	66	3	25	11	55	59	75	60	71	35	45	27	20	90	4	55	17	28	8	86	24	100	36	79	79	6	90	47	10	80	34	51	12	36	62	44	75	48	75	12	9	80	85	59	16	91	78	55	50	12	69	28	2	91	60	56	33	39	97	86	43	14	48	83	99	21	71	47	74	94	66	52	85	32	61	2	40	77	39	12	13	79	68	92	17	8	68	51	31	57	9	71	48	6	18	86	79	50	40	74	36	12	92	44	80	54	
65	12	66	38	99	94	1	76	98	87	81	78	13	35	60	37	80	38	28	13	72	17	99	55	76	83	86	65	26	63	93	2	27	2	58	20	22	26	11	5	58	94	38	39	34	37	76	18	87	66	47	12	24	53	51	54	86	68	33	26	29	100	54	62	63	4	89	26	78	68	85	31	51	42	48	86	27	40	99	31	21	98	50	1	83	23	43	75	24	7	51	21	84	72	85	22	82	12	51	38	40	27	54	68	53	59	67	53	23	65	80	58	77	26	98	51	81	13	45	48	53	48	98	41	51	90	35	61	92	78	62	45	53	73	3	83	4	27	3	9	75	62	23	70	89	1	15	63	87	34	35	20	57	54	98	91	80	80	97	95	51	37	49	20	1	50	21	5	31	42	80	1	54	58	29	71	26	20	11	79	3	97	71	6	45	49	100	42	15	16	45	11	67	21	1	90	27	33	25	9	
84	83	2	42	25	41	56	60	85	96	87	96	85	57	8	57	72	94	30	13	8	26	63	49	29	8	63	17	54	23	4	73	8	74	10	80	90	9	83	80	16	31	37	29	76	64	99	45	87	30	57	8	73	94	87	94	31	42	57	22	43	10	15	29	98	22	61	77	32	21	70	87	16	49	100	91	47	98	49	41	84	66	34	43	74	37	56	17	82	64	49	98	70	10	99	97	16	82	14	34	92	49	18	73	31	71	26	4	67	2	56	71	46	97	46	73	20	88	40	41	82	12	73	63	12	35	73	48	83	67	33	31	64	37	99	62	44	85	27	52	81	84	92	58	60	5	24	44	15	20	52	39	79	51	100	48	81	14	30	9	4	46	93	12	50	81	23	17	100	69	47	1	92	45	86	40	83	71	9	36	87	59	98	40	55	61	56	57	22	72	51	10	74	71	54	30	6	90	35	81	
5	35	70	56	5	5	59	81	99	49	43	11	54	28	5	98	46	68	6	2	91	3	44	15	100	47	88	51	46	1	31	56	61	38	41	61	9	36	32	29	2	87	82	41	95	88	64	75	6	3	100	59	50	50	35	62	4	57	49	78	82	94	82	80	32	46	12	12	30	88	99	54	61	74	63	8	36	75	21	25	39	91	84	11	59	65	15	34	98	49	47	58	88	22	68	88	14	69	78	85	6	15	12	29	66	50	42	28	45	13	51	51	25	21	19	58	26	83	78	16	70	86	44	33	36	61	48	2	46	14	31	42	61	22	20	45	89	30	14	3	60	31	36	22	43	64	82	30	93	94	18	79	50	29	44	83	100	10	61	62	55	40	89	48	2	82	22	37	44	59	25	98	56	39	28	48	57	48	73	96	76	10	65	39	86	17	31	78	11	57	81	61	39	71	5	74	61	63	1	86	
72	45	94	91	4	25	45	5	99	81	58	82	46	27	87	55	41	57	4	46	28	47	88	47	89	68	100	60	58	21	22	2	52	29	11	6	44	65	12	35	51	28	69	78	42	72	90	6	61	30	72	100	24	31	28	26	71	71	48	62	28	60	46	19	37	73	11	70	78	14	99	52	97	52	63	84	61	17	76	86	18	20	56	24	41	72	96	64	82	10	25	23	32	36	61	25	33	6	77	60	12	18	27	87	8	78	70	53	62	24	71	18	84	73	82	2	18	57	74	100	78	17	1	39	62	92	83	46	1	27	16	88	33	35	91	2	98	11	2	4	9	72	22	95	2	10	100	94	7	25	81	17	24	3	79	6	76	26	41	84	30	40	14	19	89	86	54	61	71	63	9	66	28	28	95	40	65	83	28	51	97	33	65	77	14	55	89	81	80	10	10	90	16	39	15	44	7	92	4	71	
69	82	17	36	91	92	33	49	71	62	80	55	34	16	71	22	92	5	97	17	80	90	49	43	20	19	60	76	60	69	72	41	75	6	41	20	58	51	51	4	16	51	39	55	72	69	76	91	96	78	99	52	58	73	70	49	13	34	77	97	63	13	78	63	2	51	59	56	19	7	1	1	60	15	65	81	5	78	77	55	71	6	40	80	31	92	49	65	41	69	58	66	43	86	10	91	62	9	59	59	81	74	56	19	93	85	41	31	46	34	18	23	63	98	10	40	53	45	21	78	43	48	26	82	44	78	67	14	27	57	86	89	21	90	54	65	26	87	53	78	84	37	64	56	78	24	82	28	90	81	84	43	49	64	65	9	10	9	3	31	74	25	91	20	69	12	18	63	98	19	24	62	89	100	28	87	33	38	46	11	95	23	87	58	88	36	55	82	43	16	82	90	75	37	45	44	60	36	44	83	
99	33	97	31	65	74	45	61	57	1	57	76	97	79	66	81	86	53	47	3	93	32	69	39	73	69	34	25	20	46	16	75	57	14	5	37	94	89	43	45	51	45	86	55	24	55	95	13	69	78	6	36	45	81	77	53	19	42	87	81	34	89	35	16	45	6	48	73	20	6	99	62	66	83	31	33	46	13	68	17	69	39	93	80	8	95	36	91	21	81	39	14	65	23	65	82	63	30	46	41	1	39	27	89	51	9	19	24	5	99	27	84	82	36	60	67	90	27	87	20	55	5	87	86	75	62	33	31	16	86	76	36	75	23	5	39	81	45	50	76	93	57	21	50	64	78	82	87	60	45	40	54	26	48	61	85	94	70	35	73	50	69	40	23	16	50	91	78	35	62	97	36	7	83	95	7	10	28	75	28	42	66	54	92	31	9	31	70	93	64	10	66	100	81	80	51	88	48	74	63	
74	3	9	10	11	70	18	81	81	95	39	96	54	91	86	78	59	50	73	85	38	1	13	35	88	78	75	82	25	17	32	43	11	32	36	87	89	53	47	18	68	21	79	67	96	94	28	75	21	51	94	74	65	73	22	31	99	11	53	69	98	43	56	31	38	20	40	36	90	97	91	74	47	82	66	1	9	40	68	5	65	49	17	84	46	49	24	35	51	3	4	86	90	68	17	98	77	38	97	48	100	26	47	69	37	99	32	41	98	76	86	68	61	30	54	9	63	65	79	73	31	60	35	94	48	45	31	42	88	89	36	39	50	10	10	2	22	55	8	66	89	6	6	11	32	64	76	97	38	86	92	22	20	25	23	36	17	68	1	39	49	73	13	46	63	83	70	56	44	98	41	92	85	39	17	35	71	90	75	75	64	16	70	54	16	97	92	1	90	91	80	35	94	47	18	27	89	87	80	68	
62	20	79	76	9	99	39	79	63	7	5	26	45	93	94	78	86	11	32	24	71	5	35	15	50	46	56	34	75	86	57	83	22	81	12	20	49	10	28	38	93	62	33	85	1	38	84	15	57	70	34	77	63	54	29	64	74	87	43	63	92	82	1	43	60	94	44	35	71	62	36	17	95	52	9	17	45	6	53	73	53	41	56	95	43	94	99	42	18	59	71	11	25	69	91	1	94	3	16	10	29	22	99	72	16	16	26	19	29	35	15	81	95	82	9	15	41	28	95	66	49	93	80	29	75	53	64	61	33	21	75	50	4	84	65	62	88	89	95	74	68	75	76	65	36	94	58	11	7	65	52	36	15	17	22	73	24	93	85	97	3	3	14	80	7	44	23	22	39	16	68	24	22	27	80	15	73	82	94	32	20	60	13	20	90	4	29	85	55	95	25	18	19	80	46	11	88	68	75	58	
82	15	1	37	81	45	3	24	40	86	34	27	6	73	11	54	41	45	40	14	89	3	49	36	25	48	28	18	66	72	4	16	20	71	91	37	63	49	88	67	62	88	58	42	3	14	65	73	88	79	69	79	88	94	81	4	28	22	1	21	12	9	77	33	30	29	42	81	1	44	72	12	94	76	33	69	79	63	52	19	57	53	91	53	57	51	42	44	72	21	23	12	35	67	63	35	67	7	13	83	94	7	39	70	19	76	25	25	47	35	97	76	21	81	36	81	57	76	71	83	37	4	12	59	12	73	37	22	35	90	23	10	84	18	14	64	82	19	99	90	20	85	78	2	73	14	25	4	74	10	34	31	34	45	31	17	78	87	15	42	28	69	59	97	2	27	15	75	86	52	1	28	32	5	99	11	95	3	76	69	29	4	6	22	60	82	100	100	70	77	28	88	5	98	74	60	32	51	17	24	
63	99	20	54	5	93	99	72	79	8	1	81	55	14	96	19	6	93	11	3	48	21	39	42	63	97	24	11	45	48	57	17	64	39	26	57	51	3	46	50	7	82	1	50	54	89	42	30	8	3	37	6	17	70	29	93	41	19	87	18	92	32	29	12	2	25	53	12	85	66	33	36	24	51	64	14	43	64	64	4	80	15	42	50	100	66	91	53	19	61	27	42	4	87	35	98	55	92	94	82	16	20	88	96	75	95	25	47	30	20	85	79	98	19	35	8	94	29	61	99	43	5	88	87	9	3	99	20	91	54	5	10	65	14	65	31	86	44	41	77	97	64	6	16	3	8	16	82	32	52	40	37	17	92	83	58	85	46	20	73	80	18	82	12	69	95	28	67	81	90	52	15	54	77	62	7	78	34	78	97	95	9	6	43	25	48	6	59	85	57	27	88	35	65	45	12	3	69	17	63	
29	10	25	64	40	8	39	71	36	65	46	90	71	2	50	63	85	89	92	46	32	47	14	22	28	66	2	26	89	62	92	59	14	42	56	37	54	40	61	71	91	66	55	71	24	67	82	15	90	62	79	37	16	85	90	48	47	82	37	99	31	56	13	26	76	8	66	57	49	31	82	34	27	92	26	51	59	11	71	4	15	16	81	99	95	28	31	13	10	36	23	1	87	6	71	18	3	31	25	5	71	29	64	36	47	59	44	64	3	98	63	31	52	94	68	80	72	65	38	8	34	73	33	22	80	83	62	45	2	65	39	2	62	64	31	77	65	2	45	18	40	3	25	92	26	17	63	57	7	35	93	6	76	52	75	10	94	13	49	14	76	38	12	77	74	11	37	71	55	52	76	67	37	94	23	33	41	47	2	65	8	69	26	20	31	50	95	4	98	42	78	50	93	17	77	91	24	10	70	50	
47	100	34	94	94	40	49	86	49	37	66	5	16	45	30	70	64	48	51	51	15	23	76	72	51	48	30	76	83	58	39	27	93	91	1	79	88	99	15	64	44	35	19	53	16	19	6	45	55	5	78	10	45	95	46	13	39	84	73	65	45	86	82	92	30	67	77	17	72	95	28	11	96	73	53	78	20	93	98	6	9	70	84	42	31	28	72	93	82	58	45	70	64	75	28	20	24	1	30	61	73	79	62	18	38	18	64	44	30	91	63	9	95	21	29	37	13	29	68	5	51	24	67	68	85	4	44	89	98	26	81	22	88	82	86	65	65	55	88	47	34	70	31	58	12	19	28	33	53	82	78	63	21	9	13	14	74	50	93	100	33	55	34	98	15	46	41	1	78	12	60	67	89	83	64	92	29	98	8	84	70	41	56	14	7	62	12	51	73	80	21	53	94	22	6	50	53	17	29	38	
88	84	83	69	57	50	90	47	69	25	76	2	68	9	89	53	95	41	41	91	12	47	21	24	25	47	11	38	61	14	15	78	71	19	72	45	4	18	37	61	14	84	20	60	44	94	69	91	56	9	20	90	34	33	88	75	34	68	1	39	60	28	89	19	14	83	77	68	63	23	70	76	16	91	54	94	84	9	11	79	59	92	86	67	42	74	21	82	11	34	49	62	32	2	91	63	54	58	45	65	99	32	38	41	9	31	45	16	18	94	28	91	67	45	25	74	89	61	90	74	13	98	53	44	59	27	85	30	11	87	45	55	89	19	44	2	55	34	88	65	30	86	91	78	98	65	14	9	82	52	55	63	66	14	45	13	96	10	56	83	50	70	78	62	26	53	55	90	9	57	74	13	23	20	34	21	33	2	25	94	1	61	84	60	59	68	93	22	33	34	99	96	24	12	99	99	19	33	78	92	
21	74	84	17	98	98	96	27	12	89	57	2	53	36	7	91	70	18	15	41	68	98	36	51	53	39	81	84	67	47	3	52	48	97	66	19	15	60	92	23	2	57	30	84	29	59	81	63	25	71	48	56	14	78	95	68	2	15	85	82	58	66	11	70	2	81	57	88	83	2	91	44	51	63	52	43	62	94	91	41	90	78	100	90	1	56	32	28	100	9	45	62	88	59	38	28	61	70	24	45	86	38	1	97	27	27	29	41	39	32	29	32	6	66	48	31	67	74	4	22	99	64	29	84	16	3	27	14	2	53	50	8	95	99	41	45	88	88	18	96	93	44	53	11	78	69	52	87	13	39	45	13	21	43	44	20	89	48	5	86	55	93	71	33	25	56	66	97	37	15	33	64	90	26	28	30	6	39	50	17	1	38	18	37	66	69	54	9	46	19	35	7	35	49	5	56	30	16	86	39	
70	64	91	67	86	16	31	82	81	15	15	49	71	42	88	5	28	76	76	15	56	40	32	11	37	71	31	24	88	72	1	18	8	57	12	62	67	60	78	94	15	6	32	83	88	57	39	14	11	71	6	28	3	39	94	37	68	2	96	51	28	1	81	24	8	9	90	27	77	72	3	65	44	82	16	5	52	81	18	71	37	16	8	91	11	75	35	90	77	33	12	38	60	81	32	23	54	73	95	43	26	12	93	85	29	18	51	18	47	54	88	59	3	13	26	69	43	21	29	59	70	8	44	88	91	9	52	3	4	78	76	66	74	90	77	18	47	65	96	4	67	53	14	14	5	23	24	24	82	73	65	91	87	17	41	6	27	10	91	4	41	23	52	21	22	89	27	18	3	48	58	57	90	92	40	38	64	64	73	63	53	99	26	12	78	93	48	36	94	10	50	76	16	61	22	92	5	93	52	30	
32	1	68	78	65	60	81	18	42	35	66	82	86	80	85	1	77	4	31	51	38	37	87	98	30	59	2	29	96	13	36	9	26	46	10	49	39	34	16	33	52	20	47	20	27	98	87	86	38	48	59	51	98	70	8	79	21	76	83	93	22	5	65	72	69	23	54	97	93	62	83	71	45	46	55	32	2	35	29	9	88	50	72	84	74	37	29	90	23	44	62	84	93	62	38	27	90	75	71	57	5	27	53	74	64	29	2	14	36	96	92	100	72	46	31	48	90	19	36	18	93	92	59	1	78	75	81	60	9	84	93	89	68	20	97	40	34	30	93	67	12	17	32	5	15	29	85	31	72	83	61	19	9	14	88	21	49	61	67	7	56	85	9	45	50	91	53	40	76	35	9	88	24	84	29	42	64	4	10	85	88	84	61	43	45	38	21	69	3	2	40	60	38	97	50	6	76	11	80	73	
55	43	62	70	47	83	65	17	21	93	4	56	68	46	5	9	17	28	66	62	13	24	70	79	70	14	12	19	54	11	67	11	77	33	53	29	83	51	76	38	75	32	90	74	45	94	85	69	20	21	81	64	2	95	19	64	20	83	4	16	89	73	36	88	66	95	69	54	79	63	49	42	18	98	32	90	96	27	21	43	21	2	27	49	71	1	21	52	49	88	89	5	80	56	56	21	84	15	30	28	17	79	26	28	84	66	29	89	70	84	87	5	67	33	70	79	6	2	59	33	64	98	40	56	55	62	84	31	72	37	57	6	75	85	64	3	70	86	44	53	17	77	42	37	78	71	15	46	49	55	100	11	28	80	9	66	99	62	51	71	5	33	54	31	47	52	38	98	46	69	79	57	14	73	12	29	4	87	45	87	73	29	69	9	32	1	99	72	63	25	88	32	79	82	50	4	42	50	67	50	
64	59	74	11	44	6	70	78	35	88	40	48	6	61	52	54	82	62	83	77	93	21	97	61	50	6	27	75	27	76	87	36	80	84	4	88	8	53	17	29	62	1	60	39	25	92	21	4	20	10	71	32	47	72	31	22	35	98	11	91	2	75	53	93	71	72	33	67	63	29	27	40	5	24	23	67	6	52	4	100	86	74	14	47	11	48	78	43	100	98	61	27	20	4	48	96	61	55	9	86	53	55	88	52	64	56	87	20	16	35	73	24	90	26	65	37	82	57	94	46	6	52	97	9	50	23	92	36	22	64	21	6	76	78	6	25	31	91	53	14	32	42	84	90	63	14	48	63	36	52	60	45	39	45	44	48	10	15	77	64	29	87	5	54	27	8	82	20	39	67	87	69	27	36	87	33	65	47	61	94	35	42	32	61	93	32	91	27	26	88	6	92	33	54	99	71	92	56	61	4	
59	29	35	66	5	90	79	77	50	89	50	95	82	18	35	35	46	79	6	35	78	14	93	23	73	11	81	14	45	50	18	27	99	7	79	48	50	13	82	52	66	13	82	71	43	62	30	12	38	7	43	62	83	4	2	4	80	35	56	53	32	62	39	68	98	91	33	29	95	78	75	77	93	85	13	27	65	80	75	66	25	84	54	12	3	1	49	26	20	83	37	75	71	28	74	21	13	97	64	25	58	95	60	40	96	94	84	22	75	3	53	49	72	45	11	4	48	13	55	6	81	30	25	53	12	70	58	22	95	56	50	11	65	2	16	92	58	78	11	14	5	37	90	99	17	56	96	92	12	99	78	51	40	2	92	55	36	16	35	44	22	74	87	91	98	96	17	18	90	75	48	54	36	91	28	97	76	61	39	79	79	70	36	83	94	68	59	9	66	42	62	62	28	81	93	40	23	69	1	79	
21	99	52	81	12	37	73	25	70	6	41	90	10	72	15	4	42	82	92	1	52	48	91	35	26	44	30	94	62	1	57	42	77	49	79	29	6	17	58	12	16	40	10	63	11	40	73	70	34	63	81	12	82	74	15	38	77	41	48	65	33	3	68	41	88	27	6	85	19	48	41	53	73	86	87	31	26	49	67	42	64	30	74	27	31	39	73	7	64	52	7	62	32	76	13	95	97	99	74	4	84	77	5	68	55	39	98	20	59	64	95	42	83	63	74	30	78	23	84	57	38	31	57	89	69	89	60	43	2	78	64	32	36	73	3	26	12	98	78	5	15	78	63	17	54	33	34	1	54	36	82	18	16	34	35	38	96	67	30	11	54	96	88	29	75	12	95	14	17	32	45	19	76	74	84	64	46	79	93	55	48	89	14	91	69	75	15	78	96	100	87	65	31	50	24	91	83	9	42	27	
8	57	91	16	92	37	64	75	61	22	7	95	66	10	91	39	21	32	49	77	34	45	74	22	96	14	71	58	34	90	93	80	86	9	46	83	52	48	12	26	17	8	21	38	10	41	32	41	75	68	64	15	58	89	12	88	92	30	7	36	60	58	20	39	21	3	38	41	79	98	17	11	8	97	41	78	59	58	55	8	48	6	64	59	3	34	92	84	4	88	57	92	17	58	43	41	41	50	92	57	32	94	56	69	92	43	68	50	92	58	19	36	27	50	97	57	10	85	6	60	6	49	66	19	28	1	5	64	10	24	78	64	94	14	8	17	19	65	69	23	29	71	14	56	33	37	48	77	52	82	11	43	38	29	5	79	70	8	27	1	26	13	68	1	39	24	86	62	5	16	61	13	61	35	10	53	18	55	67	48	90	100	8	73	97	21	8	81	51	46	21	56	83	34	51	34	72	88	46	38	
3	78	32	65	100	12	51	94	7	16	28	74	67	2	44	25	31	18	47	17	36	4	17	25	94	88	54	37	79	87	41	16	87	89	98	73	48	14	92	4	70	55	6	9	19	40	59	20	2	3	71	7	16	51	98	97	92	76	48	47	89	22	39	70	45	12	22	59	40	41	36	34	39	11	33	97	29	87	96	83	79	79	85	90	16	100	66	25	53	48	48	37	15	88	54	29	68	65	78	88	84	4	45	7	74	85	97	40	71	74	13	23	13	72	38	53	4	12	90	99	21	43	31	70	2	15	24	82	100	82	82	76	58	25	16	63	28	14	52	24	85	15	48	96	34	48	1	4	65	95	40	83	91	91	83	85	96	28	10	18	88	96	30	73	46	64	63	58	13	29	10	94	30	82	46	70	2	100	81	94	18	61	40	39	70	46	36	82	82	45	20	47	26	20	66	41	59	56	94	78	
23	22	28	31	79	43	78	62	51	83	33	32	97	31	83	2	21	56	26	31	4	37	70	86	54	26	48	81	39	84	5	58	94	36	31	25	86	59	76	86	70	26	36	67	4	87	28	91	91	40	55	49	13	8	73	23	49	34	2	50	39	93	81	48	82	64	11	19	44	35	70	100	66	72	66	2	23	63	83	26	66	2	53	8	84	34	94	26	6	54	46	99	99	63	40	46	6	32	12	83	97	22	84	78	28	82	45	51	4	81	83	82	56	73	85	94	48	82	38	44	1	45	56	41	91	63	44	30	94	28	87	97	11	4	82	57	33	9	87	24	31	46	63	92	1	77	4	47	86	91	8	17	45	47	25	86	11	58	50	98	9	40	58	84	63	94	71	52	1	52	53	4	51	99	16	99	81	17	80	16	49	12	53	12	3	39	8	11	81	37	22	19	5	35	16	4	59	34	18	48	
41	34	19	46	2	57	7	45	49	21	25	13	25	81	19	12	32	42	98	9	43	78	79	60	47	12	82	42	92	4	50	55	7	35	63	34	21	87	70	91	16	49	81	8	30	5	82	59	56	40	28	14	41	40	6	82	3	15	96	32	60	38	60	6	63	53	59	13	96	69	47	28	93	14	68	16	10	7	48	73	11	73	3	20	67	31	91	28	76	37	55	12	89	24	44	60	61	84	77	35	52	19	50	33	2	51	81	75	100	58	49	17	19	6	96	85	28	57	36	93	22	43	73	87	60	87	15	93	7	90	60	38	7	74	32	7	53	82	13	82	72	49	36	12	54	52	65	86	7	14	15	91	95	66	59	19	31	6	47	82	14	52	44	97	74	56	21	56	64	77	48	4	36	60	8	3	21	43	60	96	74	100	88	62	45	90	76	91	76	92	54	92	42	8	61	34	63	65	71	19	
17	74	89	33	72	81	78	4	2	78	24	20	93	53	72	28	72	46	20	57	75	12	69	95	37	65	98	89	1	20	19	96	80	65	54	3	51	29	59	23	85	68	72	81	38	34	23	65	23	59	33	23	77	62	80	75	11	42	17	69	26	19	37	90	4	25	6	65	69	21	60	7	53	79	76	93	90	66	100	65	67	26	31	47	88	17	3	63	29	37	71	65	83	35	100	21	11	90	91	45	53	19	24	82	100	36	34	62	89	72	72	71	16	61	45	62	33	83	32	53	42	22	24	10	56	34	20	94	25	81	45	86	65	10	52	35	82	52	39	73	83	55	52	99	36	82	95	91	14	68	65	35	25	69	11	47	4	24	23	76	64	1	8	36	99	95	72	89	61	92	80	12	18	89	67	84	34	99	41	1	44	17	31	45	47	25	10	75	33	92	68	71	48	64	70	14	65	42	28	81	
24	50	76	65	92	8	94	78	91	13	17	68	58	22	39	31	55	67	82	84	79	24	38	92	57	97	97	21	59	8	91	64	45	25	51	53	53	59	36	94	87	28	97	44	24	2	72	8	54	10	68	51	85	38	57	15	30	15	3	57	56	13	88	31	77	96	64	57	85	5	64	30	30	59	57	50	77	95	1	84	93	51	70	27	18	45	81	72	90	69	79	19	68	17	72	38	36	9	99	9	49	80	10	67	18	82	84	74	64	23	74	80	100	43	81	30	43	44	35	15	83	88	96	24	33	35	52	18	81	84	40	92	52	34	40	93	78	55	45	65	61	100	60	78	82	11	40	8	15	65	29	38	51	4	86	36	83	72	45	61	50	31	73	40	66	35	96	31	55	17	84	71	38	43	17	53	85	15	14	66	33	16	52	19	28	79	6	36	17	12	99	4	16	50	30	87	15	83	95	84	
55	15	66	15	25	63	17	53	34	32	83	77	92	29	53	73	71	10	49	82	22	75	15	53	13	24	13	53	9	85	5	3	73	74	16	50	13	46	45	100	73	66	34	88	44	68	68	58	13	72	87	39	96	89	45	19	94	22	91	70	91	58	37	6	19	11	34	54	58	60	87	63	88	56	45	10	46	32	19	88	11	72	57	5	37	12	53	10	21	81	24	18	18	83	20	41	62	20	24	5	50	2	92	38	2	53	40	37	3	10	50	8	97	92	91	82	40	60	43	1	59	5	74	39	39	20	39	79	17	43	54	22	36	31	37	6	63	63	13	91	19	11	45	51	18	43	83	17	91	35	38	31	42	98	85	5	79	54	63	42	31	16	67	68	15	60	46	28	25	94	67	2	1	76	78	98	29	53	42	3	6	63	73	100	22	46	73	49	96	47	13	7	35	29	83	21	60	80	33	23	
55	99	57	57	52	34	11	32	90	37	63	95	33	67	23	22	45	49	89	36	67	55	11	30	50	34	63	12	40	14	12	85	77	54	28	6	23	26	79	38	60	66	26	8	67	82	13	53	58	65	71	12	68	93	73	47	70	78	29	60	79	35	16	47	40	61	88	15	36	96	23	56	46	94	100	39	44	66	21	83	69	59	28	8	74	77	36	57	43	33	28	14	84	42	87	2	42	5	23	73	88	78	83	13	8	89	71	17	25	36	84	74	7	89	52	2	50	4	71	46	85	86	78	34	97	57	79	50	24	49	26	20	15	34	17	76	21	66	21	87	9	28	39	40	16	38	91	45	95	25	51	42	76	95	26	73	74	16	29	97	1	58	74	98	20	37	24	99	53	17	94	63	43	37	73	8	49	80	63	57	76	62	99	64	28	41	49	45	19	21	83	44	88	59	92	7	49	80	6	45	
95	22	81	46	73	70	2	4	9	90	82	54	100	41	85	94	84	18	75	84	64	41	33	67	5	81	1	16	98	78	69	87	11	78	22	11	2	56	96	18	56	84	80	90	84	48	33	20	3	27	40	60	65	56	73	7	61	47	3	82	15	95	85	20	82	74	23	32	34	44	74	79	76	91	52	30	92	8	52	21	99	51	11	73	60	60	93	37	30	76	11	46	48	6	39	20	48	42	3	58	3	76	22	83	50	35	15	29	61	41	72	71	64	82	37	22	55	67	22	70	78	56	67	79	86	54	51	29	3	64	48	25	17	45	92	52	9	14	43	17	14	80	45	2	34	29	91	47	66	69	4	98	95	15	21	85	45	7	39	41	54	47	61	99	37	84	100	64	54	2	82	76	1	79	80	2	52	60	67	3	58	26	49	98	92	50	92	71	68	79	52	95	32	37	32	64	52	25	21	46	
26	42	22	73	27	80	94	61	10	21	64	17	34	83	52	83	77	62	7	12	51	64	31	22	72	12	87	43	47	39	1	1	80	34	50	78	27	23	74	87	40	82	99	94	84	5	95	84	53	49	52	43	31	27	20	43	98	80	28	75	20	1	51	65	71	89	5	11	100	39	8	40	25	89	61	94	53	75	44	76	84	16	96	85	50	45	41	84	54	56	21	4	85	1	85	80	5	12	30	71	73	43	46	48	26	20	35	55	48	64	80	40	4	49	69	68	33	93	7	9	55	47	99	82	43	98	100	44	79	65	61	23	22	31	83	75	13	45	44	41	88	9	44	92	35	5	83	25	59	11	86	85	26	21	26	8	17	95	73	95	32	93	9	89	63	68	31	61	5	53	20	49	43	48	16	33	5	50	11	26	50	44	20	8	98	34	72	49	92	60	20	29	71	26	97	90	60	97	86	39	
70	13	19	82	75	73	59	86	8	18	27	7	86	80	90	100	80	85	16	72	46	19	13	93	62	78	68	1	19	27	22	97	74	54	78	74	84	93	86	63	60	4	51	57	52	9	100	20	93	6	37	52	8	76	84	7	58	33	86	77	78	34	26	78	47	43	65	68	97	77	44	99	6	87	64	100	32	96	27	71	89	72	97	75	58	65	56	99	20	4	92	79	41	59	12	36	95	26	85	63	66	93	43	63	43	81	83	62	30	29	43	7	76	31	27	98	51	29	49	62	44	46	49	20	14	91	48	83	6	9	85	36	73	17	58	10	14	13	20	6	21	66	48	55	38	79	85	86	19	47	36	5	73	85	8	43	70	10	91	43	68	2	88	61	71	88	89	16	69	47	13	46	59	75	99	34	39	80	49	37	31	89	97	16	98	84	73	58	74	8	23	22	36	54	95	69	57	76	86	53	
87	92	40	100	73	43	100	97	90	85	77	31	4	36	100	3	24	89	92	13	48	35	67	22	35	8	27	95	57	71	76	4	19	17	7	24	5	10	88	81	74	65	49	40	61	4	5	20	58	51	29	45	61	36	56	4	64	48	42	15	48	91	85	42	78	57	52	16	29	22	29	58	21	72	67	79	83	10	100	65	42	24	80	46	46	99	95	98	99	11	10	32	69	13	82	73	11	52	25	74	100	91	50	18	57	100	81	81	45	52	68	100	51	21	72	87	88	88	28	74	13	1	5	64	48	80	81	100	76	10	94	17	24	78	85	94	74	96	89	27	49	99	10	36	96	70	96	11	31	4	83	79	74	45	17	70	66	97	61	94	92	18	66	6	11	14	82	24	13	42	37	78	91	88	20	74	51	80	45	53	68	17	67	94	99	61	77	9	4	65	93	37	69	10	26	9	64	20	80	99	
87	88	68	82	42	50	33	83	18	94	68	44	45	46	87	25	100	42	46	45	16	36	83	97	88	32	62	84	39	80	19	32	51	19	33	5	54	62	19	6	40	40	30	76	45	99	76	66	51	83	35	95	96	8	2	92	74	4	35	52	75	50	62	47	11	68	8	94	51	31	92	61	8	2	54	19	45	83	2	54	23	79	4	91	42	86	27	5	17	49	86	43	72	22	62	81	97	40	20	22	40	36	61	33	32	99	92	60	18	36	65	62	41	40	75	60	45	9	6	85	53	18	23	35	83	80	14	10	26	9	70	68	93	87	46	13	50	10	48	10	61	62	15	16	67	8	28	58	6	24	72	54	16	7	95	10	97	94	10	13	35	45	50	58	93	86	10	46	100	77	76	23	43	58	50	82	95	27	29	53	6	4	52	93	14	27	61	28	40	47	72	3	23	8	90	4	9	5	80	22	
45	58	95	59	26	37	40	2	1	85	59	14	65	59	54	23	19	51	36	55	71	53	70	63	12	43	9	55	32	31	46	17	29	6	44	4	74	46	32	51	13	45	19	17	22	29	55	77	54	15	73	43	58	12	13	73	89	52	77	69	94	69	1	95	46	72	34	36	36	52	15	6	76	70	98	75	21	47	20	62	22	6	52	94	1	3	14	79	96	67	43	24	69	47	13	50	36	71	77	57	78	19	31	59	99	8	95	87	14	23	94	24	4	77	15	42	24	51	7	84	74	14	42	79	99	97	30	61	41	3	35	1	85	15	20	49	93	56	5	91	67	51	77	35	30	27	10	50	47	23	45	63	29	39	73	91	61	10	3	49	86	47	6	43	79	6	45	53	73	38	10	16	92	81	72	37	89	90	43	8	18	44	36	44	56	27	29	69	33	97	66	60	87	7	97	44	69	89	97	9	
29	9	61	26	46	23	89	67	54	32	58	68	47	23	63	36	38	13	19	60	2	14	73	52	18	53	41	65	11	96	15	85	14	56	77	54	46	66	29	91	100	20	52	57	63	98	88	13	78	28	63	58	44	92	69	40	76	39	62	5	35	63	35	20	67	86	30	12	58	47	1	43	82	2	4	57	47	9	77	85	13	88	57	23	54	90	83	84	63	29	60	12	21	5	41	75	50	52	97	90	61	88	74	72	64	46	90	95	49	7	95	14	35	24	67	73	14	80	17	61	3	36	80	23	21	95	9	62	84	31	73	39	97	42	73	14	100	83	86	4	7	71	64	44	11	1	18	98	82	76	61	42	97	41	95	43	94	13	49	91	62	18	54	54	47	36	36	60	81	44	15	75	30	15	76	56	67	25	42	80	59	35	74	99	21	60	6	44	11	3	99	39	15	7	45	75	1	83	41	22	
85	43	11	68	30	17	75	73	27	76	21	30	80	98	30	86	66	73	62	52	14	75	31	95	36	65	52	4	63	66	54	18	22	13	23	6	83	34	77	77	35	55	55	40	78	28	98	43	56	1	70	85	25	7	20	90	12	92	87	23	29	77	60	32	82	84	58	1	58	72	70	6	63	68	50	75	69	76	48	7	3	41	59	79	26	50	97	1	26	67	52	81	56	10	41	2	11	19	72	28	92	22	5	96	91	81	33	76	82	79	59	30	4	63	32	46	75	38	44	57	87	50	53	91	71	51	4	55	30	74	50	49	3	28	80	76	33	50	55	41	56	5	29	22	54	26	88	9	14	64	50	31	1	54	32	68	92	35	86	62	55	83	9	4	38	51	36	100	49	98	79	96	71	95	83	66	100	58	32	48	8	98	12	73	52	17	24	55	11	25	60	18	75	19	22	88	12	37	42	19	
86	95	20	67	12	12	94	61	18	34	77	42	80	22	53	75	23	10	26	97	65	27	19	29	69	87	7	76	1	11	78	35	56	83	13	77	3	16	24	32	35	23	15	97	20	66	14	60	21	45	97	98	19	25	34	52	52	60	42	42	45	94	43	46	76	51	69	19	67	15	45	25	42	54	94	96	32	99	49	44	6	30	44	51	12	25	80	40	53	93	8	41	77	75	82	14	55	38	41	89	55	58	9	71	17	69	37	77	1	2	84	13	44	91	19	86	92	3	80	31	34	4	41	4	47	37	46	40	40	25	69	73	3	69	18	38	55	70	93	23	85	33	87	74	96	13	96	40	52	1	31	16	58	47	93	2	18	45	47	18	83	52	81	46	75	48	49	19	9	66	59	80	55	63	71	56	22	68	24	58	65	62	22	87	38	24	4	74	20	20	32	71	82	4	64	23	70	83	85	50	
61	58	95	83	35	26	42	48	12	52	78	64	92	61	76	15	73	70	83	8	60	94	12	52	50	73	85	75	24	96	24	69	4	11	31	41	85	49	32	41	81	81	21	86	46	22	80	11	68	95	34	8	21	59	95	53	93	64	54	86	52	37	23	36	64	83	85	85	94	14	80	97	37	62	100	31	57	93	42	91	46	7	44	65	1	40	32	59	46	40	82	37	19	71	16	17	42	30	99	71	46	3	90	58	91	12	98	99	83	2	80	76	82	75	85	6	40	47	71	63	27	74	98	62	74	49	93	89	14	91	40	13	14	59	82	12	34	78	71	52	9	54	5	87	88	68	30	58	44	8	73	67	74	61	9	88	66	50	6	54	9	81	15	18	68	82	29	98	55	35	74	21	56	56	4	53	10	58	18	48	13	96	23	66	57	74	34	6	43	37	82	35	96	90	33	41	10	47	34	41	
77	38	66	11	95	95	99	38	8	69	44	38	47	61	59	4	65	18	34	50	77	58	64	15	51	27	86	96	40	15	22	40	22	43	85	33	82	69	82	86	33	5	58	89	37	14	56	98	59	55	51	50	100	47	17	47	33	50	27	29	67	57	75	80	53	42	68	16	6	56	65	76	33	22	81	74	54	56	18	22	25	76	37	22	45	60	4	73	38	91	57	50	98	82	61	3	93	70	78	23	15	39	89	76	10	57	16	33	23	74	86	56	22	74	46	97	53	55	79	16	31	55	59	85	94	20	12	48	19	20	23	46	80	97	12	77	98	62	33	21	45	31	54	91	29	1	73	84	97	36	40	68	98	99	89	61	6	58	43	54	4	46	18	60	93	14	13	33	94	46	34	45	56	50	48	71	61	59	93	28	53	96	11	28	16	77	64	41	6	12	46	85	16	49	8	28	63	64	45	24	
26	81	74	50	47	96	5	13	27	28	24	15	93	56	82	71	97	73	66	31	5	36	57	99	53	26	72	69	60	5	93	5	70	39	20	76	39	12	14	49	97	12	87	94	78	55	54	91	55	47	100	49	90	33	2	56	9	68	24	60	26	41	83	60	99	5	96	47	85	79	83	100	87	42	7	37	40	51	38	67	8	21	33	80	42	1	30	28	98	75	47	37	2	10	70	34	86	53	14	23	44	38	49	63	35	32	10	2	42	63	10	75	13	84	56	85	42	64	21	6	61	14	9	70	66	1	50	2	89	69	16	63	7	2	69	74	15	26	25	22	50	47	27	98	75	39	46	63	74	99	66	15	20	37	63	71	11	93	79	47	38	75	68	93	35	79	46	49	40	45	83	45	12	3	71	59	44	29	57	88	35	18	23	42	18	88	29	13	92	26	70	98	12	59	98	63	65	1	8	45	
50	2	11	66	46	69	7	79	44	1	92	59	69	28	66	45	54	10	15	30	93	47	50	48	87	61	17	12	64	77	87	66	29	44	59	18	47	3	59	31	71	87	61	23	11	96	8	29	44	96	86	94	84	24	60	55	79	43	71	94	70	14	60	53	24	79	99	91	36	64	93	12	29	77	4	76	47	93	67	88	71	17	78	48	51	73	74	24	85	7	64	18	18	23	55	29	41	98	5	44	76	67	78	29	15	14	18	37	100	61	13	39	57	98	20	22	43	57	90	62	15	59	95	50	52	50	81	82	86	12	50	83	44	27	95	11	46	53	56	89	91	52	8	96	12	24	64	94	56	95	35	60	37	84	68	88	14	86	6	36	51	48	82	14	79	72	75	50	22	41	25	80	17	99	57	64	75	1	60	49	5	82	52	65	42	3	28	73	95	35	44	24	37	67	7	46	51	49	1	35	
50	8	60	94	51	59	56	23	35	16	99	86	47	66	80	19	4	98	32	55	2	12	8	20	59	34	70	75	55	40	46	3	38	82	13	17	15	61	12	48	27	65	33	8	72	26	83	33	20	68	57	40	87	25	100	100	8	70	43	83	96	44	34	31	91	52	75	93	24	91	80	67	3	50	23	59	81	1	6	47	30	46	6	20	6	88	37	61	2	34	22	29	32	58	46	75	24	51	58	42	95	60	84	7	82	85	57	70	90	46	32	76	89	12	35	96	96	66	68	19	44	42	61	87	85	21	23	22	54	18	91	70	23	15	28	37	41	55	66	27	53	38	82	17	95	86	63	71	21	72	96	46	24	100	31	89	82	10	45	36	36	49	29	13	46	75	21	86	15	1	86	69	78	47	77	75	11	80	67	33	68	64	72	52	58	39	66	18	41	57	87	62	54	43	100	41	39	12	3	42	
33	17	24	70	75	14	36	58	69	2	51	69	79	69	23	93	73	11	24	34	38	67	28	94	84	42	20	39	62	34	39	72	41	88	34	62	34	36	58	49	39	67	87	38	51	73	82	41	82	37	98	69	68	88	6	48	56	68	24	85	32	77	23	45	11	76	49	71	33	10	31	61	43	18	35	66	16	44	52	46	66	90	30	91	63	99	51	21	73	76	46	98	88	1	52	43	86	38	12	36	71	97	34	86	87	50	70	59	35	27	73	17	89	98	27	55	64	30	60	35	15	54	9	83	32	5	17	37	61	63	78	56	22	75	67	71	1	90	97	18	40	98	20	18	14	62	58	52	56	89	31	28	99	64	61	16	24	46	53	60	100	19	98	33	49	50	86	81	69	54	42	17	92	20	63	76	13	48	53	77	36	25	76	59	100	85	57	86	95	9	41	60	29	67	1	48	77	62	37	13	
16	38	44	83	43	41	82	4	46	68	84	69	18	27	12	41	75	78	53	41	1	37	88	58	97	3	66	82	43	22	92	27	82	31	71	93	76	28	82	81	54	41	91	31	81	74	65	71	52	80	33	25	61	44	87	62	81	80	92	97	98	52	38	58	2	54	74	5	18	91	52	52	53	40	70	83	2	18	67	11	31	81	91	12	58	66	6	64	17	93	7	65	5	75	28	46	42	4	59	93	18	98	26	45	49	69	93	82	47	21	34	57	58	85	89	12	94	31	23	3	57	4	85	52	61	31	100	44	71	98	35	44	39	86	81	55	78	9	37	3	76	46	39	90	17	5	13	1	64	61	55	25	53	54	5	69	13	100	73	81	49	9	55	94	40	22	15	69	63	68	8	9	65	2	100	17	96	18	100	92	9	59	4	80	88	30	48	90	100	62	58	73	66	87	73	3	24	97	63	41	
97	58	91	61	68	13	23	95	83	74	88	7	25	58	10	66	56	49	68	43	58	56	71	75	81	28	62	41	68	20	21	34	9	53	61	21	61	40	50	84	99	67	48	63	15	95	64	10	61	16	22	31	41	23	27	35	82	27	52	100	9	72	33	50	20	24	62	99	34	59	8	5	87	94	63	5	58	24	13	44	67	90	42	25	11	45	35	51	99	52	27	78	59	72	53	96	8	53	79	72	44	46	63	86	84	90	60	73	64	90	27	79	73	40	24	26	53	95	54	57	37	66	99	96	2	42	69	59	63	19	62	98	16	52	90	52	12	57	15	48	35	69	67	75	32	16	29	52	77	92	17	94	17	2	53	47	42	77	38	44	98	66	35	46	45	41	1	54	68	8	53	94	11	98	77	13	21	82	1	100	48	11	91	20	90	65	59	17	13	35	20	46	58	80	34	92	94	65	18	85	
71	1	3	91	97	81	76	41	60	21	22	48	40	10	38	6	73	61	63	45	7	16	65	39	55	48	2	77	46	8	53	53	81	91	57	29	12	81	79	15	95	42	69	92	55	87	22	47	84	91	34	8	39	6	4	47	23	3	37	96	13	35	50	46	63	99	49	94	80	28	17	62	22	18	74	41	38	57	91	23	21	37	78	21	4	73	30	71	48	69	71	92	5	57	33	73	99	13	96	51	72	32	54	61	19	19	32	86	15	58	7	46	57	62	73	24	47	71	69	40	100	42	39	45	40	80	47	25	9	24	97	41	68	1	52	76	60	74	33	58	9	79	87	48	45	61	10	53	48	80	84	67	94	82	20	13	37	76	10	15	79	59	74	34	83	25	86	42	8	53	73	57	94	24	8	56	75	41	99	4	43	96	17	71	20	51	22	95	5	90	86	21	55	40	41	80	58	28	28	58	
21	67	60	26	94	13	92	25	18	57	72	75	7	96	14	25	70	17	38	49	51	12	84	32	91	34	96	43	39	11	29	32	98	85	69	22	20	51	86	3	22	9	51	58	10	89	22	57	83	13	2	2	86	18	84	83	33	91	39	76	31	82	78	14	43	70	12	43	66	6	15	63	44	78	33	30	23	73	11	23	50	94	11	67	66	92	60	1	15	99	43	50	87	60	89	1	88	76	25	28	4	37	88	89	36	31	55	69	19	2	40	7	21	81	9	68	85	93	41	64	49	67	91	37	77	1	1	98	66	62	36	92	24	28	15	67	67	13	64	57	88	57	69	54	19	13	94	4	4	12	71	2	63	76	49	46	78	23	16	75	96	80	21	45	45	80	69	17	9	94	57	90	97	76	72	10	68	37	43	43	34	88	68	59	90	33	87	4	46	74	39	76	29	61	34	73	10	58	12	33	
7	19	6	34	57	50	57	35	71	25	95	77	87	99	60	80	90	3	65	99	14	56	2	39	64	100	72	94	58	78	53	12	67	67	40	34	12	57	74	52	12	25	6	4	70	62	43	92	86	53	94	79	19	30	29	55	53	65	52	88	32	17	30	8	2	10	39	36	94	22	30	42	74	56	21	41	72	77	75	74	98	98	36	39	50	65	60	37	19	56	85	5	60	19	29	100	83	64	44	95	68	49	68	20	95	30	65	60	5	24	78	46	18	5	85	65	84	1	45	35	62	26	38	69	39	54	92	56	28	89	7	85	22	32	54	37	89	23	90	90	24	14	27	36	76	61	30	51	36	18	38	1	43	1	43	59	91	43	92	30	71	55	56	56	12	17	78	92	65	11	94	97	68	72	84	35	76	82	96	59	11	80	88	94	70	35	80	31	40	55	61	40	78	12	9	23	30	14	58	68	
82	60	77	100	33	46	46	79	54	28	16	5	55	33	97	77	52	67	23	70	51	52	33	62	90	23	87	69	84	26	61	62	36	34	70	14	73	3	91	74	65	86	83	42	34	47	95	92	90	24	65	42	52	12	91	1	94	31	31	20	83	5	55	46	91	1	55	83	18	76	68	77	57	8	17	59	48	48	28	64	37	76	6	83	23	99	29	42	28	41	88	38	44	42	57	35	4	93	86	50	83	12	40	26	65	61	60	32	54	76	72	90	66	66	1	40	74	2	5	56	7	59	53	21	12	58	45	39	28	100	83	39	27	5	77	94	83	20	26	92	84	73	36	91	74	35	82	99	60	89	43	76	37	79	48	75	88	58	81	15	95	63	56	50	3	99	47	20	2	98	24	76	72	87	45	87	61	38	81	76	86	10	1	24	67	24	100	82	54	4	4	94	37	69	13	20	33	33	2	34	
69	89	95	18	51	42	67	51	79	40	37	82	82	11	50	91	46	9	86	8	74	96	78	41	19	6	93	44	63	13	58	16	87	58	94	19	55	96	64	85	88	77	73	91	1	25	18	24	96	79	83	50	56	83	80	100	70	59	75	44	53	76	30	60	5	23	100	9	49	61	86	39	96	53	71	44	63	47	41	45	76	16	9	62	34	74	66	37	57	1	16	17	77	5	30	1	82	36	40	27	92	66	26	7	25	32	93	36	30	13	68	29	60	67	6	28	16	88	46	67	87	36	40	89	13	29	86	28	95	28	95	17	80	99	62	23	64	34	28	40	29	12	87	28	84	10	46	16	8	67	17	78	73	80	16	99	20	50	72	76	83	71	4	48	71	57	77	63	100	77	8	72	84	45	11	47	6	27	74	87	79	99	71	69	52	62	48	12	8	91	48	88	34	99	52	84	20	15	25	74	
44	2	91	31	65	2	51	56	45	6	88	59	35	55	65	30	34	17	68	76	64	89	50	27	41	75	46	33	98	56	66	18	39	87	61	42	96	68	87	53	58	40	54	74	34	94	89	67	47	35	26	48	13	30	16	37	61	47	27	41	61	19	48	99	50	80	90	99	38	14	63	71	70	5	50	27	24	19	45	90	76	92	89	45	61	51	20	61	37	85	7	19	86	98	35	81	93	67	17	59	70	25	24	25	76	37	64	42	45	5	58	19	32	30	40	19	73	67	3	82	99	100	18	2	79	71	40	48	40	87	7	35	15	11	7	33	92	21	30	38	42	29	33	97	64	53	70	99	3	84	53	98	8	2	33	34	74	82	37	56	66	56	53	71	59	64	75	76	17	13	56	10	35	87	47	18	78	35	59	56	27	25	7	93	21	92	47	24	67	2	45	47	74	24	71	3	69	69	78	79	
8	94	50	26	54	49	56	99	14	64	4	86	25	29	36	38	51	50	28	76	47	35	15	82	71	95	60	49	47	51	9	46	23	49	28	40	9	33	64	9	65	87	20	62	64	37	55	94	97	26	13	28	86	55	78	69	78	93	76	92	96	44	42	49	24	62	25	29	67	92	49	42	81	23	24	70	61	91	2	73	84	66	55	10	56	67	50	70	87	97	42	50	76	42	42	30	26	82	96	74	34	93	18	66	88	1	93	56	97	98	67	48	30	2	33	80	39	44	82	13	30	78	12	53	68	26	83	57	65	33	10	71	73	95	78	41	29	33	6	64	64	4	65	76	46	18	2	81	21	34	85	29	49	52	5	39	51	95	89	67	100	22	10	61	44	75	11	13	96	21	75	68	76	61	6	78	2	9	59	1	30	53	14	91	54	15	11	23	42	18	78	20	48	65	47	12	27	70	2	67	
15	73	98	54	14	89	65	84	91	74	68	99	95	79	38	51	44	85	18	51	81	44	90	72	59	93	28	12	6	31	49	60	6	28	85	61	20	52	99	53	75	84	96	33	33	31	3	69	21	24	24	89	17	33	92	84	67	15	96	9	7	34	37	32	33	94	19	50	73	30	19	23	83	2	90	43	56	61	35	57	61	85	73	47	29	56	7	70	27	61	76	88	54	19	54	35	80	60	36	18	4	84	84	5	43	79	30	16	65	59	2	57	83	9	36	81	53	7	88	76	98	19	83	58	92	20	71	48	83	38	28	90	82	3	34	47	98	2	39	64	4	87	47	61	79	55	100	17	43	99	15	53	80	60	50	80	80	27	90	25	58	68	58	59	29	1	80	48	18	82	41	37	82	38	27	35	9	21	3	65	8	19	69	10	28	78	99	83	60	48	25	93	97	3	71	87	84	76	61	25	
28	23	65	48	95	74	4	90	21	29	49	38	75	81	32	46	15	70	50	23	20	27	72	14	27	94	19	79	64	80	16	89	16	49	17	66	31	23	81	86	81	2	45	49	34	70	77	87	51	72	46	34	56	18	62	40	20	62	16	91	52	39	28	51	53	29	17	66	45	27	4	13	95	14	72	4	57	74	72	73	35	54	48	20	73	99	47	55	9	11	65	62	53	74	18	29	52	14	99	73	1	99	16	97	16	85	56	87	65	61	81	45	54	82	31	79	62	1	79	43	27	85	97	54	17	11	9	73	28	46	75	75	94	76	78	2	8	25	50	73	10	45	61	39	93	67	81	80	60	41	14	42	63	67	11	49	45	29	43	42	32	24	18	93	57	60	67	53	100	1	99	43	96	81	74	59	59	3	38	91	72	94	86	60	53	30	79	37	11	90	31	67	63	50	48	45	76	84	21	45	
32	99	1	75	62	30	56	19	79	66	50	58	29	6	67	68	59	39	30	28	62	2	2	3	85	67	97	83	30	86	90	58	98	12	28	79	57	34	9	99	5	36	62	52	26	92	40	60	36	70	15	30	64	26	12	18	28	19	74	99	76	2	57	16	11	84	53	51	24	86	82	31	45	15	2	4	59	99	34	50	37	85	77	55	77	32	35	12	46	45	36	76	78	25	81	21	10	71	29	79	78	33	99	47	40	11	6	23	4	100	66	1	95	18	46	10	89	100	75	89	81	31	29	34	8	79	36	96	51	11	28	75	32	69	97	65	84	94	17	63	85	87	94	79	55	48	94	16	96	1	66	3	57	3	26	37	53	53	8	80	48	58	48	28	88	49	33	77	92	100	4	43	59	76	87	56	1	65	91	29	35	32	88	37	53	98	45	56	42	73	32	82	71	40	28	62	33	64	63	94	
1	40	47	78	13	85	13	79	51	4	9	41	96	22	91	89	19	12	69	93	34	22	11	37	39	68	51	35	84	37	24	7	37	73	47	56	66	41	4	25	95	40	68	16	88	67	87	84	33	86	61	63	98	43	28	62	91	51	45	18	27	61	46	57	81	59	92	39	70	5	21	39	79	33	35	90	87	5	90	22	58	1	57	58	5	57	69	44	2	65	9	44	98	75	33	42	24	26	77	26	83	47	95	38	85	12	36	40	22	29	59	85	15	69	14	69	12	32	93	65	78	81	65	70	68	3	87	76	97	95	42	64	20	29	95	8	70	1	1	53	88	73	35	79	48	90	18	49	74	44	33	6	76	58	50	31	68	6	18	59	8	65	13	53	35	5	68	36	9	48	43	34	11	86	79	27	30	8	72	35	39	61	50	45	74	47	21	48	57	76	39	89	33	64	86	79	24	91	85	78	
11	50	45	64	40	28	28	48	45	40	19	20	49	94	8	49	20	41	28	56	83	72	87	10	47	73	11	37	27	44	17	24	47	7	13	85	99	7	12	31	70	24	33	57	55	8	36	86	89	89	88	42	88	85	4	22	31	4	57	69	61	22	43	15	39	60	21	63	64	78	89	16	25	20	14	50	74	28	27	87	45	30	39	8	41	35	76	69	40	22	13	73	45	85	92	50	26	26	79	85	24	69	69	90	41	44	18	37	78	34	25	81	36	31	73	57	90	92	45	87	45	28	60	12	51	97	59	10	33	23	66	16	60	4	9	69	41	61	38	99	84	29	42	70	89	100	61	12	100	17	16	63	62	26	44	89	17	4	44	35	98	62	96	96	18	82	64	25	59	11	96	88	80	10	99	25	53	19	94	32	61	4	71	18	78	16	10	49	22	84	9	86	85	11	63	36	20	47	42	1	
54	62	52	100	34	85	94	28	17	91	25	66	13	2	40	7	22	79	38	82	88	100	43	45	44	25	39	31	50	1	35	39	67	66	3	78	34	28	67	8	10	94	59	71	15	41	64	88	11	3	50	14	95	95	15	27	22	21	13	24	61	12	84	99	79	10	67	50	100	85	45	12	51	72	95	48	88	9	41	50	65	94	16	19	65	86	88	42	14	18	16	58	14	5	56	22	79	68	73	66	90	51	68	33	51	75	13	22	37	55	20	74	67	8	49	50	51	86	8	60	83	52	84	17	31	71	98	65	65	87	54	70	13	6	6	26	56	84	18	26	61	69	32	36	14	8	40	53	88	31	52	73	99	49	20	97	67	52	36	74	12	22	23	11	23	52	72	76	4	91	17	68	88	1	71	7	14	69	86	88	50	71	13	86	87	11	50	42	23	91	35	44	41	54	65	70	90	28	13	65	
71	92	7	60	54	80	67	89	2	69	88	39	36	85	12	6	96	72	18	78	66	94	71	88	17	22	89	85	53	17	49	30	42	77	34	58	13	69	32	18	85	6	43	4	3	75	82	54	24	100	45	22	16	35	26	20	3	64	20	81	56	89	83	53	25	89	77	48	97	76	8	95	88	93	39	51	5	48	35	47	90	40	12	1	17	92	89	36	72	55	98	74	95	51	66	42	22	50	28	18	51	9	15	59	17	21	17	74	58	95	44	30	83	81	66	5	19	13	73	90	84	57	92	42	57	6	40	39	77	58	92	54	20	22	43	20	14	60	37	12	43	9	61	83	91	73	39	12	62	45	19	100	64	98	8	16	94	93	44	99	73	87	66	28	42	65	52	59	80	20	71	59	94	24	69	93	91	10	60	37	45	18	86	24	6	23	13	8	95	74	67	30	14	1	87	53	95	73	23	84	
16	87	97	15	8	29	78	33	43	44	4	38	29	73	42	3	46	66	31	100	31	87	12	74	100	83	36	51	83	18	26	48	59	61	9	51	84	35	32	5	69	55	55	55	19	58	16	2	20	69	42	33	60	68	10	86	83	65	52	22	34	64	36	26	3	52	65	44	90	11	44	41	31	83	55	2	19	65	27	11	16	10	88	13	92	75	89	54	54	31	42	40	46	77	82	53	82	9	66	75	11	72	43	70	55	90	42	9	81	42	54	39	53	16	15	80	4	74	6	25	51	32	15	14	9	45	55	86	14	88	31	16	90	60	25	31	7	59	66	78	45	32	93	94	69	97	70	3	45	47	28	22	28	92	98	98	99	14	56	21	52	38	57	16	18	42	58	100	88	90	20	90	70	67	52	21	54	28	53	53	74	78	87	6	56	94	56	43	60	40	1	16	82	91	42	78	69	44	8	13	
21	93	52	42	38	85	48	91	13	36	69	88	5	97	22	90	15	82	55	12	55	77	84	44	75	81	87	91	46	51	98	91	77	13	37	13	4	66	59	86	37	81	99	97	100	46	71	15	11	11	77	74	58	54	48	17	6	90	21	19	98	51	81	89	6	12	57	19	21	77	1	18	46	100	74	24	36	61	8	82	12	40	24	85	100	59	29	98	32	26	62	98	13	30	93	78	21	62	82	87	27	5	93	64	2	90	83	5	36	8	61	24	82	89	73	84	13	11	19	41	1	38	96	66	71	49	61	17	55	36	9	97	4	82	48	50	62	68	69	93	38	1	32	68	75	21	46	39	90	25	79	46	41	50	34	84	61	27	27	60	17	24	74	77	88	3	39	85	30	65	51	33	35	24	62	92	15	78	30	98	47	16	11	23	94	60	57	23	29	25	63	85	54	19	36	18	30	22	92	77	
14	41	53	15	43	61	69	41	86	40	50	69	42	47	76	90	73	73	17	100	89	31	63	53	5	78	11	44	69	8	61	12	92	68	83	68	14	75	55	30	88	63	79	79	43	56	10	46	88	95	75	1	82	14	64	47	94	89	30	24	88	17	75	49	76	16	95	84	47	24	57	61	55	58	85	90	54	54	71	97	7	70	67	7	1	46	49	99	59	6	42	52	28	47	16	75	58	76	39	65	44	38	95	80	32	35	74	58	60	96	83	83	82	86	95	95	6	96	67	61	37	70	62	87	48	100	56	31	89	55	31	92	29	100	6	95	12	93	54	48	21	99	91	59	15	8	36	8	76	10	6	73	49	92	72	73	77	61	29	6	24	4	34	64	29	28	66	57	48	59	22	87	80	100	48	47	11	99	79	45	21	10	50	13	56	57	17	5	23	65	77	6	20	56	13	17	12	13	84	3	
24	16	73	26	88	14	87	16	97	19	99	2	41	27	78	4	77	91	20	21	42	9	73	26	87	59	77	17	20	77	33	73	67	20	90	36	50	54	33	20	21	66	41	26	34	27	59	2	26	17	21	63	33	14	2	97	73	11	25	91	65	28	95	22	29	57	78	84	6	65	10	42	88	61	85	10	36	38	45	79	36	63	76	12	92	14	60	38	42	80	8	15	40	3	96	98	74	92	54	96	55	82	57	23	72	66	12	50	35	12	15	97	92	12	15	36	42	15	56	27	35	96	89	51	6	42	57	78	81	82	70	1	85	100	59	4	51	22	9	36	69	72	27	9	78	81	82	11	91	75	36	49	45	71	49	58	9	28	69	44	55	74	6	41	13	73	18	86	90	17	95	4	31	82	12	24	23	83	37	56	48	49	42	8	43	23	5	25	17	80	96	70	2	34	86	69	10	65	8	100	
46	34	13	19	35	99	92	98	88	68	36	72	81	100	49	32	54	46	61	60	96	43	90	79	68	7	3	14	38	86	40	60	77	26	37	44	73	44	83	55	81	39	38	10	70	35	99	73	2	20	53	21	3	80	25	2	68	25	29	57	55	43	96	28	88	66	76	25	89	99	90	27	17	55	17	25	11	57	70	49	29	90	51	8	25	35	73	98	66	59	24	71	2	4	19	91	8	100	49	44	74	22	95	23	51	56	45	48	5	46	98	89	93	58	13	92	81	72	71	36	43	37	22	43	18	15	22	11	80	43	93	90	55	70	85	98	73	33	46	94	3	63	26	66	96	51	82	81	76	33	17	96	19	68	92	74	4	40	33	11	11	20	43	6	92	95	41	95	100	13	5	46	40	54	8	67	42	60	11	42	57	22	23	95	60	29	23	17	41	13	26	77	76	78	75	61	10	64	81	88	
86	72	69	32	29	85	16	52	79	14	98	35	30	70	43	80	49	26	88	58	16	95	33	30	95	72	7	100	92	34	80	75	31	77	66	25	30	36	14	87	59	57	13	99	6	67	83	96	33	34	97	38	71	63	46	81	16	85	80	78	69	79	93	66	20	20	20	37	39	27	46	33	19	94	76	62	23	84	76	60	72	100	25	42	61	9	83	31	80	93	1	92	100	12	72	20	39	76	81	39	83	19	91	51	15	40	64	95	54	20	54	3	99	93	50	55	14	40	28	94	24	26	31	100	86	16	72	57	10	16	64	91	95	77	57	42	80	34	19	10	2	25	88	42	100	46	45	37	92	92	12	47	21	79	60	8	65	47	97	3	25	20	37	12	26	35	57	9	62	35	90	74	55	4	91	2	18	48	90	73	76	84	91	74	40	25	65	80	13	35	46	17	41	100	55	41	17	85	88	70	
22	69	66	94	57	13	74	34	63	62	11	80	61	6	15	67	68	43	99	85	75	87	19	37	79	100	50	98	1	1	27	18	94	14	57	24	68	54	43	100	15	27	25	11	61	63	2	24	39	1	72	71	28	92	62	69	49	81	30	78	81	66	9	45	49	22	88	72	70	99	39	80	13	70	95	14	79	31	18	31	28	77	73	73	39	56	86	72	53	47	94	86	68	5	20	85	80	67	94	24	49	53	22	97	51	43	83	18	74	14	68	39	2	12	46	4	85	8	46	76	27	35	74	94	79	45	51	81	10	82	10	80	25	28	27	78	21	99	35	50	40	88	6	62	87	21	20	22	54	68	99	13	83	52	20	23	93	72	66	99	60	32	82	46	70	44	87	41	58	20	86	39	61	4	48	45	78	25	31	32	39	9	35	67	1	63	77	96	26	46	90	75	46	95	60	54	50	41	87	7	
76	92	76	21	26	67	98	21	94	5	17	61	63	35	17	73	76	97	2	45	88	26	91	9	27	42	91	80	28	63	15	34	96	21	87	10	33	52	89	82	88	36	12	84	20	6	76	82	9	62	3	75	58	90	45	59	21	83	59	55	55	70	57	10	28	11	7	78	17	30	24	88	49	56	67	80	67	36	92	46	23	83	97	20	95	70	70	93	17	43	57	99	68	28	4	47	35	32	10	65	58	77	93	14	18	22	4	83	85	9	79	31	56	37	55	46	100	96	9	20	53	37	24	26	50	11	10	61	90	90	66	35	18	88	88	50	53	96	7	76	60	32	92	62	65	56	47	19	92	71	4	7	44	95	29	22	37	3	60	39	18	71	35	85	98	24	62	60	73	46	21	76	40	94	88	47	20	93	67	82	89	86	44	30	16	85	6	70	77	17	75	43	50	100	6	80	43	22	19	13	
28	97	45	30	26	23	25	21	7	38	1	39	52	27	61	96	35	75	74	36	48	48	95	49	54	68	86	82	67	40	18	89	16	86	1	94	93	67	58	84	30	87	25	68	10	98	93	2	57	82	6	16	69	13	30	47	53	31	80	39	27	89	100	49	41	56	52	97	71	10	68	86	5	89	88	8	11	91	48	7	91	58	39	52	26	6	47	8	99	1	90	50	33	61	39	62	62	71	13	2	13	35	86	96	50	87	79	45	56	15	37	18	30	59	27	40	8	17	41	85	43	78	99	100	40	67	74	39	16	75	100	94	19	5	35	93	94	24	35	16	38	79	33	28	31	83	26	5	42	48	16	35	88	32	71	36	69	23	87	15	75	82	96	16	12	37	54	29	66	58	55	29	78	37	34	74	48	97	63	71	33	85	41	14	82	54	20	2	76	41	46	50	29	70	63	82	24	97	69	100	
91	32	56	89	80	75	38	21	3	64	21	41	95	79	99	5	4	98	26	10	43	44	61	8	65	19	69	69	5	48	25	56	45	71	52	2	11	50	5	7	53	100	58	21	25	41	5	12	77	49	13	15	94	3	54	27	26	86	67	68	34	100	48	55	45	29	100	67	44	43	31	49	97	69	3	2	75	94	33	82	78	93	51	96	100	93	78	74	23	38	8	87	34	80	23	86	37	6	29	72	76	66	80	12	68	96	77	97	29	96	86	93	69	53	14	75	74	80	72	31	34	25	36	90	74	21	71	71	39	37	81	47	80	98	65	17	22	12	49	61	97	82	54	81	50	34	20	35	8	64	50	29	59	37	26	54	10	8	7	7	19	4	90	49	59	67	43	67	87	80	40	61	12	69	99	24	65	3	50	40	64	11	54	1	91	19	56	34	78	100	95	100	70	9	54	42	1	2	42	23	
18	43	79	13	16	38	85	28	38	77	84	81	61	85	100	20	50	60	9	29	87	71	94	48	5	48	93	1	58	23	67	32	74	75	51	1	56	1	55	31	21	29	97	79	56	41	67	50	41	10	85	58	33	94	16	56	66	40	79	80	58	84	41	25	91	71	93	23	56	14	21	29	64	90	62	32	46	52	41	77	82	99	100	27	85	13	9	72	66	88	76	64	88	87	86	41	97	38	84	13	76	31	30	68	30	35	14	91	14	31	57	63	59	100	92	79	28	72	45	52	65	8	88	69	36	1	54	5	15	45	80	18	46	74	45	77	6	99	5	22	50	50	99	93	24	51	66	16	61	70	30	83	92	32	97	95	26	90	97	45	22	64	33	8	98	7	100	1	73	34	41	34	9	13	52	71	47	71	48	28	86	63	65	87	42	36	13	86	75	55	60	6	63	54	55	46	92	99	78	16	
98	91	89	68	4	14	4	41	75	8	93	21	5	69	32	58	48	11	55	92	70	21	53	99	37	68	26	47	21	38	68	58	84	51	66	69	57	76	89	52	32	16	5	56	70	27	77	20	68	67	95	86	56	48	79	54	21	52	26	22	74	95	22	81	30	54	94	16	8	17	7	27	16	50	96	10	72	57	53	56	48	2	81	10	29	69	29	94	10	95	67	29	3	35	54	4	80	21	79	99	96	48	72	68	46	19	83	20	72	1	59	30	44	14	10	36	24	36	88	47	69	13	26	47	12	90	30	74	44	44	51	27	11	60	12	91	50	99	56	92	6	4	71	40	91	34	41	4	34	14	87	21	7	64	90	69	9	4	44	75	88	23	41	28	63	46	41	48	3	92	80	73	23	20	84	3	12	87	45	62	79	36	70	53	78	18	17	69	61	41	54	80	82	42	46	65	20	32	51	69	
2	57	62	95	31	68	46	73	74	24	4	57	29	46	89	38	44	1	71	33	19	7	39	36	22	98	23	98	69	43	33	13	76	88	74	96	43	97	34	63	49	66	88	99	96	22	54	80	50	30	100	5	11	33	29	57	34	90	50	85	43	41	18	83	97	27	26	33	3	54	63	35	67	62	8	74	78	44	67	74	60	49	84	9	56	53	28	68	5	42	87	91	85	55	97	3	75	65	8	85	53	95	4	15	97	4	8	97	35	27	2	97	95	50	60	67	9	46	28	79	46	63	75	25	92	27	6	61	7	60	88	89	88	32	3	24	53	19	30	5	76	42	92	23	83	72	59	59	63	65	15	60	49	52	60	57	64	9	69	1	12	70	10	63	65	51	39	77	24	94	58	10	30	33	20	69	27	84	76	33	24	20	90	95	69	30	12	10	10	17	50	43	24	1	92	20	48	1	70	30	
52	82	18	58	93	50	10	97	31	2	72	45	99	58	78	75	86	56	3	63	98	80	24	74	70	82	1	88	38	71	33	60	44	48	27	49	50	3	99	11	54	40	25	26	20	42	47	31	17	38	70	82	29	78	84	48	90	13	18	28	89	84	60	53	4	38	28	8	66	55	3	39	66	56	67	37	92	86	83	77	76	3	44	5	36	29	16	16	5	64	50	37	96	55	73	58	46	77	21	36	47	100	84	23	8	44	49	87	42	12	31	59	82	56	44	4	59	64	93	91	68	96	79	20	44	33	90	63	92	36	48	87	68	51	69	10	17	33	16	93	11	50	56	69	9	88	56	34	65	42	83	80	80	25	97	76	20	5	89	83	37	83	47	64	1	49	12	62	97	65	28	58	14	33	15	69	70	76	84	64	91	47	28	73	44	22	13	65	64	85	41	22	97	2	99	32	1	59	46	21	
73	36	52	1	58	34	73	82	67	18	60	48	85	18	22	78	99	6	16	97	54	83	36	69	41	97	30	32	33	50	10	76	46	44	44	71	71	67	49	29	86	95	84	5	20	83	99	59	85	83	45	80	52	6	46	8	79	79	42	56	90	2	97	45	58	66	39	60	48	3	98	94	98	85	22	69	56	30	28	47	80	98	59	97	52	84	56	75	7	71	84	64	32	100	12	81	28	53	64	44	30	20	8	6	60	20	32	55	35	51	9	3	88	65	26	82	44	85	73	88	3	76	14	86	80	25	35	1	4	44	74	80	75	17	17	70	29	78	86	52	80	67	61	1	42	46	94	18	71	28	95	33	6	21	86	86	80	80	97	41	42	85	34	45	8	1	3	37	63	18	28	12	58	2	25	78	2	61	21	63	85	42	13	23	8	92	84	8	81	88	87	19	69	42	78	51	70	46	82	41	
89	66	50	58	76	62	74	13	71	85	90	15	31	15	11	53	77	77	8	50	42	38	27	82	51	15	47	2	99	19	24	91	2	28	16	47	62	92	69	72	67	36	4	11	40	90	46	89	96	86	49	10	41	54	34	83	73	43	51	87	53	41	84	86	36	38	63	37	49	9	42	60	91	91	3	48	76	83	62	22	100	45	82	16	69	81	58	22	46	32	53	97	9	27	61	46	58	98	35	82	4	84	19	54	5	67	35	7	83	72	35	99	98	4	34	87	59	43	92	1	43	75	25	58	54	9	81	86	71	83	63	68	58	24	63	50	38	92	39	30	73	50	4	79	27	38	78	48	19	81	84	23	45	46	39	53	99	22	9	22	19	50	41	24	45	35	42	13	41	85	58	33	68	34	74	79	67	25	45	94	78	1	65	84	13	77	3	100	88	70	7	13	100	23	16	69	30	21	41	41	
