200
5742
32	89	91	87	11	55	1	29	62	87	51	30	5	99	31	99	70	49	68	93	33	26	32	91	7	65	16	17	68	86	24	46	4	32	40	39	16	55	98	53	38	81	67	23	95	20	51	2	33	83	17	10	14	66	24	78	91	86	13	74	91	93	35	12	66	61	13	37	87	93	1	75	11	71	12	61	90	89	18	81	10	7	29	45	29	54	19	66	84	11	6	99	29	4	31	19	33	27	64	91	43	54	1	63	96	64	64	64	75	79	16	88	53	71	94	69	49	97	62	63	12	5	7	40	9	3	23	31	37	24	87	75	3	16	62	99	92	55	80	53	96	31	97	14	70	41	28	97	27	47	40	25	41	66	62	65	93	78	25	42	37	90	96	82	79	15	96	6	99	81	46	98	61	96	94	58	6	28	91	89	77	87	54	12	43	44	46	84	87	33	99	54	71	56	5	70	86	13	93	55	
30	75	78	75	95	73	93	1	97	79	21	98	67	34	39	35	72	64	92	50	100	10	12	30	24	97	13	6	41	53	67	74	2	43	2	63	85	83	40	15	63	80	57	5	33	26	11	8	74	2	52	64	58	33	82	50	81	6	55	72	35	29	74	77	12	82	72	6	50	49	66	38	97	26	27	84	46	61	50	94	99	72	23	73	63	36	67	91	61	98	71	43	65	58	90	59	40	56	49	57	23	48	47	19	82	52	62	92	8	94	31	14	45	21	12	95	87	99	87	34	45	23	11	73	65	35	89	9	48	26	95	17	24	88	98	48	60	96	96	78	90	41	16	1	24	51	47	59	21	50	92	79	38	53	38	79	64	84	73	26	98	7	39	96	60	61	76	64	36	28	55	72	74	5	12	47	36	3	63	24	3	41	9	37	28	59	98	55	61	49	83	29	38	54	68	74	68	64	72	65	
75	37	42	50	18	28	7	66	17	34	79	76	87	40	25	7	85	46	8	42	50	66	39	47	83	74	36	77	77	75	16	92	17	46	66	10	78	26	1	53	29	14	61	64	59	9	68	39	88	42	80	43	68	9	23	11	15	38	21	52	32	56	74	62	63	86	25	10	98	30	40	59	84	39	92	46	59	94	19	45	7	93	69	51	32	80	60	79	71	64	83	17	46	2	31	38	20	47	82	49	28	79	22	79	100	82	69	93	16	9	83	81	54	74	12	8	51	58	38	17	92	45	79	71	56	31	54	62	14	21	53	17	92	83	81	60	63	59	1	23	31	45	98	50	77	57	68	64	69	71	15	74	85	47	83	15	26	51	47	59	12	64	35	86	59	9	36	16	48	4	89	60	3	100	21	17	63	28	25	88	37	27	5	62	36	3	33	54	40	56	38	47	97	1	34	15	31	76	59	56	
78	42	95	44	96	17	63	59	74	65	87	6	14	1	13	74	24	66	21	15	11	47	73	71	94	28	35	27	13	100	41	98	33	83	100	40	10	38	58	8	91	16	66	27	4	1	40	13	9	64	50	39	20	98	38	51	88	57	7	3	51	51	90	80	88	93	45	98	64	34	55	88	90	55	57	30	26	83	38	2	37	81	52	91	1	98	89	43	9	43	30	90	17	51	72	58	59	54	86	1	57	79	47	64	78	83	46	60	31	43	92	11	53	73	7	45	83	87	71	6	70	97	62	53	63	31	6	5	77	28	16	6	74	49	75	74	28	31	62	54	59	51	86	68	23	51	16	23	15	31	27	17	29	73	41	68	56	66	73	21	83	42	8	12	15	40	44	100	79	35	66	22	77	68	1	25	50	92	86	11	58	7	27	65	19	53	97	99	93	29	46	72	75	28	1	22	99	9	96	62	
75	50	44	70	46	73	21	59	41	30	71	76	2	35	11	52	11	3	99	83	1	57	97	3	66	39	60	52	47	50	38	9	54	48	41	80	100	6	69	28	49	38	54	88	12	69	4	98	86	27	21	8	97	70	62	63	77	51	72	4	90	46	95	50	36	71	43	59	98	33	93	38	26	83	98	37	100	47	22	86	82	28	87	70	29	12	29	60	29	51	15	39	42	2	46	41	35	42	94	64	9	43	7	28	87	78	20	35	76	77	76	27	99	55	14	42	22	26	36	38	67	20	2	94	66	61	99	40	99	67	96	86	48	7	18	78	60	31	62	37	3	94	94	22	22	96	6	64	87	96	36	65	57	55	30	82	53	11	65	57	58	67	65	65	37	51	45	60	53	85	75	53	33	39	54	6	29	15	8	34	45	83	54	48	32	67	75	33	2	54	77	18	68	60	99	13	9	37	59	72	
95	18	96	46	68	34	1	78	41	91	77	73	98	83	31	38	50	1	22	4	65	21	76	6	23	82	12	20	96	97	58	64	47	12	13	47	74	96	80	16	25	82	72	47	84	27	47	60	54	86	83	75	10	66	53	63	82	70	86	56	83	44	24	98	44	1	27	36	66	86	70	39	24	10	82	7	4	58	16	25	44	43	55	92	19	1	18	50	10	12	82	62	86	79	69	73	84	84	17	49	22	1	84	77	41	50	11	74	82	50	82	70	3	78	62	89	75	88	72	78	16	73	21	7	8	14	71	28	84	21	39	66	73	33	96	87	63	73	10	39	21	92	78	16	72	46	50	15	35	52	84	9	84	70	14	78	9	77	72	70	75	94	81	26	98	9	96	86	95	6	94	25	96	20	34	52	82	54	30	25	24	66	1	6	8	63	15	53	5	1	59	56	53	79	43	11	24	95	1	36	
73	28	17	73	34	88	69	28	25	66	87	12	41	38	28	34	59	44	45	15	10	4	24	39	74	30	3	60	3	85	48	9	93	80	29	43	19	53	93	56	93	61	17	88	13	62	69	77	22	71	69	20	16	17	28	45	67	46	49	98	82	23	11	63	4	59	95	16	92	83	3	43	86	70	63	16	98	63	19	42	88	50	32	90	44	31	57	5	15	67	6	35	88	32	78	39	23	28	40	56	37	41	76	95	30	89	23	2	15	76	40	60	76	47	90	49	29	26	5	27	92	95	94	40	89	94	35	67	91	55	48	99	66	67	96	53	40	19	66	57	100	70	97	81	36	42	49	54	29	14	12	11	85	95	82	43	57	100	36	8	73	16	37	88	64	95	7	22	84	72	97	63	30	91	32	99	88	93	2	64	13	79	69	42	25	20	87	52	65	46	98	8	25	83	39	61	66	43	20	56	
93	7	63	21	1	69	38	30	60	78	65	70	64	11	33	23	76	90	68	43	52	4	97	35	21	57	75	13	12	90	61	4	11	44	71	89	30	94	86	83	29	54	34	53	54	57	88	20	74	4	5	53	69	10	55	45	5	56	22	88	92	43	55	19	63	62	34	99	66	38	30	35	24	97	65	60	65	58	53	9	17	22	44	48	5	47	42	30	75	72	100	80	80	47	15	63	41	83	90	13	42	66	24	10	75	19	26	40	49	14	9	88	20	60	94	16	28	91	60	58	46	32	12	27	52	100	9	11	35	71	45	77	34	3	26	9	29	50	31	47	19	7	28	80	70	72	74	34	59	93	80	18	5	38	88	31	36	75	28	34	49	17	15	31	79	100	3	20	28	97	38	21	28	54	57	86	98	15	88	88	32	66	3	28	97	63	89	73	40	76	57	42	55	5	95	47	38	29	56	44	
1	66	59	59	78	28	30	29	22	95	4	97	4	88	39	23	91	27	26	11	100	13	71	56	39	83	52	50	85	77	62	54	70	47	50	29	31	16	87	87	12	60	13	57	9	95	98	9	26	16	57	35	43	59	29	80	6	93	3	4	60	41	19	28	73	85	100	12	1	22	49	9	87	33	38	60	64	12	18	89	9	36	85	49	47	25	73	16	66	68	70	93	26	67	79	96	94	41	84	63	16	1	33	48	58	88	53	62	27	9	80	27	55	54	29	26	93	11	43	41	81	91	79	10	47	43	79	16	55	96	5	78	29	16	16	66	78	94	71	89	69	74	10	73	25	58	39	24	97	64	95	55	92	71	19	38	2	53	59	67	66	47	97	59	41	95	3	75	1	4	74	10	88	99	63	89	11	96	74	84	95	63	5	96	85	21	76	6	84	25	93	62	92	36	69	65	41	19	99	89	
97	17	74	41	41	25	60	22	20	36	42	95	85	71	80	88	25	51	50	35	96	93	1	32	32	77	87	32	10	33	4	33	14	86	64	69	23	84	99	15	22	8	34	90	29	65	42	75	27	20	3	85	80	24	53	100	4	28	30	100	46	93	62	95	6	40	45	59	79	74	63	20	17	25	85	61	38	67	56	81	26	44	13	17	75	58	23	13	72	88	39	11	38	30	94	70	7	68	100	4	54	99	21	15	31	70	35	54	8	87	14	7	21	57	4	65	34	74	30	67	24	90	77	96	9	3	75	46	96	8	17	72	36	69	32	40	31	78	66	24	99	65	79	84	17	22	46	31	94	67	98	32	21	9	79	81	18	79	67	35	3	8	41	16	60	55	31	11	69	69	23	31	82	27	28	32	34	77	85	53	35	41	66	16	59	11	91	76	79	26	3	67	56	89	50	54	71	85	8	68	
79	34	65	30	91	66	78	95	36	9	53	41	13	44	14	86	31	42	86	43	36	46	3	98	67	31	53	11	11	86	28	63	19	31	70	67	2	54	11	13	25	60	85	65	9	52	47	94	62	68	23	67	36	24	3	98	44	71	31	13	2	43	31	89	8	94	3	20	84	38	37	38	7	20	27	30	3	23	48	36	52	41	83	69	90	95	48	18	2	89	74	83	34	31	26	8	25	52	31	53	60	96	39	98	37	12	40	58	98	22	24	59	5	27	40	72	4	31	35	66	15	6	82	26	87	96	95	58	52	93	29	24	41	89	63	45	40	94	98	21	55	1	81	25	2	63	56	16	46	49	57	63	96	67	78	40	4	28	64	95	45	83	5	70	99	60	24	81	14	58	83	35	67	75	46	67	89	9	38	39	12	41	18	61	18	14	10	20	62	78	40	7	70	56	81	12	42	69	31	14	
21	79	87	71	77	87	65	4	42	53	68	32	47	5	87	79	8	46	63	8	64	67	58	22	54	62	39	30	27	19	36	35	70	49	83	8	45	16	7	35	13	35	57	88	93	36	14	91	48	47	2	37	13	81	48	82	70	12	94	74	23	8	72	99	97	82	25	15	7	70	90	31	82	53	26	9	79	57	43	62	6	39	54	56	81	72	73	33	9	49	67	93	58	67	10	44	21	92	81	2	33	14	87	8	91	15	82	81	39	75	76	10	30	28	4	6	59	8	76	75	44	23	53	71	84	34	96	52	89	31	85	80	77	14	6	80	9	86	80	27	15	19	89	42	38	85	58	24	35	36	15	65	87	96	41	47	94	81	36	73	64	23	66	82	8	2	45	28	82	84	30	69	49	88	58	99	2	45	36	92	50	2	57	20	7	51	69	13	31	50	20	100	1	83	4	7	60	53	94	48	
98	76	6	76	73	12	70	97	95	41	32	12	19	32	31	74	11	63	35	18	52	11	39	26	89	16	27	96	77	23	83	82	30	12	31	98	32	83	18	48	99	62	64	24	98	28	47	36	62	43	94	10	63	11	20	84	60	16	1	61	29	76	60	30	77	95	58	24	18	56	53	89	87	57	92	87	47	13	36	90	18	45	83	49	79	45	47	92	96	14	61	83	33	100	24	47	67	5	50	28	93	59	25	14	99	87	2	82	59	64	20	87	29	63	88	32	35	5	38	85	2	58	69	46	100	54	61	69	54	44	33	64	56	87	78	27	47	38	59	17	3	65	18	78	46	89	22	64	77	70	52	81	62	9	9	19	22	76	67	46	47	5	51	40	56	90	12	11	100	46	80	73	95	95	70	67	26	11	69	74	46	35	82	6	98	17	52	73	61	17	55	47	72	60	2	51	86	39	62	75	
67	87	14	2	98	41	64	4	85	13	47	19	84	45	5	60	39	76	15	41	95	8	44	74	31	4	7	75	6	16	69	39	85	10	71	35	50	94	68	75	5	50	99	38	73	44	28	7	36	5	41	34	33	84	28	34	62	29	29	20	7	43	28	97	95	23	42	27	75	61	53	83	46	23	37	17	28	90	3	96	10	70	17	93	42	74	43	42	50	71	89	17	78	92	80	15	30	95	64	8	8	55	55	47	24	7	19	76	21	85	91	25	38	24	22	34	30	69	78	21	25	35	40	98	2	42	79	77	21	17	100	68	95	94	8	2	47	76	22	17	34	75	39	17	16	20	5	6	55	96	46	11	56	86	19	26	28	2	96	6	100	30	38	20	69	92	66	49	90	2	92	7	54	26	63	93	73	79	27	4	95	22	85	81	83	48	15	92	71	89	55	50	7	54	37	61	85	50	36	97	
34	40	1	35	83	38	11	88	71	44	5	32	45	64	71	19	32	75	40	83	23	59	73	87	45	84	64	5	77	73	58	25	54	21	41	4	1	67	4	57	77	47	65	2	76	70	27	35	62	74	93	56	67	41	71	25	83	23	72	79	3	33	51	1	73	43	86	22	96	1	38	34	31	57	63	14	33	23	10	91	14	97	93	87	18	35	96	30	5	72	42	2	84	94	45	44	24	20	15	76	29	83	33	68	9	5	100	74	5	38	96	90	8	84	10	93	35	56	14	65	97	70	87	34	14	46	96	79	80	44	3	84	36	32	24	81	31	19	67	45	10	5	54	59	84	42	100	62	52	13	35	4	55	54	70	62	81	91	100	85	63	26	40	45	31	89	68	89	96	62	95	100	38	45	11	26	28	80	100	22	29	68	29	33	41	72	63	68	37	36	83	89	51	47	91	57	65	75	32	10	
39	25	13	11	31	28	33	39	80	14	87	31	5	71	39	22	1	37	75	19	41	13	1	35	14	45	59	55	34	83	90	85	25	33	61	95	87	29	64	96	52	59	66	42	34	73	65	80	58	49	76	96	67	47	74	42	95	20	43	55	6	15	60	86	58	25	80	39	25	76	45	70	79	68	96	76	61	43	69	90	72	51	85	14	68	17	64	86	33	93	30	99	45	80	81	34	76	68	91	37	96	44	92	88	79	87	45	61	13	91	41	29	40	9	1	83	19	65	55	35	16	40	68	44	62	67	47	53	68	15	38	7	37	95	31	94	98	50	31	51	36	55	82	67	91	84	27	36	16	15	6	57	13	53	83	84	85	76	76	76	78	32	11	96	4	25	26	79	5	4	79	33	63	95	98	69	41	37	94	16	4	87	41	45	70	46	25	96	99	47	37	94	62	65	1	15	95	65	94	53	
35	7	74	52	38	34	23	23	88	86	79	74	60	19	22	55	77	14	83	37	46	40	15	88	82	47	8	57	51	67	41	62	63	87	33	32	38	45	5	6	17	27	92	65	47	10	29	7	20	11	45	36	16	75	82	64	36	84	27	60	68	98	33	94	50	66	37	27	21	33	16	60	86	56	1	3	66	42	97	40	3	26	87	78	5	29	62	100	29	50	57	35	5	2	83	51	74	14	33	71	72	32	23	85	25	56	63	55	87	28	24	20	19	50	32	49	91	43	20	54	71	80	22	3	91	82	17	60	11	88	2	16	63	14	79	46	85	43	12	39	58	93	63	59	98	34	53	13	95	17	21	8	89	93	49	57	54	90	92	92	63	50	26	90	6	34	91	67	87	31	79	6	99	46	54	82	25	92	37	13	95	11	56	64	79	13	55	24	56	79	3	96	88	52	34	88	85	86	12	4	
72	85	24	11	50	59	76	91	25	31	8	11	39	32	1	77	1	62	38	25	44	6	59	93	16	94	97	41	82	41	95	73	18	98	75	26	25	63	88	26	20	22	47	39	9	99	82	47	82	5	43	90	73	27	78	11	30	37	15	66	94	92	5	76	35	35	60	10	85	7	99	81	2	89	67	23	44	56	41	21	23	96	62	91	3	17	57	63	98	11	100	38	22	55	51	74	63	62	74	31	28	14	18	77	100	89	97	5	8	10	54	89	53	17	98	73	20	62	15	14	98	47	33	72	98	31	19	86	2	15	16	13	35	70	88	31	38	38	89	21	31	12	9	62	58	24	70	25	46	32	28	25	93	67	15	100	81	9	82	63	18	47	11	62	99	6	44	13	37	56	68	81	5	37	98	41	2	77	80	62	69	60	95	90	57	44	24	32	16	95	94	57	25	38	23	82	48	63	61	37	
64	46	66	3	1	44	90	27	51	42	46	63	76	75	37	14	62	62	81	4	1	43	30	26	10	70	97	69	54	78	100	74	88	87	25	45	45	77	93	71	20	30	68	88	95	12	7	79	10	4	74	20	26	50	10	41	90	21	82	5	81	43	31	32	94	68	3	28	92	65	24	29	4	66	3	85	93	85	69	14	69	68	22	84	100	76	18	90	60	33	20	53	85	97	52	27	37	96	10	38	83	8	30	76	76	56	75	36	43	27	61	62	51	87	24	11	14	20	38	58	21	94	34	84	41	66	72	45	65	21	49	82	26	1	63	43	17	51	89	61	31	52	54	76	16	61	3	23	21	47	70	53	91	8	89	93	71	26	46	49	69	45	35	76	92	25	70	44	71	14	56	13	65	40	75	68	63	15	20	37	32	54	94	90	71	7	67	63	11	37	31	25	1	27	21	12	89	31	28	44	
92	8	21	99	22	45	68	26	50	86	63	35	15	40	75	83	38	81	98	7	71	32	91	22	61	69	21	25	86	95	49	61	4	2	2	64	81	10	81	99	9	18	2	56	93	58	65	64	51	70	68	1	7	61	38	62	79	64	34	57	48	100	87	60	27	1	88	23	63	93	36	29	11	81	7	59	58	11	7	74	84	17	89	39	2	84	32	5	24	53	70	31	82	70	80	32	35	20	69	66	27	11	96	76	29	1	4	97	63	23	25	31	53	29	53	23	43	28	2	84	75	58	99	63	84	24	14	30	63	89	71	15	39	49	4	92	67	9	34	88	4	96	6	55	37	28	36	43	68	99	48	63	2	21	42	3	80	49	70	29	66	52	65	98	43	44	23	97	35	21	7	26	3	44	79	10	53	85	16	79	37	55	9	72	58	34	17	81	40	26	41	1	99	4	20	54	56	10	66	83	
50	42	15	83	4	15	43	11	35	43	8	18	41	83	19	37	25	4	7	83	20	27	29	55	45	39	18	51	32	65	83	86	67	45	8	4	15	51	57	58	83	87	80	34	86	95	33	79	61	100	59	29	25	61	88	85	17	98	84	62	71	53	2	90	62	15	88	3	59	87	66	19	73	64	40	66	84	47	69	47	38	2	90	95	41	91	50	33	5	59	42	98	74	8	85	16	4	42	10	62	68	60	54	58	75	36	93	100	88	91	19	31	2	95	89	79	76	69	69	20	75	78	45	23	67	81	59	65	56	29	40	27	87	88	54	58	35	82	25	16	5	43	25	58	81	84	54	29	69	88	83	78	35	17	29	65	5	20	37	90	21	78	86	37	74	89	75	20	51	98	27	61	63	83	22	95	50	48	91	91	9	27	19	87	22	74	11	91	75	1	77	43	6	73	64	46	82	69	79	3	
100	50	11	1	65	10	52	100	96	36	64	52	95	23	41	46	44	1	71	20	72	3	50	52	11	86	92	96	58	87	1	1	84	47	84	23	62	65	11	24	18	93	61	80	70	63	6	39	69	62	12	92	7	71	29	86	1	79	52	89	32	62	40	72	6	9	59	57	13	2	70	23	6	39	64	79	92	74	49	84	29	71	68	72	53	34	9	72	33	99	77	91	23	86	78	30	42	64	99	12	29	47	67	99	54	44	42	58	36	42	5	76	59	55	73	18	82	51	95	11	10	13	7	81	90	6	63	12	73	34	91	47	60	61	90	52	45	3	45	78	7	35	17	6	67	20	95	33	6	61	90	80	95	50	34	2	69	42	33	77	80	12	18	62	98	51	4	15	7	55	51	28	75	3	14	82	69	18	26	45	32	4	82	15	48	58	36	37	89	72	24	11	83	44	8	56	3	24	31	86	
10	66	47	57	21	4	4	13	93	46	67	11	8	59	13	40	6	43	32	27	3	78	19	28	83	76	91	59	36	82	76	2	79	23	55	61	74	80	71	85	74	43	84	13	48	83	35	77	95	41	12	86	10	73	96	70	55	45	30	36	19	26	22	61	1	48	95	55	3	16	82	26	33	1	29	61	35	29	22	61	87	95	14	15	28	98	86	10	41	25	21	68	74	17	14	71	9	68	50	36	60	44	69	100	73	24	7	29	37	77	92	57	87	18	99	4	76	50	19	94	94	4	51	18	66	8	71	75	77	32	35	17	81	65	16	90	27	60	87	63	50	98	45	53	32	50	34	41	59	77	54	54	32	47	40	80	36	87	66	4	97	53	86	81	89	5	51	83	19	33	50	35	87	34	96	71	71	67	29	96	95	68	28	54	52	26	6	22	48	20	30	58	43	86	84	5	31	86	22	62	
12	39	73	97	76	24	97	71	1	3	58	39	44	73	1	15	59	30	91	29	50	19	71	86	79	97	59	95	85	90	58	13	53	18	20	59	97	93	24	13	65	33	86	23	21	39	91	8	18	13	25	69	63	78	53	76	23	78	73	40	26	100	10	32	88	64	29	70	74	56	13	94	24	9	45	42	33	31	10	1	35	3	63	30	77	72	56	97	49	57	36	79	13	59	50	48	91	65	35	89	37	36	33	69	100	62	59	19	97	100	53	44	93	43	81	77	94	16	4	63	36	19	8	70	38	61	90	5	82	85	31	64	38	17	18	61	49	92	46	100	17	45	87	31	59	82	50	29	33	20	92	32	76	44	40	43	97	35	61	59	54	8	98	24	16	100	22	98	95	98	17	82	47	49	43	38	65	61	52	34	35	46	71	88	68	94	87	98	84	11	62	45	57	40	14	13	41	62	35	1	
30	47	71	3	6	39	35	56	32	98	22	26	74	87	35	88	93	26	22	55	52	28	86	99	38	9	77	8	72	71	18	4	68	53	28	76	98	41	85	19	28	87	17	80	43	27	97	11	89	64	3	37	33	45	15	79	28	58	9	58	68	1	68	13	63	91	78	93	51	57	12	3	86	90	80	20	58	80	16	72	5	78	86	45	57	68	28	93	87	11	77	99	42	23	54	66	36	89	44	90	98	12	34	8	99	35	45	83	13	18	45	99	84	97	70	81	8	4	95	37	36	88	27	19	78	21	28	90	87	37	21	30	19	2	97	43	28	10	9	49	100	4	52	60	71	3	31	84	31	93	7	84	42	78	14	25	73	45	91	39	94	75	44	7	68	52	30	76	85	87	99	66	56	56	66	60	22	2	90	65	74	10	7	44	26	68	64	59	60	21	33	76	62	65	63	91	45	26	12	87	
24	83	94	66	23	74	21	39	32	67	54	89	31	45	14	82	16	10	61	45	11	83	79	38	98	47	59	33	68	39	32	94	40	61	16	54	60	68	67	44	76	85	68	39	33	50	43	79	50	72	70	41	44	3	58	51	61	32	99	25	3	85	53	78	37	51	54	55	95	46	18	31	54	89	21	39	62	52	73	100	38	1	63	14	33	45	27	81	18	32	42	42	62	100	16	83	13	8	28	63	24	69	14	22	43	94	75	49	59	81	42	63	38	30	76	33	31	2	49	30	95	89	44	27	14	54	47	1	92	39	51	100	14	47	66	78	24	94	41	92	99	53	28	54	68	24	28	16	67	79	12	12	16	95	48	51	52	31	53	60	19	55	80	5	36	23	87	57	40	5	63	51	74	100	77	66	7	57	66	84	41	38	5	26	41	62	27	72	71	78	42	56	43	39	17	32	3	60	98	42	
97	74	28	39	82	30	57	83	77	31	62	16	4	84	45	47	94	70	69	39	86	76	97	9	47	82	39	100	88	97	53	76	62	100	88	45	14	51	83	11	11	98	34	32	6	17	23	89	39	2	67	39	5	96	97	56	85	80	25	77	2	48	57	32	55	47	55	11	25	78	15	73	58	86	30	23	19	43	92	7	61	55	23	65	60	89	11	1	80	3	49	79	52	32	58	14	16	30	35	69	86	94	78	83	45	64	36	52	44	66	31	86	28	64	95	96	38	66	36	2	11	32	77	67	20	47	12	47	41	79	61	17	57	90	21	32	15	84	73	50	66	48	1	30	38	76	9	53	81	5	49	17	87	67	9	100	35	68	77	45	92	92	91	8	39	75	80	83	13	35	43	65	76	50	39	43	42	66	25	53	19	78	91	44	93	76	69	88	55	52	14	86	19	47	15	10	70	12	22	87	
13	36	35	60	12	3	75	52	87	53	39	27	7	64	59	8	97	97	21	18	92	91	59	77	59	39	94	3	33	72	68	100	37	5	99	57	10	29	96	4	44	20	55	92	88	51	43	94	68	11	59	20	76	39	18	79	65	42	64	30	46	49	80	30	10	10	11	29	54	44	90	62	93	34	30	96	40	100	42	66	70	4	39	81	14	16	33	6	68	51	96	70	32	52	30	41	4	97	83	75	34	79	86	2	90	31	54	78	72	2	38	79	2	72	43	91	97	19	57	88	9	43	87	18	36	66	63	16	78	73	39	93	66	56	60	76	4	19	97	54	75	5	74	21	29	61	41	94	75	44	100	18	36	75	48	66	44	46	21	58	97	48	95	4	41	100	93	63	90	30	76	19	12	64	36	56	54	41	37	88	77	58	41	95	78	24	98	64	71	22	72	84	5	57	76	4	64	6	82	56	
6	77	27	52	20	60	13	50	32	11	30	96	75	5	55	57	41	69	25	51	96	59	95	8	33	100	3	96	73	72	41	47	88	38	3	44	52	18	76	52	36	70	22	98	24	89	75	92	2	91	52	25	99	57	22	84	79	8	74	76	87	85	95	67	6	96	59	25	39	26	15	13	22	92	86	5	14	16	38	32	79	38	24	45	80	58	48	56	20	56	71	34	18	56	23	50	88	57	46	68	65	98	25	69	24	46	12	46	36	68	18	89	20	19	16	93	25	14	1	17	88	66	29	49	18	65	88	13	22	71	55	44	3	33	40	82	50	29	89	31	62	49	74	37	82	22	69	96	25	43	88	71	24	93	24	53	57	60	75	82	50	73	76	39	13	58	87	44	50	26	13	50	23	22	49	5	83	98	66	16	96	95	43	13	17	11	95	41	72	72	52	97	83	31	78	93	56	55	48	3	
41	77	13	47	96	3	12	85	10	11	27	77	6	77	34	51	82	54	86	32	58	36	85	72	68	88	33	73	52	12	19	13	77	92	10	23	79	36	56	71	75	40	99	63	14	3	35	91	73	14	2	7	37	38	19	6	42	41	92	14	34	22	65	29	33	30	73	3	82	68	17	33	44	55	75	92	81	46	75	69	36	49	11	25	71	33	99	17	82	17	28	67	16	52	74	66	42	49	97	16	36	20	46	44	36	3	85	30	1	91	36	99	90	71	93	34	48	41	84	23	55	45	98	62	81	43	91	100	41	92	47	94	3	38	89	92	29	49	85	10	7	47	90	82	11	93	12	79	54	70	83	64	17	42	99	30	41	87	75	30	37	85	34	50	3	41	32	5	35	94	75	84	51	7	36	96	97	86	94	49	55	6	93	93	15	36	36	46	67	20	48	28	88	82	66	86	95	52	57	78	
53	75	100	50	97	85	90	77	33	86	19	23	16	73	83	67	41	78	95	65	87	82	90	71	39	97	72	72	12	27	3	3	27	72	81	61	58	71	21	87	63	26	80	40	63	37	10	27	32	29	81	25	31	21	88	76	92	66	77	100	74	47	70	52	11	13	35	93	64	39	71	39	32	4	91	29	23	43	49	41	63	51	90	41	80	9	97	13	27	53	88	51	1	27	71	64	90	45	29	17	37	10	32	96	74	67	58	5	80	89	63	10	24	83	13	42	99	24	59	49	57	34	7	31	22	44	64	1	87	44	83	56	90	1	16	68	23	77	75	58	55	52	20	87	52	63	59	90	56	27	87	14	12	17	93	79	32	54	2	1	59	72	25	27	91	6	30	65	56	86	79	89	12	7	69	92	8	72	68	71	58	98	65	90	98	72	16	83	34	97	87	83	15	10	14	76	99	52	70	68	
67	16	41	38	58	48	61	62	4	28	36	83	69	58	90	41	95	100	49	83	1	76	58	18	32	53	68	41	19	3	61	79	47	41	50	81	47	98	29	28	72	95	67	94	16	10	2	39	33	48	62	25	40	1	42	25	1	7	89	84	56	79	89	54	33	84	50	88	58	27	87	51	25	17	27	26	76	54	36	39	53	56	1	51	82	76	50	64	55	26	26	61	49	60	35	77	57	37	7	87	24	96	72	8	51	47	18	48	99	21	54	22	39	35	98	79	34	50	37	79	58	17	15	98	78	42	23	14	85	56	93	20	78	69	24	93	8	67	87	8	69	2	44	94	85	69	16	85	33	69	62	80	66	68	73	59	76	23	41	62	16	84	98	91	46	36	52	35	98	80	79	17	56	54	16	49	60	29	91	77	47	82	19	68	62	88	80	72	30	99	93	36	2	7	55	13	82	29	37	80	
74	92	98	9	64	9	4	54	33	63	35	82	39	25	85	62	73	74	61	86	1	2	13	4	94	76	100	47	13	3	79	10	63	7	22	54	73	37	7	16	97	47	80	7	45	63	29	51	84	64	57	9	85	1	45	86	9	88	18	31	9	44	10	72	95	80	15	25	4	15	72	51	84	95	76	30	64	34	9	19	19	15	87	55	99	87	59	15	64	15	3	34	36	3	82	75	92	83	25	24	49	82	75	47	28	71	94	18	75	19	29	27	28	54	39	14	1	65	49	80	30	47	1	43	6	56	63	35	45	62	77	34	77	31	46	20	40	74	73	79	48	85	1	47	10	3	2	21	22	64	5	91	41	86	63	90	9	87	72	31	38	81	85	56	98	19	26	1	40	91	7	32	37	24	42	4	64	37	96	19	59	36	31	46	22	78	72	51	76	37	15	66	49	87	67	67	69	97	41	83	
2	17	33	54	47	93	11	70	14	19	70	30	85	54	25	63	18	88	4	67	84	79	53	68	40	62	37	88	77	27	47	63	85	84	86	69	34	52	9	35	5	97	47	86	77	17	9	60	47	31	70	25	53	1	55	5	81	65	75	75	39	98	68	100	7	73	71	32	39	75	93	87	85	9	83	88	57	64	32	34	99	14	45	30	58	81	28	65	58	45	63	74	33	14	20	28	80	79	65	41	29	89	95	98	36	54	8	69	3	43	10	61	45	28	2	56	98	9	42	93	90	91	34	97	83	16	51	58	67	69	27	23	60	72	10	50	57	72	81	3	36	51	7	6	45	80	56	82	18	40	61	72	78	53	58	81	93	5	63	62	43	46	43	15	44	26	13	43	22	93	97	78	46	96	6	23	68	99	4	58	8	22	6	29	13	35	73	23	59	45	97	33	82	43	7	32	59	73	65	54	
43	46	83	48	12	80	44	47	86	31	49	12	10	21	33	87	98	87	2	45	47	23	18	53	61	100	5	38	92	72	41	7	84	75	82	39	61	71	67	73	73	11	6	94	27	87	53	40	5	81	64	9	50	13	97	58	63	87	7	61	42	83	97	57	99	16	82	3	25	51	28	42	25	67	7	11	37	14	35	36	80	15	88	41	22	46	8	22	36	22	40	76	95	71	9	72	39	50	35	88	41	7	71	8	50	30	72	12	74	51	89	14	91	47	80	85	84	33	20	13	68	30	36	41	19	30	74	50	74	77	89	46	50	81	9	47	91	62	1	6	88	23	12	82	37	63	67	19	31	50	68	68	59	69	64	61	74	25	48	41	4	32	73	73	80	39	48	64	19	67	29	61	41	66	68	91	65	40	37	22	87	75	100	61	38	94	8	32	87	92	77	59	12	54	80	14	56	22	39	16	
2	66	100	41	13	29	71	50	64	70	83	31	71	41	61	33	75	25	2	8	84	55	20	28	16	88	99	3	10	81	50	22	86	82	82	1	82	16	44	98	56	99	12	62	3	74	41	12	53	37	53	42	92	8	27	32	46	81	56	1	94	8	27	20	64	8	72	77	65	11	80	97	16	43	51	26	93	20	96	95	75	96	99	10	76	18	66	8	89	28	3	1	2	75	47	40	74	8	47	95	7	21	76	42	77	94	70	65	36	33	4	25	91	77	61	92	17	5	42	3	48	18	70	18	54	53	99	34	37	97	7	29	38	31	40	99	79	96	29	69	44	93	44	97	15	20	61	36	64	23	65	91	79	22	89	30	77	78	35	63	20	93	93	1	5	70	73	69	78	82	38	15	49	31	61	15	52	24	71	4	96	24	83	39	6	78	33	19	95	87	91	67	27	100	31	12	78	2	62	3	
63	10	40	80	47	43	89	29	69	67	8	98	35	4	95	32	26	45	64	4	23	61	59	76	54	45	57	44	23	61	81	54	69	39	1	62	22	93	23	32	64	41	79	1	6	81	19	36	76	22	56	78	66	31	100	72	55	9	71	22	31	10	39	33	83	17	5	40	81	74	86	65	48	61	97	59	43	24	97	33	26	57	24	42	27	89	98	50	29	21	29	47	43	79	26	7	49	62	22	60	76	96	37	51	9	41	98	50	99	57	75	24	83	32	43	84	80	9	79	76	39	99	62	100	19	15	42	7	7	68	40	41	57	62	95	33	10	4	70	90	48	90	67	7	29	70	60	30	63	7	57	11	74	26	21	4	14	10	97	83	90	16	87	67	89	65	2	2	90	3	12	66	89	95	2	54	96	36	31	11	95	85	3	88	14	24	59	9	7	1	94	40	96	11	27	53	33	57	78	46	
85	78	10	100	74	19	30	31	23	2	45	32	50	1	87	38	25	45	81	15	62	74	97	98	60	14	10	52	79	58	47	73	34	61	82	22	83	84	79	71	5	40	92	52	95	5	93	50	13	10	38	19	36	71	77	55	6	63	68	75	87	80	60	84	98	70	85	58	35	43	54	23	24	25	80	67	13	6	63	49	98	57	4	72	48	53	94	91	35	53	91	15	39	5	63	38	7	88	72	11	53	27	72	34	81	73	13	47	80	33	31	21	8	44	37	3	73	23	17	39	34	94	24	93	39	28	90	73	5	1	53	60	60	83	15	49	51	47	51	39	2	30	62	1	62	42	43	47	7	4	14	43	75	68	69	49	14	34	51	99	6	72	23	53	68	44	94	32	39	80	44	79	8	13	34	48	59	81	55	24	66	34	44	97	93	80	72	63	38	71	79	50	51	43	2	99	68	60	20	60	
83	26	38	6	96	53	94	16	84	54	16	83	94	67	29	45	63	77	10	51	65	80	93	41	68	51	29	18	36	71	98	37	52	71	16	93	84	64	26	94	65	17	23	42	97	25	69	99	2	53	72	99	2	20	35	27	73	31	1	61	53	84	14	67	59	74	26	99	36	15	14	84	77	72	42	28	31	79	96	38	8	40	85	31	74	26	54	77	22	23	5	52	11	47	16	10	33	92	63	68	11	73	41	63	74	11	52	81	53	38	47	85	22	1	34	68	80	43	87	80	73	30	15	90	76	1	72	43	22	16	38	84	72	99	1	24	55	78	18	68	66	100	35	78	19	32	97	85	23	42	31	87	86	5	18	91	75	50	46	38	86	34	23	95	82	59	60	56	97	44	73	86	93	61	64	18	4	16	11	48	13	10	45	58	47	89	61	76	40	87	35	94	41	77	88	68	50	1	81	27	
40	1	58	69	80	93	86	87	99	11	7	18	68	4	64	5	88	93	81	57	11	71	24	85	67	83	96	76	56	21	29	7	9	67	44	23	79	26	18	84	82	12	54	50	60	92	46	82	15	18	61	77	81	52	18	38	13	41	88	59	46	55	82	69	41	32	64	83	2	4	36	11	93	96	86	98	69	80	37	19	69	53	53	18	37	56	31	55	30	25	10	92	12	86	53	45	63	76	95	76	84	43	19	100	30	60	67	96	4	69	97	92	70	18	98	23	58	96	34	44	81	51	93	76	71	47	90	65	70	70	1	1	58	83	82	10	14	65	67	32	76	49	98	30	60	73	55	30	31	71	60	32	99	65	87	58	61	39	55	86	3	51	72	49	54	42	76	31	58	3	33	97	74	96	41	34	93	44	74	37	46	14	29	86	91	64	83	59	38	56	11	81	91	2	25	74	64	43	65	44	
15	53	8	28	16	56	83	87	15	13	35	48	75	57	96	6	26	71	99	58	24	85	13	19	44	11	4	52	71	87	28	16	35	73	98	32	71	94	84	94	30	86	56	66	39	19	40	71	98	86	86	24	61	17	54	44	98	7	33	59	77	86	80	74	87	53	63	42	73	91	49	26	97	7	86	40	43	52	39	42	11	19	76	63	38	61	53	85	67	35	76	45	94	90	11	7	24	5	57	86	66	82	29	51	43	71	47	80	15	91	68	85	89	17	13	54	69	83	54	16	51	41	38	66	38	38	81	77	12	100	94	96	1	71	97	24	71	48	50	42	8	40	52	27	20	29	62	40	44	23	72	90	85	74	87	67	18	88	19	40	53	83	88	37	30	89	16	82	11	74	11	53	80	96	35	20	79	69	44	65	93	30	31	77	15	28	70	29	75	79	96	22	54	24	70	2	83	20	90	87	
63	29	91	49	25	93	29	12	22	25	13	99	5	77	52	17	20	20	9	83	18	74	65	28	76	11	44	36	75	63	72	97	5	73	56	64	5	65	82	30	89	61	36	67	74	37	56	91	48	8	1	58	43	11	40	63	97	92	34	13	65	12	82	99	32	79	17	85	3	6	92	7	35	44	46	36	7	8	50	66	27	57	35	75	76	77	46	23	11	35	23	45	29	65	60	12	2	61	30	9	42	26	13	3	57	95	21	45	56	70	53	99	18	65	49	19	1	46	41	13	3	29	34	24	21	49	30	52	83	34	88	52	49	60	66	56	54	84	98	9	71	81	68	92	43	36	83	70	84	99	44	22	86	71	64	8	58	46	56	44	58	58	17	59	14	8	21	56	45	28	15	72	80	40	96	30	16	100	72	72	3	8	84	96	83	94	100	57	5	57	90	99	87	13	70	38	68	100	2	37	
80	14	16	38	82	61	54	60	8	60	35	62	50	47	59	27	22	30	18	87	93	43	33	87	85	98	20	70	40	26	95	47	97	11	99	41	40	17	12	86	61	92	71	99	64	73	53	81	74	54	57	91	73	85	85	41	53	72	98	57	24	82	80	25	95	37	62	63	56	77	41	28	71	29	29	86	32	4	6	82	23	70	89	76	64	25	5	87	36	8	19	33	70	50	87	95	84	75	64	23	67	31	90	1	8	53	12	42	41	27	34	86	29	99	34	57	81	58	97	15	38	46	57	68	41	59	81	73	93	61	35	53	8	66	27	96	61	60	33	85	2	8	69	80	71	68	76	24	8	2	91	82	47	82	60	14	26	71	11	60	72	94	31	24	62	31	75	72	89	100	58	5	9	16	10	87	19	89	23	59	64	22	99	3	39	10	10	60	83	86	98	7	41	62	5	68	84	46	6	6	
57	61	66	54	72	17	34	13	34	85	57	64	99	65	66	92	47	68	2	80	61	84	86	17	68	34	55	22	99	80	67	80	47	6	12	79	92	23	54	56	36	71	8	27	6	31	10	42	21	84	29	58	78	44	23	60	83	21	89	72	47	61	61	93	7	43	38	33	80	8	6	87	17	45	12	96	73	29	70	66	88	9	97	34	29	24	35	51	41	7	59	42	94	18	95	64	13	95	1	31	35	86	34	43	27	2	98	31	33	93	91	38	51	89	68	69	32	46	74	16	93	12	57	80	50	86	88	13	80	89	90	95	5	93	23	92	42	32	41	54	66	56	49	57	25	37	90	34	33	99	77	67	46	31	55	94	96	67	80	1	46	35	78	18	59	32	92	40	91	63	38	47	78	14	33	65	41	18	34	63	68	89	83	64	1	50	17	88	57	85	62	32	7	4	61	61	50	15	1	49	
5	64	27	88	47	88	53	57	90	65	88	24	38	2	42	65	39	88	56	34	80	13	23	80	39	32	92	98	63	40	94	7	86	94	62	1	52	42	50	66	67	99	27	94	56	91	40	46	44	80	31	49	97	60	100	20	9	60	88	89	43	70	94	79	51	22	99	69	89	63	49	81	83	55	51	81	2	35	38	93	53	55	35	11	89	4	98	46	49	64	71	52	47	27	21	86	40	52	39	45	100	9	60	48	72	74	19	96	66	67	53	9	63	56	63	51	6	28	26	41	29	85	82	22	86	72	52	90	33	49	7	2	14	7	47	13	98	42	16	12	44	26	68	70	55	9	72	76	57	60	93	59	100	3	71	89	6	95	9	7	14	7	12	98	36	60	21	81	89	77	91	8	45	5	4	67	22	80	99	62	81	64	58	68	19	61	63	81	65	50	13	19	35	45	1	48	62	21	36	68	
33	59	4	12	84	13	54	9	29	9	93	98	73	76	34	47	9	95	93	86	70	48	21	43	33	6	88	24	14	63	16	45	77	27	3	6	95	97	60	39	74	64	6	56	19	57	25	94	25	83	92	56	6	72	53	35	72	1	94	88	52	29	97	30	95	26	9	54	75	90	61	66	96	58	77	27	2	12	12	89	39	11	55	69	51	65	38	51	79	38	79	63	7	39	47	12	3	52	42	87	65	90	7	1	97	65	97	89	59	13	23	88	37	11	7	35	65	47	25	76	6	33	45	3	33	26	93	56	34	47	58	10	11	27	40	96	57	16	68	16	39	24	43	4	74	3	89	46	16	59	32	37	78	55	95	11	22	30	66	63	85	40	7	69	32	68	100	94	98	95	69	87	99	41	12	22	24	74	8	74	9	55	29	54	51	97	22	21	28	49	78	91	10	69	53	35	87	62	92	27	
26	9	1	69	27	62	57	95	65	52	36	28	44	70	73	10	99	12	58	95	63	83	39	27	50	17	51	89	3	37	10	63	17	87	74	81	5	25	92	19	37	73	31	91	57	85	57	64	29	51	54	58	63	78	99	84	64	41	70	19	92	94	97	99	99	46	93	40	45	36	78	44	100	6	37	74	29	21	68	27	75	60	39	27	53	65	61	35	34	90	100	99	78	56	22	61	35	57	95	63	18	77	14	67	56	94	64	32	14	77	20	23	73	53	78	94	15	18	95	37	88	7	59	16	34	11	47	23	40	95	31	100	49	44	98	78	37	36	81	79	98	63	79	6	63	72	85	42	8	24	69	85	43	91	52	66	43	68	21	76	63	11	21	13	90	48	19	43	49	46	24	51	4	53	83	18	45	23	26	61	80	98	50	82	50	9	56	87	55	98	76	3	73	96	61	69	12	27	56	38	
11	68	40	4	47	69	88	98	42	47	14	47	28	27	65	29	82	7	65	33	6	35	91	97	43	23	43	75	35	10	2	29	9	53	41	19	93	69	46	40	56	53	10	40	25	57	67	70	63	45	2	87	9	51	46	32	72	74	81	39	28	7	5	13	74	87	60	14	85	29	57	58	18	51	52	77	74	17	26	34	79	47	99	35	51	81	48	91	76	65	22	63	59	57	51	55	32	6	62	18	86	40	86	43	31	37	39	29	90	20	40	79	88	84	40	89	73	4	62	66	91	56	75	90	64	16	97	54	81	10	45	81	81	29	3	27	73	64	73	89	6	43	6	41	18	33	63	16	36	24	99	94	81	1	79	61	69	10	31	13	19	30	22	4	82	9	71	19	76	38	79	36	1	46	53	32	77	94	80	49	53	33	84	48	10	68	15	42	42	89	97	96	76	39	66	93	97	49	90	74	
8	39	13	98	60	77	20	9	75	94	91	36	7	35	80	7	47	79	64	79	39	77	8	11	79	89	94	92	91	27	39	51	60	40	12	36	50	99	82	71	91	81	42	46	94	64	70	71	94	76	81	92	8	23	82	44	68	97	96	71	68	14	63	51	47	64	96	96	54	11	32	33	83	11	94	67	7	68	36	42	88	51	43	30	79	36	59	30	81	67	40	71	4	38	92	46	96	19	35	41	100	73	28	86	54	92	6	6	79	82	32	100	19	17	23	53	34	14	65	98	57	29	75	22	43	3	39	76	30	32	8	88	59	89	11	45	75	52	80	76	91	90	35	28	73	62	27	21	33	48	85	28	64	40	76	74	64	38	3	27	4	30	15	44	93	25	10	19	18	78	38	90	99	98	39	43	58	14	27	7	82	87	26	17	63	78	32	21	47	51	7	37	86	26	68	46	59	69	67	96	
74	88	9	86	54	22	74	26	27	62	48	62	36	62	58	20	82	10	51	61	69	95	18	89	50	39	68	2	73	32	33	84	47	5	53	76	13	2	15	98	48	74	21	44	25	29	63	94	97	24	27	7	79	2	20	21	33	43	74	60	46	53	89	65	22	63	10	17	4	67	9	43	10	92	78	74	12	16	65	90	26	37	85	94	74	2	58	44	86	28	37	72	32	16	20	95	28	31	7	53	92	90	70	82	26	73	7	81	7	25	6	70	81	9	6	49	25	76	47	62	7	86	41	30	79	67	52	60	14	31	61	51	87	28	22	27	86	56	62	29	91	17	87	81	33	91	68	48	36	93	34	85	20	75	67	52	76	19	62	14	2	96	9	94	70	43	16	5	40	19	86	94	36	67	41	42	7	11	63	67	52	76	8	97	11	20	49	71	75	40	55	84	69	63	62	78	5	84	73	95	
2	42	64	27	86	71	4	16	20	68	47	43	5	74	49	11	5	4	70	100	62	41	13	64	72	2	11	91	14	29	48	64	31	81	37	22	10	53	18	86	8	54	84	80	83	51	45	76	24	56	35	15	34	9	4	27	66	59	77	72	98	22	78	37	75	14	45	28	72	11	9	64	91	17	73	14	99	45	80	38	86	67	80	50	10	92	43	63	16	67	19	78	80	40	79	64	60	83	38	24	88	32	88	43	5	94	8	17	80	91	20	19	18	88	78	80	80	100	31	1	49	28	45	82	84	68	10	49	15	16	35	42	58	30	4	26	13	85	8	3	75	20	82	73	8	68	76	33	16	23	97	100	14	46	31	95	58	24	33	64	4	84	7	97	86	43	84	23	88	12	40	27	84	44	95	81	51	18	28	99	58	10	82	32	33	62	3	10	38	85	49	79	13	85	93	2	31	85	50	89	
52	80	50	21	83	69	5	57	3	23	2	94	41	93	76	45	43	74	68	59	12	12	25	3	70	67	59	52	2	81	62	57	70	64	53	56	38	72	61	86	1	57	29	31	92	54	2	81	27	35	35	43	93	44	89	15	76	98	24	100	24	33	37	54	63	2	86	52	59	85	19	66	77	41	92	96	69	25	52	52	48	95	81	15	81	22	85	43	48	76	64	82	5	47	55	15	49	31	6	44	75	64	35	87	96	77	17	75	41	78	78	79	83	24	77	52	86	35	46	33	86	25	74	3	56	80	19	74	27	94	53	38	67	11	57	39	8	78	30	41	62	2	36	16	44	16	89	94	4	55	97	38	92	99	17	25	31	28	45	61	32	75	11	11	30	66	38	58	66	11	74	44	47	75	33	94	84	86	85	70	56	24	70	89	77	21	78	30	67	87	34	9	19	77	62	86	36	64	29	70	
64	43	39	8	75	20	53	35	85	67	37	10	34	56	96	36	90	20	1	29	92	86	69	37	41	39	20	25	7	25	25	9	25	9	42	78	19	99	77	24	58	91	58	49	56	58	87	92	7	15	43	72	67	96	95	14	98	22	11	71	86	19	85	33	43	65	60	28	90	7	39	26	11	45	63	45	88	34	84	44	21	80	99	32	85	76	60	4	79	65	38	14	30	27	61	11	37	76	84	76	30	12	16	18	11	96	44	78	6	32	84	99	22	9	60	52	50	99	89	19	71	83	27	65	7	30	86	59	27	85	87	27	83	33	36	29	96	79	78	45	36	16	81	50	82	65	58	70	65	63	26	29	47	32	45	98	64	89	39	34	52	82	50	47	13	16	6	97	9	50	73	19	29	31	85	16	4	44	75	24	99	83	80	57	100	51	18	81	84	11	74	53	1	52	71	71	4	9	89	44	
58	68	20	97	10	16	69	43	80	36	13	63	33	67	67	16	73	26	7	25	7	10	63	33	44	5	76	99	37	31	40	85	53	50	92	66	36	2	81	61	43	73	78	97	6	63	9	8	79	34	93	67	16	44	85	68	96	78	42	19	21	69	66	48	60	83	27	21	82	66	23	94	37	95	5	7	13	99	47	72	51	74	11	33	63	8	86	6	25	55	56	9	11	80	43	2	30	70	60	10	77	26	52	55	87	84	13	15	96	81	19	75	41	54	5	8	23	89	54	79	85	96	64	5	28	14	44	76	53	9	39	88	73	26	80	45	59	37	47	59	43	95	99	79	26	22	25	7	84	54	77	36	41	14	53	58	28	89	9	37	40	1	78	90	85	10	10	91	81	15	31	10	79	59	98	82	23	31	67	79	64	5	11	65	98	34	99	21	4	97	66	68	67	6	63	37	64	80	55	63	
33	9	98	70	66	17	10	59	24	24	81	11	84	41	47	75	27	50	61	61	71	73	78	45	3	96	39	57	38	21	1	1	1	13	8	31	71	20	52	17	11	85	44	60	72	78	51	23	2	9	44	96	44	71	93	86	31	51	21	23	25	81	65	16	47	6	12	27	50	12	83	40	42	86	100	23	10	25	51	29	83	8	47	90	68	100	3	37	6	76	16	56	38	11	26	29	87	5	28	90	97	14	96	41	78	87	76	82	45	39	46	91	81	15	58	70	11	53	83	90	91	94	54	23	15	32	34	88	17	57	38	50	71	39	35	55	95	28	70	14	15	83	22	26	48	61	55	33	54	13	60	66	80	82	41	43	90	11	50	77	4	71	42	67	6	86	49	72	33	8	94	71	42	99	30	24	26	27	83	73	18	56	53	29	42	23	52	58	65	72	78	84	87	59	76	69	41	86	43	83	
82	23	38	62	53	28	55	29	53	3	48	20	28	71	74	82	78	10	38	88	29	96	53	15	58	97	18	22	19	88	42	45	55	97	27	100	77	35	18	54	40	85	23	100	53	99	46	82	20	4	89	95	85	93	14	12	3	42	54	52	40	96	69	42	30	98	30	68	41	81	5	69	33	12	37	88	100	56	36	42	53	26	48	80	70	84	54	51	29	57	47	57	51	67	100	45	99	26	82	7	84	65	78	99	56	96	32	64	56	31	2	58	73	80	43	89	32	7	12	53	43	82	31	76	95	64	9	80	10	91	6	61	30	22	42	85	4	38	25	33	17	96	35	2	84	57	47	26	9	98	21	18	40	89	1	75	96	92	50	63	92	45	20	6	22	62	77	52	100	18	88	31	96	24	80	28	41	77	71	77	4	53	53	69	23	100	66	7	94	79	19	22	26	100	18	55	63	96	51	44	
50	11	51	63	63	45	45	80	100	98	82	84	34	25	42	64	11	41	62	85	86	70	76	79	51	56	79	84	6	76	25	86	5	58	32	72	55	27	38	44	63	41	60	20	35	84	32	44	21	27	15	14	68	86	12	7	25	63	58	63	12	31	65	3	81	69	43	64	44	69	69	91	76	1	26	31	19	60	66	45	56	65	15	98	100	70	37	54	61	67	40	16	84	20	90	100	3	91	45	51	86	55	46	44	62	39	81	62	72	44	61	17	91	17	96	10	3	1	97	43	86	23	66	87	57	18	23	41	28	20	23	12	27	6	57	38	91	40	73	96	31	52	55	23	55	83	57	98	2	43	70	36	57	29	6	53	90	67	87	42	12	32	17	48	36	80	57	69	36	43	66	31	59	74	17	94	53	63	47	43	21	77	63	81	48	59	51	74	62	84	42	99	43	96	85	40	1	87	82	59	
81	15	88	77	82	67	5	6	4	44	70	60	62	83	95	36	30	90	79	17	1	55	23	28	61	85	65	79	42	92	1	9	81	63	46	55	6	73	13	98	97	53	83	9	72	64	72	68	33	66	76	98	96	31	3	25	47	71	40	97	20	89	31	3	56	33	84	21	80	50	65	21	29	86	76	24	2	7	56	51	60	42	36	62	81	46	3	39	60	49	66	73	35	12	27	11	47	88	57	92	67	75	5	43	57	22	64	56	66	43	88	14	60	65	79	33	84	96	4	57	5	44	39	28	80	97	26	85	39	79	91	23	79	59	48	14	65	92	100	98	19	100	55	26	80	2	99	19	92	51	51	70	66	38	44	87	50	54	14	21	21	2	54	100	50	15	18	53	20	92	80	51	65	50	54	4	25	97	33	57	2	39	73	37	86	75	77	13	64	8	10	18	17	62	58	50	20	29	72	99	
6	38	57	51	70	46	56	93	28	71	12	16	29	23	20	84	37	21	64	98	79	45	78	58	32	80	42	8	41	66	7	88	65	87	81	9	63	31	41	7	92	72	21	60	1	41	74	97	43	59	98	22	78	51	42	63	71	24	92	61	27	4	36	22	17	6	95	47	82	93	55	93	42	24	50	6	40	2	5	94	39	97	13	72	14	57	93	32	84	32	39	57	19	10	62	95	45	25	28	67	68	68	70	9	91	30	88	85	54	3	47	8	48	49	14	37	27	55	18	16	33	18	11	29	79	56	68	100	6	85	19	24	13	51	31	40	92	77	73	61	86	85	10	49	9	82	32	98	86	83	42	22	96	100	71	19	94	15	70	60	40	74	35	31	49	89	61	65	1	29	63	3	83	7	12	62	95	83	94	21	63	97	33	35	57	64	48	11	80	28	48	73	35	69	70	40	16	57	45	94	
55	21	7	72	86	49	22	3	30	31	94	1	29	72	43	27	15	82	34	84	52	30	73	9	99	25	64	74	92	77	89	18	75	7	56	71	68	1	88	33	34	98	89	88	94	70	81	96	74	77	24	11	42	21	54	58	40	92	12	83	58	41	66	17	93	90	44	21	92	84	60	61	12	25	19	8	32	12	100	60	41	62	23	34	42	21	4	33	22	76	37	90	9	99	76	63	60	56	35	16	92	97	81	75	49	70	82	45	22	71	25	29	94	2	61	81	55	29	33	81	21	87	34	41	84	64	14	47	48	89	1	22	55	4	44	1	48	37	54	8	73	14	28	26	95	59	39	70	29	45	100	86	11	100	14	38	2	32	41	83	2	94	93	89	86	60	30	12	83	16	97	26	23	35	65	89	86	58	45	68	15	51	90	85	89	68	49	19	96	100	74	66	2	12	13	50	31	93	29	60	
72	52	3	4	56	98	88	4	100	13	74	61	20	79	55	60	66	5	57	62	89	36	40	58	25	77	30	76	14	100	84	31	75	61	1	22	75	61	59	59	13	57	72	89	88	19	39	71	60	72	100	71	19	23	52	63	97	61	83	53	26	16	54	96	97	12	73	21	7	32	20	82	51	88	65	24	39	77	68	60	30	14	96	34	92	89	10	99	81	21	80	74	13	28	70	80	2	91	53	16	67	73	73	79	35	100	33	60	99	66	79	100	62	35	76	12	65	8	32	36	59	41	52	56	18	55	65	32	62	83	100	49	47	3	59	70	42	34	46	86	63	15	100	26	48	88	97	67	77	30	94	34	8	83	83	37	65	75	68	14	16	28	23	98	46	20	82	89	75	97	20	62	4	25	83	48	86	6	17	88	22	4	93	72	27	19	12	99	96	42	90	52	63	2	79	23	8	82	2	65	
35	32	51	90	83	82	92	60	46	2	23	29	7	3	6	68	94	81	48	71	32	19	26	68	3	2	46	87	34	74	56	9	39	42	94	31	87	53	46	77	65	24	47	43	52	92	28	68	46	98	24	86	21	25	40	12	20	27	58	26	78	97	55	68	53	15	3	2	52	18	24	93	79	1	84	69	76	59	98	76	70	1	90	2	29	20	91	31	12	40	94	5	62	31	16	97	77	86	5	48	9	85	87	92	62	25	22	70	74	18	64	46	54	84	87	66	69	57	89	87	33	74	22	95	81	69	27	92	52	48	97	44	70	31	72	94	42	95	75	7	10	76	72	94	18	85	99	9	98	25	91	38	26	40	40	34	90	85	78	76	68	88	60	48	32	30	7	92	24	45	26	65	16	67	29	37	86	91	100	70	18	100	18	74	72	83	87	29	22	66	74	65	58	80	25	61	65	13	52	37	
29	56	51	46	44	23	43	41	93	43	8	76	43	33	15	98	92	43	100	53	62	26	100	1	85	48	49	85	22	47	79	44	98	83	8	10	80	84	55	86	12	82	61	70	29	94	7	14	53	22	33	19	69	81	96	31	89	4	41	16	97	84	25	50	3	36	81	83	65	82	79	37	95	27	68	76	13	5	40	42	64	63	92	95	61	1	22	96	79	56	72	18	77	48	79	84	48	44	36	9	53	56	28	57	70	70	7	67	81	79	57	72	40	35	8	96	23	18	55	86	60	68	70	35	46	65	48	31	65	62	6	32	44	19	73	14	10	97	85	22	76	75	80	47	39	10	68	9	14	56	97	33	50	20	15	93	29	57	62	78	37	2	48	92	33	16	42	86	60	74	47	58	83	7	20	71	41	4	5	56	64	38	18	97	51	39	5	20	38	28	43	66	85	25	89	84	90	18	52	46	
74	74	90	95	24	11	55	19	62	31	72	60	28	51	60	33	5	31	87	2	40	22	10	68	53	57	80	95	65	70	89	10	68	97	27	39	60	14	82	80	82	80	61	94	97	97	5	63	89	78	37	85	66	65	69	65	31	36	66	54	55	25	98	6	49	48	95	6	70	69	26	12	54	35	9	98	31	70	96	93	81	68	17	17	50	23	67	14	22	20	7	18	63	71	51	98	54	67	96	43	40	62	6	13	18	9	48	88	3	73	46	79	31	90	11	70	66	70	33	32	11	96	1	73	32	87	7	88	53	5	61	62	92	59	96	55	87	86	38	51	96	15	18	62	17	57	41	81	82	40	55	69	76	5	34	99	69	2	79	51	87	1	25	43	32	100	83	96	48	48	69	41	97	43	7	8	2	9	95	59	91	2	81	76	77	7	29	44	68	88	50	54	80	47	75	98	86	36	5	13	
77	62	80	50	98	63	19	28	95	89	99	30	97	1	86	94	76	32	60	90	72	61	32	13	78	32	30	67	29	52	54	72	100	57	20	33	84	67	69	74	99	25	93	79	30	99	13	51	65	37	54	33	48	16	42	3	3	22	17	96	68	50	6	29	81	95	55	95	15	81	17	76	95	20	39	30	24	25	87	42	76	22	38	39	17	50	47	13	96	30	48	95	92	81	47	75	38	54	10	71	98	79	35	73	82	84	81	41	7	79	50	44	38	68	38	93	91	71	79	66	35	44	63	16	55	12	46	16	77	35	19	82	13	32	71	25	40	10	71	77	49	39	16	1	77	49	23	98	66	64	94	42	5	96	14	79	40	44	8	17	60	4	68	10	68	15	62	92	85	1	13	4	87	53	79	69	33	19	42	14	46	98	73	90	78	45	27	90	85	54	89	53	14	22	3	17	28	50	78	54	
12	63	88	36	44	4	63	73	6	8	97	77	95	73	58	50	35	94	27	62	6	1	88	63	37	55	10	6	33	11	33	95	7	99	64	83	98	59	41	87	32	95	7	51	95	99	74	47	22	75	63	43	60	47	30	81	56	17	93	97	53	3	49	81	55	26	18	64	35	10	60	33	97	20	39	94	50	9	52	70	54	11	59	45	53	29	93	78	21	12	16	11	59	96	79	76	25	71	65	70	56	58	45	84	36	18	69	72	58	79	83	79	91	71	28	85	88	7	53	91	54	68	72	32	99	22	100	87	20	57	16	47	80	47	43	94	72	60	59	35	31	42	6	92	65	80	14	30	61	17	79	94	87	55	92	59	1	84	49	82	94	30	39	65	75	82	84	36	35	91	88	97	82	11	17	55	15	31	33	100	11	45	33	77	66	31	78	89	81	31	76	4	56	52	18	80	55	6	40	98	
82	86	93	71	1	59	62	85	40	94	82	95	23	43	25	66	35	68	1	15	9	48	64	91	51	47	10	96	30	13	84	80	73	16	8	17	70	74	32	53	79	37	43	22	26	46	87	64	63	14	2	65	83	6	98	69	33	6	90	12	15	36	48	95	26	31	64	22	13	31	86	15	64	9	65	51	61	39	54	97	7	100	17	46	17	18	82	1	57	68	16	78	71	17	60	74	4	63	82	87	6	85	27	85	11	61	1	78	93	34	97	84	68	78	71	47	79	41	11	71	42	44	2	18	91	5	11	65	49	90	14	98	49	81	96	64	40	5	44	44	67	13	88	74	57	9	18	82	52	15	57	87	37	57	93	63	89	5	5	53	16	8	21	50	60	94	11	44	8	46	35	58	38	60	59	4	20	26	53	61	90	90	10	69	20	93	99	40	21	79	75	56	33	11	75	63	84	62	10	25	
72	25	45	43	27	95	34	100	45	3	25	58	42	86	80	37	60	3	88	88	59	95	29	78	54	55	11	59	73	35	50	15	71	82	72	5	85	26	64	63	17	62	38	99	9	93	60	96	10	45	86	60	27	12	30	43	84	95	44	73	3	81	95	55	18	64	70	52	31	40	80	18	53	58	70	20	90	62	42	66	18	39	60	14	64	62	76	90	33	50	11	8	99	23	6	8	11	11	6	40	98	1	1	21	48	27	32	18	32	50	30	80	65	19	18	49	5	45	93	4	97	77	66	65	7	23	96	7	2	72	10	18	33	9	17	43	33	45	32	9	84	52	43	81	35	51	14	95	73	5	73	85	82	63	3	84	67	3	31	17	5	46	39	59	24	22	5	44	98	93	86	53	74	37	72	88	80	20	76	81	85	90	85	21	61	83	58	100	67	37	29	92	86	62	18	83	95	48	2	33	
6	10	98	59	36	16	99	12	59	20	15	24	27	22	39	27	10	28	23	3	57	55	70	93	55	11	29	25	3	93	88	25	32	3	77	40	58	99	83	42	85	63	33	69	54	40	14	96	17	28	52	28	21	27	68	64	21	47	21	21	2	83	6	95	64	22	52	44	19	22	46	14	72	7	30	42	78	15	95	40	15	74	36	91	80	10	55	90	37	99	77	96	81	23	79	37	56	49	69	59	90	23	65	78	60	57	19	71	42	2	95	30	67	85	78	99	17	32	46	50	49	21	2	96	66	99	83	88	69	89	63	64	93	98	69	99	13	52	22	14	62	35	41	67	39	79	35	89	67	31	64	63	58	36	27	33	94	63	30	52	28	21	76	17	51	20	35	85	87	23	54	81	82	26	99	61	74	85	90	98	78	98	8	11	88	63	67	76	31	10	15	5	81	31	44	48	13	1	5	49	
50	98	64	98	66	92	66	1	79	84	7	18	75	96	25	21	85	92	63	59	13	3	74	51	95	25	54	39	82	64	58	4	39	25	65	81	35	36	2	73	3	56	80	89	75	45	85	54	4	72	59	90	82	50	41	44	80	82	92	7	52	65	70	15	35	13	31	19	33	8	65	32	63	69	46	2	71	41	38	2	93	67	26	79	91	32	63	45	39	22	64	1	92	25	100	56	13	90	8	99	5	74	69	58	21	28	76	2	10	98	61	10	48	56	70	41	98	59	70	63	78	38	44	72	38	67	69	91	48	59	23	88	82	8	62	38	59	53	30	54	8	13	84	19	49	12	76	42	40	100	83	39	49	67	61	8	26	60	58	26	31	12	64	86	41	18	58	73	56	54	56	99	22	42	28	37	9	50	56	81	40	40	21	45	13	2	98	99	63	18	98	40	69	24	20	72	82	41	8	14	
49	30	34	33	86	83	38	22	74	38	70	56	61	1	76	33	7	65	93	87	2	16	56	57	46	78	44	26	68	39	27	15	75	51	11	74	43	15	4	91	6	77	8	63	90	36	29	11	67	11	85	7	66	12	81	69	50	93	84	32	18	82	69	81	10	31	40	22	8	43	67	40	65	72	78	9	8	61	90	65	26	61	36	40	21	100	64	83	46	40	34	49	12	95	56	67	20	54	91	11	68	98	32	25	79	75	11	71	26	40	64	85	52	6	48	2	73	19	61	90	8	17	12	65	41	97	30	4	69	91	10	23	28	3	27	22	65	91	51	87	38	86	32	97	38	73	96	96	82	38	77	75	33	44	19	4	58	37	7	18	94	43	33	77	5	42	63	21	32	93	17	15	60	53	98	26	2	16	57	18	36	86	41	52	75	15	64	14	16	64	87	55	37	3	20	22	87	99	58	2	
66	40	55	93	70	3	30	49	63	37	90	53	53	38	45	16	99	24	36	66	70	82	13	12	18	15	90	15	17	71	87	72	93	28	80	86	54	14	36	49	92	41	6	49	61	78	57	32	9	9	19	39	23	83	5	69	65	55	60	20	24	79	26	17	60	86	80	46	65	67	18	86	87	74	93	51	21	44	33	58	67	55	32	91	76	82	25	7	98	22	88	32	27	8	4	6	47	51	59	92	33	64	34	20	100	32	6	62	46	20	29	96	63	74	79	7	16	87	28	46	51	53	32	95	33	3	98	32	16	12	97	31	19	77	17	49	54	52	16	60	88	8	1	27	34	12	15	68	74	56	39	6	35	92	35	13	100	88	73	13	1	8	17	55	99	13	77	100	96	56	78	69	60	37	10	95	50	11	79	26	36	80	84	70	64	14	5	72	99	16	1	7	44	64	51	55	100	90	17	66	
38	59	88	38	39	43	35	9	20	38	31	89	83	34	70	60	81	29	29	19	23	26	94	3	31	73	62	13	33	39	51	51	87	42	97	65	23	84	11	26	7	28	87	81	66	44	58	33	43	64	66	26	94	40	69	91	21	93	61	82	93	37	12	76	33	15	18	14	32	40	86	44	14	32	64	82	96	3	76	20	14	44	90	65	7	63	17	43	4	77	54	46	49	70	21	73	25	65	97	10	63	9	10	62	68	26	61	89	40	76	48	21	38	12	49	64	91	76	20	48	22	94	40	72	39	12	82	42	41	29	79	1	11	66	53	16	1	29	61	40	7	86	61	10	33	42	1	38	81	99	3	33	87	99	6	91	80	72	71	76	30	14	30	45	2	12	21	34	67	1	34	23	8	2	75	100	48	37	7	38	1	36	12	15	51	34	44	43	8	11	18	31	42	76	37	100	6	78	27	40	
97	84	90	26	24	86	24	87	17	7	82	87	46	31	79	86	2	4	11	73	6	33	24	86	54	58	93	22	44	32	25	84	85	25	16	48	24	77	93	97	35	71	17	83	96	100	18	83	10	91	77	11	37	42	33	76	29	42	12	51	79	95	54	95	97	64	53	72	63	65	87	14	62	55	58	44	65	69	51	98	92	17	77	23	60	15	53	60	96	7	59	74	14	23	94	94	22	52	40	90	81	22	7	99	4	71	79	1	77	28	35	93	70	88	72	52	68	44	43	29	84	8	67	71	64	64	44	16	40	65	13	37	52	45	80	54	68	40	5	5	1	88	94	26	84	42	78	56	1	89	6	26	86	60	13	13	70	84	77	48	26	71	38	46	9	21	10	77	25	97	6	82	60	98	34	11	52	55	71	62	90	52	78	63	54	81	3	15	43	69	13	62	58	60	41	1	1	85	100	12	
26	39	55	83	10	70	97	33	25	20	53	57	23	57	68	56	89	66	81	64	39	1	9	90	89	86	34	92	55	4	17	95	9	67	43	61	25	72	96	7	44	29	45	55	58	6	51	11	92	17	41	45	95	86	12	1	86	24	25	88	1	27	35	20	20	9	58	7	69	72	74	32	55	41	93	51	24	93	88	35	83	73	89	21	20	75	49	43	100	38	86	20	61	34	1	13	85	51	14	79	68	56	36	50	27	92	27	23	54	37	37	41	4	99	25	37	71	26	17	49	32	53	27	68	1	96	88	17	18	79	11	26	76	99	56	85	88	100	62	95	23	66	84	61	49	93	14	94	48	51	78	37	78	83	39	32	72	89	55	4	9	58	27	41	82	15	85	85	23	97	19	62	86	71	69	18	80	83	94	50	64	86	17	80	2	8	74	38	32	67	15	55	64	22	28	54	90	70	26	1	
27	92	57	98	82	63	65	38	85	27	26	92	37	63	96	1	67	3	7	40	64	29	45	80	21	30	30	86	75	91	27	76	83	7	51	97	80	42	86	86	46	29	12	51	77	37	52	94	78	73	92	63	5	100	37	26	76	50	19	65	84	68	9	39	39	65	70	30	46	78	93	64	58	93	8	18	51	36	91	52	30	63	55	18	99	54	13	24	53	3	77	30	99	68	10	18	92	18	60	75	62	69	84	98	64	74	18	63	39	9	32	11	27	77	55	93	48	43	18	41	93	37	15	82	85	82	43	73	100	99	67	61	10	88	25	29	66	95	14	81	34	3	82	62	17	91	36	55	34	60	30	43	67	32	40	34	7	6	74	62	38	91	56	98	13	73	64	42	30	40	16	72	73	59	80	17	49	5	67	79	97	33	2	40	75	62	61	58	92	2	53	8	63	7	42	70	90	20	9	67	
84	46	30	37	7	16	60	60	61	30	9	87	17	14	76	3	23	85	59	66	79	61	42	20	39	23	96	5	92	29	26	30	88	11	26	59	67	28	98	40	36	86	96	81	27	74	77	67	74	14	96	45	7	23	88	31	24	6	8	24	69	76	98	30	94	51	20	42	2	9	51	82	44	51	18	15	44	43	24	53	3	17	44	22	76	45	94	51	30	5	22	10	24	97	71	62	28	66	70	49	31	4	27	14	15	29	48	100	56	40	77	56	15	51	39	69	36	45	51	48	95	24	35	2	92	91	83	45	94	43	86	64	94	51	81	10	97	36	28	49	97	46	96	92	69	64	80	51	83	42	57	76	7	4	99	87	31	65	19	25	58	14	44	37	99	70	95	81	43	63	62	51	16	97	78	10	35	86	49	55	92	1	30	25	28	54	46	31	42	25	54	95	31	91	58	24	53	100	77	48	
46	59	26	100	4	98	65	64	38	3	79	47	28	33	61	66	44	93	58	84	92	35	33	58	62	19	40	14	81	23	76	64	57	37	93	43	13	31	69	43	7	32	73	2	2	29	74	7	12	99	69	88	13	10	100	19	2	40	32	39	76	13	31	24	50	61	90	78	71	8	21	96	65	24	51	44	67	31	12	85	48	57	49	98	75	49	10	47	79	97	90	84	60	29	28	18	69	24	56	55	58	16	88	79	61	31	46	87	60	53	96	52	10	20	75	9	74	23	19	33	22	26	13	19	16	72	57	33	87	15	15	55	7	90	34	15	66	63	14	10	50	92	4	28	34	28	91	63	54	5	93	5	3	79	30	14	8	85	78	14	74	60	70	88	52	2	44	2	16	13	83	72	24	46	69	100	51	53	28	73	9	100	56	52	14	4	9	56	4	100	67	81	95	40	27	83	47	40	36	47	
61	94	83	47	58	63	58	12	67	23	57	13	90	23	43	42	56	85	11	47	74	29	31	80	52	43	100	16	46	43	54	34	64	14	20	24	6	79	80	52	8	4	29	35	12	21	17	68	16	45	25	34	99	25	56	60	7	2	12	77	59	5	70	25	9	39	62	15	41	61	44	3	69	93	36	43	31	100	88	27	87	34	42	7	97	21	42	24	70	5	26	1	82	24	75	65	85	81	10	96	80	88	93	74	33	88	24	66	47	51	74	86	96	71	31	26	63	77	55	87	16	51	63	62	94	92	6	49	50	36	91	46	51	77	97	56	45	66	12	33	62	96	88	13	49	7	96	32	29	62	97	66	31	42	50	43	46	14	28	70	37	1	49	56	35	25	10	93	71	19	6	45	17	64	67	55	72	39	49	71	19	66	2	24	88	74	33	73	22	86	77	4	76	39	82	5	18	63	45	34	
50	19	38	22	16	19	53	18	56	48	43	36	3	10	69	97	41	69	7	69	49	22	10	16	73	92	42	38	75	49	36	9	32	35	96	97	63	96	37	39	50	6	70	38	12	68	26	36	65	80	52	84	47	51	36	66	56	5	100	68	98	40	96	87	52	54	42	95	38	90	33	76	51	88	91	24	12	88	78	27	87	99	25	13	59	97	37	38	67	25	51	97	76	51	48	20	36	79	54	83	55	34	87	44	79	63	95	42	15	81	9	75	1	9	2	87	58	30	92	100	97	29	16	41	65	44	81	83	93	7	12	74	78	37	71	39	55	7	99	75	42	81	14	24	10	36	98	72	38	65	36	53	56	82	89	83	87	60	60	67	70	52	30	36	8	85	44	29	15	40	83	26	89	28	14	44	78	79	42	36	33	68	64	21	71	73	3	15	13	91	87	51	47	79	57	38	98	23	40	5	
94	45	2	86	25	42	9	89	81	36	62	90	96	91	90	40	21	14	74	47	84	61	1	72	100	7	66	32	69	41	39	19	34	36	95	33	49	38	19	42	66	82	66	93	89	27	34	42	90	38	52	44	72	29	42	45	51	94	60	60	76	42	93	42	70	97	66	40	2	65	58	20	98	35	52	53	85	27	27	25	54	55	41	51	42	44	91	22	14	21	72	17	87	45	83	26	86	21	99	51	66	47	20	31	73	4	3	22	36	91	71	70	72	20	85	89	60	76	84	33	56	4	15	92	49	70	70	28	42	97	31	61	68	41	96	29	83	86	21	93	39	41	95	33	54	37	14	11	53	50	89	33	73	99	64	64	63	72	97	11	51	29	13	98	94	93	32	91	65	21	31	54	56	51	65	43	46	59	23	75	46	87	3	75	83	42	92	84	23	6	52	32	73	40	14	98	82	92	57	38	
99	7	37	82	44	88	17	9	26	52	6	18	10	14	72	3	23	69	84	38	29	87	35	5	38	61	70	79	36	63	53	19	99	80	75	26	98	8	69	11	27	23	88	53	39	75	79	88	26	86	48	21	51	83	53	56	60	39	41	30	70	64	81	76	54	7	18	15	93	26	67	14	92	83	30	3	48	87	87	54	1	28	74	90	1	62	78	43	65	80	20	94	14	11	73	41	72	94	49	77	32	30	26	83	54	27	28	94	74	57	28	79	14	53	83	57	87	83	21	30	3	43	8	6	10	38	57	54	80	95	87	49	7	97	18	100	26	16	92	25	71	26	81	4	37	84	60	93	87	53	37	24	73	38	91	98	97	13	65	3	7	84	85	43	17	26	66	36	80	34	37	10	6	12	85	50	56	11	51	18	2	33	38	61	16	34	26	34	1	64	10	97	41	84	95	85	77	93	89	72	
72	93	81	28	43	50	22	36	44	41	39	45	70	97	51	26	96	68	17	2	71	95	3	78	1	55	4	38	49	51	56	15	14	15	96	57	57	40	53	19	57	70	9	55	11	60	47	51	37	67	95	80	74	8	26	65	42	97	62	14	1	63	68	22	11	100	39	74	67	61	55	44	17	73	63	17	57	34	99	55	28	55	21	31	4	16	45	39	9	6	30	65	83	65	51	84	29	50	26	56	36	4	41	83	98	90	67	11	55	35	71	20	42	79	7	15	78	76	96	9	25	13	88	60	28	1	57	88	66	75	1	47	84	36	81	24	28	8	84	12	76	7	22	20	76	74	93	46	29	78	90	29	4	66	60	93	74	16	68	40	24	34	98	68	68	16	16	84	8	14	60	12	99	74	56	53	13	81	68	21	58	60	31	12	31	32	35	19	10	73	77	4	27	12	17	69	57	94	44	53	
23	69	52	87	55	32	44	85	13	83	54	83	17	93	85	87	62	22	89	90	68	14	63	86	63	23	39	24	11	90	1	87	45	88	99	24	4	85	53	76	35	89	97	35	55	39	99	43	85	80	81	99	11	47	48	15	36	13	23	96	90	92	17	38	59	17	60	36	26	36	32	90	77	89	55	44	49	42	25	41	74	21	27	3	51	13	15	36	55	61	64	81	85	34	91	22	22	37	26	18	73	10	56	23	23	25	33	72	10	31	86	62	56	89	83	7	97	75	56	8	91	92	72	75	81	46	69	23	78	16	46	73	2	17	19	60	32	6	93	88	86	1	93	98	35	32	22	70	36	11	52	5	21	11	25	20	34	85	2	83	87	92	59	3	83	47	36	15	21	66	33	94	100	68	87	77	1	41	40	59	92	82	62	73	36	6	66	19	84	13	39	42	11	3	33	82	39	83	9	42	
73	51	91	70	92	90	48	49	17	69	56	49	93	87	14	78	91	84	39	95	72	15	30	45	14	65	81	45	25	41	51	55	30	41	10	42	72	31	18	63	75	76	34	11	69	27	35	30	94	50	15	32	33	90	80	98	62	72	34	34	2	95	17	39	45	46	14	91	79	40	91	65	23	21	18	22	98	7	13	51	90	31	3	44	68	96	59	68	6	16	96	24	47	98	82	61	41	8	41	94	75	6	11	22	18	57	73	7	2	48	59	57	65	27	34	65	87	59	67	66	97	92	97	68	78	63	84	65	8	96	47	25	67	36	76	26	81	88	43	91	23	79	40	34	71	46	57	13	2	99	56	7	5	75	65	78	27	100	78	59	9	50	73	29	72	90	41	11	18	18	10	47	88	5	89	81	23	46	70	19	33	63	90	54	38	27	3	72	72	63	24	79	34	58	16	23	8	3	77	93	
63	32	1	29	19	44	5	47	75	90	81	79	42	18	68	5	3	100	2	41	53	28	77	57	33	60	14	80	71	80	82	99	58	22	76	27	48	74	37	38	76	64	29	89	51	53	51	79	74	10	81	85	63	68	70	100	81	14	42	92	29	61	50	17	53	17	64	80	91	21	76	7	60	20	99	76	75	97	59	42	1	4	51	68	37	95	87	68	2	46	89	58	2	60	31	82	22	65	62	86	90	27	61	73	40	46	93	16	31	14	35	5	41	29	7	89	26	80	59	35	98	17	26	11	66	57	8	85	28	58	81	3	45	72	29	81	50	100	56	93	41	24	41	95	87	51	85	38	81	49	49	2	20	12	80	81	59	79	46	24	3	62	55	95	9	70	7	94	70	34	80	85	64	99	16	86	100	16	52	2	65	88	61	77	20	46	62	81	58	73	4	34	32	44	79	6	18	90	29	78	
36	80	98	12	1	31	47	25	58	95	72	45	74	35	17	29	17	76	84	91	34	98	72	68	45	89	16	58	33	9	76	87	81	46	18	89	53	26	56	61	77	25	24	4	65	65	81	36	2	92	22	76	8	100	84	70	46	57	21	89	20	1	23	50	29	18	62	10	32	100	82	63	15	75	54	45	49	21	97	44	62	16	13	96	95	24	27	4	18	86	12	64	8	67	7	81	24	50	55	57	67	43	32	73	38	85	2	41	51	28	41	23	54	29	38	57	45	97	1	14	87	41	56	21	81	49	70	23	48	69	50	70	77	15	58	88	44	53	100	9	10	64	46	24	23	11	37	92	31	79	50	57	28	67	100	14	39	81	75	42	93	93	25	21	95	84	60	53	82	3	4	39	75	84	22	8	38	96	28	97	86	86	87	88	46	84	13	35	4	95	88	39	25	38	99	87	88	1	95	33	
67	60	89	29	18	57	42	73	23	48	73	47	43	96	64	62	57	18	32	50	9	86	56	28	27	11	33	48	99	97	50	59	28	8	66	98	94	54	31	53	46	5	35	98	38	61	48	59	58	43	85	60	86	3	54	37	3	93	4	10	91	22	67	47	93	82	76	55	63	64	25	17	53	49	13	94	10	42	37	91	78	45	15	59	87	27	81	35	74	59	82	71	3	65	93	68	33	40	88	33	69	52	66	54	24	18	4	16	80	64	61	93	89	25	28	43	62	44	31	79	82	13	2	66	14	64	86	33	84	22	31	31	100	69	22	61	46	89	40	75	35	87	23	13	15	8	43	11	60	46	30	95	83	71	91	48	72	64	65	17	7	37	54	87	69	24	23	93	3	74	66	47	1	42	16	50	34	7	36	94	59	89	24	91	21	37	90	48	75	2	88	68	77	26	100	8	78	53	36	42	
91	79	43	60	50	5	30	16	13	18	33	92	42	30	86	100	63	90	5	33	72	10	97	93	81	1	6	56	17	13	64	15	65	22	8	50	91	77	55	85	23	87	51	46	51	35	91	30	44	63	43	4	6	37	51	54	39	32	33	99	31	96	14	13	78	1	90	90	45	83	7	43	60	43	24	51	47	24	38	22	43	39	36	68	68	4	35	32	46	32	17	65	93	29	51	43	11	10	14	91	52	20	14	71	3	34	89	25	37	99	62	70	23	52	34	29	86	96	8	98	37	24	93	92	25	74	46	83	54	69	2	30	92	55	45	61	21	13	95	90	22	71	47	54	3	74	21	44	36	97	35	72	28	14	36	65	24	19	4	23	32	71	16	90	94	94	1	15	84	43	78	81	79	17	2	30	33	94	40	23	55	76	66	24	17	83	41	80	81	41	92	72	28	60	87	62	38	77	92	12	
61	71	9	29	10	15	75	66	72	2	9	96	50	5	33	29	98	60	24	5	33	41	49	87	18	80	68	20	82	27	55	64	58	36	89	29	35	22	30	67	11	36	41	49	79	34	76	81	86	16	48	79	25	6	29	61	60	84	22	81	12	79	22	96	21	57	33	37	39	46	98	4	96	100	53	30	79	70	67	14	65	9	55	6	2	18	74	46	17	12	44	33	61	64	61	85	59	57	77	10	68	89	61	10	99	72	44	89	92	95	60	18	95	84	79	68	59	10	39	36	50	27	47	63	68	65	3	25	32	85	40	40	9	40	94	28	81	19	11	97	62	53	59	83	68	11	93	82	95	7	74	87	67	67	28	71	56	77	45	62	45	35	93	85	72	93	95	29	22	91	65	37	58	90	70	48	21	93	11	70	40	92	28	71	23	23	85	92	79	21	12	3	45	43	69	49	94	85	63	33	
98	64	43	51	12	67	72	68	88	89	49	14	71	72	93	50	11	33	53	59	99	25	57	11	32	3	51	56	17	53	26	15	45	22	28	21	53	23	25	35	35	8	7	64	38	90	65	67	28	67	76	65	55	76	57	67	49	32	76	21	40	56	20	30	12	68	50	99	22	40	22	77	7	38	3	5	97	5	25	21	80	6	61	16	46	86	59	32	12	15	36	22	12	99	7	99	32	53	27	20	28	5	97	47	6	24	52	9	81	50	30	26	66	42	44	25	52	84	39	31	83	41	49	26	26	7	47	61	83	47	68	7	78	4	60	75	96	31	81	14	59	38	80	89	72	38	11	77	60	93	74	16	13	88	13	43	69	34	79	15	23	96	36	26	53	57	42	76	43	50	21	44	11	100	41	74	58	94	81	7	88	85	86	23	56	36	45	42	25	31	27	16	6	85	54	52	74	44	48	11	
71	83	30	15	82	6	100	70	39	74	67	61	89	42	30	57	100	20	70	42	77	21	36	77	42	49	96	71	28	88	26	3	63	40	3	29	91	5	10	76	23	19	59	71	79	100	22	40	37	19	64	38	56	16	47	40	66	39	37	80	94	72	7	48	16	16	11	77	64	34	88	54	59	86	77	22	90	26	51	72	20	30	64	96	89	12	82	17	44	36	25	39	87	55	21	23	86	89	30	44	38	12	34	65	94	73	89	42	6	8	13	6	45	77	35	32	80	64	60	82	17	81	44	54	51	50	30	52	11	89	90	47	34	28	30	83	12	6	64	72	68	2	10	52	33	91	21	91	37	17	14	24	71	46	28	93	74	50	63	81	54	7	85	15	86	44	13	78	8	52	4	68	83	47	28	77	81	71	96	19	89	40	16	95	35	3	28	41	57	70	68	30	35	68	49	65	81	55	52	86	
43	17	90	39	62	35	80	93	11	83	93	83	17	2	99	35	38	53	31	98	91	68	79	99	42	79	70	34	67	51	61	34	74	76	1	47	15	52	92	45	45	33	42	52	63	99	63	71	72	78	82	14	9	56	57	16	73	57	90	74	5	18	18	95	11	78	8	96	1	49	32	46	74	20	30	10	84	1	97	17	94	65	81	24	58	64	71	65	33	22	39	11	71	2	37	69	24	31	47	17	82	94	26	23	96	48	40	79	72	69	65	22	10	12	48	22	53	24	47	39	10	2	89	100	54	4	13	68	34	51	85	13	91	52	98	95	92	60	21	72	52	85	84	63	34	4	54	26	48	85	39	4	2	64	86	97	75	83	23	24	61	46	14	30	28	6	82	69	17	23	51	75	47	95	58	61	13	93	47	81	92	50	78	73	44	91	27	43	23	67	19	48	32	93	61	91	28	7	4	18	
65	46	17	42	86	88	80	26	38	34	58	33	78	84	45	5	22	85	82	74	23	74	13	42	62	52	32	18	16	1	49	36	33	95	2	43	39	11	12	94	29	70	94	47	7	78	59	4	32	80	5	30	11	38	51	84	35	19	9	13	62	77	63	92	59	71	99	81	92	12	27	49	14	61	99	24	60	82	76	87	14	83	85	47	2	8	3	93	61	12	87	71	13	75	9	88	18	33	39	30	9	95	75	79	32	72	74	50	14	71	3	15	25	8	5	74	80	16	76	99	92	37	77	21	55	56	26	14	52	41	85	38	31	18	87	65	88	95	34	15	76	23	47	18	32	71	51	8	1	89	72	98	30	26	79	46	81	11	61	58	52	58	15	37	51	62	38	32	35	90	63	87	93	98	87	32	89	83	24	46	2	76	6	96	75	16	18	24	57	41	57	28	65	77	19	72	29	37	89	94	
58	2	51	2	79	32	47	67	30	31	67	100	92	94	80	2	55	97	70	8	86	17	59	23	100	32	52	56	52	27	60	3	14	71	75	79	5	47	86	90	65	50	18	27	39	56	57	38	16	40	47	27	80	11	67	20	12	10	99	28	31	48	71	81	96	17	23	23	25	95	8	70	23	34	68	97	29	24	51	45	11	65	34	98	60	67	65	29	64	99	55	2	75	15	77	42	25	84	21	51	3	12	20	78	57	40	6	95	44	10	23	9	44	60	74	42	35	38	69	27	41	90	3	69	77	43	58	92	15	74	49	65	8	34	100	46	73	89	74	36	18	14	78	68	42	28	47	91	7	58	37	74	64	14	72	16	34	64	41	55	84	91	68	55	2	80	42	19	51	46	91	53	66	4	16	7	27	24	8	59	21	94	39	40	38	12	39	86	59	9	8	60	47	67	16	38	73	3	22	8	
90	31	72	46	69	78	15	79	94	26	10	24	80	45	81	83	51	52	80	85	78	14	50	54	16	58	30	23	74	71	35	82	20	9	47	26	63	16	53	11	60	87	95	21	47	22	51	92	20	79	55	61	43	26	100	90	27	62	76	70	16	79	51	47	79	60	6	79	100	56	4	21	94	1	10	71	28	75	48	83	73	51	91	82	31	7	93	51	61	7	21	37	9	77	58	82	33	46	39	7	5	14	18	5	40	11	98	17	53	20	99	41	11	71	27	1	81	17	26	85	77	4	29	39	35	52	94	46	83	26	4	90	43	48	27	47	11	60	71	49	95	34	88	29	58	52	63	51	57	89	11	30	31	67	98	17	44	71	9	47	88	43	76	62	33	15	78	1	100	25	65	75	34	88	81	5	83	67	69	7	50	55	84	44	10	94	39	70	89	5	49	95	100	94	87	94	69	45	27	65	
59	38	58	41	73	39	63	96	70	8	44	47	15	44	34	51	74	27	32	16	30	71	48	66	83	14	41	50	66	64	77	75	28	72	40	7	38	10	45	7	12	95	64	86	12	61	55	46	95	64	15	11	2	29	45	100	11	95	63	80	97	84	98	75	76	74	8	37	56	67	6	73	94	13	18	62	18	65	20	26	41	84	22	61	82	81	68	43	85	99	23	69	88	42	82	32	67	90	14	31	66	11	85	99	37	10	35	4	24	98	23	19	11	47	28	89	30	9	26	30	93	65	17	87	56	8	62	41	96	69	87	99	34	75	98	2	86	44	85	9	21	94	29	40	94	82	78	57	71	92	12	47	47	62	77	10	38	48	56	64	70	10	65	64	67	81	44	58	78	25	19	50	97	53	85	22	53	90	100	80	34	99	88	85	83	48	56	79	77	93	100	46	92	65	55	55	80	36	4	14	
40	20	59	35	84	23	41	94	7	25	21	67	30	24	76	74	63	37	35	4	42	9	91	36	13	16	4	88	42	90	57	92	80	39	74	49	7	33	63	24	2	84	13	40	3	35	32	96	28	60	49	37	30	87	99	3	47	45	60	2	77	48	54	38	25	4	11	56	13	20	47	25	22	85	92	28	69	85	36	86	72	29	22	41	22	24	33	11	59	32	86	24	18	25	33	67	97	61	4	70	93	75	67	16	46	73	94	55	95	4	99	73	64	54	16	19	25	36	58	3	25	42	61	94	14	25	30	84	36	81	17	15	15	54	72	37	81	30	74	12	61	68	16	72	44	67	18	97	65	84	75	28	28	71	1	92	40	47	85	41	5	80	84	57	53	52	82	57	81	1	72	6	61	83	63	77	30	80	44	83	96	24	53	40	28	47	27	3	49	54	29	5	1	17	75	26	99	68	22	34	
56	47	54	42	84	28	83	41	68	52	92	5	95	20	68	14	62	96	20	42	64	68	65	89	8	30	97	57	49	45	37	83	79	50	8	62	88	92	76	5	61	75	95	52	52	57	6	19	31	83	31	76	70	5	26	91	88	25	56	91	86	44	67	54	71	63	11	49	90	54	51	65	52	51	18	66	24	81	79	21	94	50	37	8	65	50	40	10	57	53	89	31	33	84	46	90	61	64	3	22	16	37	38	39	35	37	4	88	36	88	100	56	88	46	89	84	5	50	89	35	71	77	49	79	62	37	99	11	4	90	21	96	73	45	85	2	21	32	65	55	87	56	63	81	40	42	36	77	88	44	21	77	26	94	4	17	92	47	26	55	9	57	97	7	10	27	16	21	42	28	73	11	79	21	43	33	61	2	22	94	5	80	19	51	54	62	47	85	75	21	65	32	44	11	89	57	64	52	63	68	
49	82	86	94	17	40	90	84	100	31	81	50	64	15	91	33	74	10	69	10	99	50	35	44	28	35	83	46	97	29	7	25	65	35	47	22	72	63	95	57	30	64	1	39	42	95	62	35	7	38	6	84	60	28	82	45	57	28	35	53	5	36	96	10	65	82	6	69	8	91	59	97	40	14	60	70	56	10	54	99	49	26	26	41	62	55	88	14	77	27	30	47	39	21	39	14	4	3	20	51	96	48	85	62	79	85	72	56	95	26	16	96	94	79	2	51	49	64	19	4	70	21	36	18	48	31	43	90	7	9	14	10	83	29	19	4	59	37	62	84	75	87	59	23	29	23	20	30	41	59	84	69	95	38	65	49	33	100	77	38	94	80	31	94	32	21	55	1	72	86	31	88	78	75	20	63	71	9	85	16	93	37	78	53	44	29	66	5	36	37	36	85	36	58	62	90	95	29	4	11	
57	49	1	64	49	56	13	63	4	53	2	28	8	76	37	71	31	38	66	62	12	36	89	90	63	69	75	68	16	17	87	24	41	88	95	60	11	68	76	86	9	23	31	45	87	63	18	41	53	24	44	76	10	90	7	51	92	67	16	16	48	9	43	71	70	87	40	59	99	11	92	10	90	79	75	49	55	96	83	51	77	56	18	94	86	57	33	91	10	20	44	17	30	51	7	31	70	22	51	77	5	6	87	1	65	28	22	25	13	15	91	44	66	87	40	18	44	70	55	74	17	22	41	36	76	75	85	57	77	58	7	98	61	8	47	91	11	79	92	45	63	21	98	34	75	85	98	64	4	22	2	98	3	56	69	66	26	73	10	61	75	61	31	78	55	3	61	35	15	16	78	57	39	32	58	71	27	73	20	73	24	12	97	48	67	7	65	68	31	9	7	44	25	93	66	97	56	41	56	78	
23	28	57	9	22	37	42	16	54	60	33	93	8	29	96	72	28	83	27	68	29	60	37	98	24	86	34	65	36	37	24	49	29	41	7	76	53	11	84	66	42	67	35	100	65	18	86	100	92	88	75	30	77	97	84	86	67	68	92	67	9	53	40	98	56	6	98	90	5	68	33	63	81	68	62	31	58	80	55	66	32	36	73	75	90	67	69	52	68	28	38	82	9	3	5	66	93	16	96	5	58	55	70	84	69	56	66	18	62	55	60	30	17	72	46	6	91	90	22	55	37	27	22	26	36	67	29	86	33	46	19	75	1	27	98	84	97	49	29	59	50	42	47	90	33	41	52	6	32	24	84	91	34	55	48	54	47	59	59	91	79	73	47	19	65	80	9	92	50	11	77	16	83	31	48	13	79	24	89	82	46	34	60	1	85	21	22	44	61	82	28	24	56	32	23	5	63	93	66	29	
48	79	79	43	1	41	66	1	99	96	14	59	55	83	44	32	14	8	11	60	47	44	36	12	69	94	79	98	20	10	96	82	89	7	21	96	27	73	43	82	26	31	86	9	90	77	40	73	90	32	64	12	26	14	65	55	75	68	97	73	85	56	62	79	58	85	1	23	74	98	64	9	22	56	69	4	16	88	34	47	30	4	10	6	27	43	52	20	89	5	12	94	95	12	14	11	75	37	48	6	55	15	69	22	25	77	85	4	41	84	19	50	19	24	56	2	16	8	12	81	96	39	12	70	43	65	11	93	27	40	67	78	72	80	93	48	72	23	27	72	91	23	39	96	24	58	46	13	42	68	8	14	2	34	73	4	8	92	55	53	1	15	57	86	14	2	12	7	7	17	86	28	85	97	37	73	29	15	33	45	76	55	88	51	79	85	64	17	93	52	95	95	14	42	32	7	95	7	15	75	
47	22	47	7	84	76	24	33	21	39	87	25	55	33	92	23	18	30	96	54	67	69	33	34	14	78	86	25	46	32	72	75	95	71	76	37	72	41	19	29	13	90	34	60	7	14	86	28	70	88	35	16	52	96	78	46	5	70	81	73	87	28	6	35	45	27	1	65	69	32	34	10	7	36	84	27	88	93	87	20	26	41	56	11	61	32	66	14	61	97	34	26	75	20	18	85	67	38	85	87	70	69	47	58	97	25	41	81	52	96	24	6	34	53	4	100	60	75	60	81	15	21	80	90	36	39	14	73	92	31	63	19	50	31	88	79	92	19	88	90	22	55	59	23	5	15	35	12	74	9	53	31	54	74	56	49	34	62	80	50	23	50	49	72	60	34	10	10	24	49	95	33	93	95	68	61	41	77	41	96	43	57	80	96	35	79	64	9	8	30	60	70	23	42	8	84	59	68	97	62	
19	79	64	28	77	95	10	48	15	98	8	14	47	68	88	85	77	76	76	58	99	100	69	8	22	83	2	69	44	96	8	47	98	8	42	51	34	63	100	51	3	1	43	48	1	67	43	86	82	43	87	18	55	41	99	44	43	9	75	79	92	57	13	73	84	85	21	78	58	25	20	62	99	50	98	14	79	74	44	31	83	83	23	22	73	73	54	71	10	47	65	23	79	78	5	99	16	39	62	1	84	22	58	90	50	86	98	31	82	44	80	32	65	48	66	2	63	44	77	85	32	95	35	26	98	94	68	32	13	54	26	62	36	30	61	37	13	46	31	43	71	62	32	2	23	58	72	82	63	34	68	71	12	27	7	94	76	87	32	9	41	46	48	31	100	63	13	3	90	54	84	55	63	74	29	27	29	48	6	99	83	4	93	39	88	100	33	39	24	26	42	95	37	69	53	20	44	2	18	63	
82	100	78	87	41	30	75	58	31	37	91	99	24	9	79	25	100	76	29	75	54	73	100	99	43	45	90	24	36	74	51	28	36	50	77	9	81	74	30	43	57	8	27	72	97	56	31	54	26	5	96	11	87	78	56	62	57	91	49	35	62	70	18	82	36	11	48	60	21	79	100	68	4	27	64	15	61	33	79	73	54	98	23	18	40	38	24	3	99	6	94	96	32	57	40	37	46	35	79	65	69	25	97	50	29	63	9	7	77	53	5	62	64	84	30	66	57	84	53	46	78	40	39	13	89	29	19	26	73	36	99	23	20	80	31	4	95	82	85	14	50	17	2	33	93	88	48	6	46	31	91	35	8	54	75	98	85	43	50	13	69	61	26	87	22	78	83	57	42	5	28	74	45	67	45	2	83	46	77	8	30	91	70	65	3	13	66	100	93	32	13	61	54	99	82	82	78	78	5	66	
52	82	83	78	50	89	19	88	70	12	15	87	7	5	87	56	89	56	1	36	44	24	62	35	94	64	31	46	3	67	47	71	54	30	94	41	73	11	60	71	95	53	2	74	65	94	37	92	73	94	77	96	84	87	96	39	22	30	70	100	25	70	9	84	18	61	27	57	28	75	32	26	71	92	74	29	31	88	63	4	27	90	25	57	46	85	18	34	72	24	73	48	72	40	11	10	73	37	85	28	56	77	25	86	63	90	62	45	88	8	21	92	48	84	59	70	60	4	20	22	85	90	15	81	52	90	92	19	84	52	3	64	94	65	14	85	77	22	89	23	38	5	32	92	33	37	26	14	17	2	57	73	8	7	69	28	68	78	63	89	73	7	81	49	77	57	11	18	13	45	50	11	93	36	65	79	75	75	49	90	10	56	56	52	79	42	34	6	94	59	97	67	20	58	30	52	16	37	22	32	
62	69	46	20	11	23	26	53	35	40	82	2	19	100	45	63	97	75	4	93	42	7	59	45	75	36	54	12	85	58	18	94	8	72	70	98	13	52	67	47	21	12	98	19	97	64	39	6	7	8	17	44	13	76	32	81	64	88	82	33	22	7	48	81	69	1	32	19	76	11	6	61	79	27	18	48	46	24	95	3	28	67	33	73	93	2	4	89	44	52	89	40	74	6	98	35	94	4	72	22	66	85	41	98	9	62	47	52	28	97	77	38	6	42	84	9	5	61	47	95	13	29	92	66	86	4	68	17	39	50	58	54	54	54	52	41	30	17	100	85	85	86	73	17	8	62	42	86	14	56	51	77	4	10	83	27	35	93	62	92	76	30	7	100	79	17	71	65	79	19	29	77	29	35	29	37	34	79	66	31	18	1	20	61	49	32	41	95	19	42	59	61	37	82	46	69	70	2	55	99	
92	93	60	35	74	2	40	62	54	58	81	82	76	74	61	55	5	36	97	100	58	29	19	83	49	52	78	46	30	5	48	18	69	12	65	50	47	81	96	80	45	42	31	96	89	32	29	6	81	17	75	78	15	82	64	62	56	85	45	60	70	67	88	41	72	78	18	71	2	71	62	89	1	23	63	100	87	66	42	22	94	11	72	7	16	41	16	25	89	9	42	79	50	95	17	4	55	88	56	25	18	4	81	31	7	45	52	6	16	53	77	54	62	2	41	95	89	20	76	24	11	42	89	63	24	6	31	68	99	49	11	96	72	61	85	44	75	56	94	11	6	54	80	57	1	38	10	33	55	77	8	64	49	15	51	76	73	18	12	76	24	15	9	49	58	84	74	79	37	53	30	51	28	72	9	20	55	13	100	96	31	53	34	23	32	50	36	99	74	93	17	4	1	32	63	36	67	82	1	91	
8	16	31	76	82	15	49	27	8	98	39	59	21	5	13	87	8	43	63	88	36	37	97	13	59	44	72	36	1	80	99	75	3	74	36	99	80	53	4	15	56	41	33	66	59	14	90	79	7	80	41	6	96	45	56	72	66	54	22	99	74	81	3	7	58	93	32	42	10	26	46	40	77	54	39	56	60	47	15	36	74	55	10	2	31	51	80	37	92	81	6	72	14	44	53	24	95	36	95	13	62	41	52	82	77	88	28	16	8	46	23	21	16	76	14	17	38	39	15	45	3	96	60	44	64	34	20	37	48	19	20	66	49	45	46	90	7	8	83	68	95	46	1	78	91	60	70	34	75	19	39	14	8	9	29	29	75	16	98	24	22	70	88	100	59	63	78	41	64	71	36	80	85	54	67	89	92	8	23	64	38	14	84	76	8	57	70	28	100	28	50	88	69	100	20	40	24	62	50	59	
94	9	43	77	50	76	14	9	87	22	75	64	85	38	91	28	10	27	23	91	42	77	100	18	81	66	2	68	91	89	21	19	43	51	33	57	33	38	69	91	70	27	93	67	13	77	20	82	25	91	78	32	81	39	31	44	43	3	71	66	18	79	73	79	79	34	50	2	98	40	20	76	28	37	9	40	53	51	81	91	57	35	31	48	14	28	64	99	95	50	8	69	71	10	20	98	4	88	26	15	55	84	96	44	53	8	97	53	46	6	99	73	82	94	6	7	69	95	24	88	64	69	84	97	49	30	77	10	5	45	64	50	88	92	82	31	1	79	32	70	98	4	19	37	100	47	27	1	69	10	5	88	18	4	86	37	52	25	22	5	75	59	28	1	98	100	83	73	18	12	85	44	27	26	47	42	73	48	61	18	90	34	5	31	37	69	24	97	5	56	70	94	14	44	84	45	74	19	86	75	
31	83	92	76	82	40	9	80	14	24	76	20	91	96	41	24	54	61	25	19	5	92	53	45	42	31	38	18	36	63	54	29	10	89	4	75	31	47	97	68	53	34	91	53	23	20	40	32	6	20	78	84	19	46	2	61	88	47	25	79	64	57	46	50	83	97	30	95	61	64	29	48	35	37	32	77	96	74	9	71	28	71	86	59	35	41	61	62	60	30	13	65	3	23	99	23	99	100	16	91	60	19	24	80	5	21	77	77	23	99	29	68	98	40	50	85	48	6	65	47	84	11	3	37	82	14	20	34	1	33	8	62	61	55	46	57	85	63	35	33	64	39	54	7	7	66	18	76	91	30	77	49	36	1	85	9	12	19	29	19	64	72	10	78	68	51	36	42	74	72	83	62	42	11	7	6	98	37	83	73	32	35	36	86	37	29	54	51	75	31	34	34	11	24	54	77	54	75	20	93	
14	81	11	27	70	60	88	27	7	59	10	87	25	90	29	20	89	62	31	31	76	57	44	99	63	86	79	89	99	10	22	27	61	14	25	24	21	85	92	85	99	86	38	9	88	23	79	100	70	19	79	99	75	91	58	17	14	8	29	100	46	72	79	44	79	84	80	30	10	85	96	21	93	41	11	56	52	86	75	70	79	20	62	57	5	23	93	70	18	26	6	22	15	9	41	19	73	56	96	44	30	50	6	32	62	92	38	54	21	73	68	42	89	19	11	93	33	51	71	84	97	24	10	91	69	64	49	22	70	43	38	43	28	67	36	88	76	97	50	93	34	74	32	66	9	16	96	1	50	11	92	55	21	63	21	9	35	58	44	13	27	58	99	93	30	87	89	63	84	84	76	52	25	68	73	34	91	89	30	19	29	50	53	23	33	13	99	29	79	28	68	12	3	38	54	45	3	69	67	71	
45	54	53	99	3	76	20	55	21	5	30	29	38	8	40	19	53	51	53	2	59	87	93	84	38	28	2	20	90	24	39	28	45	91	91	83	8	22	70	89	18	29	51	63	37	73	88	19	81	18	83	22	41	81	73	91	60	48	94	62	54	40	31	38	91	68	65	67	48	52	63	38	70	4	27	15	10	96	1	72	14	42	56	65	41	54	89	23	95	66	45	10	25	44	11	11	64	88	94	66	17	19	34	65	64	48	6	62	16	82	98	89	98	26	90	42	16	57	44	94	16	50	72	4	63	83	85	77	75	39	34	35	55	34	60	63	68	24	40	54	64	84	81	55	35	84	78	57	19	73	35	3	17	73	52	56	95	83	74	13	57	28	80	66	29	38	64	12	77	33	31	64	36	88	93	42	28	28	62	23	98	70	69	71	32	18	33	1	25	2	41	35	73	39	90	12	94	33	81	47	
21	74	73	55	78	47	60	54	57	27	28	63	24	84	9	50	17	87	29	95	55	18	43	97	30	64	72	19	71	83	35	54	28	47	77	32	44	1	18	17	65	99	89	56	11	53	84	17	9	88	24	9	54	15	80	17	65	49	2	35	84	35	90	68	71	78	19	85	56	6	74	12	88	99	77	51	20	71	9	20	53	79	89	27	29	29	25	52	84	42	77	12	8	60	71	47	54	46	79	87	72	24	53	48	84	84	42	2	76	94	40	19	26	35	13	57	5	23	51	58	99	93	42	52	13	82	28	98	90	33	34	19	41	45	26	42	42	4	28	42	99	76	27	60	47	56	15	11	11	58	96	18	96	20	44	59	3	85	16	57	8	30	2	14	4	51	61	65	41	63	67	6	15	45	89	8	47	49	96	38	56	62	15	68	97	75	23	56	7	63	100	7	29	87	11	3	66	42	41	79	
12	12	7	14	62	90	94	29	4	40	4	88	22	10	1	32	98	24	53	89	73	99	81	70	76	95	43	16	93	13	98	39	2	80	61	43	37	34	98	13	49	34	68	63	7	78	40	23	6	78	77	60	5	58	43	96	79	14	61	76	87	8	11	38	28	71	18	78	70	48	79	49	72	25	55	39	75	31	2	85	83	7	83	34	7	38	28	34	79	44	35	48	5	74	27	28	16	89	2	40	46	56	4	66	30	59	84	41	14	6	50	11	90	13	81	90	42	16	88	100	57	1	31	11	23	87	74	1	52	15	88	62	91	3	38	74	3	76	19	22	88	25	53	51	5	23	14	10	4	33	25	72	29	79	72	6	9	7	96	23	4	69	74	29	77	85	20	65	41	99	73	38	8	62	81	96	46	31	51	55	56	90	51	23	42	62	68	74	55	94	7	44	85	71	62	63	32	82	39	34	
95	8	45	42	89	49	16	26	65	72	6	32	34	93	83	49	73	11	23	79	18	4	77	81	33	96	91	93	34	42	79	14	56	85	92	84	3	68	23	54	19	57	69	51	35	94	89	53	49	80	52	52	8	70	89	10	33	37	81	12	66	96	70	93	85	47	49	99	41	2	7	64	52	37	93	69	9	26	87	89	57	15	7	65	89	57	43	29	68	25	32	22	74	42	1	89	19	84	51	18	6	2	100	2	66	70	9	95	17	7	85	93	42	57	90	69	30	25	50	43	82	57	16	9	16	45	66	96	12	14	70	88	73	72	80	7	15	100	9	5	90	63	87	20	64	52	5	48	23	98	81	33	36	7	20	58	4	98	64	46	17	26	49	80	9	48	31	58	87	90	70	61	28	44	54	92	56	41	39	73	62	50	2	42	68	12	92	29	15	65	83	94	92	39	69	21	18	51	79	66	
87	51	83	22	75	29	28	93	34	4	59	35	30	35	19	91	20	14	43	76	82	76	94	8	31	38	97	25	48	99	34	1	98	84	17	80	73	80	58	69	1	81	32	6	65	15	73	34	25	80	86	50	23	11	32	3	84	27	55	65	69	23	66	91	88	79	5	17	98	73	16	91	68	71	48	36	74	63	58	60	87	78	97	87	26	45	62	86	59	52	80	53	80	35	81	30	25	5	49	44	91	16	60	63	57	60	5	89	38	69	48	33	16	5	42	30	44	48	28	89	52	86	51	10	91	81	1	84	62	40	85	57	62	79	40	25	76	67	23	80	91	20	24	6	42	83	91	68	80	100	2	60	68	25	92	30	30	75	11	54	65	96	1	44	20	36	5	14	56	82	16	67	66	6	34	50	25	96	32	75	59	44	84	1	49	11	47	46	45	23	63	37	45	100	12	83	71	15	71	12	
99	58	87	26	88	26	91	11	74	31	8	5	69	56	65	43	62	20	28	69	51	50	16	4	2	66	19	14	41	24	50	65	9	33	5	9	23	43	96	83	46	58	46	28	47	18	4	14	76	100	35	99	89	53	7	1	96	55	29	8	57	18	70	71	7	41	45	32	59	19	87	76	44	26	43	45	23	77	30	76	83	76	75	59	80	97	44	96	10	84	64	24	16	38	17	9	36	50	64	70	90	8	75	44	84	4	61	20	39	95	6	51	57	23	16	25	48	74	79	55	6	52	12	93	57	76	45	58	65	40	49	100	66	44	51	87	38	61	47	9	13	14	13	79	47	96	4	55	84	8	75	58	22	40	82	99	100	7	30	67	63	58	59	38	10	35	25	18	84	37	55	85	29	94	29	10	85	49	66	12	49	29	54	68	27	66	54	48	87	28	67	71	68	36	81	74	53	72	69	10	
87	38	71	36	72	5	60	43	30	35	76	38	78	14	55	20	15	38	2	69	95	19	4	95	49	36	57	1	84	59	37	49	42	20	42	79	17	87	34	54	41	97	74	26	25	95	62	65	47	31	46	89	54	83	12	97	4	18	33	32	89	55	33	79	53	11	93	46	70	61	28	20	43	17	18	51	19	55	92	84	21	96	56	67	59	1	31	8	39	39	60	47	76	69	26	26	58	89	19	55	22	12	60	77	53	20	47	76	15	24	65	71	44	51	88	50	28	79	38	22	86	35	41	91	35	37	32	66	98	71	29	8	97	36	62	29	37	48	11	81	15	92	93	98	6	82	31	5	20	40	66	67	56	24	81	33	12	19	66	40	3	86	32	8	33	93	12	9	18	70	38	29	95	98	71	22	47	55	37	37	86	40	41	7	89	95	74	1	54	89	27	75	11	45	42	89	71	13	96	3	
34	17	6	38	78	27	58	41	67	66	75	85	21	65	35	54	14	58	84	20	11	94	63	37	30	2	88	17	23	49	79	80	93	13	3	76	39	80	44	16	13	15	16	41	76	37	66	98	62	1	33	19	79	90	53	43	57	16	81	36	87	86	32	66	91	71	4	50	63	90	46	48	29	49	41	48	33	87	100	33	30	9	8	66	35	14	79	98	36	31	82	39	99	27	85	30	3	35	4	74	55	81	81	85	46	22	95	24	45	88	47	84	94	58	100	43	89	55	22	80	1	93	62	88	89	20	14	31	10	49	50	48	25	88	75	94	2	82	62	73	4	29	79	90	97	21	45	16	6	45	5	17	60	12	37	31	80	78	50	41	45	22	60	53	47	94	73	45	32	95	67	22	6	30	96	55	26	20	81	77	4	71	29	11	36	48	79	39	90	94	20	43	64	85	85	10	76	56	67	57	
45	92	70	67	16	92	46	81	24	15	44	2	25	97	16	71	98	21	75	75	10	94	36	36	95	11	9	88	55	57	58	30	90	68	48	39	34	73	81	51	3	38	93	29	6	88	91	57	7	49	86	71	85	91	43	86	5	33	21	59	33	60	11	35	54	42	97	49	78	8	51	22	84	32	93	95	22	16	97	56	3	25	91	97	98	87	82	37	50	83	17	10	92	41	77	93	25	71	70	17	37	96	15	32	78	85	13	11	3	64	84	97	16	99	57	82	52	6	86	1	65	62	40	82	73	9	21	54	87	92	28	74	51	66	24	74	39	79	24	95	89	32	60	12	69	93	55	31	39	35	49	16	91	14	40	31	80	80	38	9	1	56	71	69	32	38	8	13	29	57	66	62	5	4	25	62	88	29	40	100	33	37	47	34	89	100	34	88	54	25	30	99	53	43	25	71	10	21	68	56	
23	45	97	20	73	95	32	91	90	6	23	58	35	70	40	80	47	94	58	78	13	4	19	88	89	32	43	66	45	34	17	47	91	30	18	99	94	30	51	41	29	46	12	85	33	7	56	29	86	28	25	83	96	94	82	23	44	18	87	41	74	68	96	44	68	44	77	21	38	17	53	94	8	53	37	24	26	51	29	4	43	13	92	92	17	41	13	24	27	41	81	2	37	90	4	65	42	77	21	22	27	39	21	95	40	90	29	42	96	69	11	24	50	93	1	57	86	52	35	93	62	66	27	25	35	60	78	32	23	27	31	91	39	94	100	49	31	50	22	36	23	18	44	67	80	90	45	1	88	20	63	39	88	22	22	29	94	94	32	48	6	27	46	53	73	65	26	77	63	5	75	38	66	43	39	97	28	58	61	58	72	74	23	51	31	54	55	64	49	100	33	50	46	22	94	85	83	66	54	83	
11	79	62	2	21	94	12	79	77	82	53	69	40	87	68	22	33	34	99	45	7	51	8	27	44	77	87	29	98	7	15	1	34	36	70	62	24	15	93	38	34	57	57	82	45	59	75	75	41	45	74	27	64	54	31	66	39	11	34	52	22	70	1	63	72	2	66	2	44	12	32	40	67	27	15	35	13	63	16	15	8	88	72	97	26	56	2	93	47	49	44	89	77	3	29	17	61	49	36	41	22	12	80	35	39	15	92	89	60	84	3	10	72	42	31	16	51	12	41	62	40	27	81	50	36	11	12	65	56	19	33	36	51	11	20	99	48	47	45	48	12	79	29	89	96	68	92	21	42	73	78	65	81	79	12	76	84	81	62	60	42	66	57	58	61	23	75	95	27	44	56	44	64	66	73	43	26	65	32	47	37	27	75	72	17	88	28	88	54	40	55	3	63	79	70	96	29	75	84	3	
73	71	53	94	7	40	27	10	96	26	71	46	98	34	44	3	72	84	63	23	81	18	70	19	27	67	18	49	62	31	98	43	97	41	18	100	93	90	76	66	24	68	80	22	3	16	90	22	30	82	3	65	5	23	76	87	28	29	41	56	95	35	73	16	32	18	65	96	72	65	95	72	71	68	82	2	19	62	41	92	6	60	75	68	11	21	66	92	63	26	54	100	21	69	39	87	94	79	18	36	26	70	90	26	13	81	66	63	44	97	37	91	4	52	11	9	10	93	91	88	82	25	50	73	2	73	31	15	95	91	76	100	85	62	66	84	98	39	90	57	27	7	5	20	100	34	90	16	52	25	76	20	58	20	51	90	91	85	46	84	6	93	54	20	59	9	42	54	71	81	39	38	20	15	69	48	95	51	59	6	60	35	54	64	86	32	14	25	57	24	71	79	80	83	30	57	57	17	27	26	
65	56	63	66	8	89	52	47	9	87	84	100	2	14	62	91	98	41	84	67	90	66	38	78	14	20	36	18	81	22	78	6	83	19	54	19	39	76	71	38	21	41	50	86	33	34	64	43	79	84	56	7	28	15	95	57	80	79	84	18	81	46	32	55	99	91	7	66	38	41	33	39	64	1	85	92	16	94	65	49	10	28	81	78	66	81	14	25	68	26	51	54	55	77	35	56	14	62	48	76	36	43	36	98	89	52	86	24	64	49	82	69	63	13	23	16	91	57	35	89	73	35	36	2	49	8	86	64	55	1	50	55	54	56	51	11	93	58	42	98	20	51	98	71	51	32	43	31	43	69	76	10	29	97	5	48	44	91	32	64	40	77	82	19	26	46	93	33	50	51	76	84	6	52	10	82	22	34	77	14	58	10	31	17	15	64	19	22	23	89	94	96	67	69	20	70	8	44	7	77	
35	31	31	61	14	94	100	43	3	96	34	54	42	46	67	82	31	66	24	81	6	8	61	21	54	47	66	65	43	44	42	56	16	30	53	15	28	1	47	38	49	59	86	72	26	11	16	3	67	68	80	30	14	32	64	18	97	56	64	55	69	65	87	12	22	5	23	99	67	97	3	12	64	96	82	91	72	92	44	70	38	1	46	63	57	49	64	74	65	7	50	4	56	43	52	8	25	37	31	75	67	65	39	94	29	90	4	6	34	30	14	64	83	82	87	45	81	76	37	20	9	60	11	73	8	70	57	4	88	70	75	59	5	73	51	42	38	4	7	86	38	27	71	77	97	3	15	91	27	46	29	17	25	66	28	26	56	53	43	64	34	87	38	24	42	42	40	7	20	94	90	50	55	73	18	33	4	91	73	14	49	12	80	13	62	90	34	65	1	96	9	34	92	14	78	63	74	39	96	64	
89	54	6	99	71	35	9	79	75	95	96	61	79	96	47	17	19	72	14	59	63	71	90	28	47	12	63	88	91	64	23	63	51	74	99	42	90	72	90	81	30	81	88	52	93	47	97	39	52	10	19	86	44	34	9	23	26	68	14	65	27	48	7	46	100	11	96	83	69	30	98	82	44	88	43	83	57	6	81	70	57	57	69	84	8	70	86	46	3	47	30	13	26	58	94	62	30	99	43	85	29	11	14	68	19	92	68	31	20	77	20	49	85	28	74	66	1	45	32	14	21	78	12	31	86	57	60	77	9	4	45	62	32	51	50	60	60	92	1	59	49	21	77	71	57	55	73	66	72	49	7	52	69	48	33	71	23	33	93	65	28	64	45	38	100	89	61	35	83	34	39	74	56	61	60	67	30	75	97	57	35	81	51	50	86	5	34	3	47	8	80	1	42	77	39	62	16	69	99	68	
9	62	5	40	28	67	11	16	46	58	52	69	77	79	53	60	86	45	30	65	12	75	5	90	1	47	16	13	100	1	14	35	58	50	34	7	73	43	65	77	52	73	13	90	56	23	54	76	60	49	74	59	76	88	80	41	85	100	47	32	92	31	88	16	87	65	7	88	91	4	32	42	16	17	73	45	33	49	83	28	54	88	23	65	85	23	33	83	25	61	52	68	14	92	46	41	84	11	90	57	86	93	73	32	26	19	17	68	37	10	34	22	77	98	1	96	84	58	66	31	54	32	65	15	64	4	77	58	12	33	75	58	19	46	98	51	25	31	53	22	58	91	17	37	72	100	27	68	48	77	12	61	7	49	56	82	53	98	95	70	89	84	61	34	85	43	63	76	40	4	46	66	84	2	36	97	89	38	27	53	90	66	65	73	31	54	27	7	72	37	79	15	96	78	90	99	9	24	29	29	
48	14	77	99	84	91	35	55	96	52	89	54	21	80	68	11	2	65	63	56	73	77	82	87	92	41	78	22	41	87	85	45	67	74	37	7	5	22	70	12	83	93	80	33	34	40	81	30	14	15	27	27	53	17	10	28	39	6	48	62	52	65	53	77	20	49	2	69	48	69	16	41	40	18	100	94	87	50	93	42	80	66	78	8	28	48	84	54	32	83	11	34	52	15	83	96	36	4	7	77	33	27	92	13	73	84	39	99	48	5	1	70	75	90	52	12	62	65	98	10	87	23	56	95	55	88	9	12	63	66	80	51	69	59	67	11	74	71	31	87	73	61	57	97	73	10	32	2	79	83	14	77	24	79	22	9	52	78	11	60	33	97	78	81	52	2	38	85	61	64	89	21	39	3	49	24	94	100	29	70	72	83	55	3	74	22	82	61	74	59	45	30	6	14	23	81	3	65	61	87	
26	21	28	67	21	55	71	96	8	93	31	44	17	44	15	88	15	21	89	29	34	32	85	37	39	79	73	71	92	44	56	62	69	77	97	68	1	16	70	100	34	61	89	49	47	95	10	32	31	16	94	85	9	57	91	20	79	85	89	83	48	62	5	35	57	90	72	89	59	91	12	29	65	79	99	43	15	36	7	97	95	75	16	96	58	69	22	69	85	47	89	51	41	74	26	69	81	90	9	58	46	40	31	54	36	52	50	49	19	45	33	43	39	33	15	14	40	40	71	49	92	27	19	91	1	70	4	33	66	47	74	70	16	69	27	57	60	58	8	25	91	6	72	74	51	38	81	44	25	2	26	55	18	10	49	29	99	94	27	12	92	56	82	38	92	36	80	50	17	44	39	98	66	46	60	5	88	63	56	58	29	41	6	38	35	48	69	61	75	32	79	72	16	68	55	59	92	28	85	85	
95	53	16	96	39	48	45	5	17	29	85	33	100	3	38	2	16	49	71	40	91	35	31	21	51	61	39	55	47	83	93	77	27	89	7	40	53	38	1	94	88	35	90	7	58	31	45	8	61	35	53	87	39	38	6	23	91	19	1	100	97	6	61	19	16	14	10	63	23	10	97	79	13	11	67	86	15	91	12	31	87	1	46	47	81	50	31	2	40	68	90	85	85	49	4	87	17	21	14	7	19	67	63	26	99	3	58	11	20	64	8	38	34	34	88	70	85	49	29	50	28	31	33	76	50	75	45	75	80	74	45	45	55	40	88	38	24	99	49	88	30	48	32	12	74	52	13	33	75	22	47	35	27	49	28	73	52	10	78	57	75	66	37	29	97	21	41	29	51	1	54	11	22	18	71	36	100	66	75	27	59	43	38	85	39	45	34	48	87	48	28	24	9	92	56	39	28	89	99	85	
17	17	6	86	66	99	77	78	72	24	80	64	68	84	7	16	13	82	15	27	47	17	64	30	100	17	93	44	94	56	20	34	23	46	29	41	60	84	1	96	52	53	95	2	10	100	81	88	51	42	38	27	88	50	61	12	23	24	22	49	44	32	62	82	47	98	18	64	88	23	31	1	37	26	61	64	55	46	74	61	49	47	73	25	3	70	31	30	40	7	47	13	38	65	90	99	15	96	10	98	75	78	19	62	23	64	54	96	66	50	62	43	35	19	62	88	57	100	8	48	74	91	36	100	55	59	62	58	51	70	45	21	84	58	22	91	20	34	96	7	12	25	59	83	33	6	32	80	79	79	51	43	14	47	7	42	18	14	56	8	64	64	81	71	42	35	92	34	82	35	47	75	82	5	97	97	74	58	42	50	82	90	52	1	13	17	8	79	13	48	26	93	77	31	52	23	98	40	3	18	
24	92	74	48	73	66	34	29	36	41	77	56	95	36	37	63	35	26	39	87	60	81	38	19	14	57	66	3	3	90	78	77	60	50	38	57	60	72	58	1	49	8	5	14	11	49	81	59	87	58	67	83	73	71	30	27	79	13	55	47	70	44	92	13	80	49	33	93	82	28	19	11	52	76	10	94	7	51	78	68	7	84	2	67	45	77	100	92	9	78	34	91	31	8	43	34	15	73	83	61	1	72	50	36	20	94	54	72	49	88	61	28	55	41	91	73	62	66	97	25	51	39	51	85	54	5	32	19	69	16	55	84	90	8	44	88	92	34	81	20	79	83	92	25	29	37	77	96	85	21	47	24	32	53	61	90	29	37	93	9	94	56	2	65	58	60	69	55	56	34	20	34	39	26	83	69	34	25	84	79	77	54	2	95	70	68	28	32	7	7	12	85	16	61	97	96	96	71	29	41	
88	83	49	7	33	67	3	16	69	89	14	87	94	32	95	14	70	1	49	88	61	65	17	2	47	90	56	33	38	1	69	31	72	81	31	62	83	99	83	71	60	66	93	7	27	44	29	89	28	30	11	33	26	39	22	6	59	51	4	3	31	19	59	32	47	81	9	98	8	3	77	66	45	99	88	51	90	77	37	41	97	36	17	36	72	15	69	55	40	4	28	52	18	34	48	75	54	45	29	8	27	80	31	30	80	65	54	61	45	92	55	67	34	45	3	72	79	44	36	88	66	94	11	62	56	73	51	46	59	69	40	58	8	76	59	12	100	95	72	43	49	78	90	66	25	95	53	58	96	31	7	11	54	20	46	29	22	91	59	29	81	5	82	45	73	85	72	9	6	36	94	79	18	80	45	16	93	65	99	87	51	59	94	90	10	63	57	46	53	1	78	26	10	25	14	69	25	16	87	84	
98	81	75	18	96	96	26	16	32	63	6	78	8	24	31	79	88	63	4	54	90	16	18	97	66	21	60	40	89	16	24	46	10	9	40	95	15	1	82	97	66	27	23	47	40	98	3	11	22	4	57	36	80	35	42	57	48	31	44	59	72	73	96	71	43	96	17	69	62	27	17	53	80	56	25	81	34	97	71	96	18	81	19	76	29	58	22	45	94	60	30	98	87	100	27	98	72	85	19	47	98	93	88	61	31	14	52	85	46	82	46	36	60	26	38	80	40	51	62	75	24	100	20	66	51	51	50	98	67	27	88	22	44	59	8	50	97	18	15	95	16	25	1	3	94	82	33	1	59	88	26	77	76	19	40	84	99	82	41	41	52	82	11	71	74	13	95	26	66	24	27	18	59	57	87	59	8	98	52	2	83	99	62	43	16	58	20	67	94	57	74	90	92	20	16	31	15	96	72	33	
48	60	74	78	87	53	9	66	40	45	80	27	2	81	94	46	31	43	92	58	52	90	61	43	78	32	76	82	92	68	93	20	50	47	99	33	49	24	10	24	56	96	92	13	96	78	27	45	27	26	39	29	45	55	85	38	14	40	1	70	94	14	55	25	94	64	43	99	38	22	49	16	54	85	29	10	15	56	39	29	100	24	60	26	81	88	61	61	28	75	83	95	65	46	47	2	37	2	4	91	84	48	79	37	4	85	41	44	90	31	57	88	63	42	74	7	25	87	29	94	74	49	99	84	11	42	60	51	11	57	38	91	88	12	50	26	71	85	78	94	6	50	83	3	74	44	93	19	19	22	20	4	64	9	97	19	72	89	67	33	100	67	86	10	66	22	7	30	54	44	42	75	94	70	80	73	28	33	40	24	67	53	96	9	94	25	71	93	40	99	40	72	7	52	30	50	50	48	25	55	
60	63	28	60	63	40	29	78	31	40	9	47	47	31	98	85	38	17	67	35	45	27	49	28	24	15	4	50	29	23	8	40	57	91	79	10	51	55	14	71	54	61	42	98	57	37	73	75	86	13	8	96	59	95	4	91	65	92	48	42	42	10	87	40	72	40	33	13	59	65	54	1	68	88	66	97	66	45	55	83	26	28	32	81	50	44	46	21	81	96	12	92	88	73	11	86	81	21	59	11	97	72	92	13	95	77	30	75	7	1	85	76	68	42	3	15	76	38	37	2	39	31	48	98	93	38	60	25	74	60	24	20	92	100	97	71	7	42	80	74	24	77	89	54	66	66	99	27	6	54	65	41	45	69	57	61	2	68	91	18	10	27	61	5	68	96	38	17	57	3	15	48	63	56	83	24	13	90	61	6	21	41	39	81	40	88	58	41	40	6	94	34	100	32	70	43	61	80	91	87	
96	59	31	31	73	19	50	94	78	94	86	38	76	19	50	43	38	51	9	82	3	60	92	10	94	84	19	29	49	77	67	74	72	62	96	4	47	78	65	48	84	60	32	42	16	36	64	52	56	85	78	79	37	28	38	40	92	77	37	34	95	97	86	10	60	5	45	52	53	91	52	29	40	100	95	36	63	66	7	86	16	8	6	88	100	53	89	13	19	31	6	60	95	89	60	44	30	32	37	79	49	23	19	46	82	22	17	56	8	79	63	97	24	4	76	100	67	61	48	82	79	50	47	39	58	4	92	31	71	58	99	34	34	95	18	85	42	14	43	12	3	43	35	93	28	32	83	91	68	38	16	10	42	14	52	8	44	2	6	15	45	64	96	79	8	98	61	75	86	32	59	40	77	17	73	63	96	57	75	14	6	86	56	1	3	94	58	16	82	38	62	52	67	34	3	97	36	88	36	9	
96	1	62	62	10	66	31	71	66	98	80	59	22	67	31	12	89	89	34	25	45	87	46	9	41	73	97	89	85	75	87	73	81	1	29	70	51	18	67	50	98	33	41	16	68	81	73	80	62	8	30	78	47	70	25	73	100	73	54	46	75	85	38	71	59	44	32	22	30	51	16	61	5	62	14	28	14	12	99	21	92	84	93	43	56	100	40	95	11	81	64	21	34	74	71	85	74	65	62	92	29	27	88	31	85	89	100	94	83	32	35	50	40	28	19	9	23	47	11	62	24	22	45	90	42	7	1	53	31	8	49	96	81	72	15	78	80	43	48	18	96	46	21	13	8	13	13	13	44	99	19	28	11	18	72	63	96	12	15	78	29	45	8	9	82	68	47	9	68	25	13	60	33	34	69	1	35	96	77	29	93	20	12	10	33	90	89	100	33	82	45	46	40	96	70	21	21	46	17	42	
78	23	54	37	39	57	47	89	24	21	27	17	17	45	51	39	21	61	88	16	78	63	100	49	92	50	54	31	10	58	8	79	3	6	69	90	39	68	32	42	9	85	54	12	16	79	89	76	29	3	41	45	59	14	33	96	98	61	8	86	7	22	51	77	35	44	9	14	54	87	60	40	5	95	81	49	10	33	75	93	25	12	88	91	93	9	75	90	97	14	72	72	15	36	49	9	12	55	84	45	59	72	90	43	14	23	85	11	68	70	33	93	54	42	22	5	80	9	81	73	95	36	48	57	98	86	59	22	87	25	88	7	20	43	95	94	74	12	18	61	72	49	44	10	79	53	89	29	81	55	61	25	11	89	93	57	74	37	46	53	11	9	11	83	89	58	33	77	75	86	6	91	68	81	93	52	67	42	6	99	80	17	55	13	5	34	35	71	63	82	81	68	36	46	39	40	97	44	80	56	
90	31	59	3	21	100	19	69	99	55	15	3	34	10	36	58	31	31	4	5	7	50	17	100	99	66	75	62	7	55	69	48	36	88	44	48	2	66	76	8	71	2	66	44	39	98	6	91	91	75	62	36	43	15	17	31	19	86	73	63	10	76	96	49	31	67	84	62	8	38	88	7	1	23	34	97	50	62	42	39	71	76	86	23	41	10	35	22	62	59	68	52	76	18	95	21	61	87	75	63	50	91	22	71	50	38	85	6	95	98	64	34	64	99	88	90	91	13	15	4	89	23	12	27	20	38	49	58	73	91	30	12	79	49	16	6	24	3	96	72	11	9	71	58	13	46	90	49	36	19	57	78	6	8	34	42	51	32	16	87	59	62	7	34	88	85	6	17	100	81	82	62	92	39	62	72	5	74	21	30	40	36	78	90	60	99	50	57	95	82	50	86	49	100	56	78	10	31	80	43	
41	45	51	94	92	70	7	74	65	1	19	65	75	5	55	93	12	52	96	43	35	98	45	4	53	48	5	49	47	52	2	85	51	23	93	90	30	100	49	40	81	8	56	26	24	63	43	90	17	20	2	16	95	83	96	52	100	85	14	15	76	75	15	39	42	13	52	35	13	86	8	86	88	66	3	46	92	96	81	41	26	7	1	79	24	64	87	71	53	38	2	85	23	14	34	94	68	56	87	21	42	23	55	62	17	5	86	54	46	4	39	74	84	76	25	63	20	14	92	29	32	18	79	7	51	27	21	91	61	6	48	25	83	78	25	50	77	43	46	49	9	10	15	51	48	34	95	89	96	41	3	21	33	36	61	66	78	86	93	64	2	9	52	1	40	17	15	78	20	41	56	60	64	87	27	59	41	11	94	36	85	25	98	9	58	5	64	63	27	33	2	88	66	26	83	79	35	68	62	76	
16	98	86	94	78	97	28	10	79	81	89	18	39	54	82	63	9	54	6	25	17	45	87	52	28	1	74	74	90	20	44	1	7	12	44	67	62	35	98	52	68	69	49	68	43	79	6	35	87	82	36	81	99	22	35	55	55	10	28	100	72	80	18	16	6	88	43	41	84	32	1	61	94	84	82	96	4	88	14	95	81	22	93	40	41	46	23	47	59	80	10	84	47	78	88	29	16	63	59	98	47	39	59	32	2	32	73	80	1	19	54	32	81	27	53	87	24	13	93	79	60	44	29	5	98	71	77	17	57	72	32	59	92	90	1	83	89	35	21	44	71	15	59	36	50	11	72	5	10	3	68	82	5	57	34	87	4	55	60	17	70	18	18	82	41	33	5	49	30	92	58	53	23	57	89	95	26	76	71	49	51	67	85	16	21	75	73	48	35	25	53	38	26	16	74	99	61	15	89	89	
1	50	68	22	16	81	80	73	84	25	42	78	17	59	67	59	62	76	55	58	6	53	31	60	54	30	21	37	82	87	94	47	6	82	97	7	1	78	30	27	92	80	57	70	4	6	41	28	81	73	16	50	79	26	2	23	26	49	26	26	94	47	62	1	92	74	81	67	19	97	27	10	26	61	62	92	28	13	24	33	4	20	98	34	95	24	13	54	83	89	52	63	18	68	29	40	72	81	23	34	90	96	23	2	33	92	17	57	78	37	7	66	55	60	51	20	6	79	98	90	12	67	89	20	71	77	71	37	97	74	12	83	25	66	3	3	54	93	13	10	58	51	36	96	90	17	38	31	45	94	80	28	7	57	36	22	76	89	74	68	95	64	66	58	49	56	36	11	61	70	77	76	98	33	25	48	55	94	66	41	57	24	92	57	88	61	32	47	8	49	33	88	47	37	5	51	34	13	48	6	
24	77	23	22	72	36	70	25	17	2	38	46	16	84	91	98	58	16	37	81	67	32	59	71	68	38	29	82	11	52	85	10	45	37	15	29	62	19	60	20	43	71	25	55	74	63	18	73	33	8	44	82	26	48	84	55	80	9	95	48	18	39	17	77	65	57	35	39	49	38	34	33	84	49	17	69	34	49	10	54	37	76	35	71	87	23	15	3	68	72	33	34	32	42	58	94	44	40	29	75	33	24	5	23	93	33	8	1	91	100	7	9	35	47	5	64	42	47	6	97	69	80	96	100	51	97	57	72	73	51	74	33	29	25	94	74	66	28	8	79	13	48	50	90	93	4	95	72	37	31	6	61	22	47	8	97	76	43	50	3	7	12	35	24	43	2	8	26	41	77	82	76	21	66	95	69	47	44	32	70	81	38	46	1	83	13	15	88	37	72	47	90	69	14	80	40	21	60	19	2	
51	57	51	96	46	42	72	58	22	63	85	89	20	42	84	34	24	61	28	84	20	50	82	3	24	76	61	22	93	63	69	3	80	63	20	70	42	32	73	29	36	68	37	9	3	72	33	62	91	68	16	65	22	61	57	83	2	82	59	88	85	10	57	49	80	9	51	79	12	73	12	42	42	93	91	64	28	7	36	37	84	74	32	46	51	11	8	74	11	38	91	4	71	28	52	82	67	42	23	85	41	58	15	58	88	37	62	38	60	47	66	16	84	56	23	52	83	96	82	21	93	90	68	34	32	3	55	100	10	38	52	6	37	95	82	44	66	32	13	53	46	34	11	17	4	57	89	59	43	18	35	42	48	45	86	26	90	52	81	84	49	48	93	22	94	21	69	53	65	49	99	6	34	85	30	51	46	93	40	43	1	23	71	44	10	10	58	86	34	2	17	88	73	8	66	52	67	69	92	48	
47	68	16	6	50	49	74	39	46	56	58	22	5	100	27	53	70	3	36	54	95	34	50	31	28	9	41	69	12	59	16	2	56	67	61	60	43	97	55	62	83	76	90	72	89	85	63	27	68	76	89	58	25	55	47	57	99	32	39	97	99	68	41	23	14	18	14	35	76	96	15	1	78	14	36	80	91	96	98	14	60	93	22	57	85	37	43	21	93	11	21	54	51	47	63	78	18	36	20	98	52	46	35	72	48	26	42	10	70	27	18	96	78	15	14	5	91	4	31	45	55	45	92	90	43	15	73	27	32	81	13	32	77	53	33	93	99	83	13	89	90	95	72	38	95	89	8	51	39	42	29	7	83	36	68	94	58	81	61	62	48	39	23	20	73	31	8	19	79	66	46	35	57	97	29	9	53	20	98	90	96	39	38	52	15	25	12	94	77	38	67	2	84	11	41	46	39	100	57	31	
59	64	23	64	15	54	34	24	31	16	24	64	6	62	36	13	25	23	43	29	33	41	29	84	16	53	94	96	79	90	85	21	82	19	36	30	47	85	30	40	70	24	34	76	46	42	16	21	48	33	94	70	7	33	26	98	19	98	70	67	9	9	81	98	30	82	95	89	42	96	68	38	56	94	55	51	63	32	72	11	93	46	70	13	38	92	11	44	82	77	91	26	8	91	51	57	97	77	30	64	6	13	12	82	6	14	86	33	34	1	76	1	57	11	10	48	68	55	5	16	31	1	21	16	31	91	66	68	2	44	33	80	96	58	1	19	27	91	13	29	49	89	5	31	72	59	51	31	96	18	20	34	58	93	72	60	28	54	85	88	46	36	10	56	98	46	95	48	34	81	12	96	55	49	9	77	19	52	62	74	66	18	95	76	6	48	72	44	88	26	81	70	50	59	46	38	8	6	66	65	
21	69	15	87	35	29	59	97	94	46	35	77	55	52	16	95	46	21	68	69	6	59	33	31	67	81	75	25	54	56	33	22	18	31	64	63	7	23	31	44	84	8	33	57	16	8	36	33	36	16	4	65	84	54	9	2	92	86	29	77	98	14	82	66	61	52	73	67	40	82	74	81	1	48	34	83	54	29	38	53	87	29	36	2	81	31	60	36	95	60	37	48	1	7	57	71	65	88	41	4	32	42	74	63	46	17	14	55	75	69	91	50	19	11	4	23	80	84	20	6	39	88	42	52	43	27	72	48	79	25	75	79	85	96	59	19	6	68	44	81	36	96	10	45	37	43	39	96	17	1	96	23	89	61	10	87	20	10	90	91	63	10	58	95	26	59	1	62	22	27	13	95	33	4	75	46	67	97	65	93	11	15	26	36	12	46	2	98	73	29	68	38	91	32	32	2	92	41	98	24	
50	71	31	96	52	14	93	64	67	49	36	70	96	13	15	17	32	47	99	88	61	77	20	93	79	5	44	43	70	27	69	64	40	50	23	7	4	42	71	23	99	2	99	60	59	24	24	48	93	23	55	63	54	13	98	43	51	83	45	30	25	56	40	64	17	15	5	31	100	38	56	99	89	51	60	42	5	62	65	50	53	78	11	99	49	79	46	97	7	93	17	85	89	58	89	92	84	44	59	22	24	68	9	34	31	2	56	77	19	10	30	11	73	58	33	98	100	8	40	45	35	20	73	25	69	46	49	77	83	2	22	79	21	31	88	22	54	38	99	55	19	41	3	94	31	18	42	18	1	71	30	24	48	21	75	83	40	63	41	13	89	86	70	6	80	7	16	95	69	92	70	35	64	66	24	56	86	66	77	3	75	73	30	64	41	65	95	82	43	72	39	60	59	75	53	10	60	34	22	85	
92	15	27	36	84	12	80	95	98	57	15	52	46	35	6	21	28	70	48	83	90	54	92	7	12	49	100	88	83	87	62	5	61	68	65	57	14	31	60	72	44	91	77	93	32	69	99	85	34	97	97	26	77	60	21	70	51	42	100	94	91	97	55	94	79	57	73	64	83	77	39	3	6	78	30	57	93	97	36	89	37	90	52	56	49	50	30	35	74	74	14	39	72	37	11	12	75	21	84	2	84	8	53	68	91	57	51	8	39	5	77	92	35	96	25	81	2	75	66	5	49	63	78	76	76	29	7	12	14	26	47	51	47	7	26	20	65	16	19	61	57	3	68	80	6	35	29	20	96	30	91	99	82	96	69	52	66	56	59	52	28	92	32	18	59	19	83	21	91	18	31	24	81	1	19	71	46	91	6	12	65	79	74	3	55	77	98	74	56	50	37	54	76	11	19	27	91	37	26	42	
79	74	17	65	9	11	18	55	32	63	65	81	11	4	57	8	25	53	63	78	80	54	32	84	12	17	18	71	64	14	80	91	72	68	91	11	43	87	32	90	22	82	67	59	37	85	94	28	85	100	38	29	36	66	18	36	70	22	86	34	38	33	69	42	94	87	85	63	39	75	6	33	26	37	43	76	5	66	53	33	24	29	5	7	2	57	95	72	87	16	24	4	98	74	30	47	28	77	69	98	91	14	31	71	35	73	77	64	14	88	49	55	3	18	72	33	60	58	67	17	16	39	65	20	10	17	52	61	77	55	35	43	24	11	77	4	41	10	28	25	78	21	82	28	61	42	7	34	23	24	99	85	62	42	9	18	21	2	23	78	57	21	74	18	42	40	77	21	55	76	17	7	52	44	66	64	17	36	38	12	11	4	69	16	3	9	7	39	85	76	50	4	85	43	66	35	71	10	29	9	
38	85	29	57	84	85	5	92	21	96	87	62	56	55	13	89	93	91	2	35	95	32	76	42	16	87	36	24	17	12	66	41	78	59	79	74	75	86	99	85	86	47	46	100	78	43	81	64	20	14	92	47	41	80	40	57	66	96	11	8	26	50	76	5	87	37	82	58	49	33	35	87	86	78	67	7	3	31	56	73	73	4	21	5	20	28	83	28	67	13	71	2	30	64	31	47	28	26	95	3	34	2	54	12	8	8	4	49	8	18	36	21	17	96	29	36	68	22	56	60	91	88	81	58	29	25	69	7	24	18	27	14	32	54	76	64	45	42	11	11	6	33	5	7	22	48	83	58	89	48	82	62	33	86	22	11	52	77	68	66	23	28	23	14	32	77	13	38	97	25	28	52	70	77	14	29	45	94	79	78	100	85	2	3	3	26	59	35	87	89	57	85	7	32	24	38	50	44	65	100	
53	47	73	55	70	95	38	71	9	67	96	9	86	54	53	93	67	8	21	17	50	47	44	78	95	67	75	93	42	17	68	86	53	69	22	26	68	5	65	74	71	82	31	3	55	91	1	40	75	46	99	32	14	82	89	29	38	100	100	83	40	20	5	96	55	57	63	36	67	44	92	99	60	83	32	4	79	42	82	99	38	66	11	75	12	67	71	14	67	88	46	64	26	14	67	62	71	94	38	56	55	34	74	27	54	7	10	15	9	4	1	63	73	20	79	7	25	40	24	12	14	22	79	20	97	66	48	49	79	10	49	47	53	20	19	9	69	14	18	89	8	36	57	57	47	45	36	93	61	21	96	42	86	97	3	36	71	96	64	30	7	78	17	98	38	79	99	15	53	48	31	85	21	21	7	5	65	75	22	29	71	45	46	12	31	62	30	83	41	57	9	8	64	93	70	74	39	71	17	91	
38	83	41	30	14	82	88	19	79	78	41	9	19	70	83	49	15	89	42	29	34	40	40	14	48	9	48	24	99	93	73	63	58	64	89	21	69	18	87	87	64	60	55	71	95	52	79	76	67	31	17	45	53	41	1	6	44	71	14	83	40	15	34	14	92	93	3	27	61	19	35	6	13	39	40	99	30	50	89	64	91	60	25	65	80	100	91	36	28	13	28	86	79	72	98	77	1	4	65	69	48	73	56	7	75	69	83	51	29	86	85	21	52	44	72	20	92	82	81	37	40	22	12	51	5	28	33	56	22	49	28	7	61	46	40	97	57	52	72	93	34	61	34	36	8	86	68	72	10	75	69	9	22	3	55	36	33	74	65	9	97	61	34	42	54	91	49	74	9	75	68	23	9	82	19	88	88	4	71	39	39	63	65	56	75	67	35	99	63	78	35	6	39	20	66	36	76	89	25	12	
79	15	68	82	78	43	31	38	81	40	47	19	26	62	84	57	100	93	3	65	2	80	43	25	51	100	66	53	30	79	59	90	81	61	30	4	49	91	58	67	8	14	94	89	11	66	61	74	52	95	25	98	58	43	75	53	87	19	38	37	34	93	99	79	59	63	84	33	8	4	13	91	13	32	34	87	14	43	83	64	98	93	20	78	81	14	48	65	71	43	93	97	46	16	17	10	92	17	49	66	54	4	49	94	98	28	27	76	29	37	9	9	56	59	6	58	30	99	33	31	31	29	76	90	48	26	71	82	9	29	73	42	90	29	84	19	61	8	63	57	42	66	87	22	97	26	94	60	87	83	52	18	11	36	36	34	57	88	36	49	88	36	13	8	85	35	7	30	36	65	24	98	51	75	42	25	54	32	83	62	49	64	19	44	9	19	3	82	47	66	73	54	7	55	72	78	49	48	65	89	
64	26	56	53	9	57	36	2	18	4	94	22	28	81	85	54	81	71	80	5	69	36	97	73	52	35	44	57	41	32	76	9	93	74	77	14	14	75	61	18	58	26	96	6	22	43	69	64	76	58	31	64	28	90	96	90	50	94	2	65	90	29	69	40	1	89	67	94	26	58	100	80	70	72	7	31	8	46	87	63	97	74	34	27	59	39	72	24	56	69	74	75	81	34	44	38	40	92	33	26	47	8	34	76	85	68	35	73	75	52	12	35	95	3	9	4	30	100	12	80	80	94	84	91	44	56	23	53	52	99	52	18	29	22	99	72	2	44	96	74	51	78	4	76	76	90	58	28	20	40	66	21	52	71	33	57	62	2	5	58	61	4	40	96	37	98	95	70	91	94	57	52	23	49	91	70	3	74	23	72	2	17	98	21	31	53	1	86	77	76	89	14	20	37	96	52	49	20	95	68	
84	51	66	11	77	100	75	53	79	28	81	76	2	91	76	90	9	26	49	20	42	87	35	45	31	68	46	60	87	54	23	87	5	25	78	10	34	50	39	88	46	71	67	95	30	68	10	38	19	24	28	89	89	11	92	67	54	15	32	75	85	57	2	44	84	5	3	63	60	37	88	72	84	89	6	65	85	14	60	72	13	16	85	100	79	81	64	19	77	34	50	83	11	64	71	48	47	47	100	73	59	92	62	87	43	78	93	18	16	25	19	58	83	85	7	98	75	7	19	78	80	94	81	85	91	53	33	98	78	94	10	14	37	91	82	89	68	2	12	37	32	86	55	89	43	52	81	54	10	63	56	2	77	96	74	88	2	24	58	6	56	39	60	69	9	100	20	88	38	3	75	64	45	63	63	42	9	33	61	25	93	82	2	31	27	13	89	83	71	79	53	21	23	15	6	98	92	34	98	61	
73	47	73	65	72	36	28	59	67	64	36	67	96	100	76	92	82	46	70	37	33	66	61	91	53	77	21	75	75	2	41	72	63	48	35	97	51	46	55	19	56	11	80	9	66	21	31	3	62	33	45	39	9	50	50	87	14	70	41	68	78	62	79	8	49	5	31	30	58	7	73	71	77	55	74	19	78	28	60	97	65	68	2	78	46	75	65	4	45	79	63	23	61	41	9	56	85	26	77	10	59	55	80	32	50	63	62	12	98	22	29	44	74	16	96	64	11	30	66	50	38	32	62	46	32	43	93	95	11	27	78	56	93	59	41	67	91	6	15	46	16	93	60	74	50	81	61	85	90	41	59	23	68	64	65	36	5	58	24	86	21	28	80	16	73	55	72	68	91	31	10	50	17	21	62	18	57	83	63	96	88	15	75	4	82	4	97	25	70	9	40	9	2	22	41	53	9	97	44	47	
26	59	21	57	70	8	34	67	35	95	73	46	6	85	76	92	63	49	29	90	77	4	59	39	60	45	58	82	30	1	62	31	62	41	63	83	99	38	86	40	44	60	1	7	63	76	13	27	14	64	61	34	37	77	63	42	21	60	83	14	76	78	51	17	82	53	17	52	26	18	13	76	48	4	62	25	14	70	67	11	3	40	83	59	24	42	17	23	62	15	81	24	58	55	47	64	41	55	38	61	91	53	50	9	13	89	92	76	24	5	19	13	13	57	23	46	54	67	40	41	9	48	60	84	64	64	65	70	60	12	57	8	9	29	41	33	18	15	78	53	87	64	17	68	3	84	62	88	91	13	52	78	66	30	9	49	58	6	86	15	35	60	38	98	65	79	21	69	35	83	52	57	63	77	94	58	74	13	13	76	15	23	79	21	33	84	83	74	27	72	60	93	62	14	90	91	23	27	90	50	
98	12	83	58	75	73	49	66	3	45	64	47	100	63	78	63	18	69	66	21	80	97	54	94	19	92	97	50	37	59	16	38	43	4	20	90	6	86	3	53	58	72	46	14	85	63	19	4	2	4	32	52	40	4	92	12	21	40	2	16	68	37	87	60	94	16	5	28	31	94	1	30	26	9	38	58	74	37	70	51	7	24	87	9	3	93	7	32	45	23	54	61	52	84	88	70	5	9	94	75	79	1	23	41	69	73	76	24	22	75	64	27	57	8	4	17	65	63	3	45	1	6	42	6	40	34	28	89	33	92	75	64	94	81	52	100	10	45	29	11	59	2	70	95	7	49	48	46	63	89	28	57	23	7	97	88	61	56	21	35	12	71	4	79	17	100	85	64	25	69	55	52	43	3	17	27	83	47	91	86	88	5	2	91	8	81	34	43	12	36	27	22	6	10	37	70	57	36	39	19	
7	64	42	67	94	16	17	47	8	83	23	5	30	26	32	50	47	45	52	78	12	53	8	75	55	92	48	73	85	72	84	81	46	32	93	16	72	34	51	83	58	94	35	7	40	11	30	30	96	84	75	82	1	71	45	32	2	74	94	28	88	2	1	4	30	8	46	21	12	43	8	14	71	58	91	14	60	1	52	29	84	34	92	50	62	93	37	71	35	96	7	46	58	91	43	10	80	57	80	61	73	15	50	46	61	7	30	15	70	59	72	58	28	30	69	26	96	58	86	22	56	27	66	93	77	87	64	84	97	56	66	64	56	5	82	67	27	64	45	9	62	9	18	64	12	48	39	36	10	86	92	21	28	78	61	36	4	39	28	60	71	86	72	15	69	57	83	77	37	1	27	74	44	16	73	26	74	35	50	48	77	44	91	67	46	81	33	70	3	44	51	76	39	88	7	92	40	38	73	19	
39	35	8	65	81	37	15	97	41	5	66	51	38	40	11	26	11	35	65	86	18	86	98	44	80	91	95	76	34	25	98	85	43	73	93	87	23	23	72	88	17	31	78	12	7	21	22	15	9	7	11	50	78	42	20	17	54	35	93	23	60	48	25	68	39	21	39	76	64	33	17	30	38	27	56	44	70	49	30	13	85	98	59	73	55	25	54	16	93	36	85	14	15	68	76	65	84	97	31	31	47	57	49	48	26	81	7	9	88	28	10	99	80	2	74	49	1	59	32	60	71	46	57	54	82	38	45	61	78	82	37	81	2	82	11	86	61	96	8	11	7	52	18	66	35	93	23	10	58	70	32	74	23	17	34	13	40	60	80	38	4	72	84	25	71	52	47	65	72	36	92	21	88	43	93	16	78	87	90	11	20	39	65	84	82	94	21	62	11	74	72	1	42	52	26	99	1	61	30	47	
96	86	12	65	26	88	31	59	16	70	82	40	20	45	96	90	62	76	98	37	62	81	24	7	5	8	4	39	50	27	91	56	15	73	1	67	53	95	49	37	59	24	18	98	69	13	4	44	94	97	11	47	90	67	6	48	100	31	89	98	48	92	43	10	65	50	59	17	86	77	55	45	46	41	98	37	88	56	36	98	43	68	3	29	95	21	87	90	85	26	15	30	37	55	62	64	57	7	94	78	19	86	72	31	87	49	100	49	100	1	78	93	66	14	29	80	44	38	8	53	69	53	58	20	19	24	38	34	81	38	29	71	65	45	71	10	5	79	9	83	34	1	82	58	24	22	20	56	95	6	18	18	14	98	42	8	96	69	16	98	79	15	25	59	53	90	3	48	68	91	21	94	40	56	74	43	23	32	69	32	68	77	86	2	47	84	5	27	18	34	83	77	97	66	56	74	76	35	56	72	
60	59	15	37	98	64	79	41	60	99	8	56	69	31	4	6	99	92	43	74	98	89	16	68	36	39	41	13	3	91	46	98	44	80	5	89	68	82	54	30	14	62	59	36	32	90	82	93	70	86	30	13	85	6	22	36	50	49	86	46	32	33	32	68	75	60	24	51	41	5	99	2	9	82	13	99	52	35	8	94	17	68	83	72	9	95	69	94	72	53	86	28	51	2	33	67	53	10	32	55	65	14	60	100	22	77	79	58	59	98	68	30	29	4	77	9	20	10	33	47	32	73	61	59	26	42	100	85	52	92	97	42	58	73	74	66	68	8	82	89	88	40	41	49	43	94	73	98	26	80	59	42	32	38	54	85	37	9	73	65	17	69	71	53	32	29	48	42	15	64	10	84	19	74	35	40	48	45	70	11	57	8	34	56	33	61	9	13	71	55	20	15	54	7	12	55	45	85	39	17	
61	9	40	51	9	95	100	95	55	60	2	90	92	89	25	34	6	25	44	89	51	5	100	52	23	75	100	58	41	6	36	19	26	39	70	65	44	59	42	89	8	31	32	60	68	48	9	25	43	43	66	16	10	86	62	80	15	89	60	20	30	16	100	15	82	94	22	20	18	42	13	12	21	15	73	70	2	25	85	93	26	16	47	90	70	84	24	94	93	57	44	6	62	80	15	81	52	27	21	3	80	2	34	63	78	57	17	84	63	100	51	87	38	51	85	48	36	35	93	94	38	65	23	9	46	42	89	43	2	36	21	35	60	85	13	22	96	98	68	58	85	17	33	56	2	21	31	46	59	7	19	40	77	79	91	35	98	100	55	79	100	57	52	90	29	16	83	45	51	12	27	61	63	72	51	41	57	85	56	63	92	41	33	55	41	93	96	20	57	16	90	65	68	38	83	42	17	52	6	95	
76	36	44	45	96	7	3	3	31	24	45	12	66	68	26	91	44	70	23	75	4	51	22	30	87	80	93	87	32	30	52	26	13	48	73	2	94	60	76	16	21	75	92	21	100	19	71	10	16	84	38	6	10	49	77	57	18	61	30	82	7	42	83	62	84	11	5	35	58	63	77	21	10	85	64	95	44	10	44	32	66	16	36	41	7	60	23	1	95	42	13	82	38	42	78	44	82	16	55	61	9	12	10	13	83	11	71	74	78	83	36	89	64	61	20	31	5	25	12	73	8	26	75	42	93	40	61	63	38	80	41	92	69	72	95	7	38	61	47	33	6	15	5	36	8	69	8	95	1	16	83	77	13	99	49	7	95	20	72	21	85	83	47	3	48	83	40	45	69	25	8	75	61	89	1	22	6	56	62	72	50	65	76	76	68	71	34	4	30	26	73	99	51	74	9	67	29	6	32	3	
64	16	100	60	86	22	20	75	11	81	28	11	49	89	79	67	13	44	97	20	15	83	98	76	57	83	63	44	5	65	35	1	43	64	69	2	32	56	31	82	56	72	40	81	94	43	19	19	5	23	58	97	91	72	52	69	53	65	12	89	92	86	96	92	36	44	44	85	73	21	100	34	77	85	42	81	2	93	29	91	36	84	15	11	94	53	93	15	29	76	78	69	32	19	1	58	57	21	1	35	92	7	10	3	57	18	65	79	41	73	42	63	12	65	65	58	14	18	9	45	13	77	95	54	33	7	35	76	85	50	29	34	55	9	26	30	17	75	9	77	17	78	49	11	26	53	19	48	62	95	21	21	38	15	74	30	70	88	68	69	64	77	65	48	42	45	45	91	85	34	64	9	63	42	19	6	31	7	53	92	1	86	97	89	11	89	16	95	52	93	13	71	82	99	43	8	99	22	11	73	
36	48	79	53	95	84	28	1	69	14	82	100	90	96	5	87	37	71	35	51	7	19	95	85	40	13	90	50	35	56	98	40	22	19	78	90	39	97	58	11	45	89	91	89	98	49	76	18	40	88	66	9	81	33	100	36	20	1	83	75	24	60	48	85	35	8	98	87	56	32	96	67	25	23	30	43	16	71	15	65	80	8	21	18	70	82	3	84	22	43	8	17	35	51	100	78	81	42	72	15	50	7	24	90	42	13	79	37	64	18	74	84	77	41	41	87	56	84	18	32	29	63	27	71	50	20	83	40	61	17	51	82	56	6	66	54	57	86	68	75	100	20	30	61	41	65	79	34	22	69	91	55	97	53	9	36	91	38	91	35	25	37	72	68	15	51	69	85	52	99	44	51	31	9	77	27	64	97	89	60	68	8	13	66	45	60	32	96	2	8	37	91	73	66	16	96	76	80	49	21	
28	4	35	85	6	72	97	4	69	58	84	46	2	62	4	31	56	14	21	98	55	33	98	87	5	35	30	26	94	86	80	91	93	67	82	3	80	44	3	74	28	100	63	77	95	46	38	78	19	12	11	50	15	8	18	43	92	29	16	97	45	74	48	1	91	46	93	23	54	93	56	1	97	97	40	63	13	19	40	21	34	14	66	18	34	3	74	43	91	50	52	23	90	46	25	25	1	28	86	16	11	17	49	54	5	45	19	53	71	12	72	84	33	63	99	90	82	37	70	95	57	5	44	81	51	94	34	4	64	44	1	35	34	36	24	44	3	32	25	86	81	41	92	70	77	49	66	81	27	92	18	76	25	48	75	65	94	3	31	83	69	1	36	91	64	12	25	34	99	23	97	1	93	52	35	26	85	32	12	35	22	62	86	33	4	64	29	88	76	87	68	61	82	44	100	66	87	29	16	23	
55	89	66	75	94	97	38	74	23	83	30	80	92	95	79	79	68	56	7	27	51	50	17	99	63	43	76	13	75	79	79	7	97	29	38	12	44	73	33	11	15	58	38	91	69	24	79	38	86	40	74	73	31	94	88	66	80	63	97	20	26	47	69	13	88	35	86	54	56	17	78	34	6	19	16	62	83	6	83	31	37	60	33	10	80	4	66	78	65	21	4	51	63	91	65	19	72	73	31	78	77	86	95	84	28	50	29	30	36	85	83	76	31	67	73	70	16	55	38	67	66	75	56	39	76	90	39	46	89	39	54	47	20	94	27	42	15	59	13	6	82	56	58	77	82	99	46	12	13	70	31	17	28	31	68	24	57	75	10	52	55	27	92	21	10	27	8	64	44	97	87	4	16	45	28	3	58	65	37	17	4	1	94	94	41	65	5	47	48	37	16	46	2	81	52	52	99	25	71	69	
72	60	22	53	25	63	21	10	31	35	69	73	7	100	33	6	81	13	26	61	28	35	82	66	51	65	19	50	84	89	17	32	78	61	15	66	79	86	97	53	72	5	47	8	87	51	36	90	94	27	44	19	10	71	31	31	51	3	26	62	65	58	41	4	97	58	53	81	99	15	69	23	82	62	72	51	72	45	26	54	10	12	94	47	85	39	47	81	37	44	68	75	87	53	75	50	6	11	88	57	16	28	33	55	74	11	77	51	80	44	62	52	64	6	38	61	67	85	29	22	62	38	44	38	84	50	74	66	21	98	11	75	34	79	18	75	48	40	60	91	62	60	53	76	76	6	35	96	95	35	24	7	52	85	23	98	52	64	50	57	52	74	21	94	84	61	75	9	51	1	4	24	79	13	1	9	50	59	88	43	76	50	28	30	30	80	5	31	58	26	77	70	90	68	51	98	44	74	97	87	
74	3	77	33	96	30	28	88	82	67	49	95	54	38	63	99	5	65	3	63	75	87	47	56	74	76	12	23	51	12	56	37	46	41	49	89	8	93	74	80	80	9	78	45	99	4	1	99	36	84	47	29	79	42	96	59	65	83	23	4	16	83	97	87	82	38	74	82	22	60	60	8	60	86	73	16	24	17	89	56	6	99	100	88	64	75	1	79	58	11	83	47	93	66	34	97	61	79	78	39	83	85	93	63	45	93	29	28	85	27	42	25	36	15	8	28	66	29	95	6	5	66	64	20	6	55	56	84	39	66	22	82	39	18	59	94	63	77	33	68	92	64	23	98	21	34	57	55	33	64	81	52	70	21	9	51	23	45	17	63	43	44	88	40	19	63	61	63	31	93	16	79	64	100	87	35	18	29	97	48	72	14	27	23	85	14	45	74	54	8	74	1	10	79	50	40	6	61	23	27	
5	100	68	39	20	91	54	99	27	75	88	95	26	45	95	46	37	40	44	83	3	34	49	56	100	50	64	22	7	7	54	24	96	66	31	95	13	61	96	96	40	16	14	5	41	53	46	98	67	44	75	31	59	99	24	74	50	7	35	25	67	7	43	53	11	60	37	26	42	53	37	2	98	71	59	97	46	64	28	51	12	74	68	5	99	84	42	17	90	100	47	95	98	4	88	53	83	21	75	32	31	97	95	74	67	36	35	72	54	26	11	68	88	45	62	44	6	94	98	30	4	43	66	15	52	73	61	2	3	46	18	5	26	80	57	70	56	17	34	81	39	87	57	33	66	85	97	49	4	66	1	44	77	21	82	75	49	63	21	77	3	16	43	56	74	72	89	42	9	52	45	13	100	66	78	82	98	25	46	53	16	86	62	12	97	12	7	51	88	49	76	57	62	71	82	66	49	48	51	54	
12	21	1	54	34	32	57	63	28	46	58	70	63	11	98	54	98	75	79	22	14	96	43	66	77	39	36	49	36	69	16	42	6	68	61	2	34	64	41	35	96	10	33	4	12	83	53	39	41	95	33	85	98	30	80	17	54	12	65	83	29	20	7	79	17	59	72	99	28	98	10	75	34	69	80	78	69	67	14	65	85	56	87	89	16	22	16	2	70	41	28	58	87	16	81	85	63	43	20	58	48	37	68	29	45	65	29	9	67	47	7	73	93	89	81	54	34	29	71	96	25	39	73	69	10	18	60	36	49	60	71	97	83	45	87	80	83	73	69	93	62	27	89	25	95	30	29	9	75	24	19	66	14	7	19	42	91	63	62	94	17	73	93	74	35	51	1	19	77	35	28	1	87	78	35	34	91	37	26	51	2	94	15	57	2	55	33	59	64	60	21	87	34	99	87	61	63	38	7	31	
47	17	25	6	52	99	86	89	32	67	99	67	93	26	69	82	41	68	10	95	82	71	38	60	66	43	56	5	96	92	49	4	23	91	15	54	48	18	34	20	30	87	65	67	22	18	32	43	42	81	94	16	82	24	28	94	4	62	89	48	37	71	8	69	55	4	88	61	37	26	95	100	11	18	17	10	100	55	44	43	50	53	77	81	86	8	50	30	48	74	77	61	32	7	5	22	77	33	63	71	13	73	61	27	2	79	37	20	89	42	6	34	42	8	96	92	50	10	22	55	62	97	43	48	82	33	67	97	24	5	36	97	69	16	59	73	24	63	1	52	72	59	95	48	69	51	9	77	46	56	71	64	29	5	88	25	70	42	18	58	27	26	16	43	40	41	22	6	27	26	3	9	35	82	34	14	83	52	31	63	53	45	69	20	88	45	16	26	27	59	25	59	55	21	37	84	89	62	81	10	
36	63	50	29	82	88	98	11	34	89	2	26	73	28	41	25	2	63	53	50	69	71	65	22	7	42	54	83	97	8	60	64	68	65	52	96	59	4	93	79	16	19	41	22	24	45	77	58	7	51	84	4	23	26	41	53	25	95	86	86	86	41	2	33	15	20	80	74	9	2	50	48	52	80	49	35	51	72	78	46	56	13	1	23	100	38	34	33	21	58	81	13	89	27	83	53	30	61	71	27	79	29	41	29	83	75	34	55	92	73	98	91	28	47	46	56	25	85	47	26	88	28	26	95	22	4	30	89	94	88	100	74	34	93	8	28	13	96	35	67	5	41	26	55	47	46	53	19	67	86	46	17	45	65	88	54	3	9	57	74	83	74	78	23	48	57	6	31	64	85	58	50	18	98	91	83	36	49	26	16	39	64	47	26	71	38	38	60	89	32	90	40	86	22	60	77	38	41	97	56	
3	28	92	15	54	93	15	96	77	9	45	11	79	80	37	92	77	15	85	48	18	67	61	2	57	66	41	98	86	72	29	37	99	40	24	36	81	16	44	69	100	89	18	80	74	23	94	14	11	18	86	44	31	27	77	63	97	83	58	6	91	4	9	19	31	26	20	85	50	16	11	37	55	83	5	86	53	39	79	59	11	81	41	46	16	96	7	94	93	94	71	93	83	24	67	90	80	2	9	73	24	15	77	48	46	75	79	13	8	48	37	89	28	49	31	41	96	49	55	20	29	58	65	51	34	91	75	38	100	63	66	58	25	65	98	33	90	57	96	42	74	11	76	94	44	93	20	52	97	66	91	36	94	75	4	32	74	33	83	13	47	35	87	32	45	85	56	7	97	32	65	59	29	25	37	52	49	8	39	54	89	20	6	10	70	81	23	39	42	34	85	84	55	48	48	56	17	17	11	61	
63	25	86	8	30	2	88	74	85	38	36	69	27	100	94	37	80	20	16	91	26	29	52	90	66	25	37	66	94	68	91	96	4	37	71	31	55	11	74	44	72	23	34	99	8	26	80	27	63	28	85	75	67	83	71	47	33	94	45	17	100	5	95	42	33	53	76	90	56	57	79	7	71	94	67	49	28	49	42	23	51	68	40	70	52	28	36	40	11	81	96	47	24	8	69	100	44	22	85	20	89	33	41	6	77	49	66	100	23	61	83	30	62	96	51	39	32	66	37	81	40	61	32	59	77	73	97	27	29	56	75	42	84	99	52	40	61	75	77	6	21	94	71	66	32	40	98	62	65	77	6	38	79	22	71	83	23	61	63	13	91	50	90	69	70	56	62	53	89	12	37	88	97	46	26	31	26	39	19	40	13	68	29	36	28	97	1	25	43	63	9	42	40	66	52	53	80	64	33	83	
24	88	11	34	25	64	88	84	53	39	92	74	4	22	16	13	62	37	79	91	45	96	34	65	84	53	88	16	49	71	77	19	58	22	4	11	24	48	37	65	72	59	63	62	74	61	49	7	67	99	70	24	79	73	77	43	57	21	68	88	70	56	59	14	100	61	81	98	81	18	26	38	62	50	79	55	73	71	36	75	18	21	59	19	2	97	94	23	70	7	19	81	46	59	7	80	83	94	16	73	82	45	96	99	8	90	31	96	64	18	73	19	23	38	55	73	75	12	37	77	100	58	47	6	14	14	57	53	70	58	27	50	79	87	2	24	6	14	29	99	30	36	49	41	70	43	90	74	93	3	12	12	78	29	39	62	72	25	96	76	86	48	11	32	11	63	72	92	60	35	17	43	48	53	51	63	16	54	40	78	35	4	62	2	73	20	69	48	49	83	13	3	64	28	46	29	62	94	91	34	
3	37	58	45	24	13	32	95	35	12	50	46	95	29	4	95	69	32	37	9	32	95	35	74	41	19	77	96	55	58	47	59	8	87	96	95	66	13	46	93	3	64	68	81	9	80	53	82	52	58	56	99	64	18	4	21	2	63	15	22	18	64	91	46	11	90	85	78	40	36	36	1	90	64	97	92	9	19	33	46	2	58	92	33	65	86	59	55	40	88	89	92	2	21	50	34	96	5	93	24	46	76	43	83	30	10	18	31	38	90	32	29	98	56	56	62	59	49	86	4	33	72	37	60	58	49	35	90	72	29	59	82	77	51	83	67	21	6	93	80	40	85	51	57	81	1	96	66	11	75	65	11	100	71	39	49	2	93	88	15	88	77	20	68	57	92	50	1	68	22	4	76	72	16	2	53	39	89	13	35	76	12	29	6	4	76	7	95	64	88	56	21	68	7	16	80	83	85	42	5	
41	27	7	83	66	79	66	63	41	41	2	35	22	68	87	11	60	54	55	27	4	68	46	10	38	78	58	95	6	98	82	36	22	75	24	85	34	10	14	30	8	22	89	64	55	98	33	87	76	10	24	83	5	56	53	77	39	97	51	4	100	38	2	98	45	90	90	98	40	86	80	36	52	86	33	1	100	66	68	87	33	60	82	63	88	86	89	76	92	85	40	50	76	94	55	99	24	80	37	12	34	55	57	4	91	56	1	53	14	34	35	50	70	62	90	50	44	29	40	71	37	74	27	35	10	12	81	66	83	41	43	90	54	59	99	53	41	86	20	17	36	25	67	24	38	23	39	18	15	73	79	4	85	45	63	64	17	82	15	23	5	44	39	77	8	41	65	86	8	62	1	50	14	86	94	45	64	20	68	4	12	89	29	40	37	99	38	4	36	6	18	62	89	67	46	9	97	5	65	57	
9	5	27	54	1	69	3	5	66	18	57	82	85	29	41	56	95	94	9	19	82	28	71	7	5	91	41	43	93	65	19	31	6	100	83	3	44	45	29	31	84	99	83	58	29	50	84	26	8	82	70	80	11	53	53	63	73	33	90	93	18	18	81	73	33	10	85	8	21	41	84	12	78	17	2	30	56	2	64	3	38	31	62	90	61	87	24	66	28	86	16	78	6	39	84	88	53	19	78	97	60	88	80	93	70	56	20	34	84	5	36	53	69	15	51	2	84	54	41	29	47	23	75	54	31	80	51	65	55	6	38	52	2	94	62	96	39	56	12	55	78	98	85	92	46	71	38	95	26	30	74	69	2	46	65	19	98	2	75	79	2	91	65	86	34	33	76	97	13	86	94	28	27	62	15	69	47	6	29	62	29	29	99	90	65	98	25	82	1	88	40	4	82	24	49	55	23	73	96	37	
37	62	65	48	6	42	28	96	16	61	20	6	81	33	45	64	90	90	72	87	15	54	88	44	26	44	95	13	93	90	68	46	29	61	39	88	97	58	86	77	96	3	64	68	54	82	48	17	97	32	89	57	65	29	69	81	37	35	85	72	74	97	76	90	77	69	21	11	45	52	70	15	63	80	40	25	52	24	21	75	61	12	73	54	77	88	91	24	71	23	95	73	96	40	44	85	40	51	53	48	1	51	96	39	65	52	61	23	76	31	86	23	71	68	23	42	1	68	7	11	34	51	72	64	17	13	50	73	3	38	85	1	95	90	43	9	81	1	10	13	90	9	16	57	1	44	52	76	36	64	3	16	3	12	56	44	21	31	4	21	91	67	84	2	56	55	76	89	66	33	94	30	23	12	57	20	26	10	36	2	6	40	90	94	94	36	43	54	16	50	14	92	33	49	57	51	42	2	1	33	
28	36	19	32	8	25	97	85	59	18	7	98	83	41	70	79	57	71	58	22	48	52	68	26	41	93	78	17	15	98	62	22	13	38	6	14	93	47	91	15	83	39	1	19	51	50	10	63	11	33	77	100	98	42	23	48	86	57	89	27	72	51	77	78	66	20	61	88	13	75	64	51	54	2	75	28	14	88	71	83	16	31	36	38	20	46	21	17	23	56	35	44	75	38	10	83	28	54	44	67	85	79	35	88	3	79	49	32	8	37	37	33	32	97	42	68	49	27	89	36	89	31	17	86	15	62	86	31	74	35	39	13	70	10	16	94	40	3	33	5	60	58	21	88	83	10	15	6	12	41	55	3	3	31	75	9	31	27	82	33	8	46	82	47	33	41	68	11	45	4	41	30	85	97	2	88	71	70	28	73	4	37	65	94	24	71	69	44	76	21	74	75	75	19	29	52	70	3	24	32	
59	3	53	67	63	20	63	21	11	14	51	17	48	72	46	13	44	7	34	74	58	26	94	68	62	76	24	11	36	72	88	78	35	94	78	24	80	89	64	28	94	10	50	61	97	9	68	78	20	62	21	51	34	23	100	59	75	64	68	19	83	39	7	45	31	93	83	63	2	15	14	34	81	8	62	54	4	74	73	42	34	32	6	27	46	84	37	83	23	36	3	91	16	12	94	48	47	62	29	7	21	85	79	100	13	42	32	50	57	69	29	13	18	75	62	12	11	66	95	48	100	54	88	32	64	90	5	54	22	48	45	17	68	63	58	25	88	94	90	34	99	5	75	61	13	10	25	48	46	65	77	9	26	62	67	19	53	13	4	84	81	81	94	84	61	93	71	89	60	64	65	80	14	12	55	45	38	81	97	20	76	99	98	36	71	75	17	91	63	82	93	54	6	57	25	32	38	50	8	14	
98	33	97	75	15	87	89	76	91	10	69	52	15	63	25	55	24	67	17	11	36	6	87	64	27	69	98	95	36	16	80	72	73	8	33	59	72	61	83	70	100	10	17	63	22	56	15	32	49	3	78	18	99	52	66	51	77	48	49	12	87	5	29	27	78	99	58	67	98	64	5	44	3	74	61	46	9	33	3	92	26	35	66	3	62	13	90	41	85	45	28	27	18	39	39	56	27	47	66	65	22	64	64	33	66	34	41	36	70	24	54	99	33	23	68	92	47	54	74	79	34	55	28	14	19	34	34	27	82	69	34	8	28	57	20	71	58	58	89	35	50	64	73	32	15	58	12	72	2	95	98	7	59	30	35	3	1	89	97	83	34	33	21	5	9	96	34	16	32	29	5	5	45	7	33	16	38	23	1	69	7	38	25	43	69	17	26	17	34	38	26	61	15	61	32	48	19	27	59	3	
55	54	99	33	53	52	73	6	76	20	13	73	92	68	96	24	32	63	81	91	37	22	98	59	72	88	64	41	46	83	72	51	23	32	19	9	63	76	59	29	57	60	88	81	21	87	42	21	71	10	30	81	21	58	7	74	13	11	19	99	29	20	44	90	89	40	100	76	99	14	72	43	15	38	58	31	56	73	15	84	34	19	19	72	81	35	48	80	92	42	41	43	24	86	70	79	3	85	5	68	44	17	9	39	100	6	95	99	28	97	51	29	1	56	74	29	46	48	1	39	88	64	88	25	22	65	3	7	61	61	48	79	32	46	67	93	41	16	100	71	57	63	48	47	88	86	94	44	98	82	74	39	35	83	99	82	86	83	25	74	43	70	62	27	13	20	4	95	96	88	47	31	74	51	59	26	60	39	25	48	95	4	82	54	44	91	17	45	52	64	5	39	45	91	24	73	90	31	100	23	
61	40	93	2	5	65	40	84	79	62	31	61	71	37	99	56	16	11	40	75	89	48	84	60	71	55	71	72	67	34	30	76	59	87	95	7	38	40	38	75	5	83	57	65	28	55	42	47	75	38	67	84	4	65	94	62	64	80	96	96	22	38	68	85	81	21	67	31	63	16	99	8	43	32	92	42	4	22	13	23	1	10	84	72	58	4	75	81	79	25	57	23	57	59	89	77	49	75	36	31	61	93	8	24	93	94	19	74	100	5	75	79	25	7	55	15	45	87	54	90	54	49	54	57	23	1	47	72	74	75	87	13	7	53	94	40	40	82	33	63	95	27	35	8	37	34	77	88	73	43	56	85	87	41	63	47	77	71	70	27	12	3	11	18	71	57	30	52	2	76	48	58	54	88	64	27	89	42	43	49	64	36	1	16	76	63	34	52	7	76	65	50	36	11	89	52	70	73	72	61	
49	56	29	54	1	46	76	25	26	78	50	17	89	36	47	79	95	37	26	1	72	20	11	21	78	52	22	72	20	97	99	37	45	92	87	1	71	87	56	79	57	86	85	50	49	98	89	51	40	85	87	11	97	72	79	84	8	28	100	42	66	28	88	54	31	79	37	10	18	64	16	11	69	67	2	25	100	86	91	6	64	73	13	63	73	95	2	41	21	31	70	67	41	9	5	93	54	21	37	9	82	52	30	26	32	59	42	93	28	56	31	28	2	63	94	65	23	28	89	94	25	100	40	24	89	96	8	37	59	32	48	48	7	1	57	99	6	38	82	82	82	33	25	49	72	2	38	26	29	72	50	76	89	57	78	66	76	79	9	72	36	44	74	34	55	16	26	93	8	87	37	26	8	49	60	59	32	34	63	83	88	6	88	50	21	82	38	64	76	33	73	30	79	88	36	83	89	78	58	34	
83	38	46	77	59	98	57	93	3	40	20	55	55	83	37	3	94	31	41	77	24	30	62	33	42	14	72	52	48	87	93	15	97	77	91	94	79	35	11	96	90	98	62	13	78	76	97	7	55	49	34	74	66	78	19	42	10	48	74	90	74	43	50	89	76	75	29	15	98	87	1	18	13	15	53	54	67	77	87	52	10	77	39	24	4	88	88	92	12	27	68	19	57	8	49	100	29	65	36	7	28	95	60	42	13	97	59	17	50	70	34	68	41	100	7	83	63	67	27	20	30	33	55	71	94	9	80	79	45	79	28	26	12	78	74	40	94	62	45	81	50	2	53	33	47	17	67	81	68	39	37	50	57	9	35	73	89	53	40	60	27	51	72	83	20	90	73	13	37	68	16	77	74	76	21	25	90	85	9	13	56	18	40	14	74	93	26	5	65	73	45	3	9	75	67	44	1	93	26	81	
29	47	72	18	56	8	42	62	67	7	100	47	50	89	94	96	57	25	1	43	11	58	45	76	56	86	84	97	28	83	36	66	33	59	67	40	50	94	81	22	99	7	32	19	91	3	96	37	84	79	9	53	68	84	22	99	18	73	66	52	65	66	54	53	4	56	92	5	40	55	7	31	62	55	8	95	81	4	51	32	97	4	42	79	34	39	68	72	3	16	30	48	28	60	95	46	5	32	85	44	24	95	70	95	61	67	61	4	88	94	34	12	35	7	44	94	37	71	75	43	99	50	3	79	96	34	1	15	30	72	24	93	85	26	90	72	34	52	46	68	86	88	38	88	90	88	2	70	38	60	54	4	85	8	6	54	14	21	9	93	22	76	1	77	15	65	99	71	91	61	46	70	1	57	87	59	40	84	42	3	21	62	4	92	75	54	61	39	50	30	3	18	34	3	80	56	23	90	59	15	
38	97	75	68	53	25	55	92	56	70	1	72	7	51	62	88	25	1	99	6	83	43	57	62	43	19	5	83	88	15	2	49	82	12	27	96	51	41	91	54	87	41	7	35	10	73	76	86	69	13	19	1	67	87	26	43	17	35	2	63	58	85	80	14	56	33	86	81	69	37	44	42	58	64	63	31	95	76	47	73	41	27	11	34	32	25	77	28	45	6	35	32	65	47	100	92	1	44	36	25	56	14	23	37	54	20	37	1	69	14	11	3	73	29	85	92	45	68	11	64	53	46	63	80	67	92	42	96	6	16	9	77	16	10	92	7	100	67	40	36	49	66	26	47	69	73	84	50	91	59	76	85	7	64	39	7	20	23	2	62	6	39	42	97	54	68	51	82	73	82	2	90	10	62	34	55	86	55	40	64	68	89	82	33	75	6	15	45	36	79	9	34	55	17	8	33	93	51	93	47	
54	1	28	60	79	83	5	36	89	56	83	60	54	47	65	52	38	27	4	73	44	86	40	65	39	47	57	31	82	10	7	87	43	54	100	11	43	77	2	24	13	62	4	45	69	96	39	26	63	85	77	52	6	59	100	96	62	69	12	2	80	25	47	22	52	11	62	31	24	3	64	76	60	22	7	91	40	39	79	40	84	12	3	58	44	38	26	60	43	85	68	93	77	67	94	65	17	11	58	93	32	42	42	69	99	58	82	32	100	44	24	38	39	87	71	39	100	36	45	85	43	22	79	83	69	14	77	78	14	68	92	31	61	25	20	52	32	34	96	46	100	26	16	37	14	8	11	59	32	75	11	43	32	93	20	55	37	15	22	14	10	88	52	66	7	38	74	99	66	44	81	68	79	71	99	21	22	48	66	28	7	67	24	49	19	57	61	91	11	88	75	3	17	28	84	49	11	95	90	23	
68	34	1	99	43	39	95	69	50	81	4	2	37	91	1	34	23	21	20	64	8	84	14	63	17	15	76	78	66	14	55	67	7	80	31	27	2	88	25	70	70	5	61	1	53	61	66	68	62	93	62	71	63	76	18	85	58	70	13	79	25	89	75	3	18	75	18	44	20	20	51	37	41	28	42	58	27	82	57	14	95	17	33	16	79	99	100	87	69	54	49	61	19	16	87	55	75	89	62	66	23	32	8	53	82	30	46	63	20	84	54	54	90	11	62	69	12	81	42	85	25	94	70	30	20	78	39	90	23	55	56	52	97	14	16	30	70	3	70	39	56	83	74	5	80	66	41	46	32	53	19	66	24	70	66	72	96	6	41	90	37	7	26	56	12	83	9	43	16	100	52	51	50	82	87	37	60	48	52	46	16	46	49	57	29	25	32	24	89	36	67	80	8	84	52	87	13	55	28	1	
74	15	22	13	11	61	47	65	54	12	7	51	61	57	15	88	82	12	54	46	56	5	13	91	32	10	4	93	86	76	13	67	32	14	12	53	99	68	74	2	38	68	61	48	35	69	93	46	78	2	86	71	37	69	55	40	50	40	50	23	61	84	98	17	80	63	83	48	72	22	55	100	1	54	70	24	83	5	38	98	85	69	82	23	6	87	8	62	49	52	65	91	72	38	94	55	26	57	90	97	5	7	84	20	82	52	69	36	40	45	77	45	12	3	63	21	83	74	89	10	71	85	96	57	70	63	62	99	81	59	39	23	96	69	31	50	43	97	21	40	78	79	99	51	40	52	46	38	2	10	27	35	38	74	36	78	52	98	53	91	70	92	99	74	55	42	67	8	96	66	52	98	40	66	61	84	77	56	53	29	80	9	55	51	52	32	48	73	52	83	44	56	33	49	87	50	81	74	98	30	
68	31	99	9	24	66	38	41	71	42	60	86	85	65	95	85	48	89	56	82	3	31	41	45	3	70	64	56	95	99	82	69	59	56	78	33	68	50	64	83	68	84	50	62	87	12	97	59	5	31	36	4	64	41	63	1	20	16	31	8	65	90	86	28	55	84	95	13	82	87	100	6	1	90	90	53	47	18	98	82	77	57	39	8	18	88	78	38	94	74	81	28	29	73	69	80	99	64	95	56	63	95	59	44	78	16	70	67	24	74	54	3	94	66	32	18	71	53	71	76	10	83	29	57	8	74	16	9	3	92	28	98	96	25	15	50	61	36	21	97	10	35	61	34	21	67	39	8	92	60	91	71	50	39	76	49	49	92	9	23	57	40	1	76	45	17	29	99	76	87	99	44	6	49	63	89	38	17	80	62	83	97	23	42	70	38	19	90	70	89	1	23	93	11	13	81	26	5	66	50	
64	76	9	37	95	43	29	19	85	69	53	39	50	75	65	86	63	31	10	69	24	86	62	26	60	12	6	55	52	52	29	97	73	22	2	57	60	1	43	20	100	46	15	21	62	27	49	69	84	85	64	9	80	86	96	87	29	57	93	82	13	18	36	50	6	62	48	1	41	99	90	78	85	70	20	100	40	63	23	92	93	94	83	3	90	1	53	77	85	44	55	7	37	3	45	36	68	52	29	41	93	7	68	2	78	37	2	82	62	19	75	69	33	42	82	51	15	72	13	56	21	66	75	17	44	39	69	24	65	28	89	40	71	16	96	48	80	88	46	44	31	68	15	13	60	69	100	6	41	34	37	10	44	71	89	48	20	34	97	27	36	38	61	35	85	52	6	22	80	29	25	74	61	48	38	62	41	17	64	94	85	5	73	2	3	50	27	31	73	78	93	90	51	95	55	74	5	29	50	23	
72	59	96	59	1	20	56	99	8	31	94	62	36	32	94	12	61	28	66	79	31	22	35	12	98	22	82	48	57	70	37	41	65	39	62	78	20	81	65	90	2	6	1	36	92	56	90	67	73	50	29	89	55	43	51	82	72	45	29	2	52	52	5	78	40	10	2	5	8	58	17	27	100	26	9	77	36	45	40	57	89	44	9	77	29	95	36	92	63	48	52	4	89	22	27	4	22	63	4	56	66	15	97	18	5	22	55	1	50	86	20	67	81	41	39	79	71	69	96	67	68	54	84	27	7	96	99	29	61	85	99	3	29	87	72	25	91	36	17	80	80	62	89	48	19	92	57	66	98	22	26	29	65	17	25	65	95	98	44	90	39	73	30	56	39	6	32	11	49	16	71	97	23	51	7	81	97	11	33	91	42	65	96	1	24	8	59	100	72	58	26	59	93	90	28	98	66	50	1	84	
65	56	62	72	36	56	44	89	68	14	48	75	97	10	53	4	37	44	83	3	86	62	1	87	42	87	56	3	78	68	80	83	54	16	3	46	60	27	44	87	37	6	49	68	27	38	74	96	95	89	70	44	63	83	44	59	99	94	60	65	37	46	13	54	98	25	33	49	14	2	66	40	12	1	67	48	47	34	5	38	72	53	42	93	78	33	42	12	33	11	86	18	94	8	65	14	34	68	11	78	29	75	62	63	66	32	99	91	59	75	93	71	47	79	34	66	12	10	3	57	56	83	3	26	77	64	68	29	87	85	85	18	41	84	33	55	87	9	42	56	43	76	89	6	2	48	31	65	24	85	42	9	100	91	12	89	68	61	47	50	19	19	47	72	17	95	3	73	21	23	69	87	27	54	31	10	56	61	83	34	5	57	37	33	32	14	3	23	61	34	81	15	47	23	1	30	50	23	84	28	
