200
4825
61	51	15	94	60	89	8	78	33	68	57	63	88	16	68	12	44	75	88	85	57	19	23	72	68	66	14	3	91	54	16	82	5	75	70	93	9	46	77	17	99	74	58	60	14	1	20	41	65	3	17	80	80	12	82	87	96	45	10	1	19	19	91	18	38	87	1	7	88	78	33	100	30	39	24	87	78	13	32	93	9	64	34	89	88	35	39	40	17	33	24	100	21	76	53	14	4	6	50	38	32	64	50	65	20	95	63	20	50	98	14	56	6	90	16	93	28	85	82	49	54	98	86	12	14	50	2	57	76	71	27	17	90	26	43	82	58	1	41	80	9	19	18	72	76	10	88	75	59	31	61	4	72	50	48	67	61	67	48	20	69	8	73	55	45	26	93	18	59	61	27	99	92	20	95	80	33	24	58	79	61	20	62	49	9	29	19	68	66	2	95	86	90	5	60	18	98	38	45	29	
49	47	78	47	7	57	22	39	67	17	74	21	49	9	35	32	88	51	8	36	93	26	57	62	78	26	97	82	57	34	92	12	77	15	77	71	32	22	62	49	21	22	50	2	69	71	70	53	6	78	24	50	81	16	72	20	98	96	88	14	50	79	37	82	94	42	97	36	39	37	93	74	24	70	68	53	21	79	26	69	65	75	55	39	97	27	49	23	62	64	71	67	94	34	27	7	18	43	8	83	27	47	1	74	16	45	61	49	41	96	25	50	85	93	45	56	29	8	47	20	88	60	77	18	88	76	97	17	75	63	87	92	17	89	77	66	7	89	68	13	51	78	57	91	61	99	49	80	4	43	89	12	43	93	41	4	94	61	49	17	36	90	33	34	17	42	51	1	55	82	86	98	21	17	57	4	29	48	80	55	69	3	48	18	45	16	58	71	62	44	70	81	72	11	52	46	99	21	37	35	
47	94	67	75	62	53	79	8	99	92	52	79	22	72	53	20	91	59	11	17	15	92	18	74	83	71	19	59	45	56	33	45	80	30	22	42	25	3	37	97	65	14	55	79	48	63	66	79	48	10	14	34	88	30	89	39	29	61	67	12	37	69	72	45	33	84	86	63	75	39	26	8	54	48	43	15	17	11	71	39	54	67	56	19	58	25	8	20	14	53	21	23	12	93	38	55	72	53	91	68	47	71	1	76	38	59	89	55	2	41	8	60	17	35	70	80	47	58	16	99	27	71	55	67	55	57	53	34	48	8	31	42	40	73	76	88	59	63	31	31	42	46	47	65	86	3	24	11	52	39	39	9	9	94	22	43	66	65	7	43	95	83	33	7	71	7	96	91	80	61	47	51	46	46	96	75	22	22	24	35	9	51	79	36	90	34	14	37	80	35	24	39	38	80	7	64	91	89	86	86	
78	67	45	83	99	6	66	56	18	3	23	81	39	58	99	67	26	27	93	80	85	86	51	97	29	32	60	91	23	89	4	1	47	16	61	65	90	49	86	77	14	59	48	76	43	15	91	95	62	9	28	6	39	24	23	89	98	91	54	95	63	45	30	38	63	29	8	35	28	59	28	43	34	69	36	43	8	48	12	66	45	71	51	66	30	21	3	74	59	34	39	96	36	67	45	77	66	90	1	56	38	76	75	93	91	7	65	4	46	75	96	78	68	12	48	82	84	97	81	91	83	12	37	55	96	35	41	61	50	22	12	50	71	78	21	85	11	25	9	17	25	40	86	3	78	47	96	75	89	93	8	81	12	78	50	73	67	1	5	8	47	52	17	30	43	51	24	65	68	90	80	87	24	18	84	98	71	50	72	10	31	25	9	20	5	53	34	20	95	84	61	85	27	89	5	2	58	87	15	78	
47	75	83	53	97	28	7	77	39	71	8	12	32	37	3	83	86	24	6	53	33	35	99	7	27	16	2	73	80	85	66	99	45	74	53	46	65	82	59	18	34	40	32	88	21	55	16	38	6	82	92	3	28	5	30	84	44	60	75	61	43	87	63	60	13	7	83	99	36	69	5	29	59	6	70	5	98	38	20	81	74	56	76	95	7	36	2	92	69	59	4	39	49	61	34	53	30	49	26	33	65	79	34	100	85	88	9	59	72	52	92	28	60	59	54	68	84	71	70	7	51	71	60	41	37	24	39	13	17	18	78	57	23	5	34	36	74	10	36	79	58	26	39	95	88	47	51	92	33	52	83	23	22	47	15	17	7	45	21	7	55	7	37	85	43	9	57	11	60	62	59	54	19	75	41	46	23	50	37	88	29	44	97	31	75	71	82	4	66	60	49	82	42	14	34	76	37	66	92	61	
7	62	99	97	97	76	53	98	91	45	67	55	44	97	21	27	90	22	56	84	68	84	44	5	3	39	77	34	10	32	24	87	93	18	28	94	28	80	10	61	79	15	36	11	35	23	83	64	53	22	38	93	97	42	86	55	26	31	70	75	33	66	80	71	10	96	19	71	15	44	31	41	18	27	22	55	55	57	46	52	30	10	16	46	45	80	20	34	75	90	78	9	21	71	40	16	5	28	90	11	53	26	55	36	75	98	83	74	53	51	8	43	97	6	55	74	23	68	24	97	78	73	84	60	41	71	71	100	66	7	51	10	90	54	43	85	39	26	9	71	14	44	56	96	3	17	75	82	58	82	91	82	80	4	95	96	28	9	69	48	14	18	35	48	54	50	66	10	87	50	3	72	28	54	20	51	32	70	3	61	95	12	42	90	65	53	52	1	83	63	10	41	55	1	87	19	74	23	85	85	
57	53	6	28	76	23	31	93	84	98	66	38	96	38	72	64	13	93	52	40	61	75	3	26	22	58	80	92	98	73	73	76	94	13	86	86	9	50	54	98	100	42	37	92	9	95	61	49	28	60	53	45	10	8	47	85	90	84	25	68	65	28	13	96	41	8	91	31	29	2	57	10	38	88	60	45	99	56	14	23	29	32	92	79	51	84	83	26	81	37	52	58	25	88	18	98	21	77	81	45	15	23	99	72	82	55	50	65	3	41	9	85	23	71	2	39	78	31	52	48	12	10	70	16	94	54	43	23	83	63	85	15	14	58	32	1	56	7	72	6	57	97	48	56	12	30	43	30	60	39	97	2	6	75	39	36	14	91	42	13	69	59	71	13	97	40	46	19	74	68	93	68	18	91	50	6	34	41	59	82	2	97	72	48	72	34	41	33	8	39	71	96	89	67	61	55	29	44	60	5	
22	79	66	7	53	31	71	90	95	24	58	80	5	91	36	100	7	92	63	28	16	45	10	33	13	54	62	8	72	32	1	63	29	43	57	34	91	28	82	83	85	51	90	55	25	44	17	63	93	30	45	73	61	35	49	38	23	74	13	85	67	70	24	30	19	88	85	75	86	69	52	95	29	28	32	31	22	20	11	84	51	16	7	99	93	31	54	12	31	75	5	83	97	19	51	35	66	37	40	34	35	24	89	100	90	73	96	9	77	32	8	67	88	59	11	6	3	8	98	49	91	50	67	59	82	5	92	10	46	31	69	12	73	55	22	96	85	58	93	94	65	22	39	36	11	76	33	71	88	11	68	14	18	38	59	90	86	21	55	30	99	63	85	43	58	55	14	71	39	10	63	16	58	47	73	84	49	1	73	77	2	98	44	83	81	49	20	73	30	32	30	4	28	8	61	47	82	60	8	41	
39	8	56	77	98	93	90	57	55	60	22	60	47	94	92	22	50	51	90	61	60	91	81	88	25	19	30	72	28	1	47	92	61	3	59	56	30	11	26	5	13	94	65	84	46	42	71	94	84	5	84	87	45	51	97	55	30	99	27	70	49	75	87	89	10	17	17	15	5	69	50	17	56	67	35	86	74	90	68	53	38	42	84	53	46	5	12	57	43	82	48	44	27	69	61	62	50	48	59	45	70	23	100	43	12	70	40	33	51	87	73	10	28	74	27	48	81	76	80	27	57	98	98	60	24	68	50	40	62	27	44	30	76	19	44	13	64	7	78	80	47	67	95	15	46	21	15	22	12	77	48	99	28	30	58	77	50	52	44	11	99	1	8	64	48	99	46	82	18	67	65	67	28	19	62	48	74	64	66	92	100	32	70	7	61	72	77	1	31	29	29	84	17	98	60	8	84	92	82	48	
67	99	18	39	91	84	95	55	84	5	53	58	45	19	97	73	14	34	52	35	8	87	41	28	59	37	69	55	97	32	95	24	27	9	40	11	8	63	23	48	67	35	73	15	77	99	7	91	48	33	36	84	44	70	21	81	85	12	40	30	99	52	69	39	66	81	35	72	8	81	82	38	51	39	88	12	44	80	16	20	57	82	89	54	87	36	74	60	91	99	78	38	73	23	60	53	75	5	93	33	34	14	68	10	38	54	4	29	40	23	100	11	77	79	8	88	84	1	25	79	21	33	65	75	97	72	46	23	91	68	3	54	57	79	90	48	72	70	9	57	7	50	21	51	97	19	94	60	100	73	4	37	89	23	95	58	7	3	13	100	15	39	21	17	97	29	63	28	6	97	15	33	99	96	96	24	69	37	8	36	50	4	97	71	56	92	89	58	55	2	73	5	60	86	67	91	10	71	12	93	
17	92	3	71	45	98	24	60	5	18	61	94	12	48	16	78	30	50	60	89	85	96	10	57	8	14	98	86	31	8	85	66	41	26	27	75	58	82	42	16	12	21	31	62	84	65	34	39	8	62	89	26	36	16	75	9	42	73	94	66	60	22	86	59	14	48	16	51	17	38	58	74	11	30	88	22	28	42	36	69	76	6	76	58	4	57	29	90	35	74	56	2	74	19	86	53	92	62	99	54	26	5	20	21	61	62	88	31	45	32	62	78	64	73	46	42	23	68	26	81	92	35	98	38	28	11	65	60	100	79	41	9	78	64	59	91	92	55	67	63	66	60	67	77	75	43	2	91	69	57	54	100	86	26	45	69	19	97	50	14	91	77	20	44	75	43	89	1	72	86	45	54	94	87	48	27	33	40	89	46	31	59	15	74	74	86	35	5	8	79	24	70	87	42	47	37	83	86	44	5	
74	52	23	8	67	66	58	22	53	61	4	60	22	8	25	41	3	95	71	19	18	76	57	5	100	75	58	86	12	35	19	99	39	70	31	76	59	71	26	65	59	19	7	79	59	20	83	20	26	77	50	1	60	46	51	14	91	87	60	15	62	22	2	98	90	8	92	12	52	46	35	33	79	46	46	7	10	16	56	82	86	32	19	99	98	9	48	55	51	26	77	85	69	85	30	64	81	40	87	85	32	28	25	99	96	72	100	33	82	7	25	75	30	73	19	80	28	81	94	50	93	95	20	4	22	75	85	28	56	57	33	87	87	34	44	26	99	88	42	1	6	75	76	82	9	74	30	94	68	59	32	15	23	64	49	15	36	58	86	6	36	80	14	38	69	57	29	98	50	5	86	73	36	15	21	5	23	39	11	15	5	93	48	20	11	9	10	25	18	87	10	27	65	68	69	59	65	16	84	26	
21	79	81	12	55	38	80	60	58	94	60	6	33	88	89	51	10	21	32	53	92	9	21	81	78	92	16	57	35	2	94	89	86	17	23	71	65	21	23	63	36	86	19	89	37	70	80	25	25	61	87	91	76	61	67	70	17	99	100	64	91	90	30	5	75	61	40	73	96	77	88	12	38	81	1	91	13	74	84	39	22	44	40	80	11	43	4	57	98	65	88	30	88	9	87	96	61	41	81	41	22	94	39	44	28	78	25	70	38	16	64	23	88	14	11	17	86	6	80	37	64	65	21	76	62	71	43	3	36	14	77	77	98	49	75	50	1	4	20	66	60	37	76	1	15	56	27	89	58	91	36	86	45	2	34	3	22	38	38	97	39	42	13	98	10	98	70	22	5	82	15	32	6	90	1	20	8	7	88	25	59	50	23	15	85	31	59	49	16	64	89	30	41	45	95	55	58	58	6	77	
49	22	39	32	44	96	5	47	45	12	22	33	3	89	17	40	48	28	93	97	57	28	22	39	30	26	4	74	45	29	62	54	20	81	81	24	82	87	21	45	16	29	36	34	65	76	34	67	94	64	44	80	100	72	25	46	24	61	54	75	63	90	24	73	91	72	59	22	21	66	27	66	4	3	84	59	80	48	97	53	15	18	57	73	80	69	26	61	58	32	96	73	32	83	2	20	58	10	69	77	33	35	14	9	10	82	100	9	22	46	64	17	88	32	47	96	45	68	32	60	64	47	34	1	66	34	12	89	81	43	46	60	14	99	99	73	31	97	56	44	26	89	24	45	94	53	56	51	11	11	15	63	74	77	66	92	42	48	65	38	65	74	23	39	33	82	36	74	96	80	90	82	76	64	29	17	42	80	25	91	29	62	72	40	54	94	51	47	64	90	32	97	86	57	53	92	49	45	7	6	
9	72	58	37	97	38	91	94	19	48	8	88	89	45	4	74	23	32	61	62	77	69	13	53	7	59	16	31	12	86	38	87	75	49	39	48	55	6	93	16	43	15	37	84	23	53	94	45	10	52	70	68	3	4	50	7	78	36	33	46	41	47	45	100	53	44	76	44	31	3	16	15	83	2	18	79	47	44	48	78	97	63	22	73	49	42	24	5	53	77	48	30	22	59	15	78	5	66	44	91	31	69	95	10	84	87	27	81	55	12	13	78	7	91	33	66	86	72	87	84	13	6	35	32	55	65	99	21	96	100	8	46	52	73	86	68	48	18	60	84	70	30	100	26	40	34	58	54	62	12	69	22	11	87	93	33	4	55	61	3	18	23	86	46	91	48	11	94	29	32	89	28	89	2	93	65	75	43	11	88	54	43	52	90	80	51	51	89	56	59	46	33	42	60	59	91	79	73	77	70	
35	53	99	3	21	72	36	92	97	16	25	89	17	4	64	20	88	61	54	32	49	57	88	99	26	51	84	5	67	33	8	7	92	34	73	8	15	55	8	92	64	34	5	97	38	20	40	53	9	16	1	71	91	97	64	69	80	11	6	100	71	82	71	21	95	90	33	80	10	80	71	29	24	8	9	22	82	14	92	83	44	61	60	71	8	59	18	68	35	4	89	99	23	50	72	38	78	45	80	58	33	15	53	6	3	91	4	65	80	10	88	66	32	17	88	36	78	9	28	74	97	83	85	38	87	71	24	54	42	69	41	60	59	69	40	14	24	89	91	49	94	78	65	13	9	84	33	30	19	18	81	15	62	51	26	50	81	90	73	92	55	6	97	8	35	27	52	32	44	12	19	2	62	93	29	55	28	42	28	17	97	94	80	39	22	41	81	45	27	38	64	98	87	78	65	51	73	60	99	34	
32	20	67	83	27	64	100	22	73	78	41	51	40	74	20	62	68	61	58	48	90	78	38	48	49	61	98	78	13	61	36	48	95	89	96	14	88	44	82	47	95	16	97	94	62	35	62	46	29	14	23	75	44	38	71	70	96	66	39	93	9	45	9	85	72	68	3	42	77	46	10	87	51	95	76	100	33	72	9	14	23	56	58	49	84	2	2	35	14	50	67	97	95	9	71	57	17	28	31	93	29	81	19	19	33	63	91	3	31	17	47	56	3	2	100	40	21	41	67	31	72	100	13	9	12	31	68	57	9	63	95	62	70	40	55	18	85	68	82	31	52	34	89	67	42	24	32	35	21	57	78	29	8	64	14	54	48	12	92	74	96	14	33	24	84	37	74	100	99	22	5	75	94	16	23	78	100	98	65	3	24	68	48	76	77	48	67	19	50	10	1	72	75	78	13	44	77	42	47	10	
88	91	26	86	90	13	7	50	14	30	3	10	48	23	88	68	3	17	76	98	78	100	95	84	83	43	32	69	21	100	52	75	92	65	74	15	70	66	94	49	70	7	8	17	42	22	1	64	16	33	84	44	14	59	4	79	14	88	8	2	40	75	64	89	72	85	100	71	65	76	33	71	53	61	93	64	99	65	20	51	40	85	82	26	29	16	90	83	87	18	49	53	2	83	82	72	20	16	69	55	13	59	91	75	85	86	21	59	61	59	22	8	18	13	78	60	60	68	58	8	51	42	7	71	100	100	72	83	71	6	59	31	97	36	5	85	55	30	12	30	12	83	67	80	77	97	44	94	22	79	45	20	15	70	85	20	12	93	14	3	23	75	26	35	28	30	59	43	83	79	33	33	57	10	2	79	58	64	68	59	62	45	22	17	5	1	48	24	54	39	14	37	74	43	20	49	27	38	65	13	
51	59	27	24	22	93	92	51	34	50	95	21	28	32	61	61	17	39	53	25	25	39	15	66	92	99	99	81	48	85	44	49	3	84	72	42	29	40	46	88	42	59	40	80	84	47	61	1	31	44	26	69	32	28	33	48	42	71	48	68	88	41	60	84	69	66	43	35	100	80	45	21	12	84	17	63	31	73	52	91	30	14	72	68	2	56	59	31	95	91	68	87	29	64	46	63	91	70	28	72	42	38	69	39	95	24	10	12	64	34	8	76	19	61	62	22	55	17	33	19	75	34	95	63	63	43	94	38	95	10	93	46	19	88	100	14	72	76	81	31	96	12	35	1	24	79	27	42	93	96	91	15	13	73	41	5	94	37	9	76	6	68	25	27	61	57	13	96	55	10	25	61	86	50	67	38	12	19	34	75	30	31	58	62	40	25	82	6	3	68	53	80	84	88	100	87	41	67	17	48	
8	11	93	6	56	52	63	90	52	60	71	32	93	61	54	58	76	53	37	2	52	7	43	67	49	57	98	21	38	45	88	76	29	83	2	17	79	100	62	46	80	66	60	57	34	63	8	28	4	83	99	7	30	64	7	45	75	1	33	95	97	27	34	67	28	62	43	80	8	51	5	25	100	20	93	32	74	16	53	40	34	45	77	13	82	83	77	10	14	74	20	11	1	68	35	47	90	91	11	4	7	65	14	53	20	56	97	57	26	44	86	85	28	67	71	57	34	49	35	60	64	60	13	74	60	93	75	60	89	100	83	2	85	9	92	41	39	3	59	3	15	70	59	74	44	59	64	38	67	59	85	27	85	97	1	44	31	39	88	37	67	32	31	48	55	70	67	50	63	94	61	34	29	5	39	19	85	3	87	2	47	1	2	38	14	6	53	28	43	100	99	90	54	56	73	58	65	63	16	17	
36	17	80	53	84	40	28	61	35	89	19	53	97	62	32	48	98	25	2	62	100	20	60	34	79	20	57	95	81	2	74	89	63	61	92	1	48	45	10	88	21	96	79	51	92	100	9	11	68	62	88	40	82	4	9	1	16	97	56	20	56	92	18	82	51	67	55	66	24	15	28	67	12	23	7	80	27	91	59	37	90	71	92	71	83	11	99	95	94	31	64	27	51	42	23	70	65	95	14	71	51	65	61	70	29	86	55	93	27	33	49	21	44	8	37	31	90	26	71	69	7	100	12	100	3	11	96	3	66	35	43	32	62	24	54	100	10	26	88	86	81	94	19	68	8	6	9	68	20	8	91	53	60	92	38	25	34	23	33	19	82	32	94	25	57	58	38	60	22	13	95	67	61	29	9	54	38	14	79	25	16	80	55	3	4	58	12	98	33	68	25	12	82	26	75	18	21	49	49	14	
93	15	85	33	68	61	16	60	8	85	18	92	57	77	49	90	78	25	52	100	54	48	61	92	89	81	88	56	81	45	43	64	54	10	37	4	63	56	39	5	56	56	80	64	75	81	73	48	2	62	73	3	25	3	63	42	80	59	3	14	80	74	84	66	22	71	68	82	68	98	68	85	43	23	23	70	27	45	26	27	79	16	5	81	36	71	67	22	92	65	93	83	99	67	3	69	81	13	49	94	27	43	85	31	91	42	99	20	58	10	99	19	85	85	47	73	64	10	67	15	26	98	69	39	100	55	26	83	78	69	38	87	20	65	57	100	72	87	13	68	45	19	7	11	43	76	99	67	50	35	2	47	27	80	30	63	43	37	29	10	39	54	21	43	64	59	25	78	90	15	15	89	59	85	28	40	20	61	95	8	62	31	68	63	91	55	9	7	48	25	23	2	89	91	86	4	85	74	14	92	
26	92	86	35	84	75	45	91	87	96	76	9	28	69	57	78	100	39	7	20	48	8	67	66	88	13	35	87	55	46	86	16	94	41	35	12	22	67	89	47	75	6	15	34	100	57	97	46	17	100	6	48	86	12	98	73	97	4	43	89	4	37	35	54	69	51	47	25	14	74	72	72	27	16	9	5	48	19	72	18	65	57	10	10	70	88	12	43	72	21	58	9	74	79	83	100	100	28	62	16	10	73	18	15	76	8	44	86	76	94	35	60	17	13	79	42	83	19	25	85	7	35	83	40	27	3	48	38	14	54	19	46	52	25	24	4	91	3	72	43	51	92	51	52	55	67	10	80	1	9	3	9	41	26	59	20	4	84	77	39	27	44	21	6	48	93	56	45	8	4	60	41	4	95	13	61	77	49	81	49	65	30	14	100	80	44	78	40	94	60	89	3	59	47	11	63	23	17	94	16	
57	18	51	99	44	3	10	81	41	10	57	21	22	13	88	38	95	15	43	60	61	67	36	68	57	19	44	56	94	14	24	55	30	34	93	84	59	62	18	2	77	90	57	2	71	62	89	36	28	9	33	12	12	94	40	21	19	26	44	45	13	26	24	88	13	54	84	6	47	26	5	42	47	5	88	24	67	71	89	3	38	39	9	74	64	76	64	53	55	78	66	20	64	90	73	35	46	77	58	52	59	49	52	52	97	58	87	13	80	12	40	30	2	38	6	78	40	43	88	70	12	87	24	97	9	96	90	14	81	5	96	11	54	4	51	27	33	73	50	74	12	45	23	84	36	98	65	83	50	91	93	67	82	96	83	85	72	11	51	9	60	30	6	99	24	25	16	100	96	97	17	42	36	26	36	54	26	2	24	38	29	21	61	95	7	72	13	3	19	23	80	70	99	37	95	30	97	21	15	66	
62	74	97	7	5	26	33	88	28	57	5	81	39	53	99	48	84	66	67	34	92	66	68	31	51	100	49	20	94	58	39	27	84	60	58	11	33	46	90	67	96	99	32	22	46	53	84	38	12	39	10	73	95	14	39	41	60	49	33	2	34	7	96	67	49	73	85	64	15	20	99	29	82	20	25	24	80	95	85	39	13	56	51	25	33	56	58	77	70	19	32	95	29	90	13	26	99	11	52	90	5	22	82	58	100	14	42	95	59	71	99	37	86	9	68	65	56	35	77	78	49	87	55	90	60	3	43	39	27	40	13	100	60	77	60	32	35	58	97	20	57	26	15	36	63	86	84	71	2	56	14	76	22	93	56	46	38	8	26	86	1	17	8	16	96	65	20	55	63	40	15	51	2	51	91	1	15	62	26	81	88	43	71	13	18	93	71	37	81	52	68	7	58	86	40	84	42	9	92	72	
78	83	29	27	3	22	13	25	59	8	100	78	30	7	26	49	83	92	49	79	89	88	57	51	15	47	81	38	21	46	96	55	40	55	21	2	9	70	3	78	21	52	66	2	26	31	88	94	82	81	14	7	44	20	8	37	78	55	23	75	46	84	73	96	88	53	39	87	81	81	38	83	92	53	58	62	37	33	29	22	40	89	62	91	56	45	64	36	28	86	9	100	79	75	75	6	60	99	50	91	13	8	22	46	72	94	75	46	55	68	1	71	71	80	65	88	84	30	59	13	65	28	65	30	18	48	35	29	80	99	32	25	11	28	95	87	32	58	97	74	69	5	17	89	95	11	62	83	22	93	99	61	71	37	71	100	67	23	45	18	40	68	42	27	4	61	64	38	32	40	72	58	6	43	1	4	45	38	90	95	39	87	20	7	28	89	18	92	10	41	48	42	9	9	36	85	90	48	19	23	
26	71	32	16	39	58	54	19	37	14	75	92	26	59	51	61	43	99	57	20	81	13	19	100	47	21	4	80	57	53	54	98	43	100	90	60	48	60	49	42	22	15	6	27	88	90	92	49	6	71	33	46	64	81	89	19	54	85	17	66	29	39	89	83	58	44	97	43	87	35	27	96	37	44	81	77	12	52	60	90	72	44	41	63	2	51	87	38	65	1	80	47	2	99	69	8	98	36	23	8	99	7	61	92	62	4	40	3	25	58	88	45	45	72	40	36	2	23	89	34	42	29	20	7	87	22	18	92	77	40	52	11	91	85	81	44	39	14	34	64	50	18	83	46	99	4	72	93	11	60	96	92	14	53	31	97	70	43	47	85	32	94	22	77	41	8	40	1	85	36	5	28	43	59	96	93	6	19	10	16	67	42	71	14	6	17	10	7	99	70	67	65	19	26	78	8	83	57	10	70	
97	19	60	2	77	80	62	30	69	98	58	16	4	16	84	98	32	99	98	57	88	35	44	49	81	4	52	62	73	37	30	16	62	32	56	2	96	14	8	62	5	5	7	19	25	22	23	44	44	28	5	87	36	74	46	79	11	67	96	5	66	26	58	25	53	80	100	96	3	87	49	63	86	60	4	93	74	78	10	27	93	82	55	23	2	35	61	8	79	59	74	6	69	22	50	87	17	65	17	13	51	36	58	1	81	24	87	54	3	36	57	77	47	78	98	81	53	6	52	32	43	77	14	12	54	30	60	54	5	86	9	72	11	23	97	84	85	53	77	70	68	95	96	95	29	21	47	2	30	68	6	53	44	60	82	84	57	52	11	70	39	87	17	7	82	85	3	30	47	35	42	14	84	25	36	62	12	54	70	3	61	31	67	93	39	91	10	25	3	82	87	3	6	26	85	98	13	52	96	24	
82	59	91	73	34	92	8	72	55	86	86	57	74	31	5	78	69	81	21	95	56	87	56	20	38	80	62	86	99	61	13	40	31	36	57	99	17	96	5	68	23	67	71	50	37	38	31	48	29	54	13	44	61	46	76	52	59	19	56	38	12	46	96	83	61	44	69	21	56	77	88	6	52	64	46	94	44	14	46	98	5	87	32	97	33	96	89	23	72	22	88	90	42	82	85	66	32	71	74	28	50	18	2	46	64	71	41	29	42	96	24	100	55	7	68	83	28	48	84	48	75	50	13	17	50	79	47	27	74	45	60	25	97	14	88	94	78	44	21	73	72	8	49	28	100	99	50	64	9	75	22	91	92	8	8	2	41	43	30	97	85	95	49	54	63	76	34	78	4	94	30	89	76	63	7	83	48	2	5	16	13	39	89	68	42	88	74	71	84	51	75	58	17	82	53	6	85	74	10	88	
57	45	23	80	10	98	72	28	97	31	12	35	45	12	67	13	21	48	38	81	81	55	94	94	21	57	73	99	20	32	70	49	98	9	42	62	71	17	93	33	54	28	14	20	74	58	19	54	69	3	30	88	30	20	99	47	93	81	36	82	76	43	99	54	90	72	87	15	61	93	5	26	64	49	43	70	99	57	44	73	49	84	87	84	3	3	5	5	52	10	98	77	77	79	14	92	68	17	26	34	49	26	50	84	94	22	10	18	81	7	57	53	91	52	32	63	32	84	59	43	88	45	3	22	36	72	58	30	86	90	82	30	84	69	23	1	44	36	2	70	66	12	78	4	61	20	5	39	95	76	94	76	77	56	48	5	42	83	5	12	87	3	14	100	63	93	62	45	12	87	19	55	94	61	98	18	60	79	10	83	63	55	69	46	52	9	93	49	14	23	53	60	95	80	5	57	80	23	33	71	
34	56	89	85	32	73	32	1	32	8	35	2	29	86	33	61	100	85	45	2	45	46	14	58	46	53	37	61	32	5	78	68	89	22	26	90	74	13	21	50	31	61	23	50	89	5	34	72	78	91	26	1	38	81	59	85	2	43	79	54	64	49	61	11	75	33	53	18	10	70	4	3	71	12	45	81	43	22	23	88	8	40	58	14	100	47	94	60	88	12	6	40	34	91	32	93	71	11	71	17	92	21	69	51	69	31	79	14	66	49	90	22	11	17	86	43	34	64	21	78	39	31	1	97	92	54	83	9	28	89	32	65	12	29	67	14	94	59	100	31	80	16	51	67	92	49	55	35	47	71	38	11	21	51	3	71	10	25	65	70	42	34	10	35	100	11	1	34	79	7	14	53	63	80	19	67	51	59	81	80	97	68	40	72	35	86	56	38	66	3	91	59	26	50	79	22	88	60	5	55	
92	33	4	66	24	73	1	47	95	85	19	94	62	38	8	36	52	44	88	74	43	86	24	39	96	54	30	13	70	78	47	88	51	79	100	76	43	98	99	80	69	7	3	18	69	40	35	16	31	56	92	30	47	96	22	18	96	70	57	54	8	43	80	87	14	77	95	62	69	48	32	24	41	19	66	9	9	6	83	78	96	6	59	89	42	80	46	69	29	12	26	24	15	90	100	90	52	67	90	24	74	12	94	21	69	24	27	94	81	40	50	64	64	60	17	78	77	79	64	28	69	29	47	39	36	24	72	93	13	97	60	43	75	10	55	88	87	71	33	81	69	46	25	91	44	95	85	44	36	7	36	48	97	21	55	52	6	28	100	59	70	17	86	80	54	5	63	42	85	100	61	8	79	76	33	26	45	14	85	80	53	22	12	42	11	36	77	1	62	92	71	61	31	17	96	42	58	73	20	1	
12	45	1	99	87	76	63	92	24	66	99	89	54	87	7	48	75	49	76	89	64	16	55	27	55	98	16	40	49	68	88	22	19	16	58	2	14	27	3	54	73	11	45	86	11	27	15	59	23	18	99	17	58	100	74	70	89	36	75	91	86	67	55	45	37	4	72	82	99	8	2	1	58	93	18	80	6	37	15	28	54	36	62	77	79	95	63	62	70	22	51	94	39	47	75	53	63	9	58	99	17	57	69	13	56	75	78	46	63	82	32	38	94	21	46	7	96	51	72	91	44	24	70	94	69	89	25	7	69	12	9	10	51	84	3	90	78	24	55	59	52	16	99	29	70	52	63	3	90	67	41	29	50	30	11	26	93	14	49	47	81	16	40	7	15	52	24	57	92	17	75	71	89	11	66	4	2	62	33	62	46	81	61	45	36	15	42	40	79	97	2	82	26	48	1	38	28	81	46	32	
77	80	47	45	93	94	29	61	27	41	39	86	20	75	92	95	92	3	29	63	54	94	30	84	40	43	62	31	98	89	51	19	40	36	38	38	33	16	86	69	28	85	13	98	94	97	66	94	11	88	66	74	96	62	52	41	14	25	32	43	76	26	74	93	14	44	62	67	4	41	21	24	6	14	7	98	15	58	73	1	76	52	98	72	2	15	89	97	58	24	4	14	29	19	100	20	13	12	47	36	99	20	47	98	60	63	52	3	30	56	69	33	10	86	10	94	48	45	48	44	27	36	84	3	18	97	76	80	3	58	28	14	28	22	56	73	18	65	15	23	53	91	63	49	42	64	3	63	15	41	64	100	39	6	12	56	51	36	73	67	23	74	16	23	85	58	94	62	62	17	44	34	82	52	15	28	3	98	59	61	73	37	5	69	37	47	66	12	55	4	51	99	61	58	14	39	59	77	15	86	
15	30	16	74	18	13	43	3	9	26	70	17	81	49	34	89	65	84	83	61	10	41	34	60	55	100	32	36	9	22	79	16	36	24	87	5	70	33	58	80	2	75	50	43	36	16	54	35	48	45	28	30	46	68	46	3	42	98	45	58	52	6	12	26	17	9	83	16	84	42	41	12	56	33	23	3	16	3	87	6	87	69	94	2	81	84	46	63	83	18	84	26	65	52	48	18	94	18	86	34	97	84	90	52	39	33	64	10	82	14	21	63	22	72	98	1	70	74	35	40	1	24	10	76	2	33	42	67	72	49	42	15	36	25	32	1	98	30	38	15	52	57	26	14	43	78	64	24	87	84	59	96	21	69	2	87	1	52	28	80	19	87	82	99	82	14	83	6	88	32	29	68	99	64	15	31	35	100	30	36	30	57	4	2	62	70	95	11	24	13	92	80	15	86	40	5	87	86	51	13	
77	22	61	53	28	86	57	59	40	27	31	23	81	39	73	96	74	72	2	92	37	35	93	58	21	90	56	57	42	26	100	58	38	87	69	18	28	55	31	41	45	14	63	9	10	3	30	72	41	45	46	82	73	46	72	2	5	36	29	48	60	43	67	54	66	9	33	62	26	57	12	56	1	55	60	48	14	16	27	33	8	45	98	95	44	51	80	80	11	23	44	57	77	87	73	84	34	9	94	39	68	7	45	7	58	6	92	43	57	37	12	68	93	62	51	45	72	70	51	91	73	44	57	37	46	89	60	68	61	54	24	62	18	57	9	2	84	50	34	91	14	96	8	35	28	78	89	95	82	95	39	43	76	60	35	60	86	45	11	70	48	99	65	69	2	89	66	14	91	12	23	65	30	36	31	93	70	9	99	15	67	39	66	29	59	80	37	34	17	41	61	92	26	6	91	19	75	46	68	63	
71	42	65	46	94	86	34	56	11	75	76	71	24	48	8	14	15	42	17	1	4	12	84	11	2	60	2	99	62	90	76	2	38	5	18	49	17	35	5	96	10	83	72	1	71	73	3	46	84	81	85	76	35	14	94	55	2	32	20	50	7	14	14	87	22	55	72	94	11	42	54	86	6	11	90	26	91	51	25	4	68	55	78	30	89	7	77	75	78	40	21	41	100	82	16	30	61	84	78	87	40	4	32	66	37	92	58	63	46	52	13	22	50	11	99	69	6	85	1	55	16	26	50	68	28	77	29	78	83	22	56	5	81	60	87	79	95	1	41	16	49	56	86	68	19	27	48	64	5	98	88	46	90	74	44	62	69	25	52	8	88	8	39	87	97	85	98	43	84	95	90	65	93	29	1	94	76	84	71	30	64	6	20	24	11	3	44	81	75	11	65	33	55	40	89	52	53	97	29	6	
32	25	90	65	28	9	91	30	8	58	59	65	82	55	15	88	70	29	79	48	63	22	59	33	9	48	96	17	71	74	43	14	33	70	28	17	72	77	55	37	25	58	12	48	19	50	55	75	33	46	28	18	80	58	51	40	82	18	64	48	41	72	9	13	43	35	31	24	100	50	9	13	98	92	100	14	58	95	37	70	63	100	40	31	43	6	89	53	22	65	1	37	11	97	19	96	49	9	54	11	100	27	31	72	56	30	43	29	64	76	25	10	50	80	93	5	73	79	8	79	98	96	74	51	25	41	33	5	7	38	14	29	12	49	18	8	39	60	64	87	6	37	58	100	99	93	6	67	66	41	24	57	64	95	2	69	1	73	50	45	27	30	4	58	48	100	8	52	55	7	68	72	65	13	57	13	85	67	92	76	42	69	58	69	72	61	60	79	70	98	75	10	27	73	53	89	91	3	48	7	
22	3	49	82	80	50	28	11	63	82	71	21	87	6	55	44	66	40	100	45	56	67	62	46	70	60	14	96	17	13	98	27	16	33	55	35	77	11	13	8	46	55	57	46	28	23	97	55	86	59	66	77	48	48	29	33	28	82	23	49	27	24	11	28	14	25	98	30	67	14	70	47	94	60	91	3	54	52	95	37	95	56	17	84	76	57	71	44	10	23	98	5	28	58	95	53	68	35	95	89	26	69	3	92	21	32	31	11	6	58	73	30	37	99	15	53	53	63	12	85	97	4	99	61	4	90	1	15	73	79	61	79	9	22	49	54	2	37	20	24	46	39	67	84	99	100	33	11	35	85	84	55	63	82	85	11	52	24	1	16	60	55	81	69	89	95	46	75	46	90	76	92	11	78	1	83	27	16	53	22	11	18	58	27	15	10	38	38	68	53	49	72	85	79	19	56	12	62	74	45	
62	37	86	59	10	54	82	26	23	42	26	23	21	93	8	82	94	46	62	10	39	89	18	90	3	49	8	5	93	21	99	3	86	58	31	5	55	13	98	13	28	33	95	32	30	98	16	64	80	12	2	27	74	81	30	76	30	21	2	53	30	20	41	92	78	6	26	85	12	92	47	57	56	60	69	81	14	43	40	28	38	17	2	50	87	58	32	79	50	39	13	100	95	16	49	68	4	11	27	99	69	40	12	50	81	28	34	55	10	35	93	92	98	67	4	37	90	51	45	56	13	67	4	59	55	17	65	41	40	16	54	81	52	33	27	2	44	38	84	76	4	82	98	53	54	27	26	1	86	83	29	55	31	76	80	90	21	69	41	48	60	99	65	14	76	91	47	46	15	6	88	74	88	39	92	31	25	42	49	72	67	9	19	55	36	45	33	28	12	17	66	15	55	44	26	70	98	65	14	90	
49	97	77	18	61	98	83	5	48	16	65	63	45	16	92	47	49	88	46	88	5	47	2	67	78	42	62	68	33	50	80	54	69	80	41	96	37	8	13	90	22	53	63	66	17	42	29	21	44	10	20	43	87	77	35	75	3	42	21	35	76	94	38	9	87	75	45	41	36	17	3	66	48	7	98	92	94	24	72	97	57	96	81	26	34	97	95	6	45	25	56	45	29	7	100	37	24	6	39	65	23	69	68	96	51	22	26	93	53	30	72	53	32	34	32	21	58	35	11	97	75	77	69	40	4	36	60	75	49	3	48	20	35	84	61	10	80	46	98	61	87	3	27	100	71	43	89	80	85	79	12	89	83	26	23	56	93	31	25	64	47	45	25	54	57	30	27	13	23	48	41	62	87	80	95	50	17	53	5	76	38	7	20	95	25	73	61	63	93	72	93	98	60	38	99	36	25	85	47	66	
21	65	14	34	79	100	85	13	67	12	59	36	16	43	64	95	70	42	80	21	56	75	77	96	21	22	5	23	54	31	69	73	28	2	45	10	25	46	28	22	34	68	73	43	5	83	3	92	17	84	65	37	4	83	81	86	71	25	39	26	98	3	95	95	88	13	96	64	35	33	41	1	47	37	78	55	48	81	41	91	4	58	64	94	55	62	57	34	72	60	76	97	53	68	82	83	13	54	88	82	48	43	47	8	2	43	77	10	88	70	82	67	49	9	32	42	87	50	40	36	97	29	9	35	43	95	92	57	76	1	74	70	81	37	18	94	42	58	18	23	23	58	88	61	7	39	14	22	35	32	32	82	75	47	59	21	71	46	43	74	85	30	86	5	69	49	50	16	47	26	57	43	62	53	57	90	58	44	90	23	86	93	75	33	60	2	73	13	41	32	9	80	44	9	65	21	79	66	80	90	
22	14	59	40	15	42	51	94	35	21	19	86	29	15	34	16	7	59	66	96	56	6	90	99	52	15	5	67	28	61	7	11	85	75	14	83	58	55	33	53	68	53	10	4	29	11	7	8	72	7	77	52	8	54	40	43	99	92	19	54	7	71	98	51	51	58	44	65	79	41	37	57	24	99	14	73	84	55	68	21	16	55	48	69	54	66	43	46	83	92	30	17	75	77	12	99	12	63	70	3	71	96	3	92	73	41	44	19	78	7	72	21	18	54	50	31	2	72	90	29	54	74	7	1	26	31	67	38	51	10	54	42	26	12	94	31	19	2	16	43	81	95	98	69	5	96	93	9	4	27	58	8	50	18	44	54	36	19	85	27	67	64	56	6	33	66	42	95	31	69	33	42	60	8	8	61	47	54	10	58	2	89	69	7	66	37	18	38	42	34	65	32	3	78	66	42	54	6	60	86	
50	55	48	32	36	37	90	65	73	31	7	19	36	37	5	97	8	40	60	79	80	15	57	32	66	6	7	71	14	23	3	45	13	50	63	72	12	57	95	63	73	10	78	23	43	47	43	94	18	53	81	33	17	28	40	41	34	35	70	100	49	9	65	92	2	83	91	89	92	99	86	47	15	91	99	44	9	36	55	57	12	46	38	8	77	15	92	87	91	81	34	21	6	35	37	69	24	48	12	61	31	7	98	37	90	82	71	52	40	72	34	18	63	6	71	5	81	33	15	92	17	10	40	70	73	91	82	57	91	43	94	45	37	60	1	76	90	38	35	56	84	14	85	79	89	87	88	24	82	89	78	53	100	8	9	95	39	14	65	95	55	35	50	91	4	35	55	18	4	56	30	19	18	30	30	18	18	24	67	98	80	47	88	70	28	54	14	52	15	67	97	75	81	2	44	5	31	80	24	37	
2	79	76	88	11	92	55	84	15	62	79	89	34	84	97	94	17	80	57	51	64	34	2	22	2	27	19	50	20	50	18	86	98	43	9	1	48	46	32	66	43	4	23	82	5	87	13	81	8	41	13	19	32	47	44	61	50	61	58	68	58	68	21	71	94	85	22	64	58	67	49	75	15	17	61	41	8	47	51	99	40	12	32	83	76	33	53	53	8	42	22	94	73	81	44	6	84	81	32	50	69	11	2	22	83	37	4	84	51	59	86	86	30	40	39	30	47	75	37	91	4	79	89	48	87	25	10	29	41	50	92	24	33	90	89	17	40	58	94	76	10	92	33	89	4	98	28	5	24	89	91	72	2	79	48	78	88	56	99	45	64	25	99	14	91	36	37	66	20	5	82	41	25	2	1	92	24	85	22	34	19	21	58	91	31	26	74	14	76	83	26	84	99	51	89	61	6	9	6	39	
69	48	43	21	35	9	25	46	77	84	59	37	65	23	38	62	42	84	34	92	75	100	71	46	26	88	25	37	74	89	69	11	94	36	10	71	19	28	30	17	5	29	43	5	12	99	57	89	6	85	28	75	63	48	22	62	67	99	63	57	50	28	46	49	6	68	63	1	67	50	60	53	9	58	38	4	73	62	40	34	29	33	99	81	32	2	73	85	87	62	65	15	48	47	1	43	92	44	99	51	42	68	98	92	28	89	78	100	67	77	16	18	46	56	97	76	88	88	31	1	62	46	53	36	13	58	63	67	66	55	58	74	41	19	86	24	3	82	75	21	82	21	54	93	1	35	36	62	95	91	6	63	60	82	22	4	58	42	81	49	14	70	40	67	66	34	25	7	77	2	1	13	52	95	30	32	95	72	5	28	79	27	74	28	47	76	85	96	78	85	8	82	64	41	11	39	7	21	50	62	
71	63	15	55	23	95	44	42	99	65	20	70	76	53	20	35	22	47	63	100	81	57	62	53	31	90	22	38	58	5	40	27	97	16	3	73	50	23	98	42	83	11	47	87	99	33	72	19	11	82	89	18	40	99	82	43	25	15	38	68	6	13	82	88	96	99	44	76	25	54	19	61	16	26	2	75	3	42	43	2	9	93	58	39	22	49	10	28	41	66	99	20	13	32	34	85	28	95	48	42	17	67	30	27	81	90	95	93	61	10	57	14	75	49	19	40	64	53	34	69	61	21	91	90	51	18	30	78	6	61	85	59	42	66	51	99	41	31	28	50	8	51	46	75	30	84	28	91	2	44	32	83	60	80	98	18	27	46	80	25	47	13	38	77	67	91	59	23	76	15	29	95	88	94	92	99	71	87	95	40	80	75	74	63	24	54	80	94	49	23	53	89	76	30	61	82	21	20	35	47	
70	66	91	16	83	61	17	71	7	34	83	80	34	94	40	62	1	61	8	9	73	97	89	84	88	92	23	31	19	34	35	15	66	54	30	3	55	97	16	29	3	7	43	13	57	72	39	70	6	49	6	46	1	29	54	57	73	65	71	81	62	75	35	62	57	19	67	30	89	95	11	19	89	66	9	23	9	89	74	31	24	87	41	45	96	52	84	71	51	89	77	86	50	19	78	70	29	42	74	73	95	5	59	47	76	31	50	59	97	34	18	66	35	78	92	59	12	50	10	63	39	59	53	4	87	26	72	28	33	87	39	28	82	12	40	57	1	62	59	21	4	57	78	41	11	88	74	94	90	2	74	56	85	52	28	92	30	66	15	55	94	63	7	51	12	90	45	13	92	63	93	63	88	44	82	62	61	43	32	100	62	61	95	26	58	78	3	81	4	81	89	11	12	84	68	83	39	94	8	3	
53	79	95	38	64	49	63	94	91	39	20	25	67	45	53	46	64	1	28	11	48	46	36	38	94	49	44	48	54	72	16	59	94	35	72	46	75	55	64	21	92	8	94	81	89	19	70	30	61	42	17	84	47	16	28	9	81	67	8	96	93	67	80	83	73	4	6	85	88	53	56	19	9	72	72	48	67	81	30	10	64	69	59	35	68	45	73	48	42	83	11	16	70	52	92	2	19	20	32	92	58	82	75	25	5	40	66	62	58	89	64	36	39	39	81	91	65	86	67	84	66	71	84	41	70	8	53	40	99	14	22	90	37	31	92	71	95	71	45	70	69	88	78	47	1	65	17	32	32	84	75	24	69	17	98	60	57	24	61	19	61	16	48	61	88	40	81	97	8	19	57	45	24	52	72	60	55	32	15	43	25	66	89	62	91	54	80	79	21	78	51	94	86	58	92	80	62	14	75	30	
6	48	62	6	53	28	93	84	48	8	26	25	94	10	9	29	16	31	4	68	2	17	28	12	82	6	44	29	69	78	31	23	11	48	41	84	33	86	80	44	17	72	18	8	6	11	6	61	38	60	46	60	76	43	80	26	30	54	98	85	92	28	78	12	83	76	50	24	64	83	43	99	78	24	85	9	20	78	43	70	71	65	3	12	30	72	55	59	69	22	1	10	12	27	36	63	21	89	79	30	96	49	97	30	91	74	75	87	78	85	41	20	92	57	41	5	81	60	54	67	95	22	45	87	46	34	61	25	89	63	23	77	65	52	80	70	4	93	75	21	100	53	18	6	31	81	62	13	37	60	36	54	4	11	27	5	52	58	38	42	94	63	61	65	7	76	44	27	63	96	54	66	28	33	71	80	23	12	40	28	72	95	51	87	5	91	97	51	50	1	4	46	80	16	78	69	45	16	94	11	
78	10	9	82	22	60	30	5	33	62	77	61	64	52	16	14	33	44	83	62	62	100	9	39	81	71	28	54	3	91	56	18	88	45	45	81	46	59	12	10	84	7	53	41	85	82	49	42	60	5	38	61	13	57	30	84	32	74	21	89	73	75	21	89	73	77	47	98	62	15	17	44	63	72	11	85	13	73	61	9	89	37	41	27	19	12	91	13	38	90	7	42	40	46	93	42	55	12	27	48	78	23	66	95	36	40	18	61	30	52	72	5	95	42	25	59	79	34	40	56	34	82	64	18	37	84	74	74	93	93	49	79	20	21	75	47	24	18	86	66	77	79	21	44	52	38	53	68	41	23	67	58	14	71	23	93	18	71	27	3	7	51	4	64	94	26	82	33	12	81	54	29	62	75	49	19	66	58	18	67	75	21	72	38	1	19	1	58	11	12	44	69	25	9	69	23	85	64	93	93	
24	14	28	92	38	53	45	84	36	89	50	87	44	70	1	23	84	26	99	88	73	6	33	10	14	33	5	13	30	26	92	99	66	28	46	85	28	66	2	20	65	77	81	13	28	89	6	17	46	38	13	76	36	62	96	94	45	15	85	40	8	92	60	71	15	1	18	51	43	61	51	99	51	19	67	50	44	8	47	38	37	98	26	11	91	97	39	29	15	13	18	31	4	94	83	83	24	2	33	52	31	22	42	99	23	40	91	19	36	77	46	95	2	52	59	75	83	15	85	17	16	82	50	11	27	85	32	15	20	52	6	11	100	94	1	66	13	88	87	62	5	58	59	86	52	42	64	80	100	18	98	18	3	18	100	93	34	9	80	17	83	80	43	76	70	52	91	84	42	14	100	60	12	65	38	50	58	52	4	73	95	11	49	56	79	39	86	38	12	73	8	33	28	14	79	8	65	60	23	16	
50	34	6	3	93	45	73	87	84	26	1	91	80	68	71	75	44	69	7	40	3	48	12	73	7	46	87	44	88	1	30	17	74	30	82	76	18	77	27	43	37	52	33	19	75	18	46	84	60	61	76	92	63	37	15	92	83	83	13	39	48	3	16	54	46	88	65	33	5	94	80	59	49	14	83	37	40	61	78	11	25	33	81	80	7	23	49	4	5	29	72	48	61	30	62	6	35	14	60	5	92	66	14	61	46	35	26	93	7	24	60	29	85	21	34	50	45	40	69	81	86	48	57	31	58	49	18	67	93	44	4	72	80	74	99	77	20	41	63	64	49	59	31	61	89	23	84	73	38	44	32	98	48	4	87	45	29	52	26	5	96	20	92	14	39	82	10	31	68	51	77	25	70	65	26	54	17	24	31	60	52	50	64	6	18	56	85	29	15	73	59	27	15	10	6	52	86	42	3	10	
81	88	39	28	97	10	61	45	44	36	60	76	100	3	91	44	14	32	30	82	25	86	12	95	44	64	36	61	30	38	47	58	96	46	73	35	80	48	74	87	4	8	17	32	63	40	1	47	76	13	36	63	36	24	47	67	66	63	64	71	29	48	44	29	83	20	74	54	79	57	38	45	44	55	94	32	50	89	26	87	67	65	74	61	69	52	99	44	9	87	88	31	34	64	21	69	13	37	14	76	32	2	56	39	33	35	16	58	49	2	63	46	9	22	2	64	29	79	69	92	24	53	77	29	56	12	25	40	70	82	5	26	57	93	13	52	81	93	84	34	77	73	90	70	99	80	72	60	31	13	12	95	81	67	1	53	99	55	72	35	39	64	81	62	16	52	64	41	58	26	42	81	49	10	13	27	17	15	98	6	71	63	21	97	25	69	37	48	13	57	29	49	98	65	52	51	50	45	34	14	
16	30	24	5	42	8	35	51	70	16	46	61	72	4	97	38	59	28	64	4	3	12	94	14	20	81	74	46	20	81	96	100	62	68	46	14	58	48	81	77	83	54	28	47	48	99	29	16	43	57	62	37	24	82	28	93	45	38	65	35	71	86	81	68	76	45	61	84	37	17	5	99	38	32	47	76	79	94	61	23	46	7	17	66	68	73	78	56	72	36	1	13	39	21	89	68	25	27	8	93	43	91	60	47	78	2	67	12	28	57	94	7	97	5	58	2	76	99	61	56	11	6	73	65	100	7	67	16	46	84	46	92	79	86	99	83	50	96	13	38	36	100	11	33	92	29	77	24	11	88	93	94	38	60	73	87	66	75	3	67	23	66	63	85	58	74	62	55	3	68	49	18	21	4	1	90	87	30	90	8	72	32	42	15	96	89	100	68	10	20	73	91	83	74	71	97	71	31	10	45	
72	89	23	30	86	47	49	97	21	75	51	67	25	50	64	71	4	33	7	9	63	98	40	39	8	89	46	76	99	59	22	74	52	46	72	94	51	29	30	35	81	40	40	44	22	82	54	28	80	30	96	15	47	28	15	39	92	67	21	47	27	30	70	60	46	9	62	34	75	87	31	25	34	23	19	76	81	60	28	78	68	4	91	93	29	1	33	54	51	59	62	80	39	42	23	11	58	1	21	85	99	73	99	45	74	85	91	95	31	94	95	44	97	78	1	46	87	69	45	83	61	76	88	9	11	62	91	18	67	72	24	87	27	43	43	99	94	42	77	66	100	6	94	70	68	57	92	58	39	92	38	48	40	50	59	16	46	45	41	15	54	8	28	94	89	86	60	89	9	10	35	81	1	73	65	66	38	67	98	21	3	88	37	86	45	48	24	85	80	7	80	73	90	10	24	52	78	40	25	66	
20	39	89	84	55	85	38	55	81	9	14	70	46	7	69	70	79	48	45	1	42	73	21	41	37	19	79	52	47	85	18	70	41	3	2	55	40	33	76	75	86	43	41	61	62	43	57	9	26	84	94	92	67	93	39	61	66	100	2	11	6	63	81	12	73	33	44	38	33	7	86	54	43	17	47	71	68	61	84	99	19	62	82	66	82	92	83	76	26	83	60	44	59	37	10	69	66	78	45	36	22	89	39	28	40	34	27	65	67	89	27	56	36	97	23	16	87	34	60	55	87	33	88	24	76	31	54	87	50	50	2	25	11	74	47	25	19	43	34	18	56	33	82	35	21	37	90	19	87	85	45	84	39	39	2	71	34	59	40	41	26	29	6	55	18	76	25	17	76	36	17	75	86	38	80	31	72	30	17	20	3	98	94	89	6	92	82	31	33	14	14	20	75	52	97	65	18	79	50	68	
98	29	98	44	26	90	23	30	85	42	91	17	24	78	80	96	14	42	75	16	80	97	19	60	78	54	11	59	93	2	96	89	14	42	5	2	82	28	30	3	71	99	34	50	67	25	73	81	30	32	45	83	66	45	92	66	96	55	10	61	53	57	99	27	36	82	95	6	83	19	12	40	2	19	44	92	64	39	18	89	41	8	7	76	50	36	22	24	1	40	11	44	55	5	30	82	90	56	46	27	63	34	6	7	77	63	39	14	76	36	67	87	75	73	29	40	45	67	17	54	51	55	51	64	22	63	82	69	25	97	86	95	71	36	60	59	69	96	28	31	87	46	57	27	53	85	74	23	98	8	29	4	3	31	68	18	2	1	71	52	52	37	11	8	8	8	83	27	10	71	80	7	100	82	18	3	78	6	75	92	36	100	63	47	61	84	48	84	78	41	92	75	84	65	98	52	21	6	51	50	
96	61	91	60	31	84	74	99	12	73	87	99	61	36	11	66	88	71	1	97	59	4	26	49	55	85	67	19	81	43	70	36	25	98	36	32	18	82	21	42	25	92	35	61	99	15	65	67	54	74	15	83	63	38	67	100	55	98	78	44	54	53	47	48	14	47	27	69	44	26	55	73	49	32	19	81	49	20	46	58	41	15	31	85	7	42	98	63	18	21	71	66	49	69	96	33	78	35	17	89	55	2	81	49	26	5	62	96	94	7	76	83	73	63	56	70	34	56	44	27	69	27	12	97	24	91	97	71	80	6	52	25	64	9	55	40	42	69	87	85	19	90	86	39	99	52	52	56	94	27	22	47	57	16	97	41	84	59	58	37	67	16	68	91	2	72	13	85	23	93	32	17	32	11	52	74	61	11	29	19	98	100	33	14	86	2	19	53	3	80	43	75	38	18	22	14	74	38	24	66	
88	67	54	75	70	25	13	27	40	94	60	100	54	33	6	39	8	48	33	56	3	43	44	33	23	17	96	56	36	79	57	75	32	45	29	20	64	23	2	21	39	19	70	58	63	38	71	8	98	21	85	13	64	65	21	2	10	78	88	71	51	43	14	45	13	1	65	78	67	63	84	71	60	16	84	85	7	72	69	43	45	91	27	89	73	61	84	34	34	28	68	25	72	46	84	73	25	11	37	96	68	5	5	62	87	59	8	95	66	39	33	35	35	61	33	49	26	19	2	38	14	94	47	48	88	2	26	12	55	37	46	96	44	47	72	51	54	12	28	93	76	10	17	39	60	50	17	96	18	13	73	13	15	3	86	69	52	56	57	64	99	92	25	6	4	50	88	56	49	31	12	39	41	24	14	45	21	37	53	97	39	4	66	36	87	74	12	22	63	30	94	90	70	47	90	89	96	11	87	50	
14	12	95	61	75	68	85	70	30	66	15	64	75	46	100	93	2	68	95	20	14	89	45	2	75	66	5	38	82	54	54	91	43	58	48	50	48	49	53	35	26	54	100	68	57	68	81	96	85	89	40	39	71	35	47	11	61	44	71	46	10	16	45	98	67	22	94	3	25	70	53	33	78	79	19	45	72	43	15	42	27	28	41	92	78	35	24	29	7	56	21	14	23	85	67	35	66	18	83	73	5	91	82	75	39	6	47	45	53	86	19	80	41	36	96	78	60	100	29	52	55	84	32	11	64	35	94	50	54	92	77	51	40	90	53	89	14	70	69	36	57	25	84	14	50	30	20	95	20	42	18	57	17	93	56	67	67	68	38	96	32	43	27	14	66	41	78	71	36	65	40	93	31	61	11	88	84	10	82	48	53	57	59	48	13	45	23	27	69	46	32	2	89	3	45	27	40	80	73	53	
50	37	63	43	33	65	67	49	99	60	62	91	63	41	71	9	40	88	97	56	80	4	13	34	46	29	66	12	76	64	8	86	76	52	60	7	41	27	30	76	98	7	49	58	50	6	62	93	92	73	8	48	29	71	27	6	53	54	51	10	20	52	52	53	45	72	86	90	38	33	74	10	71	12	89	50	91	61	68	12	16	93	80	27	31	76	3	22	15	5	16	1	88	95	93	91	39	98	48	2	57	94	96	47	19	79	20	4	32	58	14	79	60	25	6	39	26	93	19	60	14	98	49	46	34	3	5	17	52	55	38	84	2	39	61	79	61	35	34	37	7	14	48	77	77	82	92	10	22	77	13	91	21	5	73	12	77	76	47	83	11	86	27	22	86	84	66	79	34	23	75	64	82	32	68	3	91	37	4	78	77	2	21	71	61	15	28	24	72	51	37	36	24	96	66	53	94	40	56	54	
79	69	45	87	66	28	70	75	52	22	22	90	90	47	82	45	75	41	27	92	74	37	26	7	84	39	26	46	43	49	43	67	26	6	43	14	72	24	20	94	3	71	9	68	28	13	75	67	28	75	92	3	48	86	30	63	57	53	43	16	52	65	72	2	1	52	62	20	53	13	60	62	32	23	8	7	81	54	98	93	52	16	89	71	53	91	12	23	98	46	74	92	83	37	33	5	68	83	76	69	67	20	71	32	37	52	15	86	29	59	86	78	52	72	81	96	98	27	78	95	27	26	93	54	57	14	5	69	25	11	93	4	94	26	96	71	48	20	36	23	79	46	47	90	12	66	28	45	23	83	98	92	49	4	61	91	86	59	52	39	43	10	38	31	94	54	99	39	71	12	70	86	27	31	24	10	94	99	12	45	14	97	92	88	14	73	39	67	15	67	62	3	46	6	8	27	10	93	56	48	
37	72	30	63	80	13	24	87	69	86	2	30	24	45	71	9	64	60	34	18	84	35	24	96	73	89	58	96	99	61	80	55	74	12	67	14	9	11	41	38	95	98	65	21	46	82	35	80	78	21	60	16	44	81	70	81	99	47	14	45	52	72	57	43	39	59	33	75	32	42	5	84	64	74	69	45	91	1	79	84	26	38	5	83	13	23	4	34	95	60	34	25	44	57	8	83	15	66	62	97	49	15	79	61	24	32	42	81	83	37	21	43	30	38	78	47	26	66	27	31	50	33	46	34	27	43	100	70	91	9	70	85	16	66	61	79	2	68	12	70	60	76	52	85	77	60	84	52	37	14	60	93	50	45	88	59	78	48	7	12	98	38	76	64	71	87	33	47	25	49	73	37	78	26	4	79	52	94	90	22	30	18	8	49	98	57	45	45	10	71	92	34	57	87	33	49	88	72	64	96	
82	45	38	60	71	96	30	89	39	59	98	5	73	100	21	85	89	84	67	82	66	54	88	67	96	83	25	83	54	11	87	45	93	26	54	87	13	28	92	9	95	51	92	71	49	88	62	83	12	89	71	54	29	68	60	12	27	48	45	98	53	2	43	17	71	9	29	24	21	55	76	1	21	8	55	45	85	2	74	15	2	65	25	47	83	80	21	57	60	12	63	18	62	29	66	88	29	49	31	25	57	95	84	56	22	76	49	70	2	20	65	2	87	80	33	38	45	79	10	85	87	17	6	95	61	80	65	28	41	35	80	90	23	8	30	100	78	100	93	73	28	84	1	43	19	87	85	19	69	56	25	33	26	80	30	95	42	87	52	2	55	24	92	72	28	29	55	87	95	33	13	50	80	3	11	18	47	39	82	24	26	36	27	21	11	62	45	50	52	74	20	96	69	75	43	54	93	100	73	84	
94	33	63	13	10	41	19	10	66	14	90	75	91	53	95	72	72	69	28	51	22	69	13	49	88	58	53	61	90	75	14	37	14	17	66	22	43	14	78	87	88	51	2	94	6	96	57	73	83	73	15	46	83	76	46	73	36	14	13	67	45	1	39	71	73	51	43	30	44	30	70	85	68	54	39	68	50	18	59	69	37	99	45	95	24	38	39	10	95	55	64	11	19	28	45	87	36	74	97	62	8	100	74	97	65	48	99	84	79	100	52	74	81	53	70	69	7	40	16	15	31	97	76	3	52	21	4	52	71	87	90	95	69	71	65	68	84	39	80	86	56	88	29	34	30	60	22	14	87	62	56	51	95	82	98	5	62	80	100	90	12	97	16	78	60	67	57	83	64	30	37	53	34	23	17	55	100	50	88	58	61	67	30	52	2	57	3	77	22	62	63	2	37	40	89	93	52	75	60	89	
42	84	29	7	96	8	88	17	81	48	8	61	72	44	90	68	85	66	62	67	71	51	54	73	53	44	80	44	72	33	77	4	44	9	9	55	35	25	6	75	13	58	83	85	68	99	19	4	76	77	1	88	20	45	9	33	82	47	1	22	72	52	59	9	51	50	93	41	89	37	19	93	10	30	22	49	90	80	43	81	58	38	82	63	36	21	65	39	51	91	55	79	45	84	55	42	78	94	49	67	12	17	81	22	30	54	71	95	40	20	12	37	58	78	50	45	37	75	22	18	44	15	62	38	30	13	44	48	81	87	99	61	92	41	12	18	95	73	34	28	82	6	47	43	82	1	52	39	55	85	74	16	54	65	88	42	26	83	75	32	89	47	33	87	7	27	47	42	13	8	14	13	85	52	59	57	92	33	43	35	22	28	62	93	87	86	70	21	61	23	28	38	40	44	83	79	74	78	92	57	
97	86	8	83	19	91	85	17	35	16	92	40	59	76	33	3	100	43	43	55	68	47	84	85	39	97	100	69	87	53	95	72	62	83	33	72	31	98	26	45	96	44	91	22	63	44	67	6	50	47	18	65	74	61	62	44	95	27	65	94	86	62	33	29	43	93	11	85	63	13	31	27	87	70	40	93	83	36	85	2	80	50	96	48	92	48	42	59	78	66	9	17	47	36	44	9	47	61	12	18	24	100	85	79	81	12	88	58	86	23	93	71	81	74	21	82	4	71	2	86	10	98	62	40	42	57	64	33	45	51	94	97	87	21	13	49	60	33	86	34	26	76	28	52	74	30	65	26	57	24	18	21	36	4	87	42	43	57	60	56	37	73	4	50	73	44	30	85	37	9	25	5	3	71	40	60	69	35	24	37	73	26	59	36	87	60	64	40	85	8	25	95	50	54	39	55	58	59	96	100	
36	63	35	99	71	31	75	15	72	51	12	73	22	44	80	42	71	35	80	66	82	25	6	64	87	43	96	21	15	18	62	82	67	16	62	94	24	30	85	41	64	65	89	64	1	76	30	85	24	98	51	33	54	84	34	38	6	69	78	3	90	20	75	24	30	41	85	58	14	98	31	30	73	17	64	70	57	37	79	64	95	80	89	92	22	84	33	30	71	39	48	59	61	77	56	29	96	12	65	87	43	83	68	29	18	52	51	25	62	44	36	51	61	24	6	87	52	26	68	89	14	42	28	2	22	98	37	41	98	72	96	65	64	54	22	94	1	51	38	25	63	76	91	87	42	61	29	33	12	76	11	9	71	7	34	91	10	90	71	58	50	2	43	66	2	93	90	16	63	29	16	47	100	28	55	65	93	66	77	89	99	75	73	91	19	46	96	14	58	59	90	27	50	92	72	93	8	96	83	84	
39	75	28	36	15	29	86	5	8	17	52	96	21	31	10	77	65	100	8	24	68	14	47	15	81	87	3	56	61	10	69	99	4	84	26	11	100	67	12	36	35	79	92	58	67	25	89	88	64	62	43	5	79	37	75	33	83	44	67	25	38	53	32	21	44	89	63	14	75	61	49	65	68	89	37	38	29	71	93	90	61	94	67	12	92	9	31	76	10	11	59	8	82	4	84	84	32	90	49	19	28	41	64	93	93	58	78	53	71	57	93	44	53	34	4	83	79	47	12	27	34	92	94	6	48	86	2	76	28	65	65	85	56	61	22	15	13	75	66	90	55	49	13	3	8	44	54	3	91	78	16	75	2	86	76	73	96	75	12	60	70	99	14	5	88	88	7	79	41	91	80	83	43	77	100	26	3	5	86	80	43	1	71	12	34	77	56	42	21	45	17	67	32	63	92	73	34	15	79	16	
37	39	59	69	44	2	69	69	81	38	46	77	66	3	80	46	76	80	51	15	98	74	26	20	81	35	87	77	93	70	48	8	41	42	57	42	50	14	92	17	33	41	99	67	50	54	95	53	83	15	61	94	57	17	87	7	19	26	63	70	33	13	42	55	30	37	13	98	61	90	19	66	61	22	2	24	19	60	9	46	71	36	97	1	14	39	24	30	38	63	89	30	49	76	75	63	43	79	94	24	80	2	30	87	41	25	26	28	90	79	29	22	91	30	13	71	27	26	40	61	64	66	27	65	2	74	25	57	40	11	95	28	83	74	94	55	82	20	19	82	21	95	75	18	83	1	13	87	26	56	34	42	79	9	51	87	19	83	63	17	88	11	91	74	63	92	9	75	10	29	3	24	56	39	41	9	63	91	92	43	26	89	2	96	6	44	64	44	90	55	88	85	84	50	27	84	38	73	54	1	
93	26	28	5	31	57	52	50	82	58	35	88	27	16	71	10	33	45	5	28	68	72	5	99	38	27	49	88	5	4	32	2	21	41	12	54	9	70	47	3	41	37	86	49	60	19	11	56	43	17	51	80	38	5	31	86	12	55	84	53	74	60	5	76	70	19	31	31	49	19	67	7	73	14	97	90	46	33	47	58	39	19	5	24	19	18	1	75	11	14	28	69	52	30	34	37	5	27	46	25	20	63	26	2	16	73	91	83	58	55	5	70	56	31	72	67	3	29	56	13	19	45	10	34	44	29	93	97	52	99	57	58	71	74	33	22	11	48	86	92	52	40	47	79	83	76	14	98	94	23	72	52	54	77	67	79	62	47	41	76	84	61	3	13	26	79	44	69	37	3	34	37	35	63	90	17	76	64	22	16	40	11	32	11	59	47	85	70	68	53	56	61	95	34	4	90	88	37	40	68	
74	8	43	29	41	10	95	17	38	74	33	12	66	15	29	87	71	21	25	67	85	72	42	29	83	96	63	6	26	3	24	1	24	12	56	86	13	47	57	66	1	57	47	75	53	61	19	19	99	44	99	59	45	99	25	54	40	73	71	33	10	62	84	1	85	93	27	30	65	66	7	75	60	21	78	87	34	54	50	33	67	18	15	34	76	56	15	78	23	23	89	18	14	87	36	4	100	5	73	94	70	3	59	56	72	46	70	26	58	25	93	72	94	84	25	62	78	2	13	35	71	20	89	17	42	82	10	35	14	46	54	21	91	92	60	36	80	32	36	60	80	9	63	51	78	47	21	31	20	100	31	56	69	71	82	69	74	25	94	1	80	68	82	64	40	83	24	17	81	99	40	57	54	98	97	87	65	20	90	13	40	97	74	70	90	78	56	59	54	81	33	84	47	53	59	17	20	71	55	79	
24	54	34	59	18	38	29	56	51	11	79	38	4	83	24	51	53	12	100	12	43	27	47	82	92	37	86	52	64	71	41	58	6	56	1	6	98	94	56	48	47	24	15	15	9	16	89	9	78	63	51	49	44	38	34	43	2	49	60	78	71	32	64	21	68	10	87	73	68	61	73	60	21	35	36	88	97	45	79	85	27	83	47	46	41	6	53	96	36	10	31	63	49	26	54	42	100	70	73	86	99	66	86	82	63	79	43	24	37	61	19	54	1	88	27	63	48	94	43	16	27	71	94	64	87	30	55	95	80	69	32	20	90	82	45	84	97	49	41	59	2	45	90	34	39	53	60	7	63	45	16	65	68	13	31	91	31	58	37	94	36	92	99	33	4	44	62	22	9	87	91	51	58	44	9	76	34	62	89	95	64	89	28	82	75	28	76	47	42	19	22	86	60	34	6	29	13	69	64	9	
70	48	69	6	27	88	28	67	39	30	46	81	3	2	8	95	61	84	20	23	23	16	5	20	53	44	60	64	49	12	19	93	14	33	55	11	92	60	60	7	37	99	91	17	58	26	66	72	24	72	19	14	55	32	23	17	19	32	16	79	12	23	74	8	54	30	70	17	89	22	14	21	35	89	79	94	49	91	39	73	78	52	59	35	25	15	80	68	78	78	61	16	63	92	56	94	72	36	17	13	45	41	99	9	51	49	54	55	8	60	84	15	77	6	97	23	25	22	18	78	99	30	79	30	94	46	20	75	1	74	95	50	75	46	34	72	11	69	41	32	47	64	49	18	98	46	15	72	69	22	49	78	20	95	74	28	87	11	48	38	1	70	93	79	12	89	88	50	21	41	2	77	27	67	69	75	86	82	65	6	67	91	19	100	21	64	78	71	35	24	51	32	12	94	80	28	46	34	59	50	
68	43	36	70	22	60	32	35	88	88	46	1	84	18	9	76	93	17	93	7	23	9	88	25	58	81	4	46	43	45	66	18	7	23	60	90	100	91	69	98	78	14	99	61	38	2	9	72	85	11	67	83	94	47	19	47	44	19	84	19	89	8	69	55	39	22	40	64	37	2	97	78	36	79	98	53	4	83	79	76	81	29	73	49	95	19	95	83	99	38	88	42	60	70	86	57	65	92	60	6	91	23	77	54	66	67	47	55	76	25	39	18	4	64	37	90	5	26	16	66	52	26	12	73	88	71	7	68	43	27	86	18	69	71	74	100	99	30	4	90	6	28	94	58	93	57	35	66	64	20	6	5	63	19	10	94	14	89	21	70	23	98	91	36	92	98	16	22	67	9	17	49	85	32	21	82	54	29	18	1	97	39	70	61	20	60	31	20	13	34	19	78	77	45	2	47	74	9	63	35	
53	15	43	5	55	45	31	86	12	22	7	91	59	79	22	100	64	63	32	80	70	5	24	24	62	77	93	94	70	81	9	80	98	3	48	26	14	3	81	92	55	73	44	41	4	75	23	48	9	85	50	37	32	76	76	71	92	81	85	45	50	7	45	45	68	49	93	70	38	24	90	87	88	94	53	58	65	41	72	47	44	42	30	88	32	42	54	49	22	76	18	57	77	92	61	27	96	88	35	61	8	2	58	18	85	31	81	52	72	42	7	33	23	31	57	63	31	32	91	97	24	47	66	67	22	98	77	21	35	52	1	54	64	61	83	29	14	97	90	9	46	26	69	83	8	53	23	17	100	97	44	20	2	1	38	33	43	38	96	74	42	33	79	18	69	19	31	84	20	96	13	94	90	48	26	48	87	1	44	93	84	86	34	63	92	73	25	74	46	73	32	87	54	11	17	95	87	85	87	1	
21	17	8	98	55	99	22	74	44	28	10	13	80	47	82	33	99	31	74	27	27	48	67	80	37	12	74	44	99	43	9	6	15	16	14	91	58	54	14	94	48	84	9	8	73	3	9	67	20	13	44	40	50	79	81	68	64	49	7	72	91	81	91	85	50	90	83	57	29	19	46	34	97	49	4	65	65	86	46	16	44	65	66	4	82	11	51	16	87	77	27	62	37	1	40	14	67	23	80	3	42	44	11	32	13	98	47	12	23	76	84	42	18	39	69	11	43	85	86	3	33	56	53	34	25	80	23	50	24	7	60	66	6	45	17	17	83	58	93	47	20	29	8	74	92	66	72	6	69	32	67	70	42	90	20	97	92	66	55	10	38	36	21	57	3	67	65	38	82	22	33	54	25	56	47	41	14	21	73	5	46	83	60	57	41	22	39	16	90	69	29	29	68	79	79	19	30	80	13	20	
79	11	48	38	57	56	20	90	80	42	16	74	48	44	14	72	65	73	16	91	45	19	71	95	33	52	78	14	57	22	6	37	58	3	16	51	95	52	43	24	81	55	36	47	62	42	89	81	78	73	8	61	89	94	60	61	39	20	72	43	61	54	1	2	18	80	36	37	71	60	33	54	45	91	83	41	86	57	30	70	11	94	8	80	16	6	87	62	54	23	48	15	2	70	25	88	35	76	7	38	53	90	49	59	13	63	55	12	45	18	58	8	2	75	24	93	43	16	27	68	57	25	65	51	19	39	28	55	68	2	99	83	73	97	7	56	23	56	99	6	80	21	68	55	58	66	51	16	87	34	13	64	96	8	5	23	1	88	84	63	51	72	63	37	72	85	62	98	78	12	63	52	84	79	79	57	57	27	51	58	98	46	34	26	28	91	48	76	41	68	68	55	3	31	59	84	72	35	66	63	
26	71	12	20	46	14	11	68	16	36	56	84	97	48	92	9	20	52	53	59	26	72	89	85	29	60	10	46	44	23	83	15	73	87	27	25	37	95	40	72	41	68	55	51	40	43	74	30	43	61	47	78	26	61	28	84	18	46	69	15	68	98	79	74	59	43	85	79	93	9	47	50	79	39	79	72	46	30	29	72	45	72	19	28	66	72	57	26	80	97	89	62	66	77	51	32	39	20	7	43	1	96	43	32	72	89	65	6	79	88	22	65	15	30	11	84	27	100	66	79	66	33	9	35	60	51	44	12	86	32	99	53	70	77	12	27	94	42	98	88	58	23	91	99	48	6	37	40	86	84	64	30	39	52	23	13	36	64	40	21	34	58	17	88	21	38	30	23	55	74	47	37	2	44	74	56	95	75	78	94	40	71	23	89	96	8	1	42	7	21	79	53	75	44	96	27	80	11	15	3	
69	39	66	81	52	23	84	53	20	69	82	39	53	78	83	14	51	91	40	37	27	18	3	39	22	90	27	98	73	88	78	28	1	6	33	4	70	37	28	97	91	21	57	99	34	2	31	10	70	9	38	11	87	23	78	99	89	58	43	42	12	93	84	15	69	81	2	64	90	46	58	33	85	73	76	47	16	70	72	69	63	92	31	16	62	8	86	49	63	39	84	70	73	74	56	42	38	4	72	29	16	72	29	83	25	5	16	22	5	20	22	23	1	30	100	70	6	66	58	19	63	43	71	39	12	76	64	55	14	73	72	51	95	29	46	31	35	7	58	70	100	85	10	28	5	5	18	44	38	59	44	33	81	11	16	81	8	90	28	28	63	2	88	74	42	6	54	61	85	98	71	80	35	13	47	50	56	11	2	36	75	73	51	81	72	35	8	58	43	38	76	79	2	30	84	80	60	35	94	51	
65	54	45	74	30	29	51	38	57	76	86	22	15	97	44	23	40	30	34	90	79	65	38	13	40	72	93	5	49	8	96	54	76	87	8	68	63	95	38	57	4	16	12	40	29	9	24	64	71	89	37	25	67	46	68	19	41	41	45	27	16	52	26	2	37	58	80	95	61	71	39	67	27	78	81	44	44	11	45	63	16	30	76	13	87	95	81	68	95	30	13	9	10	23	59	35	70	10	49	32	86	1	53	79	99	65	7	21	40	8	30	65	35	3	74	49	14	70	23	66	83	38	18	42	93	96	5	15	84	74	95	30	49	64	34	35	4	50	99	26	45	48	89	98	25	34	1	57	38	21	72	39	94	51	59	44	10	25	69	55	86	45	91	89	73	25	77	9	60	66	80	83	82	94	57	70	44	66	95	57	2	15	92	20	36	53	30	35	89	77	3	42	48	98	92	89	80	50	8	53	
75	67	71	56	10	32	16	42	82	6	32	44	18	63	61	56	85	14	45	71	16	57	39	56	89	44	82	87	84	40	6	36	52	69	45	55	100	56	17	96	58	55	46	12	33	93	87	69	65	37	98	33	65	7	4	62	8	15	91	28	93	16	38	65	99	38	50	80	94	36	19	18	83	52	29	42	65	94	72	92	30	18	14	71	95	50	20	63	94	72	76	18	36	6	31	62	52	28	94	65	3	81	64	66	18	48	90	13	84	81	25	2	6	93	16	48	41	100	8	94	12	66	90	62	54	51	15	69	65	76	37	8	46	9	41	67	91	29	57	16	7	45	3	96	81	39	62	2	68	65	3	44	3	78	52	16	47	10	20	80	41	4	6	98	39	72	13	27	86	93	96	9	33	37	97	69	90	80	61	10	62	60	64	88	15	61	19	11	81	57	1	28	51	36	42	54	60	50	97	83	
55	56	51	76	16	92	7	84	89	76	19	40	57	22	60	58	82	72	77	92	5	10	9	51	62	41	55	32	87	58	59	62	98	94	98	78	40	17	2	81	64	48	38	32	99	58	41	59	3	41	26	81	74	17	91	82	7	31	27	41	80	89	5	25	45	82	96	89	67	97	5	15	47	59	73	30	66	8	19	31	76	14	79	40	61	56	8	26	73	78	21	37	60	78	64	38	57	41	46	56	33	34	85	87	72	83	36	71	87	74	98	83	42	22	78	98	46	46	45	44	18	58	49	22	92	25	17	21	22	72	35	25	16	26	58	74	16	71	21	79	6	17	78	83	95	43	52	83	95	44	43	31	86	7	19	37	92	76	32	94	53	79	6	83	7	78	90	16	29	60	78	70	11	29	74	19	47	23	20	10	91	1	1	10	38	86	47	63	55	48	27	100	14	100	24	92	20	86	4	41	
39	19	66	95	46	79	99	53	54	58	99	80	73	73	71	49	26	68	13	71	81	10	74	25	91	63	23	97	84	14	89	77	72	2	95	30	31	84	50	26	94	69	8	83	81	39	45	35	12	27	11	80	61	66	93	66	76	85	89	92	27	71	83	47	95	63	48	92	12	1	24	34	46	35	49	88	4	80	28	16	13	71	40	15	98	77	1	53	24	25	42	25	76	36	92	78	67	87	67	86	80	86	41	61	64	70	22	64	51	70	43	78	76	76	32	66	51	91	96	46	15	83	41	72	86	97	55	64	55	61	62	10	22	36	7	7	26	10	32	81	11	61	43	33	91	75	12	25	91	4	49	1	22	26	24	94	33	70	42	85	97	48	38	65	27	82	83	54	44	32	81	59	90	71	49	64	42	50	33	91	21	3	30	26	31	99	23	38	64	73	88	53	56	21	8	63	89	71	100	54	
97	58	30	7	45	51	93	46	87	4	98	11	80	49	8	84	29	2	82	83	36	70	64	33	56	2	2	33	3	100	42	79	2	81	44	89	43	76	87	34	55	54	77	76	32	22	96	68	30	19	91	7	69	68	29	82	50	7	73	78	31	53	13	83	24	36	92	22	92	14	19	76	41	25	95	32	82	16	66	62	87	95	61	98	44	23	6	93	64	76	37	94	97	77	48	68	13	49	4	76	37	49	43	48	85	20	34	13	12	75	100	30	83	6	63	63	3	53	24	94	65	99	79	10	51	9	44	90	20	65	14	9	68	88	67	33	6	49	90	23	1	25	75	65	62	42	43	68	56	94	81	31	33	55	8	62	33	85	6	18	71	81	92	72	98	95	23	48	83	23	28	71	11	86	81	88	48	58	1	65	77	8	45	51	21	43	49	53	41	48	9	16	49	10	49	100	43	88	48	18	
27	25	21	36	80	84	31	5	36	57	9	43	69	42	59	2	16	56	83	11	71	88	76	56	45	51	35	96	3	47	80	95	15	84	51	7	6	57	58	97	62	66	15	33	2	49	52	45	72	12	97	23	52	73	1	92	36	42	61	35	76	91	23	80	38	21	48	84	9	39	18	56	6	15	19	42	11	6	72	8	95	50	56	77	23	12	52	40	75	2	18	35	56	70	6	68	43	82	77	4	49	21	87	77	69	78	46	67	82	28	34	70	59	70	15	68	32	72	82	57	25	19	1	72	17	98	54	88	24	15	87	85	43	84	71	97	5	61	27	67	97	60	43	65	20	98	51	88	74	91	66	82	99	11	56	1	5	44	17	98	19	18	10	19	81	25	15	56	4	54	58	100	12	29	8	42	45	46	98	86	12	76	43	92	21	94	100	60	99	41	50	65	72	60	9	20	99	70	77	72	
49	8	3	2	20	83	54	12	74	29	48	4	26	24	18	2	90	59	77	99	67	12	64	58	64	87	61	89	5	94	46	63	89	46	80	77	89	71	32	95	57	43	92	53	73	10	84	73	55	91	39	49	99	78	33	83	22	98	84	24	3	12	4	21	39	65	42	33	31	24	1	15	53	80	95	54	51	87	57	86	81	20	8	1	6	52	43	6	25	19	14	83	13	34	52	96	70	100	24	48	18	60	93	70	84	82	53	20	61	49	89	3	1	90	38	34	31	78	32	12	91	26	39	41	34	18	94	4	68	29	48	42	79	4	83	83	75	72	77	44	8	43	18	50	63	30	60	71	98	57	16	30	47	67	43	22	99	80	18	43	19	3	27	92	61	70	36	30	47	63	57	27	39	86	36	11	67	60	83	26	75	75	17	75	80	44	53	73	8	89	57	18	34	14	96	34	71	33	13	43	
23	20	74	92	34	26	12	57	60	90	55	57	61	5	68	35	83	31	10	95	22	43	53	77	36	38	8	23	5	60	69	62	97	63	80	75	53	44	79	6	34	46	87	53	85	28	71	48	59	13	29	4	44	56	54	76	24	63	34	29	22	23	34	57	10	39	59	30	76	30	75	78	96	68	83	49	16	62	26	49	68	63	26	53	93	40	6	95	16	63	100	92	23	17	13	62	74	16	40	9	47	39	9	64	72	7	74	8	82	28	24	66	35	36	100	29	34	92	27	88	78	65	53	8	36	75	18	89	9	46	25	53	85	52	59	4	39	47	77	76	17	37	79	65	35	84	72	32	93	66	4	4	37	5	51	61	94	17	41	98	97	33	26	15	80	80	78	55	68	60	99	70	40	11	89	98	46	9	26	55	79	49	79	12	68	19	98	68	59	58	95	47	46	96	23	49	84	2	59	62	
62	14	59	69	75	81	31	43	91	35	51	98	58	53	35	14	87	95	14	94	92	72	55	70	28	65	79	72	52	88	29	70	58	83	11	78	22	10	50	45	72	83	91	8	87	41	51	42	69	38	15	5	9	72	51	26	1	18	34	7	15	98	95	60	95	51	78	71	10	38	11	23	36	78	99	22	87	54	80	63	95	94	73	24	64	75	25	16	33	4	49	17	71	40	30	65	89	37	28	77	44	81	100	99	39	10	28	68	76	49	26	78	29	66	79	48	34	32	61	67	100	33	97	42	24	75	43	20	15	90	37	43	99	85	33	75	50	66	70	80	54	90	28	38	100	30	10	18	90	40	74	57	96	20	11	60	18	57	96	88	46	47	96	29	30	1	66	10	22	63	49	63	45	78	21	77	66	36	70	47	84	63	97	51	68	79	32	12	90	21	40	52	85	23	38	21	5	88	62	79	
64	53	34	59	90	37	75	82	99	74	26	65	32	77	4	50	18	91	74	31	65	21	78	19	86	1	59	22	10	12	12	22	24	18	23	40	65	23	39	25	60	92	81	42	62	66	89	83	22	90	13	29	87	36	59	83	40	21	28	56	5	46	60	12	55	91	66	39	11	63	14	23	10	78	38	76	77	23	97	39	30	72	78	25	76	2	19	63	4	90	1	87	83	96	36	28	58	96	78	100	60	19	8	41	5	42	88	21	83	69	16	85	58	20	55	52	25	54	75	18	72	52	39	11	62	55	43	7	39	83	67	46	52	94	53	90	79	49	12	36	97	77	10	85	22	26	2	21	53	99	61	98	68	46	27	12	76	38	62	45	93	70	64	50	75	75	77	81	23	39	26	57	10	95	99	6	21	27	75	38	79	51	24	42	79	98	2	31	99	89	56	14	82	18	94	57	4	37	92	34	
71	21	39	4	78	52	5	48	78	56	77	88	96	48	89	67	49	68	20	64	93	58	66	32	9	80	74	88	98	6	26	51	4	84	44	21	1	98	13	56	76	30	34	22	65	99	77	11	1	7	18	72	88	1	62	60	11	71	68	21	16	74	34	63	64	55	9	48	59	89	28	89	31	61	88	18	27	48	89	84	13	76	21	42	37	18	14	100	49	1	22	85	14	1	75	92	99	15	70	28	95	32	16	17	13	32	26	96	45	30	39	93	26	23	9	86	100	36	13	19	71	35	10	63	28	39	24	49	17	38	15	8	96	37	64	49	98	100	98	16	83	74	53	52	35	94	99	43	47	77	89	57	62	87	19	96	38	85	7	11	34	58	63	37	34	16	8	35	42	89	14	81	81	32	35	44	16	59	61	82	93	51	27	59	92	53	57	60	37	61	88	47	86	81	79	20	53	13	86	39	
67	23	96	39	9	58	83	44	38	2	85	30	73	30	99	97	53	87	11	27	83	9	20	95	100	47	6	90	77	40	24	94	14	26	57	41	37	5	100	45	97	17	21	94	15	20	86	16	10	42	31	48	31	13	80	44	44	66	25	14	1	92	25	18	11	79	17	59	8	30	69	18	63	16	42	57	62	15	62	70	9	18	37	25	94	35	83	92	17	87	85	65	15	10	29	46	36	75	67	24	2	46	8	79	77	80	3	88	100	71	93	93	97	59	88	61	32	27	98	96	100	11	16	65	2	8	54	3	85	61	69	2	98	38	49	51	52	27	44	90	9	26	35	82	5	37	86	21	47	88	26	15	93	19	20	71	83	45	57	76	65	10	16	93	64	97	23	16	13	93	77	84	2	21	44	98	52	18	12	11	82	78	73	11	59	52	6	86	60	36	55	57	75	45	93	71	67	58	100	56	
94	12	36	49	21	25	97	27	73	74	69	88	32	22	23	95	2	29	1	51	99	74	64	29	79	2	69	42	77	34	15	39	29	65	77	100	11	28	95	29	53	75	6	73	48	13	50	70	12	40	4	61	34	39	39	59	55	49	72	23	88	83	44	62	19	45	47	61	82	49	52	14	49	63	60	77	37	2	66	73	10	36	60	76	97	56	13	23	71	83	14	15	4	24	65	98	33	66	89	36	71	38	90	22	56	69	80	67	99	23	56	87	6	96	86	51	59	37	77	87	56	73	81	41	37	45	58	34	62	78	36	29	48	30	35	7	46	82	37	53	93	17	90	67	26	46	6	20	3	26	92	49	33	22	52	72	5	75	56	63	16	95	56	91	27	41	71	40	96	57	38	41	40	98	39	84	63	76	17	84	93	93	69	47	59	5	44	83	38	32	24	69	5	29	14	10	65	12	85	5	
34	93	67	61	71	88	19	69	23	19	85	9	83	59	50	9	83	64	68	42	67	79	90	90	75	99	22	82	79	91	90	47	19	52	87	82	97	58	16	7	68	77	35	81	47	32	19	52	27	46	94	30	64	21	42	37	5	69	46	85	95	37	57	29	28	84	36	77	4	76	30	87	26	92	70	92	1	70	77	74	23	6	78	36	77	70	34	17	40	96	1	10	24	99	74	92	35	85	31	100	81	28	79	7	28	47	25	4	25	49	46	24	21	37	2	67	100	89	44	14	57	87	69	13	2	67	24	33	44	88	87	65	99	11	21	93	47	29	75	22	12	51	87	99	73	69	74	25	13	5	34	78	95	76	41	92	27	61	23	32	82	42	69	98	90	88	14	73	69	24	48	80	53	8	45	99	41	36	29	21	65	41	93	39	4	63	85	16	21	57	97	62	16	15	38	14	4	2	84	22	
27	38	45	34	40	18	51	61	60	86	30	87	2	15	72	71	82	46	35	23	3	83	73	13	75	69	50	85	14	32	100	75	100	48	73	16	19	95	49	100	82	12	37	44	1	34	78	92	36	93	83	62	21	89	23	10	30	96	84	67	93	33	8	66	45	55	44	56	84	75	34	36	54	56	86	61	40	25	51	56	59	31	64	92	48	6	52	13	30	36	75	29	65	74	80	81	60	83	97	35	94	97	16	52	80	2	95	80	98	17	25	54	32	17	51	96	37	69	37	45	12	2	50	70	4	28	27	9	55	2	15	85	75	59	4	54	23	95	5	44	71	81	94	94	87	98	11	21	4	14	81	61	18	9	86	70	67	47	64	82	6	15	96	82	92	30	77	19	71	71	45	59	20	78	58	45	1	23	14	50	29	95	87	52	75	87	24	25	68	36	93	59	42	71	35	45	92	75	82	12	
7	55	77	53	16	98	35	62	53	53	64	96	20	78	38	57	72	63	47	70	69	100	35	26	6	8	87	66	92	93	90	53	20	18	84	30	96	53	68	37	83	99	69	6	43	85	70	2	63	42	83	6	69	68	11	69	82	33	73	35	91	5	83	88	87	42	9	29	84	63	37	4	42	94	57	27	14	88	32	42	35	62	38	78	68	68	96	62	65	28	92	46	98	92	81	7	90	22	18	28	59	29	95	22	72	58	55	14	20	9	55	100	67	5	12	57	38	3	40	4	77	80	46	24	20	70	5	14	10	38	86	15	67	94	37	36	93	97	84	86	59	1	92	13	39	62	80	96	72	63	91	92	100	94	97	83	53	92	71	74	12	66	72	16	21	96	6	56	99	76	97	13	83	42	70	12	58	13	34	72	96	77	95	5	29	56	3	64	39	37	72	81	61	88	17	50	98	4	8	63	
18	72	66	30	5	21	66	50	75	92	81	61	58	5	78	17	20	91	90	65	81	100	46	99	60	98	17	32	68	71	52	63	13	94	34	61	49	68	4	24	13	12	24	84	92	28	29	19	21	55	24	35	13	25	58	66	90	78	25	66	39	68	15	29	36	78	47	96	32	43	5	100	100	72	65	96	67	35	39	38	70	52	57	67	13	43	70	74	89	58	99	36	33	35	60	90	29	71	17	57	60	66	65	98	8	54	5	18	77	98	74	18	66	94	81	91	48	64	23	19	46	6	58	68	43	26	25	92	63	82	98	48	94	34	5	99	6	96	51	92	31	93	2	22	54	36	55	20	37	28	84	22	62	13	89	54	22	79	19	2	9	96	92	48	21	24	11	63	9	84	79	37	71	52	100	18	21	97	87	64	16	3	71	82	51	1	79	97	35	15	61	44	96	27	6	23	82	67	20	32	
43	53	90	49	28	77	37	48	5	62	40	41	10	66	45	28	16	70	91	95	13	28	77	11	99	36	65	71	17	11	67	9	12	18	9	84	9	35	11	6	54	63	48	81	44	95	42	20	89	12	2	14	37	27	1	78	56	35	11	18	98	83	66	49	74	94	61	12	90	79	27	5	70	36	92	88	23	76	20	4	10	28	41	87	49	82	100	16	37	96	15	75	66	85	83	22	71	7	52	79	27	54	27	55	13	44	33	31	87	4	8	41	41	31	22	100	64	76	9	92	68	29	60	30	81	31	55	11	77	47	37	77	9	92	42	30	70	32	95	10	19	9	78	59	94	2	28	12	82	95	15	47	5	56	8	15	77	74	21	32	69	78	57	47	55	39	3	4	25	53	36	38	26	37	93	8	48	84	92	43	13	5	19	47	98	21	85	60	82	16	25	60	100	98	76	38	74	48	29	39	
8	91	1	26	90	81	40	59	93	99	87	81	69	44	80	31	69	28	11	14	49	62	58	52	50	23	17	74	26	71	90	58	47	86	94	78	54	95	27	39	88	70	12	32	99	48	74	32	79	27	33	60	14	8	21	45	46	17	37	83	48	76	62	31	97	49	12	65	49	94	46	73	73	17	60	35	80	7	7	72	49	94	46	67	4	77	24	40	28	78	70	67	89	31	97	18	17	52	21	71	28	95	7	55	20	15	39	61	73	70	37	37	31	88	44	3	23	37	37	27	55	68	94	25	58	35	36	61	24	52	9	99	20	56	62	62	73	40	3	18	36	30	59	59	66	19	70	59	62	17	35	27	65	57	26	10	5	15	96	27	51	83	19	38	26	42	43	47	21	59	26	51	80	70	98	61	55	24	70	65	54	47	44	48	81	18	75	56	33	61	75	81	37	89	5	31	18	18	69	90	
83	68	56	33	11	45	34	45	33	54	85	41	77	91	58	93	55	72	4	71	94	16	52	90	91	8	13	28	34	17	24	99	36	34	39	87	11	89	99	65	82	3	61	50	51	42	73	92	30	48	52	5	76	93	85	36	27	89	96	73	2	69	97	25	62	67	18	87	19	24	25	94	86	13	6	61	3	38	43	29	32	65	56	86	76	4	48	9	77	100	28	24	36	100	35	28	57	79	71	20	98	78	60	77	16	12	95	65	37	96	43	51	5	83	9	80	74	22	34	10	85	94	77	71	91	26	37	43	3	76	61	73	13	20	70	26	39	47	70	20	32	72	32	51	86	50	26	80	31	72	62	7	43	100	27	41	68	49	86	50	37	45	23	24	6	2	56	24	92	30	13	87	72	1	83	18	22	72	15	30	47	54	7	24	35	97	34	14	41	98	71	40	10	7	100	6	37	7	13	73	
27	47	38	65	53	15	35	70	34	26	32	22	33	31	33	29	13	42	7	51	27	10	59	5	13	99	51	50	49	92	74	17	99	97	68	40	100	26	69	23	48	71	31	69	42	17	95	58	96	78	31	92	32	43	99	22	63	55	68	5	57	67	49	57	8	12	24	43	28	80	20	70	99	45	91	8	42	53	1	16	86	3	33	80	37	49	18	47	44	60	95	2	71	81	94	59	60	27	28	98	3	1	48	96	86	35	12	92	6	72	85	54	36	43	53	100	43	9	45	38	43	63	19	77	69	95	7	24	35	96	63	46	54	48	75	37	32	78	3	12	3	87	2	60	40	90	82	3	23	35	22	60	80	54	95	96	90	80	30	22	94	100	66	60	57	15	41	59	16	85	3	90	50	54	70	93	68	48	22	10	33	84	59	37	77	39	16	6	21	93	8	1	74	6	59	40	43	53	66	31	
47	71	76	79	26	23	24	23	14	5	28	94	35	69	15	81	59	38	65	65	43	73	49	22	8	7	36	18	26	21	12	57	20	84	7	4	27	69	40	69	43	96	7	11	68	67	5	82	49	23	22	66	2	91	73	89	34	2	5	91	94	20	15	95	100	17	100	83	41	2	63	3	66	41	23	2	44	90	96	72	1	81	34	86	49	21	60	39	81	19	32	46	38	28	97	29	66	54	95	78	1	92	28	1	36	41	68	42	51	84	51	6	63	67	36	18	59	16	16	10	46	52	80	84	21	74	22	13	68	78	60	55	33	97	94	66	58	77	45	62	100	5	89	34	89	1	63	77	78	80	53	90	92	7	10	38	32	1	76	38	43	71	46	29	73	4	2	92	57	87	19	64	24	45	34	15	89	58	7	52	26	83	79	32	7	74	87	8	94	10	95	87	13	25	23	91	4	4	83	93	
1	1	75	34	55	99	89	100	68	20	25	39	14	95	53	19	91	69	14	61	85	18	52	82	22	61	58	2	50	69	94	69	47	90	45	32	31	3	12	68	47	3	98	2	98	30	59	75	97	66	42	14	56	60	99	39	6	81	5	82	96	71	79	84	74	81	85	68	64	30	26	59	86	99	77	58	11	49	43	29	53	64	85	41	43	87	93	9	100	8	16	8	90	79	16	95	65	27	7	60	48	28	54	90	48	9	17	19	12	54	89	83	29	97	80	28	59	57	8	41	15	77	32	95	66	27	10	9	31	86	80	82	64	1	72	91	34	64	55	72	58	44	3	65	75	81	24	63	3	10	66	17	31	36	91	22	88	81	67	90	33	77	7	96	34	78	53	90	55	52	72	14	9	9	86	16	22	20	32	81	99	92	96	91	72	49	32	90	4	13	100	1	77	69	2	32	6	72	96	55	
74	76	93	100	36	72	100	43	10	21	99	44	9	10	6	19	75	39	53	70	31	15	52	58	46	92	1	46	84	51	21	13	98	52	7	66	72	92	50	96	8	92	37	22	92	27	47	25	30	95	99	61	39	47	45	28	7	49	62	75	47	32	61	56	97	22	79	29	93	87	2	56	82	9	54	18	32	59	32	83	79	66	87	61	48	77	70	64	99	41	17	79	22	7	52	22	98	55	55	77	96	1	90	38	6	10	47	69	49	71	74	56	68	91	67	18	25	83	4	4	37	91	40	49	70	60	46	30	92	66	9	51	84	49	15	33	91	38	82	4	70	26	59	35	54	23	96	10	12	66	73	63	67	51	59	57	87	56	4	96	49	37	26	28	35	26	6	89	29	3	72	84	46	80	7	26	57	24	7	65	100	40	38	52	40	50	84	62	92	83	26	11	74	46	22	17	41	17	26	14	
16	38	91	85	75	82	90	12	38	61	96	28	10	84	3	33	85	95	20	29	91	76	97	100	72	62	81	64	94	69	69	56	60	39	58	37	56	21	81	51	2	73	90	83	28	81	76	5	91	36	23	46	33	78	74	40	77	26	87	39	19	37	24	22	65	30	81	18	93	41	16	72	63	51	66	85	13	13	72	25	99	18	72	64	85	69	84	72	39	5	13	77	56	28	80	72	8	13	20	16	86	36	48	6	84	10	48	81	10	95	48	40	12	92	43	46	35	28	91	49	54	41	99	41	69	20	95	40	34	92	98	52	41	21	66	13	28	37	95	93	41	89	94	37	65	62	1	25	58	81	52	19	81	39	45	20	75	88	95	71	40	25	2	27	1	95	54	8	73	22	42	32	3	39	3	9	93	97	72	77	63	65	54	80	98	27	69	24	41	94	95	45	88	17	38	43	54	37	66	21	
45	59	7	88	98	55	73	70	54	62	72	78	82	87	91	63	86	24	56	86	42	8	58	14	94	4	24	71	22	31	24	75	63	33	6	92	30	32	28	22	43	41	82	37	89	90	31	40	74	40	40	35	35	2	85	34	63	5	59	6	79	52	32	76	48	54	12	52	58	25	73	46	79	49	67	31	98	63	89	5	65	48	83	70	20	78	82	7	10	42	32	80	69	47	2	58	54	44	15	12	35	41	9	10	10	33	87	44	15	24	45	91	46	24	50	55	49	16	46	15	44	20	83	37	19	34	86	43	2	12	68	35	90	40	98	96	80	46	20	47	31	62	7	27	62	61	99	60	21	71	11	74	80	3	62	41	33	83	90	77	31	20	24	71	35	40	96	11	100	49	73	6	31	76	4	97	51	3	26	84	88	11	26	84	33	9	25	80	6	59	71	25	12	24	56	79	94	96	87	87	
61	89	65	9	83	50	96	40	4	88	100	25	100	27	4	91	21	10	97	55	99	44	87	42	75	40	87	41	10	79	27	78	52	64	92	58	43	31	34	26	77	44	71	4	78	95	50	66	75	18	91	26	16	67	91	27	39	62	8	47	20	15	42	49	99	71	88	51	78	26	91	70	43	54	47	81	47	55	65	16	7	90	36	22	34	46	53	74	28	88	26	3	80	25	95	55	5	33	39	95	12	68	17	47	48	87	59	60	86	2	98	10	32	1	45	71	28	73	20	35	42	4	78	13	72	35	9	90	26	84	55	97	94	10	19	5	97	54	12	9	75	67	98	89	42	22	98	48	55	53	69	10	92	85	47	75	34	96	27	79	42	2	77	75	17	53	82	97	23	48	37	97	7	59	26	10	31	12	49	62	11	77	18	62	86	18	44	41	35	31	86	87	37	67	77	29	28	31	79	26	
49	55	4	59	74	65	9	33	29	31	33	70	9	81	65	3	59	12	57	93	20	86	13	95	46	3	54	29	18	14	94	46	3	10	43	63	29	11	55	93	10	19	52	84	100	93	59	62	87	61	19	93	58	12	95	65	14	96	95	45	4	86	81	70	84	95	58	25	53	28	83	26	24	55	55	52	12	12	6	22	21	13	71	64	13	67	20	8	68	21	96	88	67	4	80	14	18	31	61	65	92	42	19	69	81	44	60	92	96	80	67	55	8	75	45	40	52	15	68	18	97	100	22	55	42	68	65	82	17	48	42	86	10	47	65	1	7	91	15	2	87	48	70	64	74	18	86	100	4	53	85	25	46	20	38	92	93	30	10	86	13	18	38	58	22	43	52	33	65	100	76	73	85	88	45	28	24	47	54	2	45	34	10	64	73	8	96	3	30	34	23	91	76	1	93	43	75	47	4	91	
41	2	46	72	53	3	77	51	40	45	82	38	22	55	80	31	61	64	26	27	58	76	80	59	55	25	3	42	81	66	81	63	30	82	57	46	64	6	10	53	88	78	40	51	67	61	97	58	78	30	36	7	49	28	31	67	76	94	66	53	32	29	83	2	79	40	86	62	71	90	58	58	37	8	76	72	23	45	79	5	40	84	87	51	12	82	61	82	76	83	45	100	99	25	98	20	77	87	73	37	6	51	12	49	10	15	86	96	30	49	73	20	62	13	25	78	78	32	13	21	47	37	4	58	84	93	78	86	13	47	98	1	63	57	26	20	81	81	74	84	12	7	30	95	15	73	8	55	84	85	93	45	93	38	93	88	66	12	80	66	84	28	52	15	17	51	6	69	38	65	11	78	71	44	92	86	63	31	36	75	30	66	23	68	12	53	3	51	11	32	13	60	16	78	30	55	100	14	67	31	
96	41	75	52	51	41	32	87	23	32	7	16	46	12	10	17	59	34	44	33	10	94	12	71	68	58	36	96	7	49	40	82	56	14	37	52	76	58	35	30	70	7	72	59	77	10	34	89	85	52	77	24	2	57	94	89	36	7	39	86	58	59	37	20	100	20	23	44	57	79	55	25	61	60	25	42	76	18	88	20	8	81	74	70	75	28	49	28	49	69	30	71	23	49	17	9	98	4	70	96	72	84	54	71	95	24	2	80	49	9	50	93	2	26	12	87	91	35	3	95	33	87	59	57	85	74	4	57	93	51	83	38	52	95	85	27	69	83	11	8	81	98	3	17	81	77	20	100	4	14	36	80	21	44	66	10	33	66	20	76	59	87	44	86	2	87	57	65	47	7	62	36	22	82	97	25	86	94	56	70	73	59	100	40	11	38	87	75	89	46	63	67	59	80	10	76	79	33	62	73	
25	8	96	92	8	9	8	73	100	62	25	64	64	13	88	47	22	8	86	49	99	35	40	99	1	88	57	24	57	90	50	32	69	21	12	13	25	73	93	72	82	72	34	86	16	57	18	64	41	72	46	60	63	94	95	27	67	76	33	19	14	86	21	65	52	12	93	36	93	29	5	93	19	84	39	7	84	58	22	22	30	25	98	43	100	34	89	24	26	16	39	93	56	46	25	55	74	8	37	43	85	51	89	74	48	45	98	67	73	50	38	2	75	18	90	67	6	21	19	72	37	47	90	80	41	39	46	38	39	53	86	88	12	100	53	99	65	82	15	100	32	20	92	45	25	69	19	78	56	100	8	21	26	75	53	81	17	76	22	69	55	24	6	33	17	71	94	79	15	37	17	49	15	24	30	24	93	61	45	95	11	27	88	14	63	60	91	7	100	93	65	99	12	97	44	17	94	89	72	74	
50	60	78	28	43	85	67	10	11	78	75	23	17	78	66	56	8	76	85	21	19	60	30	37	71	45	77	100	53	22	64	38	33	63	68	22	10	30	92	53	67	21	18	86	18	14	66	36	20	5	95	29	46	7	44	56	87	83	35	80	79	78	43	2	74	37	71	51	44	22	70	72	54	15	18	33	42	8	65	23	65	2	83	78	30	70	3	66	78	85	93	93	87	24	54	100	18	41	37	51	54	6	83	56	40	91	10	55	20	93	2	92	75	31	10	86	67	52	54	7	81	85	71	60	77	78	25	35	39	46	65	45	15	22	30	6	71	39	6	25	11	65	52	36	63	25	47	48	10	35	12	80	93	74	95	41	72	81	2	80	81	69	91	96	36	86	33	38	2	25	30	23	69	14	48	10	20	84	36	52	61	35	71	29	39	5	44	74	27	84	98	91	98	67	60	73	86	47	51	26	
85	17	68	60	97	23	88	28	77	64	30	88	88	7	32	3	18	19	28	44	85	17	2	86	71	45	47	55	91	11	64	94	10	22	93	50	50	37	98	32	49	18	63	30	46	75	35	39	92	95	2	85	9	97	97	36	75	73	35	41	60	52	30	87	81	58	81	61	53	91	56	94	1	77	4	23	18	2	15	1	35	6	42	76	83	59	1	35	29	58	26	97	6	21	32	67	66	41	31	5	36	63	29	68	12	46	32	8	62	2	75	75	90	54	65	82	97	100	100	77	24	48	33	84	67	22	76	51	45	47	24	24	24	42	46	31	32	18	50	2	2	10	17	39	84	55	85	42	27	11	94	65	14	59	71	99	28	50	41	70	95	36	51	39	50	46	12	84	3	51	33	90	12	83	93	16	21	5	16	70	31	70	9	98	1	70	56	75	47	42	59	87	55	10	44	81	12	95	4	28	
93	35	12	59	6	71	59	74	79	73	73	14	32	91	17	2	13	61	67	8	85	13	38	9	80	72	78	7	52	17	60	21	86	72	62	11	80	99	67	34	9	54	6	40	56	49	78	39	57	42	52	21	22	5	78	97	73	63	61	36	25	72	38	80	53	78	74	24	34	30	31	84	88	6	64	31	39	75	30	30	3	93	22	76	6	70	90	36	66	20	23	59	96	37	17	5	94	31	88	83	43	67	97	91	92	24	1	75	13	26	18	31	54	65	61	42	24	71	97	7	99	80	56	25	8	10	38	39	90	3	37	96	82	17	38	40	29	49	61	79	81	92	2	33	92	50	54	27	83	15	45	78	51	39	7	70	37	4	40	25	68	82	39	54	29	14	96	3	28	69	69	7	9	74	2	81	19	70	35	66	56	23	1	72	73	17	67	3	32	24	68	97	43	43	40	93	51	14	90	49	
45	70	48	54	55	2	11	27	8	46	19	11	47	33	88	100	78	62	71	37	47	79	6	68	65	40	98	68	32	86	17	46	10	98	51	99	93	15	4	32	32	50	71	39	97	19	92	81	41	25	59	34	2	58	1	23	29	56	33	96	6	81	78	33	70	50	21	6	4	13	72	25	27	97	37	57	69	24	11	100	74	16	78	32	63	15	38	100	79	55	9	88	86	2	51	12	81	22	44	9	53	36	80	67	43	50	45	45	25	12	90	10	65	61	76	66	18	73	91	21	95	62	51	89	29	59	56	20	40	12	31	77	85	46	30	82	61	22	46	72	73	23	71	26	13	8	51	61	8	74	62	21	28	72	33	51	14	26	59	3	52	33	8	89	78	90	65	11	51	52	48	75	21	71	62	20	72	85	83	6	56	23	76	25	72	81	40	74	10	47	57	78	74	98	74	34	92	61	100	61	
56	80	82	68	74	39	6	48	88	42	80	17	96	66	36	40	60	22	57	31	73	42	78	65	88	36	81	83	63	43	78	7	94	1	45	69	5	53	37	21	42	31	5	30	76	40	59	91	5	59	75	50	64	2	46	16	40	70	49	78	39	96	47	38	69	45	82	87	83	71	67	62	63	23	90	63	11	93	84	70	49	48	98	66	63	68	34	29	48	52	86	61	51	67	96	57	91	100	3	80	100	18	28	18	46	55	71	40	78	87	67	86	82	42	66	87	63	30	67	50	39	33	55	2	76	71	84	49	82	98	66	70	48	44	38	33	55	74	65	63	97	39	33	24	33	13	82	8	42	57	39	52	91	100	45	71	62	71	91	53	17	36	65	2	67	65	99	82	70	29	60	11	45	27	80	23	80	40	86	24	23	68	80	64	36	72	15	67	21	35	98	8	45	18	25	28	1	11	49	38	
29	47	84	84	23	78	3	81	84	23	28	86	45	86	78	21	60	55	34	90	64	83	40	56	84	2	53	28	32	34	77	96	48	70	72	6	73	53	90	58	87	2	81	47	88	64	12	65	81	79	83	45	29	76	87	87	45	34	26	60	26	98	26	45	7	37	4	52	79	27	3	78	48	25	5	31	43	43	27	6	14	41	46	51	3	32	31	34	34	25	100	32	59	100	37	38	48	64	23	74	43	59	59	25	35	49	28	52	78	91	6	67	97	24	18	63	17	19	7	5	92	90	46	29	47	57	68	6	97	28	37	48	21	1	69	5	10	93	71	90	28	17	63	28	53	92	78	48	26	76	43	55	31	72	19	10	40	54	69	20	98	56	43	72	48	62	68	66	14	85	59	40	80	1	96	13	61	20	24	73	16	54	13	8	22	39	81	25	3	68	3	50	63	4	14	89	82	12	91	31	
8	58	97	71	68	31	8	76	1	68	81	6	68	72	9	41	68	17	49	26	10	19	43	35	30	23	6	48	84	64	79	51	45	74	70	85	79	63	51	35	50	72	33	75	88	53	50	86	60	34	15	40	79	99	69	34	67	56	19	100	93	27	66	79	40	75	71	26	47	26	29	2	94	22	26	32	85	16	100	66	70	100	46	91	53	72	78	92	32	54	36	27	37	89	69	3	64	76	37	22	9	16	57	83	28	16	73	15	32	35	21	52	100	71	73	30	19	19	31	83	71	81	70	15	47	56	58	3	76	45	35	98	62	51	31	55	14	86	2	40	86	24	81	84	74	4	70	75	37	29	73	46	57	22	51	76	76	96	81	84	48	20	90	55	39	98	31	76	96	62	90	53	61	29	80	68	25	27	76	37	75	11	73	40	19	6	32	47	29	35	4	40	12	20	6	98	27	77	18	6	
47	16	81	70	24	52	98	80	25	26	94	80	32	87	28	67	58	33	35	71	67	25	88	77	59	89	52	84	59	21	64	72	48	35	51	1	8	12	45	11	40	90	15	37	31	34	10	67	54	40	85	69	69	61	45	60	17	44	2	29	19	78	27	10	16	22	2	68	12	40	56	13	43	18	16	91	86	27	66	58	23	8	45	96	24	82	32	27	61	75	13	98	77	44	37	40	23	9	37	34	45	16	8	4	91	46	20	68	13	3	19	54	100	97	91	67	7	31	19	30	6	33	75	83	12	19	8	63	23	95	74	88	26	67	57	16	37	52	71	9	80	69	80	33	42	83	15	25	36	1	49	93	64	20	83	19	27	21	54	69	56	25	56	93	12	46	41	64	23	5	13	38	72	56	56	82	42	67	69	47	45	41	59	88	50	20	2	49	21	81	61	81	70	72	88	91	9	32	59	66	
20	99	91	7	97	48	49	27	79	81	50	37	60	84	74	31	8	19	60	69	15	85	70	78	13	34	32	48	43	78	28	91	44	40	91	55	79	85	56	97	36	29	92	91	1	69	63	84	67	56	17	81	92	56	83	55	54	27	38	52	60	95	31	85	15	18	86	89	27	61	13	35	16	78	66	97	3	68	79	19	66	94	44	46	94	57	12	88	67	18	19	96	87	14	45	4	19	92	27	10	38	10	41	4	49	15	35	18	21	95	72	7	77	7	21	50	5	83	30	58	61	77	72	69	15	20	78	93	10	70	80	83	18	58	8	14	6	21	88	50	100	77	49	92	95	65	23	92	66	36	28	64	6	78	73	59	93	77	57	91	70	38	21	93	82	19	55	55	17	75	22	8	72	83	10	27	89	47	60	56	82	11	30	29	12	39	9	73	12	18	74	55	88	93	69	33	50	58	98	49	
88	27	83	51	78	12	91	57	21	92	93	64	64	13	97	72	51	75	64	7	26	7	12	49	65	42	43	75	88	39	69	44	27	1	73	16	98	97	13	75	97	54	17	4	62	61	39	66	95	34	16	86	24	11	61	87	51	69	14	55	14	27	50	87	31	44	10	14	34	64	19	71	27	99	52	24	33	57	66	63	83	12	18	15	65	25	91	78	100	72	71	100	56	57	12	77	46	68	55	85	43	46	15	37	54	44	42	97	47	33	37	81	24	99	95	39	92	71	6	61	88	72	16	40	97	81	16	11	89	27	29	23	39	44	6	18	75	33	87	60	75	95	12	40	57	35	53	49	37	78	62	35	70	47	40	44	60	98	49	70	57	11	20	54	79	24	81	30	99	73	2	25	81	50	25	15	35	17	48	26	100	82	61	25	54	12	52	13	5	64	80	92	15	12	30	76	68	66	61	7	
60	71	12	71	73	10	50	98	33	35	95	65	47	6	83	100	42	34	60	100	98	35	87	87	28	29	77	50	45	31	29	24	36	24	44	26	96	4	67	77	29	74	10	79	46	21	59	71	22	82	82	48	53	6	76	33	55	27	94	84	98	26	33	17	97	15	98	42	92	66	45	20	71	30	26	47	56	25	33	43	38	66	58	83	99	19	26	65	33	52	35	11	73	87	2	80	6	29	68	94	63	52	77	91	41	20	4	100	37	87	47	85	48	80	62	33	90	81	33	77	72	75	22	79	30	3	47	53	66	92	63	64	34	83	33	88	74	91	62	1	23	13	82	39	92	21	92	42	86	69	69	93	20	58	93	88	46	57	10	54	40	52	58	77	46	13	89	77	18	65	54	28	61	12	62	31	77	16	23	57	52	81	82	37	23	13	14	12	30	63	18	77	95	81	94	1	44	19	86	100	
77	55	37	60	84	70	67	98	65	98	20	21	34	35	85	13	7	95	13	12	69	83	24	55	65	20	14	13	3	1	47	70	84	10	57	50	74	99	4	69	9	7	40	89	53	91	53	84	45	64	50	57	77	73	88	88	51	12	47	32	49	93	46	6	76	62	62	28	94	27	10	89	94	79	12	66	53	65	9	71	18	90	49	41	79	1	39	53	97	39	10	16	81	69	50	46	58	60	94	77	19	80	32	40	99	83	78	22	4	59	90	71	33	56	51	55	46	70	75	72	16	22	78	7	100	4	88	57	56	51	45	46	43	64	73	81	31	98	62	59	52	1	45	4	27	64	8	70	79	2	9	24	96	61	4	90	57	94	21	47	35	19	58	42	2	1	3	95	15	41	99	15	82	49	76	58	88	62	15	96	45	65	80	46	15	66	44	67	42	77	61	40	10	51	82	99	26	72	63	15	
18	67	55	41	60	16	59	60	75	38	4	76	1	32	38	9	71	63	74	100	39	40	97	90	30	7	12	17	22	97	39	94	3	76	37	68	51	61	59	40	35	1	70	48	36	90	4	41	87	18	11	31	29	65	9	24	64	97	48	11	46	54	34	95	3	38	40	2	6	65	34	17	64	30	73	67	34	51	35	39	42	62	22	72	10	72	41	8	42	11	63	65	41	13	70	24	68	30	25	71	77	84	95	49	41	37	13	55	58	57	80	60	84	25	89	2	29	15	83	69	40	79	7	57	31	18	69	13	32	63	63	81	43	40	95	15	2	82	52	37	39	4	2	69	7	33	10	63	100	15	16	97	38	84	60	14	28	6	32	97	18	79	93	21	86	96	87	62	16	28	36	87	17	26	63	31	61	16	65	20	72	62	91	24	46	41	5	8	65	34	22	81	82	27	45	64	36	66	87	40	
88	55	96	37	41	94	82	24	97	28	22	62	66	55	87	12	100	63	60	3	100	27	9	60	18	87	54	50	36	92	36	69	18	2	46	28	25	4	55	4	43	26	73	87	13	51	87	70	46	37	27	58	56	100	11	76	22	24	88	64	34	57	27	61	52	30	42	22	48	2	44	42	87	94	88	22	25	19	60	12	93	54	92	86	51	17	34	36	24	62	28	2	37	2	4	20	43	81	58	91	69	21	66	70	69	19	72	42	84	85	41	77	67	8	29	76	47	47	12	15	97	30	100	31	40	5	18	45	5	40	49	52	73	5	30	95	68	85	53	93	12	74	91	26	58	34	100	77	6	90	83	4	1	81	11	7	77	59	81	45	91	50	51	67	51	65	94	1	20	44	40	32	90	75	17	6	4	5	59	77	97	45	72	46	72	59	94	10	22	74	61	34	28	30	83	92	14	34	39	5	
76	57	35	24	71	54	5	68	72	11	75	71	34	65	71	31	100	43	93	11	55	3	96	3	48	22	30	79	72	54	24	89	97	33	89	77	41	90	17	36	95	31	91	25	58	18	26	8	34	84	85	49	12	7	62	31	63	91	2	35	3	14	43	80	21	13	57	98	86	74	29	82	30	46	71	98	80	39	51	76	96	51	25	97	9	98	18	75	75	55	39	8	45	67	28	70	26	31	35	26	95	74	27	60	20	34	35	68	93	74	39	78	22	10	59	71	57	56	19	20	81	3	4	18	5	24	88	95	57	99	77	3	22	13	51	64	9	1	48	8	20	77	83	4	28	27	85	33	48	52	22	78	52	63	39	8	27	2	82	67	10	98	22	51	80	70	87	21	71	96	6	47	22	38	49	39	22	70	22	69	90	31	62	97	11	22	25	6	32	59	97	18	37	63	83	78	27	50	50	22	
97	53	41	39	71	43	92	50	46	65	85	43	12	99	24	68	72	94	75	96	26	48	90	43	35	18	60	47	58	83	72	25	76	42	60	29	33	1	65	60	92	67	82	10	63	30	72	53	61	74	32	18	25	67	91	54	82	97	26	94	5	5	100	65	4	44	64	37	2	25	93	10	55	20	7	77	23	28	44	64	5	15	17	55	44	54	94	18	43	43	24	54	58	24	27	5	25	55	36	37	7	22	10	46	95	86	9	65	78	4	46	25	76	38	56	84	68	58	8	78	16	47	88	69	18	88	49	75	41	62	85	25	40	47	5	89	19	91	70	95	91	31	14	32	98	4	22	18	35	2	14	87	1	84	29	16	49	77	98	61	97	99	70	39	70	6	77	74	50	38	2	98	86	94	92	88	81	16	56	81	59	22	94	49	18	95	5	13	30	45	71	1	43	90	49	20	86	62	93	35	
17	34	61	13	100	23	10	40	23	60	28	3	89	21	54	57	83	38	60	3	83	38	14	39	29	92	54	27	30	9	93	7	80	67	68	78	5	15	41	75	57	38	57	29	67	78	28	40	25	74	15	67	40	16	18	87	69	71	12	50	17	69	70	28	52	48	33	41	76	57	97	35	95	75	68	21	50	55	12	55	15	69	21	64	90	88	4	89	20	7	49	3	34	33	9	14	92	11	61	43	24	13	9	30	40	43	90	82	86	57	38	35	51	39	20	49	6	3	63	93	11	53	57	13	45	95	75	9	74	85	88	18	51	64	33	27	89	99	2	60	96	81	20	34	98	75	54	94	92	9	19	87	97	50	54	51	65	87	18	38	74	57	80	9	53	18	27	50	4	88	29	75	40	72	19	38	24	63	26	82	3	29	90	10	76	34	45	77	20	64	2	63	73	62	52	45	14	79	83	19	
75	48	50	17	66	83	46	62	91	100	56	36	81	96	42	9	71	95	89	66	78	14	81	27	80	77	5	74	86	28	13	69	3	72	61	83	7	73	40	49	76	51	91	41	66	6	33	99	89	93	20	93	70	46	67	50	25	80	55	54	52	25	91	41	71	81	45	98	28	40	52	14	80	1	43	35	24	68	86	14	84	65	22	55	20	24	68	9	15	39	17	85	62	44	55	10	63	77	24	3	35	68	31	92	34	2	26	17	13	93	39	39	45	90	40	82	97	76	23	10	89	66	56	32	5	57	41	74	43	92	46	85	75	100	14	6	60	35	94	51	82	43	6	73	39	71	35	2	100	83	41	59	79	34	86	92	36	84	77	50	13	88	70	52	51	62	19	44	41	11	47	18	56	53	73	72	55	10	53	90	3	10	62	20	82	60	24	78	65	86	90	45	90	9	42	22	48	43	7	36	
63	8	22	18	7	63	31	27	68	79	57	14	43	100	69	63	6	10	100	35	69	54	5	40	99	40	86	45	90	89	97	12	58	49	54	22	38	79	16	3	1	10	43	50	55	61	87	14	63	93	52	44	82	84	72	50	97	6	37	92	55	11	9	35	87	87	51	72	65	11	99	46	69	74	27	52	7	2	32	73	74	76	72	61	65	15	29	46	90	83	38	61	78	88	2	38	82	47	52	76	96	78	86	66	92	12	84	48	47	51	53	46	47	3	12	98	28	45	95	70	27	92	51	63	40	99	62	85	92	54	60	54	93	76	68	6	65	68	75	1	69	61	76	85	85	73	5	39	44	62	34	2	38	97	25	94	17	92	29	44	46	37	32	65	72	91	69	91	87	49	44	79	38	45	36	19	29	87	63	29	3	29	46	93	16	49	13	32	42	36	66	78	88	6	49	36	55	83	83	96	
87	31	12	78	51	85	69	44	3	41	33	77	46	8	41	95	59	93	83	43	38	19	96	13	32	52	9	60	82	32	60	9	28	42	24	56	14	61	54	48	74	54	94	92	58	85	39	22	23	49	6	4	5	46	24	2	86	52	46	77	38	93	70	80	90	99	94	96	65	95	57	54	32	95	86	1	60	99	99	72	95	37	35	62	14	87	48	25	37	67	15	69	36	87	15	86	98	37	9	61	63	60	80	9	98	68	55	42	98	83	86	65	24	37	31	66	37	35	74	80	29	63	45	63	49	77	85	88	46	60	63	18	2	10	70	29	86	55	26	74	27	65	98	35	64	62	25	3	32	49	93	67	3	31	42	7	40	3	10	76	88	97	32	30	37	83	98	40	94	31	28	60	21	99	45	10	40	76	13	78	72	86	24	92	81	93	96	18	74	71	10	31	80	81	26	47	27	21	14	37	
92	42	50	57	10	15	12	30	54	9	87	77	60	46	60	62	31	46	2	32	87	46	11	100	25	11	72	25	30	65	43	10	14	15	62	5	29	79	81	20	70	42	45	24	74	59	28	90	77	79	11	72	26	92	87	25	95	25	96	51	84	4	85	90	95	61	97	65	85	28	58	21	20	50	18	54	66	83	53	51	30	8	25	10	9	85	42	53	43	46	8	2	29	65	85	15	48	77	99	73	46	55	82	51	52	35	97	86	1	38	88	45	24	96	77	70	48	98	88	83	23	64	46	81	52	3	25	18	85	54	18	5	43	53	12	38	70	96	71	5	62	39	90	71	12	85	92	93	21	19	55	58	41	42	11	53	51	67	92	41	43	32	8	74	3	15	43	64	82	46	78	18	42	7	77	92	6	7	65	82	22	2	91	18	40	43	20	39	58	78	84	37	99	97	4	44	86	46	82	65	
17	40	71	23	90	14	73	76	57	78	87	98	14	52	59	70	97	19	85	62	20	52	54	60	11	91	11	97	84	12	75	51	28	36	18	81	12	9	52	35	81	26	37	33	41	42	82	37	65	20	100	80	57	79	27	11	71	64	44	40	2	94	16	23	69	92	87	64	56	83	71	91	90	75	69	64	6	73	70	95	49	46	16	22	68	43	79	85	99	52	96	98	48	99	75	67	94	9	20	13	54	33	64	84	41	90	94	10	63	52	12	15	24	82	85	48	21	62	26	18	39	34	43	43	73	22	40	51	75	93	2	43	96	95	90	62	5	52	75	66	90	91	84	56	93	42	19	55	48	4	70	78	2	14	78	61	50	39	87	57	2	4	61	28	23	72	33	80	47	97	58	89	98	18	89	38	16	57	89	60	57	43	59	32	59	76	30	92	21	15	31	77	5	65	40	59	92	32	18	85	
89	73	78	5	54	58	55	19	79	64	34	49	99	73	69	40	36	88	9	24	65	25	4	77	28	85	23	14	69	29	10	84	22	25	57	60	49	22	33	84	37	12	60	90	19	66	12	31	52	21	94	74	93	86	43	74	36	9	47	90	39	26	66	8	71	41	21	54	61	74	74	92	82	46	71	61	45	97	77	29	64	9	26	36	88	84	4	52	85	94	37	38	30	11	59	94	34	92	56	20	48	97	1	49	21	40	10	47	57	95	100	22	42	17	46	44	1	51	67	58	44	83	64	40	5	13	47	64	100	76	10	53	95	47	48	94	16	88	79	34	11	43	38	71	75	62	50	94	94	84	1	17	96	53	31	84	10	42	85	69	29	28	81	1	45	84	84	98	88	9	28	66	82	83	86	44	98	70	90	97	12	50	20	83	65	45	91	14	97	39	83	29	27	94	47	98	50	99	11	92	
77	76	21	34	43	32	22	44	90	59	44	75	99	86	40	55	5	100	92	54	57	24	51	60	95	81	97	88	23	67	55	3	56	32	9	87	18	49	27	61	18	94	1	89	86	51	40	92	80	75	1	99	13	99	43	47	60	55	72	53	61	96	61	30	65	12	13	22	22	94	33	60	45	34	74	83	17	7	12	46	34	41	58	7	67	71	83	59	33	53	64	49	35	21	4	37	5	42	62	70	75	94	72	15	66	98	19	65	26	85	53	30	46	38	30	38	69	31	57	8	6	33	73	95	30	51	5	33	14	68	70	12	90	48	27	48	29	53	30	21	50	91	23	93	98	63	8	27	70	67	11	18	29	92	86	7	64	76	95	15	89	67	71	62	48	31	8	16	18	8	48	30	33	50	71	76	17	18	76	82	32	89	48	61	43	71	55	74	76	37	2	25	100	90	38	74	22	97	14	56	
66	88	85	36	85	1	96	13	48	91	26	50	73	68	14	18	85	14	41	100	100	4	27	32	87	44	84	94	1	14	88	90	73	1	2	79	8	54	2	10	94	31	76	17	24	99	57	71	70	47	66	77	52	83	99	25	59	40	51	89	79	71	79	100	68	18	49	94	15	55	22	36	84	72	100	29	17	56	27	31	35	67	74	7	33	97	83	4	75	90	49	51	7	93	54	36	99	30	62	26	37	66	91	33	13	96	5	1	20	27	99	6	31	40	82	33	5	55	16	14	18	88	81	15	95	64	89	27	6	6	29	38	62	94	48	21	82	51	76	78	71	90	66	87	15	31	47	65	67	65	74	43	32	96	14	90	89	68	49	56	18	7	30	27	82	14	12	66	92	43	61	84	74	3	66	39	57	18	72	96	67	51	24	59	19	50	61	5	51	10	53	82	79	85	23	67	21	3	67	34	
7	59	11	74	39	56	85	64	72	92	99	1	31	48	24	85	55	72	39	10	72	91	33	35	32	39	85	78	44	94	87	78	18	98	84	95	39	2	44	80	42	19	90	40	3	41	1	95	4	24	13	20	81	50	94	19	69	42	54	14	61	48	2	78	84	95	60	1	13	82	11	80	97	11	99	14	83	23	94	35	4	91	16	26	6	5	75	39	50	79	98	52	46	47	23	93	6	70	73	39	32	58	34	91	28	80	97	7	81	69	65	71	32	29	61	55	10	14	37	6	75	74	31	2	68	9	19	89	60	65	86	70	5	16	29	82	6	6	83	59	3	69	57	60	4	35	37	12	14	31	89	68	23	19	62	24	2	80	38	2	69	33	23	25	24	7	13	11	33	96	55	79	46	80	6	43	62	8	2	16	47	79	65	92	2	61	55	66	72	81	91	91	77	44	22	67	60	58	3	27	
89	63	25	10	26	7	58	7	70	55	88	4	97	18	89	68	30	76	3	26	87	3	73	58	58	14	53	44	36	59	71	24	65	30	50	1	60	37	38	46	58	2	38	58	82	31	62	71	93	18	88	41	93	96	42	43	96	69	12	70	35	20	68	100	39	73	33	51	75	20	48	32	49	69	30	97	58	56	42	7	50	29	71	10	49	61	72	47	66	49	100	27	82	29	95	97	96	32	40	47	78	77	64	38	37	46	54	91	81	83	82	39	18	49	22	74	93	86	52	21	33	91	98	82	85	1	91	99	35	68	55	96	52	88	53	51	6	60	52	75	10	29	60	65	11	37	27	21	12	22	58	1	68	35	87	64	11	88	40	9	92	7	69	54	56	58	27	78	61	53	56	39	29	48	10	31	8	45	96	66	54	52	79	73	63	19	9	60	15	94	81	100	49	20	98	9	6	97	62	71	
68	31	9	36	9	72	93	78	9	67	42	20	56	60	91	82	12	81	59	88	13	72	50	97	97	34	77	21	2	100	33	55	15	38	34	41	64	20	84	98	18	16	35	94	75	28	59	45	75	86	87	63	84	13	77	34	28	87	28	69	34	36	12	93	80	34	86	38	66	19	86	36	41	41	4	90	93	99	98	58	99	57	21	32	90	27	77	77	70	12	98	44	37	75	5	84	51	95	3	70	3	45	55	82	95	20	12	15	74	11	15	6	50	61	46	65	71	2	71	88	87	62	62	52	53	48	70	2	94	75	26	71	75	79	30	76	83	52	4	22	31	5	79	93	86	80	19	1	25	49	94	33	35	5	12	50	94	46	57	12	72	74	44	72	22	24	95	67	9	67	85	9	75	2	35	54	16	38	82	12	78	96	55	79	41	86	92	49	12	61	97	35	45	18	32	25	39	79	47	43	
13	31	17	79	71	6	94	80	57	63	1	66	44	84	49	31	30	31	3	86	68	43	74	20	74	64	70	73	70	31	81	59	23	15	91	16	87	24	76	61	23	43	56	76	21	50	21	70	21	66	62	64	34	38	66	18	31	85	93	36	37	23	70	73	86	28	34	25	90	82	92	60	59	32	90	9	47	6	88	70	26	16	79	81	23	67	44	76	80	36	16	90	53	22	44	86	92	10	18	20	12	62	72	4	93	47	9	2	84	8	100	25	2	79	72	63	90	40	9	50	60	1	59	37	93	8	95	60	51	1	74	5	66	34	21	78	59	75	22	14	88	89	10	79	98	70	67	11	86	14	62	21	66	72	35	62	73	66	57	32	68	43	6	16	32	12	10	53	16	5	79	41	55	97	70	40	83	100	86	70	41	90	33	30	50	17	42	70	8	10	27	92	40	70	50	27	5	25	5	21	
51	42	25	58	14	57	65	47	7	66	6	60	26	70	94	52	12	96	15	81	45	51	12	57	69	50	68	72	66	80	69	52	53	52	14	49	6	46	4	87	23	81	84	10	82	8	4	69	100	77	5	49	77	36	100	56	87	19	76	57	7	79	60	28	56	82	26	63	55	21	52	80	2	47	6	46	20	80	58	100	45	7	6	11	1	97	8	17	54	97	83	9	93	12	71	59	31	19	36	32	3	100	58	70	41	31	75	87	12	81	32	11	2	81	73	97	28	86	80	100	75	23	52	39	12	20	91	96	82	69	27	62	90	11	50	71	3	10	31	88	100	84	85	2	56	29	5	40	92	68	3	73	73	15	79	89	59	87	32	9	67	54	99	59	7	78	69	3	9	24	3	17	76	49	87	52	86	18	83	69	90	50	51	51	54	83	100	1	52	2	65	47	93	93	91	23	90	4	92	90	
78	46	40	26	44	97	22	67	50	60	75	37	89	30	78	34	83	12	70	94	19	92	45	26	5	18	95	8	12	16	46	16	91	57	96	56	37	39	82	3	58	95	14	92	21	51	57	88	53	79	58	59	73	100	6	33	46	90	10	25	14	46	76	84	88	6	76	76	49	95	40	9	45	64	28	26	29	21	23	85	48	45	17	61	25	60	43	37	90	77	74	26	17	51	81	1	93	9	30	72	87	5	44	26	89	62	67	48	7	98	20	65	10	92	23	39	17	24	69	77	95	13	1	4	74	77	31	81	43	61	65	39	91	43	91	90	69	29	5	89	84	43	80	66	73	82	61	37	19	3	71	44	77	79	10	19	48	42	33	7	79	83	37	66	69	74	19	71	52	21	58	46	79	63	43	82	75	27	83	83	100	9	87	37	12	50	77	55	13	44	53	61	10	34	28	44	47	18	34	94	
57	47	86	39	56	48	39	95	21	67	76	76	24	100	65	89	67	35	59	19	7	51	23	15	17	83	96	49	78	51	25	99	63	26	8	86	58	67	98	27	88	98	85	33	54	46	78	78	18	21	59	31	90	11	94	82	57	86	17	84	48	47	52	1	29	47	28	91	13	75	47	63	90	49	94	69	8	68	91	10	89	3	78	43	75	43	18	79	28	10	53	35	90	87	94	92	2	78	59	32	2	89	3	59	94	7	98	70	30	3	92	52	17	2	71	33	63	81	80	49	12	82	45	2	91	83	14	20	6	76	98	90	84	38	23	66	57	60	79	10	85	80	14	24	4	11	84	91	50	93	17	48	54	86	92	19	69	13	39	78	87	29	64	56	54	29	2	92	51	52	31	86	90	19	99	14	43	27	66	76	87	55	17	10	53	90	83	53	32	97	96	78	37	59	3	18	98	50	88	43	
91	65	3	95	96	56	36	15	51	77	82	1	45	26	13	67	80	1	74	68	11	52	84	36	89	46	95	28	4	67	91	29	49	14	35	68	100	84	53	100	61	69	79	89	93	75	41	47	6	44	86	61	70	33	70	35	27	39	39	14	77	90	85	43	34	43	52	87	3	18	79	51	34	18	58	83	74	55	99	28	98	96	83	33	65	65	50	65	38	85	52	82	67	99	94	13	22	59	59	51	60	34	65	35	37	27	89	64	95	17	45	36	39	33	26	24	28	84	33	92	40	39	4	69	26	4	32	34	73	85	35	71	56	71	93	87	60	65	93	79	2	66	24	100	75	98	68	31	63	61	77	88	22	69	6	75	25	96	40	99	15	28	3	28	23	50	78	42	24	67	11	3	83	4	93	88	71	1	69	1	27	19	82	14	20	15	32	89	16	31	4	45	39	88	32	73	25	27	17	76	
61	86	78	88	3	12	11	46	97	75	9	15	94	40	9	42	77	24	44	8	43	55	36	63	95	99	29	100	61	92	44	70	42	43	28	19	99	99	54	71	7	5	89	4	1	30	11	1	31	52	52	89	99	92	68	21	53	99	60	50	77	12	77	19	30	82	74	42	8	83	83	78	39	98	93	8	92	58	48	5	25	81	95	91	62	20	63	35	100	22	35	5	26	73	87	39	54	94	66	86	40	89	75	54	65	62	42	74	15	81	25	63	84	92	13	33	53	74	42	95	57	92	27	7	58	28	98	98	39	85	64	12	93	75	98	15	4	11	86	98	56	73	4	75	16	73	33	43	68	18	44	32	53	38	81	43	100	32	53	25	8	87	50	78	2	16	17	94	24	9	50	96	84	64	64	36	54	67	21	76	42	1	6	48	53	23	99	9	10	27	75	85	76	49	82	49	36	84	4	86	
99	3	47	47	17	30	76	21	19	43	74	56	53	34	84	24	97	79	59	6	76	67	98	86	11	4	21	99	20	49	95	52	64	78	78	27	93	100	27	43	39	96	87	98	35	84	88	65	81	38	42	23	80	29	57	37	85	52	50	30	82	66	60	87	60	1	30	61	44	1	76	47	53	46	57	53	66	66	6	5	34	39	43	75	42	98	30	84	30	26	94	37	46	69	98	62	36	2	19	50	90	1	81	23	62	61	22	18	73	77	69	25	55	50	8	13	92	4	83	65	35	21	64	33	34	27	4	75	71	73	62	85	42	62	63	31	35	37	80	70	29	82	11	98	73	62	70	9	89	84	66	30	26	33	47	58	53	85	7	80	49	42	10	78	4	69	64	35	93	89	97	48	57	47	15	19	35	15	22	30	14	62	29	93	84	60	46	67	88	33	20	76	77	77	84	77	13	7	92	23	
49	24	96	51	75	43	33	15	94	2	30	27	56	58	33	32	44	27	64	9	99	10	65	84	62	72	47	50	5	55	85	63	3	64	89	48	6	33	26	89	14	93	88	28	36	28	74	17	62	53	64	84	72	77	92	90	74	52	17	20	92	28	84	85	22	52	65	29	54	13	14	21	60	15	35	23	72	51	37	18	1	62	52	12	43	51	60	72	10	2	99	86	6	74	11	80	55	28	70	26	82	63	24	96	1	99	98	86	8	20	19	47	85	54	51	82	78	70	15	23	53	92	8	10	100	85	22	54	35	5	25	92	19	50	8	47	37	27	19	67	5	61	84	68	33	70	6	14	2	72	29	31	36	92	88	5	83	84	19	59	49	80	69	61	42	26	43	8	49	88	52	63	65	59	77	20	45	98	93	7	70	46	39	23	65	6	94	18	52	80	4	67	56	83	65	64	83	7	92	29	
80	11	75	92	82	30	71	22	60	91	94	89	51	54	30	35	94	42	38	68	67	80	83	71	83	93	2	64	39	35	44	3	63	24	95	64	67	11	1	80	22	9	24	5	62	91	94	32	13	68	80	73	60	24	58	19	23	56	96	95	10	45	52	19	14	39	26	33	3	87	98	31	7	72	66	17	6	16	40	44	57	2	83	25	68	88	71	32	18	21	43	21	20	25	21	96	20	12	59	80	3	77	63	10	25	60	48	100	55	100	78	48	42	27	61	8	48	75	25	92	49	42	70	63	77	33	18	94	2	39	3	93	55	94	27	65	12	21	1	11	40	37	91	31	43	9	14	7	97	76	39	10	51	42	95	52	32	91	80	70	6	4	84	79	68	99	7	8	84	76	93	81	35	67	66	9	18	35	80	70	53	5	34	55	46	41	93	30	65	86	26	65	12	7	41	57	50	38	71	22	
4	52	89	33	58	60	88	12	100	69	68	58	11	62	19	21	22	93	67	20	50	1	50	2	22	11	30	9	95	47	36	90	15	87	82	5	66	35	86	85	35	4	82	24	95	2	90	32	37	41	100	38	31	11	39	87	98	94	18	20	22	23	37	69	87	55	57	12	91	26	94	20	63	69	64	100	69	87	86	38	38	68	95	91	56	74	98	93	90	53	47	47	3	13	4	72	37	82	62	31	23	78	3	12	58	21	55	4	84	4	56	10	27	83	8	42	26	37	36	66	37	86	79	100	6	48	35	92	100	44	32	21	48	94	70	67	14	12	25	86	92	19	50	63	68	89	2	97	51	55	100	70	65	52	94	78	15	27	96	3	36	84	87	48	82	51	71	58	39	17	35	28	75	13	75	45	30	57	85	52	78	41	71	81	28	93	92	47	57	53	7	15	74	96	51	16	72	49	76	34	
43	39	93	52	82	39	11	77	73	57	59	91	11	12	18	57	79	96	59	8	35	9	91	56	93	60	68	75	76	71	7	67	41	84	95	98	41	85	83	79	32	27	89	89	91	44	2	84	60	23	18	44	13	88	92	85	8	27	13	42	77	83	14	56	62	85	24	76	78	56	23	100	45	22	20	97	32	34	84	59	21	65	44	4	94	91	57	66	40	99	77	88	26	5	14	63	28	95	17	72	35	80	10	66	81	71	53	53	85	14	100	35	11	15	74	57	76	29	1	36	78	69	2	15	90	52	2	9	83	62	49	19	4	84	67	65	31	22	49	14	68	3	93	61	18	84	72	76	55	55	39	72	44	9	63	53	78	52	26	34	90	22	27	31	88	73	61	55	11	44	78	61	31	19	35	97	86	3	9	53	34	98	15	96	57	87	95	55	81	8	79	20	39	79	64	35	55	53	77	32	
89	39	8	83	91	97	68	48	4	54	32	36	15	69	81	78	45	91	85	91	2	3	93	14	99	96	6	22	94	38	36	41	64	59	39	88	24	84	29	12	32	58	78	91	6	32	74	75	36	67	98	32	12	93	38	45	29	22	73	18	13	98	60	25	56	74	18	11	16	34	72	31	16	49	6	44	67	13	64	44	72	3	43	49	81	66	16	4	74	61	89	26	92	34	81	91	84	15	35	62	22	53	66	73	52	11	69	85	93	36	8	12	94	45	62	39	43	73	49	28	62	69	9	16	83	22	14	19	41	34	93	55	70	1	11	74	89	58	94	62	3	71	17	77	44	66	29	39	100	39	7	59	13	86	20	5	35	72	48	33	57	26	11	4	40	46	76	33	76	26	72	70	7	86	83	23	26	46	47	11	22	2	2	44	33	70	16	13	41	71	16	42	60	6	33	11	59	87	42	4	
12	9	81	23	82	2	14	99	37	100	15	86	63	22	15	29	20	15	27	53	47	9	67	76	61	92	53	91	76	11	48	29	100	96	43	46	57	55	55	89	82	8	53	72	63	83	56	24	54	58	18	98	95	94	48	84	4	47	13	57	91	92	93	33	51	16	21	9	75	42	52	56	65	78	5	20	70	64	30	33	39	44	31	1	31	82	30	4	57	98	57	15	49	78	61	92	22	47	27	7	60	90	17	63	19	74	10	25	45	80	21	80	65	78	21	52	55	46	93	64	35	93	24	97	4	78	87	87	59	2	67	58	78	17	18	43	68	1	33	21	73	44	48	88	32	30	31	10	70	72	59	85	33	45	78	86	72	64	21	46	23	60	17	50	56	73	26	49	88	90	46	12	56	32	61	62	43	90	5	13	73	78	97	85	53	46	100	10	31	3	5	21	46	24	9	92	44	58	63	89	
43	9	12	22	80	6	18	28	89	86	23	45	74	11	62	8	15	13	85	60	27	41	82	22	71	14	44	92	77	21	97	50	39	21	76	90	64	63	31	83	75	50	100	2	60	60	85	69	4	14	3	48	81	38	40	39	3	57	15	17	21	49	50	26	95	54	36	71	2	79	54	69	68	20	63	2	42	96	39	81	94	3	86	22	33	99	47	37	96	68	62	93	33	95	18	100	62	5	65	43	80	92	31	67	81	80	92	46	93	21	26	93	14	51	28	91	31	57	64	6	70	20	96	38	1	52	1	97	79	38	3	41	2	96	29	32	23	68	35	66	73	77	54	22	53	26	36	51	65	44	13	33	16	3	6	26	82	23	64	78	79	42	31	81	77	80	65	56	46	88	37	53	79	39	92	27	64	87	33	56	25	70	13	78	51	21	74	78	1	44	12	11	58	37	30	76	15	64	60	33	
93	94	78	47	4	75	38	30	23	26	64	2	77	87	51	64	70	73	97	92	80	26	96	93	37	53	60	8	56	51	21	30	6	69	60	74	95	82	76	26	47	18	8	79	82	80	52	17	11	71	18	4	67	60	50	39	31	16	3	93	5	4	45	80	82	65	4	7	86	9	77	71	13	95	19	1	90	8	52	11	51	78	7	26	55	11	67	5	20	46	87	19	22	76	9	94	13	56	57	100	54	7	36	51	39	3	85	20	38	44	75	74	59	39	72	100	72	22	20	78	47	58	61	84	81	63	84	50	34	97	31	42	14	53	92	96	19	35	5	72	15	79	86	69	38	33	92	42	52	9	86	45	3	99	8	70	42	30	85	90	27	37	73	90	8	97	34	36	90	87	93	23	90	69	64	20	38	71	83	93	67	76	61	60	68	39	69	38	5	34	50	20	1	36	41	90	43	12	53	1	
41	22	50	15	95	39	59	58	95	45	49	34	66	93	26	14	85	41	1	38	30	59	83	56	71	31	82	8	48	3	55	11	12	2	35	44	2	85	80	23	59	44	9	48	22	98	28	98	27	23	100	87	1	73	59	2	68	97	86	56	73	61	88	30	98	88	87	34	76	51	67	82	31	74	10	38	20	5	23	16	59	52	19	24	8	56	43	51	11	27	19	20	52	41	86	97	89	8	26	27	95	10	91	59	45	62	47	38	93	66	53	95	71	7	33	45	19	51	83	73	40	93	4	60	11	39	29	54	86	25	42	11	78	31	86	14	62	87	12	35	79	10	92	6	81	47	88	95	94	63	20	78	6	8	67	66	94	81	27	49	75	81	65	65	45	62	48	34	83	92	60	99	41	82	20	47	42	4	38	78	71	27	96	40	13	26	73	63	10	91	20	21	61	7	39	50	33	76	92	48	
4	43	73	17	96	36	90	77	58	69	15	3	92	33	50	54	20	5	44	25	63	20	85	46	100	97	84	2	5	71	52	26	56	87	60	62	69	11	90	56	21	54	95	78	4	18	92	60	5	93	93	45	53	87	16	71	18	41	69	67	12	91	59	95	5	42	42	91	73	87	79	69	91	28	94	33	97	23	13	81	44	16	37	94	62	1	22	61	60	12	96	71	72	92	70	83	54	15	10	41	96	38	22	57	20	41	75	92	88	10	81	41	99	70	51	71	10	76	19	59	44	88	90	14	7	8	16	51	92	94	7	53	61	84	7	90	24	64	50	62	89	19	19	75	43	58	5	52	78	53	5	86	26	70	66	40	62	13	98	98	46	29	65	51	31	77	97	74	8	54	31	18	99	100	12	58	56	36	87	99	18	74	50	25	96	87	3	38	21	55	25	49	43	95	13	52	31	95	58	2	
94	66	67	7	28	14	86	50	7	19	36	22	42	4	81	48	12	94	31	34	43	4	72	38	67	70	57	41	42	10	6	93	51	1	86	69	1	52	21	93	71	36	39	88	58	27	30	57	52	18	34	29	99	66	46	34	2	84	52	67	77	86	78	42	62	26	43	10	96	19	62	74	31	87	14	43	92	1	36	8	10	47	92	33	33	5	99	94	18	76	38	83	5	27	67	53	22	77	5	68	90	32	88	87	75	33	34	93	66	33	17	72	28	37	14	62	40	76	27	93	60	46	57	28	77	27	49	65	36	17	40	51	50	10	64	89	2	11	94	73	59	48	69	25	100	53	83	32	15	78	35	72	82	42	94	62	64	44	46	68	48	53	1	25	73	61	48	35	59	62	13	84	17	1	79	26	46	85	38	50	9	4	57	77	69	31	26	50	5	42	7	94	46	82	18	57	47	55	56	34	
61	65	1	45	9	91	21	52	3	97	58	38	48	55	90	12	93	37	39	23	37	84	11	8	23	43	52	43	83	25	28	14	36	52	45	25	73	24	69	31	46	19	14	56	42	46	66	24	58	71	9	52	55	75	45	59	1	59	56	68	76	59	48	87	80	83	57	90	75	83	47	25	58	11	89	38	66	88	64	90	25	10	76	70	85	44	80	17	57	38	85	45	75	61	47	92	79	74	15	49	80	1	81	56	88	83	96	30	12	66	76	81	50	4	26	71	54	96	21	77	98	57	94	6	59	2	77	87	84	92	3	67	39	42	76	68	80	88	46	66	87	42	13	96	32	85	84	91	27	52	72	64	23	30	81	13	44	93	48	99	8	98	63	33	76	20	95	73	29	98	7	49	55	6	97	91	26	61	13	100	6	82	15	89	76	62	29	99	19	15	33	85	17	36	38	68	12	77	45	80	
49	7	5	21	69	42	55	44	13	50	86	38	65	61	73	92	14	9	88	33	29	77	51	26	45	47	11	30	5	65	100	49	73	28	11	52	50	1	41	25	43	85	65	99	81	80	15	61	38	27	80	26	72	3	41	40	71	58	57	38	47	52	7	52	100	75	60	71	12	63	41	94	37	48	21	96	55	84	40	28	69	20	32	42	6	17	18	41	96	62	7	57	56	23	64	71	19	21	96	86	30	76	67	4	95	90	27	10	80	20	22	2	41	40	59	91	69	81	54	57	49	10	21	32	81	82	98	18	77	29	10	92	87	85	95	49	38	40	57	57	32	33	39	40	53	7	19	80	96	26	48	21	64	85	27	98	46	48	66	95	55	48	27	96	53	8	53	49	65	7	10	22	5	24	5	15	81	41	69	68	16	31	90	32	77	61	46	54	14	84	43	11	14	1	67	37	81	74	93	15	
17	43	8	7	48	13	30	11	100	14	6	97	38	3	92	74	3	76	37	19	10	39	9	86	18	85	70	97	12	70	59	47	67	80	70	8	45	16	48	64	74	27	95	45	49	25	55	19	42	3	17	5	35	67	15	41	52	37	64	96	83	39	12	2	90	32	56	58	60	17	76	1	94	38	70	74	10	63	21	28	55	80	94	85	18	98	43	98	88	45	11	76	63	32	82	74	2	32	27	50	22	38	90	96	71	77	79	86	66	76	69	80	70	25	3	53	20	84	69	91	70	54	47	97	45	67	61	38	50	44	76	41	57	69	15	56	2	9	12	32	9	7	78	99	25	80	59	70	3	34	33	46	78	90	49	98	68	99	95	52	24	46	90	4	51	15	39	68	5	39	76	35	66	85	93	25	41	55	87	16	66	41	55	40	60	63	14	51	32	60	1	49	55	61	65	62	34	92	7	97	
36	95	47	55	14	69	99	99	15	91	36	39	65	18	55	96	23	6	67	82	39	27	60	1	40	32	39	85	87	42	70	81	23	19	48	88	27	60	60	47	85	67	55	64	14	47	94	61	94	7	83	96	39	23	54	26	52	67	99	32	11	43	98	55	12	89	37	50	70	88	84	80	36	1	23	42	38	51	34	63	86	41	53	97	71	19	19	97	46	93	34	65	16	82	6	12	9	69	51	37	94	43	33	49	40	31	42	13	84	59	55	81	95	68	52	17	98	48	56	70	57	40	35	18	91	10	97	74	13	46	88	43	2	29	89	18	69	92	72	68	67	79	87	15	8	49	49	6	36	90	57	23	79	27	75	46	48	8	55	24	54	2	15	20	88	11	89	67	61	1	57	52	95	78	10	8	70	42	28	47	91	65	93	89	90	53	19	71	77	7	30	82	95	15	94	96	4	48	25	73	
90	83	52	7	18	59	63	1	39	77	80	42	74	23	6	14	75	68	32	32	54	44	30	17	68	94	87	95	3	34	17	16	74	87	99	8	30	55	99	45	30	64	35	25	70	13	63	16	63	51	80	20	64	66	8	29	37	16	92	43	86	10	38	24	97	47	73	2	99	11	61	68	92	70	98	33	36	72	58	2	45	4	79	48	81	18	3	33	47	70	58	10	95	42	15	66	96	78	83	45	100	71	77	37	25	20	2	18	28	87	24	69	36	82	33	36	56	20	25	38	11	52	19	79	50	98	99	57	88	37	97	32	4	28	67	7	33	7	74	43	54	83	29	28	87	42	80	4	84	22	26	60	42	37	81	29	53	98	48	46	2	18	69	97	33	19	28	16	69	79	15	2	35	17	13	15	85	91	3	82	37	53	86	21	19	73	44	49	99	98	93	77	15	98	47	68	6	21	44	52	
33	33	17	37	35	71	85	8	21	20	14	13	23	86	97	33	26	25	31	94	21	21	6	8	42	22	17	49	14	10	86	40	16	82	65	39	4	81	65	25	86	56	50	99	40	38	7	48	61	4	43	92	81	63	28	6	11	68	25	27	27	38	76	92	16	33	4	43	14	91	3	82	99	93	91	79	21	63	17	88	91	6	6	38	92	10	27	26	96	64	63	16	56	69	96	72	92	57	19	23	66	46	7	26	2	24	77	38	52	44	6	91	51	39	8	65	43	90	56	21	20	58	58	93	51	22	70	80	70	32	32	8	61	81	71	30	23	69	44	6	99	37	64	3	50	10	69	84	87	27	11	17	31	73	65	65	1	63	27	90	15	69	78	30	66	54	49	43	97	4	75	50	32	45	70	99	18	49	5	44	35	57	60	81	85	76	57	31	92	19	58	29	68	43	2	3	42	31	48	16	
34	7	30	85	48	13	43	64	17	44	38	98	39	46	8	24	35	27	48	25	43	6	99	16	27	77	7	54	100	35	80	7	23	99	69	87	58	69	14	54	5	6	91	14	67	77	51	61	65	64	76	14	62	85	94	55	8	91	6	14	22	31	64	72	78	87	50	66	5	74	13	64	33	79	36	18	57	37	88	74	89	98	83	65	72	19	92	15	29	50	37	93	91	98	82	16	48	47	38	24	60	29	96	28	27	71	75	58	15	86	33	96	39	54	89	2	72	55	93	93	54	77	42	21	67	51	39	9	52	65	30	74	28	1	62	27	25	54	72	16	59	66	56	28	78	78	61	79	48	31	4	50	81	90	65	51	25	33	96	4	20	97	30	10	64	82	58	36	35	73	56	95	65	35	38	83	33	64	27	8	57	25	6	8	97	63	22	64	83	82	38	16	8	23	38	80	33	45	43	54	
17	71	43	43	54	97	58	48	97	75	69	10	33	91	35	84	28	61	55	57	64	48	24	96	4	41	82	63	63	100	54	15	85	82	2	97	48	89	76	57	69	33	4	91	66	67	12	88	7	94	70	39	16	58	89	18	8	2	4	66	86	94	71	28	60	7	73	2	88	63	26	40	4	12	92	69	3	72	21	42	73	39	7	27	98	81	61	80	30	75	34	64	27	90	92	21	21	55	26	6	57	73	34	35	1	35	17	22	17	2	17	36	50	29	78	67	48	39	12	82	79	46	2	86	51	80	70	53	51	72	37	3	23	45	48	82	24	56	22	32	7	69	54	23	2	4	42	68	82	88	40	56	77	8	45	31	73	76	53	51	88	33	66	64	19	69	12	62	26	3	36	49	64	50	24	6	99	15	51	56	27	19	65	7	16	96	72	54	95	40	36	30	49	43	9	13	72	55	82	75	
42	7	51	9	50	40	55	99	29	43	57	98	82	48	27	37	30	57	70	58	59	93	25	65	61	8	85	76	93	11	5	52	58	14	89	85	100	95	91	30	49	66	35	36	34	91	90	40	76	26	52	82	52	74	86	76	8	72	50	41	84	54	87	29	67	27	44	93	88	92	79	83	44	89	98	19	67	85	38	6	25	72	78	82	95	25	70	80	1	75	16	97	41	88	30	96	24	39	42	2	15	4	78	26	95	40	53	43	51	87	71	86	46	14	90	65	62	98	46	19	24	13	1	96	65	70	6	18	62	91	83	15	72	84	31	14	7	58	24	12	78	74	29	50	16	69	26	99	51	73	46	73	80	97	62	77	61	20	8	15	11	19	54	82	69	47	60	43	88	32	59	41	14	80	79	66	53	4	67	73	79	47	38	22	71	50	80	38	83	89	9	44	73	47	87	35	61	42	27	8	
51	96	24	57	66	46	14	46	63	89	29	70	36	11	52	74	59	13	67	38	25	56	16	20	64	40	3	34	62	1	63	24	94	83	66	98	8	46	47	27	50	42	55	37	25	59	45	81	44	82	91	10	64	62	60	25	83	13	88	78	66	99	33	55	57	47	30	90	7	9	44	24	62	88	16	31	65	62	30	54	77	13	90	83	23	15	36	78	66	77	8	23	71	14	77	6	11	3	43	56	41	2	53	6	54	96	82	52	6	57	94	33	12	96	65	99	68	31	41	55	81	89	3	87	94	87	77	27	19	69	98	43	33	84	8	12	13	27	95	10	69	19	2	78	17	64	43	7	71	61	76	26	65	34	48	97	48	95	53	39	89	28	49	58	12	60	91	78	7	37	20	18	11	1	45	55	46	17	85	76	47	78	42	42	57	67	59	31	97	20	23	44	22	33	32	47	45	30	58	51	
1	91	65	11	10	19	71	82	28	1	98	22	74	94	32	100	43	96	50	60	78	45	100	55	38	1	30	78	45	34	42	57	62	6	14	43	52	75	46	13	16	95	18	66	7	23	13	97	27	33	84	31	41	55	89	17	27	85	56	71	79	39	47	87	83	42	85	16	79	75	69	17	22	50	22	84	38	98	23	61	9	27	16	54	48	56	30	55	10	81	35	16	40	73	19	56	63	4	47	24	59	92	90	89	8	11	97	33	69	65	79	38	84	3	11	82	66	76	64	55	30	77	95	62	1	21	74	50	44	91	40	64	80	98	16	66	11	78	67	53	3	71	92	42	94	35	8	8	58	55	33	49	56	36	34	74	35	73	49	68	67	16	43	36	62	43	78	84	80	43	63	24	98	91	46	84	5	68	81	2	23	82	6	24	83	49	40	60	98	28	27	56	29	78	30	24	94	13	42	69	
55	80	68	60	87	74	39	18	6	72	50	5	96	29	44	99	83	55	63	22	90	8	96	63	32	85	47	4	12	79	85	92	62	88	91	84	55	46	15	23	47	31	4	20	77	76	92	8	63	12	42	68	58	3	9	76	10	23	49	36	34	71	25	95	64	13	37	63	41	10	37	81	9	21	67	20	82	78	55	85	60	86	29	44	83	4	47	68	22	23	42	13	96	69	71	99	9	25	21	92	16	57	55	29	73	100	23	65	38	47	15	2	3	28	51	70	14	96	23	17	99	18	15	16	20	71	50	4	41	87	94	82	47	88	18	92	33	61	9	16	9	52	51	24	24	93	49	84	39	11	76	88	46	90	83	8	59	29	65	5	61	69	97	35	26	88	7	80	99	23	31	5	2	36	34	59	22	98	84	71	8	7	41	11	60	20	11	81	52	57	80	39	21	37	1	24	18	95	93	1	
82	61	90	62	50	68	10	67	97	86	5	82	80	32	12	22	79	10	94	13	15	4	97	40	40	36	35	94	87	7	100	17	17	32	12	95	7	90	6	48	26	69	56	5	2	15	63	19	96	81	14	51	26	68	10	36	71	93	31	65	23	12	49	33	30	8	9	29	91	29	3	99	87	41	9	96	22	12	74	98	66	93	60	32	23	54	63	60	63	39	89	93	57	24	71	76	84	53	59	30	85	87	52	3	22	49	48	100	65	7	37	25	51	69	52	29	85	62	5	75	73	65	41	28	44	96	38	88	11	49	31	46	97	9	8	43	96	53	67	5	24	21	52	67	9	89	88	76	17	44	26	90	88	87	92	54	62	98	7	39	1	79	4	73	3	32	37	43	23	19	25	41	40	70	12	95	24	85	83	25	58	92	83	27	95	92	91	64	58	84	88	11	40	55	10	51	41	2	75	69	
86	47	80	59	3	93	63	65	15	45	86	15	90	89	19	5	33	25	61	95	15	60	17	15	72	5	42	30	19	14	61	75	44	29	23	90	68	76	88	41	57	33	30	82	1	29	93	57	54	54	100	77	42	49	35	17	80	32	12	40	75	70	73	13	37	14	25	16	80	3	34	40	91	2	17	13	33	63	47	71	80	96	78	81	28	58	57	99	49	26	14	77	38	48	45	97	79	36	26	13	3	19	72	72	42	73	37	76	11	62	17	30	33	69	48	60	59	90	13	22	2	54	99	36	40	6	2	29	47	44	28	78	58	28	48	61	55	56	85	79	3	58	31	11	50	97	52	93	35	78	72	46	37	93	60	31	13	7	10	76	57	15	75	56	36	59	20	63	31	25	59	55	97	94	66	42	55	63	36	34	23	88	4	58	33	49	43	42	31	41	25	89	92	22	20	54	7	84	21	13	
98	51	87	54	72	68	16	67	33	54	73	32	82	28	2	75	33	61	34	67	89	41	42	51	58	28	14	89	55	53	8	71	34	68	65	65	72	92	74	62	43	42	19	41	13	95	63	45	66	29	60	25	81	18	81	75	7	17	39	93	64	86	37	50	53	13	5	47	83	24	37	57	51	77	49	94	54	52	37	80	83	9	70	59	71	100	27	70	63	57	81	84	41	80	59	13	37	38	51	87	90	64	14	84	32	6	97	73	78	36	49	23	90	7	75	11	40	53	38	8	25	28	15	87	32	47	98	75	18	79	60	18	89	66	30	84	79	39	9	41	17	46	86	3	96	48	63	81	28	61	70	12	53	23	99	18	84	49	22	35	52	2	50	95	49	41	18	24	5	41	55	44	63	80	36	11	2	98	6	21	13	25	99	98	55	36	34	33	14	74	24	72	76	4	52	76	88	24	12	62	
21	46	24	19	28	18	58	28	99	94	36	6	76	89	62	94	57	86	29	61	59	4	36	2	6	43	84	76	94	63	79	89	82	99	30	93	65	11	88	87	62	60	18	25	52	88	88	24	28	62	12	70	49	21	1	86	100	32	41	31	82	27	78	80	34	85	3	100	43	56	35	54	58	27	85	90	25	84	2	35	82	33	11	90	11	12	39	40	45	10	81	2	40	53	20	83	71	26	80	72	50	24	9	46	3	31	7	85	71	22	15	69	12	9	21	45	80	61	72	72	81	61	82	17	90	22	86	40	56	38	21	42	98	82	33	74	46	29	75	55	76	79	90	83	84	57	65	35	75	31	7	56	79	90	41	99	17	55	5	66	95	35	32	65	64	14	11	98	2	40	97	63	96	95	32	93	82	26	6	78	13	32	4	11	52	85	87	46	95	65	88	55	6	90	83	92	91	33	10	89	
17	46	18	75	54	91	47	19	96	87	15	90	64	2	93	16	10	50	5	29	85	95	26	51	43	59	25	63	61	80	76	11	52	64	36	29	13	78	39	80	53	8	30	2	95	94	44	52	33	75	65	65	10	4	73	38	82	11	24	61	32	31	26	3	23	52	71	28	77	39	63	98	44	67	32	48	56	79	44	13	94	37	29	71	86	29	86	11	78	95	32	21	98	8	78	42	52	37	70	1	54	45	9	80	39	76	59	88	44	82	24	14	83	74	71	27	1	29	56	83	50	12	49	26	75	38	94	72	53	45	99	7	18	83	50	3	80	48	2	97	49	63	19	4	64	47	59	67	13	19	86	32	39	69	82	100	1	6	24	85	78	17	45	35	50	80	1	91	36	70	94	80	95	4	18	17	84	57	25	52	37	94	69	61	98	56	60	47	74	83	44	74	29	33	77	100	60	50	74	39	
57	96	84	41	20	50	73	62	96	48	21	1	29	93	29	23	2	67	39	9	28	13	36	91	1	96	36	7	98	19	33	66	15	15	31	1	57	1	92	95	57	8	30	1	30	92	82	72	71	49	38	26	13	1	65	80	18	52	14	11	68	24	4	11	17	59	40	55	100	41	90	97	9	69	21	26	47	79	74	47	57	97	74	49	81	8	36	89	21	99	35	44	39	45	58	70	100	93	98	83	70	34	86	7	3	4	26	45	92	97	30	48	93	2	62	80	96	80	56	10	25	62	76	63	17	49	92	19	73	36	45	77	89	86	71	66	6	10	35	70	87	43	99	93	64	15	77	66	75	35	83	61	92	64	20	12	79	97	5	93	10	13	70	38	24	79	45	46	34	12	66	36	32	18	51	50	25	21	65	71	11	68	19	56	24	63	49	30	40	85	84	23	34	76	39	98	79	33	28	1	
4	75	98	46	51	6	84	48	24	27	5	20	17	65	55	78	79	38	19	54	40	61	54	1	4	93	62	83	18	67	26	4	28	31	93	94	13	83	31	50	90	61	18	92	32	99	62	60	80	19	50	54	27	90	66	31	3	74	45	88	3	10	79	18	55	57	60	65	26	9	17	87	76	75	82	48	41	57	56	50	70	69	19	64	88	42	11	98	77	6	44	98	84	99	45	12	18	8	61	18	93	15	16	26	9	97	10	28	86	25	24	10	16	81	20	23	13	68	82	27	15	31	58	31	6	39	88	38	72	19	10	92	38	44	76	39	43	31	54	40	52	82	14	88	36	19	20	9	45	97	23	62	27	20	47	58	26	91	15	25	8	15	99	83	6	66	55	84	59	95	42	11	93	17	50	56	100	16	63	93	38	89	60	78	74	5	41	68	56	76	74	41	20	43	35	87	76	57	72	95	
29	22	71	23	32	34	49	74	69	33	23	8	42	75	28	100	58	12	85	38	20	77	26	15	45	6	12	48	60	51	45	2	3	35	70	76	85	27	25	17	58	47	18	24	95	71	61	55	23	66	58	17	17	87	38	72	78	61	21	84	91	94	52	47	100	92	69	93	3	63	76	65	34	86	54	87	14	57	95	56	44	90	47	42	48	45	67	46	66	21	16	52	63	41	1	58	21	48	55	22	68	89	22	57	93	51	31	24	63	86	93	20	21	19	72	80	61	25	42	89	35	77	88	61	4	22	81	24	55	29	40	6	16	98	17	57	62	8	16	83	86	75	43	71	54	35	45	18	30	86	26	43	64	38	42	56	46	26	81	41	70	85	18	33	99	53	46	5	22	24	55	2	82	84	25	100	86	1	96	76	19	28	27	43	70	91	94	21	1	30	66	7	9	43	30	47	86	4	83	15	
48	22	50	50	70	41	1	64	37	40	39	7	80	43	42	98	64	19	3	14	61	49	2	62	38	19	54	2	79	59	14	62	98	100	9	84	67	16	42	53	44	54	24	85	72	87	43	32	12	58	52	24	15	30	67	30	6	11	37	10	37	99	94	39	50	33	35	66	5	91	64	20	62	82	29	1	21	27	75	11	66	80	23	50	58	46	60	9	36	27	59	18	76	36	23	13	97	84	24	72	48	58	20	24	97	3	12	47	31	94	61	84	5	70	85	40	20	27	67	47	17	16	62	16	5	70	16	63	10	87	76	7	57	70	18	18	8	45	38	100	18	27	27	1	67	15	98	35	57	3	46	90	87	71	4	36	85	61	41	55	42	91	49	64	15	4	17	68	98	85	63	98	26	57	21	16	1	36	29	35	99	60	44	12	18	2	54	50	63	16	88	3	75	85	1	66	78	25	59	20	
80	24	72	37	3	59	73	66	8	89	11	88	25	11	28	65	68	34	87	79	95	81	24	26	90	10	70	5	10	81	85	33	59	30	99	71	92	53	49	5	90	10	67	22	5	95	32	15	40	18	4	31	98	90	98	17	75	29	53	82	4	12	90	82	88	43	24	77	86	92	22	90	89	65	18	44	73	51	78	2	95	61	20	33	1	98	83	26	70	75	61	12	17	29	14	34	87	92	70	15	22	7	32	7	72	26	49	54	36	56	45	36	16	35	83	86	24	76	69	60	48	23	15	65	59	22	56	26	53	63	13	65	89	90	76	72	2	96	82	86	83	83	66	69	21	22	93	80	85	9	47	5	33	83	38	87	38	13	69	87	28	3	5	27	51	67	85	81	84	83	36	6	6	25	65	63	96	29	44	44	49	92	23	16	59	78	13	9	85	81	2	84	57	89	11	25	92	90	46	95	
55	35	10	88	61	82	77	92	36	46	15	25	91	88	17	3	59	75	2	25	8	49	38	81	95	16	3	16	83	80	80	62	61	36	15	30	76	22	72	76	23	58	98	34	28	40	100	43	28	67	73	60	6	8	21	20	92	19	97	48	78	45	22	24	58	35	37	89	80	43	16	13	95	6	1	93	5	58	94	36	57	10	10	91	65	86	26	55	47	38	82	11	84	21	50	72	64	43	65	30	10	52	81	65	77	84	62	2	75	70	95	52	70	66	6	24	73	37	47	56	26	57	96	20	77	69	81	82	90	29	78	82	60	97	82	96	16	66	12	70	69	83	76	1	76	30	7	70	52	53	11	13	56	93	78	99	50	100	68	16	47	82	44	8	56	73	76	2	71	25	34	21	78	52	71	93	76	35	44	49	51	47	7	63	6	50	79	36	15	91	56	34	44	65	85	53	49	32	75	79	
69	9	31	29	95	2	2	100	50	31	5	59	29	54	97	24	62	30	47	16	62	65	29	88	39	67	61	13	63	97	53	46	73	30	67	64	42	11	67	38	86	2	80	19	79	80	62	25	72	75	95	52	71	72	3	3	36	98	39	53	77	14	30	26	61	22	73	99	43	26	40	40	64	67	97	84	46	98	40	75	2	62	91	21	77	12	75	79	84	79	93	82	93	65	29	96	16	13	54	47	33	26	99	100	63	88	11	45	30	73	11	61	31	56	56	23	16	75	45	82	100	52	45	72	97	90	59	3	3	3	72	22	57	12	32	67	47	54	78	41	90	100	87	27	42	14	70	53	78	34	22	73	25	67	71	18	9	6	16	66	91	37	35	57	27	79	47	23	8	58	23	13	13	37	11	38	19	99	49	51	19	65	73	41	46	16	100	100	29	46	82	52	26	2	45	85	42	84	76	97	
3	51	25	44	12	97	98	32	4	59	93	50	62	43	94	68	45	31	1	80	31	30	21	43	87	42	31	39	55	68	22	81	37	57	39	6	69	18	9	7	93	89	47	21	27	75	61	66	95	21	11	50	63	32	88	98	100	100	4	57	2	97	18	36	67	28	26	75	1	89	11	97	89	91	39	86	83	46	71	73	15	60	1	3	8	76	75	49	63	51	51	78	93	41	95	77	3	5	47	54	84	83	92	40	65	11	77	34	66	59	27	35	70	23	23	68	54	11	41	11	82	81	65	62	45	31	22	29	10	29	86	2	43	50	89	51	79	52	96	90	50	9	55	19	1	62	46	5	41	98	2	78	70	76	27	74	4	82	31	41	65	53	57	25	19	47	78	82	7	92	88	25	32	94	68	89	28	60	92	47	65	55	64	62	29	26	67	71	39	94	49	84	60	55	89	24	59	78	81	13	
48	79	9	97	42	72	44	70	97	15	48	23	72	52	80	48	22	58	2	55	68	14	61	71	20	71	67	89	69	40	12	61	5	4	66	20	58	58	19	20	75	69	88	58	74	74	95	89	51	72	49	64	21	42	37	94	63	33	66	59	21	92	8	27	30	62	59	73	71	2	32	74	28	19	70	34	60	34	23	51	92	64	1	30	45	43	17	79	97	24	27	73	69	93	87	95	71	19	44	7	59	79	96	38	54	26	18	10	23	100	88	71	9	1	76	80	13	73	59	30	61	82	80	91	72	62	94	90	62	46	24	91	59	20	48	24	65	79	55	33	51	87	17	82	6	29	39	34	71	15	2	97	13	61	96	50	57	15	90	55	93	86	60	6	65	38	42	6	41	83	4	99	4	69	19	60	27	44	23	7	73	64	76	81	17	90	10	2	64	62	29	66	16	41	31	47	92	66	95	98	
18	36	20	31	90	48	83	7	71	74	20	15	40	90	39	76	17	62	38	3	63	100	95	13	7	14	93	68	46	72	42	45	69	2	29	24	69	27	55	95	33	7	70	91	28	63	26	62	87	38	56	6	97	15	86	89	47	14	36	48	71	88	49	21	52	93	36	91	12	96	11	70	82	100	61	63	57	26	89	81	20	88	10	26	51	92	75	12	51	42	59	11	47	39	52	5	82	47	48	24	37	32	91	52	80	84	62	64	68	40	14	29	98	72	25	64	8	40	88	29	25	37	46	24	46	97	49	10	20	93	92	18	32	83	61	59	92	73	79	30	51	37	10	14	48	93	23	55	81	96	44	85	78	60	40	25	77	89	32	40	89	21	81	8	7	22	42	24	11	27	58	98	11	61	56	78	43	12	16	63	41	62	81	85	94	6	26	22	11	20	49	65	47	47	12	43	81	98	13	10	
45	90	5	75	65	72	81	61	56	74	11	85	54	80	22	77	5	40	14	4	91	80	7	18	28	6	39	42	52	35	11	36	37	62	59	11	72	15	36	25	60	66	28	31	47	24	58	91	5	1	79	18	25	96	45	6	61	86	87	13	61	14	98	11	2	87	87	19	34	6	59	90	75	21	20	92	41	28	96	72	36	15	38	31	21	21	80	68	68	79	92	59	59	4	75	29	51	98	81	35	77	7	72	40	98	33	86	73	12	11	63	39	1	73	72	36	22	19	50	12	54	23	15	46	72	11	18	76	82	16	81	40	59	65	43	19	2	63	41	50	54	12	53	20	53	84	65	46	28	57	33	53	51	68	13	96	69	76	77	60	90	19	85	97	16	71	57	83	60	95	33	55	52	98	24	74	70	18	59	6	46	29	17	94	15	71	5	17	36	25	3	70	87	97	4	98	92	38	56	68	
16	34	53	71	53	34	49	72	92	86	9	31	94	51	41	48	1	25	6	58	55	44	72	93	89	17	91	88	9	86	36	15	47	70	80	3	61	10	45	73	2	37	54	26	76	54	78	54	91	19	39	56	69	89	48	92	84	2	74	45	15	73	57	62	57	86	60	46	77	44	47	78	28	64	60	73	22	91	8	35	53	61	86	99	43	94	44	19	79	98	53	52	5	63	87	56	1	21	18	97	39	74	49	50	27	9	18	8	53	38	60	5	70	17	81	72	39	6	20	39	12	13	66	41	59	22	95	34	60	49	93	43	76	45	71	50	61	19	86	17	83	50	90	15	23	60	6	41	93	87	70	46	21	39	26	87	31	62	61	63	53	73	76	63	96	50	67	49	20	92	49	36	85	56	63	5	91	2	78	50	16	26	90	6	71	44	52	70	64	83	100	43	69	80	35	24	92	69	44	73	
58	14	34	82	52	41	20	77	89	35	10	59	51	51	81	67	48	82	53	12	9	78	13	71	18	10	10	74	93	56	77	42	66	95	37	44	60	38	33	61	73	18	14	74	85	80	3	80	97	1	86	85	37	100	24	82	48	19	12	23	28	39	45	45	3	70	64	96	56	64	85	56	76	78	31	25	39	48	1	8	30	19	47	23	49	100	53	98	32	2	57	6	44	85	24	3	79	85	75	34	16	87	32	84	69	25	44	96	3	87	91	44	56	67	40	15	81	32	2	9	52	14	44	5	94	25	5	45	24	13	96	20	30	91	55	61	55	9	92	42	100	77	83	32	99	46	94	93	92	95	16	100	74	69	73	3	26	29	46	14	19	44	57	22	72	80	59	40	11	91	43	34	87	60	49	41	94	54	13	79	100	67	10	26	5	52	29	38	88	75	26	89	34	75	49	83	38	91	48	83	
71	37	20	4	1	33	73	1	58	5	25	49	47	89	45	19	24	6	28	98	7	40	3	37	92	7	25	71	49	38	1	40	12	11	34	81	79	38	28	63	13	38	52	14	96	94	81	79	51	58	38	29	48	68	85	31	84	53	22	27	24	67	45	50	77	21	40	14	42	44	70	59	47	71	20	74	16	76	42	58	35	11	63	38	53	60	73	68	12	31	60	86	83	16	25	64	97	60	56	14	6	8	90	62	24	80	41	3	51	75	7	74	75	3	74	67	25	47	49	73	13	12	67	8	10	6	13	77	78	32	18	39	92	14	74	5	66	60	49	70	1	55	53	89	9	67	18	30	47	55	13	10	78	38	63	38	50	99	54	51	71	49	31	64	54	38	31	60	81	64	42	33	46	47	30	68	21	50	9	36	100	71	2	22	17	70	38	6	48	27	46	43	84	97	78	2	60	28	80	73	
62	80	95	66	83	8	30	31	55	8	18	16	64	56	27	50	54	3	43	33	48	94	19	81	10	99	3	84	14	66	62	79	55	24	17	75	70	68	12	93	41	42	15	76	78	49	4	21	50	11	12	15	13	10	80	33	78	3	63	69	72	15	10	52	22	61	85	58	21	90	68	54	42	35	13	46	90	41	7	43	89	81	55	64	41	99	8	59	90	99	37	60	38	21	68	39	35	82	33	41	21	94	4	92	41	6	35	30	11	89	100	27	47	32	10	21	3	29	21	12	5	30	42	65	22	32	30	20	65	42	74	58	21	97	76	51	72	15	12	8	52	13	32	16	10	88	52	65	57	81	41	31	1	5	10	21	5	19	14	32	77	99	92	83	95	83	97	98	52	58	31	14	95	74	40	56	1	63	85	15	29	39	64	11	36	64	88	48	10	84	85	94	93	23	58	91	9	23	95	54	
44	35	84	60	63	39	32	29	2	79	87	64	90	59	38	10	39	68	100	68	25	60	23	52	41	70	82	51	23	3	92	97	4	13	41	11	98	53	17	72	32	34	67	83	85	23	81	78	1	12	73	73	57	20	7	14	41	80	30	46	51	67	71	74	62	23	8	59	45	55	53	81	19	24	34	73	69	68	21	38	77	57	48	73	48	41	89	58	21	89	61	36	32	57	36	37	15	16	61	98	93	10	13	83	94	59	31	34	32	46	93	84	42	24	47	35	68	35	81	18	64	63	77	34	74	59	45	64	86	36	71	78	15	39	37	10	81	94	61	10	2	44	97	31	27	33	80	86	53	8	71	3	44	34	91	55	42	15	84	60	7	98	19	82	40	89	20	28	57	84	41	74	65	83	85	76	30	16	81	91	46	94	62	20	25	83	75	27	84	41	12	59	67	56	19	71	59	40	45	74	
70	24	61	49	10	71	30	29	73	24	10	89	32	46	64	1	14	53	99	25	23	89	80	68	48	67	87	75	53	91	71	2	51	92	61	65	75	49	66	93	9	65	97	26	8	53	89	51	4	44	8	59	29	73	80	14	92	43	94	32	37	62	92	20	63	28	25	90	17	88	56	33	22	51	19	32	29	68	79	76	3	1	27	88	9	50	57	95	40	56	88	55	24	97	93	72	61	25	75	71	8	95	100	26	95	71	86	23	13	63	65	98	59	68	57	98	3	4	61	74	80	18	61	22	61	97	71	2	90	66	10	84	31	83	2	53	91	81	97	27	65	53	96	4	75	20	4	26	7	79	16	5	12	50	20	25	7	33	43	1	30	93	58	38	36	9	23	27	80	88	25	24	88	44	84	74	66	88	2	56	82	49	29	49	3	100	26	46	85	12	32	57	86	54	10	30	90	36	100	68	
81	39	85	82	41	96	4	84	5	70	27	30	97	33	98	72	37	80	90	12	2	3	70	7	42	65	3	58	60	59	61	82	99	80	92	33	10	72	15	98	80	32	75	84	82	89	11	94	46	69	33	27	49	91	73	20	75	75	90	2	36	3	34	96	2	38	95	27	67	85	61	84	86	32	78	87	29	55	53	79	42	28	100	53	16	65	18	47	52	14	47	57	69	62	59	81	44	60	81	40	1	87	1	11	45	25	87	91	60	67	99	91	87	97	78	8	50	40	81	55	92	77	40	81	34	18	1	63	45	78	31	37	77	29	25	82	91	100	35	92	47	61	78	45	85	76	67	65	15	20	42	21	11	20	21	49	94	85	11	49	82	77	29	16	30	44	44	56	39	11	89	72	55	74	23	41	7	3	84	34	52	84	66	65	70	43	89	43	94	59	57	20	91	35	43	75	77	47	65	93	
72	38	27	42	55	89	28	17	60	87	65	41	86	42	87	75	74	84	54	82	89	59	99	58	9	19	6	17	95	26	31	26	61	15	26	55	27	85	55	60	44	3	81	99	64	76	12	86	80	25	28	15	98	83	90	75	84	38	70	89	24	46	57	69	37	40	50	50	32	84	95	47	60	12	77	54	68	3	75	2	48	51	14	56	49	72	34	46	85	82	86	75	5	16	42	61	96	100	37	10	74	13	77	74	88	12	37	76	16	59	12	98	55	43	74	45	63	12	70	88	15	95	10	82	28	37	43	73	90	88	80	99	5	27	100	79	77	49	45	40	93	10	37	39	76	77	56	12	74	39	60	46	58	1	61	43	46	17	14	55	95	15	68	8	49	73	22	29	21	40	92	76	6	29	34	20	9	75	57	44	26	60	16	47	87	69	34	84	93	67	86	91	13	70	43	43	58	2	21	48	
11	80	89	14	1	67	8	98	86	42	68	45	57	60	78	78	43	88	56	26	91	47	37	86	9	26	26	82	80	50	17	48	58	86	6	40	73	79	44	38	9	78	2	51	41	30	84	58	16	9	14	10	65	74	10	52	65	18	47	3	96	6	87	75	40	44	54	92	63	50	34	53	34	94	45	11	79	31	44	30	98	36	100	21	10	60	14	96	23	18	81	45	29	15	71	88	27	98	89	7	6	25	69	46	17	24	67	1	78	80	97	67	10	43	98	18	4	20	72	93	12	81	51	27	30	63	90	62	9	6	81	97	65	94	90	85	44	20	18	70	93	34	59	88	49	77	83	7	96	79	6	24	37	36	7	95	82	36	1	61	15	98	43	23	43	47	33	78	37	55	22	4	90	33	76	43	43	85	89	65	2	55	41	47	97	80	75	97	23	56	54	35	70	4	88	56	58	96	44	22	
52	7	5	34	87	61	61	60	67	47	69	95	53	59	65	13	20	100	73	75	86	11	95	40	36	78	85	53	5	79	96	1	14	40	91	89	53	19	26	99	65	66	44	89	11	61	68	92	78	69	79	6	52	71	24	97	98	22	90	45	66	8	33	43	89	83	39	72	92	27	4	59	6	80	2	17	79	59	96	84	92	42	24	8	49	9	96	23	38	94	79	93	14	38	35	17	6	76	5	100	59	23	2	22	38	56	77	93	30	10	44	60	44	40	74	25	14	6	88	69	30	94	82	45	83	83	49	52	42	49	26	4	40	47	38	23	22	98	32	50	91	28	3	32	82	84	65	41	51	64	33	9	30	41	39	13	18	38	67	65	94	47	2	38	9	87	32	30	1	10	20	52	83	77	39	35	30	1	11	85	45	89	31	12	4	35	49	78	58	19	10	43	43	88	41	45	30	43	73	59	
46	64	2	76	19	55	47	8	91	37	59	55	92	91	51	44	49	87	58	18	4	63	30	84	85	8	98	6	57	22	42	38	39	5	19	52	89	56	70	36	21	42	5	61	39	82	83	80	69	23	8	52	51	97	52	65	52	14	89	27	53	27	49	54	93	79	55	93	73	84	90	17	29	28	47	95	19	84	27	80	89	54	92	63	100	20	34	49	21	57	20	71	10	14	45	50	23	38	31	6	40	91	32	17	43	79	29	43	55	76	17	73	81	93	34	28	89	98	91	33	76	1	99	64	92	78	20	45	22	36	47	44	59	98	74	67	67	9	25	27	23	44	18	73	49	77	64	57	16	35	11	92	76	90	50	52	57	68	37	62	96	68	3	80	13	35	47	24	24	51	54	76	92	100	98	87	47	66	25	53	85	24	47	43	98	24	83	2	91	71	30	75	43	56	45	48	72	90	8	27	
99	91	58	37	74	29	82	84	10	83	65	58	49	79	73	77	27	41	65	21	85	23	97	42	90	83	13	85	80	88	58	28	59	87	75	53	91	12	98	25	79	54	31	6	7	21	39	62	45	85	65	86	50	71	78	18	21	74	96	40	94	10	88	93	52	74	58	8	34	38	88	20	13	46	74	87	30	72	80	60	80	60	20	89	43	99	71	84	5	4	53	67	65	4	92	98	82	74	18	37	43	4	6	41	54	94	28	75	100	79	94	86	12	51	92	1	82	27	9	50	68	44	26	36	14	27	86	14	48	55	27	86	92	50	22	21	60	6	39	5	90	47	98	25	36	13	83	50	72	55	59	44	15	43	33	31	47	12	81	34	4	6	42	33	72	61	45	94	18	41	7	88	91	60	79	76	86	78	92	49	42	59	92	81	92	92	38	60	9	59	90	77	58	58	30	72	6	21	6	40	
21	89	87	66	23	44	60	92	71	86	16	58	45	73	60	42	38	67	63	49	74	17	21	9	48	57	52	74	23	60	73	81	77	86	46	97	3	62	65	85	66	6	80	9	21	20	94	14	16	64	60	42	45	31	40	79	6	38	11	80	40	93	72	100	75	78	59	96	15	73	37	71	69	34	9	85	80	35	11	35	50	50	86	71	88	70	33	2	88	37	13	58	12	2	75	4	67	48	18	7	53	4	72	17	37	96	31	47	14	33	89	47	95	14	61	11	12	77	32	58	66	19	72	66	34	50	62	79	43	83	21	46	32	99	97	3	58	97	79	25	4	18	50	27	84	7	7	38	49	53	87	58	64	12	76	95	55	77	74	92	48	21	31	45	55	42	30	13	95	2	84	24	33	50	33	57	4	25	90	32	84	78	66	98	38	69	91	28	23	40	36	47	2	96	43	90	21	86	80	4	
37	86	15	92	85	60	8	82	12	44	84	6	7	77	99	47	65	17	16	49	14	94	15	92	19	10	96	10	33	5	20	46	15	51	68	29	48	74	14	47	80	60	24	6	50	35	8	75	94	93	23	3	34	10	25	50	51	24	87	73	56	56	64	73	60	92	96	83	79	54	40	55	64	59	63	87	13	66	15	94	8	97	4	100	48	77	13	59	62	92	86	100	85	84	82	8	20	29	69	13	66	83	96	26	66	87	79	4	67	62	72	51	4	90	100	49	91	18	59	98	61	86	63	87	39	50	93	83	7	83	14	82	18	11	14	67	3	62	47	5	92	34	88	17	4	92	92	71	76	77	42	63	60	53	92	58	56	45	93	7	25	44	48	43	82	27	58	42	93	75	21	12	10	74	28	72	83	59	46	75	76	81	95	13	56	44	48	80	95	45	100	65	21	44	73	8	6	80	42	34	
35	86	78	61	85	5	41	48	93	5	26	77	6	70	34	10	13	48	17	14	92	16	66	72	23	70	24	88	71	55	1	32	86	13	63	6	7	45	90	66	90	86	37	39	62	47	3	30	11	93	16	10	14	45	66	68	50	66	50	53	54	48	96	84	89	57	100	84	16	1	68	79	9	50	35	1	20	63	3	51	53	83	41	54	18	72	43	62	79	34	39	56	5	22	12	63	32	39	90	73	31	93	55	14	21	87	26	91	31	73	74	26	28	49	61	38	31	6	66	49	7	100	15	40	5	22	35	19	36	96	37	65	85	92	56	34	27	71	43	21	90	94	43	76	86	23	29	22	34	32	4	89	33	1	48	2	34	80	15	97	73	52	16	54	75	8	51	69	1	69	13	62	89	39	1	95	15	20	95	79	97	13	98	10	68	73	83	73	54	74	68	93	48	22	59	27	40	4	34	57	
