200
5334
38	91	86	99	85	46	44	53	38	23	28	37	82	26	83	7	58	77	10	54	16	12	37	58	26	44	100	66	88	3	26	32	63	6	69	76	57	72	82	36	97	96	80	41	90	51	73	14	31	88	49	85	19	69	90	42	100	6	58	91	65	96	40	78	92	99	60	37	17	51	95	57	90	80	93	26	22	79	4	54	44	81	70	62	51	96	13	10	59	96	93	86	41	76	65	65	52	95	31	35	25	19	38	70	29	25	54	5	83	28	41	60	10	17	82	86	69	10	57	28	53	59	66	71	49	50	22	90	94	12	100	98	33	16	40	18	44	37	35	38	78	49	62	26	26	36	38	20	11	29	68	28	33	59	15	63	37	88	84	57	22	45	68	31	94	74	95	13	42	19	87	71	4	89	48	78	4	60	20	79	63	23	80	28	9	14	61	12	28	100	13	15	98	35	48	27	28	62	44	92	
72	96	73	61	25	28	6	31	87	98	58	25	37	50	100	30	95	87	62	39	81	27	96	56	19	58	100	15	51	85	26	64	89	65	84	79	97	83	29	36	61	31	45	12	49	40	64	91	10	95	80	51	5	76	74	59	41	22	59	30	37	72	77	64	28	40	89	75	16	20	67	72	70	47	98	57	49	13	55	61	25	17	90	45	12	62	24	58	92	78	70	9	16	51	61	56	67	75	48	20	6	32	90	36	9	50	25	18	49	40	99	16	56	98	59	21	69	73	75	35	91	21	21	5	20	54	27	99	88	18	11	53	1	7	79	31	43	54	62	51	32	89	17	57	73	23	85	65	72	19	24	88	70	84	60	82	67	59	62	67	73	80	47	10	64	12	23	81	90	34	12	75	25	16	1	29	18	10	40	57	64	27	17	62	24	55	93	31	80	60	35	74	68	46	64	71	58	58	78	91	
96	35	93	4	55	55	70	35	53	73	52	54	45	68	26	69	87	42	56	6	84	39	18	41	53	57	17	23	76	52	39	77	21	55	51	3	27	90	51	7	62	84	8	77	83	60	89	6	77	93	39	16	70	43	61	50	39	10	89	70	31	43	39	17	97	30	32	70	49	83	27	23	8	8	41	49	44	7	2	21	67	15	26	22	96	2	16	88	1	19	21	54	24	72	81	79	22	59	80	3	28	80	39	23	62	96	57	93	4	53	57	29	22	56	32	9	14	45	34	63	9	64	42	91	82	32	30	35	11	97	93	17	51	34	20	89	88	76	91	58	93	3	28	17	32	41	17	50	25	23	4	97	69	17	40	56	96	12	15	98	99	17	46	35	16	78	34	99	6	91	69	94	88	53	92	81	26	65	58	90	39	15	16	95	27	55	65	29	80	83	82	93	45	55	100	63	97	61	32	54	
73	93	27	56	45	88	51	80	6	64	30	33	46	14	47	57	68	9	67	100	49	54	44	62	67	90	45	70	52	79	13	29	46	40	97	65	52	14	97	84	13	98	57	57	98	48	97	27	14	39	51	14	7	35	48	34	76	57	71	13	5	36	97	31	52	28	21	5	5	77	79	86	10	31	39	30	78	20	54	91	4	30	61	34	6	26	92	70	7	8	3	49	86	24	22	50	57	64	46	5	85	44	55	11	93	83	90	59	20	35	2	53	15	28	64	30	23	12	30	79	62	18	28	12	8	35	85	12	94	37	23	21	44	50	48	79	55	75	60	3	33	12	5	26	65	16	77	13	82	36	44	2	92	27	83	67	43	86	12	23	51	15	15	12	79	50	51	30	97	75	28	58	21	47	75	83	68	67	90	44	58	49	82	47	10	43	12	23	19	97	27	3	84	80	12	10	21	26	73	54	
61	4	56	64	97	91	31	59	100	1	41	81	50	13	73	81	55	44	73	66	84	30	90	27	35	78	48	82	12	31	13	46	29	7	80	96	5	1	80	33	56	69	31	6	33	19	35	98	95	18	22	37	81	8	2	39	47	23	11	5	63	55	44	79	50	44	13	53	59	100	26	53	15	80	54	5	49	61	38	12	27	80	68	87	67	4	51	25	16	100	31	100	90	1	98	42	14	34	27	87	86	65	24	52	51	43	1	1	41	48	34	34	29	42	19	61	99	88	18	18	22	2	87	46	14	89	92	34	33	32	19	33	31	76	9	90	21	91	83	13	49	57	97	29	91	32	57	42	87	95	65	27	78	5	22	62	99	60	73	48	48	18	41	65	33	13	65	93	94	47	80	69	56	43	7	41	85	23	1	61	40	85	51	22	9	46	48	72	13	30	58	97	100	85	75	28	16	36	71	39	
25	55	45	97	21	44	34	95	83	13	15	13	38	60	64	21	32	52	51	93	39	54	60	28	91	21	93	14	58	81	46	32	8	87	8	77	85	95	6	62	37	76	57	85	18	85	49	45	26	60	68	100	28	24	42	17	4	32	100	2	77	35	55	74	58	97	55	51	90	67	13	82	86	64	16	66	12	47	92	41	78	2	38	38	4	51	62	79	43	12	12	38	60	76	81	8	13	9	42	59	27	7	78	34	69	45	8	96	92	23	33	5	66	88	53	33	34	29	27	95	61	89	64	25	33	9	73	69	86	39	1	2	46	36	88	75	44	65	50	71	59	88	60	89	89	38	32	96	16	59	42	47	6	39	40	2	45	63	96	97	13	23	23	90	96	66	41	69	52	67	96	34	40	93	33	16	97	6	61	31	96	40	64	89	60	41	65	51	48	70	81	33	24	71	67	90	85	10	57	19	
28	55	88	91	44	63	63	35	60	88	61	91	79	50	27	34	3	96	80	13	12	69	55	85	20	2	60	78	18	97	78	13	18	13	19	55	21	52	21	24	36	14	30	56	66	27	98	10	2	23	6	63	88	89	25	41	4	22	77	26	94	99	70	36	38	9	4	21	86	11	48	24	36	4	1	47	64	8	33	79	80	33	40	9	47	88	49	72	28	44	59	90	93	94	87	99	50	79	99	61	45	36	32	40	86	73	25	35	81	51	83	77	87	64	61	79	32	11	94	50	93	22	27	76	56	31	14	22	33	12	40	98	22	72	6	20	34	80	45	86	26	89	23	79	87	27	88	42	30	48	3	32	42	76	17	55	68	7	71	49	6	78	28	84	67	52	68	84	85	28	77	87	28	20	86	10	86	80	49	12	67	70	88	46	59	84	96	31	37	6	60	48	31	71	89	81	52	6	74	76	
6	70	51	31	34	63	71	33	60	84	20	50	94	40	79	21	71	64	75	47	85	9	54	15	62	4	66	67	28	25	27	57	55	9	1	36	93	70	19	61	16	74	18	50	80	88	12	92	89	45	40	43	76	17	20	96	92	31	69	66	79	36	36	54	38	32	38	95	48	29	91	24	57	72	35	2	63	83	24	27	21	100	92	97	1	90	39	66	84	100	68	58	81	47	44	41	62	92	62	51	48	15	29	43	78	45	25	67	54	17	47	20	9	24	48	12	72	92	89	85	34	88	33	2	73	96	32	66	44	72	31	73	86	55	67	71	61	43	19	35	9	36	23	6	74	7	91	73	28	11	83	4	95	69	88	32	72	25	100	59	22	54	37	71	74	100	19	58	37	75	86	52	18	40	38	18	36	52	66	92	43	31	25	96	9	12	59	70	26	72	91	68	25	71	43	44	37	93	27	52	
31	35	80	59	95	35	33	26	96	36	71	4	30	43	76	97	62	94	100	13	63	63	78	64	13	83	10	97	82	64	45	63	74	50	81	70	45	62	37	20	61	32	22	17	76	12	81	27	57	14	41	15	68	94	31	10	14	100	76	9	11	30	95	2	72	70	52	23	43	19	4	18	64	84	89	75	7	13	15	6	68	10	55	2	19	36	23	81	62	34	75	27	59	2	22	32	99	36	1	80	72	70	38	83	66	84	4	68	90	22	24	42	10	98	75	70	47	27	38	77	75	97	1	90	85	81	49	79	24	80	89	71	68	48	90	83	13	65	89	57	70	25	97	64	61	59	97	98	98	12	72	2	86	63	96	19	91	57	5	22	69	7	60	100	22	58	39	29	98	9	26	79	95	93	4	52	47	29	50	54	84	30	72	55	7	2	3	74	47	46	56	51	13	94	19	44	9	89	66	35	
87	53	6	100	83	60	60	96	96	99	28	33	96	27	18	69	60	38	2	9	37	85	69	71	3	12	16	16	58	17	57	37	18	16	39	57	23	93	33	35	35	4	91	16	48	76	35	10	99	50	25	46	1	82	90	35	14	25	51	51	14	28	31	80	79	45	22	51	13	56	35	21	92	58	34	88	50	86	68	59	40	79	57	3	61	51	35	32	24	57	28	97	6	32	23	50	11	66	11	58	37	23	24	16	54	84	71	36	91	56	72	35	53	45	18	24	5	40	92	70	44	89	74	17	96	41	81	30	91	13	76	7	69	41	98	13	11	73	68	93	49	81	28	45	69	67	42	31	46	31	37	57	16	5	87	60	49	24	45	47	17	45	17	4	72	79	29	56	92	88	98	40	50	70	63	74	64	12	7	75	77	41	39	51	42	53	40	8	38	8	60	87	65	31	14	11	43	99	94	18	
98	73	64	1	13	88	84	36	99	21	92	59	92	72	40	89	14	5	82	50	40	14	22	84	6	37	27	100	10	62	41	98	20	58	56	2	27	88	3	36	10	24	89	24	84	31	82	65	59	62	48	38	15	53	69	50	59	30	39	12	61	18	96	34	84	13	41	43	7	79	32	92	97	5	2	82	19	1	63	48	54	37	77	17	2	13	73	15	8	13	30	25	13	10	88	69	51	82	5	27	57	38	76	58	28	37	45	17	17	71	21	23	93	55	30	38	38	81	66	58	92	16	92	5	31	52	51	39	7	99	61	75	52	19	100	40	27	37	33	14	67	47	61	78	78	61	40	98	61	81	26	9	30	61	61	30	41	99	74	79	4	92	54	13	85	85	11	75	30	24	41	8	6	83	98	48	20	84	65	5	6	52	72	5	78	42	96	57	74	4	63	44	26	8	99	73	48	69	14	54	
58	52	30	41	15	61	20	71	28	92	84	6	78	76	21	8	35	45	54	80	91	65	62	38	45	1	1	69	63	17	66	26	36	14	90	92	89	77	36	6	62	48	50	12	36	40	43	21	8	69	10	1	22	44	57	90	76	35	80	53	54	79	48	3	38	87	54	53	71	47	24	28	67	90	63	11	95	55	23	37	3	26	21	42	52	58	44	98	53	62	6	7	58	70	44	14	68	87	100	31	86	46	92	98	79	8	89	48	20	81	22	4	25	47	77	61	98	25	61	19	7	83	97	4	75	33	69	94	84	1	2	100	21	6	46	43	23	62	16	74	13	57	50	62	44	39	100	54	49	17	51	12	93	26	38	71	30	89	99	78	60	34	96	55	52	25	87	20	74	47	50	13	68	64	97	16	96	62	36	75	32	29	95	88	9	86	57	27	71	53	81	64	86	88	59	97	84	3	2	94	
25	54	33	81	13	91	50	4	33	59	6	41	35	63	25	69	40	88	52	49	80	12	64	58	6	44	62	66	48	91	73	35	6	32	71	80	17	16	27	69	2	64	66	7	19	33	26	73	50	90	9	83	47	76	14	35	69	70	85	3	66	48	44	69	78	60	73	61	33	99	1	3	69	74	33	12	41	97	55	22	50	60	94	91	69	9	26	28	10	57	38	45	95	65	92	17	85	13	73	95	12	82	80	3	60	7	40	53	24	93	24	27	19	68	28	47	39	71	67	89	100	85	35	54	99	64	59	27	25	14	38	89	83	34	2	71	76	88	48	37	39	77	28	71	46	68	35	35	81	15	71	64	95	36	83	2	50	34	75	21	38	6	56	18	89	18	88	4	46	21	78	96	99	14	26	60	50	85	16	99	69	58	66	29	12	52	45	100	9	70	49	87	96	96	98	55	5	21	36	4	
37	45	46	50	38	79	94	30	96	92	78	35	55	62	38	97	3	39	57	20	22	45	70	42	9	21	52	78	62	26	8	31	69	72	86	72	62	46	51	93	77	62	83	80	94	24	30	57	74	75	37	42	55	19	42	32	16	59	27	66	79	91	90	71	71	48	60	82	48	99	9	77	42	44	16	49	79	10	15	44	30	18	6	50	85	31	99	54	49	83	35	66	62	46	36	94	45	48	52	83	16	52	97	98	56	80	74	88	50	18	18	28	70	19	25	42	95	45	78	64	16	89	44	42	8	65	71	56	33	66	97	96	54	44	76	25	95	99	85	88	55	23	48	3	97	65	93	44	35	38	73	44	45	38	82	28	23	19	10	75	91	73	17	20	55	42	70	63	88	93	91	24	38	81	86	88	38	79	3	99	42	49	45	93	11	15	62	12	3	2	3	77	63	68	48	88	89	88	96	22	
50	68	14	13	60	50	40	43	27	72	76	63	62	99	77	2	95	87	70	17	19	6	67	30	98	1	80	69	92	37	6	6	2	38	35	2	28	14	31	27	53	96	46	58	63	90	79	49	73	59	3	62	58	38	63	16	22	56	43	64	61	46	51	79	20	51	31	42	67	22	73	28	5	50	82	78	89	92	49	27	5	97	87	1	80	92	16	20	9	30	70	24	28	35	22	32	50	48	9	22	32	85	77	5	64	67	6	44	38	20	22	76	34	57	82	71	4	47	64	4	55	68	93	76	76	4	10	16	96	70	29	11	8	52	32	26	34	15	63	58	8	45	45	98	13	26	13	97	66	1	97	3	94	77	45	69	84	35	32	46	63	75	34	25	15	15	92	25	13	77	29	90	47	33	62	84	82	93	24	37	56	28	72	45	28	45	31	42	100	58	77	12	81	49	68	50	61	76	44	21	
100	26	47	73	64	27	79	76	18	40	21	25	38	77	37	34	59	95	23	95	98	91	86	46	17	41	10	5	100	92	55	23	40	77	32	9	16	84	32	59	48	26	78	63	44	21	75	25	18	65	55	98	19	40	93	38	80	89	24	48	79	42	75	3	56	100	64	48	50	11	73	25	36	53	17	29	47	75	67	98	89	11	39	57	71	4	6	98	61	43	52	86	81	72	91	4	71	82	13	74	8	65	36	9	69	93	99	76	48	1	90	65	18	39	70	35	62	93	3	91	25	78	67	46	85	94	84	11	95	6	56	70	80	15	65	17	78	82	76	12	10	42	26	30	42	29	65	77	96	46	63	59	79	31	50	33	1	71	88	58	68	88	35	99	43	61	72	65	59	46	23	67	26	40	64	62	39	15	51	76	20	6	32	48	60	22	37	100	81	54	54	44	66	84	97	99	66	95	91	45	
30	69	57	81	21	34	21	97	69	89	8	69	97	2	34	84	18	80	15	53	8	22	52	70	94	41	32	14	99	54	46	3	9	45	85	86	96	51	69	7	19	66	100	23	98	96	29	9	45	86	52	79	94	30	28	23	97	6	15	40	3	83	68	34	9	16	55	47	25	39	80	17	14	47	18	50	85	53	51	47	2	39	7	58	95	25	93	74	5	29	99	48	7	99	94	10	53	95	22	70	37	77	1	14	40	17	90	22	84	34	16	28	1	88	30	84	81	62	24	51	75	83	40	67	46	22	46	46	73	6	97	77	12	85	74	66	100	22	9	88	70	98	92	37	17	50	10	84	11	32	56	5	39	2	41	60	37	99	71	3	36	37	85	76	33	84	37	46	27	100	94	54	54	83	11	5	78	28	54	32	49	45	65	92	59	66	1	40	58	23	4	11	87	36	54	7	73	78	98	39	
95	87	68	55	32	3	71	62	60	14	35	40	3	95	59	18	3	64	69	93	4	9	14	40	81	53	73	56	59	5	42	33	71	26	67	54	22	80	83	50	51	43	17	77	18	51	30	24	41	98	19	38	6	17	97	94	55	46	5	81	68	1	9	6	87	67	93	67	35	67	92	69	100	23	46	93	95	22	9	36	51	49	24	49	97	18	59	16	21	23	55	61	26	1	19	41	33	45	45	59	70	6	81	86	32	84	65	52	63	83	75	4	3	20	83	35	26	38	49	12	50	47	75	17	88	91	55	50	12	63	55	56	65	96	93	79	36	6	39	26	71	15	100	71	37	73	34	69	71	81	66	12	17	95	53	7	38	93	49	41	55	28	86	62	29	95	90	70	41	10	3	20	55	61	8	50	13	51	54	56	50	46	99	6	96	61	32	68	75	95	1	61	16	53	99	2	64	80	14	87	
87	42	9	44	52	96	64	94	38	5	45	88	39	87	95	80	64	49	6	18	72	10	70	8	37	12	73	69	88	44	88	80	33	88	8	35	39	92	78	7	96	87	5	4	87	76	58	52	30	97	81	8	28	7	56	59	98	10	67	9	47	48	43	68	71	66	85	80	14	5	65	62	52	81	50	23	46	80	13	8	60	75	20	1	56	80	45	16	94	83	54	93	62	36	9	32	58	65	50	11	79	91	90	84	45	68	64	71	46	91	41	7	68	68	42	94	85	42	17	18	53	5	53	70	17	61	38	23	94	88	99	55	22	82	18	95	64	39	92	91	71	62	74	47	96	30	51	60	72	59	12	97	11	85	74	21	16	79	87	73	52	92	9	6	82	49	72	88	89	90	49	54	71	90	14	59	26	85	78	55	25	94	83	73	7	78	8	30	45	63	92	96	51	51	53	44	1	27	4	95	
62	56	67	73	51	80	75	100	2	82	54	52	57	70	23	15	69	6	97	92	5	44	34	32	86	49	83	94	53	29	59	97	79	90	29	36	12	50	41	46	79	86	1	92	25	67	67	15	59	61	9	56	49	48	16	19	6	97	49	28	95	37	93	25	70	43	50	67	81	69	84	45	6	55	36	24	71	55	91	89	97	60	96	17	50	51	59	23	18	67	96	19	77	70	38	35	29	88	39	47	83	13	38	38	7	100	67	21	58	11	9	96	98	12	42	56	9	28	67	74	68	32	53	45	98	60	66	94	16	37	22	49	34	60	57	73	78	65	42	32	64	61	39	87	54	42	70	3	90	32	45	72	59	90	39	15	85	65	100	50	99	65	70	25	36	73	73	42	56	29	92	96	96	32	62	14	92	59	45	39	81	80	36	100	38	53	23	2	36	39	71	66	31	69	51	18	57	9	38	67	
39	6	100	66	93	13	47	13	9	50	80	49	20	17	95	53	93	18	92	35	29	6	86	85	48	80	22	83	25	58	25	7	97	46	56	81	71	31	37	77	43	99	61	41	19	34	78	67	31	75	77	21	4	73	53	21	9	51	82	91	51	57	35	60	28	40	60	50	100	44	92	28	13	3	92	53	73	34	7	18	48	46	73	2	85	88	7	7	45	36	77	40	96	94	19	41	37	37	55	33	88	36	15	39	80	30	99	52	18	20	21	75	12	97	53	26	54	91	26	95	74	78	68	6	7	86	53	2	47	50	7	55	78	85	98	42	45	81	33	22	28	77	89	32	11	90	83	60	35	50	74	84	95	19	42	28	40	38	33	57	13	73	56	66	82	45	11	11	54	21	46	99	91	43	26	79	81	79	40	96	22	12	14	85	91	5	90	42	24	36	91	38	46	7	74	46	30	39	19	57	
81	84	49	84	39	12	85	63	37	40	91	80	22	19	98	8	4	72	5	29	15	30	15	11	37	85	60	63	85	27	43	43	9	82	100	5	100	16	91	12	46	75	96	46	93	32	45	53	93	15	7	11	82	50	75	78	97	41	74	81	36	41	23	57	87	47	45	55	45	5	76	24	58	27	3	41	4	9	50	42	62	5	92	75	12	40	51	50	50	60	64	20	25	2	45	41	72	73	48	94	4	52	94	1	48	97	46	2	27	18	71	93	64	61	58	95	59	26	8	4	4	55	87	78	44	17	60	25	8	14	73	11	7	71	23	98	96	32	65	8	62	14	64	1	13	78	11	45	58	64	85	38	71	70	67	35	6	63	34	47	6	20	81	33	21	25	12	2	20	15	10	80	65	51	61	82	91	46	86	95	69	61	5	59	59	59	46	80	85	59	28	64	50	64	34	77	61	6	55	5	
27	39	54	30	54	69	9	63	85	14	65	12	45	6	91	22	9	10	44	6	30	73	13	28	86	77	15	84	27	66	50	72	86	49	30	62	97	93	24	81	6	55	59	94	1	67	94	77	79	20	9	60	71	26	67	47	53	91	72	30	90	88	17	37	81	46	36	48	70	56	54	58	44	81	43	25	87	51	17	47	19	11	44	49	92	14	85	8	76	53	57	83	42	90	96	33	94	69	82	60	27	86	2	95	91	55	19	21	61	24	60	71	19	43	21	39	15	45	30	33	91	35	53	28	26	77	51	98	94	51	68	52	4	57	4	96	80	87	92	21	78	98	58	56	77	4	82	68	67	74	87	41	36	3	87	47	3	39	81	88	68	4	41	77	58	21	26	65	94	17	19	22	10	100	13	29	85	6	82	33	69	55	79	19	50	33	1	89	46	45	19	87	14	65	28	25	70	40	37	1	
96	18	44	90	60	55	54	78	69	22	62	64	70	67	86	52	14	70	34	86	15	13	4	38	65	72	14	26	8	3	86	91	26	8	70	85	60	55	27	75	98	7	13	89	93	34	19	80	97	63	69	81	32	51	1	2	31	21	74	35	13	22	85	38	62	48	4	94	62	47	54	12	17	62	2	20	1	85	48	67	49	84	8	85	5	31	100	85	28	57	29	8	65	28	30	35	45	1	93	31	75	12	38	51	16	58	80	29	77	3	38	27	73	54	93	91	86	12	62	11	58	94	33	41	74	99	99	58	34	56	22	46	19	40	12	36	100	22	28	70	40	95	48	25	64	92	22	76	36	81	91	72	52	80	86	71	27	48	60	65	20	1	74	32	22	27	54	56	31	47	84	52	65	36	69	44	23	14	72	88	86	91	42	93	79	72	36	63	92	58	20	58	86	32	66	58	20	15	71	9	
56	41	62	27	28	85	15	64	71	84	38	58	42	30	46	70	40	8	32	85	11	28	38	19	77	48	28	22	12	93	20	82	19	78	34	76	19	17	50	51	50	43	92	27	52	7	23	58	11	70	89	86	25	61	92	59	75	21	78	21	19	3	74	56	47	12	82	86	75	54	38	46	60	63	15	12	18	78	8	42	5	41	45	93	82	74	49	73	53	42	70	5	28	74	82	72	28	63	2	89	2	62	9	35	32	80	19	99	58	25	33	44	5	12	78	21	75	41	99	17	56	99	20	48	93	2	27	4	8	64	4	98	7	86	18	65	82	42	91	14	90	21	37	2	60	54	92	3	17	53	76	25	64	66	100	56	37	90	25	80	39	75	18	87	21	73	61	50	39	100	19	3	24	28	79	86	90	18	33	60	9	86	80	34	4	26	78	51	73	10	79	4	24	33	59	42	96	51	10	22	
19	53	67	35	91	20	62	13	3	6	45	6	9	98	17	94	81	37	86	48	37	86	65	77	96	77	22	67	60	26	82	78	7	65	3	43	76	79	58	60	55	68	64	89	54	61	98	99	72	20	64	81	61	58	37	9	67	49	74	8	64	94	45	85	19	88	75	60	76	88	10	21	13	1	89	47	97	97	43	89	34	29	33	6	79	64	7	39	23	21	58	5	66	12	31	41	43	64	16	85	23	65	71	47	56	82	94	76	74	20	86	30	64	70	97	52	92	37	45	78	86	99	41	93	39	55	100	54	30	99	73	20	75	23	29	60	92	35	14	4	32	48	12	13	5	89	27	85	93	21	97	53	23	41	83	93	30	93	37	87	72	37	92	25	28	66	83	88	12	28	32	24	100	12	60	75	11	21	75	32	42	32	6	77	19	43	1	29	49	2	81	21	28	4	6	72	38	99	48	61	
58	57	90	78	21	2	4	83	12	37	1	44	21	1	41	41	53	12	49	80	85	77	72	48	77	94	68	2	43	96	47	88	50	23	79	55	31	93	16	47	90	52	33	40	78	70	79	70	55	92	12	27	7	32	38	65	85	15	59	14	83	85	43	12	64	91	34	85	84	91	84	62	57	65	42	81	81	85	99	36	49	60	68	42	92	89	15	89	70	95	86	38	5	27	86	52	36	26	65	39	96	10	83	28	33	40	69	67	19	46	50	62	7	84	27	25	52	34	88	39	78	76	64	82	64	32	7	83	28	63	38	86	31	48	81	45	55	23	5	5	33	9	34	16	90	26	75	19	39	11	42	14	52	68	60	77	22	17	54	33	97	96	9	24	44	70	62	8	75	74	56	72	87	6	27	52	93	91	87	71	79	23	58	19	8	61	60	65	45	51	78	68	37	14	22	93	69	94	13	63	
100	17	45	48	93	60	66	10	16	27	1	62	52	80	10	32	73	73	83	22	60	15	14	28	22	68	86	11	61	80	3	82	91	8	63	66	9	37	18	61	11	6	78	23	49	17	31	36	97	51	5	82	39	45	7	7	8	62	88	63	65	89	37	13	65	92	2	57	65	55	8	25	20	72	83	85	70	66	49	41	6	48	54	94	36	45	54	12	56	28	85	45	22	30	10	39	17	37	97	63	32	18	36	60	85	88	86	96	33	64	46	83	89	17	39	34	26	73	33	80	19	92	22	81	39	30	68	85	21	50	66	9	100	86	64	47	34	18	3	75	3	46	74	85	92	9	35	16	46	5	1	39	10	12	71	29	6	9	90	44	56	11	91	23	79	19	42	16	89	62	78	11	53	82	97	92	50	1	85	6	99	14	13	2	29	90	61	93	50	70	21	2	56	57	66	91	82	32	38	40	
15	23	70	82	14	78	67	97	16	100	69	66	78	69	5	14	56	69	94	83	63	84	26	22	67	2	11	21	74	69	38	83	81	48	83	85	58	2	43	32	89	57	9	97	86	6	60	14	42	61	94	9	72	41	15	34	41	95	35	71	6	1	48	2	18	91	19	100	94	36	68	15	2	63	28	86	4	55	10	76	16	86	35	25	3	26	34	18	6	99	60	76	51	36	47	62	55	15	79	19	96	67	23	48	69	90	60	16	83	89	98	8	7	87	17	30	39	80	77	72	67	38	96	9	77	48	81	5	9	66	3	29	89	40	5	19	77	25	85	95	20	61	44	76	89	88	59	61	58	31	42	30	79	41	94	66	29	54	45	7	63	58	40	5	24	73	69	32	51	79	17	79	38	74	8	45	64	78	55	48	13	50	85	30	39	61	23	41	81	35	37	1	80	46	54	48	13	7	62	61	
51	76	52	12	58	18	28	82	58	10	63	48	62	92	100	99	59	88	53	25	85	27	8	12	60	43	61	74	26	25	65	55	24	1	61	84	89	27	97	95	27	78	29	62	49	97	66	36	20	16	75	87	82	19	98	72	48	45	80	95	46	6	73	93	30	27	65	42	84	51	1	98	25	44	49	47	55	29	25	7	86	28	34	67	28	93	99	92	92	18	15	1	70	1	1	68	4	19	35	15	55	60	74	80	97	67	68	99	51	37	84	27	97	54	72	11	53	16	7	56	3	2	6	52	80	39	70	6	38	12	18	58	77	2	26	4	38	19	48	70	71	78	61	4	87	43	20	41	36	65	19	87	48	41	77	12	64	46	53	55	87	17	8	67	23	21	60	6	65	89	39	87	26	19	37	47	30	49	88	21	58	40	60	83	16	5	1	5	70	91	17	15	16	69	37	22	81	58	31	95	
85	52	79	31	81	97	25	64	17	62	17	91	26	37	92	54	5	44	29	58	27	66	3	93	26	96	80	69	25	53	1	95	40	23	37	81	6	95	49	78	11	6	54	49	98	70	18	10	2	94	73	8	67	81	40	72	36	35	49	15	47	51	58	66	64	9	91	21	77	10	68	83	53	63	68	40	29	58	87	42	84	62	81	6	81	52	1	21	61	10	36	84	78	31	54	51	99	66	66	30	91	16	72	63	69	98	1	95	72	12	94	11	82	54	10	98	32	7	66	80	54	54	59	17	72	26	59	64	96	93	49	63	77	67	13	54	42	84	40	79	40	10	85	19	1	20	55	51	85	85	7	25	76	6	10	8	98	32	93	51	99	74	28	67	96	23	12	93	46	98	44	94	83	53	94	66	56	54	97	1	9	14	67	18	12	67	69	11	35	95	65	97	4	34	58	9	12	1	73	31	
26	39	13	13	46	78	27	45	57	41	66	73	8	6	55	46	42	88	59	25	43	50	86	20	82	47	3	38	65	1	77	54	95	34	23	14	75	40	90	25	1	23	52	1	79	92	62	72	68	98	51	93	21	77	84	41	44	57	60	9	59	80	1	94	14	73	63	61	76	49	21	5	32	56	46	31	81	59	1	14	25	16	19	7	90	86	44	62	92	1	70	7	18	52	45	75	100	23	59	2	95	7	57	89	12	72	80	5	66	42	2	84	11	33	15	72	57	83	27	95	77	74	70	60	90	73	14	98	35	93	45	99	82	88	72	55	63	99	18	43	86	90	64	56	14	37	45	88	71	58	40	58	53	43	93	66	64	45	10	65	22	32	33	58	80	45	49	22	49	98	90	71	23	45	43	46	80	99	63	22	36	56	43	2	99	81	63	3	92	62	72	17	83	27	86	17	26	71	59	4	
64	77	29	46	32	13	57	63	37	98	26	35	31	6	23	3	33	80	97	7	43	72	91	82	78	88	82	83	55	95	54	64	83	13	56	81	15	7	92	79	51	20	36	35	13	90	49	57	88	69	83	5	99	22	49	23	33	38	70	28	9	61	82	57	20	7	74	3	49	37	62	13	10	25	97	81	28	65	44	7	36	69	16	46	4	26	32	52	61	21	32	18	34	46	12	93	16	42	26	16	56	70	90	42	92	97	58	64	49	67	41	40	93	15	51	57	62	1	57	69	47	86	89	74	16	53	55	39	69	26	89	85	8	55	59	81	12	1	38	30	41	29	1	55	93	91	93	63	52	14	12	51	47	56	14	77	75	13	24	69	29	38	68	10	38	79	32	33	37	20	92	53	66	16	42	1	89	77	69	60	88	64	71	5	70	27	48	20	13	58	16	57	20	57	85	32	79	30	3	17	
89	21	46	29	8	18	55	74	18	20	36	6	69	2	40	9	71	33	79	97	9	86	26	19	7	50	91	81	24	40	95	83	55	82	62	89	36	43	40	69	38	65	24	35	40	15	27	61	78	57	91	13	64	16	34	93	10	14	1	16	75	18	5	67	43	35	66	6	33	99	70	95	45	7	81	96	63	78	43	61	76	82	58	52	87	82	6	69	38	84	74	100	49	62	82	90	57	32	54	6	32	45	49	90	39	29	33	30	13	11	100	27	90	64	68	97	75	84	35	79	43	22	7	79	93	54	82	49	47	7	89	76	92	24	36	3	4	47	98	35	18	69	14	90	68	48	8	11	32	81	57	6	15	47	18	14	51	56	97	68	41	99	27	91	15	89	65	28	48	18	46	13	16	64	25	91	46	48	8	37	7	31	9	88	79	94	44	28	64	49	28	79	37	93	42	7	100	35	74	14	
65	55	40	7	87	13	9	50	16	58	14	32	72	38	77	45	26	88	90	46	82	49	8	78	65	23	8	48	1	23	34	13	82	98	87	8	48	36	60	80	80	77	97	48	18	53	52	98	78	11	81	3	28	7	59	1	82	57	33	93	99	65	82	59	34	46	58	69	41	76	80	35	98	73	28	97	71	46	69	23	40	73	100	88	77	53	97	47	48	83	22	26	46	39	45	60	39	3	95	47	86	90	55	98	37	29	72	71	72	48	99	29	85	19	92	96	3	33	50	41	45	69	17	75	2	45	51	53	55	39	60	34	5	48	89	1	7	40	26	99	34	36	25	47	79	12	50	91	18	8	90	60	36	83	2	82	32	82	11	98	25	65	31	57	49	70	98	44	26	60	97	25	72	49	20	1	62	84	1	85	23	34	32	70	5	81	39	8	20	55	38	20	75	99	40	51	73	97	82	67	
84	51	97	80	8	19	1	81	39	56	90	71	86	35	32	85	67	8	29	56	100	30	70	34	3	79	63	83	61	37	23	56	62	87	68	52	91	51	81	63	65	85	83	73	76	62	40	83	18	6	58	73	81	84	17	2	91	17	32	28	32	15	73	8	52	58	19	91	75	61	69	15	71	57	47	4	27	23	88	27	18	85	63	45	60	44	86	45	21	13	21	13	29	77	88	77	28	54	92	10	57	9	45	81	8	38	99	74	33	85	61	81	32	22	39	26	12	39	77	39	71	70	41	98	95	10	7	25	8	28	42	79	29	79	72	57	99	29	95	74	59	75	86	35	57	91	56	96	59	16	100	98	22	16	26	43	34	93	45	26	13	27	36	29	38	2	50	37	49	17	19	21	81	47	33	63	90	46	25	68	62	38	66	72	92	85	45	82	83	43	78	95	64	56	10	70	95	81	66	3	
79	3	65	96	77	55	36	70	57	2	92	80	72	2	9	86	54	35	36	81	5	62	85	76	43	55	66	85	84	81	14	81	89	8	52	48	72	65	43	61	42	39	67	33	78	52	25	32	25	44	15	38	66	33	69	14	35	35	3	91	39	18	96	72	19	10	9	17	7	29	53	6	63	28	50	74	50	10	97	80	28	56	85	75	14	80	90	39	69	30	17	22	65	52	31	32	33	2	69	30	48	17	86	53	87	8	6	42	93	37	44	97	60	31	72	84	63	64	8	39	49	76	26	93	17	28	43	59	59	92	27	49	40	68	86	31	47	86	84	38	97	26	16	12	83	24	72	80	20	16	10	63	61	46	29	45	27	35	93	91	80	3	73	12	19	31	88	64	62	70	43	45	59	31	12	64	57	52	49	85	52	11	81	66	36	41	41	100	28	58	93	19	21	59	72	44	54	96	91	80	
97	27	52	5	85	21	93	45	23	27	89	17	62	28	16	96	22	39	12	71	100	97	60	19	76	31	9	58	89	6	75	15	36	48	91	72	94	99	62	42	50	67	20	34	90	90	3	99	98	15	17	91	25	73	44	8	51	35	30	96	97	15	81	2	48	69	85	29	50	7	27	65	37	81	60	25	12	37	54	42	79	22	12	78	75	19	67	52	97	99	47	3	41	99	63	90	64	71	13	64	12	99	64	95	81	86	59	64	15	87	34	10	53	99	72	97	53	100	59	86	89	25	82	75	93	41	46	28	58	16	55	47	17	23	5	61	73	2	27	14	80	35	76	70	41	59	13	44	41	70	65	19	81	66	98	78	7	16	61	61	88	67	21	54	61	34	80	55	71	55	65	33	61	58	32	62	59	100	32	4	98	26	21	1	100	17	35	67	30	11	20	51	2	43	67	98	13	38	68	77	
83	90	14	1	95	52	70	62	93	88	77	16	46	14	84	51	80	92	50	31	16	93	55	17	79	93	37	2	27	95	40	7	43	36	51	65	99	9	83	37	51	73	22	66	80	82	38	17	38	15	95	97	81	77	5	67	75	25	32	59	73	29	36	95	83	11	3	52	95	46	20	40	74	58	82	78	99	45	88	76	50	57	60	2	38	98	10	36	69	5	40	64	18	91	88	11	36	88	90	77	41	24	30	6	22	20	57	19	56	95	94	67	90	30	27	95	32	74	49	62	49	68	25	26	55	16	67	1	100	47	38	69	87	65	39	92	6	34	77	86	66	26	73	45	93	10	81	72	89	59	70	74	97	48	58	55	59	75	20	20	58	94	6	48	91	1	42	31	89	89	13	39	12	84	92	26	47	8	27	30	36	75	99	46	5	58	77	69	77	12	84	9	82	88	21	47	29	39	26	63	
29	51	97	80	6	21	19	37	33	3	36	27	51	31	32	69	83	78	41	37	91	24	27	50	58	16	18	43	97	49	90	92	40	60	81	43	62	83	39	96	43	90	96	66	69	34	49	47	97	48	94	71	37	52	54	86	8	5	30	68	36	33	30	97	50	3	86	46	75	2	9	46	24	48	70	98	21	11	93	18	87	44	13	65	40	100	13	23	79	4	19	69	40	98	83	98	70	80	49	54	56	71	26	23	95	15	32	32	12	74	49	10	42	38	38	49	96	21	96	57	50	19	8	98	49	32	42	40	47	69	55	65	95	93	72	45	92	78	99	22	90	2	52	23	35	75	45	48	49	51	15	34	89	93	96	88	32	26	59	62	31	4	15	92	91	44	35	4	26	64	46	97	21	4	32	86	16	43	55	53	2	96	31	4	90	74	61	99	74	66	37	86	60	21	11	42	34	75	46	21	
36	7	84	33	62	24	61	20	35	36	6	69	93	27	59	7	50	7	46	77	12	81	75	51	60	47	61	32	95	78	25	79	69	80	63	61	42	37	96	36	6	71	38	52	47	83	29	54	53	31	13	24	49	86	26	77	70	63	77	47	89	85	11	7	8	92	83	37	1	3	55	8	37	60	56	5	1	15	54	64	76	79	58	55	66	44	28	87	18	82	97	79	40	14	56	64	64	46	31	40	45	2	49	25	44	44	94	14	88	62	91	23	57	26	28	37	98	64	57	67	66	14	15	29	8	23	14	99	27	99	63	35	37	12	97	78	15	43	41	55	89	30	47	78	86	61	43	72	39	32	6	46	45	92	7	31	68	22	43	75	87	59	68	2	30	3	54	6	76	99	88	75	80	37	78	4	66	14	93	11	53	78	38	38	58	27	19	35	29	6	84	1	48	40	1	36	47	55	28	15	
61	62	13	56	37	36	16	61	35	10	62	2	77	53	48	19	51	96	79	43	46	6	98	50	55	90	11	89	27	11	1	51	38	80	65	42	50	51	43	6	27	42	27	44	89	11	58	25	21	87	39	51	32	98	70	40	12	77	20	64	74	17	12	31	76	12	93	53	37	89	78	14	73	86	95	1	20	9	75	56	87	58	98	86	60	28	63	18	82	96	15	86	50	25	97	11	14	45	81	51	47	95	91	32	33	92	73	23	67	62	37	9	91	47	35	31	87	8	49	62	9	63	7	70	31	43	23	32	35	7	4	86	10	53	83	46	72	14	15	83	20	46	76	79	58	14	62	74	82	6	62	66	100	67	69	67	60	64	19	100	100	19	78	74	24	26	38	14	51	20	64	23	36	18	73	7	36	89	9	50	36	83	83	45	23	79	83	52	18	88	78	6	44	73	18	32	71	34	99	36	
31	84	98	69	76	14	74	32	4	24	48	64	62	96	26	66	43	87	86	99	75	55	7	43	68	52	6	57	78	6	23	20	65	77	85	39	67	73	90	71	42	42	18	17	28	1	44	67	86	98	77	77	80	30	28	100	17	88	59	8	3	7	85	46	37	22	8	92	20	52	68	11	16	54	69	79	92	32	89	18	91	39	32	46	29	66	55	55	8	40	97	59	64	29	36	68	53	32	75	24	21	14	91	72	11	80	91	87	97	40	27	23	49	84	99	70	10	68	42	72	26	29	95	13	53	55	97	13	52	2	78	39	8	43	42	75	28	5	3	58	99	29	99	89	23	89	27	23	26	44	29	74	70	51	4	93	20	55	99	5	2	54	80	71	20	95	17	16	44	9	58	74	83	100	35	74	4	39	36	35	59	18	78	16	65	10	73	4	69	40	3	58	17	36	89	58	39	8	43	76	
45	8	57	31	57	30	18	22	91	89	50	66	83	46	78	100	17	5	1	61	96	59	13	92	64	33	78	9	29	54	52	36	24	97	83	67	20	22	96	38	27	18	19	77	24	14	24	34	23	7	93	75	43	62	40	68	91	6	65	44	57	23	34	16	33	55	35	88	81	86	72	51	57	18	35	55	24	4	58	12	97	35	28	47	62	43	19	84	33	69	10	10	6	64	3	15	46	47	96	27	82	100	94	29	79	26	78	42	46	79	46	86	8	82	78	59	2	58	67	68	32	64	10	29	67	70	70	81	48	51	1	65	35	56	35	15	50	18	79	81	25	47	100	30	47	79	6	22	6	30	89	85	5	3	5	42	26	36	91	12	54	49	12	98	34	91	99	31	39	54	9	89	8	62	98	96	9	57	24	100	17	2	68	43	75	13	7	28	69	42	15	88	57	89	16	86	22	1	11	41	
12	77	57	6	85	56	50	17	16	24	12	7	80	58	63	23	77	4	92	41	46	94	89	27	89	40	23	97	62	49	1	35	35	48	73	33	34	66	66	52	44	17	77	60	75	45	53	43	22	72	22	3	28	12	17	63	36	77	77	71	52	79	36	92	74	68	18	82	7	95	28	2	85	39	1	34	1	83	54	74	95	82	82	53	10	42	66	5	45	55	85	20	99	76	30	83	23	94	92	59	31	71	39	79	14	83	82	77	28	41	76	34	88	70	75	89	72	34	100	19	76	70	40	94	75	96	25	24	78	29	85	91	53	34	34	89	35	92	18	81	51	54	5	72	64	19	17	61	94	45	57	41	26	63	15	70	79	58	32	74	71	55	55	7	14	44	63	32	51	5	15	6	20	2	98	27	63	22	51	6	64	15	39	10	32	38	82	63	40	28	19	28	24	86	30	14	60	53	100	44	
49	83	98	33	18	66	80	76	48	84	36	19	94	63	44	98	18	87	25	19	93	1	93	52	54	78	49	86	49	98	79	13	40	18	76	78	90	80	69	47	89	28	24	75	14	17	84	100	34	83	2	70	83	21	96	34	35	31	94	19	79	49	71	12	52	29	6	68	39	79	41	20	46	33	37	60	97	29	21	70	50	57	92	61	48	4	28	45	9	27	81	17	13	27	13	25	3	7	64	21	83	31	73	41	57	66	27	13	61	4	80	22	83	49	72	65	25	47	82	78	17	74	9	35	21	12	47	71	33	97	38	14	58	55	2	39	26	99	90	16	63	14	60	56	15	64	76	54	75	100	64	15	12	43	55	96	29	27	33	21	56	6	17	83	98	73	62	5	6	20	29	95	96	66	8	60	83	51	30	95	24	43	24	18	87	90	79	94	51	64	88	63	100	78	30	17	32	78	93	82	
40	60	48	19	85	27	88	12	76	31	40	33	24	90	21	96	51	76	67	34	32	67	34	7	61	70	17	6	97	70	92	90	15	53	62	52	90	82	34	83	11	1	14	45	17	12	22	5	48	19	90	38	56	47	1	69	59	80	94	86	24	41	80	99	77	12	87	11	10	52	25	15	60	50	82	90	62	41	89	11	12	59	51	3	49	96	84	50	43	6	23	99	60	44	72	78	3	9	3	3	74	72	21	82	70	88	30	91	100	40	39	63	40	6	66	73	42	2	32	75	98	74	97	42	65	34	4	48	67	29	21	1	14	7	85	11	15	22	26	83	9	8	54	56	81	24	6	77	9	1	1	35	26	38	7	55	94	19	20	41	79	11	97	43	13	63	95	8	28	93	84	57	97	88	33	76	19	65	30	98	39	75	8	71	63	33	34	41	94	96	64	36	37	63	92	10	24	12	78	21	
64	89	97	35	49	98	12	81	35	82	43	26	30	79	75	29	30	58	67	78	45	94	19	23	98	79	31	60	66	18	62	49	27	52	40	25	3	38	49	29	58	44	24	53	84	22	34	48	46	97	53	70	7	74	90	44	78	12	51	75	87	5	55	78	9	89	13	80	23	23	18	15	76	2	33	82	86	60	36	32	24	71	71	36	43	47	97	91	64	38	82	53	22	14	45	24	92	54	6	43	71	37	92	21	39	87	5	38	69	40	85	16	87	88	3	91	40	1	69	61	24	43	98	77	20	67	21	66	5	90	56	92	64	5	96	45	13	41	58	72	53	18	100	1	13	12	67	20	62	94	74	74	39	92	73	89	16	85	9	85	12	79	8	36	40	84	90	89	84	92	29	40	14	90	41	78	8	30	72	100	29	64	70	39	82	69	97	39	12	41	66	73	45	11	41	12	45	64	33	1	
91	6	27	98	45	10	92	27	10	65	21	73	57	49	25	9	24	52	15	67	53	77	80	58	99	70	36	14	36	10	72	57	61	98	83	32	99	17	47	54	25	67	34	43	100	5	48	91	47	83	30	19	32	93	52	21	13	65	38	5	45	63	69	75	91	23	20	28	17	75	54	66	2	21	70	83	29	80	11	37	90	41	37	63	41	24	77	72	25	30	76	36	2	99	82	38	50	24	71	53	88	98	47	20	42	36	72	7	52	69	44	51	98	22	35	40	28	12	19	30	64	5	83	88	9	21	71	66	31	36	72	98	38	37	25	45	2	19	74	7	60	6	61	18	35	99	91	53	48	26	59	21	46	61	87	78	38	89	96	25	35	94	80	85	93	26	93	40	51	68	55	33	86	64	61	12	2	42	76	29	42	9	26	42	79	46	79	23	59	55	31	50	25	57	25	20	24	1	9	29	
10	77	14	95	26	2	89	57	99	59	8	50	74	73	18	45	41	30	59	31	93	79	97	11	72	55	97	42	20	2	68	88	78	78	18	25	98	38	97	53	21	86	23	22	34	48	46	47	71	31	52	39	85	17	85	51	49	59	6	65	47	83	21	30	16	7	89	81	27	12	77	41	61	37	59	26	39	55	47	68	33	2	15	72	87	69	25	89	74	74	21	3	29	14	39	28	3	74	2	23	41	10	93	3	75	36	56	58	9	72	36	17	1	41	68	35	54	34	95	67	87	91	4	36	4	49	8	78	2	65	78	69	60	1	100	100	13	55	96	82	55	75	61	59	60	78	11	10	62	22	43	6	73	36	17	92	60	84	96	72	97	51	55	82	86	45	94	52	38	58	82	31	37	30	99	31	48	8	50	60	96	51	47	75	86	77	14	45	64	69	76	21	72	32	73	24	22	73	87	67	
95	93	39	18	60	23	45	14	50	62	69	90	75	59	65	86	98	97	61	75	15	20	63	70	20	92	51	61	16	94	98	69	57	11	6	44	15	15	48	31	87	98	7	72	83	19	97	83	31	66	67	92	22	57	82	27	3	24	11	73	63	84	71	91	45	82	84	45	75	18	91	11	12	50	97	1	51	18	20	9	24	54	73	75	15	44	53	47	84	88	14	57	69	40	93	100	78	43	56	39	69	82	76	12	41	95	74	80	6	98	64	53	24	29	46	25	6	53	43	81	27	13	19	47	59	43	12	23	43	94	60	65	36	92	25	89	41	54	62	22	55	25	74	96	9	59	84	11	83	48	77	44	86	18	64	96	53	71	58	1	17	31	85	63	73	24	86	84	25	63	33	86	24	84	89	83	57	34	79	96	37	2	61	84	48	93	73	3	16	70	68	1	34	95	37	54	1	85	23	97	
80	39	51	22	68	6	40	41	25	48	10	9	37	3	55	52	19	81	9	77	7	9	69	89	64	12	5	94	75	73	51	83	91	81	58	15	17	95	94	13	39	77	93	22	2	90	53	30	52	67	31	30	47	47	83	35	28	99	16	22	11	36	48	53	49	95	26	76	85	53	87	85	73	51	49	25	63	61	23	30	61	27	10	55	35	47	30	45	3	41	99	93	75	62	13	5	83	95	60	3	8	42	79	3	31	5	47	3	64	38	64	46	47	55	80	22	55	93	98	20	24	96	92	31	27	42	69	97	87	23	56	15	11	49	28	44	58	23	41	28	24	93	35	50	69	39	83	34	97	44	49	38	43	37	76	26	36	39	55	28	97	87	43	78	82	98	14	11	66	18	1	43	97	75	60	84	55	50	68	35	32	67	28	91	31	93	11	30	35	70	41	36	32	42	63	69	62	23	76	66	
51	16	14	37	100	63	43	15	46	38	1	83	42	62	98	79	38	8	56	21	11	60	81	86	81	27	82	9	87	8	93	5	13	3	73	38	91	97	71	24	51	77	75	3	70	38	70	19	39	92	30	6	86	83	2	5	61	5	66	60	10	29	31	89	6	7	95	45	28	58	60	41	96	74	42	17	92	74	73	65	71	14	91	72	88	78	43	6	61	40	66	81	70	9	73	41	82	39	45	14	95	96	9	32	14	10	72	85	56	77	52	73	88	95	99	13	80	99	97	19	46	5	7	7	18	100	40	39	78	15	37	57	87	70	100	2	78	69	52	93	71	55	47	72	39	62	50	51	89	56	53	17	21	59	50	92	64	59	34	86	16	78	98	11	73	50	100	54	5	88	27	17	30	92	89	62	21	24	80	32	4	46	94	90	93	97	98	57	50	57	86	77	66	30	7	45	59	15	56	81	
5	70	7	81	28	88	76	68	1	15	22	47	55	58	19	94	6	28	49	4	82	71	32	25	61	7	39	72	82	67	21	99	64	28	81	66	25	81	37	49	32	80	43	28	83	56	7	32	85	22	47	86	32	37	2	81	61	4	75	71	4	19	47	33	66	16	22	82	12	66	28	95	73	14	82	10	19	59	59	18	75	54	60	14	50	23	66	47	5	63	26	74	90	48	52	64	66	32	53	26	68	56	45	44	27	58	29	100	77	56	19	16	32	13	39	21	80	52	69	40	7	65	76	83	35	57	74	35	68	65	47	67	2	67	2	89	96	95	86	76	42	53	37	75	6	98	71	7	86	72	77	30	59	71	79	47	86	90	91	92	23	37	12	11	94	7	32	60	45	82	90	17	42	1	19	95	63	22	14	88	56	49	64	61	78	47	34	69	24	67	92	85	51	28	27	62	9	46	11	72	
76	43	35	8	24	89	17	94	82	53	44	76	19	38	40	30	17	7	48	73	50	26	51	61	58	32	45	41	19	81	77	22	16	7	84	33	73	77	52	86	98	30	62	12	21	47	74	93	17	57	47	83	37	63	50	70	11	5	20	7	55	91	42	15	24	23	10	69	8	74	13	12	77	40	23	93	19	91	4	23	5	42	12	36	64	81	88	84	9	91	2	94	21	1	59	98	48	15	28	43	47	71	16	18	60	21	70	96	45	46	51	29	42	80	36	33	79	61	3	42	28	49	59	89	78	39	37	30	72	59	88	81	18	83	36	90	36	33	62	10	59	13	7	51	36	66	23	22	47	55	25	80	99	34	56	94	6	10	66	24	19	26	67	67	74	97	73	25	31	16	83	38	4	95	41	99	38	81	64	55	25	34	86	9	66	35	12	30	5	86	4	44	92	30	51	81	17	41	54	9	
74	61	48	2	42	25	20	31	90	69	57	14	42	63	93	28	97	56	16	53	75	67	1	92	37	38	7	15	98	40	84	49	34	59	17	69	44	5	54	26	70	28	40	17	96	1	90	52	85	82	83	2	2	50	38	49	25	6	53	6	47	72	53	17	50	13	40	42	65	29	1	80	28	84	9	37	32	56	6	9	55	91	10	88	33	97	85	52	71	23	23	31	39	63	57	95	55	82	86	57	42	66	92	24	63	7	90	96	3	26	19	6	83	93	2	60	47	94	78	32	53	17	42	22	91	50	91	64	42	74	9	90	83	48	80	48	30	57	35	61	95	90	48	28	45	23	88	15	80	75	66	72	94	62	10	76	91	66	91	87	76	13	11	58	21	19	77	76	5	56	56	19	6	36	68	72	17	20	75	37	4	80	1	5	30	58	43	42	59	5	87	100	8	10	60	16	25	51	32	60	
59	50	34	39	17	41	96	10	35	50	90	35	32	16	38	23	94	59	19	21	78	47	2	59	9	65	7	34	72	72	41	23	93	1	2	14	8	67	86	77	40	100	68	63	34	69	44	21	51	27	35	5	81	70	49	89	32	24	2	41	46	7	43	83	49	93	37	98	61	37	22	65	85	94	96	87	61	48	16	28	30	22	91	3	58	15	8	79	75	78	39	26	23	86	67	7	9	81	1	62	26	67	20	14	98	58	12	60	82	30	65	4	94	49	67	51	8	95	55	47	73	64	54	89	60	90	55	54	75	6	45	25	76	34	53	88	7	88	51	78	68	86	88	87	7	68	66	37	9	95	72	61	19	13	45	20	84	8	38	28	94	44	55	62	46	42	74	88	20	59	89	70	20	3	61	19	76	38	11	99	33	83	59	22	97	80	21	84	9	71	23	67	2	63	42	21	27	70	58	45	
41	39	76	47	4	4	92	14	14	59	76	69	16	22	80	97	55	98	6	9	97	53	31	75	67	85	8	41	48	36	44	33	10	82	91	35	51	75	8	70	12	17	91	36	35	59	78	13	49	3	28	61	61	11	25	32	9	3	6	2	87	64	29	85	12	25	61	3	57	43	92	18	18	67	99	57	92	45	31	11	20	77	2	81	58	3	21	61	74	42	89	2	63	4	50	83	89	21	22	22	5	70	92	88	74	7	48	91	67	81	95	16	59	59	39	98	92	55	98	53	55	50	69	36	53	78	65	68	93	52	65	90	45	59	76	94	67	95	30	26	9	65	47	76	14	92	5	88	4	68	58	15	72	24	87	86	39	81	89	30	59	93	94	42	29	99	79	91	18	35	63	2	13	38	67	77	22	29	54	49	89	85	13	22	83	71	44	53	64	1	72	14	83	30	66	80	19	82	70	77	
22	10	57	23	32	22	31	100	25	30	35	70	59	56	89	6	46	10	97	51	41	91	21	21	49	15	62	95	45	35	57	38	14	57	17	35	35	25	5	63	77	88	6	77	31	80	12	65	59	24	99	5	4	5	6	24	3	45	87	63	6	68	79	38	30	70	63	52	16	6	34	83	20	65	36	23	65	1	35	91	58	54	98	57	73	73	81	95	13	74	98	82	6	61	77	91	9	65	52	37	39	12	69	69	56	46	39	42	52	98	70	75	56	4	91	92	8	91	63	28	69	55	10	96	18	43	96	38	31	56	22	99	63	50	84	40	99	15	87	25	62	52	49	32	40	92	32	94	94	66	86	94	55	81	57	72	6	69	18	49	65	69	40	88	82	56	18	95	61	62	2	93	6	12	78	41	47	94	60	96	46	12	100	64	74	22	89	6	81	74	40	56	53	93	50	68	91	38	14	47	
59	89	71	11	100	77	69	76	51	39	80	85	27	43	24	15	5	67	49	82	74	72	74	78	74	59	88	35	80	49	60	70	1	33	32	3	30	32	30	77	20	59	65	77	94	94	51	38	6	11	16	66	75	20	53	2	6	87	22	93	93	78	61	63	8	81	78	57	23	51	44	18	25	71	36	38	95	58	88	6	11	41	56	10	20	39	55	92	18	72	59	30	37	43	21	58	77	12	35	67	59	20	26	86	81	82	8	11	45	43	80	9	89	52	97	70	32	91	82	92	37	28	84	8	94	67	39	5	14	99	23	20	37	40	85	16	21	35	81	47	26	26	53	7	18	70	100	63	91	55	79	13	35	99	76	17	84	32	23	63	91	76	25	43	47	69	85	72	87	100	40	20	7	27	28	33	94	88	73	62	7	95	43	43	60	91	97	90	4	13	2	77	83	59	39	42	100	49	14	51	
30	70	13	5	2	26	66	9	51	12	53	3	66	64	48	40	81	9	28	91	81	30	35	21	8	14	63	71	95	15	9	28	16	93	28	91	96	59	68	47	64	8	44	71	19	86	75	5	65	73	22	60	71	7	6	41	2	63	93	76	74	29	55	87	11	51	78	36	41	93	69	64	28	79	56	57	32	12	13	14	6	40	8	57	46	67	11	14	45	46	39	52	73	58	41	78	95	98	94	17	17	61	16	52	8	12	74	65	27	72	85	62	87	48	67	36	79	8	49	99	34	60	23	99	98	10	56	50	83	39	2	93	97	19	14	88	56	76	87	33	21	38	47	79	66	92	75	25	17	53	77	11	10	47	55	8	11	27	98	87	61	17	35	51	19	21	65	7	45	79	98	75	95	9	44	67	33	61	5	59	24	82	9	61	70	50	69	64	60	62	10	50	89	100	67	53	77	63	27	45	
37	31	5	63	77	94	79	11	14	61	54	66	79	61	79	3	68	47	95	51	36	90	13	19	64	83	65	6	46	47	59	9	75	99	32	39	97	73	36	89	74	3	57	52	79	24	87	45	47	63	11	10	4	55	47	46	87	6	93	74	3	49	64	2	4	89	45	9	86	42	74	32	88	7	40	47	77	84	10	13	37	78	72	47	81	76	70	27	19	43	78	99	90	82	23	41	62	17	41	31	14	15	73	34	19	62	11	48	51	5	41	26	33	28	61	45	59	65	18	31	40	67	82	51	31	86	13	70	8	82	72	44	56	58	20	47	100	21	31	82	20	93	21	15	5	94	34	98	7	43	91	70	36	48	6	100	40	63	8	21	67	96	37	61	42	2	65	41	5	81	20	49	65	26	87	92	18	49	30	15	70	88	11	57	40	92	17	55	90	4	60	73	81	7	48	42	68	18	54	72	
72	43	36	55	35	99	36	30	28	18	79	48	91	46	42	83	1	48	37	57	41	88	22	3	94	85	89	1	6	51	80	61	18	65	15	18	15	29	33	85	17	7	23	79	49	41	5	63	83	84	36	29	19	91	72	7	64	68	78	29	49	53	30	61	65	48	20	27	45	35	51	30	6	58	72	66	55	73	76	42	33	72	57	45	48	77	48	3	48	72	90	88	53	86	48	58	4	54	65	95	45	20	96	6	80	52	81	58	49	100	50	80	61	81	2	9	46	12	75	72	47	42	17	47	65	81	22	61	7	53	68	69	62	28	91	53	57	61	6	43	33	15	70	6	32	31	65	67	5	67	7	32	44	47	100	13	2	14	13	38	25	23	12	48	43	81	38	18	2	36	81	85	15	18	40	90	67	15	90	74	70	81	38	85	95	43	25	18	72	39	12	95	57	52	62	66	97	34	76	71	
77	39	97	44	55	70	36	95	31	96	48	44	90	51	75	68	9	43	93	35	23	17	85	74	45	43	37	48	73	58	1	82	5	82	73	96	81	36	30	11	12	85	34	36	71	80	55	69	21	71	48	31	47	42	53	43	29	79	61	55	64	30	97	90	55	1	6	9	56	73	26	89	85	78	48	68	30	4	58	96	65	22	90	7	71	14	86	56	34	85	29	8	22	33	52	66	31	42	31	17	45	50	55	96	20	12	48	30	49	31	46	10	98	30	6	62	30	52	81	33	65	86	35	11	59	52	39	47	5	16	15	22	63	76	72	18	37	53	96	71	90	49	41	52	53	96	40	95	57	16	2	68	13	62	52	46	66	37	53	5	36	23	99	38	23	83	71	39	28	28	56	15	13	22	18	13	43	33	17	4	46	88	52	89	73	43	43	17	77	18	46	98	18	85	38	59	70	92	79	47	
64	17	31	79	74	36	54	2	80	34	3	69	71	79	3	34	6	68	25	60	57	37	38	56	85	12	13	2	93	66	94	57	67	59	8	72	2	95	97	7	31	46	16	92	12	99	78	75	30	91	53	89	33	15	17	83	85	38	63	87	2	61	90	91	61	74	83	97	10	37	66	69	69	94	31	99	2	23	12	46	54	27	83	12	11	82	85	78	58	69	34	18	52	59	8	12	70	73	51	33	93	21	6	58	99	39	8	71	37	98	19	87	92	9	89	34	22	39	62	81	88	3	82	40	100	37	42	30	53	76	18	42	52	89	58	48	27	7	70	67	28	99	55	57	51	13	97	74	86	5	28	38	30	100	48	43	97	22	79	84	38	88	48	40	66	85	72	78	56	45	13	61	52	29	58	29	51	4	54	51	5	19	60	75	44	74	93	37	99	98	56	63	83	5	7	71	27	40	27	48	
28	97	52	50	58	38	38	72	79	84	38	78	71	20	56	9	87	71	70	28	87	81	62	47	19	64	65	18	30	64	14	20	43	34	52	19	48	83	50	8	76	37	33	74	52	77	9	91	16	45	49	6	66	24	50	49	12	30	8	11	4	65	55	61	25	86	100	54	57	29	29	67	78	40	44	32	21	32	14	43	84	27	15	14	73	17	56	86	35	82	97	28	34	45	63	2	16	69	49	98	86	68	29	55	78	44	96	37	91	57	70	12	29	78	20	48	89	15	49	90	64	54	53	4	90	83	33	21	30	76	61	80	46	9	42	35	43	76	89	65	35	47	34	5	59	29	35	69	38	84	36	62	7	11	32	89	14	22	68	52	32	44	16	63	4	67	63	42	58	37	22	20	91	86	91	79	73	45	71	84	15	52	82	43	48	52	78	11	73	46	96	80	37	10	13	2	46	61	40	70	
40	30	28	44	97	9	32	70	45	13	87	60	48	51	100	16	67	66	43	40	47	46	48	12	88	91	92	91	27	9	73	7	35	46	58	10	69	11	3	92	12	22	55	68	29	12	89	23	7	82	95	7	16	23	13	93	25	70	81	51	89	48	1	74	86	54	92	57	13	6	100	78	5	33	50	97	28	2	73	22	33	19	49	22	1	72	81	40	80	53	92	100	49	73	68	99	13	92	88	56	84	31	83	8	22	56	76	3	49	56	11	43	50	62	36	76	57	82	94	33	7	21	34	73	42	96	21	71	30	58	96	50	58	33	35	31	92	37	79	97	33	11	44	75	38	14	75	23	32	11	52	40	30	21	32	3	15	22	22	93	15	26	57	67	61	45	72	35	63	65	1	61	27	73	78	56	85	81	12	40	57	28	68	44	10	4	24	40	99	42	26	35	38	80	93	9	74	29	42	63	
89	32	21	13	55	4	38	52	22	41	54	73	60	31	64	55	93	85	50	60	45	36	4	82	75	34	2	19	65	91	63	74	66	58	19	9	85	3	86	83	93	8	35	18	6	87	13	20	89	84	26	95	22	10	40	37	61	63	78	78	45	20	6	83	100	92	47	76	88	55	89	53	82	1	49	2	11	23	52	82	14	18	100	8	40	22	94	5	85	41	92	56	50	93	23	51	64	1	71	44	33	20	73	45	85	30	57	20	91	37	35	51	30	30	30	56	20	46	45	45	13	37	33	61	8	97	62	19	61	11	85	93	66	76	82	74	88	35	72	34	40	63	30	69	35	45	88	95	70	3	51	92	87	41	97	13	92	89	40	62	9	59	81	74	10	16	78	44	83	4	89	53	41	44	17	79	78	60	74	46	56	8	26	12	66	79	28	100	88	8	93	6	99	33	27	69	61	35	43	87	
75	70	5	53	51	21	95	23	51	43	53	61	82	42	48	47	67	80	67	50	55	48	94	86	60	85	57	100	42	21	61	3	6	69	91	17	29	52	46	37	53	92	88	82	68	11	80	28	81	45	76	45	82	69	42	98	3	52	57	36	9	27	9	97	54	57	76	87	38	35	6	97	87	55	41	16	50	32	61	17	5	52	77	15	75	53	38	11	99	13	84	80	81	33	26	62	62	98	33	11	50	75	15	76	51	79	22	99	6	72	46	14	1	90	50	80	52	6	66	76	14	50	82	70	57	67	21	37	92	49	91	77	9	21	10	3	42	37	70	79	93	39	76	7	98	67	75	42	16	95	6	22	13	46	69	10	98	69	50	99	81	79	42	68	8	22	92	62	66	50	36	66	96	46	26	83	17	53	60	7	36	46	82	84	99	84	23	96	30	93	85	99	39	69	58	80	89	67	51	14	
16	49	5	59	90	86	48	43	13	7	71	33	48	67	50	25	35	14	81	100	45	70	62	75	76	84	65	94	84	77	76	49	33	41	75	7	50	95	75	1	37	20	81	7	39	10	23	17	27	75	85	28	12	8	65	61	57	16	23	41	86	45	56	10	57	13	88	38	13	27	81	94	1	82	90	42	25	68	23	68	21	41	36	93	78	56	45	36	9	25	35	22	54	94	93	8	45	53	41	40	67	16	91	21	96	37	55	68	87	77	38	36	13	6	58	77	30	47	60	38	22	15	28	4	76	82	4	69	7	37	87	83	64	10	88	2	49	65	56	27	81	72	78	35	49	45	37	64	56	90	98	71	19	31	69	37	43	13	54	23	89	15	65	3	67	92	88	59	60	93	21	50	37	72	79	9	50	86	6	93	89	53	12	55	75	6	12	38	20	42	63	73	44	50	87	63	68	70	21	61	
20	83	77	100	67	11	29	19	56	79	47	99	99	22	11	39	67	5	69	44	5	56	47	54	88	91	55	36	51	10	49	37	99	76	61	29	7	46	2	3	89	52	86	95	79	52	23	75	12	18	53	58	66	74	29	37	43	6	51	93	42	35	73	37	29	6	55	35	27	1	93	75	85	5	68	49	33	26	4	96	36	20	26	58	66	68	5	39	89	75	25	97	90	65	68	96	97	85	28	22	75	26	65	77	32	66	14	32	30	9	98	71	94	35	21	80	60	84	55	26	78	62	17	58	50	8	96	90	50	37	92	51	13	22	46	39	35	40	15	95	95	37	41	84	62	45	50	10	40	61	71	93	12	35	84	23	70	36	16	49	60	49	34	76	34	19	30	64	81	63	68	14	54	55	33	90	71	35	65	8	51	32	58	32	63	39	31	100	43	19	62	29	48	4	36	53	7	39	20	98	
67	27	79	26	13	48	91	4	35	32	24	1	9	73	73	80	92	65	84	92	76	54	54	38	10	84	8	68	1	68	21	62	70	80	69	53	27	20	9	55	78	68	72	28	41	25	18	54	77	91	87	60	28	13	1	22	92	34	44	69	74	51	26	66	29	100	89	6	81	93	61	2	83	41	39	98	53	52	14	92	13	50	46	95	37	45	73	57	38	27	5	23	55	55	10	30	25	16	95	42	90	93	8	94	68	85	3	4	73	38	2	12	22	90	1	47	5	11	73	47	80	27	59	64	17	38	42	6	36	83	46	17	95	97	1	57	17	89	39	51	66	44	19	56	93	49	21	83	26	58	45	97	76	40	23	16	35	11	77	31	64	99	68	56	26	82	1	95	53	23	25	90	81	74	95	93	21	98	90	23	53	68	17	37	99	83	32	42	38	33	16	44	77	99	92	69	15	44	43	98	
72	23	86	53	82	24	24	18	21	92	28	3	77	28	25	17	69	62	45	28	24	58	12	46	21	62	25	15	98	83	5	13	95	35	15	6	65	40	46	8	14	11	51	2	20	15	15	66	41	11	85	41	95	12	80	65	18	83	18	64	32	30	89	69	67	78	53	97	94	75	2	20	91	48	71	37	61	76	87	99	63	48	55	96	67	8	71	43	93	87	50	53	29	96	45	95	77	60	81	56	6	7	25	30	40	62	61	18	59	12	49	29	66	8	69	82	90	14	15	20	40	16	97	40	87	40	33	87	21	36	24	62	34	8	82	72	12	72	5	91	22	98	15	73	54	95	33	72	99	16	23	30	30	87	84	46	3	9	19	22	8	78	11	40	34	34	73	10	53	87	89	98	26	45	95	79	1	98	95	82	79	8	67	77	47	98	55	36	74	63	61	52	73	95	77	79	36	36	42	62	
70	8	10	15	86	36	57	64	92	97	67	69	42	5	36	14	100	52	6	13	58	44	17	60	13	57	20	2	25	53	32	10	45	98	71	63	37	74	24	37	73	16	57	85	46	60	76	2	61	12	73	96	73	77	28	85	18	20	25	28	88	6	85	69	78	5	82	87	1	85	83	91	23	49	46	66	36	87	71	88	36	37	2	99	100	55	69	95	76	6	81	98	93	39	76	92	72	45	55	40	30	10	94	81	21	93	92	64	89	41	45	5	33	48	32	97	3	1	94	57	69	48	45	90	17	7	15	15	65	53	80	58	36	85	38	79	50	89	78	70	99	44	29	56	83	23	25	68	55	35	87	51	88	88	72	8	48	53	86	85	13	23	4	30	43	80	89	32	5	78	20	32	1	52	20	78	84	59	96	76	8	91	25	51	72	99	71	79	11	40	32	14	91	1	74	54	86	57	5	96	
47	8	31	80	64	4	72	84	58	5	90	74	44	50	53	47	23	81	55	3	27	81	62	63	1	65	72	63	44	63	56	25	7	73	57	28	81	58	48	60	86	54	18	39	33	50	2	21	37	50	51	74	14	40	84	94	67	65	71	79	7	58	78	94	40	33	1	55	82	5	41	48	49	4	95	48	61	35	6	81	79	27	17	97	87	88	36	87	11	49	38	2	54	86	65	16	26	69	22	17	67	40	66	80	13	52	73	55	18	40	93	95	63	82	56	75	93	58	83	22	57	12	28	53	85	29	86	97	70	40	30	78	84	25	6	97	78	63	95	30	84	14	42	56	85	70	73	32	98	8	57	72	64	29	49	25	86	51	25	31	74	10	81	37	56	24	78	67	96	71	26	18	75	49	28	96	9	7	11	38	30	91	14	36	17	59	75	52	69	87	46	86	11	34	44	97	85	17	49	83	
98	41	39	54	16	1	35	89	34	2	63	33	16	82	17	18	46	50	36	92	3	43	2	15	89	42	83	28	49	68	46	97	81	28	47	50	60	82	70	56	95	69	35	1	37	82	33	70	59	97	49	42	82	23	9	96	99	36	36	56	40	72	48	31	44	50	49	41	90	68	39	71	46	95	83	79	45	63	15	100	71	64	36	85	27	58	78	80	5	28	55	85	73	74	28	61	42	98	33	33	91	3	33	85	49	97	88	46	12	43	71	45	5	74	89	62	39	94	38	98	30	29	71	56	2	25	47	98	60	19	64	79	87	20	66	69	8	70	11	16	22	19	63	57	36	45	67	99	95	61	55	65	1	59	92	34	11	4	53	23	62	72	65	18	46	55	98	85	97	76	93	73	70	94	100	97	76	12	90	6	61	92	89	94	15	42	88	67	43	20	5	85	24	45	43	30	88	31	46	51	
57	49	30	5	66	47	2	75	88	82	11	12	49	78	29	50	93	23	24	53	41	25	20	12	47	81	85	86	47	40	31	81	96	97	4	74	25	78	98	5	1	79	55	34	60	90	82	83	26	1	25	17	10	93	37	87	57	23	38	57	47	66	68	99	32	97	2	16	42	49	98	37	66	48	79	67	42	52	46	20	87	21	58	55	95	67	84	47	47	50	7	42	66	84	27	88	14	76	51	16	78	39	50	3	97	19	85	14	6	58	29	42	15	20	10	64	67	55	49	5	65	27	96	4	47	72	31	85	49	94	58	33	33	59	65	47	73	56	64	35	19	21	5	91	58	73	96	24	42	49	42	21	37	10	37	65	58	59	15	25	37	4	18	57	17	21	79	20	95	22	49	37	34	21	40	83	20	52	28	100	54	95	21	94	88	68	56	80	28	100	65	25	64	68	44	87	23	36	87	30	
49	44	78	49	12	64	63	7	50	19	95	41	79	89	47	85	95	46	71	73	4	87	1	18	97	81	70	4	55	29	81	28	63	71	27	50	12	99	21	1	20	92	24	1	97	62	86	29	39	51	63	92	19	19	32	61	92	65	95	32	77	55	30	2	21	28	11	50	25	33	53	61	36	61	45	42	7	79	43	16	82	85	78	82	62	86	54	55	45	90	7	24	44	2	81	5	73	76	13	47	2	70	34	6	92	64	21	56	91	32	6	76	18	64	6	71	34	3	31	12	58	31	49	11	73	71	4	84	72	50	19	82	4	5	6	74	90	5	36	44	18	83	16	30	18	95	53	45	56	74	30	54	60	68	1	7	81	58	91	10	8	32	66	39	11	36	34	75	27	70	30	43	48	80	4	41	51	8	40	44	20	38	3	7	84	94	10	26	91	13	77	87	58	17	98	75	66	83	33	16	
13	7	20	61	47	8	83	13	86	1	55	97	10	92	75	53	22	80	55	34	9	51	85	78	97	85	66	55	29	58	59	65	78	46	23	10	37	45	11	15	9	32	4	83	29	41	60	80	55	18	61	74	59	91	56	48	45	1	58	12	84	73	4	23	32	2	23	32	68	26	52	76	87	35	63	52	79	53	40	74	80	73	7	37	41	98	70	32	30	66	99	24	40	20	2	99	36	78	8	82	14	26	65	34	37	8	20	99	29	40	42	55	39	5	77	77	2	93	13	65	48	68	27	24	9	87	92	41	91	49	88	33	22	12	43	53	28	29	57	60	62	10	49	93	15	23	6	10	95	95	42	77	6	70	4	36	82	89	1	15	7	80	39	77	40	52	87	88	41	33	89	89	62	88	44	80	53	85	2	33	46	51	77	31	39	58	63	2	30	70	53	37	20	30	35	61	41	30	67	63	
55	2	54	38	92	33	24	15	68	63	23	55	15	49	67	51	9	13	91	7	50	17	48	8	43	99	49	10	25	87	1	44	43	69	88	97	54	88	93	54	75	89	58	54	21	89	36	11	47	20	23	73	59	4	6	16	31	35	88	13	10	76	58	12	14	73	52	61	23	4	14	87	71	6	15	46	43	40	29	82	54	18	48	86	1	66	2	60	26	15	50	95	100	38	97	45	14	29	91	34	65	72	26	68	16	15	5	18	26	58	21	65	32	76	87	37	16	89	10	19	74	3	36	85	50	32	1	78	39	16	48	73	53	97	74	62	94	63	69	73	99	52	84	48	46	95	31	95	21	100	62	18	14	62	69	97	44	12	7	82	31	72	96	35	83	51	10	59	16	17	24	11	84	66	4	67	73	98	67	64	5	72	84	86	9	18	62	83	20	95	45	23	10	27	79	31	69	1	78	65	
61	21	91	12	41	79	27	6	59	48	37	22	44	27	98	47	36	8	89	18	42	47	67	42	89	36	41	76	7	42	14	7	61	23	27	80	42	76	18	64	56	18	12	74	70	11	32	37	68	9	30	65	18	23	9	28	11	91	6	14	13	42	96	46	43	22	82	17	68	96	92	99	88	81	100	20	16	74	82	65	8	7	44	92	57	77	55	42	24	31	27	13	26	69	40	97	91	69	78	92	12	24	34	43	14	27	87	93	39	63	74	78	48	88	18	46	32	44	46	96	89	34	40	4	7	28	3	89	76	42	71	3	38	84	54	89	26	48	95	57	54	39	14	45	39	10	99	5	46	60	69	52	92	80	51	97	91	59	28	69	25	81	8	96	68	40	18	43	11	16	50	62	70	89	76	68	76	52	40	86	44	60	68	2	80	36	6	26	42	51	90	49	32	3	30	39	65	92	20	2	
25	67	4	27	78	80	21	68	40	54	3	50	30	5	89	2	51	60	97	48	62	19	49	5	34	49	6	16	86	84	25	36	76	40	18	28	79	50	87	76	87	91	97	95	50	12	24	90	33	24	61	71	75	5	55	30	20	58	11	6	37	33	65	54	84	33	14	5	21	36	13	63	36	79	71	87	82	80	54	8	44	62	4	6	1	23	17	1	8	45	7	98	81	76	2	68	51	7	78	51	54	27	33	22	82	29	38	87	36	34	58	65	16	22	4	54	13	26	34	64	65	33	74	76	46	41	75	14	90	7	61	70	62	60	60	1	2	49	44	48	42	80	62	13	44	7	89	38	63	56	7	13	30	37	9	29	8	21	23	66	95	18	100	69	19	40	2	97	32	9	82	11	18	48	80	72	35	44	49	94	16	24	72	2	34	12	89	18	30	49	80	14	43	32	52	54	95	38	61	72	
17	15	30	80	2	33	100	10	79	37	26	60	18	97	11	39	49	75	60	46	5	11	84	41	29	60	48	86	28	62	16	69	82	73	85	56	22	57	44	79	58	39	35	82	57	59	71	41	2	54	27	14	54	42	91	22	77	54	41	40	78	72	22	27	27	19	18	52	41	20	50	48	37	27	64	21	85	73	18	7	62	51	64	97	83	52	64	77	90	6	47	96	53	89	25	4	37	66	22	22	41	33	95	66	4	6	65	36	50	16	34	26	95	20	71	97	89	20	72	70	3	13	61	71	76	16	55	76	83	10	52	4	96	48	75	88	44	81	54	46	92	84	3	82	93	96	34	11	42	75	98	71	44	65	19	67	91	6	39	3	96	78	1	76	81	89	97	14	59	97	16	84	64	42	1	55	62	89	2	19	13	64	94	19	10	92	43	60	81	75	34	36	13	52	3	35	22	90	63	83	
90	26	61	68	38	40	92	55	57	77	21	94	6	87	39	7	24	20	96	73	92	44	8	45	33	68	54	35	34	81	19	16	58	100	63	85	12	60	13	58	98	32	28	82	92	51	71	37	15	73	10	91	60	12	10	91	2	98	56	8	72	57	90	83	15	49	100	77	36	26	46	55	2	17	36	58	78	7	48	44	4	64	54	81	71	62	36	3	12	74	12	80	5	15	46	12	80	7	54	61	89	60	24	62	32	30	42	48	37	15	93	84	78	28	43	88	49	55	4	75	56	42	6	10	36	74	98	53	12	23	1	36	13	16	22	32	30	53	76	75	40	40	75	64	75	65	44	72	79	74	93	87	61	49	1	54	36	7	56	66	37	56	93	84	97	39	51	10	62	53	81	19	32	94	32	99	20	25	69	41	88	53	34	93	64	22	20	95	48	28	19	40	11	86	28	9	34	95	65	34	
45	22	34	87	38	9	97	2	3	17	42	91	50	1	57	58	49	1	17	2	75	49	85	93	6	42	94	25	67	6	7	46	52	88	45	75	78	2	65	55	86	46	47	53	61	3	36	63	72	75	55	72	14	36	88	3	81	57	10	57	47	45	7	12	14	22	8	15	93	58	95	96	99	97	85	55	82	37	86	92	6	97	81	79	93	48	42	64	9	82	87	50	8	51	8	3	50	63	11	29	25	12	94	57	45	50	65	95	96	65	64	6	98	75	21	25	12	24	98	38	21	3	68	32	31	5	68	62	53	14	94	92	25	88	97	87	75	29	96	81	42	61	92	26	84	6	61	23	73	41	35	60	77	73	55	100	98	63	46	31	16	100	9	71	33	3	43	81	61	74	53	57	62	49	30	59	42	9	43	57	98	26	67	85	96	5	11	84	93	33	31	53	14	39	45	10	47	75	60	21	
12	96	6	67	4	47	1	19	61	2	52	69	85	80	71	95	97	56	50	85	12	92	5	82	79	92	36	3	28	81	90	4	87	77	60	14	75	38	40	66	60	29	62	10	48	49	43	41	87	15	35	88	50	64	33	58	58	73	20	46	81	48	71	11	73	1	40	75	78	66	37	67	100	87	27	95	62	41	1	57	1	83	71	93	67	1	66	91	87	48	56	98	5	30	54	54	51	20	95	82	95	24	44	8	64	32	44	7	39	96	19	52	59	16	34	42	21	44	90	72	85	82	95	26	88	10	23	21	81	44	6	20	86	20	19	90	70	78	9	55	4	35	94	93	62	62	78	18	14	69	17	88	91	18	86	47	45	18	49	47	38	71	69	32	56	32	91	85	60	52	2	60	96	58	33	3	36	81	72	8	38	27	25	98	63	37	17	55	92	55	8	8	33	2	61	52	67	45	57	42	
62	2	26	4	51	88	90	36	51	13	58	9	31	92	4	25	18	80	51	88	40	14	31	74	64	89	45	26	93	52	86	26	82	53	44	80	19	98	100	44	28	66	43	42	4	96	47	24	69	44	47	78	23	81	97	15	3	73	39	67	76	77	14	82	17	72	22	53	56	68	45	8	55	88	58	67	86	98	66	77	23	52	62	48	1	92	54	67	41	19	13	1	89	30	28	51	1	16	55	65	26	96	69	92	15	45	63	70	86	79	33	36	35	83	24	7	29	98	16	64	85	1	39	90	53	45	36	71	12	84	95	26	55	85	81	37	8	95	87	84	31	76	37	94	18	87	90	3	10	80	60	25	11	64	42	73	26	17	6	21	69	20	89	46	73	96	77	11	100	17	94	28	33	74	56	78	62	2	11	81	71	76	56	20	74	1	38	44	64	4	51	53	25	28	81	19	36	45	66	37	
24	16	92	51	62	49	39	23	35	73	44	26	99	16	6	93	59	45	59	7	51	85	100	49	7	15	54	34	99	1	44	32	6	97	86	90	67	10	13	28	63	55	19	66	28	84	97	77	25	53	30	43	66	88	85	8	21	81	55	11	70	48	86	85	56	81	94	38	45	5	73	71	69	36	78	84	54	70	2	55	17	64	36	42	66	54	62	2	86	24	42	58	40	94	80	80	39	27	6	8	43	4	18	48	58	19	94	39	34	17	80	32	11	60	94	37	74	17	19	60	94	33	85	15	8	44	54	48	69	92	32	55	46	66	91	7	29	1	4	41	2	33	49	71	71	74	78	75	5	68	66	25	21	26	99	75	1	7	7	97	3	7	38	76	41	8	2	27	52	21	14	3	32	33	79	16	84	58	44	87	56	22	17	5	16	46	43	2	42	34	61	52	54	82	21	28	46	43	51	31	
58	88	70	25	79	72	66	81	32	15	98	28	54	20	98	74	16	16	23	7	50	8	85	73	39	89	12	18	92	21	62	52	69	47	45	39	52	36	23	87	18	55	84	5	45	50	91	72	89	47	45	6	47	84	52	79	61	95	92	14	27	3	56	78	86	40	5	11	36	39	57	43	95	87	80	47	55	32	60	42	1	77	3	64	91	67	2	78	17	31	58	15	68	6	42	54	72	38	77	27	98	87	96	53	32	14	42	77	70	51	53	69	81	100	64	8	16	54	69	87	22	30	81	13	50	30	32	56	44	48	16	35	26	93	76	38	8	89	18	48	71	96	60	72	74	78	53	63	49	77	24	51	24	38	24	38	63	12	55	3	57	90	90	11	22	79	51	43	7	15	88	59	79	43	90	70	47	96	40	62	63	9	6	57	96	34	24	100	84	55	38	89	66	94	27	97	80	84	69	96	
92	1	7	16	43	28	84	62	24	8	53	10	49	9	61	5	21	94	18	45	50	76	28	53	23	70	56	6	92	61	92	61	38	48	21	69	97	69	79	18	82	8	33	45	9	43	64	25	74	84	3	61	5	9	71	75	74	13	18	45	19	48	34	58	35	80	85	99	9	89	38	93	76	11	5	47	45	30	26	24	8	90	12	9	87	41	86	17	98	61	78	59	23	10	53	72	41	70	9	10	10	56	52	96	1	23	9	99	59	51	86	47	84	6	70	18	63	49	85	53	93	11	14	73	100	14	6	93	96	99	16	49	54	88	31	38	53	32	87	63	5	7	30	34	12	51	86	10	37	70	53	76	41	50	7	78	23	7	30	100	63	5	68	100	84	74	30	80	13	69	44	41	33	13	56	100	64	65	93	27	9	27	71	80	64	85	4	18	63	32	6	58	73	54	25	68	9	88	70	84	
78	19	8	100	12	44	100	34	57	13	62	57	83	30	43	29	23	83	67	36	60	53	57	42	21	95	28	99	18	10	1	21	84	83	13	30	99	5	4	82	96	40	69	55	27	6	38	30	74	88	41	40	63	91	23	78	42	74	72	46	43	72	85	69	82	53	41	13	25	75	27	87	6	49	28	50	90	66	15	31	45	6	74	82	48	19	24	31	61	60	3	8	45	35	28	85	15	36	95	35	30	91	28	65	36	40	92	75	7	80	35	6	1	46	17	40	96	10	76	93	86	90	35	4	21	78	83	30	67	43	49	5	94	17	8	13	42	32	41	50	38	71	41	53	33	36	10	42	82	21	79	74	20	63	43	54	72	84	40	34	58	53	87	83	8	39	59	57	56	80	80	23	10	20	57	99	90	13	40	33	45	14	91	78	31	77	14	83	43	31	14	81	27	74	1	100	82	35	14	69	
70	21	3	31	12	59	68	75	28	30	6	38	35	70	52	99	55	54	96	77	64	57	29	70	58	86	85	60	15	36	70	32	74	22	21	17	47	40	19	97	15	97	10	85	81	23	82	76	21	14	99	66	26	2	23	39	89	98	59	39	78	90	29	34	97	92	92	84	35	25	5	50	81	38	55	7	7	99	50	27	7	47	12	87	56	13	42	58	78	3	25	1	12	25	10	94	58	82	1	81	53	88	66	77	49	23	11	98	16	20	41	46	32	19	42	95	73	52	9	97	58	3	94	56	3	65	96	99	85	83	83	34	16	57	41	46	63	98	3	45	25	27	63	45	71	50	83	48	35	97	10	37	90	5	64	80	18	33	74	70	22	3	74	29	22	43	75	8	78	75	51	35	57	95	55	42	46	9	48	56	74	30	16	89	80	71	99	60	37	40	11	67	82	50	23	39	48	86	93	46	
9	54	49	100	38	90	58	27	97	25	7	45	66	24	86	48	61	93	19	40	20	83	8	5	5	38	45	76	1	84	7	18	100	26	13	22	3	64	69	79	86	59	10	20	17	99	53	36	3	57	93	81	74	94	31	26	2	82	30	52	99	88	8	18	28	100	56	80	22	97	23	53	98	2	85	42	24	24	95	13	98	96	80	50	98	1	58	15	59	8	1	41	73	40	12	44	79	48	97	72	1	49	28	38	16	44	85	82	97	99	96	49	77	29	3	26	12	16	14	79	6	41	59	10	78	94	28	54	47	68	63	52	89	30	58	64	87	52	15	39	41	48	19	64	67	86	53	69	22	64	91	93	32	84	61	76	37	21	58	6	43	6	64	63	23	41	11	7	49	68	57	68	70	51	40	3	76	7	24	71	51	59	84	77	99	99	30	39	39	40	74	55	48	93	42	34	87	32	26	48	
16	24	86	90	60	93	81	59	6	13	58	95	62	28	81	7	26	62	77	96	25	42	65	28	66	5	22	51	70	78	18	34	49	46	29	65	41	18	40	40	50	64	6	99	13	60	22	2	29	69	75	70	90	21	39	23	63	6	37	73	90	53	22	52	34	49	50	81	54	90	55	29	93	54	73	66	44	40	100	26	81	53	5	8	5	89	40	68	23	45	12	73	42	44	57	30	84	7	92	79	49	28	47	38	45	18	95	94	54	13	34	61	51	91	73	81	76	25	20	25	20	11	93	84	35	63	77	68	52	67	90	14	84	75	85	30	10	46	48	66	14	7	86	5	26	55	20	29	84	36	42	10	99	81	45	88	92	6	45	71	61	82	19	2	33	68	5	46	64	46	89	16	46	98	36	48	6	46	43	2	36	66	6	1	82	56	30	93	56	24	24	9	13	50	4	61	45	43	38	80	
51	72	24	1	76	94	47	2	32	10	70	65	46	35	72	99	1	36	70	94	2	90	28	74	12	27	30	36	1	31	52	46	62	39	77	52	99	91	98	14	25	29	64	76	27	44	14	99	14	40	62	9	48	1	63	86	4	61	43	58	82	86	33	59	45	73	93	33	94	65	55	96	39	86	74	84	2	20	38	69	76	89	15	51	30	30	94	6	10	35	25	40	44	75	20	33	26	78	42	39	21	93	33	43	70	23	2	2	91	100	59	80	40	9	64	76	51	52	57	86	47	55	44	12	10	77	23	99	20	51	60	82	87	82	72	72	55	22	96	85	77	54	12	76	23	44	26	15	65	6	32	45	40	90	52	98	13	95	75	42	93	81	65	89	33	76	1	9	91	24	57	58	82	5	71	40	44	71	4	8	61	91	43	47	46	93	2	90	42	78	96	26	30	52	76	54	82	62	55	46	
61	81	22	98	81	87	44	22	23	88	44	92	36	22	91	94	19	9	38	19	45	96	30	82	31	86	10	47	1	54	45	12	82	45	88	31	63	88	83	56	97	36	3	30	13	72	45	82	39	93	13	73	52	59	57	67	50	77	21	41	23	48	52	8	63	68	23	26	93	68	10	45	76	65	28	27	81	2	97	40	2	25	46	8	54	28	80	42	53	28	10	12	57	20	92	28	76	44	73	65	94	91	46	77	17	96	10	42	100	68	34	35	35	13	91	95	78	44	17	79	51	90	98	87	12	83	40	23	30	11	72	46	82	94	40	73	3	64	93	43	83	50	57	35	32	9	95	58	11	70	30	74	37	84	67	86	25	37	99	67	84	28	56	80	83	18	18	74	6	23	11	62	23	2	86	42	74	57	16	86	15	47	100	10	12	52	90	82	71	12	7	15	77	67	58	69	8	46	69	10	
56	79	50	42	8	99	41	32	50	69	14	17	94	32	4	10	41	32	35	41	41	33	35	72	41	52	39	62	68	51	75	93	90	60	77	32	90	11	98	64	11	68	15	83	25	78	24	38	28	100	5	41	64	98	95	7	83	91	58	78	41	58	66	12	2	99	51	62	8	96	30	95	92	16	61	88	5	99	45	97	68	4	12	3	54	51	80	54	72	85	94	44	30	33	28	58	16	94	14	26	34	89	37	70	29	87	94	11	68	99	18	58	98	4	16	36	19	38	89	77	25	2	95	10	79	19	16	84	52	34	41	65	14	40	29	33	73	44	40	49	75	4	64	59	6	91	40	13	37	25	32	64	61	79	54	43	24	70	92	65	58	15	23	38	99	67	18	18	67	95	28	94	87	83	33	61	55	37	92	78	71	100	44	46	84	86	84	61	44	78	78	21	66	60	63	90	88	85	3	46	
67	22	57	14	13	50	62	99	11	51	68	85	45	50	71	53	33	58	29	37	72	94	45	28	43	36	17	55	4	99	100	16	57	39	28	33	64	36	70	64	14	53	46	23	3	3	92	50	3	78	83	82	66	48	55	9	89	9	77	95	62	4	31	70	16	13	64	62	45	97	25	77	72	26	42	14	73	36	14	91	51	37	80	50	51	1	39	72	41	15	58	79	84	26	76	16	8	8	49	7	52	100	45	61	9	42	53	16	67	92	100	61	23	89	55	10	7	3	9	1	71	35	100	44	85	64	85	53	57	19	71	14	6	87	16	92	15	70	68	38	10	13	4	47	37	73	53	59	90	66	89	99	75	95	72	63	71	43	62	22	36	44	24	73	31	82	41	39	78	36	55	12	60	11	75	73	92	60	21	12	93	85	69	23	85	51	36	75	69	82	38	78	12	92	43	10	54	35	97	51	
75	59	64	34	9	79	92	36	66	82	87	13	48	48	82	95	45	65	88	37	73	69	1	63	64	26	37	15	19	66	23	42	32	3	54	2	71	88	80	46	45	32	47	94	7	9	54	24	74	43	95	39	32	15	82	81	21	65	12	98	17	54	42	73	69	92	1	98	53	85	16	60	45	69	98	76	76	78	29	69	7	66	7	63	20	16	27	38	70	36	82	48	7	78	44	94	8	87	70	46	41	34	75	80	16	45	15	91	53	48	25	69	87	25	60	94	45	49	93	72	64	22	7	16	69	36	67	9	24	97	4	19	34	56	46	91	12	34	84	11	8	89	97	87	12	33	81	21	51	24	28	32	98	45	70	60	19	37	23	43	61	92	28	40	58	84	24	97	92	38	84	96	38	90	28	44	18	52	35	96	26	86	71	69	85	26	52	32	73	54	65	22	20	45	54	39	32	65	53	34	
48	80	46	27	42	99	62	1	11	5	100	73	52	9	13	22	45	50	39	55	48	82	93	2	16	65	97	79	35	66	59	26	54	95	92	69	13	90	49	31	81	75	96	92	64	3	6	71	2	56	60	45	53	28	86	1	22	52	35	94	41	65	31	51	49	88	71	33	41	28	95	81	55	22	33	51	13	8	91	78	78	22	54	11	95	55	6	77	9	95	1	97	92	42	73	14	49	70	91	97	68	71	18	4	44	15	66	32	69	94	56	37	97	74	46	42	53	77	84	90	17	84	24	98	60	36	87	19	85	56	59	68	40	21	40	70	36	63	42	31	64	34	10	47	88	6	73	32	13	79	38	79	53	9	92	60	58	62	97	2	52	29	5	39	66	64	34	34	96	71	61	9	50	30	51	100	9	91	53	38	66	89	72	75	46	38	98	73	79	9	68	1	96	97	14	67	27	25	53	21	
20	3	5	87	59	61	51	80	58	27	31	95	83	22	74	70	59	11	47	33	94	60	31	89	85	39	63	19	15	30	2	16	6	47	10	30	64	77	54	40	51	24	27	59	21	3	43	53	23	39	3	14	26	43	57	62	22	37	67	17	31	95	17	33	98	56	44	11	40	22	42	56	40	17	33	16	47	82	34	92	51	22	61	29	82	65	8	27	10	35	81	72	79	39	65	26	7	46	97	85	8	74	55	28	37	27	7	76	99	86	38	37	59	22	50	34	62	70	50	82	74	3	99	42	25	6	98	99	7	82	13	31	89	60	90	12	68	40	98	54	9	73	67	59	28	1	40	72	24	68	95	69	91	100	7	81	82	8	30	93	2	70	38	1	97	86	48	59	41	32	50	7	81	98	77	62	35	69	26	76	11	36	44	38	84	15	98	69	1	22	49	46	17	51	67	91	37	17	87	43	
6	28	85	86	27	45	48	72	37	57	86	12	16	32	8	37	70	79	83	88	4	27	75	2	23	96	32	96	55	91	95	56	32	86	57	48	12	41	56	45	47	21	82	31	83	74	71	88	41	69	8	95	68	47	42	26	5	39	59	17	14	45	45	93	86	84	33	50	67	75	90	6	30	67	91	78	2	14	65	12	54	41	89	25	95	26	43	98	10	30	53	1	49	21	94	34	52	41	68	8	88	85	71	80	9	53	97	59	4	71	35	54	58	75	68	33	76	14	79	24	72	99	52	76	63	11	87	30	36	64	80	71	99	57	43	47	26	4	96	93	58	11	96	90	17	50	84	16	69	93	49	39	97	96	45	100	40	85	5	11	28	69	59	2	80	74	7	52	14	52	84	13	69	13	80	74	73	87	57	77	57	74	94	59	69	5	85	19	70	72	99	32	7	23	38	83	70	19	64	56	
32	80	44	65	7	36	15	70	23	38	46	82	52	85	65	77	6	91	13	36	52	86	12	62	65	10	18	67	60	16	7	70	45	90	9	17	99	24	71	2	95	14	100	71	31	72	37	98	10	82	42	96	56	71	66	67	70	12	20	61	15	20	50	21	68	31	20	75	16	26	93	7	10	40	3	39	70	26	72	24	27	33	60	12	24	96	4	87	56	91	88	49	28	93	91	89	100	34	71	74	85	90	50	23	83	66	64	40	64	21	15	98	93	59	1	45	64	5	56	30	73	36	71	42	77	5	19	79	50	32	32	8	9	72	84	53	4	58	84	16	8	30	16	91	14	95	95	10	57	42	16	54	8	41	79	75	48	98	51	44	41	8	15	32	2	24	76	85	55	19	84	56	90	27	71	41	96	6	24	43	29	49	62	18	25	28	7	90	89	52	37	92	90	21	26	82	67	9	31	29	
90	39	55	24	78	32	29	38	24	76	92	80	97	77	36	1	81	90	38	15	94	2	38	9	71	83	36	23	74	72	57	90	49	55	45	86	64	30	26	49	91	91	94	39	73	21	92	47	93	76	79	9	45	16	92	20	92	69	26	16	73	96	55	6	29	83	73	15	91	65	8	25	94	66	33	50	34	65	26	34	33	95	24	94	44	69	18	96	52	28	66	28	47	33	46	37	45	75	18	55	71	50	57	14	49	65	58	92	23	90	26	23	87	65	83	25	39	70	77	80	17	30	66	1	52	97	7	2	39	1	89	54	44	67	16	58	62	100	43	59	63	66	34	24	41	55	59	25	62	26	14	58	39	51	56	44	68	30	48	10	23	68	27	3	3	71	50	95	85	49	43	18	23	28	70	62	84	3	12	48	30	49	58	34	64	53	73	91	71	76	51	27	31	17	49	41	13	80	23	63	
36	23	11	52	34	40	43	83	16	58	98	3	98	5	9	14	86	84	38	39	1	95	51	35	47	28	60	48	80	63	89	42	90	98	81	53	95	6	23	25	32	72	29	79	41	82	21	20	3	12	3	32	44	18	24	14	88	69	86	52	34	6	96	58	55	8	45	76	21	77	94	30	81	80	85	3	6	34	68	43	22	66	62	57	8	92	48	53	96	65	77	38	38	43	77	70	61	80	4	28	80	23	14	55	80	50	3	27	28	91	35	93	14	99	82	76	11	84	94	5	76	35	81	42	33	83	34	12	94	47	69	28	75	14	22	1	7	45	84	16	27	20	34	86	9	52	36	99	61	12	57	85	12	41	16	67	66	38	86	44	44	49	21	31	57	57	22	12	96	65	25	90	93	8	45	71	62	97	20	75	50	66	85	16	73	62	58	67	67	100	21	55	80	63	51	36	25	7	28	33	
9	62	93	51	69	86	78	66	54	28	79	60	56	64	69	40	32	45	7	80	48	91	16	32	56	33	85	69	97	69	12	92	39	37	8	87	81	22	95	44	33	11	79	14	57	70	39	42	75	41	31	14	27	60	63	98	74	56	81	8	19	80	20	99	78	22	85	51	96	32	68	40	21	13	49	97	92	37	16	14	82	4	32	45	64	15	58	32	1	36	49	16	45	70	17	29	9	16	44	37	9	83	49	80	97	74	21	58	72	54	30	50	20	29	20	85	13	33	67	52	99	52	76	10	16	29	45	15	99	31	92	51	27	4	26	13	48	97	29	37	3	84	27	99	25	5	78	85	18	97	30	98	40	31	78	35	98	32	52	36	26	75	99	48	28	37	27	83	20	30	80	24	32	26	73	43	10	65	37	76	57	95	79	89	68	87	86	54	97	19	21	100	76	73	63	34	27	5	65	32	
50	96	83	43	45	73	45	84	84	37	8	7	80	67	93	17	84	68	100	30	97	55	58	80	82	40	88	90	67	98	72	97	29	29	38	8	86	20	15	44	92	80	26	83	66	88	87	36	36	95	5	10	58	21	7	58	7	46	82	12	62	52	12	39	44	56	30	79	37	66	85	62	93	52	97	19	64	8	15	27	29	6	30	50	32	45	19	14	23	40	23	44	18	23	96	87	42	45	15	27	53	66	65	50	74	37	37	67	68	10	69	22	50	31	98	60	69	6	20	45	47	60	74	31	56	89	96	10	23	53	97	98	76	87	60	71	79	67	58	64	35	95	83	81	15	71	56	56	16	95	44	63	42	17	53	12	26	45	61	22	12	3	90	64	69	36	9	25	58	82	96	52	77	68	78	99	79	67	83	4	84	11	88	54	92	38	39	65	13	3	41	95	21	59	46	29	74	32	24	5	
25	57	90	1	8	25	25	4	71	45	89	40	74	6	99	90	65	64	67	99	46	19	80	19	94	69	86	60	68	1	80	58	33	72	99	6	59	57	32	94	73	91	78	82	27	30	5	72	56	74	47	72	29	70	90	12	48	39	8	74	11	81	48	8	96	76	57	22	55	14	3	61	92	73	88	85	21	20	5	87	38	65	42	65	44	63	94	42	9	92	11	85	95	2	10	94	53	15	66	7	97	64	58	3	21	37	3	20	87	69	93	44	92	2	1	4	23	55	66	50	18	80	72	38	37	36	45	30	67	33	73	94	77	83	7	96	75	40	91	67	77	45	30	38	40	55	74	19	7	29	51	55	44	11	86	65	82	41	79	71	47	42	18	77	77	23	93	59	23	17	98	57	81	25	71	94	35	4	3	45	80	23	94	90	24	94	98	34	45	48	99	26	19	51	28	15	37	63	77	73	
18	93	59	1	96	35	67	68	36	17	48	53	88	44	76	22	52	71	21	52	2	21	29	99	76	67	96	16	99	95	5	64	30	71	74	42	64	19	32	14	23	87	42	77	13	91	38	7	58	80	3	85	100	96	96	60	91	42	11	65	48	58	30	71	37	3	20	99	68	32	4	18	64	55	46	14	56	99	18	93	87	36	48	95	7	70	39	77	99	75	98	82	94	2	42	11	16	91	32	76	59	40	92	27	58	67	20	15	3	49	24	14	22	47	42	78	83	49	18	24	19	40	56	53	68	67	3	31	95	66	51	1	59	75	49	40	90	75	61	15	9	98	41	72	91	69	11	76	45	25	95	55	10	51	90	12	54	85	96	2	63	31	76	60	38	55	19	59	66	33	9	28	81	36	54	15	67	29	17	4	47	59	51	68	48	55	87	51	66	34	92	9	4	52	43	28	17	19	97	27	
49	4	20	41	92	81	54	90	91	17	20	24	50	38	48	84	63	46	58	18	27	61	77	58	74	19	33	83	51	72	66	49	13	72	33	93	15	56	12	88	67	97	46	28	61	100	69	52	9	6	64	56	77	45	3	82	67	52	45	27	51	49	49	37	91	49	91	6	87	30	73	59	89	18	12	6	91	29	26	39	36	50	37	96	39	86	34	70	59	7	16	97	54	91	100	68	67	53	69	99	4	64	23	28	72	68	87	3	96	21	91	99	2	1	13	92	43	100	26	20	64	80	8	52	30	11	50	45	85	48	52	79	8	8	99	19	7	75	53	45	82	27	15	100	88	36	56	26	7	37	32	96	14	21	85	82	20	79	100	83	95	33	90	10	69	71	1	89	67	93	18	4	22	47	24	54	6	43	3	59	83	27	8	80	74	5	12	70	21	45	20	16	42	16	60	63	12	64	12	42	
40	53	35	48	23	51	17	22	56	71	81	93	18	20	1	34	83	91	11	20	18	24	3	25	20	46	64	89	37	12	42	67	11	48	85	37	87	95	74	62	62	40	79	41	4	40	40	69	72	98	38	77	56	46	26	30	81	98	43	72	5	100	31	98	57	56	37	72	77	9	38	12	41	40	43	58	32	40	58	63	34	16	15	65	96	79	17	51	51	80	20	99	13	100	68	99	92	48	94	86	71	21	90	91	54	10	69	49	21	41	39	77	78	82	63	38	53	5	1	18	22	69	91	30	62	56	23	78	77	2	49	86	1	93	80	89	77	73	18	91	48	62	64	95	98	57	95	36	77	1	65	12	4	62	66	92	63	35	45	8	18	70	20	74	26	86	96	10	99	92	58	5	68	1	70	76	59	83	32	82	15	45	64	69	97	6	30	74	10	27	12	60	46	37	15	87	48	26	65	18	
99	57	2	34	33	83	47	24	72	21	22	24	18	22	90	16	75	41	9	21	71	60	38	33	86	50	46	98	84	94	2	41	100	99	61	44	34	94	49	91	37	27	46	76	80	39	85	44	36	64	64	52	19	51	19	65	95	70	80	85	41	50	46	19	70	11	35	46	38	98	2	49	45	93	71	29	6	42	21	74	58	34	93	64	19	33	80	53	86	35	41	96	34	59	34	18	100	25	56	38	35	15	26	35	30	69	93	24	91	39	80	16	43	20	39	21	5	65	29	6	6	17	16	17	37	8	1	8	45	47	29	100	50	54	74	29	87	92	36	69	5	76	73	17	27	30	30	72	4	25	68	74	71	27	65	57	96	60	32	60	11	18	12	42	14	86	58	21	9	28	72	70	8	77	60	89	58	17	52	98	44	9	15	67	58	1	90	29	18	50	42	16	26	74	97	75	79	28	35	78	
16	29	53	34	5	77	20	42	35	23	4	27	28	76	65	28	4	7	96	75	93	71	27	44	30	62	83	8	27	11	84	40	27	29	81	97	10	67	10	23	9	23	86	34	22	63	16	51	17	53	46	73	16	29	6	4	16	75	9	62	26	80	10	87	12	43	51	14	36	71	12	29	5	95	45	42	76	55	65	78	65	26	84	6	52	36	32	69	47	6	46	49	61	80	35	58	61	69	37	37	54	98	23	93	50	22	44	14	99	77	16	60	30	99	51	83	50	77	9	71	92	96	53	76	17	64	4	45	59	88	68	38	13	66	7	27	21	27	27	97	2	25	90	24	27	63	65	91	25	92	55	75	63	42	66	44	35	19	2	20	93	33	7	24	91	18	68	48	99	23	77	16	4	58	84	78	27	18	40	21	68	27	44	98	74	39	33	55	44	4	3	87	68	42	27	53	13	68	22	13	
56	22	15	29	66	87	9	10	53	93	25	19	70	34	18	1	3	68	98	12	64	19	73	5	64	7	89	7	97	82	11	93	90	85	32	60	53	90	42	57	91	49	8	88	83	40	87	98	1	24	47	88	32	42	83	94	59	56	89	87	33	61	98	92	29	50	30	1	13	94	22	66	33	63	5	15	18	39	32	48	16	95	78	98	59	35	11	81	84	1	32	77	51	40	35	98	23	87	97	59	58	93	87	14	20	50	92	22	2	78	43	30	73	28	5	28	63	54	79	42	73	82	50	27	41	43	52	49	3	95	43	82	76	81	49	91	54	47	94	68	57	20	11	69	41	75	52	97	39	39	36	37	13	3	45	17	54	64	13	56	48	5	63	47	66	62	25	3	47	37	38	58	7	95	87	47	75	21	41	31	18	17	82	68	93	27	12	41	25	67	80	29	84	87	76	91	83	74	61	96	
98	56	28	42	88	64	24	98	45	55	47	68	19	57	39	88	20	68	12	97	61	43	54	12	70	84	17	87	54	54	33	15	64	19	22	31	99	30	38	26	47	84	82	70	49	6	88	22	41	29	55	95	13	80	93	49	59	4	52	48	28	81	30	9	78	62	30	90	6	35	90	8	48	82	74	20	64	5	76	88	22	20	28	75	16	83	60	100	6	46	19	29	91	9	13	4	89	25	74	22	75	59	65	99	29	31	2	47	1	82	20	99	28	98	31	17	96	52	26	98	15	58	8	46	2	43	57	10	35	74	47	27	51	98	17	88	55	80	23	47	65	31	85	48	9	53	34	18	18	78	48	56	11	76	26	59	88	49	29	8	3	78	7	53	53	19	63	92	29	32	17	31	51	75	54	58	86	34	10	17	78	52	53	7	74	36	29	79	80	11	1	13	84	90	16	46	24	58	17	80	
59	32	64	19	53	61	48	75	18	30	77	28	25	82	70	30	83	42	42	53	58	21	93	78	97	27	39	17	72	10	15	51	68	92	39	72	72	27	38	28	35	99	78	75	72	66	3	35	68	46	80	99	39	36	2	67	39	91	97	67	61	2	6	89	20	36	30	50	58	21	1	69	32	56	89	10	6	77	87	18	4	71	43	21	34	24	94	64	70	17	42	3	73	64	91	16	55	60	46	50	68	1	83	82	20	98	1	42	13	63	39	51	5	31	52	93	79	82	75	58	42	64	94	6	47	99	33	91	81	82	7	21	84	42	42	92	100	55	69	93	30	23	71	76	67	47	63	24	2	89	32	7	94	4	90	29	5	37	84	38	99	90	37	47	53	31	70	33	82	17	51	96	84	16	4	85	37	87	38	47	51	61	95	5	41	45	83	81	83	57	12	97	40	97	4	84	50	75	24	54	
21	9	30	61	33	79	12	70	24	38	61	47	42	71	35	84	35	94	56	26	95	39	91	21	52	25	34	30	11	98	72	57	97	96	26	84	97	95	49	37	31	70	59	89	65	73	91	40	35	25	22	13	21	33	60	51	98	92	70	36	45	9	62	34	48	76	56	80	77	80	47	82	97	75	62	64	71	77	37	46	54	97	88	25	42	7	37	8	18	40	95	26	81	76	95	36	10	94	42	34	33	45	25	76	85	60	4	78	92	38	21	83	28	17	93	21	84	3	50	62	89	21	47	68	16	51	79	8	69	85	96	97	40	19	97	11	23	92	29	5	45	35	85	46	80	51	66	8	7	13	94	29	59	38	41	16	54	66	14	37	93	58	45	35	8	44	89	81	44	41	84	29	16	96	39	26	60	42	76	55	18	25	20	8	46	91	8	13	8	98	35	74	54	36	78	68	78	65	32	32	
69	14	23	99	34	32	72	47	5	38	98	39	95	4	62	81	26	85	9	54	59	15	86	75	92	52	26	39	53	32	57	62	75	3	12	63	53	32	96	98	87	10	2	72	25	42	40	28	54	6	55	80	80	79	47	8	92	8	32	79	59	46	30	22	89	57	20	52	30	60	5	90	3	93	39	67	34	2	16	32	13	89	49	12	21	29	74	16	63	96	73	12	76	51	78	19	7	45	53	62	76	64	39	11	13	69	23	83	43	53	5	50	63	96	79	84	6	25	36	33	16	43	4	17	23	66	66	50	32	54	19	65	25	47	26	51	2	75	7	92	60	16	33	53	29	21	61	54	43	92	97	95	59	38	60	39	50	45	78	62	96	66	43	90	40	52	51	82	54	53	39	50	32	14	48	55	22	29	8	35	66	36	62	45	67	16	85	97	20	40	64	30	91	85	53	57	27	16	37	98	
73	45	12	88	29	11	92	27	40	81	25	71	45	47	93	62	38	42	28	91	26	45	12	41	37	34	73	80	16	7	83	1	84	33	39	64	100	74	21	64	8	68	58	34	47	2	1	12	34	53	93	99	52	61	94	95	55	91	91	8	65	12	52	39	15	82	46	6	47	84	11	14	1	58	94	55	3	93	89	44	26	20	55	24	44	98	17	54	49	10	52	16	25	52	44	38	3	49	77	70	14	5	70	84	33	6	55	49	100	5	65	77	54	52	82	3	25	64	79	89	44	6	33	88	4	38	11	44	91	99	41	72	79	54	23	8	2	48	22	10	82	45	56	100	54	11	79	84	25	6	49	21	84	87	55	90	95	32	48	53	54	78	52	64	37	96	92	75	50	43	48	66	22	46	32	3	21	49	20	23	18	11	2	86	62	79	18	93	32	96	69	78	35	19	44	9	55	86	50	43	
75	34	30	18	27	94	89	38	92	66	61	67	78	64	3	24	49	17	67	26	8	30	62	99	45	88	33	77	7	66	27	57	35	50	77	8	59	49	96	57	49	42	67	100	82	32	69	19	95	43	98	97	69	3	78	55	98	63	82	49	18	75	81	62	49	94	45	66	60	55	73	15	94	83	38	49	31	13	10	46	34	72	4	98	90	16	19	69	85	76	9	14	20	57	17	89	9	93	84	50	79	56	77	94	67	20	66	18	26	1	29	9	79	26	75	50	36	79	65	94	24	50	96	32	86	26	24	24	95	49	79	11	53	98	58	23	14	77	86	81	86	91	10	7	92	68	60	74	95	62	42	82	34	31	41	8	49	63	20	27	18	6	14	32	1	5	28	18	26	5	89	79	30	95	24	37	94	76	72	44	71	84	66	31	7	91	72	58	85	98	75	96	1	58	28	59	40	23	62	54	
35	63	79	18	95	50	85	77	70	58	19	89	64	4	91	51	12	18	74	95	4	33	11	17	78	39	80	72	56	80	95	69	79	41	39	39	86	62	57	67	62	72	68	19	78	75	61	30	67	81	20	19	40	42	32	47	53	28	92	99	31	72	33	81	90	33	45	76	38	26	47	20	57	22	98	5	12	65	19	96	64	70	75	38	72	64	60	87	53	93	97	79	25	86	79	77	1	72	90	82	24	30	80	5	52	45	50	24	20	18	6	71	42	98	58	62	33	89	94	38	37	96	43	39	40	75	49	44	22	92	67	20	58	52	47	98	27	9	49	7	29	2	41	65	70	89	65	89	25	88	40	83	7	82	59	50	71	81	2	86	49	11	65	84	63	45	29	4	45	59	83	40	40	78	22	5	99	38	55	47	76	93	65	76	31	16	73	70	54	10	19	51	32	32	94	54	89	5	67	73	
91	9	62	22	61	93	34	75	44	92	7	100	16	55	25	75	50	53	68	74	4	91	58	56	86	78	19	67	3	54	77	47	43	45	71	49	89	49	50	66	9	26	32	76	17	98	24	64	87	27	24	46	7	28	53	73	55	69	37	34	40	47	65	88	64	7	13	14	22	78	80	40	69	57	30	65	58	48	74	89	65	3	56	21	85	85	94	22	93	86	58	6	20	47	51	25	71	64	17	74	72	73	17	76	99	47	18	19	64	22	6	92	73	15	42	89	16	44	24	37	66	62	22	36	5	67	56	28	72	49	73	37	14	92	94	52	4	36	7	51	69	69	98	56	48	20	61	43	57	63	67	29	92	65	29	38	25	71	87	99	50	46	36	30	93	50	26	6	100	46	39	80	66	31	82	59	52	28	81	87	17	85	26	13	2	16	82	98	47	94	5	87	39	93	81	11	98	82	82	20	
21	64	18	2	89	22	88	97	89	16	83	85	89	68	78	83	47	5	32	78	55	35	94	99	99	76	92	38	2	54	74	86	22	69	70	76	25	68	19	14	63	29	64	70	74	74	43	5	91	13	96	5	65	49	17	64	50	55	28	60	67	42	86	3	54	21	37	50	15	62	27	16	48	12	29	27	31	68	3	34	33	13	42	3	82	1	33	30	11	90	3	41	11	55	90	2	35	22	84	3	99	36	30	35	52	60	80	40	80	69	17	96	82	58	64	21	43	6	50	96	62	39	15	48	90	68	12	66	58	83	61	3	46	35	47	74	25	42	61	62	19	36	84	22	60	84	90	80	17	95	76	66	93	4	43	47	29	42	71	91	33	34	56	92	44	55	57	90	63	89	57	10	78	54	39	61	49	25	69	12	52	6	73	70	89	1	47	36	60	97	46	27	77	66	82	45	72	60	24	88	
21	42	28	87	64	27	33	1	74	92	97	35	44	93	67	40	75	53	53	68	87	53	33	20	41	64	22	96	6	59	70	89	7	17	41	26	82	25	8	15	7	95	10	40	9	97	98	83	4	19	92	7	76	59	42	54	69	10	84	23	82	17	35	82	53	34	33	82	28	17	59	97	45	28	71	96	49	27	36	40	74	61	6	68	95	39	85	81	14	35	94	59	93	44	98	95	100	7	24	99	52	71	66	81	76	74	72	56	8	91	16	53	50	8	94	47	4	33	96	43	22	15	73	47	79	18	90	40	100	74	85	2	51	46	13	50	91	70	46	39	35	59	48	59	66	64	73	5	49	54	53	15	84	59	38	95	89	43	8	83	66	19	93	85	99	76	36	30	32	63	69	31	71	4	2	12	45	91	88	92	36	53	41	53	58	36	71	58	23	63	99	45	46	99	73	66	79	40	43	28	
5	91	12	46	25	76	2	90	17	5	4	54	42	76	46	67	17	70	45	6	78	28	41	48	93	82	81	9	52	17	60	74	79	75	98	93	75	26	98	29	70	13	29	94	35	42	77	88	36	47	31	7	83	89	22	89	36	96	8	99	51	47	11	40	4	73	61	70	4	58	64	40	90	53	56	4	11	24	85	4	76	71	10	32	26	90	15	13	73	4	56	10	84	12	87	10	44	16	98	42	76	42	1	42	10	31	38	53	52	30	17	76	27	46	6	68	17	88	32	39	36	48	47	53	9	17	10	14	91	26	98	20	50	56	37	97	63	60	96	66	35	19	92	7	7	70	31	5	4	54	15	35	39	76	47	66	88	78	51	67	7	7	62	6	86	77	17	30	55	23	96	36	16	77	89	26	69	35	39	93	63	22	21	86	88	10	73	25	58	9	64	67	97	49	28	59	86	58	72	9	
20	82	8	14	33	56	73	85	96	31	75	99	8	76	85	46	88	17	98	7	44	26	74	93	39	64	39	77	80	72	90	16	93	2	95	17	93	55	49	8	31	53	67	75	21	65	20	9	4	59	27	18	35	78	91	60	53	18	94	98	31	65	59	100	90	42	8	57	76	50	17	87	17	85	2	47	73	9	50	7	46	76	36	31	88	53	8	50	100	21	3	78	35	10	12	79	85	69	60	25	63	77	52	33	16	56	37	68	30	62	37	17	41	2	47	16	23	4	86	40	5	90	79	9	74	22	73	20	48	37	93	30	82	89	55	39	96	1	89	100	57	89	38	12	61	92	81	6	44	19	95	68	26	11	57	22	82	47	73	23	85	83	85	49	22	26	50	34	91	39	51	42	30	25	35	97	13	48	10	88	4	25	84	82	43	63	15	88	9	29	41	54	72	7	61	45	53	10	10	51	
54	32	35	89	9	31	96	81	41	52	33	64	65	4	94	22	91	61	60	86	17	77	99	2	55	32	30	48	39	26	73	53	54	45	10	28	41	16	32	23	43	55	70	96	12	34	67	21	49	43	42	100	57	39	50	90	78	43	67	10	86	81	52	37	83	96	97	67	82	8	38	40	7	29	25	72	71	87	32	28	41	16	74	5	10	45	44	30	14	78	65	94	63	77	83	19	64	36	36	6	11	5	97	83	29	89	36	67	11	56	8	64	43	43	99	51	66	38	26	75	67	68	18	17	22	60	83	98	100	89	63	77	40	97	73	25	20	13	76	46	74	68	78	16	42	67	72	59	80	18	79	24	71	31	58	34	48	18	24	32	79	11	90	58	68	29	68	12	79	64	52	95	100	16	49	14	42	31	89	48	64	17	66	51	92	56	11	19	11	10	8	56	48	88	20	4	43	82	40	3	
27	30	85	92	73	14	32	49	81	51	69	59	71	10	84	46	55	38	66	53	60	51	99	27	100	7	68	81	70	59	14	55	82	51	7	43	46	67	42	14	23	97	70	25	47	4	21	71	8	12	69	40	74	37	91	55	65	96	39	56	13	22	39	42	33	21	62	21	4	96	42	33	15	86	47	31	4	92	1	3	75	55	98	68	23	36	54	32	6	83	96	28	77	23	40	16	85	67	87	98	87	19	7	34	45	96	45	3	50	23	1	4	52	57	33	79	66	11	24	49	56	12	90	10	73	83	86	100	44	6	29	31	92	90	66	20	57	7	20	33	29	85	6	73	67	51	51	67	90	12	20	20	96	74	55	97	89	4	97	26	15	52	93	32	100	70	93	28	98	68	16	69	45	65	66	70	39	58	61	77	4	40	92	83	72	11	24	5	52	12	42	39	64	87	34	56	87	59	85	29	
99	35	12	34	69	22	66	79	30	39	94	27	56	16	11	46	50	23	94	2	25	98	58	4	54	83	85	5	6	64	98	39	49	53	25	59	28	1	40	99	32	13	81	24	71	48	66	66	78	23	97	39	35	30	64	54	68	38	5	50	70	61	47	30	21	71	19	37	69	90	6	87	15	97	98	85	84	41	78	89	14	76	53	62	21	71	48	56	93	30	99	54	68	99	23	84	53	9	19	99	30	79	2	12	15	10	30	31	45	78	8	45	49	10	91	8	50	44	24	44	28	66	40	14	20	98	100	73	58	1	23	12	72	67	44	25	10	68	32	96	52	43	67	61	51	13	13	45	59	56	31	16	1	33	45	21	58	48	21	73	26	4	50	31	85	32	20	73	48	86	42	54	11	40	60	80	75	92	91	98	46	63	32	56	52	43	63	56	79	17	19	79	65	76	44	80	92	55	80	87	
88	11	94	33	86	33	44	24	91	7	84	25	33	96	95	73	12	94	16	47	8	94	34	8	30	28	21	9	38	96	35	69	47	55	8	59	58	100	47	27	35	52	48	78	33	67	5	31	2	43	87	78	68	72	42	75	93	31	14	83	8	7	5	53	30	30	61	92	7	50	36	21	65	70	60	49	72	91	39	76	90	83	12	53	81	12	69	44	96	67	85	47	52	20	30	52	57	24	85	7	36	50	39	94	99	23	67	95	85	77	45	59	3	35	81	69	32	91	95	22	72	58	100	91	48	100	44	58	66	84	36	80	75	94	56	50	84	78	24	63	59	33	82	29	23	83	5	65	32	64	69	1	21	41	32	58	95	65	50	69	9	24	4	34	73	22	99	48	42	6	16	80	1	41	13	36	60	81	12	28	91	30	2	84	41	77	15	4	30	20	43	39	14	52	16	9	61	31	100	9	
18	97	37	32	39	12	72	80	13	99	1	14	66	70	6	6	63	88	37	50	14	51	56	64	99	63	50	66	12	93	93	26	7	39	28	92	16	47	69	99	7	2	51	29	97	29	90	36	65	94	23	15	65	59	74	6	52	56	99	39	82	53	16	76	76	58	11	49	37	37	83	36	53	40	19	94	50	49	16	42	7	10	23	14	44	84	92	48	99	43	83	68	67	51	11	34	19	97	56	82	64	32	1	47	31	53	33	66	48	2	47	88	95	74	82	85	54	99	49	92	49	83	74	26	37	89	6	1	84	39	76	48	64	100	40	54	76	23	37	30	38	73	53	45	95	7	40	65	63	96	69	30	41	80	41	93	45	14	59	47	78	96	12	26	83	58	39	99	81	37	64	39	56	63	41	13	96	40	47	3	39	10	13	99	36	91	76	68	91	46	88	14	59	76	45	46	7	73	45	53	
11	93	23	19	1	40	31	89	76	61	2	38	97	29	56	97	55	99	22	7	73	68	22	4	73	38	66	3	18	49	45	89	89	60	42	27	55	38	55	63	4	78	1	85	38	21	56	72	78	60	56	37	47	88	9	45	65	22	23	2	72	68	15	18	61	96	85	91	87	92	46	24	80	30	64	58	19	88	48	71	61	52	1	94	6	95	32	16	16	49	83	63	90	60	72	41	71	4	59	13	80	32	89	69	92	97	73	51	52	49	29	68	43	47	7	96	19	41	79	67	73	61	85	98	93	63	29	23	36	76	58	29	11	25	27	60	56	66	89	76	48	11	46	96	18	59	58	3	13	49	91	80	93	35	50	98	6	65	78	16	84	96	34	71	35	80	22	19	57	40	9	94	12	53	90	47	38	49	87	33	93	56	4	87	27	74	95	83	40	73	64	54	1	96	34	95	12	48	63	93	
53	17	21	33	2	98	73	71	7	75	100	89	96	11	70	77	56	55	49	55	11	52	46	98	20	86	9	29	58	63	99	85	76	34	79	49	47	69	65	35	86	39	65	91	14	1	92	98	69	65	15	57	67	81	90	25	90	99	20	93	44	69	22	42	80	50	93	77	83	51	17	62	58	78	79	33	82	33	73	3	70	4	36	92	20	26	55	35	49	5	34	52	14	82	46	65	14	19	68	31	71	8	54	28	51	98	94	1	79	86	100	38	82	27	21	97	65	72	11	20	37	3	2	20	30	77	31	12	80	48	29	50	31	3	74	50	8	28	41	69	44	83	17	9	87	35	32	88	53	4	61	93	28	83	25	51	15	55	83	55	62	54	32	59	89	93	79	32	97	56	86	10	26	14	33	99	19	6	59	3	4	37	31	90	28	59	19	88	83	40	83	95	49	27	96	12	15	28	22	20	
1	51	44	31	46	22	86	68	69	52	21	83	54	8	80	12	65	22	34	78	7	4	19	7	75	31	100	89	77	77	82	8	92	5	29	40	17	87	95	37	10	8	35	53	58	14	64	38	60	36	11	87	2	18	83	76	45	63	37	97	56	62	63	52	46	58	66	9	64	13	95	34	36	84	87	33	4	22	53	38	62	96	13	25	86	55	46	26	54	94	16	89	84	87	82	14	6	34	40	89	99	9	44	75	27	76	77	59	8	1	50	13	76	51	84	40	25	79	53	58	14	46	51	50	82	40	92	72	75	64	11	31	88	87	71	40	51	64	2	63	63	84	18	49	54	33	8	35	19	43	98	73	98	13	50	31	14	61	44	11	49	98	89	77	50	30	49	68	74	87	26	33	54	23	54	50	88	74	16	7	24	29	65	99	82	30	76	33	39	65	85	42	37	11	98	1	37	59	36	77	
7	34	50	76	36	72	55	48	41	19	6	34	44	52	15	85	96	82	60	85	71	57	40	86	23	48	86	40	2	67	88	55	24	48	79	68	23	65	93	12	53	43	56	34	55	7	5	37	1	92	49	70	67	83	48	34	59	50	40	19	58	28	76	89	9	33	76	21	10	22	97	8	85	25	20	59	5	12	97	84	60	48	16	88	20	85	66	93	88	17	57	30	75	82	94	40	87	56	21	60	57	72	67	14	4	87	83	75	8	93	54	66	81	98	42	19	47	54	98	52	92	35	46	56	89	97	90	67	94	100	25	3	87	32	13	2	85	10	42	39	7	97	96	39	76	67	34	4	90	57	21	24	63	84	37	81	38	10	68	19	74	49	95	73	74	8	79	78	58	33	87	87	6	36	13	40	99	23	12	14	38	86	68	7	24	97	41	95	35	66	46	69	39	60	3	51	84	23	45	41	
79	20	48	9	88	6	67	90	98	100	46	2	76	32	65	74	93	18	57	98	23	4	12	18	29	81	64	5	26	13	72	59	36	89	72	86	5	39	72	97	83	42	35	34	2	85	96	25	100	25	28	100	2	36	80	53	76	84	85	14	20	91	72	58	42	35	82	10	88	46	1	82	38	6	66	65	6	43	74	54	60	75	22	97	19	81	91	76	31	8	41	58	85	72	40	29	16	46	40	90	43	84	16	22	26	60	7	49	99	80	74	7	49	17	42	97	26	23	58	47	94	47	13	37	55	73	66	44	56	40	27	74	71	13	20	33	6	30	32	2	15	6	98	16	82	77	41	29	65	10	74	11	89	82	13	23	6	7	13	80	40	8	70	5	63	24	46	79	35	98	61	58	41	46	14	83	28	71	18	35	10	94	42	24	8	78	46	79	58	51	27	25	58	15	70	89	61	78	71	63	
31	89	79	90	75	20	71	83	13	40	43	71	25	26	17	66	79	95	73	42	98	96	36	65	60	45	47	19	4	54	55	81	3	1	57	31	61	92	45	78	46	75	15	89	39	11	45	45	100	89	44	2	89	90	48	88	94	40	16	88	47	53	18	48	35	31	74	3	2	39	57	72	79	97	69	47	74	53	62	89	1	88	32	87	90	37	7	38	38	13	46	64	30	72	73	33	92	91	70	12	47	53	58	1	13	71	96	40	19	89	29	27	91	88	92	11	51	8	23	98	52	74	50	97	39	25	20	25	50	54	60	50	40	2	33	57	76	15	90	76	31	75	15	17	63	20	95	1	45	13	3	20	76	57	93	46	2	23	53	42	85	41	16	64	87	40	73	43	47	62	85	5	21	40	7	23	90	17	77	50	47	79	51	22	45	13	98	60	50	29	91	46	33	90	70	79	69	85	27	1	
43	88	55	21	44	34	61	13	11	27	23	76	95	34	78	100	36	64	78	45	96	80	100	82	92	55	34	77	38	42	63	12	4	7	99	47	73	6	92	15	72	28	50	35	26	15	13	2	13	41	58	78	96	36	30	7	67	99	21	56	100	57	37	27	43	92	88	42	49	35	17	12	50	78	8	73	90	28	94	26	2	44	30	75	70	8	29	8	53	42	63	87	10	55	3	73	15	12	36	68	26	4	62	7	48	79	75	90	7	77	87	21	54	55	100	23	2	2	14	27	4	25	91	63	96	20	57	10	84	76	56	8	51	85	6	76	90	24	80	65	3	74	54	93	86	70	66	35	77	32	10	6	23	19	82	82	20	37	66	50	30	38	78	90	71	40	79	7	37	50	21	58	76	85	20	27	41	30	71	82	36	67	69	14	23	81	15	72	42	47	91	88	80	90	38	2	64	20	35	48	
54	76	75	91	65	80	43	65	73	37	62	88	99	15	82	22	6	39	65	81	32	87	22	42	35	23	18	25	19	84	99	1	47	40	29	86	2	34	78	43	14	5	18	92	99	22	41	19	55	54	23	69	95	33	57	88	95	15	35	76	21	61	53	7	76	37	35	37	65	40	89	72	89	63	70	56	5	29	63	48	49	81	53	29	78	95	1	89	32	32	98	52	46	22	64	44	70	34	63	40	4	58	100	45	97	67	40	75	75	73	92	27	47	80	55	92	75	48	77	9	36	42	70	60	1	13	7	68	78	23	66	28	64	10	30	15	24	67	35	62	2	12	34	49	85	50	6	100	77	5	90	57	76	35	40	3	11	64	44	38	14	76	10	56	46	23	87	98	62	43	48	6	59	84	56	99	22	83	28	92	32	19	83	64	6	97	35	88	70	22	85	59	92	92	12	67	31	73	64	34	
62	91	60	83	50	45	19	89	68	33	16	48	85	63	76	9	39	92	42	33	65	92	28	91	14	5	3	85	48	40	18	38	98	26	95	84	27	77	99	41	15	3	79	18	90	26	58	74	96	62	41	52	86	62	35	51	30	87	81	87	31	6	96	70	89	79	72	70	56	15	39	5	78	95	11	64	36	57	69	95	44	54	76	96	9	87	4	18	87	41	3	15	48	96	93	40	68	84	42	98	96	84	43	84	29	58	91	61	53	18	36	27	94	23	69	29	7	22	86	49	7	61	46	96	89	76	20	32	24	37	89	41	2	42	32	90	80	35	47	18	18	97	67	93	20	28	47	98	95	47	33	32	70	22	14	95	24	52	49	8	83	97	84	96	15	52	20	96	42	64	95	51	83	18	59	63	64	34	62	40	52	58	41	71	92	50	33	53	54	78	59	56	18	24	8	7	30	34	61	85	
51	58	3	13	71	86	35	57	93	14	74	37	88	58	12	88	26	91	32	22	8	21	70	14	4	5	75	95	70	79	43	30	35	99	74	38	14	86	22	55	83	58	81	81	16	83	72	7	82	22	28	93	76	10	61	78	26	25	47	33	82	43	71	67	65	97	34	79	27	95	51	91	70	30	16	35	44	60	73	57	48	46	75	81	55	84	41	48	63	50	45	39	66	85	43	49	38	11	31	54	93	16	59	16	37	64	67	15	45	91	69	97	68	47	93	5	92	10	81	7	51	62	39	66	100	46	33	96	63	30	76	69	63	39	2	76	65	62	18	92	15	59	98	51	47	96	95	55	67	83	49	4	37	19	47	58	41	25	46	71	39	43	100	18	55	8	78	15	36	13	74	61	5	66	89	49	67	43	72	3	95	95	7	77	40	65	44	42	47	90	69	45	71	44	4	13	74	75	74	30	
32	93	33	49	59	26	9	70	49	67	13	39	55	8	10	70	71	71	64	28	62	78	40	90	32	33	3	20	71	40	86	41	18	34	59	97	80	66	90	89	20	99	25	51	63	9	53	60	55	55	24	71	42	59	95	68	9	62	26	21	20	33	90	28	35	33	40	93	81	95	66	22	99	84	22	19	18	62	99	54	42	92	40	42	4	31	2	71	5	38	25	41	14	77	83	75	10	8	64	9	58	8	63	27	3	35	77	9	82	48	5	2	57	65	30	45	60	82	86	29	69	19	35	35	57	74	29	52	59	38	48	44	63	7	15	31	3	2	18	15	8	93	48	59	19	26	5	53	7	94	39	15	43	3	49	22	53	29	1	27	52	24	8	25	28	75	27	35	83	18	4	80	72	73	62	68	79	65	9	48	99	19	85	30	8	9	17	83	20	94	30	53	89	92	89	22	29	36	41	27	
89	3	12	57	88	89	36	25	81	47	57	77	23	45	42	98	15	62	61	77	14	98	95	21	48	9	46	61	78	10	90	29	69	36	75	26	35	26	2	30	46	29	47	54	14	8	18	6	75	25	93	55	53	13	90	86	65	52	26	38	93	15	49	99	47	11	63	39	72	37	44	98	44	14	19	21	83	10	52	39	80	84	40	61	35	76	33	96	7	71	27	48	7	54	50	4	13	89	34	73	11	30	66	20	84	95	45	98	27	62	76	25	20	31	23	35	16	45	91	2	69	36	59	19	89	68	85	43	33	73	11	83	84	97	6	75	74	12	97	59	93	25	55	2	84	38	67	50	3	36	8	99	73	9	23	27	38	41	11	53	2	76	3	12	80	57	78	26	11	59	45	63	20	82	62	24	25	59	25	5	1	42	86	37	90	96	57	64	48	38	37	47	73	79	98	75	72	7	18	66	
17	28	5	97	60	23	23	97	28	61	50	28	48	45	26	92	100	74	39	89	64	58	48	37	12	34	74	44	61	85	64	1	14	25	86	16	76	73	52	47	76	99	100	5	60	54	100	61	61	74	35	47	37	7	48	88	47	49	53	47	21	70	41	55	34	44	30	76	78	41	19	15	29	42	63	5	16	49	84	14	62	3	75	92	94	37	49	60	30	41	63	19	86	12	57	64	4	97	10	67	96	16	34	34	27	83	30	41	15	64	73	90	11	85	71	85	33	56	10	41	98	84	48	92	38	78	6	67	82	53	46	17	18	96	98	15	54	34	67	98	48	55	93	50	32	95	56	78	100	10	63	81	13	96	85	52	39	20	83	8	68	67	84	86	93	32	13	19	98	39	22	23	60	19	98	13	14	91	18	47	12	12	98	75	20	50	8	7	58	38	62	5	71	13	44	54	27	69	56	76	
57	17	26	29	89	79	6	64	45	78	62	71	3	98	30	37	71	47	87	32	1	56	25	2	13	16	85	76	4	19	56	55	90	47	35	12	70	45	23	78	79	89	30	72	56	56	1	18	59	96	50	72	75	51	28	87	76	32	7	79	15	6	52	57	5	75	69	7	35	84	56	73	56	56	57	91	30	93	48	45	13	82	64	26	93	94	71	72	34	53	45	64	5	76	35	59	47	87	47	59	90	91	24	86	99	81	38	72	100	95	17	24	69	48	76	46	53	100	7	65	56	22	59	7	12	16	73	61	29	45	96	9	49	39	16	17	93	49	93	51	59	2	50	39	62	54	15	8	63	27	1	40	100	52	70	82	45	28	20	52	61	82	40	4	45	25	87	31	63	64	50	48	85	70	100	42	15	47	77	72	13	35	93	79	83	63	31	55	69	24	55	23	25	60	15	38	9	23	14	29	
73	32	65	91	89	87	74	61	69	78	44	46	97	13	42	17	37	96	54	11	13	77	64	60	5	90	92	89	87	1	14	93	68	79	57	83	41	93	35	86	58	23	47	64	15	81	13	35	60	9	69	39	6	36	45	7	14	40	18	66	5	32	53	51	59	38	35	98	49	62	93	54	83	85	36	58	18	15	46	39	44	93	75	84	62	18	71	74	12	33	71	67	26	23	32	6	37	12	88	28	17	14	41	9	25	15	40	91	88	98	27	27	41	9	67	80	29	54	92	70	48	60	66	7	61	42	67	51	23	95	18	87	54	76	82	63	86	85	20	47	19	84	32	62	4	25	72	34	57	79	77	14	82	64	43	40	4	80	51	80	71	37	15	88	66	39	22	39	31	25	20	58	95	36	52	90	49	18	28	50	41	69	62	4	5	57	33	67	88	42	6	63	44	68	79	11	75	95	17	40	
23	41	16	32	38	27	7	59	67	61	39	68	65	26	29	50	73	30	42	90	78	4	92	54	89	26	9	88	43	20	37	91	48	12	91	24	59	10	75	61	14	89	79	19	64	24	12	99	78	59	39	62	98	66	23	68	92	92	70	92	94	31	96	13	29	14	45	67	45	45	49	95	23	70	45	73	95	23	95	10	7	96	65	6	62	87	74	78	51	36	50	86	55	44	9	91	73	33	6	1	50	95	55	52	5	71	55	69	36	57	30	63	75	53	47	51	21	11	68	89	20	84	64	70	92	67	51	13	83	7	59	35	33	67	77	20	70	50	28	96	26	38	95	54	25	41	5	7	68	39	64	94	59	89	71	54	21	21	74	25	6	20	94	2	88	29	17	68	15	20	70	45	23	52	35	40	41	52	52	85	50	29	95	70	32	27	66	79	89	69	30	4	68	42	85	64	90	68	68	56	
85	17	77	57	32	88	91	97	42	40	100	35	93	13	65	10	34	51	70	83	11	82	22	92	27	75	35	59	20	55	45	93	8	50	56	72	13	81	45	43	62	27	6	17	76	6	67	91	11	84	83	50	71	23	88	66	5	32	100	75	34	65	40	97	35	75	88	75	37	50	21	33	25	73	67	96	53	6	31	99	89	34	44	61	78	90	78	53	86	10	83	53	20	26	95	40	53	81	73	40	84	95	59	36	78	56	74	11	56	95	30	65	52	34	63	66	61	79	60	65	61	90	73	31	81	72	51	13	5	40	58	32	8	34	41	95	66	6	47	95	5	67	56	15	72	5	24	32	4	47	23	93	79	51	46	93	48	60	82	91	75	43	35	4	45	34	100	51	18	12	29	42	27	79	84	85	85	40	21	67	35	7	36	27	25	11	90	3	28	73	15	15	13	21	25	69	41	93	15	25	
65	50	13	42	96	42	73	98	31	98	54	35	44	97	77	84	69	60	3	60	45	68	76	3	85	19	16	61	41	51	88	63	11	91	96	80	44	72	48	72	74	23	22	61	54	77	20	53	10	11	34	51	7	22	15	37	88	94	63	25	98	67	95	74	69	23	95	42	64	10	83	72	68	32	99	24	45	10	95	5	38	11	72	23	18	3	75	63	10	42	48	69	29	15	58	13	59	21	32	72	16	10	25	99	85	56	19	76	26	36	72	91	97	18	24	8	54	84	74	89	43	80	5	5	6	59	67	45	65	65	3	88	35	4	29	1	35	100	98	55	53	50	78	8	34	7	32	27	54	99	16	55	56	56	67	8	37	98	59	64	23	99	72	22	54	85	2	62	62	55	66	44	26	69	40	32	29	90	79	31	98	92	98	85	14	19	8	38	53	99	36	48	73	11	11	36	14	72	97	49	
72	25	82	87	16	30	28	98	46	61	49	81	35	66	96	11	71	72	90	35	58	67	36	17	93	39	46	58	36	85	71	52	32	18	59	20	41	89	49	39	82	26	6	94	75	9	62	48	62	83	97	89	86	47	80	9	4	94	91	17	7	5	57	86	38	32	70	16	56	40	26	99	55	98	95	42	56	95	21	46	63	42	79	73	14	10	5	49	37	82	35	22	84	65	11	37	90	51	13	24	69	57	62	61	18	16	7	45	7	77	4	25	39	18	2	7	43	25	95	25	57	17	49	4	44	80	90	59	32	63	13	53	19	90	65	45	77	77	95	67	7	3	100	63	57	68	4	54	74	44	63	35	100	45	15	98	69	92	80	85	60	11	29	72	88	54	83	86	44	33	90	41	2	39	72	41	100	18	62	1	8	50	17	7	75	78	28	8	37	82	20	78	22	28	22	85	88	29	82	40	
19	23	36	95	59	48	11	12	31	81	17	15	38	1	46	32	81	59	32	50	64	74	81	53	21	11	5	31	65	85	58	14	81	8	16	16	70	59	51	32	6	44	30	45	100	1	94	26	22	48	44	56	72	55	75	95	68	66	55	53	43	67	16	5	84	11	3	95	90	61	58	16	35	8	61	49	74	95	100	60	56	75	74	41	69	80	68	77	70	21	97	64	36	6	70	25	66	24	79	68	93	42	26	12	97	95	29	25	37	1	25	92	39	78	89	13	92	6	62	88	63	95	54	54	19	18	12	56	64	96	49	4	43	57	10	13	32	5	47	83	94	36	10	27	79	39	47	99	44	54	61	6	21	76	40	23	93	33	95	35	44	65	8	67	72	79	8	80	41	38	83	46	54	65	7	51	50	55	49	53	28	40	54	2	14	63	1	43	64	85	11	56	49	43	38	17	86	55	6	47	
24	4	44	65	42	3	83	72	37	26	51	71	73	97	63	56	66	12	45	74	85	87	91	76	97	42	1	42	19	7	40	12	57	90	100	10	65	70	15	6	62	29	89	57	64	1	74	59	43	77	49	53	77	25	66	72	58	86	79	77	91	7	2	28	36	52	51	6	98	71	45	23	87	57	55	42	30	42	62	69	7	98	93	35	17	60	66	24	53	79	10	91	42	32	30	32	89	28	38	95	49	16	14	57	30	44	51	95	32	65	68	55	36	48	32	94	97	49	42	40	67	76	53	15	95	79	20	31	69	69	91	61	98	21	74	3	10	90	33	49	39	8	63	1	77	64	23	16	63	61	1	65	47	94	18	37	16	60	98	5	39	86	3	27	64	65	9	70	95	38	20	59	87	15	75	23	88	59	16	42	81	77	74	64	21	15	16	51	2	56	20	99	93	65	44	35	85	72	40	73	
88	97	2	27	47	32	4	2	57	9	12	64	44	3	59	5	12	97	72	84	38	41	72	25	53	14	39	30	87	25	58	51	6	60	98	63	19	74	34	46	66	74	85	41	15	35	74	21	6	44	38	17	30	80	72	61	15	94	13	11	70	32	68	38	62	40	92	22	71	93	97	30	51	72	65	21	54	77	18	52	13	71	87	60	88	25	25	51	76	74	37	93	10	45	74	64	99	32	79	69	39	54	58	85	98	63	55	55	96	12	74	75	37	56	7	29	95	21	82	83	29	66	15	35	68	24	20	16	1	30	80	93	73	24	11	20	6	57	32	4	15	99	81	40	14	94	93	55	35	6	65	64	45	90	67	93	73	32	86	38	99	28	92	91	72	81	96	75	43	23	26	42	90	80	49	8	12	39	54	19	80	68	89	73	77	98	40	33	8	87	97	82	66	50	73	29	53	3	16	67	
70	69	92	78	6	42	95	86	16	30	93	95	45	94	79	39	17	11	59	95	71	36	52	64	23	52	10	79	48	76	53	47	15	36	22	61	81	97	89	45	100	70	5	26	12	26	39	46	73	86	43	21	59	99	94	19	72	55	35	10	36	44	13	30	7	30	87	13	19	12	76	30	88	64	1	37	60	6	14	92	30	44	61	77	91	11	21	24	41	20	90	32	99	40	37	61	75	98	53	91	97	8	39	12	40	42	44	10	14	4	71	63	13	11	94	59	59	84	34	7	92	93	84	39	26	71	96	1	21	41	93	28	98	63	89	76	23	76	70	37	43	73	13	100	82	59	79	56	100	21	47	45	54	3	40	6	94	76	3	32	29	42	83	84	32	64	19	69	31	66	79	28	91	43	70	17	68	66	41	29	70	9	59	91	61	35	43	11	94	36	55	72	40	38	52	45	74	10	98	81	
84	17	27	5	39	76	69	63	5	61	26	36	38	77	31	2	95	85	90	19	70	3	80	66	41	68	12	41	41	6	43	56	47	83	16	46	66	48	93	92	67	51	3	63	43	38	92	61	36	18	37	59	71	34	62	13	24	81	99	47	48	47	62	100	11	21	41	46	31	35	40	87	88	29	59	10	68	70	62	80	37	65	49	73	18	64	26	38	50	63	5	84	81	90	84	79	95	45	9	100	96	41	51	41	31	17	11	51	21	62	27	42	3	76	4	38	38	87	31	82	65	4	59	76	11	31	74	33	41	80	35	83	13	84	82	57	19	35	22	19	3	9	96	52	64	89	51	56	45	76	94	90	3	11	73	61	35	40	98	1	100	85	60	10	92	87	24	95	97	40	66	89	48	42	36	97	53	71	82	56	83	98	97	76	73	88	19	66	98	4	63	46	58	30	49	78	11	100	63	38	
60	40	83	22	40	17	88	96	87	61	38	83	82	45	50	41	53	74	39	42	67	87	86	100	83	60	71	94	77	10	93	14	18	2	26	29	98	58	96	7	69	4	5	15	55	7	73	87	17	64	76	50	79	56	10	45	87	57	76	55	6	100	52	48	32	32	97	69	69	84	23	84	72	49	92	37	1	4	69	51	9	19	1	55	86	42	99	24	7	43	64	61	45	52	67	54	72	70	92	7	45	79	56	16	78	53	86	90	85	66	65	66	45	26	90	41	60	55	41	59	29	43	38	47	57	58	55	45	32	41	50	25	50	37	13	93	82	40	14	47	49	23	85	70	43	71	46	67	15	40	18	67	40	73	66	61	57	1	35	13	95	49	33	50	90	96	26	36	34	54	18	40	52	8	97	92	17	19	72	91	24	40	40	58	54	29	18	68	1	55	83	66	14	89	76	83	69	58	90	50	
82	56	67	62	2	55	32	19	60	30	71	2	28	69	33	60	7	21	15	28	35	47	71	56	93	77	29	66	12	8	66	77	14	82	43	45	78	55	88	31	67	93	42	70	96	55	89	78	92	96	26	92	47	94	76	20	86	72	17	8	100	13	46	43	89	3	13	10	37	23	16	46	8	25	34	65	7	36	97	97	29	67	54	100	47	73	75	38	78	54	80	76	88	98	86	43	63	60	60	81	100	75	44	67	35	12	65	12	82	92	57	44	17	59	29	16	39	90	8	50	38	47	95	66	22	34	97	21	58	93	98	51	31	81	23	46	82	3	95	58	22	27	52	82	40	54	93	8	98	23	37	93	6	61	61	38	81	45	10	2	87	30	56	57	67	81	69	74	57	20	34	90	67	30	3	93	55	81	33	49	61	10	49	29	60	25	35	26	96	74	91	18	31	17	41	87	25	21	40	84	
67	96	43	99	45	68	72	91	49	41	30	50	23	84	1	37	38	16	85	40	6	3	27	37	30	22	6	29	64	98	64	75	51	32	34	27	7	59	32	68	60	20	26	79	29	94	16	38	60	53	36	64	86	6	91	84	39	6	84	11	40	2	66	97	14	15	92	98	43	70	35	3	48	86	11	58	81	82	44	91	8	91	36	98	45	26	1	63	23	72	18	37	92	13	25	24	71	19	58	82	40	48	68	66	98	26	82	54	20	63	96	35	54	88	5	54	50	95	49	71	25	29	89	88	82	48	89	58	95	45	6	15	14	38	6	2	20	11	24	41	53	38	39	45	4	21	48	37	69	93	16	73	94	35	57	81	12	55	26	27	72	27	28	28	2	62	31	44	98	40	19	49	87	31	90	28	67	57	23	45	45	8	71	59	67	63	94	38	30	54	46	42	40	87	43	100	1	84	76	43	
59	12	86	60	63	7	25	57	24	99	89	34	19	35	71	99	93	79	65	38	63	39	48	90	93	17	9	54	46	32	45	13	56	82	93	35	16	75	26	22	64	55	36	58	27	19	85	89	84	71	39	59	90	10	66	8	81	69	32	27	63	14	37	22	22	22	89	69	13	36	11	9	53	51	4	59	58	89	12	59	21	6	7	63	18	17	7	12	7	84	33	21	6	95	37	70	43	37	62	8	85	98	30	38	32	45	41	85	79	35	60	19	64	49	37	66	45	32	63	81	71	42	43	78	47	18	4	48	65	14	65	55	61	10	7	23	37	64	52	25	29	41	20	28	80	21	60	98	92	33	60	32	76	40	1	45	55	84	70	86	19	23	50	77	88	34	83	8	59	94	3	3	11	32	5	36	75	13	48	13	73	15	88	91	10	10	89	2	49	66	29	24	26	33	24	33	13	10	74	54	
62	15	12	73	96	71	100	5	45	74	99	75	10	32	88	71	49	87	100	33	34	81	60	25	37	54	90	45	53	93	10	24	97	11	45	93	61	20	59	43	19	99	91	32	33	20	9	96	96	58	55	34	91	66	91	38	89	18	23	98	8	13	53	79	68	22	40	50	54	16	77	19	86	25	53	15	91	1	7	28	23	39	56	46	49	6	7	55	30	40	74	58	45	75	99	92	62	23	97	30	5	51	48	86	52	61	79	96	100	45	32	2	13	29	84	14	78	48	20	2	87	71	8	51	73	24	97	21	50	59	78	83	44	68	13	53	66	44	49	46	1	11	83	20	51	74	82	59	80	95	98	86	3	98	35	10	26	70	97	65	80	94	57	89	9	53	36	14	98	3	67	60	98	12	43	68	13	47	55	75	33	86	16	91	27	74	29	90	50	19	43	38	36	28	57	74	88	91	1	81	
67	98	23	48	97	49	59	22	47	79	78	21	75	46	58	3	41	73	50	57	47	88	65	80	87	33	44	7	55	51	65	69	68	98	26	91	61	20	62	75	100	5	12	74	21	41	85	25	72	1	28	86	92	24	87	28	30	49	63	87	21	38	5	84	52	93	62	99	23	49	31	22	85	31	23	25	10	15	82	69	66	3	66	31	47	21	97	3	100	34	70	6	71	42	67	65	22	43	2	93	11	44	10	44	36	22	71	2	83	8	60	20	56	8	38	37	62	53	27	86	99	91	83	67	23	32	26	73	69	47	16	55	11	19	80	42	50	38	8	71	27	53	8	52	80	25	91	64	85	35	5	38	32	1	13	2	27	86	65	77	4	92	61	4	15	33	1	50	64	87	47	41	65	16	42	90	5	64	47	79	7	50	60	12	19	15	93	55	23	43	57	54	42	71	91	53	19	96	71	24	
73	99	51	48	13	6	22	69	17	4	60	38	91	63	68	36	55	52	99	13	6	68	20	39	72	97	56	63	87	99	22	29	41	25	13	80	88	58	31	87	100	2	54	71	56	79	12	35	97	17	97	16	23	19	76	94	59	65	91	61	67	25	36	38	32	15	9	81	89	60	64	8	13	74	62	37	8	7	31	25	95	96	37	16	38	69	3	57	63	58	22	43	61	93	84	58	36	61	52	2	28	41	23	44	26	12	47	63	95	18	11	93	48	3	99	93	96	54	18	49	50	33	66	7	85	79	15	26	9	78	84	62	49	74	40	85	30	14	83	39	52	2	68	61	71	6	75	23	60	44	39	99	29	100	95	87	72	19	80	4	100	69	88	95	77	81	46	57	85	40	34	36	25	14	51	66	59	16	23	21	94	5	83	55	33	5	9	39	72	68	52	94	34	46	81	41	12	92	74	73	
80	17	15	18	23	78	54	7	45	92	34	6	73	75	88	37	28	92	65	73	20	4	1	75	37	96	11	58	17	74	32	38	99	65	27	3	67	94	4	59	19	54	49	55	6	11	79	94	51	31	87	78	37	26	13	44	93	69	76	17	96	23	23	88	44	26	59	79	15	49	99	78	23	10	72	4	32	80	72	81	18	78	56	100	71	20	7	90	5	53	3	6	82	81	28	15	44	92	29	70	69	8	68	49	75	3	42	31	33	70	18	33	5	78	90	58	66	78	6	11	46	34	19	7	83	11	52	4	24	96	96	54	98	49	8	41	38	76	97	43	24	76	67	82	37	20	43	99	11	65	86	28	42	85	49	30	27	23	94	92	69	38	43	15	36	55	60	23	86	86	16	54	29	31	64	18	98	62	87	73	30	15	22	63	72	33	78	99	25	65	76	92	50	17	79	91	15	50	80	26	
47	46	15	41	23	28	37	60	17	54	96	56	17	34	35	85	86	9	70	56	81	41	74	18	92	9	91	40	8	28	33	68	27	31	36	73	21	6	15	68	78	80	12	55	17	97	8	80	55	85	43	98	12	67	11	55	94	40	25	35	37	12	99	48	16	57	81	42	65	34	68	11	4	81	65	18	66	39	96	8	100	1	93	9	69	89	38	90	68	87	74	64	19	65	56	23	24	28	5	38	59	15	27	21	99	90	18	76	90	20	12	7	63	7	37	45	43	52	14	65	36	56	93	62	85	90	93	50	4	12	34	32	89	95	70	16	78	10	84	100	8	3	84	40	15	94	35	72	29	8	3	92	83	60	33	56	28	50	57	61	88	43	31	35	3	90	28	97	16	65	7	26	84	3	82	80	92	37	4	77	79	88	22	59	10	91	47	20	27	68	12	53	56	67	89	79	49	70	63	84	
10	35	12	65	90	84	71	100	4	13	55	18	20	25	99	76	62	6	25	66	33	77	32	87	25	24	23	5	67	67	58	10	91	57	29	12	54	48	92	2	74	71	98	7	83	43	36	85	82	63	78	11	11	67	58	62	42	88	43	51	61	48	38	40	63	67	74	68	3	76	56	40	30	37	18	57	39	77	35	96	69	76	84	71	32	46	76	11	100	83	29	63	2	89	80	38	73	40	39	1	2	32	3	31	48	64	77	60	10	74	42	24	47	53	47	35	90	64	32	84	30	92	85	6	49	58	32	31	34	26	71	59	77	73	5	64	90	56	96	18	25	12	86	4	88	2	4	22	72	67	27	91	84	10	50	57	28	77	89	4	95	15	35	50	97	18	24	1	62	87	69	39	59	8	9	48	61	33	52	52	64	69	57	87	78	62	17	96	12	76	8	58	86	21	66	30	32	19	42	20	
64	16	79	33	96	67	74	22	72	85	52	89	55	15	43	33	29	82	36	82	21	58	22	21	28	44	79	24	23	96	80	38	15	49	38	19	61	91	91	30	24	20	34	14	98	13	40	93	86	73	82	73	94	74	21	46	29	82	47	19	42	43	23	66	4	61	10	8	67	34	26	34	43	56	46	17	11	40	83	68	19	81	97	33	56	73	41	22	84	8	22	23	33	33	83	99	31	58	66	97	80	2	3	57	28	69	77	38	69	26	14	91	66	53	53	8	40	37	1	63	93	44	99	86	22	68	100	85	73	83	35	89	50	74	63	87	71	46	15	55	28	80	93	45	66	88	45	54	88	72	64	72	32	92	90	67	2	88	9	15	77	36	3	97	83	77	23	85	22	40	13	20	56	24	9	98	71	67	13	59	55	88	79	56	4	96	7	52	41	13	50	83	16	18	49	88	84	18	34	78	
12	78	50	13	66	52	100	58	79	85	25	18	42	15	61	84	95	49	73	45	25	21	27	73	66	70	19	73	21	23	45	79	89	70	2	31	34	1	44	3	26	95	91	44	73	63	84	26	45	24	98	50	7	97	19	42	99	56	69	21	2	81	83	85	67	45	16	22	92	19	82	34	80	24	55	21	36	52	51	40	40	89	39	3	32	96	8	79	74	39	43	41	68	76	18	67	82	84	64	86	74	24	71	57	37	36	23	55	71	86	86	18	62	19	31	44	52	96	5	45	50	55	76	77	26	29	70	32	22	58	80	93	30	8	24	40	40	23	52	8	75	57	32	25	39	29	34	85	54	79	65	81	64	87	96	81	62	34	53	33	81	55	90	18	77	71	88	32	78	52	10	6	59	1	18	86	4	76	47	87	11	32	97	49	5	99	36	15	49	70	56	38	70	62	25	11	76	23	58	14	
23	34	51	65	41	68	19	39	29	11	87	88	70	92	72	37	90	72	73	11	12	26	54	61	83	62	42	69	60	12	49	32	65	98	50	88	80	42	35	54	38	17	99	63	62	95	90	93	94	86	14	100	32	73	77	74	79	18	85	65	65	38	71	72	63	72	78	92	88	30	1	73	89	78	98	79	34	87	10	18	2	97	51	43	91	77	2	51	30	59	75	11	5	1	18	18	41	24	34	48	7	76	50	22	27	9	93	19	1	96	58	68	25	63	70	89	51	92	28	29	26	57	36	17	50	68	93	20	99	39	22	79	49	79	46	73	79	87	20	78	27	78	13	87	22	17	100	2	83	8	9	96	19	24	26	69	31	83	36	1	46	60	28	24	23	88	35	64	21	35	39	7	78	81	7	60	78	49	65	25	51	94	95	58	76	72	13	50	6	69	29	48	82	40	9	78	52	90	1	71	
81	99	30	93	69	84	58	29	56	75	20	4	63	25	65	46	70	88	42	11	2	65	56	50	88	8	16	32	6	93	22	33	28	44	37	64	55	31	4	6	14	16	31	32	5	8	89	40	52	84	11	54	60	25	76	88	91	95	72	7	41	18	39	78	42	35	44	62	59	64	95	10	32	67	85	20	75	88	59	43	97	14	10	81	85	11	27	43	80	57	8	7	46	9	74	18	39	97	34	59	52	85	95	12	83	25	59	59	89	10	21	48	3	92	33	81	82	75	18	4	6	90	30	30	34	12	28	73	48	99	19	32	68	78	79	43	7	98	96	15	35	26	19	31	39	68	51	62	86	80	70	75	69	95	36	74	44	8	14	50	57	23	97	1	85	32	64	55	22	36	16	43	78	32	96	5	77	3	65	7	23	48	33	89	66	84	32	77	92	24	51	83	57	19	34	79	57	69	52	48	
90	6	97	94	52	85	37	98	92	30	74	46	88	13	59	27	41	89	56	54	20	94	31	39	12	75	89	51	65	46	49	37	48	26	49	62	71	89	26	76	51	44	39	51	6	28	84	51	38	25	66	5	45	31	5	20	18	61	87	45	5	2	28	56	58	63	83	66	60	81	53	53	5	96	97	95	27	41	16	11	32	59	62	61	60	100	52	7	13	56	78	49	64	91	6	67	78	92	96	41	14	55	85	96	20	58	23	66	67	99	9	99	47	29	82	44	54	50	26	45	100	63	32	55	91	79	98	48	42	81	57	97	74	58	35	47	37	62	42	36	83	11	98	63	31	15	18	62	44	41	95	43	31	97	34	57	98	59	98	64	85	86	16	62	22	78	21	22	29	58	51	96	6	99	20	66	98	80	26	35	2	43	20	67	10	72	70	96	89	94	97	12	22	65	47	33	58	68	20	66	
34	91	75	47	67	28	75	9	88	24	47	21	93	77	46	100	10	90	29	21	15	17	47	100	28	74	62	79	89	98	98	20	18	60	17	70	55	89	64	99	20	9	54	5	20	93	92	68	58	63	18	88	82	16	56	59	35	62	100	79	81	36	28	45	37	65	4	50	93	63	23	87	78	71	76	22	70	33	17	16	9	97	53	74	52	17	21	15	69	80	75	68	46	24	23	95	36	38	71	32	52	19	49	65	30	82	17	33	93	92	28	23	37	32	17	41	53	43	5	59	46	89	63	23	39	64	68	86	6	37	40	56	87	33	98	62	50	43	64	13	18	59	39	64	25	20	12	55	33	38	38	23	66	40	54	20	40	94	3	87	40	86	65	87	40	52	35	36	58	97	30	68	45	50	71	71	4	37	12	83	76	28	35	5	33	43	100	15	23	5	30	98	39	31	63	18	10	86	50	54	
12	69	28	80	96	77	86	26	98	41	50	78	91	29	23	94	3	49	92	46	10	19	84	19	32	56	78	17	39	44	90	92	46	97	19	43	65	13	46	88	64	58	9	15	29	84	29	55	82	33	1	27	90	83	56	89	63	2	40	98	20	81	56	13	22	1	89	36	21	68	25	89	20	26	93	49	30	89	24	50	82	16	81	53	2	94	14	88	44	80	51	57	89	57	11	28	55	84	61	50	84	84	43	25	80	96	98	9	18	58	72	77	38	17	51	84	39	48	89	83	39	57	69	96	51	52	16	42	16	64	9	86	26	87	61	85	21	48	95	74	4	45	22	50	20	70	29	66	90	83	20	26	79	66	18	34	19	3	67	47	34	16	7	69	13	10	39	16	51	30	74	89	78	54	64	78	20	54	68	8	27	90	46	68	81	19	84	65	77	22	5	84	36	55	68	77	65	57	94	37	
75	94	58	69	34	87	52	79	40	8	13	96	24	90	67	54	20	54	96	99	80	22	52	3	24	72	11	79	87	94	71	53	13	25	21	45	33	39	97	75	23	74	89	6	95	57	40	33	31	86	43	17	17	38	19	70	2	93	20	75	49	85	15	61	20	61	53	66	50	14	90	98	32	18	73	37	43	89	11	62	11	84	19	57	60	28	3	59	41	23	35	68	16	58	62	94	12	96	9	7	13	56	18	90	24	52	57	28	4	5	70	16	58	31	96	29	50	66	79	40	80	10	31	36	42	95	69	54	80	39	94	10	33	87	58	5	58	6	51	61	80	63	23	48	58	45	42	44	41	46	59	42	28	89	40	90	49	3	60	41	36	54	26	39	20	6	7	43	96	68	89	60	36	6	93	90	31	85	78	80	58	56	1	15	51	55	53	2	14	49	55	2	63	64	79	14	59	76	41	47	
25	88	21	56	40	28	18	95	50	6	68	99	38	47	26	54	55	71	96	91	65	10	65	24	100	87	53	38	26	83	23	66	16	72	81	59	61	12	21	80	36	83	8	20	96	97	14	86	37	24	97	30	42	4	6	20	13	6	7	95	65	15	13	52	91	27	41	96	37	54	81	26	1	75	70	34	48	62	84	70	18	64	32	62	96	33	32	79	33	10	57	70	46	82	23	87	60	38	50	81	69	90	23	93	32	77	81	81	22	68	8	4	7	51	84	16	32	22	30	40	66	78	71	16	30	100	45	11	1	56	12	26	54	6	41	21	76	59	83	5	72	20	60	85	95	23	27	26	2	54	87	90	91	48	52	67	87	11	98	65	25	29	84	59	56	59	78	78	6	45	78	36	49	55	8	39	25	1	49	47	50	81	78	17	95	13	79	8	83	91	32	77	31	2	9	53	70	88	41	58	
16	53	47	43	93	20	40	93	70	83	64	14	81	33	40	83	61	90	32	43	51	100	36	28	12	6	82	74	19	53	45	16	64	49	47	31	58	84	4	37	18	100	62	2	66	88	90	64	30	84	75	92	1	95	36	3	38	12	27	9	26	18	22	29	86	73	44	46	72	55	74	45	52	49	94	21	80	88	66	89	48	42	94	49	58	74	33	43	13	20	95	51	98	5	2	83	11	90	30	98	13	27	28	8	26	68	25	36	47	1	77	58	95	75	16	96	14	46	95	78	31	54	4	77	25	16	65	40	41	63	53	14	23	36	46	40	85	84	18	66	73	82	19	70	36	52	79	69	39	65	15	80	43	42	8	30	31	32	12	16	14	31	3	8	24	1	81	32	99	50	54	6	55	42	11	30	69	63	84	92	16	23	32	84	56	5	35	81	3	41	95	12	63	54	32	70	57	13	21	21	
1	92	75	7	33	86	38	4	63	98	97	26	86	62	64	11	8	14	62	26	61	13	69	79	60	27	97	8	37	94	43	42	25	20	33	12	32	92	32	78	73	35	98	98	8	33	41	61	99	89	60	89	19	41	68	61	67	78	28	44	87	40	18	58	91	78	17	26	79	33	95	95	20	28	100	40	4	44	4	76	80	1	32	30	33	56	79	90	56	57	55	40	36	71	86	33	75	28	51	77	80	71	70	45	73	78	71	54	24	70	60	84	87	54	4	39	48	32	24	22	82	39	2	89	35	49	66	60	13	41	90	33	54	13	14	7	20	56	59	89	62	62	98	100	52	35	84	40	72	7	75	49	70	36	97	3	90	5	43	42	51	64	82	9	9	18	7	96	20	71	64	93	8	11	32	71	20	2	85	75	30	11	44	3	33	98	32	5	64	54	10	30	21	85	89	89	44	93	35	34	
29	81	83	41	16	10	18	52	74	48	16	60	88	84	62	5	50	59	14	79	82	29	44	86	75	52	92	45	47	66	46	1	91	1	63	64	62	26	86	4	7	74	96	27	60	76	78	12	31	83	84	62	95	99	72	19	77	41	33	67	92	90	13	29	79	56	79	83	9	90	93	79	78	96	97	83	41	80	67	68	72	55	99	59	3	78	16	70	100	99	42	3	48	40	42	61	73	44	100	62	74	41	62	71	43	99	94	15	54	76	89	78	47	58	85	26	55	3	37	5	59	61	12	26	97	14	70	80	36	13	47	99	50	40	83	23	27	99	63	49	68	24	13	42	90	40	85	32	41	51	23	8	17	97	92	93	28	36	68	90	66	18	80	48	98	86	60	5	66	71	78	90	39	30	71	50	15	96	35	15	86	5	41	48	16	38	52	38	22	91	90	75	94	54	21	28	61	61	40	53	
18	26	68	85	97	86	36	47	64	20	96	50	38	82	39	78	13	26	92	81	91	85	23	90	11	93	50	64	30	56	80	89	46	62	90	57	59	47	16	66	36	4	9	63	83	19	8	2	48	57	55	21	63	38	17	76	22	47	94	33	18	67	43	51	73	85	78	17	50	71	21	1	84	9	76	20	51	53	73	76	35	62	20	42	36	62	84	47	64	90	46	76	6	44	74	55	92	18	9	35	73	96	84	62	10	79	35	67	6	59	58	27	75	86	37	60	22	21	94	99	52	49	45	69	13	42	39	75	60	96	38	19	88	99	28	90	41	22	64	67	79	25	14	15	49	41	85	29	100	50	88	12	68	53	17	55	67	75	13	5	59	98	92	61	71	4	78	77	98	4	20	31	25	69	20	15	50	60	35	99	12	79	63	99	29	50	14	86	41	87	26	30	40	63	35	1	11	77	76	64	
10	65	67	23	6	80	52	29	12	84	62	85	79	93	15	28	51	85	59	79	46	6	14	18	21	91	1	78	49	54	99	77	48	84	46	52	100	8	43	14	89	39	57	22	51	65	30	42	8	34	50	24	22	81	20	38	29	94	88	61	49	15	33	4	45	81	60	53	86	35	98	98	59	7	12	52	8	85	98	52	44	89	25	9	81	2	58	96	65	13	9	7	46	71	57	37	60	52	91	69	87	6	3	97	65	67	4	29	43	83	17	18	21	34	87	42	29	49	76	38	28	25	91	35	48	31	58	92	81	40	49	6	74	23	71	17	30	83	34	43	65	59	91	47	18	52	40	90	18	55	59	39	66	71	19	81	57	13	47	64	16	62	37	33	67	76	49	3	80	37	54	85	1	63	2	96	60	83	48	91	83	47	99	53	79	74	3	5	43	37	65	92	78	83	39	65	98	37	99	69	
40	58	90	1	61	49	66	50	7	65	36	16	3	24	51	54	54	78	45	40	86	82	72	33	75	87	85	55	88	97	63	69	8	1	25	49	32	27	55	93	9	36	24	51	30	30	72	76	50	79	68	80	14	64	75	11	54	60	73	5	30	90	17	54	71	12	74	60	6	65	90	95	96	11	90	28	40	2	67	40	49	2	69	43	72	11	44	40	93	40	48	24	43	4	16	92	21	35	53	26	57	24	12	20	37	83	3	17	3	32	52	40	41	10	38	76	8	20	72	55	81	69	88	39	10	89	61	91	12	47	87	59	16	12	18	77	71	28	62	72	9	25	18	77	28	52	21	79	62	49	16	54	41	82	72	33	23	48	55	47	23	87	4	52	13	47	65	65	26	12	68	78	49	84	85	35	35	48	94	35	57	58	24	75	36	81	77	63	74	22	24	26	76	2	82	75	66	7	15	25	
57	90	44	61	31	12	92	54	75	5	75	99	99	37	76	32	56	55	39	96	95	33	88	60	32	71	6	48	21	1	22	60	37	85	68	85	4	30	53	11	50	35	100	6	95	98	100	29	60	96	35	32	88	55	37	99	49	96	62	59	15	74	4	51	84	40	46	7	93	8	23	82	76	38	6	100	44	33	64	86	94	19	41	57	8	81	87	62	27	33	56	71	2	8	86	78	12	96	38	76	77	43	48	75	76	4	45	4	59	82	98	21	31	17	47	55	35	23	44	47	87	12	92	93	88	48	77	98	28	3	33	3	7	14	35	50	82	92	40	3	48	5	47	72	50	85	67	31	1	53	42	19	29	56	91	49	45	13	75	79	21	73	77	52	59	87	25	7	35	83	8	80	47	92	75	15	99	91	35	33	49	48	60	5	17	96	50	42	67	88	24	67	53	42	46	61	52	62	58	79	
64	39	58	40	96	67	43	84	77	6	32	69	42	56	20	49	50	25	81	22	69	69	86	9	42	79	99	13	58	9	36	88	7	23	62	52	98	36	2	53	36	59	17	64	24	39	29	42	96	37	32	4	56	25	4	33	89	46	7	24	70	70	46	5	15	57	56	36	89	51	53	79	8	30	61	54	20	46	5	44	16	13	88	98	38	71	56	63	9	45	74	51	36	61	15	71	93	26	66	11	57	29	30	50	57	84	80	47	83	15	44	68	18	78	51	18	66	18	71	76	17	52	36	63	4	64	4	46	91	39	93	4	24	38	10	47	36	32	52	95	99	1	12	13	41	50	35	98	8	28	81	80	70	83	24	61	45	73	33	7	94	30	79	64	55	11	51	23	2	76	27	58	50	16	30	86	12	83	57	49	57	82	47	95	6	87	18	68	50	27	3	73	3	16	12	43	58	77	12	100	
27	15	49	85	40	70	31	30	41	52	29	58	49	28	6	45	46	94	80	12	61	55	91	86	32	23	14	50	40	14	56	64	31	34	38	11	26	75	96	78	83	18	2	15	43	75	64	9	51	2	67	46	49	34	80	83	85	12	95	82	88	81	88	19	52	28	8	46	53	32	68	8	91	91	92	95	38	51	72	60	24	64	53	26	27	76	22	9	27	14	30	59	66	91	47	100	85	86	89	36	74	49	49	66	95	11	23	59	27	45	9	27	17	52	61	25	36	11	84	93	85	6	53	22	25	17	40	63	30	10	56	37	29	86	94	79	67	19	58	95	19	42	12	35	69	29	7	92	50	40	77	68	9	98	40	10	8	15	86	50	5	15	88	69	88	32	94	48	43	28	90	56	81	23	11	5	79	47	58	48	82	33	50	73	91	80	47	97	8	100	97	83	88	71	35	29	79	61	69	57	
17	16	82	51	64	88	25	72	39	72	95	66	45	72	32	65	99	83	36	14	5	79	42	80	6	58	13	85	60	67	43	71	9	32	66	81	21	99	31	38	83	78	68	39	24	8	70	26	47	61	28	94	64	86	1	59	13	100	43	9	11	38	52	60	82	68	26	82	12	58	17	67	25	14	89	21	3	77	84	68	72	94	34	67	25	56	17	6	71	91	16	84	6	43	100	44	69	71	72	44	94	62	58	85	79	88	94	51	8	64	15	44	82	53	95	20	62	2	66	65	26	73	41	21	84	66	92	32	2	13	4	31	65	68	42	51	69	83	41	7	85	86	98	93	62	95	36	98	17	54	74	89	59	97	40	49	71	88	16	60	83	22	22	57	79	97	95	33	20	35	46	1	78	32	44	41	63	99	24	60	47	50	64	11	83	88	53	46	4	10	4	77	64	94	50	41	32	74	81	39	
62	95	47	22	89	46	96	55	51	5	88	29	93	45	48	92	6	73	100	85	59	19	93	34	77	19	2	30	83	18	2	5	88	70	72	66	1	46	4	38	45	16	43	10	18	71	39	42	75	84	91	90	61	9	5	22	22	64	43	61	57	85	89	75	43	44	12	84	55	32	37	77	51	36	94	94	7	31	86	2	2	19	93	85	98	20	5	57	80	78	89	77	1	47	10	46	23	69	75	38	59	18	34	16	89	54	90	68	80	69	67	98	68	7	5	8	45	86	31	76	13	70	53	86	82	51	83	56	84	99	87	90	99	7	24	22	14	64	71	77	30	37	75	79	4	70	27	85	7	2	64	73	91	76	58	29	59	91	91	12	55	63	59	87	56	49	58	89	67	5	68	15	17	84	3	48	99	53	75	5	95	73	11	68	31	8	40	12	42	3	72	68	41	90	23	81	93	81	6	60	
24	27	10	9	60	59	9	7	42	78	9	12	11	28	60	59	96	7	38	91	59	50	79	4	19	8	29	39	16	12	99	70	79	5	92	36	100	5	90	58	23	65	75	32	87	63	82	79	86	48	31	93	78	66	30	97	83	74	60	70	40	95	73	44	48	10	66	99	75	63	99	47	72	17	15	88	84	39	9	80	34	10	64	96	63	74	16	96	64	31	80	99	82	46	12	84	85	85	46	84	69	25	64	73	68	92	24	48	74	97	58	74	93	74	41	46	67	62	7	31	2	89	58	88	43	92	72	52	41	36	27	28	82	24	8	45	23	6	92	40	8	90	20	83	5	32	25	14	75	14	21	77	61	73	54	60	67	10	27	19	33	72	10	78	4	5	76	66	10	33	81	51	95	56	33	16	29	79	36	17	6	91	83	31	63	10	32	77	77	23	8	23	84	97	16	56	20	41	42	73	
55	55	43	46	41	84	12	2	53	42	86	52	15	45	22	66	61	78	53	5	59	33	72	26	43	61	90	61	5	67	81	27	94	81	85	41	17	58	74	27	79	10	13	38	90	33	69	46	77	93	93	97	47	35	58	80	71	22	91	50	92	43	43	74	52	4	79	84	6	39	83	98	99	59	42	68	94	58	18	36	12	92	22	5	37	1	46	34	85	77	71	99	56	93	52	86	51	26	38	15	5	28	53	62	87	38	94	55	5	6	1	39	27	36	45	91	16	79	91	16	16	1	36	10	63	56	11	43	77	91	74	59	30	97	78	13	81	97	50	65	9	96	50	63	57	27	11	19	78	63	15	98	35	88	29	25	63	10	74	15	5	33	91	62	96	99	72	84	72	43	19	55	13	5	98	38	50	74	81	96	87	80	88	8	10	63	47	80	45	11	1	59	15	80	60	13	58	7	13	43	
93	65	12	48	65	96	59	3	40	96	57	45	62	31	37	1	32	8	23	90	46	1	36	78	1	60	61	23	1	69	63	48	44	39	45	41	35	77	61	19	83	73	7	82	79	34	97	79	14	73	11	98	34	12	43	21	44	89	97	69	17	25	43	93	78	24	28	23	12	31	32	55	71	75	88	56	10	63	62	6	89	43	20	11	17	38	43	24	4	14	99	30	30	2	90	84	36	52	98	98	85	7	73	58	86	39	98	87	12	30	90	33	12	29	83	8	85	18	72	73	82	47	71	73	15	11	24	63	15	76	95	19	76	41	46	98	15	35	33	44	17	57	8	31	33	66	90	8	28	1	16	40	43	19	18	35	94	89	29	93	9	78	47	17	7	36	13	32	70	100	84	53	79	35	32	52	14	3	77	50	18	47	53	40	32	47	97	77	71	98	17	36	9	16	19	66	6	57	28	22	
31	29	23	72	51	31	70	74	8	57	27	100	12	42	100	40	68	30	2	42	80	89	63	51	29	65	93	41	5	11	3	20	28	8	82	100	67	69	99	35	52	4	28	63	94	41	39	23	45	3	30	57	69	30	42	84	53	6	90	64	55	18	17	37	11	40	100	96	38	100	42	36	79	52	67	80	26	2	83	26	18	60	95	84	55	44	2	100	18	83	60	39	93	90	82	61	75	32	73	69	19	90	91	67	54	65	34	51	70	74	29	55	41	79	81	13	97	93	58	70	98	36	58	25	88	19	5	56	4	68	83	88	33	95	79	60	72	88	53	42	83	64	7	55	67	79	3	38	8	43	51	33	11	66	68	26	38	2	90	55	39	99	20	96	52	15	50	77	96	15	65	2	8	81	5	38	86	5	63	42	68	97	46	12	77	80	77	40	86	52	10	42	63	35	24	52	37	27	4	19	
80	80	19	13	48	37	26	47	38	74	71	9	3	100	81	58	75	45	36	24	85	46	92	73	49	45	50	81	70	35	92	13	64	20	83	28	30	77	74	29	18	69	69	40	51	94	12	59	64	16	35	50	24	5	59	9	64	81	4	60	90	72	77	99	73	99	88	30	20	43	38	74	11	69	43	28	91	30	20	42	30	81	48	93	92	64	42	84	63	43	37	39	56	42	71	44	69	73	79	1	70	89	71	67	97	13	45	66	21	10	18	44	25	80	83	8	20	32	85	54	47	60	23	58	9	11	52	79	30	91	40	83	39	35	58	50	42	70	54	47	20	48	58	69	88	89	28	53	37	64	2	8	94	98	1	96	30	49	50	23	72	25	27	12	41	49	6	92	89	23	77	14	83	3	64	22	41	43	74	67	50	8	4	42	77	45	71	86	83	26	74	69	32	85	24	8	24	49	15	19	
60	83	97	30	70	6	72	46	8	4	53	70	2	58	54	23	95	63	39	36	59	45	58	10	2	51	70	35	91	95	62	58	49	55	43	58	11	12	66	6	88	40	42	28	64	96	41	55	69	70	70	57	67	86	5	71	1	74	13	62	4	39	18	98	46	42	8	93	42	19	33	63	40	87	20	100	13	70	95	51	49	75	28	33	55	4	34	55	32	31	40	40	24	78	12	78	82	54	9	22	72	52	76	100	19	3	48	34	45	27	50	4	67	11	57	98	40	96	98	10	94	97	63	9	29	10	12	17	20	46	73	40	65	66	51	29	47	22	78	90	94	38	38	24	42	69	73	99	82	85	56	87	36	4	55	74	54	66	19	43	68	65	68	76	13	70	69	24	94	5	22	49	91	41	54	91	87	37	22	88	27	100	10	3	23	11	98	52	26	48	66	36	18	56	86	66	7	87	39	67	
35	82	27	58	81	60	91	56	60	63	81	49	3	77	54	4	1	92	71	91	28	19	20	79	81	78	21	37	17	65	72	16	28	38	78	93	20	84	37	84	78	3	15	19	88	64	66	31	76	68	41	86	92	4	87	23	72	40	2	10	60	12	46	56	96	26	93	85	63	62	16	61	32	46	5	65	77	53	45	90	80	34	19	31	8	51	61	38	6	14	11	74	24	96	7	78	38	65	68	49	99	37	51	21	21	41	99	92	20	12	42	3	80	1	12	35	64	69	75	19	5	46	99	64	41	8	42	19	43	88	64	83	85	46	27	91	91	85	59	69	30	37	62	55	6	30	15	36	20	11	20	97	55	63	83	91	46	29	43	57	52	76	12	8	50	56	29	51	97	30	5	55	32	95	10	90	26	65	24	24	3	97	4	72	8	1	17	10	74	66	4	47	61	14	90	99	1	36	22	13	
74	93	3	97	33	48	68	51	87	44	64	87	77	12	44	11	61	96	66	38	64	87	58	4	21	68	2	1	15	97	17	57	79	20	95	19	51	9	86	1	6	58	88	28	63	36	73	50	21	1	36	77	85	44	100	67	14	56	77	50	73	95	98	63	80	35	6	99	73	29	44	52	14	86	85	25	87	37	23	49	14	36	40	53	8	53	52	89	58	81	67	55	9	26	15	21	78	22	1	46	32	92	27	55	100	95	26	9	16	60	16	87	29	13	97	74	30	78	96	51	87	27	45	67	54	56	39	79	39	14	54	95	42	69	25	46	88	59	56	45	53	47	5	23	63	4	15	48	78	56	99	82	72	46	66	18	42	24	38	54	94	92	53	58	83	38	48	83	12	98	84	2	77	12	30	75	30	92	26	67	73	83	77	68	23	59	36	42	69	36	47	5	44	93	40	2	2	58	26	93	
68	45	84	100	24	31	25	13	65	26	86	96	63	81	66	87	16	51	31	46	50	14	86	24	28	37	56	80	16	4	83	20	37	75	64	21	2	82	60	48	44	17	57	24	100	37	45	25	72	34	32	66	51	92	8	2	83	53	83	89	81	57	18	83	37	38	99	39	44	48	77	73	91	11	24	64	58	20	10	32	43	13	11	14	33	25	54	66	73	27	82	48	13	30	77	66	12	20	96	17	7	90	31	80	76	21	19	4	42	46	26	68	84	84	40	54	91	35	1	32	39	77	46	97	72	48	64	65	14	59	1	49	37	39	58	33	80	92	18	71	89	73	71	25	44	68	13	73	22	49	93	66	40	58	14	31	40	26	36	42	34	50	56	86	16	70	82	57	22	39	36	63	31	63	21	94	40	78	76	53	3	88	64	41	84	15	9	63	32	18	61	44	11	16	2	63	5	59	86	78	
46	55	80	85	71	71	71	94	31	8	88	96	68	49	84	36	53	51	69	7	64	65	32	33	4	14	57	46	69	34	27	57	93	99	56	59	43	88	21	40	73	36	89	86	78	63	11	57	32	95	42	30	28	30	10	63	30	93	59	100	7	52	85	5	10	80	33	69	50	4	99	95	1	34	45	68	17	30	27	3	32	52	86	39	2	28	82	94	54	74	50	93	50	52	67	60	92	45	97	51	23	21	17	63	73	59	51	52	16	37	74	42	87	90	97	36	85	19	58	32	93	66	99	49	7	88	87	76	52	76	96	27	11	60	15	90	90	92	24	44	92	79	13	60	68	42	21	11	28	43	65	50	38	30	89	17	87	33	28	71	46	17	67	21	18	62	40	19	65	31	55	64	2	54	85	54	63	83	2	42	16	71	94	90	97	80	16	35	85	56	14	93	16	54	98	88	11	21	7	100	
64	100	12	75	67	89	43	19	14	99	59	98	48	68	97	54	99	53	51	74	34	28	66	59	6	22	66	54	37	58	86	85	42	40	10	72	67	21	11	1	18	89	16	30	30	92	41	25	73	37	63	7	27	51	60	42	66	50	39	67	48	62	38	7	13	93	27	58	87	36	92	77	74	44	43	44	98	35	79	30	52	3	28	45	61	81	21	27	25	1	23	42	4	76	58	63	43	54	14	67	38	26	49	51	63	46	28	43	60	15	97	27	76	16	4	78	53	44	28	94	81	82	73	28	61	20	34	44	16	45	34	96	98	3	70	70	38	12	8	4	89	98	44	15	79	85	25	11	22	38	44	73	52	49	76	41	43	24	57	91	81	79	89	66	49	25	9	34	47	63	68	79	9	32	89	21	35	39	82	46	12	35	50	23	16	60	19	24	24	86	90	40	2	98	54	65	10	33	99	82	
71	63	10	28	90	81	44	44	11	73	97	55	88	50	99	7	2	44	18	46	77	25	58	42	72	93	91	48	22	9	17	32	7	51	70	44	98	47	42	36	32	58	86	14	17	10	12	20	24	54	69	45	62	81	16	21	80	68	42	53	42	66	59	71	2	9	69	80	63	53	69	79	54	97	30	87	75	61	31	39	54	35	9	10	52	19	28	97	68	100	39	34	61	54	69	90	10	39	67	91	83	82	41	36	34	29	15	28	63	87	75	53	91	46	84	68	57	9	59	54	11	45	66	59	45	4	56	80	9	46	95	12	1	51	89	79	2	67	7	13	22	75	54	38	11	64	69	36	85	17	35	29	45	78	83	87	100	33	74	53	41	91	79	30	88	11	78	79	33	18	77	14	53	70	89	28	1	65	75	61	43	29	41	81	56	13	66	52	8	66	99	2	63	88	65	84	77	36	70	44	
58	97	21	16	85	52	37	9	43	48	84	5	89	61	66	73	64	1	57	30	61	70	20	96	38	69	82	13	81	12	26	79	100	73	95	54	13	29	34	47	71	39	22	60	32	24	45	24	22	1	62	59	9	17	25	27	19	91	100	77	68	97	70	27	46	74	61	89	68	7	15	36	86	85	88	23	66	41	69	65	95	22	34	47	67	36	46	80	9	82	48	87	45	82	8	88	54	32	27	37	70	67	13	25	27	74	37	17	12	48	79	13	83	24	50	78	27	55	40	89	98	72	79	86	53	43	87	92	61	7	12	15	37	84	61	69	64	31	30	74	29	72	27	9	75	90	41	14	88	86	85	53	74	11	69	25	1	13	88	19	12	15	49	32	84	76	52	57	58	10	65	59	70	57	44	61	11	98	66	52	58	79	32	93	20	58	6	37	24	7	1	2	5	11	10	77	68	3	77	95	
58	61	26	36	10	6	93	89	99	69	3	21	88	76	95	78	80	27	9	39	6	40	15	51	99	94	32	7	58	1	71	30	35	97	81	96	38	39	75	55	34	8	1	53	78	12	64	1	73	85	23	15	46	41	51	70	82	38	49	63	18	34	92	40	61	29	35	67	70	39	44	36	57	17	31	36	83	30	1	92	38	90	95	75	45	45	43	84	88	35	86	32	43	62	46	85	35	65	25	17	19	9	80	7	5	32	63	19	64	26	28	68	74	58	75	65	16	86	23	5	82	60	40	58	10	82	59	55	31	73	48	28	59	23	78	85	20	73	34	75	36	7	69	23	95	68	93	72	29	55	72	3	10	100	58	21	84	10	91	96	92	50	70	19	18	23	90	69	68	86	57	76	88	13	93	61	77	37	7	62	77	61	74	81	41	7	57	27	49	87	36	58	59	21	33	36	3	45	20	73	
78	32	73	71	57	74	27	66	94	14	2	36	96	44	91	98	14	4	38	19	55	37	71	10	48	13	38	62	31	73	59	3	74	82	66	91	68	26	46	28	99	43	11	100	93	78	33	9	87	23	76	56	11	54	32	58	70	14	14	27	54	76	79	27	40	42	43	51	21	20	43	42	5	49	46	87	33	67	78	20	61	63	65	60	57	66	51	69	70	14	93	26	38	55	69	3	97	53	53	87	64	31	23	28	65	24	77	97	12	65	35	22	61	17	24	32	37	50	62	67	82	24	43	72	10	40	85	80	100	45	63	22	36	45	71	27	35	64	61	74	41	18	56	14	17	68	15	97	82	6	40	16	98	63	90	40	76	74	1	71	74	80	63	42	34	58	1	52	20	50	94	41	41	21	35	40	76	99	15	58	12	69	81	6	42	13	28	4	15	39	22	26	86	7	99	70	77	20	23	3	
91	54	54	39	19	76	52	35	18	54	94	4	22	21	45	39	87	95	67	57	5	1	9	22	61	63	40	61	95	31	4	17	14	67	3	80	77	63	21	15	36	76	41	44	82	21	1	29	67	97	66	81	72	9	60	45	77	47	51	45	72	71	47	48	70	63	87	14	61	98	98	62	96	83	51	30	16	63	65	2	72	83	34	21	42	37	31	96	84	69	46	48	80	46	10	46	51	34	21	43	56	29	63	33	32	5	73	27	42	18	78	13	96	80	54	32	98	43	54	73	20	88	28	9	51	3	29	87	9	53	93	20	77	41	63	1	48	34	85	30	27	66	76	29	40	56	25	49	40	47	73	67	81	38	50	84	43	54	81	24	73	26	84	20	78	14	71	48	66	54	37	47	58	21	34	53	64	69	25	79	100	57	39	60	73	43	22	19	19	67	13	93	78	100	82	44	95	73	3	20	
