200
4935
91	91	61	20	40	81	23	69	76	36	64	54	12	46	18	76	27	83	50	92	73	9	92	56	10	44	12	77	81	61	58	92	68	36	10	22	33	59	8	43	8	13	31	79	76	68	5	56	89	14	52	66	70	44	66	1	42	88	39	54	9	9	91	54	30	94	32	61	45	69	57	19	15	28	22	98	76	8	79	54	39	68	73	18	58	48	58	21	46	62	33	80	26	47	20	21	68	17	38	92	6	94	46	71	14	69	54	56	84	71	51	87	50	33	86	5	39	73	81	4	87	20	6	13	45	93	69	23	87	33	21	42	57	42	68	54	12	8	5	93	87	20	41	29	55	90	85	18	43	68	46	19	68	11	32	89	5	32	76	42	95	48	38	14	72	71	55	65	20	28	3	99	96	81	6	18	42	2	30	18	79	72	45	84	45	63	11	21	40	90	94	57	73	41	44	77	50	67	100	23	
9	4	65	20	71	68	16	25	91	65	94	49	27	58	70	39	62	52	24	97	70	47	47	35	70	70	15	4	88	38	35	77	87	14	15	75	38	54	38	77	21	62	20	44	47	1	43	75	60	100	88	33	83	97	60	94	49	6	91	91	100	28	44	35	79	46	9	25	70	19	2	16	36	88	87	79	52	9	2	98	67	55	98	99	84	100	12	79	32	97	7	2	49	2	11	54	56	65	31	44	32	59	43	71	65	2	15	6	3	60	25	17	93	55	88	77	63	91	70	76	13	94	15	4	73	69	17	62	40	95	28	55	7	35	53	64	98	16	50	87	40	96	43	92	70	75	39	81	18	6	14	18	89	58	99	69	73	70	4	21	42	62	32	89	65	96	59	32	47	73	63	2	2	51	62	61	10	79	46	8	62	96	42	10	48	4	76	2	12	69	41	5	18	23	97	33	26	19	57	7	
4	17	37	66	64	52	49	87	100	69	81	68	69	61	82	27	50	39	27	83	28	10	29	48	35	83	94	20	43	67	67	9	42	52	61	54	59	84	30	84	100	11	4	48	6	22	60	20	91	56	34	38	81	68	27	86	91	36	30	17	97	65	86	92	73	34	51	85	37	62	14	5	22	69	30	64	4	99	48	65	28	79	61	22	84	56	20	38	74	19	8	85	29	45	1	25	58	23	89	11	65	81	93	53	74	34	38	62	93	74	87	55	51	12	28	94	96	14	45	35	12	26	96	28	83	66	55	4	21	99	30	63	41	78	68	8	91	79	63	39	39	2	3	54	92	72	34	6	70	38	65	38	48	71	87	8	84	5	10	9	14	98	43	65	47	16	5	27	70	19	80	35	53	18	52	48	23	41	35	6	14	96	77	82	52	68	91	82	7	84	14	58	46	43	93	94	15	6	74	47	
65	37	77	20	88	75	3	16	32	89	3	76	35	27	4	1	73	11	56	67	56	11	75	40	14	13	50	89	64	45	51	64	35	63	23	27	30	90	35	92	69	68	53	29	31	100	67	87	95	52	41	70	23	24	95	48	72	5	27	55	44	66	91	63	11	97	77	42	90	11	60	69	26	23	62	74	37	70	20	50	24	99	16	80	73	84	5	91	71	65	17	81	48	94	22	40	86	12	18	20	19	62	38	98	95	1	8	69	72	9	31	83	85	72	63	84	83	44	42	9	34	31	38	85	18	39	72	32	9	37	89	89	91	45	33	7	1	6	24	75	84	57	38	67	55	88	39	91	89	59	62	72	8	1	44	89	60	64	40	96	99	17	10	41	48	22	66	33	91	14	25	86	29	72	98	84	83	85	4	89	56	75	62	27	51	25	87	67	98	55	6	4	23	46	65	76	52	44	5	45	
20	66	20	78	92	48	29	1	51	39	20	31	30	61	49	58	57	73	90	96	42	87	89	70	35	35	9	22	35	98	87	58	57	68	58	12	90	32	5	14	18	68	40	1	63	46	12	38	87	92	55	61	32	98	15	71	17	57	69	36	6	99	20	30	45	42	32	38	66	91	96	38	91	37	53	11	60	98	57	71	50	51	94	30	39	89	14	63	98	57	72	45	59	6	7	40	75	38	14	26	32	41	2	3	83	91	37	90	17	85	78	83	63	43	98	18	95	13	92	44	89	81	78	11	83	95	88	29	22	71	16	23	38	12	28	38	28	88	43	31	31	78	26	75	96	72	19	89	51	15	79	16	48	9	99	32	48	97	69	73	9	74	100	51	22	10	53	33	23	63	67	47	80	43	44	40	80	68	30	73	8	86	42	19	68	64	25	20	43	68	10	64	46	14	24	94	91	30	67	85	
71	64	88	92	19	14	64	43	69	18	97	24	9	24	13	91	22	70	38	80	42	90	88	79	38	72	76	59	90	55	15	88	60	10	62	28	19	60	1	31	21	56	5	15	22	74	36	27	33	6	75	25	73	21	60	75	64	11	70	45	52	79	26	9	44	79	36	13	17	36	77	93	63	82	90	44	98	21	15	1	21	84	84	61	23	39	8	78	16	98	98	15	36	75	14	28	58	53	76	34	8	51	6	51	9	44	26	36	65	3	39	72	37	21	59	63	91	81	47	7	88	96	80	93	87	45	48	28	17	26	25	3	79	3	26	63	60	24	53	99	38	79	87	16	98	58	74	69	88	95	59	62	12	28	87	99	34	34	27	36	19	99	73	74	78	17	12	89	22	56	12	7	58	32	31	82	19	51	5	94	4	74	88	1	77	59	22	98	46	59	67	2	65	59	83	67	21	34	77	9	
68	52	75	48	14	66	45	27	100	12	84	40	90	84	94	36	85	79	58	24	89	34	71	59	13	12	79	37	49	21	52	1	50	95	24	16	45	14	27	60	6	80	35	100	79	52	2	25	57	67	10	26	79	38	62	48	65	94	86	92	12	66	37	68	1	32	5	46	50	35	99	80	60	23	25	6	92	53	82	97	13	40	14	1	71	45	58	32	83	10	8	77	92	72	85	17	90	59	11	73	71	90	33	27	1	75	43	94	56	81	32	43	7	79	52	85	3	3	42	55	36	48	94	86	22	32	41	77	17	88	85	19	74	40	5	95	85	64	6	55	66	33	100	64	43	59	74	74	54	22	18	22	66	26	25	73	43	47	50	54	13	19	83	63	77	5	47	54	35	36	85	30	61	69	53	22	7	17	13	62	74	68	52	43	55	72	62	7	5	63	24	24	65	44	12	23	19	97	93	35	
16	49	3	29	64	45	24	50	87	58	76	21	2	97	1	72	16	67	46	84	68	64	62	66	67	47	28	16	46	83	73	98	82	35	42	58	82	68	28	2	11	100	47	28	18	42	21	95	73	39	3	16	78	27	72	8	89	9	47	12	57	23	31	5	18	17	89	97	54	9	65	41	3	43	53	47	75	47	27	29	100	6	95	67	37	80	23	2	98	83	94	13	98	18	28	33	10	5	66	39	42	25	5	36	77	56	29	80	99	4	52	30	77	12	5	87	64	55	7	14	68	65	34	12	54	65	77	42	28	14	20	15	51	69	83	10	76	44	42	54	73	48	20	7	40	79	55	34	45	62	81	80	93	6	3	57	86	25	42	12	61	33	80	52	69	39	22	46	75	85	80	36	51	31	88	85	37	70	55	34	42	21	42	69	46	76	50	23	66	87	44	69	95	91	73	5	93	66	51	8	
25	87	16	1	43	27	50	82	54	38	40	35	56	56	61	39	77	46	67	90	39	18	72	14	6	31	94	26	60	66	16	30	69	20	79	6	37	45	42	60	48	15	89	11	19	28	29	25	27	11	21	89	3	51	51	2	38	93	26	60	28	82	56	65	76	57	53	35	83	97	98	45	44	52	94	68	3	96	69	82	33	13	12	39	74	24	84	63	2	88	83	62	63	13	20	3	31	67	89	19	66	18	8	92	22	76	77	21	78	76	99	91	36	24	97	67	94	58	25	28	80	39	66	29	74	23	37	55	38	31	80	2	75	86	8	60	7	89	16	57	4	8	3	41	77	10	57	54	82	90	86	57	51	75	87	27	11	2	36	51	4	32	8	84	75	98	89	74	15	91	50	88	8	99	51	13	41	50	83	9	19	24	44	24	57	96	47	26	96	99	71	45	67	57	43	95	62	57	97	92	
91	100	32	51	69	100	87	54	66	95	48	9	65	9	48	20	78	2	5	40	31	26	41	10	96	54	41	71	2	34	46	52	2	39	98	9	67	81	7	53	53	30	18	82	32	85	19	90	47	79	47	63	29	98	30	17	67	33	5	19	7	73	62	98	38	18	78	46	41	65	68	27	29	69	43	6	40	83	33	9	42	21	2	24	61	17	20	13	45	22	63	100	42	91	100	7	58	30	57	31	93	1	64	99	22	88	20	13	11	97	84	37	5	45	61	23	44	81	81	42	50	75	19	39	99	33	5	80	50	95	72	47	19	13	40	1	61	31	86	10	30	2	97	75	53	64	39	95	37	21	91	86	91	35	2	70	100	29	2	47	79	1	44	4	91	39	69	18	71	90	77	76	71	90	86	79	61	12	80	68	46	59	88	32	84	48	95	35	2	5	43	9	33	93	36	32	35	11	21	25	
65	69	89	39	18	12	58	38	95	64	25	70	68	48	27	68	24	70	32	78	86	100	62	34	14	62	62	65	33	3	64	48	44	53	92	38	55	99	14	82	22	42	72	51	51	28	9	92	10	100	64	81	67	11	94	61	82	37	60	80	12	91	40	72	95	26	93	79	15	99	51	52	3	32	48	18	23	99	19	45	40	44	46	76	9	33	44	44	51	15	35	72	93	27	93	68	98	76	66	57	52	84	74	98	11	30	3	37	69	55	12	37	60	11	12	67	13	95	4	27	16	75	99	72	26	84	52	53	98	28	8	2	88	46	38	99	18	61	76	63	28	27	79	72	18	24	95	82	68	9	23	81	37	16	44	20	66	21	6	34	37	67	15	13	22	62	27	58	88	17	30	40	8	16	47	72	98	17	3	14	32	21	90	12	83	58	91	11	47	92	97	65	52	37	78	27	4	49	13	47	
94	81	3	20	97	84	76	40	48	25	76	32	25	63	91	50	86	10	21	54	21	41	42	45	8	85	20	7	100	42	9	33	95	11	70	65	7	51	55	54	88	22	29	77	35	49	24	33	33	68	72	85	57	15	5	67	16	98	39	11	74	34	66	30	3	22	38	56	21	93	24	81	16	12	62	25	64	93	80	26	75	37	3	40	82	23	9	36	97	72	58	92	81	97	29	100	2	73	46	53	15	1	95	55	53	66	98	70	58	22	96	79	16	1	6	32	61	43	63	19	27	59	42	26	99	15	79	83	40	44	19	15	1	16	44	47	27	84	69	77	79	91	56	95	6	48	29	13	19	94	72	98	87	78	71	53	64	34	61	47	49	7	61	34	58	22	73	60	36	47	78	51	90	3	87	22	80	84	72	70	66	67	79	55	3	26	15	97	74	81	28	90	35	81	73	56	34	22	8	50	
49	68	76	31	24	40	21	35	9	70	32	66	1	3	20	33	81	9	83	95	99	72	21	98	29	33	79	94	3	22	59	43	48	99	65	88	61	98	19	45	46	81	50	30	31	28	1	100	48	48	56	10	27	26	25	96	58	50	33	99	21	95	89	64	30	5	80	55	10	64	76	31	50	38	30	100	91	5	74	27	73	51	83	93	31	44	3	49	99	57	38	41	45	66	14	14	91	72	54	18	39	96	43	76	100	81	54	85	72	41	83	89	40	65	61	69	32	28	92	71	91	10	60	67	32	8	33	74	19	100	43	67	8	15	73	66	76	58	80	25	91	34	98	67	77	6	82	19	8	44	74	74	38	21	28	93	34	80	5	67	90	36	57	48	56	36	64	36	7	70	98	37	12	28	29	25	26	76	6	38	19	34	57	25	55	31	94	82	91	43	45	51	65	87	13	46	14	81	77	79	
27	69	35	30	9	90	2	56	65	68	25	1	80	98	1	16	24	17	65	77	66	12	46	92	15	92	35	87	85	48	93	64	4	31	64	67	34	96	15	28	26	12	16	71	47	44	99	59	55	9	9	99	37	32	51	33	2	74	55	27	12	39	82	15	21	60	59	42	73	62	31	41	29	97	26	54	34	34	19	48	7	36	67	62	41	92	18	16	10	4	81	29	15	38	30	20	4	63	44	84	47	7	73	5	73	76	52	88	39	21	7	65	8	6	26	95	9	33	54	87	23	21	36	46	98	37	90	19	58	94	59	36	60	92	98	5	81	63	86	26	64	76	18	36	12	78	58	2	15	90	24	20	28	57	68	77	87	66	79	62	20	28	68	25	42	43	69	15	11	71	16	11	49	11	32	43	27	4	81	21	75	84	84	4	17	89	17	75	14	26	62	95	37	49	54	10	29	84	85	78	
58	61	27	61	24	84	97	56	9	48	63	3	98	95	50	100	20	43	14	22	19	67	45	76	65	77	46	65	46	54	24	54	85	86	73	4	50	37	62	74	15	84	84	54	6	88	47	59	84	35	18	47	12	50	12	59	99	19	48	82	93	11	64	38	76	45	13	43	29	86	87	27	24	27	90	19	84	90	8	65	66	7	12	49	78	33	67	96	36	36	31	67	18	2	84	88	5	56	40	49	71	56	59	12	20	53	79	90	2	82	31	24	13	65	7	62	57	20	9	83	56	22	52	46	70	97	64	78	46	93	8	37	57	22	11	99	90	18	39	29	67	25	28	66	26	24	27	28	68	69	92	54	44	85	88	63	19	70	1	37	30	35	76	4	33	37	95	84	66	70	20	3	6	43	94	53	18	18	48	56	32	24	63	73	69	19	83	69	99	98	34	65	97	27	69	9	43	45	65	27	
70	82	4	49	13	94	1	61	48	27	91	20	1	50	65	79	26	90	87	36	87	8	6	49	84	31	76	85	5	90	42	77	95	61	77	45	22	32	71	1	8	37	89	32	88	90	3	1	100	83	32	23	55	75	4	77	51	32	37	83	1	79	69	75	4	47	64	28	52	84	40	13	87	12	9	38	56	56	45	20	74	20	29	79	12	67	90	47	28	24	44	85	94	24	67	44	55	56	97	33	62	6	37	49	51	84	9	62	4	82	23	25	3	95	38	78	34	55	14	80	55	19	10	77	44	26	8	85	54	36	37	33	27	89	91	88	17	64	62	84	23	32	58	39	66	46	82	62	61	94	52	17	28	30	81	82	67	34	83	50	87	95	29	53	65	8	48	29	89	87	14	25	60	37	80	37	37	14	70	36	63	25	92	17	93	82	52	47	20	28	100	38	56	69	53	38	91	13	65	27	
39	27	1	58	91	36	72	39	20	68	50	33	16	100	79	87	28	34	87	31	63	39	94	87	89	64	32	59	68	31	69	20	38	58	2	70	55	64	2	82	82	17	98	42	14	62	41	29	24	7	22	28	76	78	71	20	82	31	66	54	66	14	25	6	61	21	69	85	30	68	75	23	66	3	8	8	19	72	25	84	39	79	96	53	78	67	37	13	51	28	22	86	29	8	10	40	16	68	59	67	38	22	48	83	95	5	42	91	10	75	88	89	12	28	24	22	21	72	12	44	48	30	57	27	50	12	42	55	16	59	16	32	6	74	82	5	78	52	76	49	15	2	57	16	26	36	9	1	81	83	36	44	96	88	91	19	60	99	85	1	4	2	38	100	62	9	77	29	21	17	68	99	52	89	37	58	88	75	83	30	14	40	24	75	74	16	63	69	65	87	90	92	29	86	31	98	81	15	41	49	
62	50	73	57	22	85	16	77	78	24	86	81	24	20	26	28	41	1	25	97	61	70	76	67	52	27	88	76	47	71	41	14	95	24	73	77	67	35	31	26	73	3	9	27	11	40	29	62	47	68	1	54	83	48	35	21	52	4	32	13	92	40	74	5	43	60	67	70	8	88	89	83	71	44	33	53	61	18	52	10	66	10	59	46	7	9	20	94	8	64	79	99	96	25	5	60	95	46	32	18	3	88	33	88	38	60	63	97	90	91	72	97	66	41	78	41	23	67	22	20	16	44	5	57	17	99	75	53	55	49	64	85	45	75	17	6	27	28	16	8	1	35	1	64	32	33	67	50	53	34	57	23	83	14	88	61	7	65	74	3	56	18	69	75	65	60	52	53	88	53	17	44	20	43	38	21	98	21	54	8	97	7	19	4	82	12	59	40	3	41	71	24	35	53	50	86	73	92	49	43	
52	39	11	73	70	79	67	46	2	70	10	9	17	43	90	34	1	38	13	40	53	75	65	14	77	22	46	12	74	18	47	15	21	37	31	64	13	77	52	11	54	3	82	50	61	6	23	58	69	45	77	8	60	58	62	57	55	20	25	69	62	51	51	53	59	97	82	7	30	68	50	76	44	49	49	38	24	24	70	68	33	78	15	1	98	38	20	52	41	66	5	41	85	59	27	56	7	88	20	25	71	50	12	82	7	54	70	71	51	5	20	43	61	81	67	67	33	47	64	55	61	94	97	59	82	15	41	52	79	82	24	29	2	32	73	73	42	22	44	64	14	3	34	61	35	63	97	78	52	48	91	31	87	65	78	22	97	99	68	16	83	61	81	15	72	48	19	93	58	2	77	87	31	11	62	86	42	1	15	65	65	14	95	8	3	70	28	72	57	73	13	74	91	79	97	49	52	3	47	36	
24	27	56	90	38	58	46	67	5	32	21	83	65	14	87	87	25	13	26	85	3	95	54	92	10	32	93	48	91	47	91	34	87	10	94	78	17	63	33	58	50	9	90	31	62	89	86	57	45	33	97	37	83	76	28	9	20	53	4	53	56	44	13	7	82	5	53	3	1	66	23	2	6	94	61	93	69	32	82	37	50	32	77	78	62	38	56	39	90	88	69	44	60	27	91	13	69	41	6	91	96	53	85	48	48	59	4	98	83	59	45	85	88	65	39	88	98	44	79	100	53	32	73	98	60	21	25	28	93	38	70	14	39	47	8	53	79	41	52	21	90	21	90	90	36	97	50	94	70	12	31	79	85	63	8	57	33	75	98	43	61	26	94	8	48	20	94	3	39	92	29	37	93	56	54	77	49	85	18	12	2	96	84	17	79	54	33	44	67	15	29	37	90	37	15	30	52	97	64	68	
97	83	67	96	80	24	84	90	40	78	54	95	77	22	36	31	97	40	85	23	43	43	19	82	52	79	92	17	56	6	87	72	56	80	5	44	6	60	67	88	49	43	10	54	9	12	22	43	94	17	90	63	9	69	58	63	72	37	39	86	17	18	56	84	39	25	23	9	26	87	58	96	24	98	24	66	85	18	87	64	49	41	97	93	85	35	63	70	77	7	100	54	10	52	34	94	65	52	100	48	95	30	89	18	37	66	3	55	98	6	42	86	2	51	67	48	25	77	76	56	74	75	10	47	6	80	33	58	77	1	89	72	46	68	7	1	9	48	1	4	91	42	61	92	45	63	23	69	84	27	4	33	12	7	65	59	2	85	16	69	81	55	26	58	82	1	57	14	30	80	49	35	33	94	48	24	28	38	21	23	46	59	46	77	98	20	4	100	20	18	15	46	73	98	30	10	19	8	59	46	
70	28	56	42	42	89	68	39	31	86	21	99	66	19	87	63	61	53	3	43	81	95	90	14	64	79	99	67	16	97	28	3	28	80	31	22	69	67	6	65	28	12	31	69	57	41	25	41	41	6	17	25	49	53	23	88	22	64	57	37	7	9	2	48	75	29	88	60	14	10	99	72	65	50	20	56	82	33	78	9	73	5	34	56	19	12	75	18	50	32	18	20	86	68	64	67	46	44	47	52	96	97	12	57	81	96	63	16	11	37	98	51	87	62	19	35	23	74	17	11	1	15	42	78	21	80	24	18	27	45	71	6	22	47	10	25	74	82	72	1	51	71	75	37	75	77	35	85	33	2	59	20	17	60	79	42	14	82	3	73	14	78	75	85	81	61	94	76	20	63	70	69	74	42	87	100	93	20	92	17	31	26	31	59	58	24	62	11	6	91	84	19	5	82	53	38	21	93	77	80	
47	10	11	87	90	34	64	18	26	100	41	72	12	67	8	39	70	75	95	43	95	75	66	29	61	75	89	24	27	39	94	99	72	70	44	42	11	64	34	55	42	20	16	86	99	47	64	66	100	40	49	89	56	68	76	91	64	94	93	97	85	49	85	35	74	67	12	25	65	41	5	46	11	61	89	16	44	76	76	13	17	38	16	21	83	76	3	32	85	21	16	64	76	45	48	51	7	69	54	56	70	98	82	96	11	80	60	92	5	83	71	17	46	90	12	89	7	40	55	25	18	100	18	8	10	12	89	49	76	19	8	20	61	32	12	82	10	50	7	5	18	57	91	4	28	58	36	31	69	89	76	66	82	61	52	44	40	17	63	42	81	12	48	61	58	37	7	23	81	73	81	18	88	79	82	88	28	46	27	38	99	74	75	23	82	31	24	77	100	5	28	68	44	53	25	6	43	56	6	93	
47	29	75	89	88	71	62	72	41	62	42	21	46	45	6	94	76	65	54	19	90	66	11	57	15	21	69	61	55	26	48	11	94	63	96	13	25	62	57	2	57	98	96	32	25	50	26	47	5	14	79	76	63	52	51	94	1	57	100	52	92	30	94	36	40	8	9	90	17	80	9	84	78	66	99	37	48	99	81	73	4	34	43	22	76	19	51	70	23	11	57	72	59	59	60	76	66	23	83	8	43	15	83	64	76	39	22	37	53	92	83	67	36	50	12	71	57	28	67	24	67	85	52	8	43	89	81	61	94	66	60	26	65	74	58	17	3	27	96	1	76	32	64	24	77	40	32	78	82	59	7	93	15	90	58	55	8	15	67	3	24	10	42	8	16	47	87	68	89	73	52	64	3	46	44	79	8	90	9	17	27	80	70	24	4	70	4	23	18	5	90	87	96	86	90	23	1	39	74	31	
35	48	40	70	79	59	66	14	10	34	45	98	92	76	49	87	67	14	92	82	14	29	57	2	28	83	94	97	39	9	94	78	96	6	78	95	71	63	12	92	94	75	7	21	76	38	97	7	80	22	67	77	93	4	7	5	12	78	72	79	76	3	88	62	36	74	99	46	67	24	67	15	86	7	16	93	49	3	89	95	16	35	42	21	17	39	29	15	5	18	95	20	24	93	84	89	12	49	64	62	74	15	11	31	31	55	16	2	57	56	98	6	26	43	5	33	34	83	4	97	48	49	12	36	5	30	80	10	98	54	34	39	70	51	83	94	6	61	42	67	3	100	23	10	16	76	72	7	31	34	35	53	95	17	50	66	7	59	42	84	60	56	50	58	2	97	7	92	86	98	89	46	8	54	87	83	83	51	52	26	82	2	75	22	30	47	90	92	39	23	31	88	68	86	28	17	55	55	81	10	
70	35	14	35	38	13	67	6	96	14	8	29	15	65	84	89	52	77	10	52	64	61	15	28	92	70	11	6	37	86	11	89	38	99	20	75	61	52	88	19	30	50	64	32	71	11	47	14	17	96	68	78	99	97	99	37	31	66	12	60	15	19	27	19	81	30	36	43	62	85	82	90	9	53	83	64	86	67	30	38	76	47	93	56	20	36	51	53	30	38	41	69	40	95	3	11	89	22	84	29	49	58	52	67	57	35	24	58	90	51	87	72	12	83	13	78	10	99	69	22	78	51	75	59	100	58	87	69	1	87	84	79	34	97	25	44	66	80	42	29	92	98	9	36	51	34	44	37	64	70	89	39	8	99	89	30	44	74	45	72	45	9	51	74	93	71	94	88	62	8	61	71	42	65	54	90	44	45	69	62	31	25	31	6	2	92	76	60	51	33	69	75	27	77	38	41	21	64	63	6	
70	83	13	35	72	12	47	31	54	62	85	33	92	77	31	64	27	22	32	79	79	75	21	83	70	56	57	34	35	53	51	82	2	8	17	93	63	21	93	50	58	44	41	31	48	8	100	17	85	86	90	57	95	18	76	16	62	45	77	99	63	93	47	7	14	100	29	48	68	79	88	87	98	42	89	23	10	81	82	75	48	66	23	52	69	55	39	7	51	69	81	72	36	99	17	66	55	34	78	5	5	10	8	72	14	1	2	26	33	44	49	50	25	35	24	5	69	1	50	100	12	50	32	78	11	21	83	13	30	82	37	81	12	78	55	56	62	20	94	14	57	92	20	80	57	51	89	16	45	60	37	16	58	47	96	44	6	20	23	59	31	90	50	90	41	41	46	26	53	74	55	39	52	67	81	97	35	52	97	76	21	48	56	41	60	5	18	65	96	63	24	95	21	40	29	96	54	62	83	3	
15	94	50	9	76	79	28	94	41	62	20	79	35	46	76	32	88	46	93	92	99	89	69	94	11	57	16	14	88	39	26	92	45	39	92	2	6	28	45	8	69	41	94	38	76	58	24	96	26	22	97	88	47	99	61	29	17	32	64	39	100	23	56	59	86	18	21	32	74	92	62	49	63	65	61	88	44	99	82	88	11	84	76	6	98	69	97	12	68	52	22	73	76	44	63	51	58	18	72	93	31	55	8	6	43	65	3	72	97	88	3	17	10	23	95	31	49	65	46	88	21	26	73	67	96	23	78	63	15	52	60	82	48	83	48	48	16	52	55	1	49	42	23	62	88	93	12	80	43	9	65	100	44	42	15	96	18	30	17	55	57	36	66	27	24	50	59	5	31	45	14	55	68	63	15	83	6	63	37	17	63	69	34	4	13	18	65	55	94	100	78	26	64	21	36	28	97	20	9	40	
4	20	89	22	59	37	16	26	71	65	7	94	87	65	85	59	76	12	48	17	67	24	61	97	6	34	14	40	44	24	95	30	52	36	68	38	47	22	64	53	18	22	90	98	27	11	36	29	15	14	83	72	100	76	34	80	7	24	91	80	44	99	98	57	14	27	18	75	81	32	48	28	37	99	7	37	51	64	12	49	1	18	51	34	78	64	53	93	62	32	55	98	73	2	32	73	16	64	66	91	87	7	45	98	42	71	96	73	39	82	92	25	44	100	56	80	21	40	53	54	71	97	46	89	84	87	84	99	7	58	43	58	84	100	64	54	43	6	68	52	100	99	25	35	79	38	47	92	35	20	30	20	51	9	66	99	59	12	33	35	80	22	14	38	65	45	55	44	97	68	23	3	21	58	34	36	12	1	88	77	90	52	60	49	58	50	51	78	44	36	86	45	63	78	49	13	45	30	9	29	
88	43	64	35	90	49	46	60	2	33	100	3	85	46	5	68	47	74	91	56	16	27	55	39	37	35	88	44	81	5	65	49	17	95	13	50	44	90	85	87	28	63	38	61	77	75	34	59	56	86	92	21	70	63	46	97	40	16	14	77	31	100	55	19	64	94	50	62	54	11	25	26	1	72	85	57	67	37	29	44	27	66	7	44	98	20	13	53	25	17	30	4	81	32	96	24	68	78	83	70	75	73	99	84	34	10	88	73	38	34	38	81	57	58	29	82	64	9	46	5	8	54	34	78	38	30	42	65	4	9	57	30	67	26	66	62	60	1	87	61	47	15	12	19	85	47	83	55	3	15	45	85	36	3	19	46	94	57	92	60	92	98	76	73	30	74	51	96	25	45	15	9	16	82	51	76	72	26	98	83	89	88	93	31	77	49	72	34	64	17	51	14	19	1	60	99	19	3	60	82	
38	67	45	98	55	21	83	66	34	3	42	22	48	54	90	31	71	18	47	6	97	39	26	9	86	53	39	24	5	4	65	44	89	84	63	41	22	55	76	90	22	6	95	73	98	49	92	92	55	90	82	93	19	56	85	44	15	19	29	40	22	33	12	71	55	64	52	92	16	88	57	51	73	55	15	29	53	65	26	94	1	57	83	83	25	91	56	6	97	11	20	10	67	86	70	57	74	62	95	12	47	5	71	65	64	31	43	10	26	16	81	39	47	50	93	59	77	63	66	72	33	21	12	21	1	64	33	93	35	90	77	44	11	49	97	58	46	27	90	14	98	76	2	44	54	8	70	100	99	18	3	9	18	19	67	65	93	13	52	84	23	86	69	83	11	89	16	71	48	72	15	83	15	96	79	3	49	83	62	29	28	51	72	77	17	73	26	18	37	94	76	25	98	39	55	83	99	48	27	76	
35	67	51	87	15	52	73	16	46	64	9	59	93	24	42	69	41	47	91	87	28	94	48	94	11	51	26	95	65	65	21	83	100	75	7	29	71	1	100	58	36	81	75	72	58	8	91	37	34	31	2	65	80	14	99	65	88	31	70	28	49	19	93	73	81	56	15	78	97	56	28	93	45	23	97	58	74	80	57	11	8	68	22	57	75	65	91	45	1	12	99	33	37	60	51	11	27	93	69	21	4	5	67	11	81	27	2	18	95	66	72	83	64	33	66	26	7	61	22	57	71	66	41	73	30	28	58	55	27	69	6	94	83	25	34	21	16	83	2	91	33	58	80	80	37	82	99	82	19	34	60	60	17	50	41	65	23	17	97	23	35	47	93	76	99	45	81	76	79	65	90	56	15	54	58	66	83	21	68	29	73	7	48	85	86	100	52	81	7	79	25	30	37	38	54	98	37	82	16	49	
77	9	64	58	88	1	98	30	52	48	33	43	64	54	77	20	14	15	34	72	3	99	11	78	89	82	92	30	49	44	83	53	86	79	3	58	7	32	40	84	35	25	40	51	34	36	78	41	21	41	37	72	19	30	69	13	26	4	66	4	92	63	8	43	32	61	50	30	62	72	12	83	27	68	63	42	32	87	98	14	25	53	25	61	55	60	44	81	17	44	46	37	85	6	38	16	25	33	63	94	51	8	28	77	70	88	24	70	74	55	38	55	26	37	90	31	23	82	2	69	18	48	48	75	51	14	9	96	52	25	89	82	72	91	26	87	94	81	14	80	41	96	23	10	93	40	89	58	97	68	18	38	48	31	25	41	53	53	66	64	5	59	73	71	12	59	3	57	80	64	67	100	74	96	24	97	30	24	33	15	78	16	21	93	13	34	22	95	99	8	69	90	98	16	40	86	86	58	9	83	
87	42	35	57	60	50	82	69	2	44	95	48	4	85	95	38	95	21	87	56	28	72	94	96	38	2	45	52	17	89	100	86	76	83	43	3	83	85	39	71	8	4	59	13	13	30	40	77	8	51	37	86	4	50	2	13	14	46	63	12	33	97	79	25	46	36	25	32	74	5	46	71	65	31	72	1	93	30	29	85	81	32	32	75	34	95	21	11	50	30	59	90	73	90	63	24	91	97	48	4	11	8	90	81	98	9	92	36	44	11	34	52	51	7	53	35	21	8	35	75	4	93	30	33	71	53	52	42	93	4	64	40	8	24	38	34	54	27	100	96	19	40	23	13	54	32	75	24	57	84	29	6	99	35	29	1	52	78	56	16	36	91	17	99	80	55	14	96	56	96	82	93	2	61	52	97	97	86	28	82	27	1	51	14	4	84	68	19	33	93	26	12	68	2	47	67	55	57	69	36	
14	52	63	68	10	95	35	20	39	53	11	99	31	86	61	58	24	37	10	80	80	70	63	6	99	8	39	36	95	84	75	79	83	80	72	69	49	9	49	6	86	24	26	53	42	61	45	91	47	49	63	45	76	52	71	48	39	42	28	64	49	90	73	81	54	22	17	34	76	4	76	34	93	70	30	3	38	27	38	32	9	8	91	4	7	54	13	63	58	91	9	15	76	41	78	36	14	34	69	11	46	88	16	93	68	45	16	31	78	96	78	17	81	11	51	68	100	45	33	87	99	33	60	74	85	60	56	85	96	66	28	18	72	34	24	23	19	30	10	51	23	37	52	57	26	4	97	80	45	76	72	63	24	91	42	88	57	84	22	40	19	41	65	95	31	23	87	29	89	78	29	36	32	53	83	68	77	8	42	40	77	38	7	41	18	32	33	39	81	61	17	74	11	19	17	100	57	91	16	18	
15	61	23	58	62	24	42	79	98	92	70	65	64	73	77	2	73	31	94	5	31	44	96	78	20	17	92	68	13	63	7	3	43	72	48	15	89	15	40	5	13	73	72	46	51	1	44	12	69	89	15	94	38	60	80	9	36	84	34	9	79	33	15	99	15	28	6	42	97	68	63	13	70	50	57	53	87	16	15	41	2	10	93	85	33	26	69	90	78	34	50	12	70	86	61	24	72	73	95	74	20	58	86	34	70	57	86	28	48	83	59	38	78	64	89	1	60	20	13	57	92	40	23	20	81	99	56	5	77	51	31	34	28	90	90	69	73	66	73	46	98	68	82	18	7	40	83	8	7	10	41	96	33	88	39	89	61	5	94	59	70	89	96	56	68	18	2	49	81	23	94	98	39	82	23	13	98	74	70	74	69	50	33	86	72	19	61	36	45	65	67	50	87	57	78	1	61	33	52	55	
75	54	27	12	28	16	58	6	9	38	65	88	67	4	45	70	77	64	78	44	22	42	13	95	75	93	2	38	50	41	29	58	3	69	15	32	28	38	64	87	12	53	74	90	71	94	62	82	58	66	10	27	51	5	95	1	65	83	67	91	45	76	82	7	90	59	17	29	46	91	36	50	86	1	44	97	49	98	6	35	29	68	59	62	34	35	12	32	75	60	57	80	7	32	65	93	50	29	32	88	49	63	40	2	4	92	24	56	9	21	47	44	71	86	58	33	84	82	69	14	74	88	90	75	91	34	62	57	39	21	27	3	70	98	2	4	32	69	19	70	72	16	67	36	64	57	98	17	49	35	88	93	41	13	91	25	20	89	35	48	23	55	53	37	77	32	2	96	34	89	88	85	62	86	87	38	60	51	68	91	15	27	82	25	4	52	89	100	13	15	33	95	69	28	59	53	28	19	23	52	
38	59	30	90	19	45	82	37	67	55	7	61	34	50	22	55	67	13	17	6	69	11	25	71	61	63	6	47	44	22	71	7	83	49	89	28	83	85	69	26	55	53	23	15	98	81	2	79	84	56	93	85	19	70	68	67	17	8	4	10	35	47	25	68	1	55	40	93	22	74	84	39	54	30	25	69	99	58	38	93	70	2	25	89	42	47	33	45	44	94	52	40	44	99	33	88	71	82	10	92	97	48	94	30	13	69	80	70	99	71	8	81	10	71	75	17	96	20	19	37	20	51	30	26	35	85	77	37	31	43	66	21	70	30	52	24	77	70	64	52	66	49	16	70	68	10	19	46	6	44	1	70	19	46	48	43	53	17	19	99	88	4	5	83	4	71	65	67	58	77	93	44	93	47	29	82	95	82	75	79	63	89	57	66	72	17	92	18	35	11	44	75	92	40	46	16	94	8	96	43	
54	84	90	32	60	14	68	45	81	99	51	98	96	37	32	64	35	77	63	60	67	64	62	63	52	21	28	22	90	55	1	32	85	9	15	38	85	29	19	9	20	91	91	44	92	36	74	77	80	84	53	83	31	63	10	92	53	29	7	84	41	97	14	72	3	44	58	39	16	12	95	60	23	45	100	49	58	51	76	98	69	52	35	34	19	67	16	59	38	41	8	24	28	19	81	98	54	39	29	20	47	17	16	13	53	12	21	76	18	16	64	74	67	25	37	7	41	88	8	62	67	63	24	34	86	45	59	79	47	10	3	43	77	4	41	70	33	9	59	100	78	5	79	15	19	26	74	87	70	16	51	19	73	51	9	16	73	22	21	78	52	87	1	73	41	88	8	95	84	43	33	96	20	9	90	22	34	14	59	4	73	57	49	70	47	24	99	60	19	73	41	97	3	42	49	17	90	86	72	41	
38	30	35	5	1	27	28	42	7	14	55	19	15	62	71	2	31	52	33	67	6	34	57	12	88	93	45	64	85	76	100	40	39	49	40	64	69	19	26	13	19	52	84	96	15	74	67	23	91	100	58	79	49	37	36	60	7	60	41	18	65	94	10	38	59	99	95	28	72	19	49	62	51	52	47	20	82	95	34	48	9	46	83	37	60	74	26	66	72	71	22	68	54	75	56	36	58	9	25	75	96	94	57	15	70	16	40	97	94	94	69	53	34	45	9	84	12	27	53	93	52	61	40	94	81	10	24	32	44	17	71	65	71	79	94	61	93	10	34	19	96	44	98	4	22	70	32	70	100	3	32	78	80	35	60	72	32	59	10	79	81	28	34	27	94	51	74	94	68	18	94	33	96	100	56	50	44	50	52	35	83	94	7	93	25	86	76	59	18	81	75	9	19	18	2	5	55	40	65	68	
77	84	92	14	31	60	2	60	53	82	54	45	28	74	1	82	26	11	58	88	65	55	2	92	19	50	8	53	87	90	58	84	71	6	5	87	26	9	13	73	81	14	76	35	74	78	51	69	89	83	93	43	73	40	69	20	72	1	15	20	91	21	76	56	27	13	22	26	56	57	39	67	80	21	59	57	7	65	41	57	35	63	74	65	5	68	77	57	45	96	28	23	2	45	95	78	34	53	7	23	58	23	68	76	74	100	39	20	89	61	95	17	73	1	26	78	97	46	51	29	39	2	85	91	75	7	93	28	3	5	62	28	78	1	62	71	79	37	23	15	19	29	66	4	97	60	16	56	6	86	28	47	50	86	9	57	58	71	6	98	25	64	19	47	37	25	12	37	70	5	85	14	90	28	47	31	32	60	12	92	9	12	14	99	15	32	87	30	82	68	2	17	10	54	7	37	52	33	50	48	
21	100	69	18	21	6	11	48	53	22	88	46	26	15	8	82	73	54	50	49	28	42	57	94	30	58	69	18	28	22	36	35	8	86	13	12	55	20	19	81	31	99	82	56	2	96	59	80	56	42	2	14	25	18	4	33	53	31	8	91	56	53	13	8	23	83	11	85	98	29	36	38	47	23	68	73	49	79	60	20	18	15	67	72	75	14	79	50	33	48	37	43	86	61	81	22	40	68	80	11	8	7	10	49	82	12	86	25	88	89	77	43	73	94	64	32	54	32	88	74	28	90	61	24	30	68	76	46	48	56	98	78	36	48	21	94	5	80	19	28	38	51	2	22	4	88	6	37	97	100	45	48	100	60	58	79	83	10	73	57	25	98	89	56	87	57	61	82	69	79	22	10	53	79	75	5	18	24	39	64	81	90	68	65	74	16	45	48	40	99	89	8	85	61	59	49	23	82	12	8	
62	11	68	68	56	80	100	15	30	42	22	81	12	84	37	17	3	3	9	43	12	20	98	75	50	44	41	22	63	6	81	25	4	24	73	53	53	91	52	14	99	37	43	41	43	76	95	72	18	29	13	94	8	21	94	42	48	23	81	60	99	99	83	65	5	98	46	90	70	9	4	82	96	72	27	62	91	37	69	47	23	53	62	96	35	77	16	35	92	34	49	83	47	56	33	70	83	99	37	26	51	67	70	19	40	98	10	68	59	4	21	5	63	94	70	58	9	15	89	53	70	86	95	98	23	8	61	25	15	64	13	11	41	43	60	67	52	60	34	22	77	16	69	83	68	53	29	22	38	58	27	98	30	65	92	54	97	18	65	22	23	80	96	46	23	89	50	11	38	64	96	77	44	52	30	18	75	37	63	29	27	71	72	64	91	13	55	25	36	32	6	46	98	54	96	17	17	7	10	4	
20	4	53	40	5	35	47	89	18	72	29	50	16	84	89	98	9	82	90	10	31	16	96	7	64	41	94	90	38	95	75	40	59	26	72	74	23	91	84	76	82	43	78	30	67	68	76	47	74	99	66	3	15	75	28	50	88	5	72	45	60	71	88	61	12	76	7	84	11	69	89	76	80	96	94	62	26	22	69	50	40	50	13	27	35	49	95	49	4	16	83	52	11	100	3	84	35	1	54	12	27	22	87	59	45	87	23	53	100	78	39	57	51	7	37	52	19	88	92	38	69	7	94	23	53	59	75	6	90	24	41	35	81	9	15	92	61	44	95	19	17	51	4	2	99	36	52	19	17	4	96	38	66	83	81	85	19	90	11	27	2	33	73	43	18	83	55	4	17	19	2	36	76	55	57	92	85	42	31	58	69	80	39	81	84	100	25	89	52	91	48	95	72	33	51	59	17	24	57	85	
44	48	29	1	15	100	28	11	82	51	77	30	71	54	32	42	27	50	31	54	69	86	32	21	32	31	38	98	61	73	72	51	13	53	46	90	15	44	96	35	56	41	30	71	1	47	35	70	43	50	38	82	15	72	46	8	58	82	74	30	87	22	29	48	40	57	89	1	38	75	83	77	100	35	11	87	18	3	9	96	45	65	29	75	89	76	12	20	84	24	88	97	84	69	70	28	84	21	92	57	100	49	44	96	88	90	45	51	14	52	31	7	13	19	51	8	45	36	31	67	31	72	73	69	44	43	8	33	90	53	39	29	41	41	88	24	5	77	86	14	95	97	87	32	63	7	92	66	55	83	65	18	6	59	60	3	83	72	26	29	35	5	75	77	16	39	87	54	40	49	21	35	30	49	83	52	43	32	70	83	3	84	53	51	15	51	5	55	94	8	93	48	19	13	7	16	36	30	3	75	
47	6	31	63	22	79	18	19	32	51	35	31	47	6	88	14	11	61	62	9	57	99	25	76	71	48	76	27	77	98	58	34	13	42	51	71	98	92	15	74	2	43	67	1	70	79	77	41	8	67	69	37	48	57	90	39	46	28	93	90	53	68	34	98	30	68	22	90	33	23	31	26	42	62	55	88	41	15	3	16	86	95	56	27	84	49	15	93	81	73	94	63	68	21	61	24	5	58	62	23	22	10	66	55	1	19	74	13	18	37	44	73	2	13	99	26	42	78	57	1	41	50	3	43	21	16	45	22	100	24	73	22	96	75	64	48	4	78	48	86	37	12	25	3	30	22	92	31	23	50	56	41	57	2	5	53	19	49	28	78	31	79	28	91	68	16	88	88	12	96	72	47	55	45	95	43	2	93	68	98	59	79	21	8	7	57	56	30	55	97	11	44	50	50	81	4	51	29	13	77	
1	22	100	46	74	52	42	28	85	28	49	28	44	88	90	62	40	6	89	12	41	47	50	38	11	8	58	11	75	49	8	36	30	61	1	94	81	36	74	78	96	76	68	47	79	27	42	58	100	10	42	5	53	2	2	39	88	58	92	45	2	13	28	31	23	50	75	55	81	32	62	43	46	39	54	41	13	94	23	29	86	7	37	62	47	76	15	18	23	68	96	15	61	66	94	78	37	30	17	77	1	99	8	5	3	9	97	10	42	96	76	38	56	24	34	7	65	71	92	23	60	91	89	67	85	22	43	55	2	82	72	79	22	76	70	51	88	61	55	53	81	26	41	87	16	93	30	51	99	86	86	8	40	52	78	45	21	37	91	1	28	74	38	91	81	23	38	41	73	34	35	6	15	52	100	51	52	78	59	94	79	62	51	30	77	54	60	40	31	28	25	35	39	30	49	10	62	24	60	41	
43	60	67	12	36	2	21	29	19	9	24	1	99	47	3	41	29	23	86	22	25	64	26	97	47	100	24	36	34	92	91	78	40	45	44	62	2	74	67	51	59	95	76	35	77	42	53	97	15	22	15	29	66	79	58	28	7	97	15	81	95	96	30	50	72	7	33	92	30	66	98	87	79	23	30	77	15	61	88	45	16	92	94	96	37	6	45	35	26	19	88	77	99	42	67	60	61	71	50	36	55	41	27	66	25	97	13	50	29	78	69	52	2	99	48	17	14	86	70	1	60	5	99	68	84	51	53	94	85	28	29	3	19	75	30	91	87	24	11	9	56	6	29	11	7	41	83	65	92	39	16	26	36	6	21	44	65	82	74	69	10	57	39	58	100	27	6	56	94	81	65	73	76	65	7	16	85	8	18	67	83	48	79	43	2	41	97	52	74	9	52	7	3	52	14	85	62	30	44	19	
75	20	87	38	27	25	95	25	90	92	33	100	59	59	1	29	62	58	57	43	41	66	47	7	14	17	96	29	59	92	37	41	77	91	12	82	79	77	23	69	80	72	47	70	41	58	97	21	1	78	96	22	94	23	54	32	96	72	15	80	87	89	17	27	38	73	96	54	58	3	50	25	17	10	74	11	30	100	81	72	56	23	26	9	88	7	85	57	34	79	41	57	83	21	21	29	43	92	39	68	16	74	31	74	51	23	94	70	59	55	30	30	1	64	89	96	43	60	88	77	53	64	65	54	1	69	82	24	47	43	10	86	26	40	3	12	87	46	9	92	81	41	85	90	65	45	40	11	9	98	4	71	6	98	100	89	39	89	36	90	64	41	90	92	67	34	6	94	76	85	5	2	87	4	40	61	50	23	60	24	72	18	60	4	7	57	51	97	38	71	62	83	18	43	42	20	94	33	42	98	
60	91	95	87	33	57	73	27	47	10	33	48	55	84	100	24	47	69	45	94	41	100	5	80	17	85	26	15	56	55	34	21	8	47	69	58	84	80	91	89	56	18	74	43	8	100	15	1	60	24	86	27	94	22	23	40	7	63	21	63	10	58	69	7	7	61	5	76	50	51	21	65	58	1	18	81	94	91	44	61	19	98	73	69	25	69	84	48	47	43	6	43	70	4	96	12	63	96	48	94	46	48	84	63	88	100	21	4	58	26	77	58	4	74	68	18	30	95	70	55	51	26	83	56	4	96	53	62	24	68	16	24	21	53	68	85	75	99	54	53	15	7	6	88	80	90	90	79	48	99	44	96	67	66	95	61	55	68	39	78	69	14	41	35	4	100	57	40	3	43	20	70	61	1	82	91	91	46	59	19	89	16	91	74	33	94	59	59	13	61	70	86	90	73	48	100	96	27	26	26	
100	56	52	92	6	67	39	11	79	100	68	48	9	35	83	7	68	45	33	17	6	40	14	22	96	86	22	14	86	90	31	41	51	49	89	66	56	84	100	83	42	29	99	50	67	10	22	78	24	25	36	89	91	76	93	32	11	88	39	24	28	93	47	99	13	65	29	55	9	67	36	79	21	75	75	26	51	72	82	41	15	70	14	60	19	74	96	26	7	47	97	67	35	3	69	12	100	52	11	25	70	99	51	38	29	100	39	33	76	31	80	43	63	26	68	93	42	44	94	13	29	82	75	71	46	92	15	89	67	63	19	25	100	94	16	3	11	47	54	40	23	25	2	29	53	92	3	6	27	20	5	56	58	55	89	73	65	20	71	9	33	61	5	81	39	28	85	53	81	15	59	89	23	17	17	18	100	68	43	21	9	11	48	35	42	4	10	24	25	18	84	35	17	12	41	86	71	80	8	26	
88	34	41	55	75	10	3	21	47	64	72	56	9	18	32	22	1	77	97	90	17	49	79	67	68	90	97	83	92	82	2	37	37	63	15	10	93	53	58	93	2	13	66	38	69	42	15	96	86	36	47	81	92	91	13	4	92	70	52	76	41	28	2	4	28	83	93	8	53	54	38	50	75	77	59	16	79	28	32	46	69	5	21	57	72	62	30	7	5	57	41	31	71	12	55	8	39	70	78	91	42	42	61	20	59	51	25	4	42	30	1	7	26	65	47	96	31	86	64	45	82	10	49	15	37	83	84	27	73	99	89	36	49	23	50	30	96	48	43	29	22	70	95	82	30	8	38	38	75	78	37	25	93	78	52	47	87	44	89	69	22	43	28	97	52	54	72	23	31	31	2	76	79	50	11	32	54	76	47	84	51	4	73	68	79	41	21	63	48	38	69	55	79	80	68	80	43	30	47	89	
33	38	70	61	25	26	16	89	63	81	85	10	99	47	23	28	54	8	37	63	25	89	76	77	78	57	88	72	21	93	65	72	86	45	94	27	85	83	79	43	14	94	3	82	37	5	29	22	27	89	81	55	35	36	64	70	20	87	84	76	12	70	16	63	53	89	23	28	29	37	64	60	8	90	57	1	29	74	3	73	8	4	33	90	31	81	77	57	85	51	64	94	83	47	48	83	30	10	89	52	96	82	25	93	48	84	17	85	48	94	43	1	91	17	76	45	7	27	57	30	98	93	35	15	52	42	32	36	38	81	7	100	19	46	53	79	38	14	52	4	60	93	8	94	21	3	69	13	42	52	79	49	65	7	35	13	18	53	97	54	6	35	1	77	63	24	50	26	56	54	25	16	6	69	29	43	35	17	94	91	79	11	45	83	24	62	78	6	4	71	68	70	21	14	58	20	18	25	66	66	
83	81	23	32	73	79	78	3	29	67	57	27	37	12	55	76	83	60	83	9	49	56	63	93	99	95	47	100	70	19	80	19	4	76	38	51	19	31	49	73	25	8	15	15	48	53	66	94	94	91	92	35	22	34	82	45	77	49	84	66	12	15	31	39	41	45	66	69	21	69	19	65	44	83	91	84	12	83	71	83	94	66	77	97	63	52	32	87	86	50	22	85	60	62	37	11	32	43	4	86	48	54	96	89	30	54	68	12	66	67	54	62	39	52	58	28	24	25	84	19	74	15	81	2	58	74	88	78	57	23	34	17	67	21	51	86	20	80	58	44	75	8	24	93	36	87	80	44	39	96	61	1	46	37	49	72	55	23	25	53	92	32	99	48	90	50	73	25	72	62	42	41	40	21	100	23	45	61	14	76	89	60	71	91	19	10	13	29	28	61	94	33	25	17	25	62	21	43	30	64	
97	68	24	98	21	38	27	51	98	11	15	26	32	50	75	78	48	58	76	69	53	68	52	4	97	18	99	76	63	56	14	30	50	52	60	5	70	63	37	40	18	21	75	72	57	2	79	23	22	76	91	36	34	59	11	86	78	37	56	72	42	78	16	83	97	33	32	45	34	54	5	35	74	27	47	94	60	4	34	3	81	38	24	77	13	69	1	29	17	70	88	73	33	89	84	35	79	4	64	94	20	76	23	54	61	77	51	29	51	20	17	68	37	83	83	100	86	9	24	64	12	7	77	18	76	87	63	10	73	27	40	84	23	24	54	44	36	15	25	9	12	28	1	17	76	88	32	84	55	44	59	37	9	17	78	74	47	3	87	26	37	65	100	75	36	7	79	99	30	52	39	47	48	29	36	50	45	11	62	83	25	59	8	14	75	41	3	29	19	19	48	9	82	13	28	87	100	90	64	60	
60	27	95	15	60	62	72	51	30	94	5	25	51	12	4	71	35	62	28	58	23	76	51	7	99	76	61	34	46	85	99	69	2	71	80	95	68	10	36	69	4	94	28	46	90	2	58	54	23	93	13	64	82	11	23	14	69	20	2	30	35	42	5	95	26	46	66	40	69	8	12	57	65	19	92	78	82	92	74	2	73	76	42	1	36	8	24	65	22	84	16	62	30	77	55	23	77	85	69	85	33	70	5	98	23	65	16	63	68	47	71	62	42	78	69	13	64	37	81	85	78	81	12	75	80	71	61	92	93	87	7	42	53	72	90	78	56	95	66	99	19	88	49	13	33	75	62	48	48	18	26	44	58	51	27	80	66	77	86	62	38	98	80	71	54	24	91	19	56	51	60	5	97	8	97	11	19	63	63	67	73	88	29	87	90	36	31	33	76	44	78	77	21	31	13	68	74	60	90	100	
94	86	48	71	75	48	8	2	17	61	67	96	33	59	77	20	21	57	9	63	88	91	94	5	37	16	29	80	97	44	65	13	13	48	9	1	67	92	60	20	33	42	50	8	39	39	28	32	40	32	4	70	45	86	14	40	49	69	23	14	18	48	4	77	61	68	55	83	81	78	94	27	21	54	38	57	14	12	67	35	100	39	69	53	72	52	18	6	19	42	20	16	81	21	23	31	12	13	97	34	68	71	86	23	48	16	32	67	74	80	35	17	80	9	75	84	42	60	69	59	72	52	79	35	55	93	45	94	82	25	7	52	50	32	88	17	25	57	47	1	50	10	29	95	54	10	63	98	80	10	64	71	9	44	63	76	55	30	65	42	21	28	98	27	11	29	80	20	13	80	7	92	62	82	55	27	15	75	79	37	58	98	15	68	36	5	22	38	17	38	16	64	33	96	7	47	37	75	25	90	
49	91	72	17	64	65	89	38	67	82	16	58	2	99	51	82	52	55	20	72	22	64	1	12	31	62	17	7	40	15	88	26	14	39	36	65	17	53	7	72	53	48	88	58	46	88	7	96	7	11	92	20	77	78	69	49	88	91	52	10	6	96	54	97	49	5	16	55	87	32	14	63	17	74	37	16	95	59	35	84	19	61	74	84	28	45	17	13	50	49	41	34	29	46	30	4	42	11	74	89	78	1	99	20	20	70	37	60	84	90	28	11	41	2	30	3	12	79	64	96	83	81	83	40	68	13	97	26	86	13	78	82	65	9	26	61	69	63	30	73	6	94	87	65	9	49	66	36	60	39	39	44	31	21	56	98	47	59	33	96	96	5	72	57	57	19	75	70	79	10	37	89	47	47	74	81	14	79	26	73	5	8	33	58	73	26	48	26	15	31	82	88	71	64	31	1	20	7	6	80	
6	36	5	57	11	94	9	93	33	37	98	50	74	19	32	31	4	20	53	37	64	94	57	78	66	45	32	24	16	19	31	4	46	42	84	83	8	29	60	1	31	23	5	82	28	58	97	72	63	88	70	87	49	37	20	69	91	7	88	24	3	47	43	85	97	51	29	72	74	100	81	21	39	62	32	86	78	3	28	94	65	51	7	66	33	36	61	35	67	91	28	56	1	3	89	89	26	41	14	14	45	90	7	52	23	70	96	4	64	15	48	62	6	31	18	90	91	32	22	56	42	16	82	11	88	64	13	76	72	46	52	68	61	16	97	82	55	54	29	10	73	22	46	36	12	82	30	64	87	10	12	40	56	35	43	73	14	57	66	9	99	30	9	35	35	70	44	66	31	23	53	48	28	83	27	15	77	44	83	2	58	36	50	32	67	88	29	35	40	74	43	42	47	41	70	23	2	78	52	22	
91	30	27	69	70	86	47	26	5	60	39	33	55	48	37	66	32	25	4	39	57	93	100	72	12	77	64	91	14	29	70	66	63	28	34	67	4	7	41	15	8	81	72	74	93	92	15	15	21	39	52	84	84	56	2	23	52	88	28	2	97	97	86	95	9	68	51	77	79	40	58	88	4	100	87	20	100	1	55	12	48	31	83	63	28	25	66	9	13	54	7	15	89	93	94	54	7	10	11	51	20	70	100	81	35	40	11	15	6	52	45	19	40	46	8	93	46	17	79	35	29	26	35	5	85	61	69	6	13	31	52	81	40	17	40	33	26	18	49	53	67	1	14	94	74	36	75	76	71	32	68	88	97	35	92	69	74	17	15	65	45	38	69	41	41	25	78	86	85	84	47	44	8	58	25	25	1	38	76	61	44	73	72	19	66	72	8	35	94	59	76	57	76	26	66	86	86	44	30	77	
91	17	55	36	45	92	12	60	19	80	11	99	27	82	83	54	13	69	53	86	37	97	52	79	60	99	39	80	77	40	28	4	12	64	9	91	10	84	18	20	91	60	45	30	90	45	81	80	63	24	76	76	66	72	30	14	10	24	2	48	86	20	51	22	6	32	84	99	15	78	50	87	52	9	100	54	43	67	27	82	48	58	6	18	99	11	82	100	83	87	71	67	31	82	34	21	52	92	52	39	9	24	92	64	85	55	29	52	63	98	19	9	60	41	30	59	77	22	99	48	42	61	73	59	7	61	6	30	55	47	44	57	9	90	66	15	73	87	6	15	15	87	75	89	37	6	6	16	81	58	15	50	64	27	71	80	83	7	79	76	77	28	63	86	87	42	27	5	63	73	48	60	53	11	46	16	6	77	68	85	57	29	65	36	16	58	73	41	67	55	32	15	99	9	3	55	14	4	100	85	
100	97	44	6	52	12	57	28	7	12	74	21	12	93	1	66	92	62	56	17	7	85	92	76	15	63	100	44	31	22	49	92	33	49	79	45	35	41	65	91	56	99	60	87	53	2	95	87	10	28	41	12	12	42	35	18	6	3	97	86	14	23	52	72	24	75	75	98	11	20	28	96	52	34	18	66	66	57	16	7	57	91	75	79	3	73	9	4	8	98	43	9	68	95	99	12	82	62	40	96	32	12	13	60	92	62	10	11	87	42	59	28	53	98	7	73	20	58	26	71	65	26	55	88	74	42	31	99	42	71	2	30	11	60	22	43	54	26	12	91	45	1	50	59	50	44	62	58	49	18	34	10	92	35	7	51	8	8	55	78	94	93	56	100	96	45	97	97	54	52	97	20	46	29	20	14	5	42	91	32	34	90	58	52	90	53	61	5	15	57	67	49	50	56	68	62	52	23	22	42	
28	65	66	99	79	66	23	82	73	91	34	95	39	11	79	14	40	51	44	18	9	49	30	3	19	93	23	99	100	33	19	63	97	90	33	76	47	97	94	21	53	99	71	22	68	13	96	89	58	93	28	70	15	78	42	48	96	47	97	20	23	69	87	8	7	78	74	69	22	30	81	44	88	66	70	100	78	6	82	59	84	42	77	69	57	52	39	32	32	61	55	58	9	87	28	58	70	16	81	19	95	6	40	100	82	64	98	55	58	53	27	93	11	17	94	76	30	25	90	85	53	4	50	59	1	88	16	88	26	49	68	5	24	67	57	87	52	16	50	82	95	63	89	48	27	38	43	38	10	34	21	59	87	96	69	28	14	69	12	68	64	50	95	29	45	48	68	5	89	11	59	4	100	32	29	36	60	3	80	63	23	14	64	44	62	45	9	45	48	47	56	3	13	11	62	71	53	5	96	100	
44	86	91	20	26	37	31	56	62	40	66	89	82	64	69	25	74	51	13	56	2	85	94	88	27	47	56	98	55	12	93	8	79	73	15	82	25	14	10	76	13	83	88	29	34	28	30	17	69	47	2	16	31	16	5	4	54	43	86	51	52	87	78	15	7	3	53	49	93	41	90	68	68	41	48	36	25	84	95	71	30	43	96	64	36	68	82	39	43	22	20	27	62	26	87	9	11	27	71	98	10	59	53	11	62	68	60	50	12	19	22	73	58	65	43	60	93	65	8	23	88	54	75	94	53	94	19	3	82	50	40	41	68	69	72	13	77	26	43	33	59	93	99	50	37	72	90	23	30	58	47	18	69	42	85	11	10	62	61	65	54	22	59	97	78	11	11	48	79	64	73	92	100	91	34	19	62	53	62	87	2	2	51	13	78	79	46	82	51	58	18	53	2	2	11	32	82	8	27	70	
35	92	63	30	9	68	5	65	98	72	30	64	15	38	75	6	5	53	7	84	48	35	36	62	19	7	59	57	19	71	73	43	25	81	99	7	68	72	38	56	8	65	61	48	98	31	50	27	7	99	4	63	39	83	95	77	97	85	95	22	72	8	15	79	40	33	98	47	19	40	28	99	29	37	36	22	92	1	39	95	88	81	7	36	27	78	55	38	41	86	38	62	73	13	18	97	27	29	62	100	15	95	14	27	77	26	55	86	33	87	58	63	75	14	24	8	32	3	79	14	72	7	74	15	37	92	46	24	27	97	49	12	13	86	18	72	85	48	77	5	95	95	49	79	65	10	22	63	40	100	84	56	30	88	18	84	10	37	94	69	66	73	18	86	79	1	46	79	70	12	63	97	56	44	45	92	97	82	1	57	38	22	54	65	34	56	14	93	19	89	89	65	29	60	64	90	32	12	86	65	
79	73	11	45	44	1	18	76	38	95	3	30	21	76	4	61	43	59	82	39	75	74	40	36	81	14	86	14	64	55	81	32	46	54	15	90	1	3	59	27	23	5	12	40	30	23	72	38	7	13	28	53	41	97	26	61	49	97	9	6	24	7	7	40	66	27	29	44	27	53	40	73	60	21	68	29	24	35	91	93	84	31	55	10	21	60	26	100	11	98	71	28	99	54	38	35	2	15	21	33	40	55	68	77	87	16	99	18	41	50	84	28	24	26	7	97	20	8	62	69	41	70	16	96	48	91	10	51	67	45	43	7	51	59	98	91	27	4	5	72	43	41	18	84	29	100	9	65	30	46	5	29	56	34	50	52	15	67	50	73	98	68	96	81	79	86	52	23	81	100	44	100	37	47	72	26	8	25	72	53	10	62	64	28	27	100	55	4	39	33	19	75	35	23	76	56	9	87	46	59	
46	34	97	42	79	32	17	57	18	26	22	5	60	45	47	21	60	97	5	25	29	67	8	74	30	100	18	27	94	64	56	61	36	22	28	59	55	44	99	13	83	98	76	57	68	50	7	73	61	65	83	89	45	33	46	68	5	51	68	32	75	78	3	33	27	39	91	100	16	20	16	33	5	58	1	54	16	91	70	68	22	86	7	23	37	28	12	26	72	21	78	63	18	45	81	49	40	55	61	2	87	52	51	86	75	65	56	98	77	99	33	88	48	69	72	96	44	91	57	77	47	99	10	96	39	94	82	71	8	5	59	67	87	94	32	74	16	94	13	60	1	6	57	19	58	58	78	10	77	16	99	26	23	4	91	21	18	44	47	40	36	78	55	37	67	90	17	56	42	65	69	39	48	32	98	95	95	67	66	27	92	63	93	39	80	26	59	31	52	12	85	59	42	60	76	67	69	60	2	47	
9	51	77	32	36	5	89	53	78	93	38	80	59	13	64	69	67	82	53	23	88	12	9	99	36	29	21	18	50	52	15	50	25	17	6	17	40	58	95	22	11	46	7	89	22	75	33	96	5	29	93	23	66	32	66	55	16	29	51	84	75	74	53	98	29	91	60	51	34	63	4	37	10	68	51	39	17	90	46	6	23	65	40	46	66	21	30	64	95	40	75	42	41	67	86	81	45	9	12	67	14	83	47	6	63	78	85	82	75	59	40	90	50	79	70	71	49	31	30	1	42	33	85	9	28	51	64	60	63	49	60	82	37	23	99	51	43	45	55	3	92	28	15	11	34	46	61	74	78	46	56	39	62	18	90	69	94	41	26	52	17	77	87	65	7	5	15	21	83	86	1	59	61	34	33	92	89	69	94	91	42	47	43	40	55	48	80	31	56	61	27	80	99	93	92	47	49	54	80	60	
25	85	42	38	13	46	97	35	46	79	56	55	42	43	28	85	70	7	3	9	60	25	90	46	43	48	32	75	62	92	78	30	32	34	42	29	93	39	28	26	85	90	84	1	90	55	92	54	76	55	8	28	69	45	40	83	55	72	77	99	98	69	49	47	44	100	51	54	61	88	32	32	35	5	64	100	59	40	70	94	15	87	62	25	81	42	25	76	79	68	61	88	40	9	47	13	29	31	51	83	59	49	8	38	11	55	94	93	73	95	22	57	72	75	67	64	99	91	70	16	65	9	7	90	1	66	84	83	12	97	64	39	2	10	5	33	23	96	2	48	41	30	82	91	56	100	44	8	29	82	75	13	88	94	56	9	100	21	87	97	18	17	68	36	100	96	40	16	47	41	45	34	39	11	90	36	11	60	37	76	93	25	95	39	42	41	54	53	93	75	43	35	68	34	14	7	40	68	41	16	
70	37	90	66	17	50	54	83	41	15	21	10	73	29	52	30	8	30	1	26	14	65	17	67	62	68	74	81	54	16	97	62	74	76	97	46	22	16	72	56	98	70	11	38	33	81	30	58	50	9	53	29	21	34	69	81	87	74	79	15	11	22	93	19	27	16	34	61	29	84	14	36	52	44	8	64	54	8	20	25	3	10	58	75	85	72	11	37	14	93	100	97	4	34	99	10	90	60	21	59	33	9	57	8	79	13	67	62	88	90	39	40	23	18	56	91	99	3	13	59	6	55	36	92	42	13	31	59	74	91	62	43	56	90	28	27	40	11	51	64	28	47	12	99	88	64	61	17	37	12	34	38	54	84	77	62	96	72	54	19	63	44	81	93	53	40	10	6	25	82	10	69	25	91	66	14	69	97	41	11	77	70	53	33	34	40	58	27	4	32	59	59	23	95	12	3	17	33	97	74	
19	62	11	91	36	35	9	97	65	99	93	64	62	86	84	68	88	68	66	87	10	41	80	24	85	79	92	32	11	88	56	72	5	4	68	91	74	12	19	57	29	9	69	75	23	32	66	3	51	67	54	37	69	54	8	78	32	100	40	78	20	30	41	40	53	20	63	88	84	35	7	70	75	5	39	22	34	33	25	75	13	54	48	39	80	48	81	49	69	66	58	56	98	48	69	41	89	90	9	23	44	2	85	83	56	88	69	22	23	39	51	64	26	60	66	37	4	82	91	81	37	10	76	32	78	61	18	17	60	64	97	68	31	90	4	7	80	63	19	77	13	56	61	69	68	96	91	81	35	63	76	71	7	93	97	3	11	1	61	97	3	53	89	53	58	15	47	21	85	38	26	80	93	96	14	87	98	29	77	78	65	63	12	28	79	43	7	40	87	77	23	2	82	84	3	41	70	17	77	65	
2	14	60	96	77	99	65	98	68	51	24	76	31	87	40	75	89	50	23	58	99	5	9	67	82	88	62	48	25	57	28	12	46	76	63	36	84	95	49	39	36	4	89	83	31	62	98	50	21	36	38	64	19	5	12	94	14	81	58	50	28	81	90	28	40	16	4	32	14	7	53	91	75	66	24	71	80	70	96	53	86	42	90	78	82	42	16	28	74	85	100	20	50	62	46	91	83	31	21	71	47	83	13	10	49	58	61	2	40	39	59	35	26	56	21	11	86	36	19	42	86	85	58	21	36	17	33	6	34	14	95	62	91	66	11	49	100	94	29	36	47	6	47	1	5	80	67	81	25	20	36	88	50	90	99	47	69	77	69	58	79	48	32	17	21	53	35	65	36	89	24	19	7	76	82	42	8	78	71	88	68	16	70	93	81	9	86	6	89	62	96	9	28	73	95	59	19	88	21	4	
16	5	69	38	93	80	41	45	27	52	81	31	41	27	13	23	83	76	2	96	72	46	84	15	90	87	49	28	26	51	93	83	71	34	13	50	39	60	62	67	38	82	76	77	26	43	87	25	65	79	50	60	65	35	57	27	63	21	88	87	96	44	68	99	73	33	37	32	36	70	91	64	83	62	6	100	20	26	39	96	40	45	16	46	72	7	63	73	16	6	15	91	27	26	94	12	18	17	94	2	61	82	95	27	40	3	25	8	1	42	26	64	71	24	43	20	63	79	77	24	83	70	90	26	46	2	77	67	11	6	53	9	78	24	13	55	85	92	38	7	75	80	8	94	65	60	55	22	14	28	100	36	96	79	97	42	43	39	40	48	25	35	63	44	93	39	43	14	94	100	59	3	72	99	50	72	72	61	40	80	74	29	9	93	95	55	95	78	69	59	47	76	84	54	7	89	36	6	56	1	
36	22	26	91	63	60	3	44	29	3	16	50	29	24	87	66	71	44	6	24	65	11	78	86	9	98	63	37	1	73	45	27	65	93	70	86	54	23	51	80	47	96	80	100	42	46	79	17	58	21	75	8	44	74	65	21	17	39	4	52	52	88	68	29	60	5	10	35	52	75	75	83	82	100	54	38	82	51	8	43	18	98	1	26	60	48	22	61	30	90	18	22	38	1	85	21	36	78	91	81	41	44	55	73	10	79	84	30	77	5	5	84	13	57	71	43	12	16	28	10	92	29	56	5	54	95	19	100	52	33	6	91	88	86	15	71	26	79	58	29	37	75	94	19	55	86	45	66	52	45	28	14	62	51	99	77	18	99	41	37	7	68	81	24	8	91	24	94	46	83	52	88	60	63	33	30	39	52	31	14	67	41	9	84	22	33	83	43	5	88	64	37	84	92	44	43	59	53	24	6	
88	69	23	37	82	23	43	52	69	32	12	38	97	27	12	3	44	49	94	98	50	61	66	7	53	42	65	99	72	55	23	68	31	70	50	1	30	45	52	21	23	72	96	35	62	39	23	10	1	75	77	90	83	27	19	54	74	62	100	9	34	66	41	37	21	58	68	5	44	5	66	62	100	75	56	61	35	33	43	22	85	80	52	71	32	81	6	56	44	89	14	10	6	73	73	21	73	99	46	51	15	87	37	5	38	71	6	91	28	45	7	27	26	8	85	95	41	91	81	47	68	94	100	55	9	80	100	93	15	62	68	40	84	78	69	97	99	27	24	15	49	92	25	98	24	35	73	38	27	53	88	73	38	77	99	13	4	39	98	30	42	85	30	99	76	36	53	73	1	56	17	1	5	84	28	25	78	49	96	2	100	75	60	67	86	95	79	21	97	36	65	61	87	87	31	71	82	38	39	28	
87	30	62	53	90	25	53	94	43	48	62	30	26	90	9	8	33	49	61	24	20	89	99	16	83	89	61	7	85	15	97	63	72	30	57	44	25	100	47	59	68	27	94	11	55	54	30	74	18	75	59	57	91	47	92	38	37	32	87	100	18	70	48	36	68	1	51	64	8	39	24	6	54	56	99	30	51	28	73	16	17	11	54	94	81	46	3	85	30	88	35	71	96	95	35	95	38	18	67	82	69	35	47	65	98	42	15	8	99	32	84	62	77	34	13	60	90	28	85	72	85	100	26	15	28	30	78	42	27	11	77	56	13	79	33	32	49	57	42	38	5	8	91	15	11	16	73	65	46	50	52	20	3	67	39	64	80	18	37	30	68	67	70	17	7	44	62	60	93	19	96	9	7	62	65	4	41	63	90	95	89	66	58	88	27	27	32	12	87	66	37	45	75	69	50	35	50	86	78	38	
79	64	74	11	44	6	47	68	6	18	25	100	54	19	38	8	53	38	93	66	56	16	37	93	64	23	88	37	57	29	58	42	1	3	53	97	69	49	20	57	73	62	62	87	88	41	77	11	81	26	16	1	84	94	78	57	16	86	20	54	66	100	36	22	29	54	39	100	64	22	71	100	38	61	30	96	6	21	33	95	48	20	86	54	62	38	24	41	83	48	17	50	84	23	84	15	78	43	10	91	62	10	6	32	24	100	29	26	89	1	33	83	7	54	97	97	22	76	38	79	94	50	12	74	86	6	21	89	72	19	39	89	75	22	3	96	60	65	30	43	62	13	65	1	96	66	69	79	42	55	32	95	92	74	41	68	52	27	21	32	35	8	72	33	71	74	66	22	34	28	2	88	77	20	84	70	13	89	85	85	18	40	99	64	89	84	68	38	88	75	18	75	62	32	61	71	4	48	73	80	
52	4	37	60	98	92	75	3	40	23	64	91	34	84	56	19	61	24	69	85	82	44	48	49	86	10	44	51	67	53	74	32	93	38	87	49	99	58	82	7	49	91	26	18	41	13	15	30	94	51	79	29	12	60	82	14	95	78	100	43	66	78	25	92	24	16	17	59	54	34	80	20	82	35	51	6	52	40	72	41	43	2	10	29	28	83	11	34	15	5	72	60	79	90	44	4	68	60	57	21	79	87	38	62	19	45	100	69	80	3	22	82	19	49	64	15	26	87	25	6	12	15	53	73	70	8	23	33	10	3	35	18	30	82	93	100	70	45	7	4	51	20	92	22	39	7	29	8	2	55	98	92	98	49	12	43	10	71	82	78	84	70	64	14	18	4	99	91	40	17	19	71	83	18	43	40	17	99	100	37	86	10	32	25	4	29	91	34	79	34	59	70	16	36	10	63	64	45	75	44	
9	99	70	98	21	53	47	96	83	99	93	5	34	90	56	72	18	24	32	18	33	76	99	3	67	81	99	64	37	65	80	87	30	27	16	98	58	51	95	65	79	37	22	3	15	94	61	100	91	72	28	74	83	4	92	12	59	3	1	67	57	6	84	1	35	91	90	40	8	33	70	26	51	33	28	21	40	43	77	44	88	35	25	9	41	58	12	8	1	41	56	59	40	15	51	56	72	86	73	14	33	100	51	27	56	61	49	17	60	34	93	41	79	9	66	63	31	35	48	8	44	46	57	40	8	6	6	50	69	18	41	17	53	100	26	26	21	83	51	7	48	31	36	51	33	3	81	77	3	43	53	38	11	95	34	26	67	98	40	72	51	15	60	58	56	22	95	7	67	13	97	28	16	89	53	77	45	54	17	94	66	59	54	45	90	15	71	38	47	35	27	39	68	83	40	47	39	79	35	61	
2	48	20	57	15	82	27	69	33	19	80	74	19	8	45	25	52	70	82	87	78	76	81	89	30	82	82	12	29	26	57	98	29	38	15	6	38	76	34	41	60	69	69	9	3	23	88	81	44	82	32	3	71	34	74	67	35	28	55	27	16	82	95	39	91	70	46	70	20	25	96	39	8	43	73	33	72	77	65	42	56	15	36	16	20	36	88	33	77	13	54	8	55	34	49	63	99	53	34	10	45	64	51	86	70	19	67	51	69	50	62	21	72	47	27	5	45	76	54	95	69	7	93	91	63	54	97	69	83	57	33	95	53	46	80	84	47	43	47	58	37	52	71	39	64	45	13	55	33	73	24	85	100	86	48	5	69	52	16	21	15	97	86	33	26	29	58	66	69	20	6	13	1	23	12	50	72	39	62	4	13	19	71	76	30	52	43	10	82	43	46	54	35	8	24	20	80	75	65	36	
98	65	50	71	1	97	29	82	9	45	26	27	48	65	20	84	10	68	37	64	9	13	73	95	38	75	88	49	44	94	11	14	85	32	41	35	93	98	48	57	20	47	50	96	16	29	45	72	61	41	46	73	83	3	2	35	84	94	12	82	7	59	71	95	93	68	6	94	25	75	53	96	43	22	16	95	41	44	42	42	79	73	80	78	52	86	39	82	88	87	4	10	76	46	46	72	83	2	9	7	35	85	70	2	12	53	70	27	52	68	66	53	96	97	92	67	48	56	22	16	25	51	92	33	19	1	31	88	10	27	71	100	20	7	95	88	44	92	99	19	89	22	37	88	80	87	46	57	96	10	68	64	39	10	57	73	73	53	95	81	71	100	42	84	4	41	42	26	22	12	50	92	97	64	83	34	49	64	57	13	26	52	94	19	61	53	41	5	37	51	3	2	98	28	93	45	40	25	95	97	
67	28	24	50	21	13	100	33	42	40	75	73	7	66	74	39	66	33	50	49	73	17	4	16	76	48	11	1	27	1	8	25	81	9	2	29	70	69	9	35	18	23	40	45	86	86	16	56	19	15	69	8	94	81	73	100	19	65	48	48	57	84	30	88	84	22	23	15	3	13	86	40	18	85	17	48	43	88	56	79	24	24	1	32	6	65	5	67	39	23	5	59	47	99	72	44	83	73	77	89	40	31	76	14	26	49	97	55	86	2	86	77	4	29	68	6	81	85	31	48	64	14	79	86	42	41	61	81	75	40	65	28	64	88	94	95	73	60	54	26	11	95	89	99	23	82	33	57	1	27	41	7	7	47	80	81	54	93	12	69	19	58	56	55	79	18	12	81	54	88	86	70	76	53	4	20	23	78	31	3	76	64	63	20	16	57	18	56	72	19	36	86	74	39	44	83	20	27	1	96	
55	79	99	51	84	40	6	13	21	44	37	51	36	7	20	79	10	78	32	41	5	38	34	35	47	66	84	18	66	57	68	53	32	8	10	68	2	52	46	63	15	53	50	65	95	7	92	23	98	70	5	4	66	38	76	39	61	51	31	58	91	42	43	81	31	86	65	87	10	54	42	45	98	80	11	20	2	35	15	73	24	31	2	58	61	97	47	35	7	56	6	11	15	42	100	83	62	47	96	69	44	1	70	66	85	4	78	100	42	17	1	40	95	32	27	84	80	95	86	65	33	60	40	32	45	59	71	91	76	45	75	7	20	41	2	29	53	26	69	79	44	85	76	42	11	31	79	24	59	30	49	37	63	55	32	17	97	66	57	3	67	52	54	82	100	17	18	86	19	79	70	86	2	51	13	40	25	79	45	7	9	36	90	32	2	4	4	97	100	2	86	4	90	8	83	27	60	41	14	8	
98	61	16	94	84	14	95	12	2	46	3	83	67	12	29	96	59	15	77	97	34	16	43	42	93	23	76	51	7	83	22	25	32	91	93	59	25	35	83	74	67	62	13	29	56	37	94	26	73	14	21	33	77	24	42	69	74	7	83	6	75	77	96	7	55	7	40	62	58	48	90	16	1	52	54	86	10	25	36	80	1	2	59	15	77	94	6	39	52	5	86	73	41	99	80	16	23	10	49	18	42	46	23	20	47	29	3	47	83	49	49	69	22	74	44	42	49	44	84	44	10	42	58	45	76	88	13	20	74	80	68	55	73	73	12	73	6	75	36	37	93	27	51	4	78	59	71	14	49	61	71	100	79	82	74	68	37	22	23	46	41	28	57	91	31	53	27	71	59	13	28	14	73	62	46	61	62	36	46	24	64	81	52	79	95	80	38	97	38	48	82	1	61	27	15	4	28	74	30	1	
99	22	80	30	61	1	67	39	24	76	40	93	62	49	79	53	46	1	78	93	56	21	22	21	56	52	6	34	44	83	57	61	75	4	85	62	89	34	37	65	72	96	27	75	27	62	96	9	69	60	57	90	97	77	1	53	84	66	63	18	79	69	64	36	10	23	46	25	75	39	78	46	26	71	94	54	29	9	16	78	32	58	15	26	84	36	45	72	46	44	11	55	38	98	95	56	50	21	22	3	69	27	80	26	63	62	61	62	94	25	32	94	86	9	60	12	26	23	55	46	52	2	37	31	96	39	21	26	20	85	24	86	5	45	8	10	73	46	30	30	83	17	22	92	42	76	53	31	90	43	44	22	72	37	91	97	81	13	49	97	72	45	13	90	57	84	4	61	14	52	5	2	83	65	97	82	29	61	17	8	68	20	27	17	41	56	68	52	21	17	67	57	89	30	51	4	58	54	71	99	
84	84	73	39	23	71	37	74	61	9	82	31	41	78	12	78	7	98	62	85	19	83	76	17	20	69	98	78	98	25	75	55	34	7	33	34	42	19	60	5	75	35	35	89	84	47	37	88	25	19	72	31	63	13	36	72	28	33	28	99	3	57	36	27	21	37	66	81	85	80	82	72	60	32	81	62	28	41	20	52	6	61	77	84	38	98	26	23	74	55	21	59	30	80	94	49	12	88	60	89	32	44	95	65	8	34	76	94	36	23	89	22	10	90	72	32	71	18	46	73	99	53	12	17	81	8	85	68	28	56	76	93	81	58	63	96	50	89	46	72	38	37	47	32	40	73	86	70	15	94	83	40	72	35	57	83	3	10	37	82	63	78	71	3	41	68	77	7	73	93	56	79	27	80	58	90	85	40	11	43	24	11	97	100	82	79	19	19	39	70	58	72	41	9	49	96	91	62	27	53	
100	56	84	89	39	45	80	24	17	33	23	44	92	33	67	67	9	38	38	35	12	76	19	39	36	55	69	64	20	91	65	60	95	54	26	35	47	67	74	68	14	77	49	76	49	76	6	7	69	74	62	81	52	69	8	52	45	36	25	11	73	52	68	78	60	28	21	42	72	48	42	7	48	81	46	38	83	58	36	86	65	97	94	36	98	57	67	15	36	78	93	59	41	77	1	56	26	5	69	87	67	61	5	57	37	28	83	93	71	46	78	23	88	31	22	84	8	36	46	54	68	38	12	67	65	54	59	71	82	41	13	9	47	89	26	32	43	27	98	57	94	72	23	96	19	30	14	62	73	64	34	38	42	85	66	74	48	28	56	53	92	86	81	89	39	56	19	24	7	59	55	99	67	66	42	76	89	100	98	10	74	20	78	36	97	94	42	43	72	50	22	53	45	34	88	94	30	8	52	70	
12	20	5	14	8	58	23	84	20	44	9	3	18	67	90	37	20	20	56	63	75	3	51	29	51	39	97	53	13	56	91	44	21	13	69	12	33	16	26	77	79	16	95	12	15	15	45	85	84	96	30	77	32	1	24	18	17	61	66	82	9	39	82	55	26	12	30	25	11	81	16	63	22	6	3	24	11	12	88	39	5	47	6	45	26	67	70	65	85	86	83	27	62	91	69	77	66	2	52	77	23	66	68	48	25	58	97	12	49	6	29	49	60	16	40	18	65	42	33	69	28	94	74	58	32	74	57	29	10	36	15	34	90	56	27	80	47	43	61	70	78	36	32	94	24	47	88	19	15	95	56	28	69	45	75	38	29	73	59	31	64	94	33	76	78	64	17	40	62	58	77	25	53	85	77	25	36	21	97	27	25	14	72	17	39	12	88	60	79	88	52	66	98	91	92	50	31	43	5	6	
79	38	91	63	78	32	2	63	13	44	36	49	16	96	47	13	94	52	39	70	18	32	70	15	53	7	12	93	53	6	45	81	11	63	90	32	45	59	66	57	50	35	49	20	93	18	35	57	48	26	7	57	87	29	65	6	13	35	9	100	4	32	39	38	100	26	64	76	37	49	28	73	61	56	85	41	34	8	33	82	67	35	39	72	23	15	65	80	90	18	69	83	2	68	24	71	63	52	10	85	74	2	24	76	26	45	27	66	65	91	80	12	49	45	7	63	22	14	21	95	65	11	9	20	91	93	30	8	33	94	69	84	58	3	71	10	96	74	8	29	77	3	14	26	6	13	80	19	30	46	7	80	31	40	7	64	25	80	38	50	74	74	21	83	3	76	45	9	65	59	98	58	52	68	19	86	59	78	18	72	17	38	94	36	19	47	37	70	6	18	5	22	63	82	76	70	32	59	94	18	
32	74	71	98	16	83	98	2	45	51	97	99	10	36	28	51	8	41	90	77	50	85	23	5	30	51	68	62	25	97	1	17	50	58	78	75	44	38	72	45	33	92	4	84	81	23	26	34	47	7	5	85	86	17	22	19	50	67	13	83	8	32	43	41	11	72	95	79	14	69	74	16	30	44	30	83	15	1	77	88	39	7	52	46	74	36	85	90	82	1	27	27	75	14	84	11	85	33	66	59	79	80	63	68	25	66	97	85	41	64	18	70	10	25	42	6	59	12	15	65	29	76	55	92	33	82	44	36	43	71	80	65	54	66	37	39	6	57	27	67	16	96	26	31	10	26	82	69	40	55	11	83	79	55	32	67	100	66	56	16	33	58	91	88	24	11	6	83	99	14	34	35	19	32	30	55	73	90	51	62	38	65	37	4	87	62	49	28	95	96	32	46	46	11	36	94	40	10	5	4	
97	19	65	57	98	10	83	88	22	15	72	57	4	36	24	28	64	66	88	7	32	21	11	18	38	69	52	32	17	11	12	44	30	91	34	60	94	41	71	96	48	34	16	24	73	68	19	79	43	47	57	51	50	70	84	42	49	91	54	87	98	61	22	86	98	21	40	68	93	66	85	6	90	89	88	48	5	41	13	87	23	56	5	44	55	78	86	18	1	8	14	47	58	93	61	37	28	63	11	84	68	46	18	27	14	91	86	10	40	42	26	18	76	43	98	95	43	16	77	21	65	29	46	23	40	65	85	100	92	97	13	97	26	25	84	44	30	43	91	73	94	67	22	70	84	26	88	27	58	88	18	51	29	82	53	69	72	74	39	46	30	23	62	44	68	72	98	29	26	66	14	88	9	89	84	3	28	49	33	31	72	50	7	44	46	35	6	11	62	63	65	14	77	2	55	17	73	23	8	32	
7	8	17	72	98	8	94	83	63	35	58	38	81	31	44	22	79	5	69	100	18	16	57	95	41	81	22	55	30	20	99	46	59	9	50	57	52	8	22	28	37	49	83	88	94	96	88	41	6	97	41	64	22	88	16	20	41	28	7	71	43	55	20	38	71	78	75	61	100	58	100	15	18	14	35	17	72	56	54	4	5	6	86	11	21	93	83	69	27	14	92	39	31	70	99	7	12	46	75	83	59	74	3	98	83	1	97	28	58	78	21	60	52	7	29	22	69	88	67	28	64	91	56	98	45	78	14	33	73	83	1	90	77	61	67	78	44	60	90	79	3	86	73	33	87	23	4	58	83	75	48	4	19	68	92	96	83	69	23	96	76	93	94	8	74	18	67	43	78	47	39	83	40	14	4	62	55	84	27	94	70	52	63	52	95	80	14	21	75	5	96	95	13	57	39	26	77	2	23	99	
2	85	81	45	15	77	13	62	100	72	92	41	29	67	85	86	99	41	44	54	20	64	72	20	69	72	73	98	4	10	33	37	90	15	12	80	40	24	68	23	43	83	52	97	63	15	77	57	43	67	31	94	85	73	62	16	34	56	15	67	9	58	27	62	28	63	42	88	97	56	20	91	22	10	71	50	60	59	8	10	59	11	73	55	59	59	27	83	27	47	39	25	91	15	80	60	88	76	79	80	83	82	34	10	62	95	35	10	70	15	3	41	9	60	35	21	96	37	48	48	5	39	85	12	11	69	85	81	98	89	45	21	24	55	32	30	8	9	69	87	26	80	91	97	80	69	92	28	95	29	31	30	81	18	98	33	51	67	50	1	63	85	62	78	99	38	37	20	97	72	28	11	40	59	83	7	57	77	45	44	9	12	69	68	89	7	79	40	19	88	26	42	10	37	99	33	80	18	3	16	
49	29	48	59	36	92	98	63	42	93	81	45	15	18	94	29	96	85	60	10	86	76	59	24	40	36	76	73	81	67	37	85	73	76	70	7	44	28	54	2	86	47	11	84	68	61	99	83	70	35	71	83	60	33	30	81	29	1	89	31	68	9	62	73	99	18	41	40	4	98	50	27	38	6	96	84	79	40	55	76	47	15	41	38	30	41	62	2	75	58	31	91	19	69	14	44	78	15	15	35	17	44	6	65	36	26	85	42	24	37	92	90	71	51	79	27	63	26	31	18	28	89	96	14	87	61	17	3	58	30	53	53	37	13	43	27	95	38	48	10	98	4	35	11	6	42	72	57	7	40	96	64	58	40	30	82	49	96	65	78	75	80	95	81	7	80	85	64	35	24	66	91	63	22	67	26	20	45	58	73	5	84	47	51	46	4	15	90	95	13	1	53	31	19	26	73	62	31	14	76	
2	45	94	6	75	72	18	13	91	27	97	66	38	2	24	8	25	59	27	52	68	45	59	93	95	99	44	2	32	86	60	6	90	41	86	32	99	19	75	45	61	56	100	69	21	66	42	21	4	3	12	47	62	89	77	21	46	3	93	82	95	87	26	13	54	45	67	9	34	48	62	26	1	73	95	23	90	15	34	46	99	42	99	98	80	77	91	68	14	93	70	15	69	11	87	30	87	42	20	92	61	99	8	46	13	20	16	39	28	63	8	31	66	71	75	62	51	20	51	59	10	49	1	4	41	39	46	39	18	87	72	1	90	45	25	68	56	68	46	49	38	64	40	45	97	77	10	99	77	8	40	53	26	5	23	3	60	19	75	70	70	71	15	26	95	56	6	80	6	20	8	42	39	97	32	82	87	45	71	24	50	42	76	89	40	27	10	40	20	6	70	29	3	35	75	63	27	95	75	86	
11	1	22	7	14	85	28	20	100	93	29	14	30	84	67	10	5	27	91	34	64	48	60	84	3	17	63	32	96	70	51	38	63	78	61	65	33	81	56	95	81	33	3	70	61	94	67	21	96	69	55	48	37	84	55	23	30	89	94	34	99	28	87	18	38	81	86	47	99	69	46	94	85	73	35	84	44	51	49	46	72	100	80	95	94	1	69	24	84	61	99	80	14	87	2	45	69	44	37	58	6	67	28	53	29	97	52	85	78	66	40	76	95	11	62	60	94	82	11	16	94	96	99	77	62	34	89	15	84	83	38	25	9	31	82	27	5	55	83	17	46	38	84	2	55	49	41	59	59	31	37	76	84	55	72	54	27	68	48	77	6	78	23	34	99	37	6	47	60	91	85	36	81	56	17	91	28	99	56	57	3	52	95	71	71	74	25	19	31	67	19	1	8	44	84	35	69	56	17	38	
54	25	40	40	28	17	33	3	7	68	100	14	20	88	44	40	60	56	13	94	67	51	76	89	11	66	51	73	24	57	11	16	24	36	24	93	88	98	36	78	22	70	84	28	24	78	60	29	12	12	8	83	11	35	23	31	4	89	54	21	12	58	9	97	35	49	81	13	10	41	91	12	21	21	95	15	4	56	63	72	44	83	16	56	49	56	77	71	11	37	7	60	44	30	45	82	5	64	43	79	26	50	85	49	83	72	33	74	58	3	35	89	36	100	94	8	46	78	39	83	1	52	56	57	2	37	21	82	75	24	55	23	94	65	54	6	41	41	50	22	78	20	80	82	93	21	10	38	75	34	86	38	4	43	64	33	74	48	30	58	18	54	65	73	17	80	3	79	86	8	46	22	93	36	93	86	48	91	10	23	29	28	32	30	82	65	72	31	70	64	66	38	24	81	19	57	50	99	77	89	
56	58	86	75	58	90	10	31	58	98	2	91	4	5	55	16	95	7	69	65	46	7	66	12	89	55	58	16	68	74	27	25	91	14	72	50	71	54	58	34	40	83	35	84	5	37	61	43	63	100	39	30	32	79	77	12	42	26	7	52	82	70	11	27	2	40	45	29	90	89	83	18	36	73	38	78	68	72	99	83	83	62	23	50	12	26	66	63	85	28	12	88	78	87	69	5	89	74	2	8	56	32	81	22	39	46	7	89	37	17	36	9	54	6	38	35	4	88	12	46	13	23	93	78	91	8	6	30	12	98	42	66	48	70	15	60	93	82	43	83	86	31	37	67	74	23	1	96	59	23	97	83	92	91	26	9	27	90	42	42	40	24	35	37	68	41	60	28	42	36	78	30	72	53	38	93	80	93	74	20	59	94	13	26	70	58	87	85	57	91	26	27	92	68	16	43	87	1	92	2	
65	23	12	38	53	59	5	67	30	76	73	72	63	56	56	68	46	88	41	52	44	69	23	49	22	34	18	64	78	62	93	33	97	34	73	29	82	39	9	53	68	99	1	21	58	30	71	92	96	52	70	10	43	4	85	13	11	41	10	92	62	16	27	29	15	55	9	31	60	90	31	17	78	99	18	43	60	86	53	2	73	47	10	21	88	5	2	52	33	63	46	76	15	42	44	64	74	9	100	81	100	28	40	78	7	55	88	32	95	19	43	26	35	29	82	67	98	45	89	13	94	89	71	75	5	44	44	38	66	49	77	92	17	60	31	37	32	72	76	51	29	52	22	48	34	4	36	46	6	30	13	12	54	52	47	4	78	62	47	57	33	29	32	97	96	78	28	85	88	47	74	72	97	23	46	94	42	70	62	25	10	26	99	83	78	53	66	78	73	30	7	84	70	27	48	42	60	24	79	97	
31	89	18	14	76	11	66	89	57	66	46	54	44	40	97	59	32	20	6	100	47	54	83	64	84	78	72	66	83	95	69	63	48	69	95	32	10	29	25	7	80	37	54	92	62	17	50	39	48	11	78	89	4	64	69	97	74	14	11	52	40	81	71	62	21	61	12	51	21	9	21	94	91	46	67	10	57	73	34	9	77	96	49	22	60	69	52	10	66	11	75	79	15	20	37	43	2	100	46	44	36	31	61	46	38	39	27	76	43	58	48	8	35	25	47	44	100	29	49	93	78	72	13	27	60	18	96	26	7	52	4	89	96	68	25	81	90	60	85	54	12	30	82	20	58	92	49	35	38	18	65	3	9	63	40	8	57	63	21	86	18	41	31	97	57	47	72	27	12	73	58	26	32	30	53	96	14	91	7	88	50	97	13	96	46	9	15	83	3	10	13	71	23	75	76	70	91	10	56	8	
44	11	20	26	34	73	39	19	31	57	53	18	84	49	33	67	18	25	91	48	52	56	8	62	29	5	93	91	70	12	21	94	4	11	74	88	92	20	75	23	11	26	12	57	23	77	36	68	94	25	91	52	86	94	85	34	89	14	51	39	96	19	98	100	33	2	67	83	59	23	71	2	81	51	82	91	21	14	10	7	89	69	18	3	89	87	77	85	59	84	83	80	35	92	58	79	8	81	44	39	84	92	71	21	55	37	99	1	69	55	87	70	37	16	7	55	51	43	1	3	93	93	24	87	35	93	90	5	25	56	99	38	39	46	58	74	97	45	13	44	32	90	47	37	81	63	56	40	72	3	34	52	87	49	84	57	88	30	98	25	49	27	73	70	37	36	75	39	93	89	13	15	4	96	59	58	81	4	44	32	65	17	56	53	39	56	85	33	47	69	5	71	83	87	43	93	32	94	80	77	
32	65	19	32	8	71	42	66	93	52	15	39	47	71	62	38	3	71	96	95	96	70	43	74	49	5	31	87	75	47	4	51	11	46	20	49	97	47	96	58	8	51	27	100	22	1	55	16	46	70	42	96	48	20	33	68	78	45	20	9	32	95	10	15	40	87	14	59	33	44	47	61	41	15	69	62	79	33	45	35	40	44	42	69	32	67	23	74	79	68	59	83	17	61	6	26	56	100	36	84	65	72	28	32	97	51	24	65	18	78	44	8	11	53	63	13	1	30	15	88	38	50	14	72	94	60	24	78	51	86	15	38	17	43	76	86	6	19	59	95	99	95	35	56	12	44	20	43	12	56	57	69	40	21	30	51	37	80	68	12	42	78	12	60	57	80	35	32	10	3	86	84	98	26	41	81	33	54	83	22	11	19	28	10	94	64	21	7	37	79	88	26	36	52	43	89	12	85	100	85	
59	81	62	41	51	90	25	18	1	84	1	96	7	56	6	22	88	50	53	30	97	98	15	15	58	10	55	7	73	5	5	8	8	88	58	63	48	17	94	23	7	67	22	49	10	99	41	74	48	99	42	82	54	76	70	71	1	90	70	24	12	6	59	95	55	52	83	49	9	2	83	82	44	87	35	10	87	100	64	85	31	1	46	27	44	61	66	2	80	46	74	82	44	99	67	50	32	28	31	92	72	87	80	71	55	58	66	39	53	34	20	90	23	61	27	25	9	91	32	86	2	61	100	98	10	66	21	53	94	52	16	76	68	6	21	44	24	14	89	64	44	73	73	91	72	78	21	77	63	68	19	90	86	58	40	56	41	57	19	9	8	56	86	35	26	51	10	27	6	91	45	81	66	2	36	55	8	97	26	5	96	26	46	83	9	68	92	38	57	40	49	1	47	61	90	79	17	100	68	96	
43	93	38	2	6	33	5	8	64	74	95	43	73	59	37	48	33	12	85	89	12	82	83	11	52	8	8	45	99	71	67	28	90	16	86	40	94	16	57	68	10	70	87	44	66	8	27	31	84	51	61	25	96	23	5	86	99	7	100	92	13	40	53	14	68	51	47	8	57	85	13	95	55	37	47	6	38	51	51	70	76	70	23	80	95	5	68	24	63	18	3	34	6	8	28	85	81	40	61	71	28	80	71	62	84	75	66	29	87	51	95	33	2	54	64	23	76	20	54	73	56	9	69	90	78	29	86	8	52	45	32	31	8	58	96	72	78	1	73	80	10	25	92	2	93	44	46	85	71	44	1	77	89	51	54	60	80	58	47	22	96	82	97	95	73	52	95	57	64	35	83	33	61	75	45	27	48	74	50	95	88	85	62	70	66	88	80	13	36	33	28	70	94	94	7	79	21	9	45	89	
71	53	98	3	51	27	36	92	99	98	55	76	5	12	49	83	88	82	48	18	57	96	64	31	67	72	6	98	84	65	11	77	81	93	34	2	30	13	15	76	49	19	59	96	55	5	66	74	63	38	20	93	89	54	98	23	20	52	81	64	60	100	11	27	77	86	6	38	8	83	10	27	73	5	65	32	62	27	86	2	14	66	20	26	65	57	48	76	68	27	98	10	65	46	53	49	22	78	46	21	32	71	62	60	56	19	18	5	25	24	22	68	54	49	17	66	59	47	42	32	51	11	50	31	25	17	39	18	54	21	67	10	77	6	67	25	53	7	12	96	74	41	44	28	49	92	79	98	27	61	94	49	1	29	45	33	28	22	20	59	19	60	19	24	88	69	82	30	21	27	75	47	13	93	41	65	45	39	16	50	30	69	86	50	55	20	89	86	4	47	42	46	24	56	70	71	70	65	35	54	
65	74	95	83	9	1	77	22	22	11	53	100	73	20	51	95	38	7	48	37	81	11	76	31	57	14	43	42	34	64	81	70	98	68	70	4	13	53	70	74	82	40	45	88	1	3	25	51	88	29	59	48	30	61	23	48	20	23	35	85	92	82	62	77	87	75	63	11	79	56	49	40	10	38	98	24	19	56	70	12	26	85	47	63	8	37	25	26	25	14	83	62	36	13	29	83	39	7	38	55	97	55	84	56	64	93	8	76	92	25	60	22	69	1	2	96	76	60	27	39	26	99	84	2	6	82	86	80	4	92	15	13	99	50	67	52	42	84	76	89	33	15	8	99	43	90	40	38	50	53	52	24	70	80	25	84	79	6	15	78	24	11	51	14	11	55	42	94	100	35	39	65	32	28	94	81	73	83	83	73	39	4	83	93	56	99	40	81	14	90	19	94	23	65	37	79	59	63	99	30	
2	34	1	91	44	75	56	76	88	30	66	81	76	53	84	5	60	54	59	66	96	80	39	55	35	1	65	71	10	31	27	88	9	45	57	92	69	12	16	100	12	98	87	90	19	9	97	23	100	100	51	84	54	77	65	16	70	70	40	55	62	64	68	26	16	65	78	55	13	88	58	3	79	71	42	100	45	61	19	53	49	4	29	62	34	28	58	45	66	91	1	95	26	20	97	72	46	55	39	37	51	58	75	19	93	31	37	12	26	25	99	75	72	23	74	27	74	16	83	61	35	45	23	68	34	76	9	47	36	35	9	15	20	98	21	44	76	70	35	13	14	4	68	38	87	59	9	37	15	97	63	48	45	81	30	48	85	21	95	3	76	69	32	6	93	2	8	11	8	44	11	89	15	31	88	2	44	43	30	25	7	32	63	85	51	93	55	86	26	30	76	87	21	83	83	59	90	96	18	69	
15	38	8	37	26	43	29	77	20	3	98	54	52	79	9	42	63	70	4	3	63	60	22	16	24	2	3	96	88	43	2	24	92	16	86	24	80	21	40	39	86	10	23	45	74	97	13	94	21	39	25	17	68	51	16	32	37	96	11	29	10	98	60	55	99	56	85	94	67	69	61	25	84	6	15	29	100	49	67	70	97	78	3	61	76	83	97	27	97	86	97	35	85	16	52	33	7	88	27	99	24	66	66	18	8	37	96	11	27	38	100	97	85	10	69	71	39	96	27	95	96	17	49	24	94	62	18	95	12	2	67	71	55	58	66	43	29	32	49	57	95	55	18	86	1	25	28	53	13	46	22	95	91	75	57	50	18	83	57	49	37	73	96	64	95	45	65	15	47	30	16	35	92	79	55	62	26	48	71	95	34	21	1	50	44	96	53	75	78	62	93	61	19	21	77	46	100	18	27	41	
6	62	69	90	36	94	80	21	13	37	70	85	88	90	62	91	97	71	98	55	16	92	37	2	58	26	72	73	73	10	18	70	36	31	28	56	70	76	97	20	25	68	53	51	13	10	50	70	4	33	4	85	12	29	63	67	60	4	15	52	11	55	50	86	18	98	82	93	62	22	2	8	30	91	8	26	69	17	51	27	55	100	47	62	94	93	12	66	85	10	28	10	42	39	85	74	89	32	76	1	65	39	29	5	76	12	11	13	17	29	45	82	36	7	78	32	38	36	89	10	37	88	87	54	78	37	18	87	16	41	93	57	40	1	30	93	16	31	49	68	77	78	74	72	19	50	94	53	70	7	43	25	56	13	77	45	52	64	27	12	14	92	47	27	96	77	95	60	96	55	34	66	21	16	17	82	71	65	53	99	70	66	99	13	98	56	53	76	55	14	41	87	42	15	40	38	86	42	66	35	
3	93	72	17	65	56	99	78	11	69	58	72	39	2	4	10	90	51	83	98	11	5	53	57	90	33	97	39	38	26	95	74	44	78	48	9	99	18	94	89	88	59	100	14	18	42	29	59	58	76	42	48	66	51	68	74	84	64	6	63	87	58	12	33	41	77	75	73	88	23	40	1	77	28	99	89	80	60	69	52	86	42	83	94	36	71	49	65	41	40	58	70	24	28	78	58	37	95	43	69	18	53	87	25	92	26	27	17	51	4	10	38	94	65	58	15	5	41	97	15	28	18	28	95	15	30	66	5	91	69	77	86	63	80	97	70	58	72	91	19	40	69	73	64	73	27	30	1	69	53	36	1	41	73	10	85	52	81	40	14	91	20	82	62	95	37	80	86	74	13	14	73	74	22	6	40	25	61	71	90	84	73	18	29	20	2	54	28	73	29	89	23	67	6	3	41	67	75	75	25	
60	74	9	85	3	81	4	76	97	55	22	41	21	82	82	75	91	5	59	6	37	83	92	56	51	44	88	82	34	16	66	55	11	96	83	21	71	16	94	61	89	4	78	52	37	96	78	55	26	31	30	94	67	20	47	80	90	15	52	98	42	53	19	87	50	99	59	95	90	39	39	42	5	45	32	1	3	34	50	68	2	17	49	25	23	46	6	91	64	42	78	15	37	63	66	3	17	19	58	55	78	34	51	24	25	25	38	29	4	14	47	59	5	12	61	54	30	79	10	23	31	52	18	49	37	25	51	71	80	26	23	6	42	71	4	36	88	58	99	64	28	22	2	54	41	92	38	30	91	35	94	51	62	68	10	52	25	71	27	2	100	80	28	2	15	3	64	32	22	91	63	98	40	34	53	92	75	80	86	30	7	32	4	39	70	72	39	72	79	63	78	79	90	70	11	34	66	9	60	92	
25	87	31	78	39	32	52	99	84	12	96	83	7	31	23	88	72	20	45	42	98	71	83	98	87	49	3	92	38	81	72	38	34	78	59	47	8	64	69	95	77	21	39	31	44	76	69	30	77	80	1	43	54	17	71	35	28	48	45	19	59	27	22	58	84	33	40	22	39	51	59	26	5	7	84	33	22	93	62	66	86	1	49	32	89	78	29	80	18	26	21	3	92	8	40	35	36	43	48	87	44	20	95	22	60	99	100	45	10	47	50	12	22	70	26	51	37	9	2	80	53	61	31	38	92	52	86	80	90	33	50	65	18	42	91	58	92	41	57	51	56	2	38	73	52	49	81	9	38	99	20	30	45	73	72	34	80	67	93	58	75	86	95	74	87	61	11	85	9	20	25	63	67	14	89	32	29	61	59	32	42	8	79	98	71	18	89	5	83	66	39	40	1	92	19	6	95	82	89	21	
17	55	83	83	72	43	30	91	37	37	79	89	65	24	25	89	97	43	85	86	51	17	67	6	72	50	17	25	81	39	83	55	52	17	38	44	81	74	53	17	43	5	57	7	73	38	52	30	58	43	7	1	62	68	62	17	11	62	19	9	28	93	73	63	28	88	90	57	40	64	35	64	84	27	62	83	82	41	21	53	77	40	69	94	22	23	49	12	70	18	60	41	90	31	76	89	9	26	8	70	8	90	33	68	22	75	97	82	38	59	12	74	53	10	78	76	30	16	99	37	4	77	36	49	65	52	40	61	10	21	33	29	75	72	7	66	88	2	38	18	68	43	87	50	27	7	94	70	36	77	32	93	47	47	4	10	23	63	84	6	40	73	27	35	90	3	91	34	85	55	90	87	72	64	98	84	68	62	45	1	2	72	4	64	65	43	91	28	28	31	81	86	33	19	12	53	88	44	9	85	
93	51	85	63	37	7	77	36	5	60	16	40	8	13	3	12	66	61	88	2	87	46	36	26	12	25	10	44	57	47	64	26	51	81	78	71	10	67	34	73	73	63	51	13	2	56	2	1	4	63	26	91	39	37	42	80	41	6	40	60	53	11	58	75	24	48	50	72	23	26	26	71	13	26	77	7	19	79	72	96	4	95	22	86	10	88	60	49	10	76	52	9	71	66	95	36	54	35	35	37	11	23	2	54	69	72	85	36	94	5	22	53	29	90	42	15	75	89	3	18	17	87	87	56	79	24	96	19	61	76	78	86	22	41	49	87	35	51	51	30	70	35	39	63	81	43	38	88	14	61	87	11	34	3	43	40	37	95	68	37	59	8	67	72	87	79	36	29	33	90	14	21	87	93	64	44	24	25	79	36	98	32	2	72	71	20	88	94	2	6	58	39	25	30	42	90	95	33	36	18	
55	12	72	43	21	79	12	24	45	11	1	65	6	65	95	28	41	81	65	51	62	90	50	43	83	35	23	100	58	50	33	37	7	11	64	86	71	25	45	1	94	94	7	19	13	24	99	64	74	26	65	17	52	83	78	9	2	31	46	41	98	17	65	14	26	69	79	75	18	60	56	24	57	8	34	54	49	9	47	97	29	32	74	9	90	31	16	45	25	43	7	60	51	71	11	100	6	29	25	16	53	61	54	49	1	23	10	7	65	12	70	10	90	3	9	31	99	38	18	25	14	35	89	65	91	56	5	10	46	71	17	63	5	91	50	82	13	73	49	50	2	35	44	46	25	31	27	6	74	88	69	10	55	65	12	86	27	47	94	8	48	46	79	42	50	96	88	49	22	40	98	72	13	35	92	76	16	27	3	7	58	27	96	13	94	93	28	37	37	5	12	62	23	10	17	1	8	53	78	2	
88	28	63	98	59	52	5	97	61	12	6	61	26	7	38	24	78	67	39	67	19	12	12	5	13	24	95	56	29	93	66	90	53	51	89	58	75	37	9	26	64	70	37	51	99	34	48	89	68	68	47	76	58	83	69	75	30	18	8	30	7	94	43	24	7	72	70	67	56	66	21	43	71	85	13	97	64	66	27	92	68	27	44	60	72	22	40	7	42	98	29	35	79	75	62	94	38	82	47	7	63	27	64	17	2	74	69	78	58	61	26	78	42	9	31	30	96	36	88	24	59	81	89	80	50	71	26	15	37	85	53	52	23	14	58	57	14	63	85	5	6	18	20	82	31	48	67	62	98	48	78	70	66	76	68	83	100	59	88	56	36	98	98	84	39	96	89	46	12	13	89	56	78	55	73	8	96	95	76	40	42	88	9	83	22	79	50	18	5	42	93	73	67	42	43	77	53	75	42	3	
77	94	84	18	63	85	87	67	23	67	32	69	95	62	78	22	41	67	88	48	35	89	71	33	78	5	31	80	82	59	26	31	35	68	1	33	17	7	84	78	32	58	52	8	26	7	17	96	18	93	96	45	28	100	13	84	3	90	93	59	73	76	60	8	97	96	71	64	91	37	11	20	43	95	60	97	15	63	5	67	6	84	42	12	32	84	18	63	6	95	22	21	27	62	60	8	35	67	44	55	13	25	23	66	96	27	71	32	15	54	51	76	15	31	30	70	57	86	83	52	5	31	42	1	7	43	89	14	60	86	62	75	78	7	4	61	66	16	87	43	39	31	13	29	43	56	53	23	44	96	96	40	49	98	88	66	98	27	24	75	38	93	66	4	55	28	73	7	69	54	76	58	48	69	3	23	71	21	51	38	59	88	53	81	33	67	72	98	94	8	24	66	23	54	18	61	94	21	41	55	
63	96	83	95	91	3	64	94	44	13	61	32	9	57	34	21	23	33	98	25	23	7	57	34	10	69	49	21	64	77	7	23	21	100	60	84	96	41	12	97	54	9	19	45	42	65	14	43	30	42	31	7	24	86	64	42	12	91	46	77	20	30	93	32	20	44	49	99	99	4	86	63	12	41	90	22	26	31	45	48	81	80	49	26	71	8	65	22	59	43	69	96	63	51	94	46	4	98	100	51	1	9	76	59	76	74	39	38	5	30	37	30	75	99	96	57	69	26	43	18	86	51	64	32	19	91	3	51	62	67	25	87	69	28	13	17	68	100	47	25	91	82	32	94	24	46	59	12	30	48	41	18	100	72	80	30	1	39	20	9	83	63	84	1	31	38	81	94	8	64	32	77	73	36	28	80	76	24	80	66	9	58	14	43	90	45	55	14	46	89	25	87	51	93	60	44	29	96	91	22	
91	14	44	13	81	3	55	58	81	95	43	28	33	20	55	72	67	47	44	77	74	40	28	83	99	1	65	40	9	63	61	82	8	45	20	82	20	88	27	46	32	15	88	36	78	71	86	60	95	44	86	27	25	9	37	60	79	32	17	22	58	25	65	3	8	91	31	91	3	82	36	79	16	91	28	76	87	35	76	56	85	95	44	23	18	36	42	14	12	16	88	37	26	20	82	78	88	45	29	43	30	91	20	47	60	16	96	36	41	79	9	16	89	38	36	86	26	52	33	45	19	34	97	60	33	14	95	59	53	99	75	58	66	44	75	23	8	20	67	19	39	58	48	100	74	19	26	2	56	71	9	73	64	89	46	94	15	21	24	11	6	20	15	39	19	52	47	78	39	83	67	9	98	80	25	34	85	19	51	7	80	48	82	78	88	11	58	15	68	59	75	31	18	84	73	94	46	75	25	51	
70	45	42	92	47	42	7	25	81	4	63	92	54	9	14	12	22	64	79	76	17	55	67	4	69	50	46	53	46	66	22	2	35	33	13	69	19	8	53	51	88	89	92	31	57	92	70	88	70	94	64	57	84	24	81	69	64	22	79	99	26	90	8	79	62	57	30	70	13	91	19	77	28	81	85	38	25	48	54	22	31	86	84	55	46	46	33	21	15	77	67	48	31	51	11	39	12	89	49	1	15	32	54	42	27	83	27	89	97	10	2	99	3	18	88	83	43	33	36	4	90	88	83	42	26	91	10	21	25	22	91	45	24	22	36	93	26	91	27	21	86	12	63	11	30	23	72	34	51	44	90	28	7	98	9	68	68	98	60	68	44	38	52	6	39	51	43	95	43	13	82	85	36	47	46	73	63	5	98	40	1	26	22	40	78	1	4	24	52	9	77	74	35	82	50	12	11	26	55	54	
76	35	9	44	7	55	14	28	42	27	19	71	87	83	80	44	20	55	100	56	11	25	24	97	22	100	88	54	5	72	57	69	75	87	57	14	37	62	93	29	74	53	38	67	1	23	1	77	55	13	45	30	19	64	85	59	96	56	35	48	71	85	23	14	69	77	1	16	59	81	42	24	10	47	72	79	6	8	95	16	48	65	44	46	73	54	69	95	65	21	28	48	18	59	16	83	46	13	93	3	88	86	73	32	39	61	95	10	15	23	80	37	18	25	24	52	18	45	4	27	21	89	23	70	71	34	8	68	27	54	48	73	33	64	64	27	86	88	61	82	95	94	53	27	7	53	1	15	62	85	8	28	6	91	2	59	19	95	95	11	89	70	97	37	3	17	95	39	63	77	90	78	82	57	3	51	99	48	87	70	92	61	6	94	52	31	74	39	87	76	30	82	45	18	100	24	3	96	36	66	
13	12	34	89	88	36	68	80	50	16	27	91	23	56	55	48	16	61	53	74	1	18	67	48	78	12	21	71	8	33	71	18	4	99	92	74	20	67	52	39	28	70	69	31	41	60	60	53	51	29	82	98	74	12	78	72	83	42	29	42	65	53	88	72	41	47	42	65	6	37	86	83	92	68	85	94	12	44	69	25	64	33	10	52	99	68	28	65	29	65	64	5	28	10	94	1	13	94	78	93	38	2	56	51	26	35	96	37	28	31	53	4	17	14	59	5	86	19	90	21	93	2	16	52	85	11	19	74	21	72	53	86	82	56	41	29	69	2	54	38	66	60	88	88	88	77	60	57	70	83	90	12	76	72	69	8	24	93	64	92	84	20	23	12	100	12	1	41	42	77	90	46	22	91	25	22	88	84	9	9	55	25	65	23	100	19	29	34	99	16	60	92	87	49	4	23	64	26	68	31	
94	26	31	81	96	48	65	39	75	75	59	10	21	22	19	30	44	94	32	75	15	100	85	49	51	50	26	97	54	21	66	48	93	33	40	88	51	63	61	2	90	86	7	72	50	91	5	64	26	82	10	93	15	7	81	52	81	16	26	61	26	4	54	7	70	99	33	9	55	10	85	70	29	94	100	50	15	46	7	51	14	60	42	2	53	38	94	11	76	29	91	39	89	49	96	52	23	89	72	93	50	61	9	11	99	45	17	88	18	52	61	77	87	35	81	31	51	34	88	89	2	81	46	29	97	68	94	44	86	85	54	45	99	25	56	47	19	9	25	67	72	1	13	49	67	26	40	19	99	61	25	1	57	59	20	56	73	55	64	51	65	79	35	83	79	98	90	15	48	84	91	11	10	40	94	53	55	93	3	99	75	87	1	76	79	73	83	8	15	56	77	38	93	49	87	10	23	10	33	55	
15	96	38	78	80	94	34	66	19	99	42	60	36	52	10	57	5	97	73	10	42	18	52	12	75	32	73	46	34	12	41	48	30	60	23	90	30	24	40	85	61	95	94	73	3	89	99	65	83	75	49	35	81	77	12	79	83	82	35	73	55	50	75	74	16	10	85	7	36	76	58	90	56	100	26	12	53	57	93	92	79	40	58	37	12	12	74	9	55	46	56	85	96	1	99	56	93	71	13	24	14	100	69	50	84	23	49	87	28	18	31	36	87	89	89	42	64	97	83	23	16	46	58	61	27	21	73	63	5	75	11	24	19	97	37	14	86	17	34	42	13	73	56	66	20	45	71	88	99	26	38	43	27	83	73	16	45	90	8	94	54	29	37	76	66	53	41	95	89	75	47	40	42	79	12	55	76	67	29	98	44	27	36	69	99	31	22	53	29	93	20	93	35	47	56	21	85	9	85	36	
4	28	85	11	93	86	12	29	39	72	26	67	46	46	77	27	57	59	98	47	78	8	8	36	59	78	67	89	78	21	73	75	33	74	20	75	26	34	94	91	24	98	23	69	43	67	68	54	56	71	15	15	2	18	75	35	40	11	5	59	88	59	94	15	96	96	9	90	92	32	21	26	5	55	15	74	73	40	91	33	86	32	45	31	17	67	58	20	92	23	98	12	14	4	77	57	78	75	27	87	72	98	90	31	2	68	24	54	95	49	38	49	56	65	80	1	32	60	42	70	52	29	61	91	54	11	95	71	22	87	68	59	45	33	34	96	9	46	75	33	46	64	86	58	89	82	36	75	81	69	76	87	86	59	30	85	16	58	86	23	96	55	24	99	48	15	90	51	8	10	17	24	98	96	91	65	92	74	51	31	5	4	53	93	5	5	58	70	87	24	59	58	37	7	19	34	97	75	7	3	
73	83	18	83	87	22	54	74	99	26	99	32	98	70	44	50	17	82	60	6	21	10	43	5	100	11	96	84	38	1	30	51	71	85	81	91	35	86	81	75	30	23	53	44	21	85	84	1	4	46	37	52	58	76	80	55	68	88	85	7	74	1	53	37	48	39	28	1	42	78	36	46	54	9	28	86	70	8	63	19	42	45	76	96	81	65	32	91	33	40	45	11	87	41	62	2	91	5	60	35	94	10	78	25	6	34	94	78	15	37	92	65	79	91	50	7	19	33	26	71	85	97	27	54	91	63	82	28	77	96	5	90	44	81	76	29	6	61	15	18	50	78	81	79	8	11	36	88	26	14	18	43	99	76	44	96	27	48	28	77	81	41	79	4	51	15	36	65	56	97	98	79	67	75	23	25	83	56	58	65	53	63	18	47	92	7	31	71	87	70	71	80	39	21	22	91	1	22	9	63	
69	66	39	95	45	32	65	23	33	84	15	8	37	97	26	12	99	15	21	80	80	12	89	30	58	21	23	87	30	64	28	14	53	60	99	34	85	45	10	7	68	8	59	43	16	22	51	69	96	92	83	42	74	87	71	93	13	64	61	61	42	88	94	92	91	94	51	66	13	61	17	2	95	80	30	6	8	6	54	1	41	59	88	39	8	54	74	93	82	65	78	69	61	39	34	37	8	44	18	93	60	66	29	17	82	76	62	37	30	25	52	52	24	56	71	43	91	14	91	34	11	68	21	11	63	34	63	15	84	87	50	79	66	85	41	41	69	56	16	13	78	45	35	73	90	61	50	4	59	14	21	11	16	59	35	82	74	55	69	54	66	70	6	99	93	30	38	28	4	61	14	34	44	39	56	19	61	99	77	79	72	61	81	95	27	27	54	5	94	18	15	22	84	43	37	28	13	95	35	34	
17	55	72	88	48	41	77	37	5	52	79	33	90	64	8	42	75	41	25	33	24	89	81	80	87	83	78	84	42	33	58	9	52	56	56	62	77	59	24	93	76	61	75	8	45	43	53	82	53	15	84	32	88	63	61	45	97	13	69	6	31	16	19	46	10	82	64	84	31	18	33	77	19	100	78	21	23	6	97	31	61	71	13	21	85	59	57	30	44	85	14	85	17	46	89	21	6	44	96	90	24	21	86	39	86	9	18	18	66	51	86	40	96	5	26	89	3	95	10	8	19	94	73	95	82	63	79	85	35	50	24	63	83	56	75	81	17	51	92	61	30	57	42	25	24	74	53	94	36	14	98	90	71	46	99	20	31	53	73	1	10	22	49	9	31	75	58	16	62	47	22	30	92	66	90	3	91	97	13	23	52	6	10	52	52	75	17	17	54	71	66	70	96	55	61	76	83	71	76	49	
62	4	32	29	28	77	42	55	80	53	83	74	19	78	85	55	53	52	28	58	18	49	61	10	69	13	63	99	65	93	55	96	42	85	5	57	37	79	32	28	46	25	6	33	22	55	94	24	62	89	27	36	78	10	92	94	26	76	6	30	99	88	3	24	51	71	60	83	59	17	6	67	100	93	42	89	33	50	69	88	81	91	20	26	68	71	29	8	36	100	33	81	3	39	15	82	30	38	26	5	78	53	8	18	80	47	95	87	5	71	80	61	19	10	15	14	51	59	21	68	74	44	63	71	28	15	85	95	76	43	50	65	47	5	21	43	91	78	29	94	96	71	48	15	51	84	80	91	20	8	89	40	87	59	70	65	93	87	33	80	53	21	72	33	62	81	27	12	90	80	87	10	81	27	46	84	100	85	57	57	89	82	62	95	60	67	6	82	46	5	33	91	31	76	78	1	30	10	35	37	
40	21	9	22	17	17	28	38	50	98	40	19	58	46	54	16	55	79	93	77	27	76	94	98	1	30	15	7	4	35	27	52	93	96	77	39	31	47	44	3	48	15	90	90	100	2	85	47	24	67	73	38	57	73	93	82	86	72	13	55	42	26	82	27	67	8	63	12	74	60	34	11	52	15	27	72	10	69	83	10	75	76	74	20	28	82	10	33	43	92	73	98	58	18	84	75	12	66	7	25	51	94	52	54	4	36	12	16	91	80	90	10	61	46	37	60	62	53	25	27	21	86	5	22	77	84	35	76	75	84	59	6	6	18	34	68	52	7	88	35	9	33	35	22	54	82	100	92	64	89	58	20	67	24	64	65	54	91	6	35	25	66	21	60	24	77	12	4	78	45	37	8	63	56	39	36	53	10	16	21	13	35	94	74	85	19	50	7	40	58	49	10	47	22	81	88	90	75	39	42	
95	99	37	71	26	88	14	31	95	28	44	100	94	93	36	59	49	82	38	1	45	19	66	54	87	82	52	58	9	90	69	25	4	66	51	21	43	10	17	5	56	64	24	53	24	82	28	43	68	63	99	81	23	27	87	25	13	46	31	47	71	49	50	97	45	5	49	97	91	64	14	6	33	62	11	19	3	18	57	27	40	45	80	85	56	41	36	94	71	97	83	89	30	87	83	24	98	49	52	56	86	52	45	21	92	35	2	41	69	26	33	21	76	71	85	86	67	99	22	54	72	85	75	87	96	87	50	43	84	8	90	88	59	61	34	33	20	29	63	15	13	91	49	100	47	6	6	26	95	2	87	36	31	98	91	61	5	12	98	43	90	75	5	72	86	26	32	46	90	8	7	5	68	44	86	42	84	5	13	10	71	99	24	63	20	51	37	92	16	24	19	75	33	66	16	93	25	91	19	3	
28	30	89	16	25	85	20	80	72	8	19	43	59	8	37	16	64	24	70	89	71	8	60	34	84	37	60	43	57	77	6	89	64	28	31	27	66	3	71	62	98	13	41	39	73	72	29	10	16	19	89	7	34	40	7	7	78	52	52	44	2	68	40	49	43	59	60	64	62	97	95	53	6	68	77	39	35	41	33	71	65	75	68	24	76	13	15	69	80	13	1	45	53	72	38	55	42	77	4	99	15	16	32	67	15	9	67	93	77	23	50	33	78	17	53	62	25	75	91	48	53	54	11	68	5	50	24	50	59	90	19	75	67	31	26	7	67	79	26	85	78	50	46	30	40	60	15	68	91	6	64	30	89	96	44	72	54	6	51	70	65	48	88	84	72	7	3	100	30	100	6	85	42	72	8	24	25	8	80	56	22	6	84	13	73	12	5	28	85	74	33	5	76	97	47	46	55	76	58	81	
55	63	89	23	3	19	15	2	47	2	15	67	36	37	33	32	85	29	14	72	6	20	26	39	79	81	82	58	30	44	94	82	40	18	34	3	21	43	65	28	78	11	35	29	22	79	3	86	24	25	36	100	17	84	42	52	82	68	81	57	30	5	41	12	7	67	82	39	43	68	62	9	91	40	56	89	18	17	95	100	28	7	55	86	93	9	34	84	65	97	90	21	53	1	25	23	66	92	89	38	38	76	31	10	13	15	71	57	86	6	65	29	86	63	52	75	87	58	45	73	86	45	24	59	90	79	63	65	6	88	75	19	44	87	10	73	71	32	92	49	50	42	29	90	92	9	100	99	97	69	55	6	81	93	9	82	59	10	17	87	18	27	86	88	94	25	79	41	76	68	29	81	22	43	45	79	38	5	51	86	43	88	89	42	18	23	3	9	26	1	60	90	53	13	79	80	81	83	12	54	
7	41	91	38	79	74	51	75	19	88	1	8	60	57	27	6	45	2	39	46	22	61	65	70	34	12	48	84	67	11	83	72	8	72	28	70	70	77	71	78	36	41	81	41	96	22	19	26	21	100	49	19	67	23	53	50	65	61	40	9	11	24	68	13	51	87	37	2	56	31	91	78	88	84	13	75	30	53	53	20	64	20	73	5	81	47	90	58	54	26	77	24	37	90	9	94	48	17	96	39	17	68	8	77	99	20	55	40	63	42	18	75	22	5	23	78	69	66	24	33	82	99	19	45	44	66	83	47	6	59	67	44	24	53	54	10	58	77	71	20	68	61	29	61	44	82	41	70	1	41	45	56	49	16	27	74	22	3	51	85	66	86	64	92	14	2	2	80	82	58	8	90	51	17	39	12	66	61	52	86	43	14	86	22	7	32	97	19	61	92	7	25	11	39	38	38	23	25	4	99	
35	78	45	12	3	40	69	86	13	46	16	15	92	22	89	74	75	32	47	68	47	32	74	51	97	78	83	100	26	49	25	91	24	34	90	98	30	4	79	1	48	43	9	41	75	76	75	40	53	94	23	46	21	24	72	32	9	16	17	90	60	67	69	86	59	94	23	10	90	90	66	24	86	78	79	22	82	100	46	7	88	41	73	45	58	89	56	3	66	25	61	55	13	45	31	65	70	60	68	46	43	6	58	6	50	98	58	1	80	71	42	72	41	91	14	7	28	44	22	64	56	25	97	33	81	85	56	5	18	61	31	87	53	25	28	65	81	49	56	88	23	79	91	62	83	89	95	12	59	42	12	72	22	20	52	1	1	76	4	80	90	93	92	51	27	33	97	58	33	67	88	90	38	86	59	27	21	2	17	54	71	36	74	100	55	73	47	21	91	17	18	14	30	61	61	49	61	8	82	17	
53	68	33	28	26	5	83	8	40	38	44	73	98	11	91	82	17	73	8	7	10	12	58	83	25	55	48	64	66	97	34	26	38	24	90	2	52	41	94	62	21	60	15	88	64	70	30	3	68	16	50	53	51	54	90	88	26	97	40	66	22	57	72	18	98	32	99	5	28	4	11	13	15	69	33	3	93	26	80	95	94	2	12	8	63	26	27	71	37	84	67	32	43	25	82	54	15	31	25	58	76	21	96	67	67	21	66	30	97	4	91	7	49	50	58	4	13	75	36	64	41	56	37	34	76	41	75	21	34	34	26	10	54	28	62	26	3	69	1	39	100	80	100	69	54	57	32	26	27	57	80	11	19	6	38	77	46	57	67	93	28	70	51	18	54	43	97	22	65	78	69	98	98	88	64	17	9	18	3	43	57	8	97	26	29	49	14	62	38	31	19	33	89	8	33	86	52	16	81	37	
64	8	7	38	63	95	10	60	1	99	47	66	5	99	88	5	6	73	53	1	25	82	17	94	44	56	48	54	62	58	21	87	34	23	69	4	24	70	61	71	94	67	92	24	48	51	91	12	85	3	30	79	86	44	78	17	61	82	33	15	43	87	13	72	91	74	51	33	27	7	49	55	71	97	32	96	100	26	84	88	95	29	73	10	96	32	80	10	39	44	78	30	27	68	27	6	60	37	81	74	86	44	72	25	52	44	43	93	70	36	58	66	87	82	57	61	17	23	93	27	29	47	14	96	29	41	81	43	68	33	7	73	10	65	26	36	44	4	59	26	12	97	69	21	98	11	20	31	56	3	65	59	53	11	81	9	72	16	67	79	13	45	27	32	65	81	35	23	92	12	80	69	81	94	65	90	81	19	74	27	52	20	26	3	33	21	76	35	36	52	21	28	21	22	12	96	77	11	84	77	
98	91	1	28	60	85	76	7	61	18	27	76	81	90	17	78	27	42	79	9	74	10	3	6	66	62	16	43	60	46	16	94	54	19	73	32	77	33	93	79	5	52	61	5	4	88	87	87	75	11	96	38	20	36	56	25	69	55	26	73	54	52	77	85	27	16	43	23	40	80	100	85	26	99	49	60	70	21	47	44	73	53	6	73	50	43	47	96	6	30	44	8	95	56	5	41	93	32	90	97	6	24	78	53	42	76	29	16	58	88	92	88	35	13	14	66	68	8	26	86	69	19	86	9	6	69	17	91	52	20	67	71	58	81	3	44	98	85	75	32	80	77	95	49	26	58	29	96	34	17	48	99	91	68	48	24	88	76	86	45	7	100	54	84	62	41	70	23	17	88	54	60	17	8	66	42	18	79	5	97	84	52	11	78	72	50	21	32	14	54	38	71	24	61	53	4	54	80	75	8	
16	79	6	88	24	64	44	89	31	61	84	58	63	18	64	52	28	22	41	48	82	50	27	61	80	20	52	6	1	27	83	81	27	30	66	69	70	9	10	37	80	60	44	77	78	61	24	46	99	47	48	14	80	15	95	57	63	54	18	87	26	16	26	48	4	94	45	96	11	63	94	92	79	27	57	65	45	83	43	92	60	26	75	46	89	27	43	74	57	43	60	9	38	68	55	41	82	72	60	45	19	14	1	7	84	70	32	31	72	58	41	2	51	73	63	16	100	20	91	88	2	9	17	46	61	56	51	78	7	29	79	32	77	49	69	4	85	1	77	17	15	29	81	73	12	65	89	89	6	43	78	1	97	76	50	5	74	5	47	78	26	81	41	45	48	30	96	54	6	86	93	72	13	90	48	95	64	82	1	16	55	83	36	78	90	87	19	32	92	77	89	12	12	10	17	74	37	57	7	2	
50	63	24	43	53	6	42	16	86	76	69	80	86	39	62	76	16	44	52	1	72	7	96	42	42	94	55	68	87	90	2	14	100	10	73	19	64	59	34	23	19	34	95	86	48	55	11	9	54	54	43	52	58	25	66	47	30	29	49	6	12	50	43	77	5	13	55	2	51	19	29	38	58	24	42	30	7	51	47	99	54	69	36	30	46	98	61	8	27	91	90	69	48	46	83	50	43	76	85	13	59	89	73	12	76	35	49	49	91	99	57	38	51	49	85	87	47	67	27	61	54	25	34	75	15	16	92	29	88	63	26	92	71	56	1	59	75	77	76	99	35	96	48	61	22	50	34	31	46	82	56	96	64	61	7	5	34	20	12	66	19	46	20	83	79	30	29	53	75	83	73	32	38	42	30	24	74	21	99	52	2	24	16	97	97	9	4	58	59	40	48	88	47	66	66	47	35	11	94	78	
87	39	75	31	99	55	54	57	10	63	77	25	26	29	84	49	8	64	21	4	1	5	1	67	29	14	1	52	61	14	91	80	96	51	46	70	52	100	19	15	28	22	19	14	86	53	9	92	53	40	29	4	44	9	99	1	73	10	53	15	91	82	33	5	72	60	3	48	64	77	36	7	29	15	38	43	4	7	58	19	26	79	37	30	72	57	70	29	67	73	79	87	10	49	17	22	83	51	54	44	95	64	80	96	89	13	57	68	19	64	51	18	30	50	5	43	25	19	21	82	38	67	42	33	18	13	61	94	35	15	85	49	20	88	39	26	32	17	99	2	44	12	31	98	55	80	17	80	98	33	96	76	31	84	94	64	73	73	30	71	99	77	93	89	52	36	90	79	97	10	82	60	62	94	63	45	41	49	58	6	56	45	77	53	64	83	31	57	44	96	45	92	51	2	36	86	12	4	31	32	
40	39	84	31	38	66	73	4	30	28	79	91	64	67	23	15	1	14	90	91	51	18	76	3	92	57	49	100	47	98	33	41	19	23	98	72	66	78	96	19	38	77	17	95	37	81	56	81	15	23	22	60	75	12	19	50	6	73	67	15	45	95	59	95	43	1	92	41	28	13	47	75	37	49	5	62	51	48	37	89	11	44	93	83	38	94	78	77	16	94	3	26	98	38	46	78	86	29	12	32	99	44	10	74	33	14	95	77	40	28	56	68	70	2	6	39	91	39	86	95	66	72	13	46	50	78	30	96	9	13	78	50	68	23	100	12	80	15	35	44	3	64	95	52	30	6	14	82	47	47	18	2	57	6	5	23	31	87	2	77	81	3	91	53	41	47	37	71	38	61	80	22	64	43	89	25	39	74	71	56	24	78	48	74	14	46	9	76	5	25	41	8	49	19	80	87	19	91	58	81	
96	2	57	78	79	33	48	8	2	27	91	34	76	25	32	2	35	3	21	42	71	57	32	100	98	92	42	99	15	76	58	96	40	37	68	16	49	5	44	29	51	16	51	97	12	26	6	41	7	25	70	93	8	28	88	10	94	22	1	87	1	63	93	95	41	6	28	30	47	56	6	80	75	92	8	13	20	31	52	22	95	85	27	17	37	72	36	3	96	67	86	80	4	64	38	20	31	52	30	90	95	73	25	41	15	4	55	78	69	22	2	43	35	35	18	31	82	58	12	94	60	1	73	64	78	45	57	71	33	91	50	42	61	79	80	97	77	29	96	12	64	36	18	65	11	48	74	89	74	68	83	71	50	43	27	90	96	10	78	13	23	61	24	32	23	59	70	26	17	90	15	33	45	58	73	1	55	16	18	4	55	16	5	28	88	51	31	97	88	6	30	84	87	99	32	92	10	52	89	48	
43	3	38	26	87	100	20	3	97	79	56	98	18	28	58	57	1	34	90	61	75	91	64	23	9	20	23	25	12	2	80	23	23	52	82	67	16	79	98	66	2	69	4	87	25	41	29	85	6	2	95	8	24	1	49	29	87	46	14	75	50	89	99	49	18	57	15	82	12	61	47	8	94	25	91	65	92	36	71	37	89	76	51	22	47	23	32	14	26	22	73	91	35	40	84	80	37	22	82	47	35	73	92	44	8	68	18	74	73	2	38	87	39	44	20	13	32	48	63	53	88	13	56	86	81	35	42	48	35	49	46	29	29	91	100	69	95	81	48	31	95	18	1	66	12	44	45	35	17	35	90	91	92	4	37	20	8	31	16	95	28	41	8	29	14	5	93	1	61	55	52	53	49	88	53	24	99	76	23	5	54	13	40	23	70	71	91	57	5	7	79	9	29	85	2	84	53	71	76	60	
92	54	67	75	16	64	7	41	75	72	95	67	36	66	39	16	64	61	90	92	37	4	24	10	36	80	62	35	19	44	80	10	13	57	18	36	70	15	4	4	22	83	2	32	3	87	11	90	88	29	82	94	93	17	13	95	65	36	94	89	59	48	50	79	84	19	11	91	99	69	1	94	19	98	15	1	22	51	39	88	99	42	4	92	32	96	94	26	31	70	33	97	11	45	2	82	67	48	20	37	56	91	2	28	99	38	86	72	64	54	73	50	63	46	82	29	94	100	11	27	88	49	66	58	79	73	25	15	22	100	30	90	61	62	69	21	49	73	61	98	52	65	66	65	33	52	12	92	97	6	27	23	82	61	16	73	66	68	89	32	93	48	30	89	36	25	66	12	79	39	43	82	47	75	32	80	75	52	92	27	35	32	95	44	70	33	41	58	15	62	1	46	57	91	1	88	67	31	30	21	
70	92	55	96	98	43	40	77	53	18	6	77	12	26	66	26	32	35	36	45	75	28	77	16	51	57	88	79	85	54	37	93	54	26	7	64	68	19	22	97	4	68	99	63	30	16	7	65	80	53	30	21	36	76	33	54	9	12	74	37	50	27	37	65	29	58	34	56	88	68	5	65	55	24	11	96	39	33	64	80	23	11	78	42	40	19	24	6	10	84	87	80	6	97	55	93	74	34	58	81	12	72	93	49	43	87	1	19	73	41	52	27	81	25	31	43	24	74	30	7	88	67	20	89	8	90	24	51	54	47	40	92	44	83	54	98	26	12	22	55	30	11	12	33	27	7	76	10	94	88	62	57	56	73	26	18	95	89	72	46	27	75	68	11	49	60	72	49	27	14	11	61	53	84	14	88	82	97	69	64	23	69	4	42	77	90	32	36	33	52	87	7	7	23	54	12	58	88	27	60	
75	72	88	72	58	59	79	10	64	24	48	6	78	24	46	36	33	63	97	63	77	58	40	76	34	51	93	38	47	8	82	40	32	4	40	57	10	26	70	60	88	53	36	7	22	93	41	45	90	92	8	3	87	88	75	10	49	82	36	6	44	38	72	10	100	58	46	100	64	96	80	60	86	35	16	66	7	3	45	87	82	31	59	76	73	30	47	13	26	26	23	69	42	77	49	21	23	4	92	63	44	78	44	92	90	59	25	50	27	92	49	7	43	31	48	56	46	19	23	53	77	26	45	82	11	61	74	84	82	6	60	9	82	89	57	11	58	65	50	80	6	48	44	52	7	7	65	18	86	84	96	10	60	37	85	22	12	68	41	26	2	35	98	65	95	95	55	24	96	38	14	40	97	13	10	55	70	94	35	51	85	5	94	95	35	74	15	46	31	69	25	30	38	97	10	89	65	11	33	50	
39	34	39	19	74	74	55	57	39	95	29	82	58	27	82	9	67	97	50	23	35	36	32	72	44	89	12	47	83	70	99	89	75	97	83	98	19	74	32	16	6	29	52	92	92	30	83	40	90	3	38	69	80	32	62	63	66	30	75	6	62	43	90	22	9	78	61	44	61	91	67	55	45	73	73	69	29	81	13	46	33	79	71	53	86	14	88	80	82	88	4	92	72	10	41	10	1	36	49	56	20	21	46	79	40	9	28	94	30	38	81	94	38	27	67	53	59	26	72	1	60	40	71	36	36	50	53	80	100	6	15	100	41	95	32	20	29	89	34	17	14	74	45	12	76	65	70	24	82	41	17	61	41	63	63	19	57	8	96	53	93	42	11	46	8	66	60	58	90	35	81	67	19	14	84	9	66	3	1	55	7	2	60	47	47	14	47	95	90	3	96	67	10	18	45	60	71	35	36	7	
81	6	91	89	69	74	34	54	95	82	13	19	2	28	62	1	50	78	94	69	85	31	78	7	37	16	80	92	55	100	82	58	24	80	8	17	46	87	70	56	37	22	19	66	31	51	65	11	79	6	38	13	44	84	48	98	36	64	76	16	58	38	23	63	65	10	74	8	17	81	81	22	66	38	65	79	8	77	55	57	57	24	14	31	70	62	19	19	69	27	58	28	57	99	59	38	96	46	35	40	43	77	85	98	38	37	53	53	1	30	9	70	88	6	62	23	12	2	34	15	57	19	88	75	88	4	94	91	92	26	68	99	70	12	26	31	96	89	31	80	82	89	35	92	10	18	24	76	82	45	21	66	3	20	78	9	20	89	99	70	6	61	74	93	82	21	78	27	15	95	54	75	5	33	95	62	100	94	53	62	56	89	5	26	4	61	87	31	72	90	9	66	86	18	33	26	35	94	66	16	
18	70	89	51	88	54	45	82	37	68	19	8	15	68	61	81	53	52	70	84	33	69	82	31	64	45	43	35	3	99	19	97	57	45	7	49	6	70	100	6	97	38	17	55	23	99	92	9	48	27	75	42	39	55	48	80	60	87	71	81	49	10	30	40	30	77	78	29	37	35	25	14	52	27	46	42	2	3	33	96	1	59	49	90	15	73	15	30	40	58	83	95	7	77	59	75	59	6	38	72	12	63	71	27	50	15	13	70	69	91	38	36	14	74	98	44	30	56	51	62	70	99	99	81	26	59	36	20	64	95	91	97	1	59	27	56	34	6	46	98	47	74	17	97	94	86	82	82	14	8	20	41	87	45	8	76	81	7	31	64	84	54	49	88	95	64	68	97	48	75	82	67	34	13	7	39	51	79	13	58	48	74	65	17	97	36	47	16	47	89	75	17	28	39	48	89	69	93	67	22	
6	38	59	15	95	22	62	90	21	9	94	44	90	69	94	83	34	48	12	27	2	89	59	34	70	60	9	20	15	18	34	68	84	76	10	35	44	16	3	86	100	58	4	83	50	86	39	98	99	20	78	52	96	44	18	10	39	10	32	58	18	34	58	100	46	16	46	82	12	63	20	28	45	53	50	55	55	43	73	10	27	30	61	43	94	64	95	46	55	88	75	29	40	8	31	34	23	30	18	3	56	68	44	61	53	97	46	7	53	35	99	77	61	88	48	96	48	71	44	85	83	61	26	69	14	14	14	8	89	2	6	69	41	42	57	3	17	43	82	33	47	68	35	6	88	84	41	45	8	100	21	51	66	35	81	89	39	64	80	19	55	25	42	30	97	89	50	7	48	31	96	97	29	3	87	36	7	5	96	24	89	24	37	77	30	69	58	22	74	83	62	32	44	51	16	8	53	94	39	38	
14	65	62	79	59	18	81	86	91	23	72	74	24	92	52	36	57	91	31	4	59	76	7	35	89	37	65	30	45	3	60	18	29	72	41	88	1	51	32	28	45	27	96	65	56	86	16	4	44	5	37	79	61	59	26	64	39	12	68	15	34	21	47	84	5	99	56	75	34	76	36	100	28	88	52	32	98	53	24	68	41	49	71	44	83	34	56	7	11	18	48	31	96	40	37	86	97	13	65	34	57	19	1	94	52	63	22	43	36	94	20	32	87	69	78	96	41	9	90	8	90	25	38	76	18	21	98	89	58	87	64	55	45	12	80	65	48	78	56	96	18	83	90	27	62	96	17	21	20	21	12	66	8	100	33	41	94	74	83	42	62	43	86	68	34	42	62	43	36	67	13	50	23	22	16	70	4	77	34	55	34	36	38	69	86	87	9	58	68	68	36	73	89	43	39	87	36	80	88	65	
18	38	72	16	62	22	80	57	86	81	98	74	20	54	17	44	23	31	79	33	20	66	93	53	39	16	100	20	85	9	60	38	6	63	96	93	70	19	78	47	48	98	38	18	41	8	26	71	96	56	25	49	1	37	44	71	44	40	88	50	10	59	18	56	29	26	39	13	38	71	88	36	14	73	20	95	92	38	85	64	7	37	100	22	40	38	28	80	83	51	4	30	64	53	76	38	83	12	3	52	69	90	77	49	24	48	95	25	1	51	30	93	11	10	70	40	18	73	28	28	12	1	43	87	43	11	90	40	20	36	30	6	56	72	11	59	99	1	96	76	2	71	91	23	57	10	61	66	41	51	66	94	28	38	36	58	4	15	78	19	36	58	92	63	3	67	25	43	59	8	37	25	40	72	56	29	11	87	36	2	60	87	46	6	24	51	24	7	76	94	3	34	52	56	98	54	75	44	3	77	
89	48	8	48	12	66	93	51	91	37	87	38	28	44	28	96	83	87	85	12	17	82	15	95	8	58	44	51	36	18	17	48	99	24	33	41	19	73	80	50	100	30	66	6	57	40	36	6	67	58	93	65	46	9	58	9	31	56	97	64	92	87	69	30	56	23	62	88	54	7	50	96	62	38	3	92	98	11	100	39	7	63	79	72	72	42	69	31	79	29	19	81	58	26	84	4	92	54	9	87	40	86	89	1	70	45	91	56	41	62	45	47	34	55	66	49	100	64	7	6	76	57	27	86	99	16	71	87	67	31	89	81	49	22	19	53	91	97	64	31	57	50	92	82	56	60	41	3	87	66	8	28	22	70	37	37	31	51	53	44	13	60	22	16	92	15	68	58	70	28	72	15	44	62	3	49	59	57	87	87	51	86	69	95	98	7	39	10	77	19	69	73	24	56	46	7	10	47	88	77	
58	71	1	9	28	26	6	75	35	16	78	21	57	85	30	88	14	65	63	7	60	61	90	17	99	47	42	9	3	19	50	31	35	91	88	13	46	51	35	86	60	65	83	59	2	52	6	98	66	55	78	7	37	17	51	44	21	35	35	27	35	96	42	88	34	4	18	94	84	93	90	79	51	77	67	74	49	95	86	10	47	55	82	37	35	85	45	40	55	82	68	18	40	5	55	43	91	52	63	49	21	58	51	29	80	81	75	13	73	68	73	47	3	65	76	98	72	89	98	91	72	59	83	59	76	59	46	59	24	98	96	93	16	20	6	11	68	76	61	84	6	43	4	61	73	37	63	20	45	35	100	38	70	18	38	80	77	92	46	99	88	13	72	3	92	64	53	17	3	33	41	40	51	10	28	58	93	31	33	79	1	62	88	63	23	64	73	52	59	12	60	34	74	66	84	6	28	95	58	81	
99	87	44	99	87	25	3	87	2	44	71	28	68	88	81	91	88	78	8	65	79	52	58	50	89	96	15	66	19	67	41	25	29	42	39	91	48	9	60	9	58	92	81	60	5	78	21	100	95	89	52	35	49	78	27	63	56	43	92	71	7	69	85	18	50	91	90	56	77	97	99	97	99	99	39	41	12	34	48	57	80	32	74	91	57	66	75	7	32	53	92	98	30	23	72	64	26	47	40	84	30	40	54	45	25	30	57	77	10	10	72	4	43	12	68	88	80	46	9	2	69	20	73	30	44	35	99	70	64	91	44	9	27	52	38	81	48	50	7	94	5	27	37	16	26	85	63	78	8	81	33	36	37	38	22	26	24	96	60	94	95	23	63	77	63	79	3	25	74	6	47	76	7	57	25	15	53	58	98	100	75	23	28	56	6	44	77	20	59	31	98	44	83	39	59	4	64	23	78	22	
69	8	89	32	99	73	57	27	70	20	53	93	77	63	82	19	61	22	57	59	42	44	55	66	30	44	96	99	46	65	65	41	1	88	89	25	43	16	72	57	79	54	85	3	53	45	44	89	61	73	47	13	72	74	80	76	98	73	69	80	51	28	11	84	52	21	69	9	62	3	47	42	77	13	64	68	43	26	5	73	81	17	68	97	83	74	38	64	67	69	96	33	82	3	54	33	9	4	8	57	51	56	60	33	84	48	50	45	85	52	34	10	40	86	83	66	30	94	68	59	8	56	16	85	96	82	20	65	65	61	72	82	74	1	77	9	24	5	5	64	23	90	20	73	18	22	19	9	76	89	41	58	37	80	26	46	56	31	99	67	25	43	40	74	35	19	34	58	44	97	94	75	20	16	10	5	5	95	31	37	76	29	6	14	35	92	15	62	25	41	69	77	28	1	58	61	54	56	86	8	
73	84	60	48	34	43	86	11	100	66	64	34	87	19	67	60	7	97	33	2	14	40	8	7	44	6	18	59	94	93	23	53	52	57	61	20	53	73	32	58	83	97	19	83	19	21	65	39	55	65	87	18	55	47	66	55	47	14	74	83	8	14	10	10	15	18	94	100	96	11	69	43	18	4	80	52	10	67	69	73	54	97	37	81	3	48	29	25	100	72	83	51	49	60	27	74	27	78	57	88	37	41	80	28	79	85	18	52	52	25	80	23	37	27	100	98	1	15	68	19	24	73	45	16	27	74	31	93	54	5	54	59	22	1	46	72	88	74	34	73	31	96	8	66	95	12	57	20	81	39	94	4	31	77	24	56	3	26	44	31	66	92	91	20	98	71	81	79	46	21	99	2	78	100	7	16	64	64	37	60	14	72	37	88	73	57	8	64	76	35	91	50	96	19	46	21	68	55	26	16	
70	5	64	97	34	47	25	2	29	21	34	80	66	70	34	99	65	99	75	85	82	17	15	59	74	20	30	12	57	13	17	53	78	84	5	89	17	22	59	71	10	18	90	72	49	37	82	89	68	20	44	53	23	3	77	30	59	57	17	7	8	69	62	37	67	44	41	21	72	1	77	39	99	39	18	27	71	98	52	53	93	66	22	13	10	28	73	80	66	74	69	67	96	19	68	48	90	62	63	30	80	57	58	22	6	21	83	64	81	71	67	63	95	47	59	27	39	21	98	95	93	55	90	58	48	55	53	87	91	12	6	10	3	76	57	16	76	5	20	73	87	10	31	68	89	68	8	89	7	64	74	15	51	92	96	31	26	70	35	65	65	33	23	5	65	32	37	87	78	80	56	85	35	22	37	33	57	20	85	75	34	33	8	9	39	10	29	82	86	73	58	45	44	62	86	69	42	69	43	22	
4	10	40	69	27	50	42	36	2	6	61	5	79	1	83	85	74	68	98	16	3	63	67	42	45	23	17	33	92	52	97	66	56	22	94	35	19	21	10	6	73	65	11	26	28	91	74	36	39	71	89	97	25	87	86	65	33	66	15	79	55	12	61	94	50	47	26	87	54	61	69	40	41	98	37	21	82	40	16	95	12	57	23	49	37	56	59	38	56	39	23	50	65	75	48	30	42	47	21	98	68	19	47	20	15	95	57	27	40	27	93	84	68	94	88	24	20	24	60	95	64	64	8	86	28	69	73	33	6	98	51	17	51	4	67	67	86	47	12	30	2	78	16	89	72	41	96	99	31	80	83	78	53	46	60	99	44	35	58	85	44	57	99	37	98	65	13	100	95	32	22	73	72	58	38	18	12	30	55	68	20	6	47	61	6	20	53	54	72	66	88	94	12	43	15	87	6	11	15	17	
21	9	96	73	36	54	12	51	47	34	47	67	62	37	50	1	3	16	43	69	73	42	3	84	72	59	55	35	60	84	23	64	16	40	59	48	99	78	79	98	57	22	27	29	78	1	69	90	78	9	69	54	53	26	62	42	96	9	65	76	78	68	65	69	73	40	52	97	19	97	58	48	37	30	30	32	78	72	21	81	69	3	46	97	82	53	31	50	16	46	96	1	78	70	77	58	42	57	86	25	12	9	22	59	78	3	49	12	14	2	58	6	37	8	56	75	9	11	68	11	92	51	94	23	77	54	1	80	35	43	70	87	85	80	93	79	45	78	66	71	77	13	95	32	46	26	53	70	64	19	42	19	44	99	94	67	31	65	85	99	19	9	75	34	46	88	61	1	52	81	59	42	54	99	64	48	67	40	60	79	5	27	45	37	79	87	73	78	31	54	2	34	77	21	2	97	47	58	59	57	
42	14	99	9	19	13	61	4	79	37	49	90	20	30	87	4	56	83	61	81	14	81	24	60	45	31	57	80	92	23	35	5	36	19	70	23	88	52	81	25	25	23	2	35	31	28	10	64	69	33	22	6	92	37	38	21	96	99	45	77	94	64	54	66	98	36	17	18	63	3	79	25	7	42	68	35	84	51	15	71	19	67	41	72	63	92	64	74	33	30	76	63	75	70	6	18	40	33	18	49	42	8	96	19	24	76	37	14	91	100	75	40	59	48	36	38	83	6	44	89	84	65	54	96	81	66	10	53	25	90	65	18	66	90	28	13	7	26	19	99	81	23	28	93	27	2	93	6	84	55	62	36	13	88	95	25	66	65	44	19	48	1	9	65	96	81	51	95	51	86	7	65	22	86	6	60	2	69	7	93	71	73	46	44	98	61	77	63	85	30	16	76	36	66	45	62	70	77	89	87	
62	98	17	74	99	19	33	32	1	67	7	36	28	35	95	2	18	61	26	55	78	12	10	56	9	90	36	22	98	86	47	59	91	41	89	55	4	87	28	64	98	80	33	5	79	74	57	41	14	61	43	35	32	65	98	28	5	30	38	28	93	50	22	73	68	78	77	17	44	53	48	35	68	85	67	8	70	15	97	100	58	52	28	45	78	86	94	74	58	23	93	85	80	71	78	54	24	29	41	27	78	56	82	60	11	69	73	92	20	80	86	73	8	46	98	93	63	20	38	70	20	79	29	55	41	70	22	21	66	75	48	27	86	93	70	45	100	81	46	77	3	61	41	48	75	35	42	61	54	25	43	58	60	13	23	43	92	33	57	9	1	11	60	33	88	100	99	31	47	62	86	55	67	65	59	58	21	77	17	42	82	41	66	8	12	48	31	5	72	93	63	49	60	76	47	87	87	47	93	15	
32	43	10	100	73	83	80	8	44	15	61	57	68	76	29	38	69	81	94	26	75	48	42	50	51	50	66	14	76	69	93	73	17	65	96	53	5	1	34	19	89	96	73	75	28	38	39	90	41	5	28	1	99	100	80	98	72	9	69	63	56	95	59	18	96	55	87	68	81	89	32	63	81	30	70	72	64	60	86	42	56	54	57	13	71	81	33	21	91	62	94	62	95	15	23	65	35	32	31	73	12	86	97	19	51	32	96	47	82	28	95	27	67	79	98	66	84	15	52	97	23	35	37	24	79	6	49	72	21	5	88	86	64	92	51	27	54	41	20	93	91	24	8	30	68	98	11	74	49	42	86	92	22	72	63	40	91	23	99	75	9	60	75	82	77	55	5	91	19	76	76	30	65	33	82	59	67	51	100	33	89	92	4	78	38	81	6	31	11	81	43	81	10	70	92	92	43	10	28	10	
89	65	41	51	74	63	52	84	4	13	34	48	25	4	53	100	75	15	8	58	85	61	8	58	74	90	27	38	73	83	76	71	99	95	56	37	83	73	27	47	56	46	43	77	91	91	58	92	35	81	97	77	48	75	71	27	57	35	41	86	100	29	97	86	81	37	65	36	93	53	17	44	24	99	17	33	14	58	33	84	55	82	91	90	3	89	76	83	88	44	8	78	81	26	34	73	37	97	97	70	60	35	95	24	14	6	64	27	62	2	74	35	72	42	84	4	1	39	6	37	12	83	76	99	4	99	9	33	60	72	84	88	92	51	18	32	84	45	83	89	53	32	29	89	11	65	46	93	88	30	68	63	16	3	77	74	20	5	37	34	65	33	82	44	34	11	21	80	55	18	53	10	11	44	31	72	77	61	94	87	51	96	13	64	21	57	2	67	92	92	14	60	64	91	41	93	30	100	55	87	
65	47	48	22	78	77	69	75	91	22	58	56	42	33	65	62	65	72	48	82	81	58	16	2	93	41	24	65	30	11	99	12	80	31	68	77	4	41	94	37	87	23	18	16	68	81	100	67	4	39	52	63	90	36	54	11	57	35	41	87	96	45	78	79	79	67	7	100	53	58	21	93	8	76	7	71	18	56	26	4	79	100	31	57	41	39	78	3	24	68	74	99	7	95	99	17	68	96	57	37	57	26	73	88	11	93	95	96	95	15	87	90	87	50	39	55	31	19	39	3	100	79	66	48	51	93	31	62	24	86	72	94	14	27	54	65	62	48	79	52	41	23	14	36	49	95	8	82	95	97	34	3	92	92	63	35	98	65	98	46	96	88	77	34	75	70	64	45	30	40	11	65	21	2	70	36	40	50	34	2	95	28	88	57	78	80	73	81	22	30	53	21	61	26	33	66	32	26	50	11	
96	16	22	10	17	5	39	98	39	62	22	36	43	37	8	9	60	48	20	1	61	37	47	97	71	41	50	45	74	89	45	59	55	23	18	32	71	88	51	25	57	89	83	39	16	23	27	34	100	28	54	24	50	7	24	29	19	70	25	42	45	48	11	1	86	90	5	96	40	15	53	39	91	36	44	74	4	22	29	41	18	17	53	84	68	56	64	76	11	72	18	38	80	56	37	80	41	78	47	36	80	51	52	69	55	2	45	77	37	3	61	3	79	96	96	28	38	52	51	17	12	98	53	15	15	30	75	81	77	26	7	25	2	33	43	81	41	30	30	36	47	59	5	25	60	95	66	21	64	89	42	67	15	64	79	19	71	32	65	88	81	100	55	11	70	1	7	94	31	6	32	28	66	57	3	73	66	17	73	58	22	32	12	71	7	66	59	76	3	68	56	17	100	18	76	52	29	65	91	78	
59	5	66	53	12	47	22	89	69	27	73	64	69	95	48	77	52	19	94	57	94	7	87	7	94	46	59	55	51	16	81	3	14	87	2	2	65	8	74	12	61	50	55	87	88	38	6	6	57	85	72	50	73	79	91	80	75	44	78	27	97	68	11	46	52	17	15	40	10	47	35	43	24	53	62	66	99	95	58	42	12	18	27	4	77	19	17	45	6	98	67	37	85	6	6	3	60	28	72	75	35	10	95	82	42	8	65	95	80	64	11	91	36	88	89	73	81	47	43	95	1	90	41	90	36	38	58	27	12	32	3	79	2	97	97	35	70	96	29	90	37	70	93	66	72	55	60	78	68	50	62	25	68	53	3	34	81	37	13	61	51	99	5	21	64	7	59	33	92	17	71	21	29	10	53	36	1	97	95	69	59	62	84	41	22	76	17	11	25	96	65	79	59	86	18	29	79	60	3	48	
32	27	33	33	89	54	46	74	18	58	60	36	15	84	29	29	53	93	3	14	76	23	68	92	88	26	5	44	96	71	76	57	96	29	49	96	67	95	94	37	82	11	4	54	88	41	56	94	40	53	23	26	25	99	19	20	70	66	86	5	97	5	48	79	23	56	21	16	6	21	65	14	94	73	60	22	91	7	66	26	81	86	71	61	7	24	40	9	83	29	43	20	64	80	47	79	28	85	27	39	32	27	57	30	94	11	15	60	86	32	85	34	29	49	46	7	94	78	95	39	41	15	95	51	65	28	16	12	4	46	100	41	80	58	22	23	23	54	53	79	71	26	1	12	49	24	58	27	97	7	43	43	58	17	25	58	79	87	100	1	95	31	91	80	45	94	33	2	93	79	38	36	39	85	54	2	33	35	60	62	97	56	8	43	83	24	60	90	95	23	3	74	48	25	41	81	48	7	76	16	
47	70	91	23	22	35	75	15	71	88	36	7	11	66	89	21	88	58	39	30	20	81	89	86	62	53	31	97	25	48	79	80	56	89	81	34	58	84	68	70	69	38	17	40	12	73	94	76	3	81	31	56	72	30	56	13	79	31	85	63	54	89	79	70	81	42	83	47	25	85	36	94	46	1	93	34	40	67	69	22	54	19	59	14	73	7	62	65	99	26	78	97	35	6	60	86	42	88	12	93	10	6	64	21	100	8	47	96	74	22	9	85	33	22	12	69	8	39	43	63	42	48	89	8	56	4	62	90	78	90	30	76	82	33	65	92	17	6	75	97	38	17	61	79	27	96	90	15	48	48	36	59	70	3	74	44	46	78	95	52	51	47	19	55	30	31	92	93	76	49	36	84	98	8	76	48	60	31	72	74	98	92	91	48	52	98	15	26	45	90	93	41	92	81	80	86	57	79	77	77	
73	19	14	63	56	36	85	91	90	17	47	70	71	70	87	17	53	2	92	80	63	73	73	98	8	74	45	68	45	72	65	64	96	78	23	89	77	43	18	5	79	64	19	49	96	34	81	85	43	15	31	54	62	52	51	80	10	23	84	73	52	11	64	12	100	65	86	41	82	38	89	100	83	56	19	28	17	13	20	12	88	79	13	52	93	59	58	59	14	66	47	72	24	20	91	8	36	47	73	89	3	91	35	27	35	44	30	55	13	91	20	55	90	40	13	54	64	83	13	77	77	84	75	10	97	61	47	80	45	8	100	68	58	67	78	12	88	86	83	10	61	90	55	39	14	38	35	95	75	31	67	8	28	33	6	97	21	80	32	81	86	62	76	18	40	6	17	79	49	46	64	73	49	80	48	79	24	60	13	21	52	32	95	37	82	28	99	70	57	14	27	2	35	24	25	30	55	22	98	92	
63	80	25	67	12	85	80	50	77	30	78	98	16	20	14	68	17	77	29	49	70	81	52	89	61	55	14	23	15	15	90	67	82	29	94	88	93	33	94	85	22	96	2	21	72	35	65	5	20	59	2	25	42	39	60	7	37	53	47	48	97	59	73	63	44	69	1	45	10	26	24	59	52	17	96	2	19	97	6	50	86	70	28	5	56	55	77	98	34	14	39	28	66	8	85	46	78	74	58	13	86	45	83	75	39	11	16	34	14	63	25	90	14	98	89	76	32	67	82	90	90	91	47	17	98	14	22	87	37	7	6	29	8	88	69	80	54	93	73	82	80	15	52	43	11	14	81	54	82	96	13	37	72	41	47	94	99	56	22	59	7	86	76	53	11	32	71	38	36	64	20	20	16	40	14	25	89	24	83	43	37	71	58	60	9	55	92	12	28	25	76	78	81	77	12	71	8	23	25	94	
2	35	86	47	7	30	36	88	76	40	51	37	11	3	25	99	44	87	37	35	69	18	64	46	71	39	55	3	9	83	56	100	93	36	98	85	44	96	33	14	10	77	36	35	47	6	73	2	70	89	76	16	41	47	5	92	89	48	44	60	20	4	92	97	100	39	59	34	69	80	19	3	88	1	9	88	71	28	13	92	70	86	14	2	79	99	25	58	35	88	83	11	91	42	36	22	30	72	26	15	84	81	33	47	65	89	35	66	73	98	63	87	21	72	56	58	77	9	85	78	46	11	40	24	79	34	30	10	8	5	85	81	90	90	98	69	60	72	32	60	22	33	53	82	61	40	67	75	67	97	50	25	15	40	76	75	2	85	73	42	65	55	30	10	65	28	21	36	84	73	20	12	37	98	59	91	39	92	16	28	100	42	64	8	45	11	25	37	57	9	63	15	32	74	68	29	38	94	30	8	
2	53	29	80	58	61	51	8	71	8	90	12	49	6	60	52	20	31	93	33	74	88	3	8	42	52	68	21	16	15	15	74	2	32	39	62	93	20	96	90	53	44	76	30	55	15	76	87	61	23	79	6	40	48	97	62	47	28	8	53	46	100	100	56	37	48	61	39	25	93	7	72	60	5	7	77	83	16	1	97	76	2	73	83	27	67	53	52	19	9	40	40	63	39	81	93	72	97	32	4	98	66	61	13	32	15	92	21	74	40	67	72	87	13	78	48	73	98	36	82	22	10	42	98	67	44	92	81	63	68	42	22	51	38	98	81	17	13	38	62	64	45	49	47	53	97	19	5	34	29	23	40	44	51	7	20	78	35	72	54	22	67	65	11	21	66	29	39	98	49	16	37	20	84	34	88	68	62	59	62	59	68	20	3	74	41	74	33	57	7	63	2	81	38	11	5	90	67	19	3	
51	18	72	43	32	69	31	99	90	16	3	28	11	43	37	89	43	11	56	94	42	79	46	54	65	67	63	58	82	96	54	96	61	53	82	86	47	9	100	28	79	52	55	49	45	52	65	4	1	17	50	69	21	29	8	82	47	83	58	11	29	32	91	44	47	32	34	11	91	96	76	99	63	84	62	20	18	89	23	64	53	51	62	65	80	66	85	68	32	89	14	59	22	97	56	36	53	23	30	96	26	2	75	93	28	31	79	16	22	34	14	64	93	35	55	69	36	80	47	57	91	40	79	96	75	39	66	27	56	44	72	43	17	86	88	94	8	90	42	94	43	58	88	75	84	13	14	33	13	3	22	72	62	10	57	16	100	22	58	99	86	65	33	44	2	57	10	85	8	80	40	98	84	21	78	31	37	61	40	77	48	82	45	21	32	15	95	27	14	51	6	54	24	76	64	47	59	48	63	82	
62	52	98	44	31	53	88	51	86	47	87	29	32	94	80	37	38	62	54	48	87	82	44	87	54	81	15	34	51	79	58	24	52	83	23	87	29	90	56	47	75	30	57	83	95	100	7	40	82	17	11	29	100	36	97	55	74	27	25	46	20	29	34	45	72	98	33	90	66	14	82	50	33	28	65	84	43	53	12	83	4	13	46	97	58	42	77	19	30	84	4	83	67	32	17	93	38	46	53	59	41	36	45	41	94	88	55	17	6	53	89	98	64	92	73	3	28	25	46	3	25	94	12	91	23	56	90	46	39	86	8	45	39	59	64	65	66	48	30	63	89	73	53	32	14	10	84	95	7	87	16	56	3	28	25	10	7	37	38	64	6	59	82	31	70	3	53	54	76	48	14	59	34	78	8	53	99	38	63	45	27	25	39	21	53	40	52	79	42	74	73	60	55	69	47	71	97	72	49	44	
61	48	84	40	82	22	85	13	79	72	22	25	43	53	37	58	21	86	77	24	100	88	79	83	90	97	83	36	76	3	66	97	97	68	13	38	82	22	50	31	5	18	92	52	43	51	16	61	91	18	32	43	23	50	11	27	81	15	25	16	14	36	19	92	26	95	92	36	14	87	42	72	30	25	4	70	40	77	50	34	20	40	61	82	90	76	25	86	55	3	62	7	26	82	91	86	93	94	96	58	81	55	27	65	81	2	62	82	40	92	32	84	44	76	8	23	80	34	73	51	22	53	55	65	25	19	3	84	36	42	24	79	12	27	17	90	42	95	24	45	25	1	24	80	88	55	9	62	39	36	70	29	49	58	15	5	16	33	18	48	60	58	59	72	36	73	36	2	48	79	25	91	88	31	53	27	3	55	65	64	81	32	63	46	61	52	49	54	78	30	21	81	37	62	13	33	78	36	86	3	
10	23	83	80	19	7	37	41	61	98	80	26	27	18	37	88	98	42	49	28	93	28	8	83	44	35	6	12	72	49	83	30	97	77	98	60	95	34	44	32	18	75	85	43	2	52	85	50	91	100	54	35	45	45	19	15	14	77	1	6	5	60	62	97	8	95	89	11	69	98	8	72	39	78	41	13	17	45	72	49	23	25	62	29	85	89	36	59	73	28	55	57	20	87	28	48	80	42	14	81	33	8	48	45	73	44	26	71	25	75	29	68	24	16	96	71	76	85	63	99	88	55	76	92	83	61	91	100	53	84	25	38	66	21	9	81	18	64	74	41	39	55	99	75	82	70	66	100	51	7	4	11	59	93	53	5	64	57	12	67	2	21	67	77	40	66	1	33	60	24	89	39	68	37	99	3	56	83	48	87	62	78	57	33	1	45	9	62	32	79	52	6	72	77	14	26	33	14	100	52	
79	41	85	68	51	17	70	50	12	17	84	76	4	18	14	75	21	1	85	38	20	46	90	51	45	52	63	1	26	83	21	24	86	8	74	51	82	14	50	60	24	37	42	32	93	78	8	23	46	68	76	17	61	11	63	75	79	44	38	77	42	3	53	82	25	67	69	60	97	29	78	61	52	49	63	89	99	54	39	64	78	79	36	61	40	100	21	78	90	49	84	77	45	45	99	91	93	70	91	4	54	97	74	39	83	43	48	65	61	80	61	62	25	27	95	21	24	19	5	48	84	93	67	74	56	99	97	85	10	5	8	5	61	2	18	19	79	82	21	49	74	16	76	52	97	94	3	94	79	5	77	87	57	31	58	95	64	20	30	40	69	77	51	61	50	17	97	35	31	60	24	92	62	61	38	55	83	30	47	15	32	79	56	61	48	87	80	83	81	23	4	52	34	40	62	38	97	71	49	48	
46	35	4	30	5	13	55	83	80	3	72	6	81	48	70	83	54	15	18	21	92	27	9	52	69	97	37	88	98	62	68	33	28	42	70	68	75	59	52	12	39	63	31	70	68	59	18	60	59	43	47	94	14	62	63	79	26	83	76	68	91	80	62	1	72	66	94	37	41	77	71	40	31	96	90	85	100	17	62	57	31	45	46	17	11	98	97	18	51	33	27	45	58	71	56	10	74	62	7	44	83	26	50	16	83	30	71	53	71	86	59	45	79	3	76	51	80	51	98	87	9	3	29	51	58	77	13	57	16	13	80	51	52	17	3	74	5	1	99	58	71	18	23	92	69	35	1	53	13	96	34	36	87	33	98	31	37	85	55	60	7	17	100	94	34	73	95	60	72	13	83	16	59	40	63	65	48	47	77	1	44	2	51	76	44	15	36	44	55	27	19	8	72	54	88	98	62	4	25	43	
8	6	89	73	94	62	34	9	68	14	70	38	21	56	36	30	8	65	12	23	17	38	17	26	62	76	17	77	83	29	29	15	82	40	74	91	79	4	35	92	64	29	58	83	98	94	67	24	19	21	84	91	76	83	67	37	73	2	61	85	32	63	87	57	53	27	91	76	11	78	88	80	14	2	95	85	37	94	4	13	3	7	24	8	43	10	27	72	62	31	94	44	73	24	57	23	20	25	88	32	22	5	95	50	73	25	95	99	90	30	32	1	36	7	40	38	66	7	40	70	9	99	98	31	65	79	23	57	21	10	56	86	86	54	43	27	97	16	52	6	56	4	5	27	64	51	55	62	58	24	55	2	87	79	100	37	60	75	68	79	93	42	33	87	2	58	69	62	74	21	43	28	62	77	45	64	87	15	1	50	23	59	74	26	21	62	91	87	28	13	58	25	90	32	57	15	15	59	100	43	
62	14	56	8	4	74	42	19	46	32	66	19	75	32	63	14	97	65	2	46	31	99	27	82	31	21	63	90	89	28	73	78	27	77	69	15	63	73	83	9	81	27	69	3	59	79	83	72	89	9	51	79	89	25	73	58	5	58	44	57	34	23	2	38	10	92	42	93	77	65	68	74	67	100	89	18	86	66	13	26	76	9	64	68	24	74	25	17	38	72	70	9	5	50	3	29	59	10	50	65	11	96	88	30	39	7	34	70	84	7	42	2	98	58	42	59	9	80	1	92	55	75	44	5	53	72	52	89	13	71	22	43	43	71	57	52	84	55	2	56	24	55	54	35	23	85	7	56	48	89	34	60	51	1	75	76	14	34	20	5	71	82	89	51	95	22	59	97	98	52	37	100	59	48	27	81	62	32	44	23	70	68	9	9	49	95	35	31	51	83	61	48	30	52	81	51	13	15	44	68	
96	96	75	86	74	68	21	24	59	21	67	34	84	24	25	40	7	14	96	59	26	74	80	2	25	48	69	52	88	51	7	16	1	38	50	27	89	57	94	12	90	71	80	84	79	62	48	18	16	11	4	11	60	59	88	98	8	36	73	29	90	14	2	22	62	63	47	25	70	63	16	29	41	75	66	40	10	59	19	52	64	36	81	20	11	20	14	38	65	50	52	12	84	42	52	28	94	26	97	17	19	26	85	69	4	32	21	66	73	32	8	72	32	27	88	88	58	48	26	61	25	87	27	4	63	61	6	82	35	99	6	88	14	36	8	20	52	83	24	45	78	16	13	32	69	5	2	89	74	24	36	87	86	62	23	29	72	33	6	27	73	41	92	96	28	32	62	56	92	32	71	42	68	82	25	32	78	79	2	59	68	54	81	52	69	7	89	71	98	72	5	44	85	94	36	31	78	42	25	64	
42	77	62	42	88	52	42	44	88	90	79	57	84	63	92	24	19	95	84	46	31	75	70	75	31	56	34	60	93	72	48	21	51	7	33	82	57	49	7	14	68	72	39	53	21	51	79	60	91	48	73	45	71	8	29	15	33	50	72	65	58	64	51	54	64	93	43	95	53	12	70	9	9	60	58	99	32	54	71	94	63	90	52	27	97	78	72	94	37	7	63	69	47	76	95	32	13	99	13	56	28	46	62	86	83	63	1	99	18	4	79	4	2	96	9	53	14	82	22	6	65	1	36	53	18	81	10	62	94	24	84	89	86	74	97	26	11	36	16	77	48	5	40	95	4	94	60	5	65	37	38	46	69	88	28	6	37	8	47	45	46	66	4	13	88	12	84	8	91	95	58	64	20	45	39	63	57	56	51	74	9	81	55	5	84	89	10	2	47	35	27	44	72	57	27	21	99	76	89	82	
10	82	27	19	1	43	69	24	32	12	55	25	4	73	17	75	4	8	17	77	59	23	24	22	6	41	4	49	31	77	85	93	14	41	86	25	66	70	93	99	65	64	81	51	8	30	43	4	74	35	68	83	91	14	87	68	58	32	19	36	52	44	13	65	28	39	40	39	33	28	93	93	84	67	88	64	25	45	76	19	20	32	79	17	100	36	17	36	4	44	52	68	51	89	71	30	26	83	96	53	10	83	70	50	93	85	50	13	29	39	98	64	72	13	83	81	43	78	40	94	23	76	69	93	47	95	52	95	74	63	13	42	22	100	26	3	78	78	97	53	74	28	23	44	42	95	47	26	17	77	69	6	95	63	56	14	88	9	61	37	44	8	78	64	57	71	41	43	48	37	60	8	3	21	21	46	33	61	76	26	9	52	5	33	67	21	38	36	72	63	11	82	20	89	1	16	68	7	71	76	
48	52	51	68	77	55	46	57	84	83	3	55	17	69	93	74	82	3	79	98	58	82	4	30	2	60	13	58	77	17	86	13	4	18	72	4	72	47	25	15	74	91	84	15	7	77	2	7	33	42	79	24	19	75	90	36	73	67	66	16	90	62	78	34	27	80	55	42	34	79	81	95	22	86	27	89	4	90	30	61	16	2	95	41	82	97	39	19	87	46	95	89	46	40	71	82	70	78	46	39	94	9	66	55	56	51	44	98	20	70	71	65	71	94	22	33	90	88	78	52	100	79	99	5	92	27	52	60	85	20	73	18	7	55	29	33	72	90	97	64	14	88	70	70	77	35	47	4	97	30	86	24	98	23	6	35	73	39	6	79	98	12	38	21	78	7	22	83	52	82	9	45	74	32	53	61	1	48	44	21	49	69	84	67	17	72	73	3	72	96	15	85	78	40	87	60	92	21	92	90	
4	68	25	64	59	72	76	96	48	58	26	31	89	19	82	16	12	70	54	20	24	31	70	47	92	5	18	50	49	73	100	34	84	32	19	52	17	24	86	32	16	13	100	51	57	54	41	57	94	4	41	62	10	41	36	5	26	88	72	58	53	45	79	56	100	26	48	41	40	43	9	55	33	95	27	84	29	15	52	53	57	4	80	56	79	94	12	47	62	35	80	7	4	27	74	65	58	53	9	56	64	68	88	20	99	93	96	56	2	72	18	43	20	93	79	67	45	11	1	31	19	73	31	5	7	27	75	67	19	51	12	23	32	73	49	21	50	87	9	83	46	51	71	33	90	74	14	61	36	69	87	51	7	64	44	92	57	10	20	87	61	48	81	57	80	66	76	24	98	28	55	11	41	15	40	52	45	87	15	62	95	7	89	21	72	78	65	32	53	19	31	64	74	37	94	82	65	29	55	50	
76	91	87	25	22	62	50	47	95	91	15	94	17	83	52	63	59	28	33	4	62	24	4	90	76	18	65	51	72	26	52	22	68	33	61	89	92	99	76	87	45	55	25	5	56	60	97	51	59	10	21	78	13	3	31	22	48	29	8	73	61	9	46	14	55	59	80	54	58	7	86	95	83	79	32	68	91	71	43	41	18	4	38	68	19	42	88	37	49	6	14	79	15	10	25	72	87	66	15	85	21	92	80	89	40	55	53	53	54	39	89	91	88	28	50	72	55	58	4	74	29	83	22	58	31	54	17	6	50	37	5	3	97	47	14	76	21	19	4	31	9	31	91	41	32	15	47	87	47	58	9	24	39	73	77	15	8	29	53	73	77	31	6	2	73	59	17	60	15	99	92	25	74	95	52	49	9	80	36	91	35	89	10	38	73	65	29	43	61	71	92	79	70	82	75	5	74	35	15	83	
2	82	67	20	98	7	23	26	35	11	97	82	75	69	47	69	40	72	44	100	11	77	23	92	60	65	55	78	34	18	81	95	19	39	36	100	18	60	59	30	48	25	89	55	30	40	52	97	59	24	63	6	29	29	33	38	26	35	35	41	5	45	82	93	4	31	31	53	27	40	6	78	43	21	12	38	34	38	10	5	56	97	97	52	19	43	60	70	28	11	21	40	90	40	19	31	85	78	83	33	7	38	13	86	81	86	75	76	28	72	5	28	94	37	18	98	14	15	24	39	34	8	53	70	71	5	17	82	7	92	28	9	19	21	62	35	32	32	58	57	76	97	57	58	36	46	95	31	16	22	58	7	10	52	20	62	64	82	54	78	63	5	31	67	81	76	11	90	26	70	12	37	33	27	79	54	62	83	44	87	31	71	2	36	3	32	43	4	35	97	44	11	82	31	52	34	46	99	67	25	
12	7	98	43	46	5	66	96	2	47	74	91	14	99	20	65	3	57	67	20	6	100	18	39	51	96	94	44	64	37	7	99	33	81	45	13	35	19	18	82	40	36	52	94	55	31	74	38	13	25	48	4	28	19	76	17	15	40	94	67	15	48	51	19	39	52	56	93	4	87	89	69	5	97	87	88	79	47	82	37	72	100	38	21	39	72	79	6	95	62	75	19	95	20	31	70	57	73	3	47	37	57	36	4	14	26	78	55	73	79	83	28	2	37	5	94	46	68	52	87	99	15	29	87	87	94	54	46	40	16	85	26	61	91	38	36	14	92	59	44	5	88	5	15	33	31	90	72	47	74	68	76	77	59	59	25	76	86	72	31	85	72	11	92	22	3	25	95	45	57	28	57	57	14	42	78	32	81	55	28	51	98	47	72	72	53	61	35	1	96	85	29	75	14	3	96	17	14	61	6	
69	84	55	68	59	63	87	99	5	92	81	43	26	98	28	87	41	73	15	18	91	5	5	23	33	63	100	36	17	94	79	8	93	61	65	15	11	73	81	68	99	32	91	8	97	28	9	71	61	18	38	71	61	19	44	38	31	74	59	55	57	47	58	89	33	12	61	75	32	77	62	59	88	36	66	75	34	35	43	51	19	2	48	17	70	50	88	18	96	63	5	88	13	6	67	64	91	30	10	69	79	40	33	47	90	30	62	14	29	63	66	31	6	5	42	8	89	59	9	76	16	56	93	24	70	18	71	5	58	24	74	1	92	17	31	52	54	77	40	96	25	6	7	62	52	69	3	90	89	83	68	94	19	12	31	41	35	73	66	54	30	93	81	92	30	68	96	23	90	14	25	9	7	51	74	30	79	23	27	13	83	72	35	63	96	19	71	97	96	54	79	27	31	38	95	54	59	99	43	35	
41	14	6	10	67	24	44	71	43	97	28	45	62	34	100	90	71	13	29	15	84	28	90	31	69	24	78	86	51	76	25	69	26	17	67	33	44	41	75	2	89	6	48	93	11	25	52	62	70	84	69	68	94	48	78	16	82	43	76	32	67	56	18	89	19	85	27	43	59	23	96	47	64	65	37	18	59	27	46	3	36	86	82	67	58	22	52	5	32	65	96	26	1	70	19	66	26	7	13	5	88	49	28	42	19	76	93	41	89	78	39	81	58	12	93	24	25	75	77	30	60	77	20	59	71	15	66	33	49	19	33	60	7	18	19	21	38	89	48	45	41	30	79	1	87	25	96	9	75	62	36	3	69	60	98	69	91	58	88	2	16	63	43	14	53	56	65	3	93	27	76	63	63	6	73	21	52	4	19	58	61	5	27	11	15	31	92	44	85	79	82	92	97	53	42	16	92	28	58	14	
5	58	4	64	2	24	69	45	9	65	90	51	95	65	38	92	24	74	37	46	19	68	87	88	75	95	26	45	14	25	30	90	12	74	50	95	75	97	9	17	8	46	95	48	44	35	7	83	86	35	55	70	33	9	77	64	88	42	57	15	49	3	53	65	75	59	80	35	59	2	9	76	37	61	45	75	70	39	54	2	86	4	1	57	72	53	66	22	46	14	95	42	53	29	1	38	27	84	71	71	26	1	70	46	94	87	61	87	23	79	40	86	39	62	73	66	87	31	74	82	92	38	93	58	80	22	70	91	10	75	5	90	25	14	33	28	71	12	88	92	8	84	9	46	7	30	67	66	17	32	73	34	73	34	44	77	50	45	94	34	76	49	81	60	21	17	79	74	41	2	78	15	2	54	60	81	6	52	8	25	48	44	44	82	85	64	79	11	29	27	92	4	5	91	47	37	59	9	37	71	
18	46	23	46	65	65	95	67	33	52	35	65	37	97	56	29	35	91	90	73	5	44	96	68	27	21	64	63	19	98	37	98	68	11	87	69	92	3	19	10	85	98	72	19	50	39	3	18	90	17	79	21	25	82	21	33	71	47	76	99	50	13	2	29	35	42	99	68	23	82	28	84	84	87	75	62	16	68	35	98	74	90	61	89	41	45	98	63	46	77	13	10	31	3	8	24	92	70	23	83	36	47	94	24	23	21	19	42	67	90	1	33	25	23	67	23	51	18	35	45	87	93	35	37	39	84	96	31	47	33	76	53	11	30	89	21	24	12	47	51	49	87	29	57	7	38	10	86	28	44	89	52	24	74	83	28	96	44	12	77	36	60	10	64	61	100	59	48	92	35	81	32	81	24	55	37	72	34	72	90	30	85	72	20	78	74	70	82	75	31	97	5	1	12	54	3	81	82	35	68	
23	43	46	14	59	44	91	57	93	37	81	87	49	27	69	86	53	79	37	98	82	53	86	86	77	40	21	78	1	39	38	16	2	19	57	28	40	42	18	54	61	54	33	13	50	30	52	43	73	12	80	14	17	13	31	96	64	41	26	9	56	11	2	60	23	60	93	34	95	84	73	54	92	87	69	32	36	83	8	28	39	8	27	30	9	34	91	82	11	2	57	37	19	35	44	81	68	27	75	87	52	61	94	56	65	83	21	15	6	70	92	19	30	10	42	54	93	84	82	18	49	49	47	7	21	43	55	76	22	66	97	13	39	61	8	22	61	10	66	2	19	99	85	91	23	97	18	18	39	51	43	56	56	66	39	1	19	62	43	21	66	76	70	91	26	18	86	25	81	24	77	74	38	76	69	62	77	40	54	32	52	94	57	89	40	37	82	31	14	38	53	91	12	56	13	14	70	71	90	85	
97	93	65	24	83	12	73	43	36	78	73	13	54	69	53	31	50	97	15	30	53	25	90	28	38	29	36	49	60	55	54	40	47	17	78	59	46	49	2	7	59	96	51	7	81	49	14	42	48	41	68	58	25	28	13	7	31	70	66	3	68	62	11	64	76	76	92	14	12	3	95	7	44	31	50	61	10	40	24	93	44	83	15	51	49	88	92	76	36	55	39	99	26	75	84	19	16	48	76	43	43	90	7	70	37	83	77	40	3	11	19	12	42	17	43	18	60	73	50	100	4	87	56	19	22	37	61	78	81	16	47	79	38	61	33	12	53	17	66	36	80	32	2	1	54	10	45	33	48	16	39	98	46	84	59	58	46	86	15	2	45	47	92	41	33	76	18	41	80	25	12	68	11	64	47	13	14	62	88	57	81	36	27	1	87	94	75	52	3	95	42	47	54	13	75	16	86	22	13	91	
33	94	76	94	67	23	5	95	32	27	56	46	10	9	38	98	86	49	30	10	38	6	23	17	41	96	28	13	99	83	98	86	67	100	1	53	16	17	5	37	49	17	59	16	4	10	85	20	100	86	80	20	62	87	68	47	1	23	86	55	62	71	32	90	56	67	47	7	3	41	59	89	43	71	35	71	63	47	20	45	83	27	4	4	96	94	50	70	94	17	26	33	73	63	35	57	43	42	70	93	89	79	79	71	79	59	46	38	41	34	6	53	90	1	77	61	44	94	12	24	23	10	21	34	91	28	76	1	88	93	46	80	38	49	86	96	4	74	47	86	87	92	84	88	12	89	60	26	89	8	87	54	7	6	4	61	21	69	87	97	62	87	92	93	66	52	29	81	86	30	71	29	5	47	71	33	26	38	98	15	51	31	21	16	60	82	5	34	96	54	16	37	3	14	16	40	64	76	27	49	
26	15	52	91	21	19	93	62	35	4	34	14	29	43	91	81	73	52	52	19	21	43	1	55	21	54	97	45	19	99	37	86	55	57	61	28	94	90	55	52	23	17	17	36	51	62	62	94	96	71	43	18	21	100	74	37	20	2	86	14	52	53	82	32	9	69	49	40	17	70	19	36	59	82	50	4	64	39	80	40	20	60	28	58	91	30	31	32	40	73	77	80	62	27	69	50	87	60	91	32	12	17	21	70	59	90	100	86	67	66	95	88	95	8	53	94	29	46	11	3	64	23	85	97	1	13	83	30	90	25	55	81	23	61	52	77	54	37	35	12	19	10	53	67	58	65	71	35	69	53	36	75	10	28	64	54	68	42	6	47	70	87	43	30	32	29	79	48	57	55	8	38	90	59	97	78	33	97	62	15	13	78	99	68	92	65	74	46	17	59	92	59	81	70	86	64	48	100	57	11	
19	6	44	30	34	97	66	57	11	49	22	81	84	45	13	15	92	3	97	8	93	56	39	55	64	62	20	30	3	48	82	58	57	91	33	19	8	86	40	33	82	7	24	30	29	24	30	33	27	80	30	25	43	90	60	75	7	78	44	4	23	5	8	12	87	60	54	68	33	17	88	6	53	38	86	48	45	79	75	25	27	41	74	54	62	8	43	59	10	23	2	18	31	95	56	99	1	24	10	94	85	100	9	65	63	96	18	42	75	9	82	44	33	53	75	21	96	75	26	96	26	10	9	75	22	95	71	10	75	91	76	83	25	8	16	11	80	57	11	4	91	52	71	31	88	11	35	94	93	94	80	44	47	95	23	56	55	69	11	58	77	47	10	100	26	65	60	7	79	22	23	94	67	48	72	36	14	71	4	59	15	42	76	7	21	29	35	99	14	99	28	9	82	71	22	76	100	44	79	58	
57	74	5	67	77	93	51	97	21	13	8	77	85	65	65	41	49	47	64	59	77	6	74	81	63	83	9	9	60	27	16	9	69	16	52	23	96	72	65	50	12	10	57	3	13	60	44	42	26	8	47	66	30	64	90	25	6	52	30	100	22	96	27	86	46	2	80	41	97	77	21	56	24	39	78	73	75	35	65	95	1	14	30	71	27	52	5	94	5	8	23	3	14	75	17	77	92	79	56	80	100	68	45	35	99	18	27	66	75	60	89	9	36	78	42	41	91	25	55	36	68	33	85	7	9	35	76	35	39	19	58	12	4	82	81	84	75	7	94	31	58	89	76	30	27	33	36	66	67	39	88	3	88	58	78	86	26	43	15	59	89	93	28	55	50	91	3	76	77	98	25	30	19	63	49	86	100	49	25	100	44	25	89	71	92	55	15	67	61	43	58	37	35	90	13	27	57	79	90	58	
7	47	45	85	9	35	8	92	25	47	50	79	78	27	27	49	43	36	68	46	80	93	31	10	6	3	40	29	82	76	49	83	36	18	55	52	43	41	68	48	8	4	85	75	77	41	19	98	26	26	89	66	64	60	100	90	80	22	77	85	42	100	70	65	59	47	60	16	74	65	4	1	6	28	38	80	44	61	36	97	96	8	1	99	53	70	6	18	4	32	99	16	76	86	38	89	2	97	8	77	85	96	89	54	30	69	41	35	25	92	21	85	18	2	3	55	22	51	54	66	31	55	36	3	63	34	49	37	42	3	81	54	99	17	37	77	8	2	78	32	81	48	60	21	60	50	7	16	22	38	65	77	77	81	22	8	16	22	17	57	87	15	10	87	11	78	48	16	77	92	94	8	3	82	44	3	52	48	43	43	68	64	82	76	90	50	83	25	6	35	14	71	68	85	91	49	11	58	58	49	
