200
4529
99	55	96	34	82	71	51	14	80	7	96	57	16	10	23	95	8	9	23	39	66	54	50	37	75	2	55	65	66	1	58	5	6	61	87	49	91	45	72	43	21	85	32	8	38	53	57	80	77	49	26	41	9	24	57	73	2	63	88	12	15	25	41	15	23	34	85	75	68	75	42	83	70	61	35	36	66	54	18	54	85	18	24	2	51	87	37	14	29	50	63	21	30	59	19	67	91	24	9	82	53	94	57	65	34	44	29	46	11	82	42	85	80	45	97	44	83	95	94	57	34	88	4	75	57	20	24	40	22	59	5	40	52	43	53	83	60	9	92	62	17	40	58	28	39	87	73	53	86	58	43	91	79	48	40	31	98	63	1	50	81	95	3	80	45	9	97	87	30	96	26	37	43	95	39	95	18	40	80	1	10	18	9	26	10	63	28	47	66	71	81	80	86	14	49	12	28	46	50	23	
26	100	4	38	22	87	26	14	74	48	47	74	80	68	83	12	60	33	96	23	80	29	83	9	96	92	9	72	50	93	32	83	23	25	21	21	25	58	32	1	35	8	45	95	85	50	80	70	69	14	2	30	60	91	58	52	51	55	59	1	1	83	55	73	76	38	11	90	67	61	37	82	4	90	92	77	18	34	23	75	54	93	20	14	34	68	7	51	39	72	8	59	57	62	18	26	15	79	76	17	90	23	59	2	84	14	83	32	43	19	26	94	3	48	11	56	16	53	4	15	8	61	43	59	73	50	15	14	44	96	69	20	15	6	39	43	58	73	51	88	87	24	51	19	59	80	25	81	88	68	60	49	91	62	27	12	39	66	54	30	9	8	26	52	30	12	86	11	98	97	46	35	22	28	92	61	17	30	65	65	50	39	69	86	36	18	49	74	62	56	43	69	12	57	10	70	76	20	68	18	
100	90	17	38	8	57	26	15	27	69	32	97	83	97	51	89	63	65	4	19	14	70	65	45	23	58	66	80	23	13	46	70	92	9	99	34	62	97	96	4	45	37	26	50	59	38	9	4	7	59	82	35	43	37	31	39	82	28	73	23	87	58	84	10	16	46	14	36	36	27	49	87	83	60	99	45	31	77	63	81	41	55	42	86	88	31	88	68	27	25	19	76	36	19	32	17	73	78	54	44	18	5	74	26	37	84	21	3	65	27	64	42	27	46	98	56	1	59	49	73	22	98	97	46	46	69	14	28	23	10	69	91	56	36	79	82	4	6	10	55	10	64	49	10	63	5	61	92	26	13	22	86	27	92	11	18	55	19	8	32	69	11	83	96	9	70	34	48	62	67	47	12	61	73	61	11	72	96	7	15	5	17	45	90	29	100	34	42	94	10	50	11	36	40	40	29	97	49	98	76	
4	17	35	48	64	35	84	58	77	28	12	74	35	24	25	5	17	71	38	28	26	95	49	10	73	4	55	55	69	85	33	44	33	90	42	46	91	23	57	45	92	23	65	94	5	4	94	47	57	62	60	8	33	12	99	59	31	6	7	53	78	17	55	61	26	80	67	49	33	20	85	95	43	49	36	82	92	65	81	81	23	15	94	94	29	21	29	3	59	100	12	22	63	53	58	78	60	74	26	95	6	20	71	21	33	2	25	76	80	22	24	17	17	16	31	60	40	68	57	7	4	50	60	27	23	27	24	23	17	71	95	18	100	27	54	36	51	22	28	67	97	83	31	83	48	90	73	41	49	36	19	24	15	29	47	96	26	43	59	20	8	20	58	83	100	17	43	18	67	36	69	57	78	11	24	89	70	73	84	100	6	39	17	7	67	64	83	97	83	89	74	64	31	73	21	87	3	60	23	76	
38	38	48	11	3	58	3	10	7	80	45	75	57	76	30	67	53	30	68	100	86	95	97	50	86	64	13	84	93	65	7	50	43	97	83	61	79	67	84	88	25	100	1	68	29	77	69	48	70	74	23	78	70	51	34	35	40	85	86	40	97	48	100	38	56	28	16	94	72	37	86	19	98	56	95	65	85	82	88	84	89	4	34	44	33	67	65	89	39	58	64	24	75	58	21	53	66	23	93	80	50	42	16	67	32	28	35	67	42	30	7	63	54	55	75	88	100	49	7	26	65	58	87	25	21	90	45	98	80	71	66	83	64	75	64	30	17	46	70	35	52	77	12	17	89	91	40	35	93	94	5	23	57	40	93	14	74	89	98	43	56	86	64	28	39	59	80	21	74	73	36	97	58	78	18	10	10	50	99	87	45	36	66	41	4	94	72	64	63	100	59	26	40	2	12	35	80	42	96	16	
22	8	64	3	73	53	76	30	81	42	31	6	32	72	22	51	60	82	64	19	33	92	64	79	29	42	49	35	76	66	53	45	6	36	20	15	10	46	12	19	36	86	27	44	100	100	85	88	28	18	68	60	54	23	34	41	30	77	91	13	69	65	95	90	34	24	25	10	2	54	34	9	98	13	7	82	64	88	57	55	85	25	59	9	36	38	60	74	66	89	51	79	15	61	37	73	28	20	88	99	34	81	12	25	87	30	21	38	29	38	2	57	93	41	16	84	38	38	63	14	72	41	69	69	14	64	97	62	76	57	68	41	91	45	84	74	94	85	58	51	61	3	71	65	98	30	88	17	80	2	65	69	53	81	45	88	34	88	75	65	73	25	14	69	85	85	90	15	23	8	30	86	38	55	16	93	54	61	67	8	46	62	78	11	18	6	29	55	75	23	85	16	64	60	18	56	11	37	53	98	
87	57	35	58	53	90	76	87	91	28	24	94	74	90	7	27	98	17	18	36	13	35	58	27	11	98	65	76	89	92	21	66	49	57	75	73	59	98	67	1	82	73	8	99	100	71	68	22	83	72	15	28	46	27	13	94	80	45	41	4	14	3	84	37	46	60	20	98	27	48	25	46	95	60	57	52	10	77	35	57	97	82	83	45	6	92	4	70	13	70	55	70	78	87	41	66	51	2	32	58	31	46	1	76	45	34	77	15	62	74	38	21	45	45	89	100	22	61	41	94	16	15	75	54	12	49	24	17	28	10	71	91	74	53	57	40	72	31	73	63	6	67	59	62	80	4	32	30	21	23	28	100	59	10	42	16	53	95	48	87	27	46	91	61	91	54	93	64	22	52	35	97	86	69	30	9	55	19	71	84	31	80	67	19	23	39	48	67	1	72	9	90	99	68	62	33	51	51	69	80	
26	26	84	3	76	76	64	41	45	91	60	66	61	61	97	87	71	59	81	44	61	7	1	93	23	87	98	72	84	3	25	20	65	67	81	10	90	30	22	58	51	82	25	16	17	60	48	73	80	74	57	8	6	64	17	38	9	88	43	66	30	53	75	40	39	73	67	17	40	22	57	71	69	29	48	7	88	66	34	17	66	55	55	89	85	83	52	49	66	17	64	85	31	68	66	12	51	15	81	95	50	30	38	86	58	47	84	10	86	51	51	5	88	24	39	8	8	86	82	84	71	19	16	84	94	23	39	72	9	43	34	58	49	9	24	33	89	85	92	13	21	25	53	30	70	17	48	19	24	69	32	91	32	30	68	59	32	85	62	87	39	10	87	80	45	47	10	73	86	51	11	93	37	66	97	84	19	10	24	28	69	34	19	57	63	35	27	45	87	16	98	16	68	18	32	40	56	51	22	99	
14	15	58	10	30	87	41	1	38	23	89	71	21	10	82	23	97	51	24	39	22	65	8	51	100	80	83	92	18	17	91	88	62	71	44	55	96	46	59	31	48	88	99	96	34	51	33	9	84	59	81	4	16	87	98	46	48	88	61	60	2	82	100	39	27	71	57	85	86	67	91	69	65	11	31	64	19	83	85	87	41	60	12	72	18	2	82	52	8	19	1	100	26	9	61	29	14	14	90	47	95	100	79	6	97	68	3	39	39	68	69	21	98	49	51	28	10	42	85	16	73	4	32	86	41	32	92	30	78	81	95	75	47	21	82	76	81	100	12	83	15	50	98	75	30	99	33	10	58	9	29	48	39	72	83	66	92	99	26	36	78	4	54	5	32	77	16	59	58	55	10	23	80	41	14	49	29	10	20	25	57	3	76	78	30	55	7	33	68	66	42	26	38	62	54	59	85	32	57	90	
74	27	77	7	81	91	45	38	77	76	55	100	22	71	5	75	26	81	62	94	100	91	65	30	24	77	91	18	42	56	20	88	12	76	29	16	29	39	12	1	58	42	42	16	3	59	49	66	9	80	18	63	56	39	81	22	31	32	61	73	53	88	32	26	65	93	45	50	50	8	16	50	63	52	20	86	67	76	13	63	62	42	29	41	86	9	50	86	26	20	79	51	71	12	50	23	23	51	97	18	58	23	7	90	35	74	44	65	3	85	76	79	55	12	12	27	54	76	17	89	55	35	57	63	100	11	24	59	36	32	52	93	60	6	5	3	57	76	40	19	59	69	60	60	100	3	11	67	3	42	85	37	93	29	35	83	40	8	46	75	38	93	55	62	99	57	79	85	90	30	80	55	17	91	93	61	70	16	99	41	61	37	49	19	97	60	32	4	97	87	78	70	50	43	76	65	98	78	67	10	
48	69	28	80	42	28	91	23	76	12	31	17	75	36	69	94	12	56	18	48	93	61	82	98	44	54	10	98	33	17	100	99	35	62	87	97	51	9	100	9	6	24	18	72	50	99	43	43	20	36	78	12	41	95	32	44	66	36	14	13	9	33	53	40	3	62	66	78	60	10	14	87	13	92	77	66	80	56	15	12	50	7	71	31	84	41	91	23	93	83	71	28	85	55	82	53	24	26	83	37	62	98	8	65	44	51	52	92	41	77	48	71	79	66	49	58	26	49	61	19	30	72	67	99	50	81	61	71	100	70	84	78	66	94	63	2	25	93	65	49	26	98	68	76	2	8	10	82	81	88	51	66	51	87	85	39	17	27	85	91	49	46	89	26	84	88	38	5	67	19	4	6	16	29	46	69	10	41	30	50	24	30	33	25	73	46	58	81	58	31	7	51	79	42	15	83	38	77	58	82	
47	32	12	45	31	24	60	89	55	31	76	63	41	35	53	15	7	59	6	40	61	25	55	66	98	44	10	75	100	70	13	40	7	42	77	24	84	93	33	53	87	7	39	88	61	92	89	13	21	70	67	27	9	68	21	72	69	88	26	80	77	95	65	87	18	73	80	30	92	58	99	95	28	75	30	97	71	91	75	89	28	90	47	87	72	25	66	42	9	74	61	8	63	17	32	53	51	61	80	81	73	10	62	37	38	31	4	23	33	7	49	41	5	68	70	69	41	42	11	16	87	85	53	49	22	53	26	7	33	95	52	98	55	92	45	55	42	41	34	94	86	29	52	3	21	17	71	30	44	19	73	37	14	33	11	53	15	92	23	10	86	77	1	51	44	46	2	82	95	58	39	85	42	49	98	2	28	13	41	41	66	97	55	15	66	24	19	23	61	59	52	69	49	96	69	32	61	5	5	72	
74	97	74	75	6	94	66	71	100	17	63	94	13	49	5	80	3	53	40	31	14	6	100	99	6	4	27	32	95	67	51	79	11	37	69	56	71	37	46	58	27	68	84	20	80	74	16	86	55	69	78	51	22	41	59	6	19	90	34	45	27	74	38	80	58	18	87	5	53	33	42	34	83	35	38	74	16	32	99	95	91	60	35	59	31	53	16	97	41	33	63	37	32	45	57	76	27	5	4	60	48	14	72	46	83	10	91	8	35	71	93	63	14	43	32	2	94	67	63	74	25	15	85	1	98	93	66	32	50	25	70	39	41	26	36	30	35	15	93	1	61	30	16	14	46	34	2	6	78	43	33	81	55	11	87	67	81	100	85	75	63	33	23	9	29	26	41	52	4	4	41	91	43	6	83	85	52	56	55	10	30	94	92	68	21	26	15	59	38	50	58	11	63	37	45	32	84	81	83	1	
80	83	35	57	32	74	61	21	22	75	41	13	89	4	94	29	32	33	45	13	43	36	98	33	81	38	14	1	97	77	84	21	74	61	38	33	68	79	38	98	96	76	36	32	35	78	46	11	81	78	41	89	38	91	64	67	93	66	35	36	51	53	25	20	43	3	5	25	68	54	22	74	83	47	38	39	68	48	42	95	2	58	95	54	27	49	61	73	74	81	57	86	43	3	72	73	49	37	13	100	16	55	74	39	51	42	15	39	83	97	37	12	33	88	100	11	91	49	4	67	2	65	5	7	55	98	48	13	60	61	1	97	7	11	53	51	10	93	81	22	25	3	91	90	88	25	76	79	81	24	25	94	76	62	81	93	61	97	42	26	56	70	21	7	97	51	62	5	8	88	84	38	58	34	68	8	78	82	17	47	94	72	23	63	34	92	46	49	22	19	9	94	91	58	8	2	84	45	55	13	
68	97	24	76	72	90	61	10	71	36	35	49	4	47	84	56	30	17	78	35	7	29	77	24	36	37	21	69	39	22	94	92	53	13	38	42	69	25	41	79	43	63	94	76	16	79	6	66	38	1	62	11	99	89	38	6	83	90	2	5	1	12	58	21	39	81	68	5	49	37	28	31	5	48	58	69	9	39	8	52	67	6	80	1	15	77	45	24	97	70	84	45	68	57	89	66	86	90	39	91	60	24	24	44	49	61	40	35	12	5	63	3	18	89	74	35	73	7	80	7	8	7	60	1	17	22	45	85	17	61	1	54	39	47	27	45	26	60	58	19	58	95	97	3	10	36	57	80	13	87	54	14	42	27	38	19	40	73	68	66	84	95	85	82	32	53	11	19	74	24	90	35	83	2	94	93	97	84	35	13	100	5	5	26	55	50	74	72	45	77	20	66	24	21	40	82	22	20	17	19	
83	51	25	30	22	7	97	82	5	69	53	5	94	84	11	41	26	45	56	41	15	31	67	43	78	88	20	65	70	3	25	90	84	70	88	4	82	73	47	62	34	61	12	25	91	95	51	9	26	88	35	27	68	26	64	70	28	13	31	12	57	46	82	28	70	72	52	92	4	44	24	34	47	77	16	50	83	60	73	63	63	16	66	12	74	7	11	84	1	22	41	44	74	18	74	57	98	87	72	13	90	15	19	57	74	15	40	64	89	16	22	60	75	29	16	64	11	12	92	6	62	12	58	26	71	77	78	90	75	47	1	79	76	83	53	41	15	1	67	34	88	48	34	35	21	38	28	29	79	98	75	39	72	36	20	61	61	31	17	94	14	97	63	16	18	24	72	35	96	88	56	8	16	46	32	59	52	82	18	84	8	96	35	27	33	73	33	38	29	93	25	25	12	37	79	72	44	12	89	94	
12	89	5	67	51	27	87	23	75	94	15	80	29	56	41	72	76	93	5	38	41	63	27	46	47	76	19	67	65	38	65	11	83	92	7	54	53	24	22	92	61	32	9	46	61	76	53	91	71	53	6	84	3	47	68	65	87	38	95	24	97	15	92	74	39	40	26	74	93	37	42	33	51	3	20	67	87	49	53	73	77	51	8	89	25	22	14	84	62	41	100	31	24	41	25	70	29	24	46	46	91	91	90	94	88	98	31	50	74	41	17	63	39	45	83	65	40	58	75	40	59	61	40	56	14	84	16	53	13	36	22	33	81	40	57	44	42	81	12	43	12	25	80	87	10	67	75	80	86	56	86	4	63	19	36	79	27	34	41	97	30	99	7	50	50	45	71	60	35	40	53	88	91	65	40	29	82	47	33	17	12	27	11	14	83	40	43	15	30	91	31	36	83	81	19	37	27	69	69	59	
60	63	17	53	60	98	71	97	26	12	7	3	32	30	26	76	72	3	42	81	54	65	26	58	62	31	25	31	12	33	73	42	44	17	72	4	85	34	65	51	29	80	63	75	81	2	13	58	27	13	64	28	23	47	4	19	36	58	97	12	18	40	25	2	92	96	67	57	80	18	5	34	68	26	34	90	13	30	28	92	89	81	64	20	18	5	36	25	21	1	12	5	53	40	52	18	90	35	51	73	65	47	87	82	45	88	87	39	63	80	84	82	54	23	41	40	68	45	61	16	8	83	49	15	80	97	27	94	69	6	60	98	30	8	67	55	31	97	27	85	1	25	83	14	99	51	57	13	20	47	25	87	63	86	15	35	19	21	3	12	72	43	79	66	89	6	31	74	34	92	26	97	9	68	74	59	57	37	33	72	99	52	98	54	71	84	41	82	57	68	74	34	72	46	24	84	43	17	35	74	
33	65	71	30	82	17	59	51	81	56	59	53	33	17	45	93	3	83	9	18	66	81	47	25	72	52	11	21	54	36	61	64	4	76	55	90	50	55	54	32	57	44	62	57	38	22	19	27	33	71	18	73	51	36	28	48	83	12	76	54	77	99	47	32	37	65	54	10	30	20	99	76	48	30	85	56	21	45	24	81	74	26	69	6	16	6	77	51	10	27	96	27	60	100	43	81	2	15	7	43	25	92	40	33	66	80	81	46	26	16	38	4	10	67	32	88	30	78	42	80	7	87	24	95	76	93	17	76	16	57	4	77	66	99	36	93	15	94	16	70	83	82	23	30	100	6	38	1	96	85	49	6	92	47	65	34	37	45	56	73	83	62	52	85	62	31	43	40	79	16	33	54	26	34	2	55	43	17	89	90	46	91	11	8	38	5	20	47	46	18	31	58	22	95	93	10	100	9	64	34	
96	4	38	68	64	18	81	24	62	18	6	40	45	78	56	5	42	9	59	25	35	23	67	24	40	92	85	29	68	76	63	86	73	65	66	77	54	95	36	77	53	46	11	71	18	69	80	96	4	99	29	100	65	63	17	6	40	45	36	93	67	1	23	95	29	91	28	53	46	81	11	84	29	75	31	34	55	8	72	94	64	14	33	46	24	35	41	100	72	89	43	8	3	85	65	76	35	12	61	49	1	41	36	26	81	100	26	27	97	96	41	88	6	5	58	6	19	74	73	73	75	19	48	1	53	84	49	47	98	15	51	43	89	4	78	25	8	70	25	22	3	64	96	72	95	99	11	2	51	22	56	30	52	7	10	59	59	29	73	44	77	80	57	78	8	40	79	73	41	62	18	42	2	87	90	70	11	100	11	33	38	37	72	8	10	54	14	73	94	29	44	66	30	99	16	58	4	54	78	32	
23	19	28	100	19	36	44	39	94	48	40	31	13	35	41	38	81	18	25	15	99	26	21	43	91	47	73	57	83	81	37	97	98	87	40	84	10	88	32	61	30	46	30	76	77	20	41	99	44	27	31	23	27	39	64	25	78	81	52	9	29	77	97	65	95	19	55	36	66	86	49	84	43	99	88	96	41	86	32	30	90	28	23	98	81	96	22	22	38	93	70	19	42	44	37	84	82	22	72	47	48	85	64	35	65	11	91	70	2	86	61	46	26	47	95	42	36	52	43	11	74	27	84	40	56	97	53	1	10	36	87	45	41	54	96	15	82	88	11	79	6	80	81	75	80	3	43	25	73	7	39	10	37	27	3	5	40	86	22	87	78	59	57	88	35	13	9	47	26	29	69	26	100	10	80	78	2	23	76	88	12	90	61	62	36	90	17	29	37	40	14	45	1	9	71	1	27	91	46	61	
80	14	26	86	33	13	61	22	100	93	61	14	43	7	15	41	54	66	35	99	46	51	94	20	28	20	2	96	42	97	25	94	2	6	61	97	87	61	11	29	24	33	70	1	17	41	34	23	97	94	28	44	84	52	18	9	38	37	13	22	23	47	33	57	21	38	63	42	36	39	47	41	59	29	7	27	50	82	96	20	24	6	59	17	56	82	62	35	52	35	37	19	78	70	16	12	85	39	77	20	28	51	1	29	55	14	68	63	39	58	12	24	73	14	2	59	30	90	62	13	51	63	27	66	68	78	20	85	75	66	11	46	24	21	55	95	39	28	60	27	97	37	84	71	96	5	50	80	37	70	42	7	14	28	3	22	51	39	18	77	60	26	50	63	49	82	68	6	29	24	80	33	2	69	26	49	29	49	11	97	31	27	1	1	65	2	97	93	77	58	75	98	95	10	1	54	13	73	60	94	
29	70	95	95	92	35	7	65	91	61	25	6	36	29	31	63	65	81	23	26	51	71	14	32	18	72	1	54	73	35	3	35	97	12	71	50	74	62	42	64	78	99	58	21	5	93	95	15	58	89	91	94	68	7	74	92	49	46	27	57	12	34	75	80	10	48	47	27	76	95	22	68	70	70	6	7	79	88	96	2	97	14	93	88	24	70	4	85	32	71	47	52	8	94	14	23	49	90	61	57	56	96	49	4	68	1	93	10	36	16	29	38	10	81	69	16	45	31	77	49	25	84	96	75	77	97	99	46	4	74	10	32	94	40	28	95	22	37	64	10	57	58	57	43	73	35	24	76	79	63	17	91	98	11	97	72	14	21	76	21	99	50	23	81	29	86	78	39	23	77	7	90	5	46	32	58	26	47	32	38	21	48	29	62	96	60	69	9	27	58	21	42	14	58	73	20	22	45	98	37	
83	65	49	97	64	58	1	8	65	82	55	100	98	77	67	27	26	47	67	21	94	14	18	31	53	74	14	81	21	1	82	100	74	13	13	19	81	33	80	69	92	12	89	74	77	4	50	49	54	40	63	27	21	64	12	93	29	36	49	89	51	73	10	45	33	32	45	64	100	91	8	34	17	28	40	45	31	12	4	23	34	83	61	98	41	87	8	70	59	54	56	11	92	87	28	34	7	90	99	98	73	50	44	73	72	61	99	68	78	21	48	38	12	38	55	20	94	90	78	79	67	58	58	8	78	27	97	21	21	5	99	76	56	63	15	10	11	5	19	78	90	13	29	79	89	43	54	17	83	87	96	99	23	14	76	93	3	81	47	31	47	38	20	94	72	4	33	12	7	20	36	91	3	90	94	2	12	11	50	41	70	69	51	11	79	47	95	68	41	61	96	74	27	97	16	74	56	63	38	68	
9	45	10	50	79	27	93	51	30	98	66	99	33	24	43	46	58	25	24	43	20	32	31	29	79	54	67	24	79	19	38	3	57	24	31	15	27	76	16	2	46	3	14	44	38	56	95	76	31	25	62	94	52	48	98	61	21	97	100	52	27	80	54	100	89	97	2	3	69	77	21	8	55	98	80	65	85	34	55	39	77	60	51	57	64	52	88	97	30	63	96	24	34	82	14	15	57	64	98	75	51	87	86	11	62	54	47	58	54	92	29	22	80	43	7	52	88	22	59	22	23	66	57	77	64	11	39	86	11	23	23	21	77	87	95	24	73	40	49	14	61	64	7	13	38	80	58	96	35	27	1	3	35	46	58	23	55	45	21	58	87	94	29	91	100	43	46	18	37	56	11	38	29	32	28	99	70	73	70	49	69	24	40	45	58	14	81	9	82	62	75	66	58	27	31	58	89	94	30	68	
96	23	73	86	29	11	23	100	24	44	98	6	81	36	78	47	62	72	40	91	28	18	53	79	1	91	82	58	25	15	35	52	77	55	33	70	64	90	85	98	83	67	48	75	48	17	20	22	53	17	93	73	80	45	42	7	2	34	23	86	34	39	80	5	44	34	36	7	76	30	3	15	32	45	87	49	5	72	69	55	24	25	66	34	26	80	82	81	38	21	10	100	42	22	27	43	81	23	16	85	61	18	57	51	81	76	19	38	34	80	45	3	78	34	57	4	64	21	41	78	36	71	72	19	97	64	90	43	61	95	37	26	52	41	53	37	21	33	79	54	15	43	31	27	2	7	3	60	76	92	13	16	39	97	26	26	17	63	5	54	75	25	6	33	95	95	12	88	2	23	40	85	37	52	38	29	28	24	51	52	94	48	100	33	75	93	67	59	36	71	66	80	19	3	59	49	100	57	52	28	
92	58	4	64	42	98	87	80	77	54	44	4	38	37	88	76	31	52	92	47	20	72	74	54	91	31	14	37	65	19	84	10	34	53	69	95	87	47	51	68	96	43	23	3	61	46	33	62	39	55	23	36	70	52	89	33	70	73	82	71	41	97	24	87	95	60	11	93	38	82	22	29	93	49	3	36	96	100	70	46	16	39	70	38	25	53	74	20	5	68	94	86	23	71	57	44	72	47	93	30	93	93	98	55	20	78	79	13	9	30	49	46	20	46	49	81	67	25	100	45	86	90	13	27	42	100	84	53	52	7	96	26	13	76	95	51	12	62	17	14	43	43	63	63	28	89	7	79	74	87	65	62	95	23	14	38	38	88	82	74	91	62	79	4	14	54	5	57	98	63	28	19	90	48	87	72	4	50	3	63	53	1	93	38	36	54	10	28	4	5	15	67	84	6	60	80	54	50	40	97	
9	66	55	13	49	65	98	83	91	10	10	27	14	21	20	19	25	11	85	73	2	1	14	67	82	14	20	48	29	50	12	50	86	35	10	11	77	31	6	5	34	23	19	44	89	53	27	75	9	96	50	66	20	74	35	63	6	63	94	20	45	5	47	43	54	14	37	100	32	24	90	21	96	43	63	93	43	90	13	87	95	41	17	60	9	63	93	3	19	45	75	72	58	23	50	17	90	87	41	54	57	4	51	27	12	41	5	86	71	51	69	20	18	22	49	65	70	48	89	37	89	78	45	80	64	59	34	40	46	64	16	63	1	8	97	89	21	31	11	10	50	93	67	13	22	21	11	92	46	22	57	28	7	23	35	97	54	16	4	17	55	66	63	16	98	24	16	85	42	86	38	7	29	14	71	75	81	83	88	52	73	24	78	16	37	45	82	11	16	49	84	1	28	44	92	92	33	93	24	97	
72	80	55	84	35	76	72	92	18	98	75	32	1	69	65	67	31	21	29	57	96	54	81	24	58	37	48	72	70	81	96	30	58	10	46	53	44	7	92	68	8	13	52	97	100	70	64	22	29	26	61	75	2	96	67	57	41	68	36	60	24	69	81	1	89	67	95	99	7	61	71	15	12	82	45	15	17	24	20	70	51	93	55	92	41	49	93	49	29	48	13	46	78	67	93	31	19	27	5	60	87	56	71	95	69	35	64	12	85	22	67	52	6	57	84	76	28	28	38	90	27	18	37	10	26	1	54	17	96	30	85	55	73	40	56	46	31	32	55	97	31	82	45	73	89	24	26	43	87	99	21	57	100	55	86	98	7	95	27	23	28	96	71	7	35	72	4	15	26	90	71	63	87	34	56	48	52	34	3	55	20	46	42	43	96	74	5	54	69	48	11	46	84	5	15	71	90	49	99	87	
50	23	69	93	76	89	84	18	42	33	100	95	97	39	70	65	12	54	68	83	42	73	21	79	25	65	29	70	25	24	34	70	84	81	86	36	86	82	53	11	29	91	33	66	64	54	67	1	90	16	82	81	84	19	97	20	66	58	90	76	70	13	4	46	29	47	3	49	33	13	22	91	41	90	65	61	44	47	20	59	66	80	61	54	51	65	39	7	26	24	30	44	59	47	14	22	66	95	84	19	71	43	13	74	61	94	32	84	29	62	89	82	23	40	100	5	2	3	41	78	56	69	70	96	55	40	60	66	66	13	85	38	31	64	44	90	42	5	31	15	73	94	1	100	32	39	7	65	79	60	80	13	98	64	2	21	47	23	35	50	10	33	57	55	21	36	41	87	53	19	38	60	71	43	25	81	32	15	43	11	100	64	80	78	57	87	99	11	2	35	64	23	57	59	76	95	40	82	79	60	
93	13	85	65	66	92	3	17	56	17	70	67	77	22	3	38	33	36	76	81	97	35	1	19	15	19	50	81	24	37	85	19	33	11	14	29	11	1	44	59	2	55	6	69	63	62	28	90	91	32	46	33	90	100	32	81	97	49	13	62	99	10	70	90	47	91	14	86	39	70	39	93	34	70	5	89	75	75	85	79	79	12	36	20	97	57	58	99	49	32	98	73	11	90	36	100	51	58	62	97	44	32	96	68	85	43	65	18	93	94	35	74	99	68	80	95	53	88	12	5	84	75	2	5	17	98	30	98	74	37	97	70	48	53	37	77	35	90	33	49	70	22	79	65	8	66	55	17	13	29	5	38	92	61	28	38	82	34	56	88	81	26	52	25	91	47	32	24	22	21	87	51	92	88	65	31	4	1	75	26	4	56	93	85	42	26	13	71	70	11	7	95	86	11	85	27	44	81	41	61	
32	46	33	7	53	21	25	91	20	100	13	51	84	94	25	65	73	61	63	37	25	3	82	38	35	84	12	96	34	85	100	4	62	20	96	44	67	80	1	87	11	46	33	71	10	76	75	87	70	55	49	83	78	36	50	87	2	64	39	74	68	75	13	74	9	61	4	75	71	5	4	41	14	85	24	16	32	9	39	42	43	80	47	81	67	17	59	91	22	60	53	25	64	26	71	49	67	3	71	12	76	20	27	41	91	8	56	74	27	69	68	84	61	37	53	99	69	52	14	80	49	70	9	89	84	18	37	67	76	92	31	92	86	43	89	38	42	46	64	10	5	72	40	83	33	65	100	62	28	1	91	66	20	42	52	84	76	35	32	17	82	88	43	69	52	4	96	63	53	32	75	91	79	38	67	13	74	99	97	14	86	96	60	13	79	77	25	32	77	16	44	8	75	78	11	66	27	59	88	18	
83	70	44	50	45	66	20	88	88	99	40	79	21	92	90	11	42	64	86	97	94	35	100	3	52	10	50	30	70	19	4	86	47	94	9	27	63	97	94	83	83	95	13	82	85	77	78	5	45	16	78	77	70	70	61	92	30	50	24	76	82	31	14	81	37	26	84	96	32	50	17	78	13	72	70	2	3	68	53	62	88	81	61	17	65	23	1	43	17	74	95	44	10	74	25	51	69	23	65	36	44	32	31	27	64	100	75	80	53	19	3	51	47	99	5	78	46	86	40	58	70	21	96	60	46	38	5	48	88	19	52	21	72	82	7	40	19	72	98	12	19	42	54	55	6	46	72	54	74	11	49	42	15	88	9	63	7	75	98	30	82	85	58	66	15	49	14	93	84	31	77	24	16	6	29	14	89	6	83	33	66	55	31	86	65	21	98	80	72	65	43	77	24	14	16	79	4	56	64	4	
23	92	33	43	6	49	65	62	12	35	7	11	74	53	84	83	44	4	73	98	2	97	74	57	77	34	86	58	84	33	62	47	26	69	53	38	20	69	18	14	35	95	89	87	31	66	18	92	97	18	86	1	1	38	81	20	3	18	44	14	68	92	52	7	29	13	51	21	14	95	40	76	49	82	43	66	66	37	79	36	65	80	17	51	53	37	82	13	59	4	68	29	41	99	69	50	55	8	10	81	75	88	43	63	54	79	97	60	72	47	85	80	98	75	95	58	76	54	59	24	61	59	11	63	76	22	90	89	72	26	27	85	56	98	7	84	84	13	66	3	33	76	54	29	48	80	24	97	71	56	53	33	51	11	99	100	40	60	81	35	7	18	7	12	4	2	10	37	51	70	45	47	67	38	53	18	52	6	21	87	63	97	96	50	57	29	4	17	25	36	87	96	44	10	29	45	76	57	68	68	
25	9	90	97	36	57	67	71	76	62	42	37	61	13	70	92	17	76	65	87	6	12	13	24	55	53	35	10	81	11	20	94	69	94	64	1	15	54	57	46	35	86	19	95	89	23	92	75	98	55	51	84	37	20	13	14	72	44	89	70	16	19	26	4	96	65	50	40	87	77	1	7	24	42	70	42	15	93	11	72	8	2	48	65	93	15	98	72	62	81	9	5	30	27	3	8	13	35	2	49	9	23	53	6	31	15	40	92	74	86	34	34	22	93	99	28	55	56	6	21	92	67	97	72	59	43	77	32	24	91	18	99	67	38	50	25	88	95	63	24	46	50	67	93	48	80	37	81	73	3	47	88	100	76	12	38	18	46	61	38	16	41	93	80	94	94	46	27	48	35	18	81	26	44	100	73	56	65	63	11	37	28	11	83	91	27	48	36	17	69	35	6	71	38	5	86	40	24	9	48	
21	99	42	83	20	75	81	44	29	87	77	69	38	38	88	7	72	55	66	40	61	71	13	31	33	69	10	46	86	14	96	9	53	64	28	65	10	66	16	30	70	49	89	29	70	40	9	78	14	96	10	96	86	48	8	74	11	14	60	73	7	93	34	57	66	93	88	86	77	39	35	16	39	6	59	89	67	51	10	62	22	85	30	51	51	29	95	46	10	9	38	6	8	75	12	29	22	53	39	24	4	90	54	28	29	86	85	50	83	37	46	35	77	46	73	73	21	53	61	13	47	44	52	11	30	28	63	44	44	99	6	66	32	38	88	50	69	76	53	99	83	11	58	5	57	48	91	17	92	80	16	9	93	26	62	66	43	84	74	24	33	87	54	2	41	17	69	21	8	64	87	57	16	48	88	56	3	27	33	89	29	89	4	29	45	35	64	61	69	41	81	31	87	69	69	30	46	77	76	9	
21	34	46	61	15	73	10	55	16	97	24	56	33	42	4	54	4	90	77	84	97	50	19	15	70	95	11	53	36	29	44	27	38	1	65	11	52	6	51	97	76	100	17	64	53	10	46	32	86	7	15	26	50	80	17	81	52	24	53	17	42	4	51	97	55	22	19	36	96	83	88	13	41	9	96	27	72	50	89	2	59	32	73	89	19	52	92	27	43	51	42	55	50	61	90	18	64	46	6	23	74	2	58	29	7	60	20	44	21	84	17	67	85	47	68	48	13	48	99	72	84	27	78	38	88	64	13	24	28	67	49	16	83	4	90	3	68	9	74	81	16	48	80	9	12	3	88	28	68	1	17	14	27	32	91	92	21	2	100	82	84	65	45	99	38	52	96	78	72	79	62	61	2	32	99	90	26	87	12	31	48	54	49	26	28	85	10	26	1	83	41	5	85	93	21	43	31	25	51	66	
25	62	91	79	10	59	90	96	29	51	84	71	68	69	82	53	85	50	54	10	87	74	81	27	64	87	77	44	86	11	67	63	20	15	10	52	57	11	21	66	87	77	72	40	48	36	44	45	88	53	80	37	19	67	19	67	68	98	5	15	85	74	96	37	20	69	62	20	60	26	27	22	44	15	1	28	15	67	48	49	99	85	42	73	42	20	6	12	81	86	13	4	100	16	39	18	9	39	25	83	57	23	34	89	16	89	99	84	18	85	64	16	92	22	2	59	28	10	96	57	4	51	83	39	37	10	70	10	70	85	54	89	40	23	66	72	83	51	10	38	7	97	99	2	80	13	30	36	61	62	12	82	99	94	55	33	34	45	57	35	33	4	38	21	67	11	5	95	26	100	53	82	48	38	74	96	45	97	59	1	77	53	86	42	8	15	54	36	11	91	74	33	16	38	28	24	34	97	75	21	
58	97	23	67	46	98	30	46	39	9	93	37	79	25	73	24	34	55	95	88	61	62	33	76	90	47	31	7	82	1	80	97	69	54	66	6	11	33	92	4	63	71	36	9	6	19	12	64	86	44	65	48	100	43	79	45	82	4	83	40	83	74	90	15	43	36	29	65	47	7	86	12	59	38	88	31	73	16	96	12	5	78	38	23	38	60	80	26	17	73	55	46	39	35	29	94	61	8	36	35	28	54	55	89	14	71	51	22	67	69	4	11	8	34	74	53	41	44	51	17	60	13	61	60	85	4	3	68	35	73	33	73	15	2	16	51	67	40	9	17	91	47	72	93	44	17	46	7	9	53	15	41	65	67	55	57	41	31	78	7	35	58	8	65	29	89	97	28	57	43	64	100	28	90	8	92	76	44	13	24	52	97	59	17	67	24	78	75	71	23	12	58	21	76	34	91	90	71	11	91	
32	96	57	84	12	67	22	59	12	100	33	46	38	41	47	22	65	54	36	32	11	42	80	16	85	51	6	92	53	44	1	94	18	57	16	51	21	92	85	29	10	39	60	8	66	76	75	67	98	5	82	61	85	78	61	32	71	74	83	26	90	63	45	49	46	86	98	77	65	68	55	53	8	80	45	32	17	75	84	97	8	7	47	15	48	84	77	51	89	79	49	87	88	90	73	25	70	40	59	95	41	99	26	83	97	10	33	65	87	60	73	36	49	67	8	11	80	42	94	1	53	90	26	36	74	93	42	60	9	89	75	81	1	78	52	40	63	37	61	93	79	84	100	51	52	96	100	4	16	31	75	65	33	5	40	21	43	59	10	72	23	10	67	39	7	40	69	42	35	58	49	24	37	62	10	4	15	65	98	23	77	88	51	100	29	55	22	36	18	25	22	81	97	47	30	34	31	62	5	48	
1	4	45	88	19	1	58	31	1	9	53	58	98	79	62	92	51	32	77	61	29	64	69	2	98	68	5	68	11	59	87	83	14	46	30	97	66	4	29	60	10	37	86	36	89	14	100	57	19	36	24	22	97	33	32	9	74	52	13	98	7	69	97	29	96	51	68	78	45	19	40	50	10	11	84	28	34	22	77	37	28	77	77	98	13	10	4	59	25	84	36	25	68	4	96	63	23	12	59	20	53	20	91	73	99	5	75	63	63	97	100	77	54	83	42	12	52	91	19	35	76	3	18	37	84	18	84	54	12	15	3	5	75	15	13	40	93	78	87	82	11	9	67	13	100	59	78	93	4	9	28	13	32	47	5	16	86	11	95	94	67	69	41	60	6	56	75	21	77	45	95	70	46	42	85	4	46	46	96	18	50	19	95	70	15	89	13	41	40	43	39	72	14	89	44	89	86	20	17	17	
35	45	92	25	36	82	51	48	58	6	87	27	96	43	34	61	29	57	53	30	24	78	92	46	83	96	34	8	29	2	11	83	35	35	70	76	87	63	10	10	63	25	52	45	28	18	95	7	4	28	51	45	27	9	20	86	10	80	64	11	61	60	73	39	25	46	36	98	84	19	39	11	63	83	81	30	17	39	82	11	71	76	94	90	54	68	22	21	31	98	99	41	58	5	68	16	18	1	57	51	52	31	20	16	63	47	61	70	53	49	89	43	87	1	40	82	39	33	29	47	6	51	34	61	59	43	45	24	98	53	49	35	12	28	20	42	86	31	19	70	48	51	24	53	23	58	87	56	69	7	88	10	3	91	40	25	100	9	42	27	25	4	11	81	63	97	58	13	15	80	43	66	97	58	52	92	61	33	91	59	9	5	100	92	5	97	27	26	57	85	11	37	10	38	89	59	18	21	38	75	
8	37	23	100	86	73	82	88	42	24	7	68	76	63	61	32	80	44	46	46	33	99	12	3	67	43	23	13	91	55	46	95	95	86	49	100	77	71	39	37	25	65	73	60	3	35	32	64	53	79	14	27	73	24	30	2	53	62	33	91	81	31	70	12	98	51	22	48	8	65	64	62	90	3	91	99	14	32	25	12	27	89	83	65	73	43	6	73	38	40	72	51	7	39	1	25	60	64	30	44	90	69	5	65	77	85	90	43	93	68	48	94	85	50	28	13	7	36	15	70	66	78	46	99	45	92	45	94	6	3	36	42	5	61	40	5	5	37	28	87	45	62	33	100	37	100	28	38	43	48	94	57	17	66	49	37	18	38	56	57	31	46	64	77	10	39	95	74	95	45	13	86	82	97	39	76	45	79	73	42	11	33	3	16	39	55	14	59	63	58	60	40	80	13	6	42	16	41	8	15	
45	26	65	1	27	8	25	99	42	18	39	84	36	94	12	9	63	62	11	30	70	58	89	14	48	23	19	52	33	6	33	13	89	19	89	17	72	36	60	86	52	73	26	79	59	16	39	20	7	60	40	96	10	25	75	28	5	91	53	52	4	32	81	69	31	100	49	8	28	8	42	59	7	17	66	84	1	92	15	50	63	83	53	38	22	44	94	98	46	14	98	30	13	79	38	33	52	44	8	97	79	99	74	94	58	62	57	12	69	73	10	73	99	3	40	55	66	33	26	67	54	80	45	74	22	59	44	50	55	51	42	18	18	18	19	81	51	95	88	73	90	42	1	83	46	92	77	94	1	55	98	48	15	75	14	31	76	19	98	94	8	31	62	14	16	37	67	66	31	8	58	58	40	4	47	41	68	20	58	83	28	36	42	27	100	39	72	8	78	80	31	100	86	16	70	85	15	57	43	93	
95	50	94	68	44	99	16	96	16	72	88	20	32	76	25	46	75	57	71	76	1	21	74	44	75	3	44	97	66	69	71	82	87	95	29	64	40	9	8	36	45	60	79	73	61	81	96	45	85	83	57	96	100	61	66	60	43	52	76	58	35	41	41	61	94	35	71	91	44	45	98	72	54	95	39	51	84	95	40	85	12	82	41	68	81	94	68	78	50	79	28	99	56	52	28	27	46	95	12	70	57	27	91	4	6	11	50	72	14	80	43	48	12	6	19	59	63	59	20	73	17	8	92	90	22	57	37	77	44	60	37	29	83	88	100	8	29	20	17	56	45	86	51	84	39	75	6	72	93	61	26	7	84	65	52	40	38	11	39	80	36	62	16	24	59	92	16	3	47	16	9	11	38	6	84	95	13	98	30	52	57	15	100	28	67	79	24	74	69	33	24	29	15	85	37	78	55	54	52	96	
85	59	5	29	100	100	17	34	3	50	61	80	35	16	91	61	81	38	18	77	17	5	77	38	48	61	89	100	64	63	10	85	31	89	70	53	48	6	66	89	28	3	59	61	53	95	25	88	14	57	64	58	65	46	76	84	34	20	49	80	24	81	46	30	59	98	18	65	47	87	100	62	32	22	76	62	62	98	83	55	70	94	36	90	30	10	25	47	92	35	12	85	9	75	33	81	91	99	50	5	66	41	27	30	10	49	87	54	94	78	50	20	25	4	77	74	10	8	31	10	32	29	69	14	47	76	80	63	35	39	75	10	88	30	3	12	2	11	10	83	32	77	7	37	75	81	81	99	78	74	69	7	47	75	42	49	95	97	5	96	29	42	16	27	98	72	62	87	34	69	90	7	42	50	67	50	59	60	72	80	50	96	9	85	30	48	73	85	58	53	48	48	57	19	76	95	93	42	62	6	
50	38	4	77	100	71	60	51	59	99	92	74	78	79	95	76	2	22	69	20	41	93	4	56	17	46	53	70	54	62	76	77	66	23	40	10	36	19	76	14	18	35	16	81	95	85	54	90	75	57	84	58	8	4	78	27	48	12	15	75	12	20	46	62	33	68	58	51	29	10	46	65	45	94	57	57	50	38	75	93	94	26	39	10	54	86	92	36	69	59	1	38	62	17	17	12	80	93	62	82	97	82	2	44	15	52	53	39	36	73	57	49	15	63	76	25	58	6	82	23	68	94	63	2	73	100	34	3	43	83	71	16	32	12	55	22	43	61	13	71	45	65	64	69	22	5	59	71	12	95	36	77	35	78	70	41	57	21	80	51	32	100	76	35	80	10	48	88	39	48	15	89	94	92	42	8	98	47	71	40	2	11	38	55	32	7	11	68	12	6	77	39	12	26	76	43	36	93	2	13	
80	9	94	69	85	68	48	33	49	43	89	16	46	6	51	53	13	19	80	41	34	95	50	95	20	33	27	64	67	28	75	78	18	92	9	46	44	12	75	100	95	32	39	96	25	54	33	64	59	12	15	72	65	57	78	98	24	72	54	32	15	61	61	89	51	79	93	98	70	12	31	39	46	67	86	21	53	63	82	28	91	24	38	72	66	35	96	27	99	99	70	70	8	81	92	17	78	16	72	74	61	82	23	69	49	8	79	55	59	94	21	51	70	86	66	99	87	45	52	61	7	23	23	85	77	81	4	71	12	70	91	24	96	96	9	8	43	48	93	43	78	61	10	38	47	69	94	87	33	82	11	30	87	94	88	20	18	17	60	44	14	80	23	77	82	52	72	93	54	15	59	100	68	69	77	68	23	35	80	90	44	84	58	39	30	83	100	71	46	45	54	100	29	70	29	60	82	38	12	60	
70	4	47	48	88	22	73	9	66	43	13	86	11	66	9	91	58	27	96	99	23	15	49	76	22	62	75	22	1	90	87	5	92	75	78	32	45	64	67	57	7	64	20	45	88	90	64	36	67	18	32	19	88	59	72	80	35	11	15	37	50	65	45	36	50	87	85	80	63	30	57	82	99	85	14	39	97	50	49	2	85	62	53	14	23	64	42	97	90	65	57	35	15	3	13	28	28	98	85	99	100	98	94	31	10	58	47	12	7	9	4	41	18	26	30	70	90	9	43	2	83	36	97	87	87	18	17	27	32	67	64	44	63	37	2	89	49	79	52	48	11	52	38	38	28	23	2	59	39	52	89	20	58	21	84	27	79	65	77	55	57	71	71	22	2	69	1	54	74	87	41	21	52	36	12	22	17	98	46	59	11	27	73	57	46	94	13	71	81	47	25	53	64	85	46	89	91	78	59	83	
69	7	57	70	28	83	80	84	9	20	21	55	81	38	26	71	27	33	4	44	97	58	54	31	53	39	9	29	90	91	70	45	97	98	14	86	88	86	98	19	4	53	7	85	14	75	59	67	10	19	90	37	44	33	22	55	5	16	6	100	66	100	78	20	58	58	7	1	62	96	37	8	62	78	55	88	33	17	67	32	8	61	90	86	67	13	51	14	13	7	75	79	86	47	5	91	6	9	21	20	16	85	52	55	48	90	47	96	74	14	16	82	15	19	19	32	49	65	42	80	45	44	66	100	36	7	11	30	98	91	9	86	38	38	37	97	43	64	72	63	30	85	26	2	50	60	71	55	54	73	11	82	4	61	22	16	18	30	67	66	29	25	49	49	44	54	17	75	11	60	58	34	63	72	38	96	87	10	13	99	70	71	96	53	69	88	16	11	79	78	32	24	14	65	83	76	7	28	33	53	
14	59	62	74	18	72	74	59	80	36	70	69	78	1	88	53	13	71	99	27	94	89	40	25	17	55	96	26	16	32	55	16	18	55	96	7	53	44	5	36	28	79	60	83	57	57	12	18	19	56	92	88	61	36	59	72	4	2	100	66	2	91	37	77	84	53	83	48	29	29	46	15	21	74	9	57	98	64	67	24	32	45	3	42	99	95	71	49	63	21	36	18	39	16	2	46	61	32	48	62	93	62	73	37	81	42	46	13	21	68	60	2	45	34	77	4	2	14	42	88	82	48	70	70	20	99	15	99	62	7	95	25	39	8	24	71	24	54	63	90	67	28	62	23	89	62	88	11	13	39	65	40	66	26	61	7	46	12	16	92	34	26	46	1	46	63	20	18	52	82	85	40	20	58	68	66	48	47	23	52	78	30	64	93	84	54	4	73	68	42	78	97	74	32	15	26	11	27	36	25	
2	82	60	23	68	15	57	81	18	78	67	78	41	62	35	6	64	18	29	31	28	91	63	62	93	23	50	61	82	46	49	78	86	51	10	15	80	65	82	24	51	14	40	57	64	84	15	32	90	92	84	42	24	45	93	8	31	29	87	67	54	77	25	100	68	76	23	66	28	13	66	45	3	100	7	2	88	78	64	75	42	39	95	77	84	41	40	29	36	70	77	97	17	49	67	21	37	39	4	98	3	94	44	84	75	33	7	63	20	88	13	48	60	20	91	46	56	90	44	70	69	55	93	33	65	96	42	48	12	15	33	12	45	92	66	89	37	20	57	51	41	73	55	78	11	76	53	91	3	88	44	4	69	1	54	26	37	81	20	39	57	32	72	58	59	89	13	28	98	63	60	16	77	82	28	76	56	93	60	13	10	4	17	23	81	54	50	99	87	82	7	69	90	39	95	66	12	17	97	36	
30	35	8	78	60	28	8	4	63	12	27	51	89	11	27	84	28	73	100	23	44	94	27	94	73	36	66	75	81	33	83	77	1	84	96	26	37	48	61	22	45	27	96	96	58	58	72	19	37	88	42	57	55	12	67	45	4	29	31	31	61	71	63	3	93	18	20	88	99	85	67	94	20	45	78	22	90	53	45	52	36	55	52	29	65	21	69	5	68	80	23	15	84	41	87	84	81	14	25	83	5	67	38	10	39	75	41	24	95	54	39	72	15	73	44	90	12	86	48	2	72	64	33	88	67	19	29	94	37	43	16	44	35	92	38	48	54	91	18	31	100	32	9	37	36	56	52	42	25	50	62	7	59	62	2	64	3	63	15	20	59	10	50	17	4	92	16	19	85	17	69	9	77	94	92	98	15	63	18	75	38	95	64	19	94	49	25	50	8	92	60	40	93	42	100	40	12	55	99	28	
60	43	33	70	54	46	6	16	56	41	9	22	38	99	68	3	23	51	65	27	84	68	21	52	80	70	20	2	84	90	78	70	1	37	86	50	19	100	85	97	27	73	10	100	65	8	65	88	44	61	24	55	31	9	30	36	27	22	76	88	18	36	80	21	41	99	27	85	29	38	35	46	79	91	82	26	34	83	50	10	91	84	9	42	99	51	8	88	78	28	60	99	10	86	30	14	28	12	18	39	23	89	75	86	48	79	16	43	13	89	71	6	51	70	4	65	78	36	53	56	81	75	54	100	92	44	3	57	29	17	40	23	42	74	17	33	12	85	63	8	87	22	40	16	34	30	36	100	100	45	10	2	2	34	31	8	16	33	8	84	17	50	100	53	89	27	17	96	9	38	29	54	11	68	81	84	84	85	42	79	100	25	3	99	89	68	38	43	94	78	25	73	44	27	61	94	21	91	70	2	
91	37	12	51	23	27	64	87	39	95	68	41	91	89	26	47	47	36	63	39	52	7	64	48	45	52	74	96	19	100	36	70	38	20	48	80	67	43	78	33	9	24	25	61	46	4	57	59	33	36	45	12	9	72	33	2	48	35	77	64	94	36	9	68	99	6	26	84	94	36	93	39	36	29	88	85	70	26	48	25	38	80	87	10	58	97	15	100	78	57	54	27	36	56	68	29	53	21	74	90	85	87	13	8	19	28	35	98	90	8	15	87	72	28	82	58	17	88	85	57	57	67	24	82	79	66	85	54	86	3	98	76	14	69	68	40	13	41	14	57	9	73	69	28	92	23	100	16	39	31	97	11	66	45	23	67	62	48	85	9	61	17	9	2	79	46	30	37	64	26	59	97	14	63	12	100	24	75	26	84	62	16	39	95	68	61	48	26	50	29	48	76	94	28	46	23	16	42	72	87	
58	31	99	34	34	13	17	98	81	32	21	59	64	38	64	68	4	28	17	64	18	74	12	98	42	89	35	67	97	32	50	61	81	13	8	17	19	79	61	32	20	30	75	66	76	78	78	72	22	59	93	67	30	33	62	99	62	45	1	32	22	35	47	19	58	18	79	89	41	55	77	100	37	43	19	9	95	72	63	19	27	30	17	37	12	78	14	3	97	20	58	68	93	58	11	17	56	5	95	75	89	51	57	69	34	90	32	62	56	54	83	82	91	98	7	36	28	18	44	31	92	60	43	7	11	47	49	82	63	50	97	45	93	74	12	58	68	38	92	26	82	89	80	95	67	23	61	42	99	39	26	87	63	74	52	22	8	90	45	12	34	65	96	21	22	81	72	97	29	98	55	7	100	83	68	31	6	98	61	7	39	38	58	52	10	23	57	42	32	14	47	84	98	42	47	85	37	52	42	36	
52	39	59	35	41	94	38	46	22	44	72	6	67	6	70	65	19	48	6	25	9	92	93	61	7	33	63	57	20	81	87	92	20	14	74	81	67	45	32	9	86	2	28	60	84	27	98	80	55	72	8	45	36	2	99	44	7	65	39	1	17	56	56	74	3	61	49	77	17	46	86	71	39	65	9	47	78	35	10	25	9	51	50	7	82	22	76	5	80	59	98	55	34	44	29	32	64	79	25	47	2	83	97	89	20	61	13	27	84	5	14	23	95	11	42	52	57	77	61	54	33	79	84	84	73	61	14	40	30	11	83	14	97	37	3	13	5	5	75	76	32	51	39	35	55	85	26	42	22	7	80	67	52	68	83	74	51	22	3	2	94	8	36	57	11	55	24	36	92	84	17	78	29	63	62	51	22	72	12	83	61	97	78	92	34	75	16	90	49	47	19	87	79	81	78	22	8	2	43	55	
51	82	31	40	30	80	9	48	31	66	69	19	93	83	28	87	36	83	40	78	38	49	29	21	2	70	6	41	66	97	2	30	3	72	11	52	68	82	71	74	10	53	5	43	34	48	24	35	5	4	31	4	27	48	62	7	16	63	88	88	89	2	78	93	72	16	89	31	79	9	33	59	44	13	11	64	33	82	56	52	93	94	13	53	64	94	62	9	30	22	85	56	57	98	83	2	48	82	89	6	34	11	67	100	74	44	72	37	5	32	3	84	96	66	27	48	16	21	40	31	85	21	20	52	46	41	92	25	98	42	54	78	30	3	26	11	47	44	85	39	50	9	35	77	69	90	68	74	69	66	59	49	21	20	83	9	83	8	61	44	69	93	92	11	25	79	43	86	65	48	90	21	19	64	77	69	79	16	33	71	89	67	13	83	52	89	86	75	90	67	45	22	74	72	9	17	50	86	21	22	
55	28	6	85	77	45	88	88	32	36	88	90	66	90	13	38	58	12	45	81	37	46	36	97	34	73	63	68	58	49	64	50	18	44	14	24	98	4	74	52	80	62	91	52	20	12	72	11	16	2	29	29	22	35	45	65	63	6	35	79	87	78	38	8	59	94	51	41	89	76	65	27	24	53	4	90	23	67	65	42	27	50	99	84	90	13	68	3	72	45	91	92	74	85	79	75	74	69	26	95	42	91	6	41	83	4	26	76	37	78	46	42	62	29	24	34	11	88	13	21	87	49	84	21	73	20	77	73	49	17	44	85	96	45	70	62	99	1	37	17	94	31	56	60	100	55	47	3	30	19	98	2	95	31	5	90	81	94	12	98	28	94	31	83	68	28	3	33	18	46	90	22	17	61	49	93	10	55	95	36	55	91	26	25	74	8	93	95	86	8	47	25	49	53	77	22	46	60	81	77	
59	73	7	86	91	41	43	61	61	14	26	34	35	2	31	95	97	76	36	52	13	27	49	100	23	82	94	36	90	13	39	24	44	89	60	53	5	83	83	13	64	33	53	76	49	15	54	15	6	100	87	31	76	77	1	39	88	35	53	90	14	20	21	34	61	32	68	14	3	15	50	95	52	3	11	23	33	62	98	45	77	86	77	55	93	27	57	54	34	75	39	94	65	26	83	27	23	51	51	4	54	80	35	93	92	69	46	64	14	76	48	3	7	50	9	67	96	67	9	98	22	46	98	93	60	31	42	42	45	20	82	66	95	48	39	26	54	85	71	18	11	77	59	51	44	43	57	24	38	37	58	98	47	30	81	57	20	54	98	51	80	51	29	35	8	70	72	96	40	65	89	66	76	41	4	41	83	45	38	55	42	70	12	12	86	12	55	63	59	21	65	45	86	28	33	52	38	95	18	35	
1	23	53	40	13	4	66	60	73	13	80	45	36	5	12	24	12	54	93	9	22	57	89	52	86	71	20	60	76	62	74	76	14	70	73	17	15	40	26	98	11	91	52	58	80	75	32	37	100	66	67	31	88	64	32	1	88	79	90	12	93	54	14	72	93	95	7	81	81	51	16	82	96	41	24	59	68	51	73	10	11	86	28	99	79	2	8	59	98	24	66	56	8	67	79	64	72	42	30	47	22	68	35	89	10	94	65	23	1	81	57	85	55	80	1	64	89	29	16	53	98	94	26	42	42	25	19	13	17	2	92	29	78	89	44	22	46	60	100	86	24	92	29	97	5	31	63	22	43	81	27	44	69	25	23	32	87	53	2	45	15	96	47	87	98	20	35	69	66	24	98	4	59	16	73	19	36	56	37	93	70	92	58	28	14	43	42	29	43	74	26	23	31	10	21	99	72	41	7	63	
1	87	78	97	69	14	30	2	53	9	77	27	51	1	57	97	18	77	67	29	23	12	51	27	34	41	45	24	70	99	68	82	68	16	7	42	85	83	90	7	61	81	4	35	24	12	15	50	66	2	54	61	18	94	22	17	89	87	14	93	90	37	48	12	80	47	98	51	88	52	48	68	41	96	18	63	95	83	69	75	37	94	24	1	43	99	8	24	93	91	9	2	97	66	37	50	79	34	77	52	46	81	55	54	51	52	72	97	52	12	14	95	83	5	59	53	50	72	93	6	32	44	50	3	71	35	91	45	67	55	36	80	27	74	39	86	38	26	32	92	23	66	96	49	66	47	94	84	41	60	66	74	87	93	80	24	49	32	5	62	1	51	71	77	61	95	60	94	95	40	4	86	63	18	96	29	96	17	15	72	76	41	38	89	79	14	75	8	80	72	61	57	76	89	86	1	14	41	95	76	
83	58	17	48	65	3	53	82	88	33	95	74	53	12	46	15	40	99	1	77	47	34	73	80	39	97	5	69	13	10	75	31	92	19	93	4	74	74	63	69	60	31	32	41	81	20	61	65	100	91	77	71	36	36	35	56	2	78	20	54	37	100	42	57	98	71	46	23	96	91	27	66	59	92	55	37	100	51	92	55	14	97	15	91	54	17	7	20	45	19	45	100	99	89	21	30	3	93	79	9	38	73	68	98	22	37	43	50	78	27	88	7	97	9	32	69	8	95	13	74	2	56	79	65	41	32	39	41	40	31	56	89	66	51	18	99	99	49	49	5	15	66	46	15	96	15	84	48	80	97	33	82	96	5	85	89	42	95	98	90	39	25	97	11	5	69	8	6	8	44	75	11	24	48	8	29	27	49	35	42	33	93	83	41	40	15	84	80	57	85	74	55	97	56	66	73	7	26	56	1	
55	84	55	100	95	84	75	100	32	53	65	38	25	58	82	92	25	47	23	97	33	75	10	54	80	24	47	81	4	70	13	14	52	26	34	51	96	90	45	97	73	70	81	41	46	46	61	45	78	37	25	63	80	9	47	56	78	38	21	14	48	42	10	14	45	48	87	43	17	68	46	71	70	24	5	1	87	7	17	87	68	16	47	53	13	94	97	79	29	12	62	44	14	18	59	14	2	67	17	94	95	6	57	15	77	63	59	17	95	93	95	48	48	9	18	67	25	47	76	37	37	89	96	60	1	25	20	7	74	59	32	9	35	7	94	77	39	76	31	100	68	1	80	25	48	73	50	88	26	95	58	51	36	87	89	10	26	39	46	99	12	8	1	9	20	3	26	24	73	33	45	69	24	42	32	97	55	22	78	59	77	21	41	52	79	8	47	82	22	84	11	63	56	21	86	39	59	90	50	92	
73	10	61	38	90	37	40	39	26	40	87	80	20	21	28	74	2	32	95	65	57	80	45	100	5	87	43	1	46	90	74	81	7	4	57	97	37	15	49	29	39	12	69	61	30	62	89	36	20	77	100	3	21	68	19	74	93	8	34	72	12	57	14	41	30	80	39	87	51	67	5	49	80	34	42	77	32	82	83	40	92	41	96	72	71	86	84	75	84	14	6	3	60	72	97	31	58	64	24	93	38	13	74	25	72	95	81	40	97	56	69	84	5	32	29	75	68	61	47	20	24	32	16	64	27	29	38	18	32	88	24	13	11	45	44	53	6	8	60	13	96	94	18	52	24	44	62	1	2	75	40	70	76	22	97	3	11	94	42	25	98	43	5	3	38	69	43	94	31	26	19	100	25	72	89	60	90	87	97	26	89	72	78	64	32	23	65	31	96	5	8	53	18	28	5	45	13	60	96	55	
76	16	26	56	34	46	39	27	65	3	18	58	43	39	70	39	92	37	29	95	21	10	33	89	44	95	54	89	29	47	9	37	29	96	66	55	20	43	46	96	25	98	31	94	59	33	51	50	58	84	68	93	41	99	58	3	72	59	61	93	80	98	45	30	77	91	30	52	93	48	77	7	36	11	41	31	48	28	36	51	4	28	42	53	94	43	76	14	14	52	80	67	15	95	19	92	43	79	66	92	74	68	69	6	24	57	77	85	16	67	93	96	15	24	40	77	10	47	96	15	16	78	75	39	36	85	28	100	44	78	21	57	52	33	14	22	17	46	8	73	62	49	41	27	49	44	74	48	20	88	84	44	16	26	73	63	70	59	51	89	20	71	5	99	96	51	26	89	17	87	51	45	42	49	94	27	19	47	59	80	99	46	66	98	31	10	96	11	89	97	63	20	47	1	16	63	6	41	40	53	
38	46	80	28	24	60	73	71	93	62	73	18	3	81	72	40	96	65	91	19	38	48	32	97	34	60	14	67	47	91	61	26	13	65	93	22	69	36	86	51	46	51	100	35	98	68	79	87	58	53	76	18	99	6	18	61	16	94	32	95	47	71	48	80	91	71	35	100	56	75	35	26	3	58	45	23	61	88	65	48	77	99	63	37	84	53	50	12	62	22	46	50	14	82	99	59	75	84	9	45	23	6	73	90	86	45	5	91	87	64	98	49	70	9	84	26	90	51	78	48	45	95	77	97	17	97	99	58	93	51	71	100	13	7	24	56	46	40	94	18	19	11	48	79	41	57	77	25	90	76	67	31	78	29	69	1	18	46	92	90	20	4	36	8	6	20	59	15	59	44	79	3	16	16	64	23	10	64	40	36	70	48	93	60	38	44	27	49	58	35	52	76	34	33	99	83	68	72	2	20	
11	14	67	16	25	20	67	57	45	66	80	87	5	68	52	26	67	54	28	55	63	47	45	2	36	11	37	95	3	14	4	84	51	50	88	19	62	29	98	68	36	22	49	71	18	58	93	85	7	83	23	20	27	26	79	49	89	51	68	7	98	46	87	39	30	35	53	13	100	15	33	92	46	78	29	97	52	13	18	52	3	43	75	47	33	59	87	54	53	19	44	80	67	99	67	39	51	54	96	7	83	23	13	4	6	61	98	26	47	24	7	67	26	100	75	45	19	82	66	100	88	60	89	27	54	52	67	99	22	21	31	89	94	12	53	92	87	5	65	57	41	31	52	98	75	43	88	56	77	24	26	74	52	95	27	30	58	81	63	26	48	51	9	40	79	41	58	61	28	28	65	24	43	43	2	76	40	16	96	15	97	25	82	34	23	83	76	78	7	20	51	8	6	72	2	39	54	9	6	34	
90	36	49	94	10	98	17	85	50	78	30	5	25	5	92	74	57	10	53	36	42	27	64	3	7	93	100	99	49	86	75	96	21	40	86	36	20	65	77	78	98	48	8	91	65	51	98	80	1	48	66	88	85	84	89	77	31	41	14	81	51	23	43	87	52	100	13	5	46	48	58	7	8	74	6	3	85	37	54	29	29	19	24	66	76	51	99	62	75	49	3	12	72	62	79	38	95	28	85	52	19	91	77	71	71	51	26	88	61	46	96	11	75	65	28	29	24	51	2	11	31	42	78	49	45	82	3	86	64	79	70	12	18	27	39	94	66	74	8	39	88	10	53	55	43	20	42	48	80	78	36	59	97	86	72	96	67	4	100	7	63	90	99	85	21	53	68	8	13	14	21	67	79	47	97	31	62	89	99	10	26	72	95	73	26	25	18	88	56	16	65	46	20	96	1	1	35	81	94	91	
67	36	33	72	2	27	40	86	50	60	92	53	68	49	4	93	80	30	46	66	36	76	100	69	76	38	32	7	33	39	71	32	14	87	77	96	60	47	65	45	84	8	28	44	47	29	70	63	62	29	28	99	29	94	41	17	79	89	3	81	88	96	17	51	93	56	100	46	40	20	3	18	77	39	28	12	37	81	44	26	80	22	36	83	85	47	15	46	70	44	97	59	32	41	25	15	67	24	82	87	62	77	24	27	69	97	25	70	91	7	53	28	93	73	20	16	80	5	26	48	90	71	85	79	31	24	15	32	78	52	92	99	86	82	99	49	80	73	29	26	77	97	14	45	93	50	14	7	69	13	66	78	39	89	96	66	10	17	61	23	26	5	3	56	4	45	69	29	25	83	98	50	63	83	29	47	4	75	83	72	88	4	19	9	100	47	7	23	27	76	17	15	64	54	27	87	11	35	58	69	
61	27	20	37	54	48	22	67	8	10	58	33	54	37	44	37	18	20	81	86	39	95	91	77	30	82	24	61	13	70	5	50	95	77	39	83	26	7	68	19	19	65	8	45	87	10	12	30	96	29	13	85	38	36	55	46	9	76	15	51	52	91	68	67	48	75	15	48	20	47	100	9	98	21	69	81	97	81	54	92	77	74	88	32	88	14	41	58	82	88	19	60	25	11	39	44	28	21	62	48	83	48	71	41	56	79	34	31	70	81	10	76	55	19	41	80	49	58	1	2	65	67	58	82	73	17	53	36	7	49	64	14	70	40	41	39	26	1	65	15	43	74	97	88	21	28	2	48	49	10	65	85	63	37	28	44	11	39	56	51	19	12	63	40	38	12	68	6	30	11	65	71	81	18	36	19	54	4	98	86	40	21	95	99	30	96	41	60	44	58	21	85	68	36	11	94	28	16	63	29	
37	49	85	86	34	25	57	91	16	14	99	42	22	28	24	42	5	99	11	49	47	22	8	21	3	22	90	71	22	39	4	17	40	1	35	88	27	86	55	40	39	64	42	98	100	46	31	57	37	46	66	67	35	93	77	86	33	65	50	16	48	27	46	5	77	35	33	58	3	100	83	81	52	68	65	80	76	73	51	13	21	53	3	5	80	33	40	82	2	81	15	2	95	68	13	74	88	86	18	6	91	56	92	13	65	73	89	55	53	31	93	14	57	35	96	2	72	3	88	10	8	64	1	55	5	47	5	92	26	34	76	34	69	4	1	54	21	65	72	68	27	40	84	23	67	89	93	48	91	64	76	45	83	12	13	55	47	13	45	68	80	45	35	85	1	59	3	72	41	95	18	65	18	15	35	26	9	75	52	82	41	12	96	76	97	37	93	34	95	91	50	49	69	54	14	92	24	53	70	57	
82	87	95	19	9	46	71	69	50	87	95	34	74	31	34	33	34	76	84	84	41	68	34	8	15	29	21	15	91	93	41	78	76	7	16	13	22	12	53	50	11	62	59	72	62	65	39	82	8	15	45	94	46	39	100	71	59	27	95	82	68	66	71	49	7	26	92	7	18	9	81	29	24	25	4	24	35	94	37	23	36	37	70	34	69	28	23	2	51	63	29	10	67	79	83	96	12	12	93	24	87	53	51	65	15	87	23	63	20	9	53	5	3	37	22	29	79	58	65	49	6	85	53	20	25	99	2	99	97	19	79	66	74	4	41	88	90	16	32	64	35	74	52	77	94	12	9	63	30	87	43	7	65	22	95	95	64	87	68	69	64	95	63	76	64	5	88	10	73	15	23	47	47	92	49	90	52	55	22	53	65	12	43	34	31	34	36	7	100	84	42	31	25	57	18	18	36	61	14	72	
4	83	43	98	98	95	69	65	63	13	28	83	83	5	47	51	68	48	29	43	59	70	17	55	32	93	96	12	41	34	14	13	49	24	39	41	44	59	8	10	63	90	7	54	32	45	46	99	62	21	3	20	79	36	37	39	44	24	52	96	41	59	70	80	36	3	46	8	77	98	52	24	55	80	75	58	10	95	26	5	89	17	36	64	33	94	7	11	93	36	3	71	79	90	17	34	20	16	24	98	43	6	57	32	99	30	93	36	74	54	43	91	14	20	20	11	24	33	3	42	34	88	5	27	25	11	90	59	32	29	86	43	1	66	92	27	63	2	36	19	63	71	71	13	50	77	18	77	71	48	84	79	85	87	96	93	53	29	76	74	60	23	30	88	6	41	80	32	27	5	5	90	27	37	57	45	88	41	18	6	6	58	41	25	17	47	20	89	12	36	3	41	24	95	95	23	44	14	72	1	
90	60	49	56	13	60	29	11	52	92	75	35	47	48	77	3	26	30	75	99	29	70	28	98	45	49	43	82	90	70	85	72	82	42	6	9	15	38	80	11	83	3	17	95	22	94	67	85	78	74	100	45	91	29	43	65	13	53	3	41	96	92	24	34	11	58	78	74	39	21	68	25	80	21	68	55	99	68	36	100	59	25	6	16	1	87	4	51	15	71	42	34	8	28	82	89	79	65	55	14	75	62	45	31	24	23	43	5	74	94	100	99	58	97	23	96	66	24	56	78	25	82	1	62	63	95	30	3	17	24	63	1	31	55	3	44	50	2	39	62	19	7	90	41	4	79	23	27	82	10	34	53	26	28	75	4	39	35	73	83	87	60	71	55	82	65	32	88	42	6	27	14	93	55	98	7	48	36	98	21	65	9	12	11	85	89	23	29	95	46	53	91	98	25	80	24	33	46	28	53	
92	99	36	95	7	57	48	31	20	77	30	38	38	58	16	20	34	85	31	88	7	6	40	80	87	3	63	45	65	5	24	70	43	70	59	96	1	88	45	84	81	91	66	39	76	57	86	14	55	9	7	78	82	88	19	9	11	4	11	24	18	55	5	42	41	45	29	6	28	69	65	4	75	68	16	63	39	89	40	60	92	100	54	13	57	66	43	17	81	99	60	41	45	17	96	53	28	62	81	96	83	78	67	33	70	32	32	33	34	58	88	45	98	80	64	94	60	70	88	55	87	78	7	89	7	29	45	88	69	82	40	69	72	53	43	33	15	6	52	63	47	42	34	81	6	83	35	51	17	27	38	57	62	16	90	70	36	92	53	12	42	77	34	50	24	18	16	26	79	16	49	99	4	97	48	92	16	43	41	99	86	53	73	88	72	6	3	95	53	1	66	60	88	50	66	7	6	93	9	55	
77	45	82	65	82	52	7	64	86	66	97	74	39	69	50	67	90	56	34	96	27	7	45	65	49	36	93	15	61	89	16	2	66	42	89	27	28	31	32	28	30	99	84	51	62	57	21	39	88	57	2	22	26	85	9	47	64	90	23	59	63	37	1	77	31	23	97	3	12	81	80	24	58	55	63	73	11	81	8	26	44	32	67	14	54	68	37	100	18	77	50	63	82	52	79	47	33	75	17	28	77	67	68	33	38	46	91	96	68	29	98	7	58	90	8	91	7	60	43	90	96	19	50	16	62	1	38	34	46	80	9	51	23	20	41	41	55	8	4	74	31	98	90	62	11	20	86	69	33	100	41	87	81	40	43	16	45	47	36	3	78	10	64	89	68	81	39	79	83	79	59	59	62	22	75	23	85	55	31	65	50	49	5	66	55	76	65	83	11	66	87	32	7	98	93	29	85	60	89	62	
18	31	92	85	64	10	88	19	67	80	71	16	68	9	83	87	13	21	55	41	50	79	31	85	5	96	43	17	44	75	32	3	66	15	67	72	15	73	17	34	17	14	1	84	62	50	53	97	33	98	88	90	34	70	95	78	33	23	33	68	95	100	87	32	48	61	52	85	37	97	76	35	10	99	39	11	5	36	82	86	65	52	85	64	20	99	5	11	63	52	69	14	11	22	82	75	41	33	54	36	68	35	66	7	57	50	44	27	59	27	49	64	13	2	51	18	8	21	73	16	17	87	17	11	13	38	35	38	88	67	74	71	25	81	81	57	90	58	1	54	29	80	15	56	32	36	13	32	82	52	7	58	59	57	9	52	57	65	32	100	83	22	84	45	16	87	57	73	26	46	76	47	24	89	9	58	48	40	54	23	79	69	68	3	60	37	9	6	38	7	19	59	47	96	24	8	42	71	6	35	
34	77	65	82	88	77	66	83	76	56	91	32	48	39	60	49	30	45	8	86	82	88	12	34	72	100	90	24	47	75	9	68	37	93	51	50	67	16	75	22	39	32	92	95	98	38	63	50	17	64	78	53	83	26	72	35	82	67	62	51	83	51	7	82	28	88	13	37	81	81	73	94	95	68	89	81	36	77	58	93	77	6	26	14	22	27	6	91	62	79	78	59	90	86	9	6	49	6	89	17	7	22	52	46	45	9	32	89	34	62	52	75	21	34	81	62	5	12	47	96	30	40	15	42	29	76	44	64	84	43	41	27	19	26	64	72	59	29	14	46	71	7	83	56	29	16	100	29	8	34	74	94	98	47	96	80	7	11	8	94	82	37	22	19	49	51	68	53	51	17	40	37	45	30	15	39	36	12	27	27	42	95	25	13	58	55	83	87	38	68	28	8	21	51	52	41	60	48	27	57	
23	63	81	88	57	35	34	85	13	15	75	99	42	8	73	53	28	24	72	32	96	96	4	55	69	70	13	20	20	85	39	53	79	11	10	89	48	96	84	77	82	25	15	40	83	75	82	49	67	67	64	45	50	48	63	10	56	65	98	73	69	92	17	83	36	65	18	54	44	54	51	37	26	36	40	8	82	58	55	18	86	6	69	46	26	6	63	23	31	37	8	8	19	8	38	23	17	64	69	8	45	60	64	75	76	99	81	89	26	36	83	69	39	52	53	96	55	33	73	51	20	67	6	51	56	75	31	38	52	46	5	8	52	47	30	60	85	9	12	17	79	1	32	31	50	73	6	87	83	45	23	9	45	23	35	57	44	61	56	76	68	28	57	87	20	8	31	76	96	21	73	11	53	7	96	64	28	82	61	75	63	30	25	92	96	93	30	34	68	84	47	31	96	50	66	30	64	44	20	26	
75	81	81	84	55	57	17	87	63	12	89	95	95	52	63	73	92	81	94	30	20	2	23	39	55	46	87	70	59	79	42	62	36	72	62	2	49	12	97	37	11	12	50	85	55	93	28	2	32	24	75	52	10	25	19	25	52	42	45	10	75	55	87	40	51	48	52	29	26	92	13	23	5	100	60	26	86	93	18	10	8	26	72	16	71	96	58	80	87	63	74	84	13	41	12	63	100	9	15	56	8	16	65	29	12	32	96	75	82	100	64	28	80	98	79	94	9	67	17	60	19	64	37	88	98	63	76	24	92	73	90	83	75	96	26	33	27	37	46	58	45	62	28	26	65	69	69	53	26	22	43	25	42	93	62	36	19	68	61	24	91	50	43	19	97	25	20	68	19	79	10	35	41	42	4	34	48	17	7	94	100	95	12	41	82	6	7	97	46	51	33	3	52	75	56	9	97	61	5	52	
54	41	23	89	85	97	66	41	62	50	28	91	2	67	63	77	89	74	64	90	24	97	34	77	24	16	95	51	66	79	43	88	65	8	22	59	99	5	8	28	71	27	63	12	70	94	91	85	8	32	42	36	91	38	27	9	93	27	77	11	37	14	68	92	4	77	3	29	80	77	21	36	89	59	92	44	65	77	86	8	92	12	23	16	18	39	4	55	72	62	9	43	10	10	58	21	90	10	75	6	4	59	72	100	37	57	91	72	23	76	92	27	36	41	26	16	75	23	88	19	24	50	70	8	46	3	34	10	3	25	97	85	4	22	20	67	61	77	17	79	55	45	33	97	35	95	43	49	91	50	28	71	38	91	100	98	83	80	19	66	68	57	7	61	98	1	33	61	25	5	91	32	42	69	79	100	16	26	79	64	47	83	70	66	46	14	34	46	23	92	18	64	95	26	3	79	50	68	89	71	
93	55	15	4	25	82	55	60	42	7	90	60	58	6	16	51	81	26	14	28	6	14	83	60	25	39	41	93	80	12	80	81	80	2	85	32	85	78	7	77	76	89	83	82	94	26	24	62	61	45	39	55	84	80	30	51	94	50	86	86	94	97	16	41	28	99	43	19	22	74	53	37	17	25	100	32	52	6	6	26	12	6	5	78	30	24	76	25	74	27	89	49	86	54	76	38	23	90	31	27	41	3	45	75	80	78	35	97	64	62	8	83	25	65	70	88	43	93	27	66	95	71	34	25	1	68	77	32	100	91	60	38	45	3	24	74	65	59	38	68	1	30	28	10	79	29	4	61	47	95	43	7	85	10	99	94	17	71	62	30	26	87	30	47	59	79	69	83	33	63	66	55	95	24	12	60	57	60	94	58	1	19	45	5	55	59	36	3	14	89	60	17	97	92	87	74	61	32	38	90	
20	42	94	34	59	83	55	12	29	71	47	35	95	80	66	8	64	69	33	23	59	93	61	51	66	70	17	55	61	36	47	61	17	48	30	73	42	38	47	77	94	83	53	41	36	39	38	53	90	3	95	52	9	87	17	50	13	99	77	28	24	15	47	96	42	63	75	24	36	88	3	70	36	6	54	67	85	26	69	72	23	5	86	28	49	49	11	14	41	28	42	27	26	14	70	12	27	41	32	82	54	97	72	80	22	94	25	81	38	90	78	28	30	8	75	73	62	20	60	66	64	28	38	38	4	44	65	97	21	36	65	48	29	63	96	44	93	1	35	88	33	9	62	93	70	64	40	40	26	63	95	91	41	88	21	52	26	32	98	61	16	6	74	91	11	72	69	38	84	72	4	30	59	64	37	58	41	53	40	76	64	27	97	23	34	49	19	71	67	26	45	59	46	17	37	39	97	72	12	57	
14	86	94	44	9	45	89	72	41	31	87	59	54	1	12	89	20	6	46	98	17	88	98	57	34	38	60	92	54	20	81	17	51	65	51	89	73	23	15	98	90	65	38	68	90	10	72	14	86	42	77	29	42	10	37	7	53	84	55	99	1	91	53	72	53	37	47	66	83	32	5	34	64	16	13	14	64	14	46	16	16	78	28	48	58	38	82	68	65	81	91	78	65	53	42	67	47	35	33	61	35	91	6	40	34	10	80	54	10	60	63	93	73	31	93	22	92	44	37	75	67	31	90	5	41	3	62	28	79	99	88	33	49	63	88	60	77	47	47	97	54	12	3	53	12	29	23	72	99	66	22	6	5	72	77	73	92	18	85	78	59	6	79	91	3	4	35	48	87	48	27	15	39	9	99	71	46	49	57	26	24	98	33	5	3	47	79	96	2	77	45	4	73	83	64	68	13	13	80	15	
34	88	29	33	36	6	85	18	86	84	72	31	27	15	74	25	18	16	24	81	56	24	41	64	26	25	9	41	51	97	67	65	53	93	51	19	42	38	48	13	54	73	22	81	30	54	66	23	67	99	84	65	99	58	12	82	64	90	93	79	43	54	13	71	94	84	33	76	85	88	80	69	33	1	57	54	20	22	26	71	18	30	49	58	28	38	29	97	94	12	82	91	83	29	74	96	39	87	58	80	10	37	34	38	82	9	77	38	66	33	30	3	52	25	18	40	72	87	12	53	68	18	97	92	60	36	88	78	92	34	1	17	32	87	85	94	22	32	87	98	50	89	52	65	55	11	29	67	68	4	4	21	14	47	78	98	4	97	86	19	79	21	65	72	33	82	53	26	91	73	48	53	28	83	100	36	55	82	73	3	50	26	4	16	53	49	72	29	4	30	27	11	79	37	67	84	31	84	83	53	
68	31	21	67	38	92	83	2	9	41	25	53	49	77	7	22	5	6	35	96	82	70	87	52	80	53	63	49	65	57	17	23	37	15	29	52	20	60	84	10	68	43	44	94	10	86	35	64	13	95	41	21	51	97	78	22	94	13	27	2	99	17	94	86	43	53	59	51	47	14	33	28	94	87	66	68	99	27	6	96	39	24	49	38	38	18	94	15	30	84	75	53	77	72	50	24	19	71	25	38	47	52	65	81	63	41	55	40	12	9	21	38	53	43	70	33	82	66	10	30	92	85	75	34	82	55	33	17	47	92	49	81	54	85	64	77	19	27	13	87	73	31	83	2	51	59	93	26	69	44	71	3	47	66	9	80	50	20	82	49	3	52	69	49	16	9	66	51	76	42	61	50	10	37	67	33	18	7	54	25	14	79	2	45	35	16	10	90	9	39	90	78	49	16	95	22	57	24	14	94	
7	88	29	65	60	4	52	82	50	91	66	16	61	45	11	14	36	77	41	22	62	4	8	88	82	74	93	93	39	58	59	1	82	98	95	92	6	80	77	4	22	6	94	68	25	92	96	42	51	71	40	69	8	15	14	76	62	68	57	8	8	7	97	84	76	50	87	99	15	41	40	23	7	4	43	37	5	6	63	58	4	76	11	82	29	94	15	1	55	81	8	13	1	64	60	50	39	30	64	57	62	65	42	26	9	76	89	79	52	21	7	35	6	72	53	65	35	67	87	23	21	85	29	6	41	77	57	15	5	33	7	97	44	44	42	38	44	48	11	19	59	12	73	73	13	94	78	57	25	41	26	33	71	9	37	70	10	30	10	8	62	100	88	8	63	73	80	50	83	88	19	53	56	91	11	76	64	88	58	14	67	92	45	73	17	99	52	74	54	68	75	21	53	38	39	9	73	44	17	71	
51	68	3	89	74	70	49	52	86	23	42	97	73	24	84	84	25	51	100	22	35	85	70	97	81	20	3	49	7	99	91	43	13	72	46	27	12	26	51	59	21	73	98	78	47	36	27	97	14	49	29	5	88	100	3	5	9	3	54	59	24	20	79	75	14	12	54	62	46	58	82	2	11	51	17	100	11	91	23	80	55	25	14	68	97	15	1	91	46	32	83	10	69	98	51	99	4	59	84	19	16	7	26	78	53	27	93	97	22	78	80	34	48	8	20	56	46	32	31	82	8	16	27	58	61	97	51	64	15	23	5	68	61	52	36	91	71	74	61	25	70	24	57	96	58	58	75	85	76	84	81	90	32	47	53	91	24	5	89	72	70	5	24	69	44	92	75	41	43	44	1	38	46	64	70	6	92	69	1	35	5	52	58	8	47	31	61	55	50	90	16	49	4	45	16	82	8	88	18	91	
39	27	59	39	66	13	66	8	26	93	9	41	74	97	1	62	21	10	72	38	52	32	59	30	38	5	19	29	26	49	22	17	59	62	10	43	81	17	89	25	31	38	46	50	92	69	99	90	13	63	36	68	78	78	97	80	30	72	34	98	93	45	29	84	14	62	53	75	70	82	2	51	93	15	81	18	63	62	31	87	72	74	41	65	94	30	55	46	8	92	61	30	2	3	72	19	1	77	74	31	46	64	78	89	95	43	94	90	98	74	69	79	30	7	36	79	22	65	68	75	19	40	34	50	50	49	95	47	96	84	48	99	52	65	12	10	11	34	38	88	81	84	46	89	40	64	8	35	47	93	48	48	38	3	12	35	95	41	54	5	68	87	85	33	17	69	19	89	85	66	45	86	18	75	97	29	69	71	25	26	95	13	81	78	70	59	26	60	32	88	56	90	4	33	20	15	77	21	92	56	
72	25	100	58	89	70	17	19	20	83	74	33	81	70	22	41	1	27	89	93	35	71	54	63	21	68	45	48	24	32	60	74	4	81	9	51	86	73	79	84	98	40	14	79	35	59	99	65	7	21	70	80	28	57	20	59	22	45	75	24	91	19	12	14	52	22	19	49	44	88	81	63	36	71	99	77	52	79	37	63	62	27	28	81	12	84	81	32	92	59	1	87	94	97	69	48	41	13	79	97	31	6	11	33	98	59	85	77	2	89	39	73	84	84	78	63	67	61	25	33	14	48	14	92	25	86	72	55	99	10	4	34	62	61	94	58	34	89	25	97	86	50	87	39	72	43	22	78	91	22	5	37	32	7	67	57	42	83	53	57	18	7	79	11	42	70	74	14	4	10	48	14	22	93	47	15	40	9	56	73	76	3	41	37	45	13	68	59	19	72	35	11	6	26	32	12	8	60	49	76	
8	19	12	64	51	55	64	1	79	71	61	63	57	84	41	100	12	96	43	70	37	47	56	96	10	94	75	13	30	98	53	95	68	9	38	42	13	55	49	36	99	72	98	28	12	1	70	57	75	36	77	23	60	54	58	98	85	91	39	66	9	45	62	6	80	46	44	3	97	19	15	29	3	42	60	50	69	78	8	74	9	89	42	91	82	75	8	83	61	1	98	46	58	78	26	53	73	91	45	21	9	75	59	15	70	46	97	32	37	92	53	53	15	73	26	20	43	36	60	25	29	96	76	82	15	6	72	37	31	58	5	80	50	67	27	16	26	36	9	67	21	37	62	42	80	92	25	19	58	91	47	39	20	35	41	30	85	85	68	5	5	54	46	93	43	75	51	98	24	1	83	19	43	20	53	86	43	38	25	42	16	55	7	87	8	64	53	26	23	83	23	87	61	41	18	99	28	100	52	10	
59	76	22	24	79	70	85	100	51	28	8	37	86	45	44	31	5	27	8	19	19	52	11	24	100	86	72	46	44	73	25	44	29	5	6	55	4	46	87	25	41	51	30	99	85	38	70	35	79	18	97	15	99	27	68	55	56	92	94	56	2	100	44	3	67	50	80	12	59	60	2	10	71	34	41	63	14	59	8	84	43	49	27	78	91	53	13	10	30	87	46	16	93	9	89	56	84	6	32	91	9	43	57	4	22	50	59	15	98	21	88	60	91	22	97	20	42	53	36	91	89	44	23	24	45	72	70	22	78	87	22	99	1	75	62	61	26	100	30	85	35	93	48	9	68	68	12	77	10	68	88	92	36	81	75	24	70	84	91	66	62	92	34	10	69	23	52	31	68	84	44	56	99	90	79	78	6	13	83	51	87	23	93	35	21	14	56	98	65	50	55	29	55	55	6	10	90	34	8	69	
57	36	63	75	15	78	31	26	71	85	63	32	43	68	74	24	53	60	3	42	78	8	92	34	42	23	58	78	59	11	64	10	41	30	8	50	100	39	88	68	58	7	13	56	9	62	8	15	86	39	17	84	10	36	93	34	57	74	65	8	97	99	14	60	15	14	67	72	32	25	95	67	79	8	45	82	11	90	19	13	10	86	26	65	83	77	1	69	2	94	58	93	77	5	29	26	54	93	21	24	74	97	100	92	14	73	6	18	92	56	58	15	67	38	52	6	76	32	40	27	78	94	6	15	89	52	18	11	78	56	47	76	77	20	29	24	91	5	20	60	92	29	18	54	48	87	65	64	36	31	69	94	30	2	45	25	19	79	43	48	61	34	72	68	15	91	92	56	96	52	14	97	87	81	63	69	88	87	1	82	16	21	76	86	32	40	6	54	61	52	1	73	61	26	18	28	42	51	16	18	
62	19	53	58	61	87	68	9	12	55	17	45	3	57	18	41	40	100	85	44	70	94	87	82	22	71	23	67	47	90	26	74	99	27	75	61	16	35	90	4	5	39	79	52	75	17	81	3	47	16	49	41	86	56	58	44	98	85	26	67	66	89	18	72	95	82	99	62	41	11	68	79	90	28	17	52	22	86	8	41	10	54	14	53	29	72	64	98	3	97	78	9	5	54	35	36	49	23	67	68	31	18	96	97	5	74	2	81	92	97	25	60	45	4	41	51	6	97	8	42	88	53	2	72	78	29	2	72	29	6	50	46	78	91	80	81	26	34	12	43	77	3	73	11	95	52	37	30	21	14	82	65	66	74	42	23	88	50	81	14	3	74	20	57	74	77	16	43	52	99	39	99	68	14	56	59	11	25	20	93	62	1	64	18	11	80	25	19	47	13	37	29	17	12	60	74	33	85	90	20	
18	32	58	21	37	41	66	61	50	82	32	57	72	89	74	25	52	43	65	37	16	14	28	14	27	57	50	93	14	36	71	25	69	3	12	90	39	29	73	96	68	1	38	28	33	17	92	13	5	2	67	87	30	68	11	29	83	79	83	79	37	21	59	97	19	99	67	79	25	39	13	83	17	82	96	79	82	9	38	12	58	76	70	42	74	50	60	51	72	69	26	89	29	35	93	94	58	46	63	100	80	91	38	28	92	95	33	89	50	31	83	42	67	39	2	42	44	66	85	71	1	73	7	38	99	77	82	31	7	36	8	81	13	95	77	88	13	60	23	2	47	81	1	9	43	63	68	59	30	100	95	23	78	82	1	89	94	52	64	28	100	81	27	96	67	34	68	88	5	63	72	91	45	41	80	88	30	20	34	83	42	68	64	22	34	81	7	44	86	21	11	51	44	51	72	40	53	22	60	40	
26	17	78	53	73	66	12	29	23	53	53	76	73	66	57	70	18	81	76	84	12	23	34	15	43	44	17	31	22	100	49	51	50	8	29	18	18	94	25	63	16	25	33	27	81	12	17	28	91	46	21	84	14	29	17	32	2	75	27	64	50	30	14	31	92	59	39	38	15	44	74	96	34	89	53	47	75	6	23	63	21	38	12	67	96	24	50	99	19	48	53	56	26	36	94	50	26	54	19	90	58	97	96	91	99	93	76	99	13	53	73	90	93	57	85	52	74	15	51	13	8	29	82	5	59	55	100	21	62	81	34	12	92	5	33	89	64	34	31	13	36	6	83	45	18	77	5	95	94	49	85	100	16	87	70	77	81	76	8	49	79	33	92	1	65	48	39	61	9	92	32	35	95	43	46	19	9	26	75	18	34	12	21	64	73	77	69	91	41	100	27	99	33	72	95	18	22	58	47	96	
15	73	60	66	28	51	51	14	23	24	51	27	49	86	98	29	90	2	35	82	85	49	7	57	81	72	90	19	66	51	67	69	55	13	22	64	9	61	70	23	18	60	52	46	91	80	78	28	6	61	37	81	28	53	56	64	48	74	23	72	79	3	2	58	43	75	51	95	67	28	88	12	20	79	28	33	41	49	17	100	90	23	27	47	39	19	39	4	1	41	73	84	54	49	58	26	28	24	53	59	22	58	33	24	29	64	95	87	5	29	75	58	60	52	96	55	58	55	100	59	92	91	33	88	68	38	92	59	14	76	86	33	55	57	41	92	36	13	97	24	98	46	89	49	38	44	60	38	62	96	7	29	60	44	27	97	63	36	89	22	95	4	60	97	76	66	29	30	57	63	16	67	50	48	12	87	37	28	18	39	57	94	14	51	80	55	93	78	84	37	52	30	12	22	27	25	43	75	24	81	
79	78	74	23	20	2	15	14	51	26	61	5	37	90	87	24	35	15	12	22	39	90	90	64	23	47	87	27	95	58	3	23	8	35	53	46	39	8	40	12	1	64	44	95	99	93	16	98	9	32	39	14	12	21	5	79	82	69	51	42	34	93	67	64	79	84	54	28	24	21	86	12	16	65	62	75	33	6	64	9	10	90	41	35	87	71	30	59	77	13	91	6	93	23	46	54	24	60	78	95	100	58	98	74	87	65	49	65	67	25	59	86	33	89	22	85	27	73	69	18	82	100	99	35	75	41	90	36	30	7	19	63	90	91	89	89	21	82	9	32	8	5	73	11	72	29	90	5	100	40	53	59	7	83	42	25	96	55	74	46	94	96	34	98	11	24	60	98	36	76	53	59	7	37	35	50	47	60	15	21	76	96	92	1	5	87	46	84	72	10	9	11	25	27	38	79	36	68	33	48	
76	54	26	93	88	32	81	90	97	83	80	4	13	39	72	46	51	7	61	72	77	61	99	98	16	93	41	5	84	62	71	65	10	2	39	6	25	36	59	59	57	30	8	12	50	62	72	85	21	48	4	25	18	74	95	25	89	26	51	30	77	79	17	24	66	9	96	85	82	62	18	93	24	55	81	17	54	89	69	15	75	31	32	33	58	25	64	84	74	79	45	32	21	67	63	19	53	78	83	20	35	77	79	3	82	23	16	47	31	27	3	7	79	57	53	43	20	14	26	25	45	78	36	42	65	79	92	41	93	2	94	99	55	47	96	74	57	31	55	72	1	100	80	97	69	10	17	45	86	66	52	93	4	41	11	73	25	38	49	59	5	55	77	7	58	86	24	16	21	58	94	65	36	51	19	57	93	5	5	53	96	93	8	65	88	94	35	62	57	96	72	53	28	8	99	16	51	13	24	39	
17	44	95	80	99	58	95	47	18	37	81	60	100	91	13	46	73	43	49	47	20	57	98	75	85	30	54	60	19	97	12	36	81	49	24	23	83	35	95	20	51	44	97	70	5	82	74	99	20	62	98	83	39	90	75	47	6	95	4	47	52	9	94	93	92	45	7	52	87	48	6	24	98	14	96	28	36	17	8	56	6	27	82	61	80	38	57	19	31	97	21	91	24	68	100	90	59	95	20	14	45	99	85	84	26	78	13	62	91	80	57	82	83	89	5	42	43	8	12	28	30	52	59	64	99	37	11	43	19	39	30	34	13	25	2	89	23	55	12	83	38	60	83	36	3	74	36	77	99	45	87	89	48	38	39	76	66	49	22	4	84	99	48	20	7	28	81	98	68	74	84	50	76	90	85	62	22	36	2	45	65	94	7	55	96	54	8	88	46	39	71	12	36	7	16	35	68	63	79	51	
90	18	6	50	34	31	50	95	58	62	73	48	16	60	90	91	65	25	1	48	28	56	73	51	61	93	57	87	71	44	76	44	75	9	4	74	57	28	41	53	52	90	79	57	66	97	61	100	16	93	3	5	23	85	89	2	34	42	54	22	46	38	95	38	74	23	83	19	62	83	91	87	43	75	83	77	68	7	45	8	4	41	54	35	10	47	62	16	46	31	9	9	74	31	80	58	22	100	35	45	49	25	11	56	47	26	22	86	48	63	31	44	47	31	84	23	36	82	47	8	69	71	50	98	27	69	30	9	78	31	35	67	36	46	11	39	60	19	78	18	24	65	20	5	11	7	97	12	42	37	56	26	82	53	27	74	80	70	99	33	46	90	26	86	84	9	48	22	20	65	40	28	25	48	51	82	95	80	87	96	100	18	99	16	11	38	2	69	62	51	15	49	21	52	80	47	64	25	43	3	
23	5	20	42	81	46	30	100	23	98	10	14	55	24	15	91	47	92	41	85	51	96	50	87	18	93	4	56	43	32	20	32	88	23	90	2	23	54	99	20	31	69	99	27	41	82	82	98	85	62	94	67	89	87	51	83	11	91	80	68	81	73	6	13	68	6	23	91	77	48	56	53	6	62	78	67	35	22	60	16	59	3	97	91	37	52	65	7	64	6	75	43	97	18	91	97	58	58	77	99	25	18	72	28	48	85	78	79	98	72	36	99	28	35	89	58	76	19	60	68	46	12	55	21	20	86	59	78	62	61	90	76	20	20	76	75	56	9	78	80	35	60	7	37	3	19	38	38	56	31	29	56	97	67	69	35	32	70	65	81	79	86	40	35	92	27	71	39	100	11	53	41	26	89	50	62	79	58	75	59	19	3	44	28	57	47	50	83	12	84	77	88	31	33	20	66	25	56	44	8	
59	74	71	16	12	1	38	79	7	8	62	72	74	24	19	90	87	40	36	64	1	49	44	86	57	98	51	71	13	96	27	31	43	53	54	58	34	55	26	91	20	5	74	91	27	2	23	94	52	73	44	38	75	13	57	97	67	6	35	35	55	68	57	74	69	73	13	77	24	71	92	51	57	45	67	68	66	52	64	65	72	45	72	6	34	65	42	26	78	11	59	57	100	96	38	96	33	98	79	85	11	72	74	44	60	50	39	76	64	43	23	42	96	9	6	58	49	90	98	61	12	60	26	37	81	34	63	37	99	23	61	88	74	42	17	1	33	3	33	79	85	73	5	53	36	48	43	7	10	39	84	88	72	95	93	22	91	48	23	42	22	61	73	20	50	83	79	53	24	100	74	37	77	30	37	20	14	25	26	68	88	86	62	20	86	20	23	66	44	26	65	55	23	52	35	73	89	16	62	7	
2	26	21	67	25	76	86	6	90	65	37	46	39	44	57	94	82	33	26	35	29	4	73	11	51	55	27	95	74	68	41	27	63	6	28	29	89	89	83	73	16	65	94	4	30	44	69	31	55	37	84	10	86	8	69	89	100	41	93	89	54	98	15	25	6	90	4	71	27	41	13	65	32	31	33	33	7	46	75	29	100	75	80	40	38	81	26	78	89	33	15	4	92	97	28	91	24	74	3	84	56	28	44	90	30	38	9	48	48	45	17	83	77	9	47	49	7	8	87	3	12	37	96	91	5	70	26	48	80	66	90	16	89	72	82	22	61	94	86	43	59	36	33	31	4	50	31	57	39	50	100	49	77	85	42	74	11	7	25	55	47	52	86	51	47	84	68	82	51	36	34	18	58	54	24	25	70	81	14	39	59	79	56	35	26	92	49	50	49	19	100	51	41	57	99	86	28	24	30	56	
84	37	33	32	87	45	58	97	35	44	38	83	51	49	74	88	45	66	81	65	55	68	72	62	81	20	12	69	61	85	91	64	54	31	29	7	16	14	97	99	63	77	58	6	10	15	49	10	48	81	75	39	48	19	34	20	74	83	92	10	51	22	77	72	24	86	6	71	69	56	65	15	99	24	70	38	57	45	76	12	37	80	22	34	82	63	9	53	95	98	70	22	14	5	92	99	29	87	82	26	47	48	60	30	14	33	95	19	49	89	66	62	69	18	16	97	21	54	26	44	4	40	50	94	69	34	23	65	17	21	34	18	29	78	38	37	39	75	76	57	90	48	5	63	65	42	43	12	56	88	100	20	9	12	89	10	9	55	64	37	33	80	45	68	42	40	81	2	19	22	14	11	76	34	13	18	15	63	99	31	82	45	27	74	92	72	14	66	40	19	64	22	50	60	85	60	33	38	13	76	
14	84	2	28	30	34	47	68	74	51	31	10	42	61	15	98	88	80	100	11	14	1	61	54	76	78	41	35	94	43	8	100	79	15	86	60	89	71	10	5	47	85	62	11	49	52	8	58	90	42	33	75	79	28	90	61	44	4	69	94	52	37	63	95	57	45	61	51	97	79	73	87	30	23	32	46	50	9	99	32	57	78	94	10	9	41	76	27	43	59	46	50	73	74	95	93	64	65	23	78	26	85	50	38	33	95	5	49	80	42	36	1	92	23	96	41	83	83	85	56	76	59	59	44	48	56	97	44	64	79	55	32	15	85	41	1	35	17	50	7	93	59	100	24	21	34	83	94	36	44	80	32	64	43	33	23	2	82	17	28	86	51	30	28	85	16	56	100	90	82	5	32	2	71	21	1	73	35	37	81	40	73	73	38	73	100	79	54	62	28	19	74	6	39	25	47	32	17	27	81	
83	21	25	35	21	77	84	3	44	52	4	91	15	40	40	31	87	81	26	91	68	93	99	47	19	79	5	64	32	65	56	75	97	40	85	20	99	51	33	75	61	90	57	50	87	53	79	47	47	46	7	41	16	35	32	13	72	26	46	65	72	43	59	81	77	5	98	26	25	34	89	23	93	43	32	91	44	32	81	96	91	35	25	80	77	55	89	93	94	85	97	59	6	2	33	76	95	49	16	13	22	78	39	9	95	5	50	1	45	83	55	10	61	67	18	68	54	24	50	37	70	81	77	79	21	38	22	27	59	5	83	29	60	73	91	10	74	36	28	77	57	49	48	81	65	27	32	36	14	91	58	23	22	32	92	40	24	56	66	78	95	85	28	86	90	86	42	86	51	35	4	2	41	71	52	77	55	98	69	80	65	47	31	65	40	13	16	20	51	60	23	19	80	20	52	95	11	41	20	45	
32	3	76	67	38	15	10	39	65	92	23	8	39	35	64	50	39	46	27	70	63	10	68	58	38	13	86	12	84	18	74	80	60	92	50	44	84	22	65	63	70	43	12	72	54	39	55	12	96	13	63	24	43	98	62	27	37	76	64	23	97	50	17	40	85	91	26	88	70	31	55	63	36	5	33	96	27	89	89	75	72	97	81	54	38	40	79	97	90	77	32	15	18	81	89	99	87	65	47	62	86	79	76	48	19	49	1	88	72	44	60	41	80	11	37	90	63	84	37	53	1	8	70	53	7	37	3	63	9	15	1	9	42	20	77	100	77	23	70	24	23	65	58	51	64	7	77	12	92	18	64	87	19	3	46	59	88	61	53	55	42	7	15	4	92	31	55	60	98	20	14	100	86	59	56	49	72	35	41	19	89	74	17	2	76	33	71	45	57	34	31	72	31	81	28	51	29	87	50	37	
43	65	80	42	29	62	86	39	3	41	33	35	83	12	89	74	63	26	97	2	39	36	78	54	34	9	71	85	29	93	27	53	72	74	83	21	18	67	87	63	53	93	69	14	94	36	59	7	74	21	20	95	13	90	56	84	5	37	14	1	52	78	95	97	16	87	47	61	91	70	53	20	74	74	34	68	59	34	26	82	23	64	38	10	66	12	52	22	98	2	37	98	92	92	50	13	5	67	31	91	48	98	64	48	49	80	45	72	28	92	24	69	62	23	59	28	7	5	96	43	11	49	41	80	38	81	52	64	24	80	41	62	57	96	23	81	18	53	85	97	23	10	56	96	15	76	97	25	90	80	98	92	23	77	88	86	52	44	78	55	22	76	8	73	9	46	81	67	81	87	22	20	21	59	82	56	71	74	2	82	67	35	42	67	94	77	29	69	28	44	64	21	30	15	73	47	38	25	46	23	
19	27	22	30	38	74	51	68	85	77	7	71	97	5	16	41	80	16	96	86	58	16	21	92	80	30	51	22	62	94	69	19	47	86	37	84	85	69	60	97	49	68	73	80	78	73	94	9	14	68	88	54	89	8	54	5	32	78	76	81	12	27	93	56	67	64	24	46	7	81	31	9	54	94	58	29	27	62	36	100	76	62	90	60	33	9	21	78	74	89	92	21	56	97	31	53	29	25	27	80	63	72	43	45	89	42	83	44	92	79	40	68	48	87	28	21	21	3	39	24	100	23	29	23	43	30	36	79	19	34	22	66	15	17	31	62	76	58	54	68	99	43	3	12	19	99	81	62	57	69	64	100	88	72	35	45	73	94	65	2	34	59	25	72	12	13	100	85	42	8	91	2	30	20	19	67	59	21	45	27	42	90	98	19	3	20	95	11	9	75	2	38	33	9	22	84	43	29	47	34	
26	64	24	7	2	38	51	69	76	48	49	93	37	63	22	17	84	38	41	61	12	29	48	29	45	49	69	67	89	35	68	3	85	34	46	17	64	4	73	100	89	48	10	43	50	57	21	4	16	60	13	39	71	15	83	14	3	46	48	57	14	88	95	69	93	98	7	96	53	10	93	53	43	100	88	98	49	52	83	64	92	8	78	63	30	21	7	80	69	39	53	88	58	25	83	73	75	59	3	57	31	36	23	17	66	36	55	60	24	40	83	24	48	80	67	69	86	21	22	29	20	16	38	51	2	56	5	97	47	74	25	73	82	63	75	42	83	37	79	89	34	29	28	29	77	46	66	22	32	73	74	41	49	30	8	24	72	81	5	78	1	29	50	10	23	31	75	50	26	87	41	49	31	30	27	90	19	62	63	11	39	67	100	68	20	97	55	33	65	4	76	37	74	86	17	98	11	20	79	70	
94	42	17	63	57	21	5	21	79	71	41	63	12	3	60	63	82	4	88	46	24	38	38	22	3	46	20	52	82	74	84	51	80	34	35	67	16	11	36	77	43	94	73	48	20	49	51	41	82	2	48	72	6	87	82	23	84	42	3	85	95	7	48	84	96	49	67	11	28	76	14	5	91	99	45	7	64	75	69	28	27	83	28	93	3	38	35	34	79	73	53	60	15	60	42	90	58	86	7	82	44	99	42	83	62	1	10	41	69	68	24	86	57	67	24	10	63	71	29	13	81	100	45	51	78	47	26	83	92	49	23	8	44	95	18	33	46	88	52	37	77	20	84	60	28	73	86	60	92	3	8	21	2	69	44	20	87	61	10	43	58	51	95	97	74	71	9	91	44	93	13	62	81	85	80	46	97	99	76	95	9	68	38	64	15	19	60	58	14	41	68	32	72	77	1	4	40	2	80	45	
3	27	17	54	93	45	88	98	55	79	5	14	33	18	75	39	54	10	6	26	73	10	12	80	78	20	18	6	23	99	61	47	98	22	77	85	92	8	49	54	87	85	99	12	25	15	70	18	15	45	60	15	51	72	91	95	96	62	7	55	83	97	48	5	15	70	26	75	93	55	57	3	14	58	98	58	13	21	39	80	36	25	30	73	52	53	6	48	30	84	15	91	67	45	67	93	60	33	79	83	47	28	96	77	69	92	61	80	62	48	48	57	54	31	81	34	30	5	51	9	27	94	96	79	47	15	39	97	16	10	27	16	85	69	35	72	62	56	35	98	89	28	21	55	46	28	76	62	10	9	77	4	49	9	28	13	91	76	74	46	83	22	17	82	14	26	68	88	48	99	65	35	6	87	8	79	95	48	26	74	62	93	39	55	25	1	23	78	88	48	70	17	19	72	53	30	7	78	80	48	
48	46	16	55	41	45	24	49	12	66	68	43	88	89	29	45	23	67	5	47	14	81	38	43	34	46	22	57	40	68	37	99	75	93	46	47	22	34	67	83	1	50	3	6	4	63	86	26	19	34	20	73	70	28	98	11	66	29	50	80	5	9	9	32	24	9	100	65	73	19	35	37	20	97	80	90	2	34	52	98	41	65	8	31	25	43	72	8	7	84	73	22	38	4	39	57	52	89	57	89	31	35	9	9	18	23	67	11	23	87	80	67	31	78	20	23	7	8	99	61	97	53	30	49	59	85	38	26	78	95	63	48	84	61	13	40	24	44	51	39	88	65	22	22	53	100	83	59	32	59	49	22	11	49	70	10	5	45	6	93	94	94	15	44	3	73	34	54	90	92	34	98	2	11	23	26	46	96	58	97	76	14	31	19	27	70	14	88	35	43	31	58	9	14	65	34	34	44	34	88	
11	98	31	75	16	89	39	51	12	49	70	32	100	74	16	83	41	32	58	95	2	69	55	7	57	49	49	84	100	80	53	5	95	99	73	68	2	74	8	42	40	28	40	19	77	76	66	30	19	77	91	44	4	82	7	42	27	24	9	1	59	32	18	29	40	84	75	28	20	41	96	22	20	23	64	8	51	81	53	79	26	70	75	93	18	70	53	20	36	78	26	97	52	41	2	85	96	22	53	5	84	89	6	47	16	96	18	37	59	28	67	24	81	20	41	87	7	32	87	64	57	5	33	53	12	35	29	28	47	14	42	78	70	17	77	94	20	15	52	90	91	3	30	39	24	77	37	75	34	50	35	78	90	48	25	39	9	16	38	15	5	20	2	29	90	85	62	99	32	13	74	57	20	20	33	21	65	30	78	86	63	45	47	30	91	58	18	66	89	20	61	21	76	56	79	65	46	8	83	33	
56	56	60	88	84	100	8	28	27	58	69	2	11	35	64	65	40	88	6	42	59	16	20	52	4	81	65	76	5	95	99	78	58	28	73	48	59	53	11	12	82	13	55	59	74	25	99	70	32	4	46	90	65	58	36	52	48	34	67	64	53	69	67	75	77	26	45	29	16	80	2	29	11	96	94	91	18	62	96	94	16	88	73	22	40	33	65	56	79	63	20	20	6	51	42	52	55	85	43	42	23	58	58	49	97	41	68	90	28	21	69	10	34	23	87	80	86	79	57	67	80	36	14	23	68	33	90	11	65	59	1	33	72	55	61	78	60	64	39	82	56	39	36	10	65	61	80	32	98	56	65	7	25	15	2	11	84	82	87	1	39	89	28	1	77	8	97	52	89	41	8	48	92	13	38	29	81	42	68	70	57	74	32	61	79	47	56	40	17	56	25	8	35	29	63	30	99	92	93	24	
16	1	40	100	38	22	8	10	54	26	41	94	91	73	11	40	68	30	19	36	30	45	94	88	64	67	70	28	2	53	69	46	76	55	21	13	28	41	80	52	39	7	66	63	10	58	87	90	49	2	56	12	78	17	28	57	16	11	96	89	50	8	25	68	10	90	19	24	80	49	72	79	24	66	60	7	8	5	55	9	75	43	62	92	72	82	35	46	22	67	43	42	76	6	44	74	58	27	20	43	36	76	49	7	21	83	54	63	7	21	86	63	30	7	7	86	29	47	31	76	48	68	89	47	33	66	61	54	9	59	57	7	80	3	56	18	95	19	17	8	86	79	66	94	10	53	73	14	14	28	66	59	61	71	62	44	64	64	75	31	26	18	91	30	53	11	11	78	88	7	52	11	48	74	24	83	95	63	70	93	26	4	35	12	53	83	30	53	10	20	21	14	20	22	28	42	91	16	29	64	
53	59	68	49	38	61	86	42	76	49	42	67	49	7	12	58	45	78	74	52	90	31	90	22	21	25	48	28	3	88	52	86	54	56	53	48	10	44	42	91	33	36	33	59	8	6	45	9	65	14	90	86	36	88	18	77	21	88	67	29	72	95	47	61	47	51	82	51	5	58	3	58	33	24	70	60	21	12	33	67	23	93	20	44	87	66	67	32	65	61	36	53	32	97	66	15	55	73	14	8	82	19	90	8	54	83	24	84	5	3	21	71	5	8	32	79	47	24	48	26	55	75	19	23	62	2	13	52	65	75	71	17	36	57	99	73	39	31	4	42	29	10	100	15	29	57	88	95	49	43	55	92	100	15	84	79	61	73	57	72	70	3	64	98	2	53	71	46	47	40	68	7	79	83	70	67	71	80	66	20	63	40	50	3	76	56	75	30	67	81	7	85	9	20	100	62	27	7	51	33	
4	49	57	7	63	41	82	85	17	61	11	63	4	80	92	75	61	42	73	43	62	77	78	59	41	100	89	38	41	12	14	40	59	6	61	99	96	51	94	19	29	15	26	20	31	82	52	43	42	42	44	48	53	85	44	61	40	13	9	16	93	13	76	47	96	78	66	2	26	1	88	65	3	56	88	43	73	47	73	17	88	27	60	37	12	10	87	31	68	25	60	36	40	8	85	51	100	69	26	12	47	60	98	87	26	85	50	37	96	39	22	29	51	99	87	57	31	48	48	45	57	55	36	38	74	11	21	14	20	24	41	90	53	97	24	57	73	12	24	92	65	79	31	54	59	80	82	10	1	21	42	45	90	94	88	100	69	20	72	43	57	44	12	9	37	12	25	5	38	68	72	25	13	68	46	28	63	66	93	89	84	96	48	38	67	100	78	40	68	62	35	28	56	54	1	50	87	8	47	12	
15	73	7	26	14	94	84	16	89	19	16	74	67	7	6	40	16	80	73	11	13	49	79	22	78	45	37	90	78	5	80	58	24	21	13	72	57	17	1	35	47	70	67	73	10	23	61	2	80	88	70	2	56	57	31	54	31	21	98	53	6	74	37	20	15	48	100	11	48	2	10	49	42	78	55	90	16	96	51	60	19	66	66	75	53	30	23	82	75	33	25	91	27	42	71	13	59	18	25	28	8	68	61	3	44	56	37	53	43	24	29	13	9	61	64	67	76	26	45	33	5	10	64	91	49	10	41	97	41	17	71	65	5	59	89	34	47	23	71	82	93	66	15	67	84	79	77	18	33	54	97	40	75	24	76	6	52	9	39	33	31	2	83	7	9	91	29	12	64	86	13	98	34	16	21	71	18	15	59	25	74	71	21	75	36	24	50	31	96	57	81	40	19	60	71	49	41	28	19	48	
8	22	4	65	72	16	71	73	55	30	87	25	2	8	62	59	8	7	75	74	51	25	67	23	36	86	89	27	56	84	49	70	61	92	47	84	4	60	53	76	6	66	54	17	32	68	7	83	45	82	69	72	81	57	92	33	85	87	22	98	32	2	37	24	16	45	88	31	90	65	8	6	34	25	87	96	17	30	20	19	24	95	64	67	68	92	21	8	19	14	29	89	78	88	1	8	92	82	45	30	69	46	12	12	4	76	70	1	11	100	20	81	27	97	57	80	48	55	57	5	100	90	26	83	53	48	8	86	72	78	88	32	83	25	59	4	77	69	72	11	30	55	51	94	32	64	59	78	93	18	9	92	62	50	74	80	84	84	37	20	32	60	77	4	80	1	98	10	6	15	19	4	12	58	40	77	97	99	51	50	58	41	27	94	2	12	42	14	29	60	100	55	41	35	61	53	70	49	50	46	
61	98	50	58	41	15	19	4	35	72	85	15	65	7	12	61	83	87	19	27	63	84	58	66	71	90	78	18	69	75	70	21	59	67	44	27	51	13	90	3	51	78	80	8	29	94	23	36	44	48	55	64	75	67	60	79	21	49	46	94	44	56	89	32	78	95	60	42	71	67	64	85	88	82	78	19	87	40	67	64	50	71	28	31	18	85	85	16	40	48	96	44	94	53	73	29	91	100	78	52	71	12	60	37	40	59	81	8	49	23	16	100	94	53	5	36	68	75	55	10	90	89	89	36	43	57	40	98	29	88	41	47	75	9	20	57	41	34	58	68	33	6	16	30	34	77	49	89	4	67	75	31	5	88	52	48	76	4	69	16	79	77	88	44	65	81	48	97	6	18	38	3	97	29	40	68	73	32	96	58	91	92	58	72	63	13	68	5	86	100	4	68	8	91	81	74	50	64	62	95	
43	97	60	87	69	75	16	32	57	67	53	85	5	60	58	40	49	24	48	84	27	96	58	57	72	13	45	37	70	2	9	96	11	97	52	78	83	61	26	18	34	46	45	92	69	63	23	97	66	70	93	33	54	24	43	84	20	84	98	26	50	79	96	16	75	77	89	78	85	58	1	53	5	1	7	50	17	15	6	37	70	34	38	90	97	75	29	27	34	14	76	23	6	2	7	82	33	99	36	59	50	55	26	96	50	59	77	70	41	29	38	45	96	30	33	14	89	19	36	64	26	89	86	46	91	90	98	29	100	23	53	84	59	79	20	48	21	60	95	50	76	10	64	47	20	9	30	81	81	9	9	56	69	92	58	100	62	65	1	30	25	18	20	67	69	90	23	49	9	83	44	42	44	80	60	56	82	36	5	78	27	59	18	4	85	53	84	9	62	9	52	67	71	70	16	72	14	45	75	77	
59	46	27	25	69	54	84	86	63	99	49	1	7	1	26	56	15	95	1	40	66	75	8	77	19	27	80	10	96	5	89	60	63	72	11	38	39	60	36	37	61	99	74	90	14	2	85	87	100	70	33	88	100	82	7	84	52	21	93	42	3	65	60	64	39	97	27	49	79	82	55	20	27	62	89	16	11	42	51	88	8	25	38	5	92	34	6	58	50	92	82	24	15	72	38	5	88	35	42	64	98	21	37	91	94	44	79	53	80	23	51	51	79	49	53	23	47	23	38	91	83	36	46	84	69	63	1	47	69	49	63	28	28	9	19	100	19	69	29	78	32	27	18	17	100	89	37	66	84	11	50	60	83	76	94	52	25	76	51	91	21	23	3	17	23	18	24	49	48	72	88	75	79	58	4	10	18	89	30	54	98	51	51	74	32	92	47	31	6	32	71	39	9	52	42	82	58	21	35	40	
73	46	23	21	14	12	94	41	100	50	22	98	55	17	71	14	80	76	53	56	68	77	78	64	97	42	64	26	55	17	84	46	76	59	30	88	37	85	74	84	59	45	22	22	47	73	77	87	36	20	65	67	92	79	11	73	46	73	60	42	71	41	1	27	36	17	54	45	31	73	5	25	25	63	7	62	13	29	56	98	46	1	4	41	60	82	41	61	50	25	15	45	89	78	99	59	68	75	65	99	27	20	81	5	69	48	21	7	38	43	2	78	47	59	12	68	33	62	74	49	53	43	91	69	90	2	30	37	16	72	15	22	47	75	53	13	66	33	87	69	18	78	38	3	60	93	3	45	73	80	84	8	33	92	18	52	15	63	2	25	100	12	28	75	36	20	32	85	50	69	94	89	51	24	53	44	81	95	72	48	90	36	53	50	52	49	10	15	53	69	45	14	71	91	28	76	6	4	98	30	
50	69	27	90	64	49	23	32	11	81	53	93	98	22	77	84	97	93	84	97	78	97	27	11	64	100	59	1	40	98	18	38	22	43	28	64	10	4	93	18	43	92	59	57	76	100	81	18	7	99	96	19	44	66	47	61	41	20	31	25	35	32	25	29	85	97	52	82	24	17	47	99	11	95	29	1	38	76	75	63	3	68	44	3	36	55	77	97	49	86	6	72	52	29	77	55	38	41	79	37	69	86	34	70	34	56	38	37	81	30	56	47	15	85	35	33	66	2	11	10	48	57	90	63	2	5	97	33	22	17	68	12	83	23	98	77	9	12	45	23	93	31	25	98	76	92	87	44	1	21	45	27	93	11	33	14	26	23	94	72	8	16	25	63	53	18	15	96	61	45	76	18	62	10	17	85	69	23	98	42	76	21	34	23	60	32	49	39	50	37	41	34	76	28	34	44	53	39	53	67	
15	14	24	45	97	24	39	92	24	61	26	66	48	45	78	16	27	17	49	53	20	99	97	39	90	84	34	54	60	30	37	5	90	77	63	13	70	3	42	84	45	45	44	37	80	34	4	17	11	15	42	29	3	85	49	14	92	77	42	19	91	39	20	38	28	99	67	3	15	53	5	2	90	30	45	38	35	44	31	76	34	77	65	62	88	33	57	51	95	72	72	70	18	2	82	100	92	90	92	11	30	59	63	26	23	97	22	3	52	36	5	26	39	38	29	90	61	13	21	41	8	40	98	1	30	97	32	94	51	81	70	30	10	20	65	59	37	94	26	30	62	99	88	82	65	51	41	96	15	45	94	91	4	15	55	98	29	2	39	8	32	60	27	48	91	29	74	56	38	19	98	69	22	14	31	64	12	54	97	23	7	31	23	28	54	19	79	26	89	34	68	32	82	68	64	34	61	80	67	13	
14	28	23	98	62	17	72	30	59	71	7	32	13	85	90	53	94	76	47	1	85	46	21	86	43	53	40	17	66	98	67	48	89	32	44	24	10	68	60	54	24	94	50	77	63	3	71	27	30	99	48	94	57	54	82	40	25	73	42	13	45	41	7	18	100	58	99	86	32	36	92	99	59	3	88	34	38	64	38	24	10	32	97	28	78	17	15	64	47	55	37	22	11	72	31	21	59	36	41	43	9	78	37	48	65	44	27	63	64	79	97	83	97	26	28	11	54	52	14	97	86	98	29	47	37	33	94	43	48	56	38	89	46	71	83	45	80	97	21	91	47	23	46	90	21	21	83	94	21	31	18	57	28	53	55	84	74	87	48	84	27	30	41	71	69	78	37	64	15	100	43	99	41	81	88	89	81	16	98	32	11	90	67	83	82	93	72	46	31	46	26	72	79	26	1	41	84	99	43	58	
44	23	17	80	76	28	9	78	36	100	33	50	60	17	75	13	69	16	98	10	75	4	21	11	61	52	46	96	66	74	76	88	72	24	44	28	70	35	9	12	98	6	55	44	35	43	12	32	98	62	12	37	29	86	63	30	98	49	45	17	67	40	74	32	44	93	22	64	78	7	26	97	32	17	69	46	88	84	52	92	3	100	21	79	92	47	5	15	96	99	31	78	78	29	7	62	14	30	93	19	78	62	99	80	17	64	59	9	24	19	47	92	16	78	47	65	9	65	20	41	72	29	100	69	16	22	51	48	86	43	34	89	16	38	48	21	91	53	21	32	74	33	54	29	96	53	60	46	76	42	48	78	57	15	94	8	60	69	76	25	66	93	42	17	37	16	10	62	73	93	65	85	92	88	43	63	33	26	43	14	38	34	70	25	66	29	7	77	26	70	94	32	82	7	33	36	50	89	95	63	
96	10	71	71	57	10	43	81	32	70	95	25	61	61	47	36	6	57	15	36	66	74	5	23	95	7	64	30	13	37	92	19	26	91	99	67	85	73	89	15	53	3	51	60	39	83	70	67	91	7	15	43	17	3	50	11	42	17	20	2	55	31	59	88	78	51	21	79	52	49	34	19	29	24	82	80	67	43	46	73	25	91	36	99	34	92	33	23	84	10	58	87	56	6	36	81	76	7	2	39	31	61	23	66	21	79	5	15	80	34	74	49	10	95	14	59	59	75	24	17	78	88	23	49	72	17	81	56	43	44	37	39	92	64	71	30	40	100	38	57	51	37	85	41	39	70	81	30	87	61	62	57	57	54	3	2	97	48	8	25	68	18	6	24	5	17	75	6	63	6	34	23	91	92	50	41	4	45	36	56	56	20	15	93	74	24	44	75	11	71	95	4	96	19	26	86	50	54	56	29	
69	69	95	66	68	71	34	95	52	84	52	70	1	1	1	22	60	4	51	87	11	10	99	23	37	96	16	85	85	97	31	52	27	18	6	49	54	33	75	3	49	36	42	37	75	71	91	64	9	95	33	16	40	98	97	83	54	44	82	92	36	56	32	24	21	71	31	70	92	64	76	79	86	63	40	9	74	41	5	90	97	60	65	88	1	49	7	5	48	4	5	22	47	50	8	34	86	19	94	30	35	90	61	90	34	55	83	1	41	22	25	23	27	63	42	1	57	71	41	71	88	41	53	63	15	68	70	38	34	37	58	98	71	90	67	43	96	8	86	66	47	94	5	40	48	10	75	76	99	1	38	40	48	75	28	26	2	5	89	52	6	27	98	12	85	51	18	61	49	80	72	43	8	45	30	53	31	86	99	22	98	68	99	27	34	36	63	10	77	30	77	26	34	9	32	58	55	28	14	68	
20	91	18	83	41	91	58	75	93	78	98	39	97	54	79	33	98	77	43	45	46	32	76	21	26	26	63	55	38	70	92	21	85	99	66	16	89	73	81	5	35	42	18	29	10	16	24	44	86	25	12	44	23	76	45	14	78	85	66	29	80	89	9	13	57	100	89	12	99	14	34	66	43	1	69	51	71	27	8	83	85	38	48	33	17	81	97	68	99	34	80	99	76	46	81	12	33	63	99	34	67	76	88	16	18	32	29	9	62	66	73	8	16	48	78	33	7	17	90	65	32	47	84	28	22	12	30	89	89	39	98	95	9	43	63	93	56	59	51	76	74	22	100	82	88	37	81	3	94	34	25	11	17	68	49	87	41	49	37	52	50	57	80	51	49	43	79	59	48	73	68	11	24	94	14	79	68	48	93	91	57	91	93	60	61	90	82	61	32	32	54	72	68	85	69	35	68	28	8	93	
15	56	100	64	91	74	49	47	60	66	55	41	7	39	76	81	30	66	89	41	24	94	56	77	52	13	1	73	31	48	86	72	56	67	32	83	40	15	1	75	12	5	18	83	88	32	96	63	38	39	45	35	42	14	93	97	30	96	95	78	27	66	35	11	52	13	94	18	86	70	69	74	1	31	72	23	25	19	52	75	4	45	29	49	32	54	44	61	52	62	50	1	77	78	13	92	55	90	55	13	36	20	74	89	29	15	60	42	57	15	82	44	85	84	70	72	80	36	53	5	83	75	59	28	47	83	10	46	16	92	71	9	48	77	33	48	74	99	47	37	2	69	11	9	24	58	29	45	99	39	51	33	81	7	88	26	45	74	17	45	46	50	80	52	99	96	97	66	76	44	93	84	76	20	92	83	37	70	67	15	74	90	68	38	43	10	62	7	39	6	48	33	56	68	51	26	91	53	24	67	
6	36	27	75	45	53	9	21	6	94	92	26	11	47	83	40	8	99	4	54	21	40	63	87	41	76	8	40	64	53	43	82	98	38	38	4	23	2	78	15	28	61	18	88	30	12	96	37	38	8	92	92	74	69	74	37	3	45	48	89	74	51	7	45	33	7	12	27	82	40	4	4	66	55	53	20	81	26	47	96	22	3	63	63	87	85	44	52	65	61	67	75	20	91	95	5	57	91	47	25	46	20	42	72	78	85	73	20	96	17	63	95	69	61	17	55	3	57	97	59	25	9	79	9	75	23	20	71	38	64	90	43	77	71	48	82	96	29	93	7	43	61	56	98	15	48	9	7	29	60	7	56	7	13	21	85	24	17	34	53	55	51	29	42	70	97	32	5	88	57	67	49	95	28	92	97	99	18	53	79	26	72	68	100	23	14	63	42	92	37	20	3	98	48	41	12	36	24	83	54	
39	79	54	64	84	57	24	82	5	63	45	36	53	27	53	57	67	36	78	96	55	28	15	95	53	95	97	56	44	37	89	7	7	50	88	90	66	16	52	13	20	40	19	100	3	55	9	2	37	24	66	38	17	68	12	3	26	70	39	44	39	18	94	44	14	24	53	39	99	41	1	41	92	3	43	41	81	64	30	26	20	24	96	88	85	64	42	36	12	94	27	62	29	80	77	33	41	89	96	2	11	76	17	82	38	41	91	77	23	31	75	18	35	13	77	61	56	99	24	89	59	20	20	19	53	98	65	83	48	71	67	63	33	48	10	2	35	37	77	91	85	80	37	46	14	86	7	85	20	81	86	6	7	6	2	59	2	54	67	53	91	84	14	55	5	67	17	85	78	31	28	73	22	31	9	82	48	72	17	83	35	55	22	28	45	57	68	99	32	51	15	80	90	67	5	93	12	82	3	4	
43	82	36	30	74	40	33	76	3	2	55	30	51	45	41	44	55	93	25	15	95	95	10	24	37	51	89	46	90	77	38	40	84	25	50	3	72	51	40	40	42	5	81	8	12	22	8	89	97	71	89	48	33	40	58	13	11	62	26	22	86	99	77	53	22	56	92	94	49	39	54	88	27	44	33	41	57	72	60	33	67	74	44	60	94	77	38	91	10	58	16	61	24	81	88	89	92	89	74	89	39	75	1	22	37	1	10	100	81	62	42	33	72	40	94	78	18	73	57	34	4	57	48	100	13	77	59	45	21	30	43	93	48	82	2	3	88	15	27	49	62	38	20	91	5	14	47	26	93	15	81	46	8	77	22	19	28	10	45	52	22	33	94	18	1	48	10	81	28	8	87	17	12	58	81	61	16	78	92	46	90	13	39	70	83	62	74	20	27	12	30	7	73	48	29	24	61	88	71	12	
58	4	51	17	94	72	89	81	57	25	42	35	10	26	15	42	31	15	8	82	39	22	11	73	21	12	21	31	42	35	42	19	84	88	69	68	83	67	63	93	86	5	51	29	2	43	43	49	43	24	37	54	12	13	68	5	47	99	54	46	38	99	39	6	17	46	87	66	80	26	21	90	63	50	15	55	90	59	85	27	61	65	93	77	22	19	44	71	11	34	26	26	91	26	13	64	36	21	57	23	60	56	33	61	39	35	74	77	18	76	83	46	62	24	20	60	95	39	73	47	77	41	21	19	66	9	37	80	91	40	96	56	74	96	35	88	24	37	66	53	2	38	84	96	69	68	77	69	10	71	18	50	60	49	16	56	24	80	64	11	76	15	85	81	100	19	51	69	66	52	19	57	35	68	72	94	67	35	42	67	3	69	2	6	25	82	52	5	31	21	44	95	8	23	93	41	22	22	80	40	
73	6	22	46	85	31	85	100	76	93	41	15	93	60	1	81	97	94	70	88	28	37	5	40	33	62	31	32	5	90	46	72	13	95	76	9	51	40	37	78	31	37	95	20	11	61	48	79	64	54	20	91	85	41	38	5	44	1	85	60	26	49	76	8	46	40	5	74	73	1	65	16	2	2	6	8	58	29	9	37	77	59	1	47	32	27	48	74	34	89	36	100	5	34	60	34	13	82	31	55	19	9	3	94	75	17	36	23	53	58	37	88	56	44	15	64	19	31	12	23	69	34	60	69	33	12	94	97	53	100	8	59	99	29	37	15	37	20	43	38	83	64	15	90	87	7	14	6	25	7	85	22	1	25	49	2	31	14	65	66	89	60	8	39	73	53	46	5	58	87	72	73	1	22	89	90	9	45	63	68	7	15	84	11	90	96	21	81	38	30	100	49	61	57	55	59	17	92	22	36	
51	10	28	70	58	73	92	12	40	65	34	93	81	58	67	12	27	16	25	11	60	64	19	49	79	17	11	55	31	33	64	98	66	63	53	74	10	9	61	87	19	28	88	17	10	13	93	52	72	63	57	18	63	14	92	75	85	37	71	100	32	49	31	60	8	94	65	8	29	65	72	32	36	39	52	4	1	14	12	46	17	38	35	47	87	13	11	61	38	25	9	30	20	12	23	31	97	9	55	12	78	78	33	86	76	50	28	70	85	54	79	52	35	51	52	39	17	4	24	71	72	58	95	29	87	45	26	21	21	38	86	51	47	93	77	27	66	43	53	59	2	85	48	27	83	12	97	90	42	14	78	4	76	86	5	80	91	24	85	46	15	15	91	30	13	91	43	8	90	42	32	95	12	84	1	63	98	38	33	97	33	19	89	33	33	72	89	98	5	65	20	16	39	3	1	13	42	9	3	40	
88	55	67	35	51	63	13	83	19	49	94	1	22	19	34	43	85	70	22	79	27	10	78	14	54	14	10	97	15	49	10	12	3	24	99	81	38	17	93	82	70	87	73	56	83	71	43	48	63	90	51	31	8	57	26	76	39	17	18	86	92	5	100	13	73	18	57	39	26	15	68	64	19	62	63	74	54	46	17	58	79	68	88	97	98	87	19	25	88	97	67	85	60	43	2	13	24	32	72	83	18	80	79	43	57	7	77	24	97	68	89	37	98	39	90	82	8	42	92	82	11	68	50	78	69	23	30	91	32	57	66	76	37	7	91	49	53	38	59	71	89	21	68	90	81	41	81	80	82	32	59	81	92	15	7	53	96	53	70	35	54	68	81	76	46	33	10	5	48	39	41	85	76	6	8	49	35	98	26	55	43	1	35	62	63	76	82	85	3	84	87	16	21	6	4	48	46	21	77	82	
87	10	97	52	61	6	21	15	59	26	86	61	25	58	88	12	1	83	3	6	97	57	90	61	15	43	50	31	73	70	5	19	33	46	83	16	7	91	79	11	48	45	90	45	32	45	78	11	30	67	41	100	87	9	82	32	50	94	11	24	23	15	68	96	62	19	41	88	77	43	27	35	63	19	47	31	29	71	79	45	55	1	33	54	50	73	59	70	81	86	21	35	92	77	47	36	98	8	1	38	24	35	85	59	90	93	57	23	23	99	34	77	89	88	91	56	86	29	65	93	30	33	76	32	18	93	62	47	74	51	47	74	2	43	85	62	2	83	2	89	15	54	4	22	31	93	19	57	13	31	74	63	45	4	79	96	58	20	98	61	24	55	58	41	98	17	21	3	67	76	56	79	88	10	79	17	40	32	8	69	85	88	61	62	63	98	51	80	24	21	57	29	74	7	79	51	40	85	18	23	
24	64	83	77	3	67	25	50	69	98	29	30	3	95	48	25	25	82	64	80	37	58	13	64	43	43	93	82	94	22	72	42	76	50	11	48	97	47	84	9	51	62	42	86	77	65	61	52	85	28	73	32	22	73	89	51	9	31	77	92	66	66	1	94	49	11	31	10	97	74	40	74	71	7	42	98	80	7	1	62	45	30	9	12	89	31	12	24	84	50	37	93	29	3	81	6	46	5	100	60	65	60	73	36	48	59	49	65	10	43	29	20	28	65	3	39	79	10	79	66	55	6	10	27	78	31	99	23	33	37	94	22	69	61	80	38	38	64	85	21	54	86	46	7	80	14	75	68	28	3	91	77	4	48	2	63	14	39	59	32	58	92	9	59	12	53	53	58	24	84	30	91	26	51	83	83	15	11	55	20	47	4	82	75	31	26	73	84	88	17	87	17	100	6	85	85	24	40	60	41	
51	49	31	12	71	59	53	98	60	68	52	16	91	97	34	80	83	23	96	81	84	57	29	7	31	63	67	45	1	79	40	54	54	67	58	80	99	72	100	67	24	33	1	51	7	64	10	38	26	62	55	9	40	69	80	39	35	56	59	29	96	46	80	18	41	48	52	53	14	97	84	52	71	90	34	90	15	83	32	28	33	28	62	3	52	83	73	57	46	87	62	48	18	73	1	83	89	73	80	83	20	7	5	33	5	100	48	58	56	3	28	84	21	22	30	36	66	100	31	15	51	16	64	18	38	25	88	46	54	85	5	100	11	56	37	20	84	15	48	68	4	46	95	27	44	64	17	19	68	97	88	19	26	65	9	16	84	38	2	56	95	67	80	49	10	72	17	6	29	59	93	20	39	10	72	20	4	63	82	89	36	2	59	48	80	77	77	15	52	30	16	98	34	78	52	54	26	98	50	46	
19	10	83	17	65	62	30	75	60	76	3	14	90	3	35	87	14	30	72	75	71	43	79	13	27	63	13	73	100	65	83	55	29	93	5	9	2	93	51	13	53	100	83	84	37	69	38	38	2	23	78	37	16	28	95	35	77	60	51	97	49	15	25	52	27	79	98	55	45	88	23	77	13	41	81	62	56	56	31	26	97	10	93	53	65	2	73	96	89	39	42	9	54	11	9	45	49	11	97	36	5	37	53	31	63	24	81	51	96	12	29	60	55	22	39	10	94	15	54	67	94	30	47	17	3	98	82	90	29	41	40	82	9	98	46	91	96	90	27	90	22	7	27	65	92	60	3	23	31	65	44	80	46	63	16	67	95	66	96	87	41	34	87	16	1	27	4	32	90	65	1	23	58	61	21	31	20	22	84	67	5	92	50	88	34	74	37	98	31	52	67	10	88	72	77	49	50	11	78	71	
59	63	48	89	98	80	70	30	100	2	21	46	88	10	21	10	99	100	95	80	96	73	89	38	2	28	22	89	32	8	33	6	48	48	57	12	80	44	52	100	23	37	46	39	75	22	47	28	50	89	11	36	34	92	67	55	69	100	44	5	66	96	48	24	49	41	75	43	93	21	67	94	50	4	6	11	32	29	50	65	35	79	70	12	55	51	13	58	40	72	80	68	48	95	43	18	38	72	69	3	11	3	36	4	65	21	65	64	15	19	77	28	46	53	24	65	10	29	59	84	32	34	20	100	60	76	65	21	96	39	48	88	24	15	14	5	69	87	83	81	31	80	44	92	20	74	92	74	70	65	11	75	24	29	85	24	46	35	92	42	55	60	16	8	20	21	29	56	34	89	94	7	44	39	46	5	56	65	99	45	45	23	5	8	82	38	21	94	57	41	63	43	22	6	70	41	93	30	21	16	
80	5	90	91	30	4	17	99	3	8	17	34	25	36	38	67	51	6	99	3	5	35	43	80	7	89	21	24	39	66	65	46	80	80	48	3	13	17	96	59	58	100	92	75	81	5	69	23	60	62	76	56	30	23	23	85	90	55	43	31	47	15	73	44	44	57	43	20	50	28	89	12	77	79	83	20	36	16	73	69	95	29	64	29	11	59	94	58	64	43	92	68	87	52	63	77	44	29	10	74	7	19	48	50	42	34	27	7	76	99	46	73	28	100	77	61	53	57	80	79	64	77	9	89	93	92	51	21	53	70	10	37	58	48	86	14	68	7	12	41	93	14	64	60	74	48	7	42	87	62	2	6	27	3	53	76	58	28	80	23	84	30	56	82	69	4	51	89	17	94	83	96	100	91	24	17	28	28	81	44	62	56	86	7	50	56	46	89	42	12	42	28	36	56	59	53	17	24	96	13	
25	61	73	40	88	32	48	33	11	10	71	2	76	57	28	75	57	38	11	43	50	24	54	58	3	7	11	26	7	55	100	72	24	37	91	88	30	46	100	78	87	28	77	6	81	59	94	2	71	88	53	52	36	100	61	26	68	47	57	63	94	84	50	62	74	77	88	42	14	2	93	9	18	23	35	86	13	100	6	69	43	4	40	23	29	93	78	75	8	22	25	12	65	37	68	5	60	90	17	36	97	38	43	31	43	83	32	77	97	81	66	86	76	83	37	80	73	88	82	77	59	49	30	37	3	87	41	83	60	81	75	81	29	9	7	47	77	14	97	81	19	75	17	3	92	7	22	84	19	88	6	71	76	31	4	73	94	36	45	8	71	70	10	79	71	74	27	84	1	31	20	61	74	19	55	40	84	17	94	9	72	23	89	83	92	1	58	49	78	39	55	95	23	62	58	27	12	83	65	95	
81	92	41	35	17	30	19	10	67	82	30	6	79	80	29	80	13	1	2	25	80	76	17	96	60	79	92	43	65	17	62	54	97	81	17	28	36	7	4	93	56	38	94	72	99	71	87	59	55	11	91	42	100	16	42	42	74	3	24	22	84	48	88	1	48	25	56	48	7	48	48	63	77	27	51	69	32	29	87	53	49	61	40	72	67	26	57	85	35	78	19	77	64	30	59	95	38	5	45	77	12	38	7	57	12	94	36	12	25	62	22	60	62	59	75	32	14	95	10	18	78	89	81	66	45	44	96	94	46	30	76	3	45	7	85	26	69	6	90	80	57	68	19	23	74	42	84	56	71	85	67	32	7	41	95	19	1	45	13	30	39	52	23	4	56	87	74	89	68	37	8	10	17	16	29	85	34	24	12	74	89	91	62	12	53	53	79	13	61	89	40	5	96	32	58	9	41	14	45	26	
88	26	49	93	80	21	24	58	3	81	44	78	81	13	79	86	20	96	51	73	37	79	83	35	76	74	46	87	79	13	28	74	71	73	92	68	61	9	16	4	69	43	1	93	78	12	33	39	54	13	3	25	100	39	99	22	69	30	38	43	41	80	26	2	20	90	77	80	69	49	91	30	71	82	17	33	82	8	83	26	91	47	26	99	68	69	25	76	47	91	58	10	36	21	30	94	62	100	86	99	42	56	10	39	56	36	14	92	90	57	32	92	10	32	34	98	14	49	1	33	93	4	81	84	73	1	15	21	76	87	99	94	99	29	20	93	10	25	42	82	13	28	68	31	70	87	19	71	50	17	2	39	40	94	39	2	98	62	85	8	87	89	55	4	7	67	44	48	25	5	8	31	75	86	24	98	69	38	46	24	47	96	36	59	74	35	84	90	40	99	35	8	86	28	16	25	78	21	27	64	
68	13	36	94	2	23	69	9	42	88	19	43	24	87	98	56	47	85	22	7	70	63	87	27	92	87	22	99	60	29	1	11	56	3	80	1	62	53	31	9	7	48	55	61	74	95	82	52	73	39	88	50	45	31	39	7	66	19	37	81	60	97	95	75	88	76	24	78	13	10	64	87	48	10	27	100	52	34	45	22	50	95	63	66	4	44	41	84	93	22	91	68	31	14	100	49	96	40	66	45	37	31	39	50	88	44	91	18	80	69	73	3	9	59	50	56	28	43	21	54	18	67	9	11	80	21	45	31	42	61	1	34	39	60	81	15	71	7	14	32	31	3	97	65	65	62	88	85	17	49	38	17	53	7	80	43	41	20	79	26	69	15	30	26	52	64	94	85	97	59	6	23	62	92	17	51	60	26	70	76	47	50	98	62	14	50	76	1	6	12	94	38	84	84	12	66	79	86	57	56	
60	22	19	5	65	28	32	29	85	51	73	33	25	54	75	86	25	49	56	39	42	17	96	1	13	65	57	21	80	5	91	49	53	47	16	17	12	15	75	28	88	94	98	26	69	36	11	89	11	65	44	62	10	97	26	80	59	98	58	27	66	33	58	40	84	67	26	36	66	65	76	43	84	34	38	41	7	74	23	43	28	43	95	22	4	71	26	81	48	5	47	88	69	82	95	85	7	53	52	87	56	29	84	100	100	80	58	64	98	64	74	8	77	49	35	65	66	55	42	97	9	75	9	50	84	45	94	18	48	62	38	25	51	7	86	81	18	85	78	59	74	91	88	44	11	2	6	67	2	38	87	41	26	50	91	11	76	28	17	97	63	46	55	16	20	95	19	2	61	62	58	1	92	94	92	84	8	48	6	36	55	98	64	91	79	54	91	33	16	38	91	78	25	82	29	88	37	61	10	50	
49	86	24	23	69	100	91	48	37	66	37	81	94	14	39	4	87	6	30	10	7	91	99	3	16	62	28	57	13	38	66	42	33	88	9	14	82	41	65	13	10	57	48	7	7	77	30	20	82	40	4	7	2	11	87	67	49	2	98	44	74	82	51	70	44	31	74	59	78	85	45	7	79	53	57	87	58	94	9	25	71	7	91	6	21	3	33	90	48	37	39	92	94	65	23	100	29	59	93	89	26	56	88	49	20	32	23	87	92	100	41	21	4	22	78	7	59	92	45	40	92	31	56	60	8	27	91	57	78	57	40	11	33	56	6	46	50	22	4	81	63	77	19	80	75	6	71	32	39	17	41	20	76	30	80	9	65	99	46	33	77	66	80	42	30	69	42	21	99	99	37	68	74	37	29	77	41	25	94	36	62	75	35	7	6	11	11	56	84	80	62	30	96	9	79	92	21	73	93	75	
91	27	15	57	53	59	32	39	93	51	14	55	76	42	72	63	63	92	52	37	14	98	23	35	39	95	7	100	98	92	20	15	51	100	93	27	99	65	33	32	3	17	15	84	47	35	87	58	4	66	69	59	2	66	63	52	21	95	47	69	87	96	36	76	16	78	52	97	39	63	83	65	85	26	62	81	59	98	45	42	38	85	41	5	14	47	71	32	38	32	20	36	30	66	78	16	60	7	4	48	82	97	72	77	9	64	22	19	23	88	49	2	49	11	90	25	61	100	90	75	62	5	69	83	33	93	4	28	57	57	48	17	81	7	7	8	60	1	76	92	45	4	26	46	24	27	76	7	40	53	26	76	88	7	24	5	92	86	90	4	31	3	81	92	55	67	57	57	28	72	27	52	17	11	78	19	37	2	40	37	60	52	16	93	24	10	33	80	49	60	32	62	73	26	72	99	100	24	77	12	
62	92	29	40	81	10	30	72	29	87	33	11	62	27	36	19	86	47	7	27	28	11	14	46	97	23	23	55	64	61	42	88	11	76	26	32	94	67	5	47	91	66	75	65	75	78	94	21	61	26	1	62	34	45	74	68	20	31	30	25	93	5	87	22	26	29	95	86	89	37	12	22	87	28	16	40	57	47	23	93	91	10	88	72	47	66	9	47	3	7	35	81	2	74	82	87	44	83	41	38	53	67	95	85	12	43	32	3	77	72	30	69	9	49	48	15	71	15	94	24	50	88	92	76	92	11	15	53	15	54	75	68	7	13	6	77	49	25	86	15	4	48	65	63	29	3	31	41	94	7	50	30	7	72	30	86	76	90	34	29	27	21	66	75	75	67	66	71	62	67	67	9	27	33	47	77	9	67	39	44	42	55	39	55	6	24	32	35	5	67	22	33	32	18	92	56	49	87	2	31	
27	11	47	93	45	42	68	83	35	85	11	87	81	38	20	36	15	65	10	3	3	97	76	58	26	14	35	86	2	28	52	9	99	12	62	91	55	55	40	5	40	49	14	52	42	70	88	84	22	61	54	2	31	23	52	83	83	5	81	23	80	85	89	97	73	69	27	72	96	28	13	95	96	75	90	43	9	96	35	62	100	99	21	77	78	9	37	53	12	67	41	75	45	42	1	70	27	42	11	39	27	69	93	42	89	33	92	46	88	35	8	44	28	70	25	2	62	84	88	76	74	52	58	94	18	33	55	55	94	3	28	49	88	21	2	22	16	49	5	7	79	2	9	16	85	53	4	95	39	80	91	80	24	30	61	32	53	6	48	14	58	98	29	78	28	19	97	54	61	27	28	48	26	2	30	41	58	24	12	82	97	89	16	96	67	63	1	9	22	58	5	98	48	95	12	89	58	29	54	84	
12	18	96	14	88	16	59	66	83	39	53	67	93	19	61	79	35	34	59	5	22	72	93	23	26	38	97	98	21	38	84	63	100	38	66	92	33	57	21	16	25	37	31	40	49	41	20	27	16	7	26	64	8	67	22	74	9	90	57	32	24	89	10	3	63	1	30	96	66	44	55	95	93	4	70	16	52	80	57	36	98	94	52	73	98	80	70	91	35	57	30	24	25	23	89	77	97	25	73	76	74	35	22	74	10	23	40	59	86	45	24	20	13	10	39	11	44	79	100	6	80	48	100	52	52	14	98	84	8	2	26	87	26	85	59	19	56	2	80	53	96	63	16	67	24	76	73	19	2	43	11	9	5	86	32	72	21	60	41	13	49	60	71	39	10	50	47	79	85	61	87	87	3	91	42	10	88	11	29	3	100	55	87	42	63	68	84	100	95	26	76	63	36	28	46	10	50	25	57	41	
39	55	26	74	34	53	32	92	40	17	15	81	61	40	61	27	19	37	59	40	51	14	3	55	17	38	54	7	47	82	76	7	40	18	43	21	34	41	43	86	100	18	76	38	95	57	18	79	18	46	37	3	16	62	8	51	83	81	20	87	49	42	26	11	70	18	58	67	10	11	47	64	53	39	36	45	57	7	44	19	83	17	26	92	4	50	10	24	95	42	85	70	19	88	94	81	63	96	25	66	80	32	91	11	9	2	24	88	52	73	72	87	91	5	9	84	64	61	69	52	84	76	62	25	15	26	29	74	60	97	2	41	45	24	2	28	24	31	91	96	58	14	84	95	46	58	94	1	98	41	76	65	92	76	53	21	57	27	40	76	64	69	93	30	18	11	37	3	42	90	39	62	97	85	26	55	48	48	17	36	64	61	42	30	33	23	82	37	66	22	27	17	33	74	88	38	22	26	77	93	
66	19	43	89	88	95	85	99	8	27	92	100	97	73	31	34	21	45	29	86	39	21	81	45	63	88	16	95	23	34	35	75	60	46	84	2	45	31	59	11	9	38	19	11	97	21	17	65	30	12	81	63	33	48	90	22	8	94	54	53	32	95	39	94	59	46	81	4	17	39	13	87	29	35	92	47	65	11	61	68	80	71	32	18	97	20	30	5	41	83	85	84	79	50	52	76	36	55	38	49	70	70	48	7	55	82	56	61	44	94	81	61	76	45	16	82	64	73	20	9	84	4	65	76	63	23	2	87	69	48	5	49	74	17	54	10	80	14	24	53	20	39	38	66	35	28	36	45	62	20	28	99	86	90	6	60	27	97	55	80	88	78	74	78	60	70	70	9	4	73	73	44	92	56	78	28	57	28	7	93	29	45	23	80	84	29	51	56	51	79	94	15	68	12	65	31	55	48	26	27	
54	8	59	98	75	48	62	26	46	85	23	85	42	68	17	41	3	56	73	22	18	76	47	21	5	82	4	27	35	56	32	98	81	61	74	100	57	78	10	95	42	56	98	39	5	80	60	77	67	16	20	15	8	85	45	3	61	12	98	2	5	98	46	42	51	92	63	100	61	56	45	68	76	73	53	36	32	8	56	61	19	62	98	85	86	82	10	89	54	53	68	91	43	81	64	8	89	74	49	22	99	65	23	25	64	17	66	53	78	65	5	10	74	6	38	87	75	57	72	39	37	69	1	51	2	94	39	48	76	8	89	37	17	34	67	45	64	65	85	70	98	59	2	96	92	80	45	13	85	79	17	46	90	34	48	41	40	55	40	10	7	24	51	34	59	29	46	65	30	89	57	2	38	30	80	58	56	94	52	57	33	55	86	1	72	66	9	50	70	39	85	70	15	78	92	55	68	43	51	48	
30	32	20	43	65	87	87	36	75	91	10	75	26	66	94	97	12	73	44	87	77	21	31	58	54	74	17	23	50	88	17	30	35	38	24	82	35	7	72	94	27	57	94	80	96	51	44	55	66	92	39	20	84	9	12	2	44	98	51	45	62	90	99	25	89	90	26	7	23	51	68	69	74	83	12	3	100	94	76	24	66	30	61	78	19	49	8	72	5	57	5	66	48	14	28	49	22	46	59	4	33	81	42	55	37	28	78	55	55	2	78	43	46	93	15	1	31	72	43	33	20	16	30	91	25	72	8	84	25	25	52	52	45	53	53	52	11	66	46	35	61	32	56	87	42	23	8	30	8	26	97	33	4	29	14	13	76	80	10	39	45	26	68	70	1	48	40	67	13	51	12	17	99	27	40	80	55	4	87	90	80	76	45	100	17	2	44	50	79	14	89	43	48	88	10	6	69	8	19	50	
9	69	8	56	73	27	39	78	38	49	86	63	56	84	14	30	72	83	77	78	60	99	47	87	75	91	55	28	10	81	82	82	7	16	33	84	33	35	23	67	25	31	8	36	29	32	14	57	29	34	57	59	17	61	34	94	69	28	80	15	1	39	12	98	20	20	48	63	26	19	80	64	60	87	42	78	83	82	68	91	68	26	16	59	79	3	62	70	68	18	5	62	61	3	100	79	95	94	5	84	46	79	22	47	33	86	95	42	22	34	1	58	83	94	5	39	26	70	57	31	32	79	25	21	100	8	32	27	66	68	6	50	46	55	91	22	76	89	15	54	24	58	95	41	55	84	71	39	87	69	63	77	31	27	58	49	64	88	7	45	95	2	60	43	52	40	37	46	10	98	72	27	6	44	58	51	9	8	13	34	26	17	72	35	4	39	95	17	71	75	48	12	8	8	95	71	21	74	55	14	
8	11	20	86	25	46	10	4	93	46	77	33	70	95	97	99	43	62	80	59	26	50	38	94	25	62	66	96	33	26	88	85	18	41	87	65	4	58	10	69	4	46	31	62	42	100	80	71	25	26	32	10	50	17	65	8	93	94	51	96	51	25	8	43	71	4	51	90	5	12	45	95	23	60	77	10	22	37	28	50	57	87	6	6	21	52	100	5	87	7	54	92	34	74	81	33	4	96	55	99	90	86	61	52	80	51	85	7	76	59	29	51	22	94	20	89	18	3	44	2	60	77	18	23	12	16	60	30	93	18	27	57	50	51	84	33	15	60	15	68	55	92	67	34	60	30	70	52	89	15	46	66	3	21	98	60	69	78	24	26	2	98	72	8	88	89	44	87	15	10	31	33	77	4	3	13	75	3	18	10	18	77	74	34	57	66	25	40	27	94	81	80	22	7	35	53	28	13	88	82	
26	83	58	64	14	91	87	54	55	89	1	23	21	85	63	7	79	52	57	57	50	23	20	29	6	79	63	71	57	52	43	58	7	93	54	45	38	8	67	41	11	64	62	16	16	76	23	71	49	46	72	50	100	9	96	36	92	31	29	47	71	97	1	5	5	36	9	99	3	63	35	63	30	71	34	64	84	22	57	43	7	30	74	79	65	69	88	24	85	79	46	34	72	20	27	92	60	34	77	48	26	40	73	86	45	30	28	15	8	25	50	95	17	15	2	28	91	64	12	83	77	88	20	3	28	25	27	41	42	6	98	80	80	29	14	94	85	8	91	81	58	9	80	87	16	56	10	23	55	30	55	80	81	66	29	71	93	74	51	68	60	72	5	29	82	49	70	74	83	71	92	27	97	55	94	69	8	5	95	90	30	16	30	95	63	12	94	10	78	28	67	6	18	17	35	9	41	51	51	13	
52	96	83	28	69	61	80	5	62	26	51	9	7	82	16	50	66	85	78	88	63	81	94	91	33	4	16	7	55	25	69	66	12	80	2	99	21	65	39	60	81	77	14	24	27	35	77	22	49	1	58	17	53	2	21	57	11	83	35	87	77	11	9	3	99	8	40	85	56	40	85	76	88	55	50	89	45	19	87	19	61	47	91	91	72	49	8	69	33	11	93	10	68	57	96	1	97	98	7	20	86	35	20	51	68	28	86	4	73	72	10	97	82	44	29	1	30	98	9	7	4	44	67	17	75	63	48	71	17	24	12	51	52	42	55	18	81	39	30	76	41	59	49	16	8	82	79	4	4	26	16	42	92	75	78	39	30	78	34	70	43	8	29	94	19	93	35	94	69	50	63	20	97	98	33	57	34	63	11	66	25	51	38	73	18	2	16	83	32	68	77	64	48	77	31	48	50	73	55	23	
30	9	100	39	85	91	45	32	99	84	44	29	97	32	18	50	89	62	8	35	49	29	72	100	95	14	98	35	21	91	52	15	4	94	41	38	67	29	7	6	63	10	16	59	98	80	82	2	44	46	59	4	89	79	22	11	25	68	8	98	61	5	20	38	96	6	79	21	4	38	1	64	6	82	24	68	16	49	20	97	98	59	11	3	33	16	63	44	17	42	43	69	15	74	67	65	76	11	58	7	84	92	50	47	42	85	90	92	9	12	23	74	14	3	90	77	53	2	37	9	80	65	69	23	36	53	91	69	37	5	85	49	99	70	5	1	100	73	13	46	98	12	10	1	20	69	71	56	7	52	20	30	55	75	28	10	18	60	59	1	52	88	82	19	58	16	84	45	3	24	41	99	87	20	65	62	87	58	52	34	35	34	63	92	46	16	99	30	11	82	91	21	50	8	38	18	39	47	51	44	
12	70	17	59	85	54	47	77	57	88	46	26	51	53	24	45	6	31	40	13	82	86	4	43	95	54	24	72	36	47	4	49	2	94	17	52	11	89	40	56	97	39	37	92	72	10	52	69	54	63	89	92	27	46	81	55	79	28	70	20	95	69	3	69	51	20	41	53	45	12	59	5	41	65	18	81	87	51	8	25	1	79	72	4	82	9	73	92	69	70	75	23	91	77	34	48	66	24	86	28	9	27	83	84	40	16	86	31	46	13	31	71	26	73	85	8	11	53	12	91	1	81	90	18	20	18	29	78	16	17	51	43	96	97	67	48	19	53	91	33	17	53	72	27	21	4	74	87	67	64	95	69	67	67	19	50	11	70	29	48	40	89	49	93	16	9	80	96	80	65	86	72	96	28	64	63	91	64	3	60	60	12	35	21	93	46	59	38	14	42	9	46	1	80	34	22	79	35	36	17	
86	34	43	80	90	93	10	16	79	38	2	41	62	11	72	71	31	43	79	9	68	78	33	46	12	5	16	4	41	32	96	14	10	46	69	96	5	97	69	75	58	95	67	16	62	48	72	1	17	20	13	16	17	30	72	24	43	3	72	35	60	8	26	43	26	59	58	68	69	68	3	88	80	32	16	39	57	68	31	20	33	69	69	35	53	66	80	75	19	74	51	52	92	16	68	39	29	60	24	81	48	71	79	68	81	56	42	55	81	100	75	9	68	34	62	97	11	71	25	29	98	48	23	24	32	15	74	37	10	75	18	79	97	32	17	10	51	46	43	10	21	53	17	4	29	51	27	74	44	94	19	42	57	66	97	47	37	70	46	40	37	44	70	35	84	80	85	85	16	31	22	29	21	77	26	54	72	58	42	1	2	64	58	37	75	78	87	4	90	16	77	94	65	98	6	27	69	95	40	36	
11	48	18	21	15	64	73	59	85	5	82	52	5	19	35	60	74	40	73	47	6	39	12	18	88	57	85	15	87	24	63	93	37	27	21	78	95	28	42	21	13	74	66	3	87	88	93	54	75	18	28	19	96	37	97	36	86	33	96	69	94	6	24	94	89	15	61	8	29	6	72	10	32	88	26	79	73	53	76	68	61	83	38	48	26	51	50	41	89	14	98	31	56	43	88	61	30	98	16	98	22	39	53	82	2	100	86	60	67	85	50	91	88	54	99	52	78	46	5	12	10	97	49	49	85	96	56	64	62	6	61	59	66	5	85	81	69	5	8	5	3	58	6	32	56	89	84	89	48	85	2	21	57	71	54	79	3	9	65	67	46	87	74	94	45	96	85	100	92	23	37	58	88	35	69	54	93	41	45	5	49	53	38	55	28	14	59	48	77	36	36	42	15	13	92	99	78	60	73	35	
98	62	67	74	23	22	86	58	90	67	95	4	8	74	96	35	34	79	41	26	29	23	7	37	2	98	42	26	53	22	53	84	51	48	8	72	26	57	35	77	15	95	31	47	34	39	54	74	11	52	98	85	9	64	29	92	65	18	40	66	95	8	73	31	17	59	28	13	25	30	41	73	27	42	79	83	26	51	96	19	25	33	84	87	91	76	83	43	85	4	24	68	96	52	5	9	57	36	21	68	20	100	24	51	19	90	51	98	81	42	26	44	48	90	32	89	88	47	38	64	6	6	9	48	50	61	38	15	73	63	49	48	76	88	78	28	66	58	90	48	67	24	29	90	34	17	1	68	25	97	61	99	28	62	61	85	42	4	30	13	10	15	83	69	3	80	16	92	52	90	59	1	87	72	92	98	5	81	90	11	91	33	74	47	36	82	96	27	70	78	5	61	51	46	82	54	26	90	31	66	
97	67	36	73	8	52	51	55	30	19	58	4	88	24	88	40	92	16	62	29	24	77	20	56	23	63	86	90	19	21	32	31	70	35	64	79	100	43	58	45	80	45	8	16	69	48	15	87	60	82	63	17	38	26	98	84	48	46	65	24	40	44	33	26	87	44	28	14	83	11	95	15	5	6	16	79	46	17	21	79	5	63	72	48	73	42	88	44	66	10	1	84	52	99	63	92	63	76	58	74	65	11	100	36	22	82	35	20	87	8	87	93	99	92	13	41	7	40	68	86	15	18	83	72	69	45	19	100	93	6	80	73	44	57	31	8	52	87	42	39	76	84	59	65	89	94	31	37	5	59	62	99	72	67	27	61	90	73	89	51	98	10	71	50	24	65	31	23	90	1	72	32	90	35	79	7	4	55	46	17	14	95	51	43	72	2	47	42	13	73	43	57	22	89	39	82	64	55	59	48	
46	47	69	36	30	35	11	10	80	4	39	41	84	90	56	53	26	33	18	69	80	7	36	11	40	28	38	71	38	87	75	77	45	18	87	62	53	64	49	95	43	13	58	9	90	15	59	41	58	85	60	69	29	59	55	17	90	90	89	98	4	75	45	19	51	79	65	21	98	65	18	23	5	27	49	59	76	40	73	10	91	66	4	27	48	61	19	1	45	48	83	44	14	39	72	32	16	53	94	84	40	53	74	34	14	5	4	14	22	91	41	13	65	34	74	8	52	68	72	13	19	38	44	88	94	76	98	43	65	34	72	68	93	67	28	87	19	72	32	41	56	30	93	1	94	83	20	8	8	6	58	37	27	67	28	87	39	73	57	12	72	31	92	63	41	86	22	37	59	72	76	34	52	24	74	1	73	88	50	34	4	19	69	69	90	63	80	81	65	67	94	4	13	86	39	51	78	15	57	30	
35	12	57	97	86	97	93	23	55	6	85	91	38	35	8	88	97	54	42	26	33	90	91	38	85	19	7	63	60	51	91	24	47	81	57	61	82	100	24	70	66	86	58	11	7	89	100	21	34	40	16	9	54	97	7	78	21	22	66	4	86	11	69	100	45	3	24	67	50	71	65	47	90	14	99	59	47	37	11	35	32	55	30	15	53	50	53	38	86	14	19	56	97	99	91	35	67	59	65	50	28	41	37	18	11	32	2	100	20	2	49	62	35	98	57	48	11	7	25	98	4	3	42	75	89	18	69	99	85	23	43	11	84	49	73	17	57	73	95	85	79	91	20	23	7	96	61	10	31	23	1	68	52	9	48	87	62	44	2	17	27	33	27	20	99	72	29	58	1	32	34	80	87	14	16	27	77	96	96	97	47	22	81	68	87	85	3	61	37	59	70	69	76	33	70	76	58	33	98	60	
22	61	78	58	38	86	37	80	17	16	42	43	58	83	16	91	9	26	2	100	2	5	3	29	37	90	29	87	71	92	79	16	67	26	16	2	48	28	37	46	97	82	40	38	42	94	68	52	63	20	77	77	11	14	100	29	19	17	76	59	63	24	24	25	42	16	43	79	63	81	18	47	27	93	4	62	24	45	53	41	42	95	59	39	28	10	56	46	18	22	43	99	87	68	45	95	50	7	36	76	25	26	77	58	76	2	41	86	21	30	31	81	6	2	20	92	48	79	13	34	12	97	44	79	51	62	22	41	92	91	8	24	76	95	22	12	35	1	12	76	88	26	39	58	44	100	74	17	75	62	92	74	17	27	26	3	97	92	38	99	6	77	97	97	87	96	21	88	87	90	52	87	66	48	39	97	12	74	17	27	55	98	69	89	27	28	60	49	93	36	71	12	1	68	60	84	57	23	55	34	
28	73	11	78	55	69	66	41	91	29	49	6	34	2	46	65	68	34	87	10	69	46	90	32	52	48	14	34	43	88	38	6	38	44	48	32	38	90	62	42	58	97	4	6	50	92	69	36	72	58	82	94	68	63	83	63	64	61	41	16	18	48	42	72	49	16	43	47	83	18	15	92	37	55	97	22	89	30	7	42	69	24	64	9	83	37	91	64	75	93	20	90	81	14	41	43	48	37	51	90	48	89	30	54	34	71	71	59	59	20	30	85	87	11	20	13	74	83	68	16	58	29	80	58	24	10	14	81	88	92	45	94	20	28	31	58	68	22	84	6	10	51	10	61	39	91	19	16	86	92	94	37	11	33	2	91	85	56	30	27	44	4	55	98	20	28	77	35	72	35	24	14	48	5	60	75	28	94	10	21	19	98	89	10	93	6	57	51	7	8	6	5	38	67	28	70	16	45	17	5	
92	61	24	18	16	30	97	14	93	46	98	83	68	94	32	40	74	2	90	80	26	32	94	28	38	87	71	56	25	65	67	29	53	100	88	99	74	8	10	85	52	39	47	84	67	42	77	12	38	68	28	92	81	12	68	62	77	49	4	73	96	8	32	89	94	64	2	97	29	36	35	49	57	98	48	75	9	15	96	4	79	12	37	99	100	67	11	70	97	47	53	79	63	56	80	46	12	35	19	85	51	50	37	24	13	21	52	56	82	19	27	80	8	23	33	38	24	70	46	21	40	40	60	4	53	17	31	88	43	50	30	14	92	92	9	81	72	89	1	8	79	83	72	21	46	24	55	29	24	17	92	29	78	47	30	42	26	78	80	40	58	3	94	33	65	64	26	69	92	79	74	16	39	60	3	86	67	69	29	9	53	19	27	4	47	99	33	87	94	67	55	68	50	87	8	2	90	9	94	72	
61	11	89	10	93	9	84	49	61	69	2	85	8	93	59	29	59	55	70	78	49	58	2	99	29	72	75	48	81	31	13	14	18	73	56	90	96	92	4	4	92	76	41	95	50	8	68	22	96	66	76	98	84	100	31	51	69	93	41	19	29	29	97	60	27	23	76	31	47	19	26	90	45	7	92	23	58	39	64	34	100	60	58	71	36	33	76	6	29	15	86	78	69	59	88	19	87	50	57	62	82	62	20	25	18	1	77	49	56	67	90	46	79	26	21	29	83	67	28	71	77	68	56	10	44	85	64	89	63	41	53	79	83	97	82	61	94	90	63	49	17	83	20	31	5	17	40	85	98	51	84	77	19	77	41	10	55	28	58	80	51	13	69	57	62	63	54	54	98	7	1	27	97	75	86	29	82	45	42	76	10	47	46	59	92	17	89	13	93	41	72	39	16	81	99	48	68	61	13	77	
17	72	70	10	54	55	19	29	70	10	28	52	78	97	52	82	57	43	11	2	29	26	12	70	28	4	81	52	32	4	74	89	52	56	3	26	45	76	15	46	61	45	68	13	59	98	23	17	87	48	56	15	84	24	6	22	79	10	83	36	96	27	55	90	19	10	40	62	4	54	9	52	88	48	16	85	48	36	28	48	16	57	41	46	55	18	64	92	69	40	43	6	88	11	30	9	37	47	93	22	95	79	14	70	15	73	55	72	71	59	19	97	95	46	65	81	95	71	63	18	97	73	82	18	81	69	12	81	33	4	31	68	37	99	48	16	67	9	98	35	40	15	4	20	56	28	84	34	69	60	8	41	37	9	58	88	48	57	56	55	9	75	8	34	87	91	72	93	5	4	73	77	12	28	67	82	39	54	42	45	10	43	85	61	76	86	83	53	57	37	26	91	91	71	78	94	35	58	42	30	
30	96	73	50	61	19	10	10	16	41	13	56	82	84	82	47	37	17	100	23	49	47	11	73	24	50	83	34	15	1	99	6	6	65	27	87	97	44	65	46	33	79	20	98	60	47	35	98	10	47	93	63	85	75	98	72	16	55	45	56	17	49	22	87	47	64	16	89	75	4	75	55	41	36	43	55	40	12	82	17	26	60	53	49	82	7	88	69	71	9	38	13	87	25	20	26	28	60	5	36	80	58	25	81	63	35	98	35	74	21	62	99	48	96	30	42	63	80	66	15	99	32	36	89	95	23	54	16	26	45	86	48	70	18	72	78	35	45	38	98	32	11	63	22	65	28	17	24	38	26	48	25	2	67	24	11	48	28	94	4	8	3	5	63	58	64	58	41	81	55	88	96	74	94	69	45	54	74	81	96	23	32	94	46	91	81	69	45	97	69	49	12	87	66	29	44	50	81	72	30	
65	7	84	99	67	71	24	20	99	30	41	55	17	35	18	33	33	89	11	76	11	32	50	70	51	3	88	3	43	75	97	83	21	63	33	12	59	13	98	96	91	73	58	30	72	71	80	46	13	23	60	18	42	26	61	12	33	95	38	37	15	35	78	97	59	40	96	99	83	98	52	22	18	98	41	31	54	27	61	7	79	94	40	57	73	54	58	1	25	56	25	83	1	20	34	75	18	15	5	2	87	75	26	14	99	37	69	41	2	45	63	76	26	58	78	68	70	66	93	59	51	96	5	30	72	98	97	98	43	36	99	93	67	53	17	92	42	63	33	26	8	55	82	84	99	81	94	12	46	70	6	94	40	39	12	29	17	7	52	87	13	18	95	11	52	3	42	45	90	46	50	96	17	10	29	42	42	81	26	52	27	100	79	95	72	37	4	30	47	71	92	48	39	33	52	79	92	23	91	48	
65	15	100	87	8	84	28	25	41	50	41	10	47	13	84	17	72	90	33	88	97	38	41	49	52	63	52	55	11	26	14	33	87	11	89	31	1	24	23	18	59	42	83	52	80	40	90	59	99	52	13	75	79	84	7	83	71	36	55	93	72	42	59	26	80	36	15	10	72	86	82	53	6	21	99	65	23	27	75	94	64	58	76	26	3	25	14	35	26	73	42	51	82	93	83	18	39	21	53	45	96	59	68	39	31	81	80	19	82	27	11	95	74	97	86	70	93	20	89	25	50	58	78	54	48	42	23	32	14	56	22	91	15	79	83	46	67	68	97	55	69	20	89	67	45	44	9	74	24	76	36	36	37	44	82	3	36	93	57	90	34	10	90	66	34	60	1	5	11	17	34	97	27	21	9	76	45	96	52	100	55	68	81	78	60	20	1	11	5	61	22	57	48	48	45	92	46	81	15	63	
50	5	6	45	46	31	69	57	61	24	66	30	94	100	8	12	99	46	38	12	31	21	70	69	94	53	73	20	100	4	86	66	63	37	29	48	77	52	77	50	9	11	28	57	50	2	44	11	70	78	10	38	100	62	39	61	89	55	42	70	76	33	77	89	99	70	97	26	88	40	41	65	6	65	86	50	79	42	63	100	47	1	64	24	50	14	67	5	95	76	16	87	16	62	42	34	57	76	96	65	100	19	88	59	82	40	65	89	67	42	39	9	62	76	63	57	26	63	84	74	58	91	27	98	90	76	7	11	38	56	98	57	74	26	35	90	3	7	33	43	85	47	36	5	45	62	72	89	47	47	55	62	60	42	97	100	64	29	33	80	26	18	30	25	35	60	2	49	91	14	4	47	55	19	53	10	10	23	27	55	86	76	20	81	98	72	34	53	22	32	39	21	59	27	72	66	15	37	90	13	
39	17	39	36	62	80	34	3	37	30	97	94	72	5	96	27	52	91	37	90	27	48	69	24	48	1	24	46	64	56	96	55	97	28	89	54	53	97	88	19	5	33	36	15	96	11	84	27	71	30	4	95	25	16	38	97	67	91	70	92	41	93	21	72	46	48	25	72	4	21	12	12	58	9	53	49	69	95	30	95	83	19	27	98	26	79	92	52	13	3	55	23	21	1	68	12	94	96	93	94	18	3	86	79	45	73	47	74	35	90	67	68	93	14	45	74	4	40	96	71	41	92	59	51	36	21	31	90	34	20	68	91	90	72	55	13	69	15	19	1	88	4	2	92	23	56	23	91	96	50	98	75	52	55	89	55	61	45	55	76	17	77	16	51	34	12	64	53	33	95	19	22	98	98	19	47	43	32	100	68	76	77	23	68	95	68	43	12	4	82	33	16	44	72	9	53	1	25	67	90	
69	45	17	66	78	67	19	76	49	33	55	92	23	5	35	11	98	11	72	61	1	29	51	40	100	93	78	42	80	93	60	31	96	11	4	49	86	59	51	95	100	3	42	100	9	38	58	73	96	64	17	64	3	39	58	78	13	26	12	58	38	83	41	78	66	93	82	95	19	95	96	43	41	12	73	5	68	25	25	12	70	45	97	33	4	2	45	58	81	41	7	93	76	64	64	21	14	92	8	7	99	44	62	56	27	73	31	17	42	98	100	38	39	31	47	32	35	50	48	21	27	58	18	51	53	34	23	67	70	15	99	93	68	68	22	39	2	84	89	35	61	82	59	50	5	86	89	62	36	98	64	35	16	39	16	87	42	23	86	45	72	74	30	38	63	35	58	38	74	51	69	81	69	89	27	46	85	94	79	81	20	23	4	47	71	7	23	48	16	17	29	75	54	23	64	76	61	42	52	47	
86	90	7	41	11	19	57	78	19	25	15	68	63	26	27	14	54	8	8	62	1	62	11	45	33	38	16	43	78	85	13	86	50	83	29	26	42	17	100	70	92	16	27	28	85	55	39	57	53	93	23	19	99	95	52	92	83	25	12	28	89	41	52	64	98	60	34	73	9	99	76	34	25	11	88	66	3	13	92	41	66	5	23	5	16	45	73	8	78	37	87	35	86	18	22	64	51	1	65	55	16	28	20	35	74	38	65	2	67	19	68	64	55	19	30	61	12	3	38	75	94	72	4	74	50	23	28	83	25	93	27	60	38	100	28	70	6	11	33	62	62	75	48	88	8	7	83	12	59	62	91	7	93	55	96	42	30	80	1	100	35	34	95	73	92	21	37	55	47	43	69	68	89	10	4	59	61	46	95	78	81	68	47	57	18	75	42	27	84	7	92	68	48	22	48	65	22	55	87	30	
36	29	67	4	18	23	63	30	97	73	66	21	34	55	33	83	71	38	10	36	65	96	79	58	75	36	37	96	57	42	79	65	57	91	45	28	8	67	29	15	5	39	100	67	30	32	30	46	69	84	81	94	89	68	10	34	52	74	86	14	79	40	79	32	31	38	23	26	100	30	97	31	17	85	72	55	60	58	96	82	46	55	34	3	53	35	17	47	70	45	8	21	32	11	34	73	80	5	88	96	11	57	86	26	92	73	40	76	94	3	20	15	25	27	91	79	53	76	67	36	2	63	85	32	52	60	54	82	66	74	34	61	43	23	45	83	25	90	33	63	63	31	80	34	82	50	92	53	74	14	79	6	24	6	67	63	33	84	72	17	4	57	63	18	46	93	75	28	36	72	90	87	27	93	47	92	76	91	72	60	98	95	71	18	63	5	87	13	95	62	7	32	84	36	54	39	55	87	23	80	
18	100	64	94	6	39	35	55	60	46	24	26	92	50	73	40	84	5	54	90	2	60	47	14	93	54	45	74	87	26	77	21	29	27	35	85	15	24	55	89	97	55	39	79	48	7	83	94	88	54	54	49	68	61	23	75	89	8	12	43	14	15	8	23	10	44	83	25	47	96	37	34	47	89	6	76	37	55	93	6	14	59	49	47	49	16	99	31	59	13	64	14	40	80	81	77	55	87	94	54	38	47	20	92	72	100	13	33	77	20	97	19	1	70	58	47	83	56	100	24	12	13	53	92	49	32	19	93	29	24	36	90	10	14	57	62	82	96	72	76	98	26	77	74	38	56	1	53	35	50	54	11	10	24	63	68	23	29	66	2	39	66	12	2	16	46	78	14	82	2	63	85	28	6	99	17	86	81	37	20	72	68	7	75	5	47	6	100	60	76	28	88	82	51	89	99	81	28	42	56	
49	34	83	72	29	48	27	7	32	58	19	15	46	74	33	43	41	20	14	17	97	69	95	81	67	10	82	5	99	13	25	98	4	48	64	10	54	78	22	13	27	14	72	24	73	11	100	13	16	4	50	25	38	48	57	16	86	93	55	42	75	84	47	65	96	27	76	18	7	41	93	36	20	23	3	65	9	83	30	7	34	36	19	79	72	10	52	61	26	68	53	56	6	25	7	69	93	46	35	8	2	50	23	49	14	79	16	71	29	95	55	60	23	14	18	56	30	75	78	50	42	68	84	47	10	49	79	72	7	44	63	82	62	63	68	74	52	21	89	82	51	73	77	37	21	46	58	79	84	76	91	11	33	32	1	84	82	51	9	44	95	25	94	16	99	59	87	59	96	47	80	3	60	57	33	89	83	69	4	1	34	43	23	42	87	6	2	29	33	84	79	73	32	70	9	76	81	55	15	9	
74	42	97	64	55	67	45	33	4	81	23	59	49	72	38	15	82	47	73	29	93	9	68	9	59	28	11	54	11	71	32	80	17	36	61	26	36	75	36	41	26	59	8	74	85	68	71	71	11	73	99	50	43	26	42	90	75	95	63	29	8	80	82	31	11	49	78	88	23	60	34	7	89	29	95	83	6	87	34	97	46	3	71	96	29	90	74	55	60	59	26	98	54	19	44	91	78	84	62	88	69	83	66	50	66	54	20	45	69	11	33	58	78	88	66	40	53	30	40	31	14	5	9	31	15	39	26	46	77	75	10	61	7	42	99	20	5	81	98	85	80	84	15	98	94	89	49	13	90	1	33	56	80	35	9	100	37	56	50	50	17	40	10	83	30	38	4	48	27	42	81	61	49	51	87	13	53	45	30	11	53	12	48	27	13	100	29	9	80	7	25	14	93	28	55	46	57	1	93	82	
62	94	83	63	75	1	87	68	97	58	61	38	22	45	29	30	57	46	94	37	77	27	41	82	36	4	16	69	2	70	77	72	25	17	69	1	11	71	18	40	57	63	78	69	58	12	46	81	79	68	87	8	94	50	32	49	90	86	59	43	80	57	22	96	89	58	7	56	27	44	95	100	12	95	53	11	38	38	68	46	23	14	67	2	4	9	54	50	32	19	23	65	61	47	86	41	84	72	57	46	62	12	44	49	40	62	51	57	28	9	65	14	88	35	89	17	10	67	68	96	29	86	62	6	53	50	89	31	26	11	77	32	39	92	32	27	31	38	5	3	24	88	52	31	57	42	78	61	40	6	16	84	49	5	22	95	66	51	70	79	71	27	78	32	11	14	90	77	70	13	65	37	93	7	94	93	57	97	47	5	22	4	16	84	95	60	33	80	42	77	100	70	64	72	68	59	12	74	35	6	
56	10	89	100	23	72	16	66	87	31	59	50	19	77	93	91	68	18	29	40	58	58	61	62	71	5	49	48	35	11	16	65	36	69	41	83	91	23	25	43	85	58	80	33	53	6	45	47	78	42	82	92	78	29	14	47	67	8	21	74	72	85	84	5	97	35	20	16	76	58	91	84	36	46	1	66	7	68	84	51	92	89	26	77	30	39	68	90	88	72	83	50	52	13	21	100	37	10	96	39	51	84	26	19	19	28	60	34	44	75	4	41	48	43	20	56	20	81	62	57	60	100	9	32	69	37	34	46	70	71	30	32	6	37	51	12	21	30	65	84	21	17	30	52	41	12	39	89	99	12	38	80	60	67	58	26	22	79	39	14	75	94	28	68	82	42	16	36	78	73	67	59	36	8	67	41	37	69	71	61	32	82	17	7	62	76	84	7	77	24	35	28	15	41	99	48	67	52	32	94	
43	50	74	59	85	9	98	42	78	7	52	58	9	20	25	31	74	31	44	14	75	21	96	75	66	15	84	11	64	7	44	43	87	35	81	41	74	12	22	39	11	60	31	24	48	77	54	25	32	78	7	60	25	48	47	19	45	47	65	26	61	74	11	8	63	52	51	65	17	21	50	42	3	53	66	87	19	28	47	33	18	60	45	45	27	90	75	16	56	35	23	55	1	37	11	27	52	9	72	71	15	77	65	100	64	19	23	31	64	2	76	68	70	31	61	25	21	7	35	81	100	4	52	71	45	41	68	26	94	95	77	54	48	20	15	30	44	100	20	87	57	87	16	67	63	42	55	40	35	94	91	62	32	22	5	76	27	94	85	89	48	81	67	77	91	9	77	36	5	43	94	70	71	6	55	72	26	49	92	22	39	33	29	92	7	28	79	25	100	35	73	13	50	70	41	3	33	87	66	94	
69	11	64	26	16	90	16	26	70	51	69	11	94	66	25	36	34	58	66	45	98	42	74	66	80	67	1	46	23	95	8	77	96	6	31	5	33	58	81	72	37	40	100	29	48	39	100	53	24	97	69	40	73	76	84	87	22	25	45	23	57	55	63	53	20	76	8	46	15	85	49	31	41	91	60	32	59	8	31	3	64	17	59	4	11	78	21	49	90	11	87	29	73	29	51	99	30	11	53	12	49	88	55	51	22	74	19	72	21	38	37	32	17	58	21	8	14	85	28	40	55	68	67	39	14	34	32	72	32	4	26	72	33	3	80	7	95	49	16	16	29	17	98	10	43	28	95	5	8	38	78	30	62	33	98	63	17	15	70	43	12	80	6	64	21	46	94	42	61	57	4	69	12	5	68	39	91	12	48	57	21	16	75	68	32	88	73	14	70	28	13	33	79	90	57	26	60	50	31	79	
12	36	31	40	64	99	68	38	50	79	49	63	91	24	12	83	72	22	30	1	95	14	27	58	19	84	28	84	57	86	75	24	44	71	87	85	16	21	97	14	10	80	86	15	57	12	29	64	14	74	90	93	44	94	98	79	74	49	86	31	76	97	56	18	47	34	6	20	64	68	69	25	24	98	88	7	47	21	96	52	95	97	46	73	79	49	53	4	4	6	61	55	61	17	44	33	12	25	28	36	21	31	23	41	50	6	80	31	30	33	74	72	19	9	76	35	20	9	56	19	41	8	71	9	71	76	82	79	82	96	34	68	56	98	90	73	8	61	39	21	74	100	34	88	22	36	23	96	86	84	25	96	73	32	48	36	33	68	15	48	8	22	18	48	50	1	65	15	51	22	13	76	1	38	50	16	91	87	39	48	59	44	54	48	84	82	32	93	64	15	50	79	29	26	86	49	24	40	28	14	
57	40	73	2	60	68	18	62	43	42	96	37	58	21	37	81	46	95	99	9	10	58	97	27	3	6	44	5	59	11	78	14	10	38	69	93	38	76	47	89	38	13	16	85	19	26	70	85	65	32	39	42	27	28	42	81	72	53	28	10	89	56	21	28	1	33	72	96	54	36	54	57	95	25	50	98	96	51	50	75	26	92	17	83	37	16	38	45	33	26	41	55	26	12	51	72	22	27	8	7	52	33	52	57	60	39	20	81	15	9	86	77	72	14	56	29	22	20	54	60	35	91	70	52	91	28	68	26	7	19	9	85	68	48	67	48	23	57	3	6	7	6	78	72	6	56	62	32	28	84	82	9	26	18	95	28	74	12	78	88	8	7	17	77	8	80	98	13	46	89	86	33	68	67	87	81	71	66	33	48	27	72	23	22	36	51	70	28	72	41	70	90	26	25	57	19	81	34	58	32	
10	40	21	12	18	62	32	54	76	15	69	45	8	40	79	19	24	93	16	71	1	73	16	31	59	60	92	15	76	85	11	16	29	5	69	21	28	34	30	44	89	6	70	37	76	76	29	46	83	15	95	100	61	46	47	78	9	77	33	21	86	66	86	5	16	99	2	1	27	11	14	18	95	80	66	93	24	52	66	56	3	87	37	64	67	95	39	16	20	32	18	6	18	60	72	95	27	38	99	16	80	20	35	99	85	25	52	28	73	22	17	1	53	65	79	63	28	100	1	71	61	81	16	42	28	34	64	1	33	26	32	69	51	41	5	29	93	55	1	4	79	85	52	77	70	59	58	58	16	12	29	79	72	92	12	46	88	65	92	10	95	35	35	31	38	34	6	92	82	39	39	70	60	28	8	99	78	29	52	45	72	9	64	48	54	89	9	55	68	99	41	57	86	57	69	50	93	16	5	12	
70	29	87	35	56	33	40	59	65	83	32	32	2	82	72	37	84	10	58	1	54	20	74	58	49	80	92	71	95	27	66	79	45	86	30	43	24	91	34	89	59	42	85	78	95	43	60	89	76	26	66	40	94	23	85	22	17	22	52	99	1	73	39	45	63	83	39	1	87	94	92	18	23	24	7	29	8	41	30	9	79	74	39	68	84	22	9	82	15	12	99	10	28	74	40	18	25	79	16	35	47	66	73	86	60	47	95	51	47	84	98	4	30	34	65	30	42	62	50	49	53	74	72	82	76	44	34	41	36	86	58	35	26	12	93	24	41	59	13	48	51	85	54	49	41	53	27	9	25	66	88	92	99	56	89	10	38	31	55	6	71	53	9	48	18	22	27	99	54	82	51	76	84	70	2	48	94	44	79	92	66	53	76	65	39	99	76	46	59	48	3	26	49	19	50	18	50	11	84	12	
76	97	3	80	11	51	56	85	98	38	61	84	84	22	44	27	43	100	4	27	13	22	56	89	100	54	33	90	40	44	27	4	76	40	46	31	34	90	31	86	18	16	15	55	93	36	82	91	7	11	12	12	21	16	37	8	50	46	38	72	14	7	59	13	6	68	54	35	11	28	24	36	44	33	6	85	42	60	64	97	50	61	97	13	31	57	73	8	77	8	28	90	42	33	53	22	43	36	51	68	64	25	89	28	33	32	11	29	38	43	11	40	7	34	46	99	91	27	87	41	70	50	14	58	6	53	61	84	50	50	55	68	91	36	12	61	22	17	42	46	40	24	26	50	93	17	12	41	78	79	37	21	100	49	58	50	22	55	68	69	21	28	41	50	39	79	69	78	26	64	78	58	57	16	90	68	35	50	92	46	15	1	61	22	55	81	81	57	12	67	33	60	24	81	93	50	7	59	80	15	
20	49	60	42	37	51	51	32	78	77	5	81	45	20	12	69	17	9	54	91	73	45	63	94	57	50	93	49	82	81	59	56	57	24	77	25	97	71	62	20	21	41	57	54	42	93	38	78	28	27	17	55	91	42	52	2	86	60	95	41	41	26	90	60	41	72	9	81	35	16	53	61	14	46	93	60	71	48	44	61	68	32	72	13	84	24	44	88	21	60	100	34	51	85	22	58	75	68	13	63	25	56	16	24	38	17	41	87	25	29	20	2	78	44	8	92	16	7	8	28	49	64	45	21	4	39	80	99	89	54	28	28	53	24	82	88	22	92	9	21	85	40	98	11	30	24	83	14	21	86	61	73	24	87	29	25	26	48	43	8	74	13	51	73	47	35	95	60	90	55	15	33	23	45	9	61	58	81	23	81	37	25	42	55	87	28	55	1	74	52	87	50	40	34	16	11	59	77	94	55	
68	98	23	96	53	69	22	57	67	58	5	83	55	17	89	69	35	64	78	46	60	98	38	30	52	40	24	99	79	41	88	64	68	9	76	51	75	11	5	17	38	8	43	52	62	2	12	59	33	36	97	99	70	72	42	43	21	81	18	7	95	56	50	96	40	2	6	94	58	63	70	14	72	28	9	89	6	27	20	5	89	38	12	80	83	14	17	18	92	49	52	8	16	90	60	47	24	33	24	79	43	44	62	30	13	27	20	50	46	47	79	80	80	34	83	93	29	51	47	19	50	62	75	35	98	53	67	43	95	56	14	8	24	83	3	71	80	22	3	77	18	60	50	78	21	96	65	45	27	57	10	93	77	2	54	57	77	26	51	19	55	88	51	55	51	36	40	73	31	59	57	98	55	17	94	13	42	72	91	15	90	67	52	87	23	42	15	93	35	32	66	31	28	58	5	84	80	94	9	53	
18	76	76	16	98	80	99	90	10	82	72	1	13	19	94	59	74	34	32	61	94	37	68	68	28	97	97	87	60	61	18	4	68	48	9	66	21	91	48	17	75	15	93	96	6	13	60	83	53	25	36	28	2	87	36	55	22	77	35	63	76	1	92	55	53	20	34	91	69	29	57	72	1	53	55	62	35	57	26	52	71	90	57	15	53	94	71	91	56	76	10	69	18	20	40	96	81	48	39	51	3	8	7	56	76	81	45	37	23	34	70	45	48	88	33	24	64	33	12	48	46	95	77	40	30	67	13	58	63	29	68	93	67	54	4	12	40	36	40	82	23	41	46	71	16	13	95	26	64	56	50	75	12	31	84	41	93	27	48	50	14	82	13	23	44	17	36	35	66	48	30	60	34	5	72	77	30	30	48	63	13	90	47	30	80	56	9	82	6	94	94	79	14	32	12	12	15	55	53	90	
