200
4104
94	20	22	83	14	82	75	21	33	59	2	83	66	93	57	29	95	46	44	50	78	73	71	29	63	34	12	92	4	83	12	52	16	82	40	38	37	23	31	99	56	88	82	4	79	86	31	19	30	2	10	59	66	80	61	6	9	85	19	63	57	49	94	78	85	7	15	94	63	17	22	73	2	38	62	16	8	91	11	25	26	98	64	18	20	88	54	91	61	4	39	72	97	24	23	11	76	23	84	58	17	56	21	13	99	26	43	11	40	99	34	57	31	8	24	31	91	78	10	78	77	76	70	38	51	62	39	28	55	48	61	28	79	10	72	3	49	14	50	54	97	1	23	78	7	89	65	62	29	33	8	91	77	12	50	85	94	24	28	82	12	49	13	62	2	91	32	74	93	84	73	40	12	90	72	75	14	88	61	70	14	19	39	96	15	63	14	80	51	89	42	71	8	52	77	97	18	63	40	59	
53	37	55	74	56	68	31	64	68	22	57	1	76	94	54	59	39	83	83	26	43	13	43	71	67	21	40	48	35	33	24	80	29	41	45	54	23	96	89	15	55	7	18	43	81	46	98	27	19	15	16	41	92	27	1	66	90	65	100	42	94	59	21	25	39	7	36	94	77	53	22	36	15	89	43	92	12	73	80	59	13	95	81	71	38	97	50	27	19	98	9	38	88	54	100	75	39	22	11	37	84	60	98	79	39	6	82	5	18	19	4	69	77	55	71	47	73	22	1	2	58	73	20	82	20	79	83	44	7	68	80	36	95	81	71	39	83	85	53	12	12	1	91	4	76	9	84	8	71	68	13	7	35	36	58	51	27	48	26	51	44	75	61	6	100	48	2	51	24	15	93	7	28	51	12	75	94	13	36	42	30	14	30	86	50	32	64	50	14	85	54	35	65	75	16	18	22	29	80	18	
37	80	9	98	13	87	77	20	12	82	28	10	81	15	95	27	50	41	89	15	90	71	15	24	75	67	62	78	49	73	85	53	68	49	30	72	98	16	77	51	93	20	83	22	32	72	38	80	26	31	72	37	28	42	58	88	77	19	53	92	3	17	11	80	82	100	88	84	6	1	94	66	9	30	72	35	96	44	93	69	96	18	3	53	40	98	60	48	67	28	23	47	52	26	83	90	21	74	61	87	72	64	28	51	46	57	16	17	24	61	5	59	98	30	48	37	87	8	10	62	55	5	82	61	42	48	95	65	53	79	57	15	31	9	66	65	66	67	74	31	32	37	53	93	34	22	2	6	14	22	14	74	61	96	23	64	93	5	76	66	100	74	11	18	38	94	65	7	71	78	28	49	94	24	20	14	4	83	95	38	46	100	41	19	71	60	36	87	52	16	51	79	14	10	25	23	32	76	43	64	
55	9	39	49	87	40	36	69	62	68	74	48	2	42	83	44	72	90	35	87	17	74	11	16	32	75	37	76	55	97	56	1	58	29	49	80	29	99	8	59	49	48	79	53	72	87	25	64	76	27	79	18	30	67	63	88	23	52	64	6	91	64	25	38	91	46	51	2	88	54	6	31	78	49	81	42	16	76	65	14	76	17	51	90	25	82	46	98	67	88	27	80	93	27	39	80	25	99	6	58	5	46	55	78	26	2	45	17	35	2	10	82	84	7	94	92	10	70	8	62	49	81	30	3	80	3	61	74	76	51	56	34	14	11	38	96	20	9	40	34	64	45	60	23	98	37	39	7	83	82	67	49	82	49	79	34	51	52	89	2	71	69	95	15	50	61	26	89	70	24	74	59	65	5	60	63	63	100	96	53	70	84	92	74	63	76	63	6	5	98	80	56	87	2	18	9	40	6	85	88	
74	98	49	89	100	79	47	39	6	52	64	64	60	70	66	14	98	8	5	1	26	13	20	51	79	59	49	18	4	54	14	60	39	15	49	31	31	5	8	77	26	74	97	84	18	94	67	94	21	47	23	100	25	13	37	82	86	53	88	48	55	80	45	62	48	39	41	34	26	7	99	88	92	36	86	21	96	60	5	3	70	23	76	26	66	23	28	94	74	71	37	9	16	49	60	46	34	21	40	33	13	86	11	55	70	2	45	49	60	46	46	78	12	91	62	9	59	44	70	36	93	96	1	74	5	89	48	46	2	75	2	96	51	92	4	78	92	13	82	2	13	78	61	45	86	89	5	30	81	17	83	77	63	70	14	92	51	45	32	17	3	5	6	46	71	96	90	42	68	57	52	13	74	62	88	96	35	18	14	62	1	57	74	99	6	31	38	10	49	52	41	62	45	42	53	71	44	31	82	27	
56	13	87	100	15	68	40	14	79	85	92	95	86	84	61	100	68	61	13	16	84	96	49	46	61	28	10	67	99	87	50	67	10	23	19	73	90	81	43	72	92	73	83	23	3	6	6	96	77	77	8	39	3	9	84	29	19	14	29	75	74	75	27	75	52	67	21	62	94	40	84	33	95	52	48	25	98	74	10	60	14	23	26	31	65	61	4	15	24	52	93	6	13	62	70	61	3	70	2	3	71	13	22	21	65	52	70	69	22	3	5	25	4	50	28	7	86	58	80	3	91	76	46	18	82	81	51	19	60	76	94	79	1	84	66	55	34	2	64	25	43	7	83	38	66	86	65	6	100	55	60	91	79	83	87	55	21	23	51	27	79	9	57	37	96	20	75	78	21	25	75	35	19	98	36	60	30	98	80	82	12	52	26	41	70	2	73	91	65	78	96	11	30	83	46	73	82	56	39	89	
68	87	40	79	68	52	37	44	6	62	97	83	36	43	32	20	52	18	12	74	49	88	70	19	61	40	22	23	30	45	84	97	72	39	12	31	5	65	48	85	16	99	18	13	85	86	8	69	10	57	99	41	19	1	88	19	22	92	83	91	60	55	30	39	14	85	5	13	12	90	69	82	22	23	60	89	96	23	74	81	92	49	51	96	13	30	8	42	77	84	69	19	80	98	97	65	29	91	39	21	46	7	41	86	58	13	77	25	78	70	81	73	95	8	84	27	88	90	78	62	50	36	26	41	67	72	72	53	95	6	82	34	81	100	16	40	82	97	29	66	12	6	31	25	6	6	61	52	87	40	70	12	31	36	73	43	75	76	49	48	45	34	97	36	13	24	96	82	65	29	50	82	94	53	37	100	52	8	13	61	37	75	39	83	25	44	14	29	2	92	88	1	91	52	95	21	12	30	45	100	
31	77	36	47	40	37	28	100	38	33	6	34	65	62	56	44	54	62	65	44	6	68	68	71	93	55	60	72	64	29	62	80	25	1	52	20	26	58	75	90	20	43	96	48	31	65	84	54	79	11	22	25	23	45	77	86	13	63	6	68	82	52	13	49	56	65	80	9	85	21	78	45	13	34	96	99	74	63	59	74	56	55	75	97	31	97	30	96	99	18	39	36	50	95	100	42	13	25	64	100	22	51	94	85	57	100	96	76	73	87	31	18	25	92	6	37	83	79	71	96	9	70	68	86	25	97	53	100	97	65	19	68	73	11	47	30	27	23	61	82	9	23	15	48	11	45	14	87	19	51	31	19	56	13	41	37	49	25	95	81	95	12	71	52	91	71	95	46	21	88	74	25	23	35	21	53	4	19	96	93	22	6	18	18	5	25	99	89	11	6	55	10	56	59	38	55	51	85	3	79	
64	20	69	39	14	44	100	32	95	67	93	98	93	1	81	52	1	50	31	77	73	64	71	8	64	72	69	58	19	23	54	3	62	67	83	59	35	22	1	92	56	33	35	62	88	100	60	95	7	43	36	38	42	99	36	39	49	86	47	31	19	28	100	9	69	19	31	81	66	69	97	80	40	44	40	19	16	12	30	9	51	17	18	52	96	43	73	50	81	71	76	82	71	49	80	72	100	49	66	10	3	33	45	96	49	64	100	88	83	61	15	7	72	95	91	71	16	71	6	7	97	25	80	32	31	81	10	22	80	58	47	85	95	97	77	40	45	27	54	16	26	39	92	14	86	47	18	30	30	32	3	49	37	84	69	14	58	97	88	20	3	81	67	30	15	8	74	49	5	8	66	35	92	23	77	32	57	71	22	11	28	62	27	42	14	87	63	22	69	88	49	98	24	96	99	72	17	34	94	93	
68	12	62	6	79	6	38	95	75	75	75	6	97	15	37	39	2	8	34	13	28	82	81	32	69	38	39	14	52	31	11	45	51	81	49	38	87	37	33	75	38	70	68	45	76	1	3	51	10	54	98	20	62	54	83	40	37	60	37	6	53	32	71	49	41	31	19	49	39	10	45	31	23	8	45	72	50	64	91	48	67	36	22	12	48	55	19	25	25	83	10	47	10	71	48	86	63	55	70	34	16	52	69	63	68	90	56	100	87	75	37	89	6	33	67	28	25	88	18	88	18	82	71	3	65	51	64	78	61	47	60	47	11	31	78	68	74	91	36	64	74	26	44	48	46	36	30	85	12	46	84	58	92	70	76	3	1	66	71	57	100	11	25	10	70	34	85	4	81	28	70	7	58	2	61	16	89	32	71	92	27	67	32	1	27	59	19	19	69	31	19	25	14	88	20	85	4	76	51	53	
22	82	68	52	85	62	33	67	75	14	89	94	29	52	80	97	60	24	47	5	26	29	24	46	91	25	94	22	42	65	77	77	23	32	2	82	64	52	59	63	64	29	31	8	57	77	88	13	95	62	42	95	19	62	44	34	60	85	36	22	11	96	87	67	89	30	59	50	100	64	35	2	23	73	11	52	68	74	56	28	20	22	41	45	22	87	43	6	55	31	27	13	46	5	17	21	92	70	58	91	36	50	15	62	21	41	37	95	74	42	70	56	14	51	15	43	53	65	6	59	48	28	100	72	36	33	94	4	51	48	35	58	36	8	25	29	16	80	62	62	27	93	67	7	68	44	62	14	64	20	45	76	44	40	40	27	54	15	80	49	37	2	16	29	63	42	99	35	36	90	80	90	62	75	88	99	22	38	9	44	25	53	14	75	56	15	40	25	17	87	45	67	51	12	100	97	67	90	7	66	
57	28	74	64	92	97	6	93	75	89	85	33	76	24	40	45	18	71	20	38	33	70	26	59	73	82	86	10	60	19	92	90	29	29	23	40	46	81	19	80	94	49	43	71	74	62	37	71	92	16	92	63	82	42	33	41	59	83	57	10	49	23	53	40	69	5	55	95	82	62	81	58	31	61	8	41	100	62	26	70	99	14	1	93	5	41	17	36	51	20	40	73	2	54	4	17	6	52	18	28	55	45	73	16	38	67	40	60	60	89	28	26	41	20	63	89	21	78	44	26	57	40	81	28	45	42	3	33	88	11	30	69	4	12	51	92	45	36	49	100	51	83	63	52	27	43	22	68	25	48	49	28	95	84	42	100	93	46	62	99	61	7	36	42	64	12	94	29	93	53	19	30	94	77	8	66	89	62	46	92	36	15	77	38	30	3	89	29	15	85	94	32	32	9	57	50	58	95	63	30	
1	10	48	64	95	83	34	98	6	94	33	71	90	4	5	33	91	86	6	46	10	97	42	73	22	55	32	23	69	20	85	25	33	38	86	65	47	40	94	20	54	94	10	71	40	17	57	7	84	7	71	96	5	15	68	25	91	87	90	87	8	90	70	54	18	54	98	30	42	50	54	28	24	79	1	84	55	72	61	27	28	52	9	39	46	29	34	57	48	81	52	22	76	94	61	43	83	6	100	83	31	31	96	13	94	46	63	73	1	98	28	88	10	3	79	33	60	18	30	79	80	71	52	91	85	74	66	65	25	39	71	88	58	25	22	73	25	96	37	83	70	71	67	48	57	85	67	21	45	91	23	75	70	22	85	75	60	20	33	83	69	82	32	28	19	17	14	25	65	66	58	95	22	69	3	53	12	62	94	21	33	1	76	69	55	9	78	91	83	94	92	66	20	75	86	77	4	3	19	71	
76	81	2	60	86	36	65	93	97	29	76	90	10	9	8	99	40	100	40	52	17	87	48	30	54	90	55	50	83	83	36	3	31	49	65	41	52	15	67	36	62	86	14	95	36	63	44	28	91	80	34	9	72	78	20	48	93	19	70	79	78	27	27	75	89	33	26	57	3	47	82	79	87	80	82	43	66	45	25	17	94	99	73	89	40	71	30	83	34	96	72	68	98	64	19	5	51	91	62	17	82	61	41	26	29	57	76	43	67	54	46	12	75	35	32	8	51	89	75	14	38	27	42	7	43	82	2	55	74	40	45	27	55	57	2	84	14	3	2	93	89	54	17	86	83	52	99	77	85	7	45	89	34	39	45	65	1	89	4	57	92	56	93	19	40	65	9	53	38	38	42	55	63	73	31	59	10	23	47	6	55	79	97	17	30	90	6	13	49	42	38	92	58	49	20	2	41	71	9	29	
94	15	42	70	84	43	62	1	15	52	24	4	9	12	29	72	91	41	70	16	39	14	80	72	32	26	57	50	81	91	50	12	27	19	10	75	5	69	8	75	40	89	26	86	14	42	87	83	7	11	41	43	21	20	62	77	52	16	38	2	47	76	49	71	84	81	78	93	58	2	39	91	32	80	8	51	97	35	13	74	84	5	15	17	34	49	26	13	47	43	30	72	51	54	38	57	23	34	99	93	18	73	41	9	73	43	34	29	47	43	16	42	49	75	22	17	65	69	40	45	44	8	52	67	57	62	19	11	88	61	69	62	26	85	1	4	54	35	24	72	58	48	73	22	12	59	36	56	53	6	87	54	71	21	82	69	14	14	78	21	88	97	10	53	72	1	87	25	1	96	7	17	75	4	50	19	61	74	1	34	11	7	50	23	6	96	86	96	78	85	21	8	64	84	5	31	69	38	5	15	
54	95	83	66	61	32	56	81	37	80	40	5	8	29	41	74	49	21	54	93	54	80	95	85	6	75	53	38	46	44	49	92	56	2	59	36	19	5	43	44	71	79	46	21	5	71	15	33	45	8	80	8	20	97	13	100	85	58	47	82	54	71	100	80	75	5	77	16	94	79	87	31	26	73	20	91	93	38	49	19	92	20	44	69	11	70	85	64	50	85	66	69	20	55	28	7	27	74	75	95	38	78	68	27	32	94	82	5	32	7	90	60	54	49	65	93	95	88	77	23	10	82	43	40	35	45	27	78	19	30	32	45	33	17	76	17	12	58	58	81	67	89	45	86	2	64	66	17	76	1	94	39	34	76	22	92	37	7	13	32	91	29	85	49	5	13	93	9	23	61	84	9	16	76	72	3	40	44	33	48	69	73	61	81	17	8	59	12	91	30	68	16	96	6	36	73	81	43	65	65	
59	27	44	14	100	20	44	52	39	97	45	33	99	72	74	76	93	75	11	29	20	23	41	48	22	52	69	93	18	95	97	97	4	100	56	76	55	67	68	61	41	36	54	21	54	55	38	81	48	72	38	79	62	43	52	64	57	14	98	97	29	38	26	36	63	41	100	30	81	27	58	91	86	80	46	95	84	43	41	97	94	76	60	31	75	69	99	5	40	64	30	39	65	62	39	1	18	28	71	30	87	38	42	22	77	43	70	43	7	12	51	41	30	13	11	90	27	84	57	52	37	60	97	47	95	63	91	25	14	2	35	32	92	73	36	22	44	67	49	86	100	43	61	8	11	20	41	8	9	30	83	20	15	11	76	84	13	38	61	50	49	64	27	91	29	96	63	26	51	49	20	65	6	67	28	59	87	91	58	24	72	58	69	22	88	81	37	82	92	51	65	15	45	14	77	44	34	51	85	92	
39	50	72	98	68	52	54	1	2	60	18	91	40	91	49	93	99	28	26	18	88	95	40	56	31	62	66	51	45	19	23	59	77	50	98	96	43	34	61	16	16	33	51	52	48	88	44	6	83	32	57	47	82	48	99	92	2	17	61	52	59	56	89	10	84	37	46	82	57	66	27	51	62	80	20	14	65	31	2	30	34	35	18	7	67	13	49	57	81	19	17	25	57	17	21	38	13	50	15	92	56	71	60	37	11	62	39	80	22	97	58	71	19	91	100	69	98	76	9	54	61	39	14	56	88	96	14	27	51	47	91	22	100	75	90	73	8	23	68	51	71	4	75	10	3	19	39	24	34	44	69	53	40	36	91	20	35	95	92	86	27	30	76	9	19	43	37	21	99	66	41	56	93	58	36	37	10	15	6	48	22	99	63	47	58	4	33	10	27	37	13	2	70	40	44	81	47	82	15	60	
83	41	90	8	61	18	62	50	8	24	71	86	100	41	21	75	28	35	55	44	94	28	21	76	94	9	86	84	54	57	2	5	41	97	70	73	21	31	79	17	90	53	38	1	69	6	60	14	33	80	35	27	32	50	77	2	13	37	20	1	22	46	94	45	14	61	89	92	47	51	37	3	8	2	54	92	61	31	21	16	9	35	100	4	46	54	27	29	77	65	8	44	21	34	93	23	31	25	19	5	9	55	38	52	94	25	46	5	40	24	12	69	10	53	68	31	57	10	23	1	67	48	9	65	56	20	37	19	66	37	60	59	42	78	70	86	67	84	46	41	34	35	99	10	37	65	5	26	5	35	30	18	23	3	37	52	66	56	65	53	40	15	26	98	37	35	58	18	30	3	3	29	26	13	50	45	75	49	7	100	6	9	19	75	9	83	15	81	92	33	94	96	2	92	40	60	29	23	30	2	
83	89	35	5	13	12	65	31	34	47	20	6	40	70	54	11	26	55	37	29	68	57	14	72	85	89	33	12	26	10	20	54	40	44	57	83	18	78	14	60	100	76	79	21	56	4	58	78	31	54	42	47	88	20	18	39	2	55	65	88	53	40	91	8	23	47	14	100	17	62	90	90	7	13	83	11	13	38	92	18	37	90	30	21	94	19	87	13	63	72	94	73	52	68	86	50	80	50	96	82	37	52	98	43	10	94	83	39	33	15	40	95	37	11	98	69	28	54	79	79	5	97	97	26	66	83	22	20	15	63	76	92	21	1	97	61	46	74	18	67	51	58	85	72	17	19	80	40	21	63	51	98	54	21	11	54	65	10	23	97	73	95	20	45	12	96	76	87	10	18	8	100	24	45	8	1	97	51	77	75	95	36	97	59	68	96	23	60	3	75	25	80	60	77	20	29	80	22	88	4	
26	15	87	1	16	74	44	77	13	5	38	46	52	16	93	29	18	44	29	72	15	15	62	3	84	58	20	40	35	96	49	100	99	58	87	99	35	26	9	28	37	46	57	67	58	7	46	91	35	6	35	56	31	87	69	86	57	27	66	91	39	43	87	62	32	50	10	34	84	87	61	29	29	14	34	10	36	93	92	77	96	99	46	32	57	56	42	95	69	85	86	48	93	54	1	79	90	14	99	16	60	86	21	24	47	86	38	5	23	90	85	44	26	53	29	76	71	97	82	34	53	10	29	24	57	62	51	43	18	89	49	22	43	95	79	45	83	78	80	80	70	8	75	9	42	51	95	7	70	2	74	19	82	99	97	7	4	64	20	45	71	18	31	19	21	38	26	47	5	45	92	63	71	43	87	70	20	76	11	57	24	4	87	37	84	52	84	58	88	69	43	50	25	86	37	25	43	46	94	69	
43	90	17	26	84	49	6	73	28	26	33	10	17	39	54	20	88	94	68	15	53	32	90	82	15	99	82	84	52	86	64	60	15	1	94	28	63	37	6	59	95	57	70	43	97	18	49	38	79	53	41	54	83	69	99	86	95	65	83	93	10	98	2	96	49	23	23	8	95	21	68	86	28	22	13	52	56	69	65	32	45	56	82	94	27	79	68	55	84	44	97	15	51	20	77	45	74	61	38	3	61	51	95	68	66	64	53	20	10	96	98	16	72	72	49	93	73	73	87	90	57	48	62	20	85	58	21	85	39	79	65	69	29	6	40	51	42	95	85	23	63	21	17	25	7	12	13	19	4	60	26	74	80	53	56	41	39	62	22	48	3	82	74	37	86	47	25	12	50	71	23	44	43	45	98	83	54	38	96	47	94	57	15	41	95	72	23	91	81	82	54	21	66	10	3	1	59	15	65	37	
13	71	74	13	96	88	68	64	82	29	70	97	87	14	80	23	95	28	57	15	32	84	23	3	8	69	53	35	66	2	25	12	56	99	19	42	92	3	81	9	37	42	32	69	35	77	11	36	89	10	10	69	72	86	3	23	39	58	4	2	60	49	27	98	64	3	47	65	30	60	35	50	87	4	98	30	36	65	40	67	87	19	83	44	84	15	50	72	58	20	41	10	86	100	5	71	76	35	20	78	92	2	5	80	84	59	59	12	53	90	61	2	48	17	29	99	6	33	59	36	90	77	13	2	74	75	2	4	92	62	71	14	14	81	32	68	13	78	42	87	78	7	7	78	14	74	15	13	31	27	38	82	64	67	97	40	23	90	22	60	93	10	89	48	29	47	1	23	39	34	65	78	87	57	58	56	15	4	40	47	33	97	47	71	29	31	36	94	56	95	18	18	84	19	53	81	55	72	81	48	
43	15	11	20	49	70	68	71	81	24	26	42	48	80	95	41	40	21	14	62	90	23	45	94	53	79	75	35	11	70	73	39	25	72	59	56	10	39	39	28	20	91	86	48	79	22	21	75	46	43	38	51	31	60	22	7	81	97	31	11	85	80	87	53	50	71	16	58	50	57	11	97	20	4	1	41	51	56	8	50	26	33	47	81	29	73	20	4	91	50	41	40	16	17	34	73	4	28	5	34	66	17	16	7	66	94	33	26	91	89	47	63	16	3	44	21	5	41	61	81	56	17	72	3	1	45	45	75	73	82	44	13	15	72	41	41	41	12	4	72	47	34	4	84	33	38	84	34	92	36	89	90	87	79	95	18	38	35	14	45	68	27	55	77	73	77	16	57	20	80	1	70	12	53	80	32	23	45	63	81	95	51	82	26	33	66	51	99	83	38	98	19	67	86	61	64	77	64	94	85	
71	24	16	51	46	19	71	8	32	46	59	73	30	72	85	48	56	76	72	3	82	3	94	100	7	20	35	55	51	45	79	17	71	98	84	66	73	72	61	46	87	78	66	34	48	88	52	28	60	29	10	80	91	18	28	97	24	50	74	10	29	99	17	8	64	46	27	31	90	77	23	62	21	87	76	88	75	60	55	35	6	87	37	59	96	95	55	56	47	89	36	5	7	34	12	78	64	17	45	42	65	44	14	50	36	31	76	23	92	40	95	95	41	91	32	32	13	96	40	35	47	72	7	23	22	98	33	7	30	29	5	24	44	93	31	70	53	89	84	24	25	5	38	29	76	58	5	29	69	53	40	66	82	100	26	58	61	43	85	93	9	77	4	18	77	35	47	61	57	2	83	34	100	98	51	60	99	54	100	35	47	36	44	4	77	12	11	52	65	88	41	15	53	83	58	79	48	35	8	89	
67	75	32	79	61	61	93	64	69	91	73	22	54	32	6	22	31	94	85	84	15	8	53	7	93	70	75	86	100	2	94	30	81	13	39	64	91	90	60	43	98	18	76	6	4	95	53	40	40	28	4	63	46	60	58	55	4	2	8	83	65	13	37	55	70	28	42	87	48	77	56	1	16	51	40	16	66	25	67	37	45	80	62	51	71	22	32	32	93	73	23	6	47	25	90	8	55	85	77	76	15	25	12	71	71	99	45	93	70	25	53	70	42	86	72	12	57	17	12	6	81	35	28	86	97	60	73	66	23	41	13	4	79	8	48	85	67	6	86	44	10	3	20	97	15	34	32	96	85	90	30	30	95	36	13	24	98	61	20	61	50	53	22	77	55	32	84	46	93	17	92	88	16	19	35	84	57	92	64	14	9	93	56	32	35	100	53	76	93	49	13	59	90	97	36	57	87	66	79	87	
21	67	75	59	28	40	55	72	38	25	82	55	90	26	75	52	62	9	89	58	99	69	79	20	70	10	28	42	53	28	79	76	20	87	66	84	59	65	44	23	19	59	45	70	88	20	20	85	29	63	21	88	84	24	9	87	63	48	94	81	74	32	68	83	54	87	92	68	39	21	73	27	25	71	10	64	36	4	9	51	48	57	59	46	29	8	71	29	41	50	19	20	83	35	30	99	63	76	48	52	88	53	91	60	74	26	24	79	37	99	2	80	89	16	81	76	51	34	94	16	54	11	36	69	1	100	13	61	26	24	14	1	41	70	43	37	37	57	33	42	60	22	38	9	10	77	6	3	27	46	99	32	90	43	90	57	60	68	37	76	15	90	10	78	32	85	89	52	67	30	31	10	55	10	74	12	27	65	10	3	56	9	15	3	96	13	31	32	18	50	9	23	36	2	73	46	36	95	36	57	
40	62	37	49	10	22	60	69	39	94	86	32	55	57	53	69	66	86	33	20	82	53	75	35	75	28	17	58	33	75	58	36	12	20	34	80	99	22	34	34	8	19	32	99	76	55	15	40	20	50	34	55	12	97	90	74	68	83	89	66	60	81	42	42	87	38	5	1	27	44	41	12	16	38	49	38	74	84	19	65	14	52	11	4	18	97	47	64	51	4	56	18	36	39	15	89	85	64	12	33	34	27	50	35	58	11	100	67	8	15	47	64	78	100	15	96	92	66	29	40	45	14	68	56	99	41	89	21	66	11	67	95	41	34	74	84	3	66	74	68	84	91	39	70	8	26	83	66	98	17	21	39	59	94	41	32	63	93	74	97	3	75	5	14	23	95	4	63	58	53	11	6	27	78	90	67	82	82	79	5	62	77	24	64	55	55	49	37	9	96	16	13	100	63	33	33	76	75	25	51	
48	78	76	18	67	23	72	58	14	22	10	23	50	50	38	93	51	84	12	40	84	35	35	55	86	42	58	92	50	49	46	82	64	69	2	37	70	65	35	25	19	23	4	96	99	58	75	89	96	24	22	97	86	41	82	65	1	29	47	88	59	6	81	39	50	52	90	99	41	39	21	1	22	80	87	96	72	66	69	1	95	18	39	36	52	66	66	18	83	79	46	65	38	54	24	1	79	27	37	49	39	55	96	69	54	53	55	45	3	90	76	5	11	11	89	90	67	12	26	1	37	41	20	29	23	46	48	46	52	65	50	98	56	82	31	79	94	26	89	94	88	37	70	42	69	86	71	66	70	18	26	58	76	17	98	61	56	12	19	38	89	86	8	64	68	75	21	37	91	65	64	29	7	79	14	71	20	100	70	38	84	74	95	84	63	70	14	2	83	59	14	74	77	11	94	42	35	78	47	86	
35	49	55	4	99	30	64	19	52	42	60	69	83	81	46	18	45	54	26	35	52	66	11	51	100	53	33	50	66	26	69	34	36	35	37	17	96	25	35	5	12	23	75	6	44	76	73	41	47	12	39	40	70	99	21	22	70	99	86	84	45	19	44	39	52	31	56	87	49	30	48	88	36	34	19	49	9	57	32	96	46	20	32	86	42	33	42	51	77	93	26	1	57	79	74	66	24	68	13	55	40	74	48	81	25	23	66	52	74	30	100	42	24	96	82	1	23	40	5	40	86	49	100	78	53	97	78	96	96	13	75	33	78	56	28	80	71	26	64	3	17	14	28	40	63	75	36	48	69	66	59	61	10	21	4	56	62	72	10	5	95	26	98	34	24	23	31	74	25	40	57	4	86	85	74	40	8	19	10	98	29	27	3	100	26	13	18	8	65	33	9	81	71	2	14	45	8	13	87	80	
33	73	97	54	87	45	29	23	31	65	19	20	83	91	44	95	19	57	10	96	86	2	70	45	2	28	75	49	26	63	63	60	82	63	90	13	31	23	43	40	98	25	13	53	42	48	67	72	54	19	36	45	76	82	2	67	75	75	16	51	83	69	38	36	22	68	84	56	25	33	38	93	87	53	5	98	97	3	79	48	22	9	98	83	97	70	35	94	80	1	62	32	56	57	57	3	12	89	5	92	75	80	84	40	93	31	94	62	1	41	84	62	36	51	14	87	51	50	79	68	27	74	86	2	11	25	86	53	53	61	62	15	17	29	4	83	83	7	44	87	77	76	75	91	49	21	14	89	2	7	97	2	99	95	53	42	41	39	86	16	51	30	81	17	96	89	23	82	77	63	93	36	72	9	63	22	15	92	41	35	72	85	23	61	29	46	36	61	80	64	56	1	54	84	91	87	57	47	8	81	
24	85	56	14	50	84	62	54	11	77	92	85	36	50	49	97	23	2	20	49	64	25	73	79	94	79	58	46	69	63	25	54	35	100	99	5	81	87	18	1	55	85	14	15	1	52	31	79	58	92	15	86	10	77	72	36	95	18	79	36	50	4	78	38	26	36	99	66	3	62	4	57	87	88	7	66	58	28	66	83	62	64	39	35	59	89	62	5	39	32	32	46	1	49	80	6	86	22	57	88	10	87	11	88	34	35	25	13	32	67	77	35	13	77	74	16	45	17	80	66	63	77	75	18	55	51	54	2	87	46	19	34	60	81	73	34	98	71	1	25	3	18	87	91	54	67	81	26	41	45	69	46	51	79	85	42	93	40	91	26	93	24	70	34	19	2	72	53	5	15	76	70	81	77	25	93	65	56	39	27	66	63	60	64	32	20	53	86	29	20	82	50	79	54	26	7	2	63	62	99	
80	53	1	60	67	97	80	3	45	77	90	25	3	12	92	97	59	5	54	100	60	12	39	17	30	76	36	82	34	60	54	25	28	27	64	25	16	99	97	76	23	78	59	14	38	61	9	29	68	33	53	23	24	2	39	44	19	57	50	100	88	57	31	45	50	36	23	16	74	14	24	90	40	41	99	45	7	2	62	40	16	59	63	30	98	43	11	2	29	65	90	55	13	94	81	98	49	59	28	50	56	95	99	53	15	82	26	54	9	15	14	71	80	79	90	47	4	77	51	36	63	66	83	79	36	29	35	13	19	78	43	78	72	11	25	22	33	73	96	47	33	1	41	16	86	94	13	11	73	32	22	54	99	55	93	20	21	42	99	85	60	20	33	50	6	32	76	35	58	68	16	24	65	76	7	19	67	9	84	79	40	74	46	1	35	80	94	20	30	7	9	61	20	92	50	75	7	56	84	61	
29	68	58	39	10	72	25	62	51	23	29	33	31	27	56	4	77	41	40	99	15	56	25	71	81	20	12	64	36	82	35	28	67	87	74	86	87	48	72	97	28	1	95	74	53	84	85	96	59	29	58	52	30	11	39	28	65	48	28	86	45	51	67	97	94	7	100	66	69	67	34	78	96	13	1	61	41	25	30	30	96	15	79	74	49	16	81	14	86	28	58	32	7	80	16	66	69	13	16	3	99	49	65	92	22	20	37	67	77	65	89	8	97	98	1	53	42	55	73	71	60	47	78	89	90	38	61	88	5	48	68	74	72	53	82	67	48	40	95	28	48	73	49	43	95	72	8	65	88	30	68	50	65	59	79	39	72	48	86	72	73	33	16	6	71	63	43	39	94	6	95	64	35	96	98	71	41	86	4	97	99	31	5	96	74	3	3	5	63	55	45	72	3	69	69	16	8	9	91	57	
41	49	29	15	23	39	1	67	81	32	29	38	49	19	2	100	50	97	44	58	1	99	72	98	13	87	20	69	35	63	100	27	87	35	29	50	44	79	71	10	94	72	82	5	47	67	83	75	14	64	19	92	44	55	46	79	8	87	70	70	70	60	10	88	99	26	58	68	30	77	64	48	16	44	81	63	87	22	3	91	61	50	58	31	94	56	21	84	56	45	5	14	51	10	73	33	33	3	20	18	42	75	20	86	81	32	80	90	100	85	21	27	13	49	11	84	28	8	68	24	31	96	17	65	20	22	3	57	54	30	19	25	76	70	32	80	39	49	63	10	2	2	62	75	16	53	96	96	36	88	12	56	23	94	79	58	36	98	95	82	42	37	52	28	87	60	95	43	14	31	75	11	38	100	19	23	25	75	12	19	42	95	12	54	28	99	56	67	66	41	14	70	91	39	15	17	87	88	38	33	
45	30	49	49	19	12	52	83	49	2	23	86	65	10	59	56	98	70	57	87	94	19	59	84	39	66	34	2	37	90	99	64	74	29	100	48	66	4	61	7	64	35	1	18	91	13	22	54	28	22	66	86	7	22	66	19	1	40	9	26	68	2	13	4	3	67	41	87	7	51	33	88	1	50	32	8	62	13	56	16	74	11	71	44	45	51	36	67	5	64	99	3	43	56	100	84	39	57	11	36	28	27	15	72	11	75	34	20	74	93	48	4	17	61	7	15	30	75	81	56	16	77	95	18	93	96	13	60	21	67	90	14	21	57	1	70	91	15	39	49	70	52	21	47	94	84	16	80	93	32	52	91	43	58	10	56	81	68	58	2	76	2	93	19	74	11	82	49	73	81	26	69	11	2	55	55	97	91	69	28	42	30	46	4	100	79	71	30	73	10	55	19	64	28	24	53	93	1	90	20	
54	72	80	31	73	31	20	59	38	82	40	65	41	75	36	76	96	73	83	99	28	42	56	66	64	84	80	37	17	13	5	25	86	50	48	57	45	76	9	58	71	77	69	7	21	24	81	33	28	27	22	37	7	23	95	69	53	91	11	48	86	71	13	15	42	36	40	72	79	85	81	46	12	26	43	4	28	29	58	36	82	17	35	85	92	10	46	15	77	15	9	25	35	79	99	14	33	24	40	67	29	46	100	98	46	82	83	37	14	31	23	88	78	50	94	81	89	13	57	34	78	60	27	34	47	49	31	48	56	9	27	31	94	58	94	23	79	55	89	31	44	6	51	33	69	24	60	4	62	46	11	84	33	22	18	42	38	2	73	49	81	88	53	24	36	64	91	56	32	17	97	22	66	91	97	86	11	85	5	12	13	65	12	67	100	95	23	75	38	45	49	13	64	49	5	83	24	23	99	71	
23	98	29	31	90	5	26	35	87	64	46	47	52	5	19	55	43	21	18	35	63	92	10	73	91	59	99	70	96	31	81	16	87	44	66	45	16	94	61	92	27	46	36	37	28	59	7	84	68	23	65	31	32	89	64	68	23	73	17	18	72	83	5	67	32	73	91	87	69	65	20	39	81	94	54	65	8	55	71	23	8	1	100	73	50	24	73	100	68	34	71	7	50	100	31	87	93	2	25	21	65	9	79	82	94	54	96	6	39	50	38	11	57	61	58	41	62	65	73	1	64	29	21	90	50	9	64	7	1	55	58	73	62	14	7	49	76	32	83	35	81	90	22	61	84	73	57	24	2	42	23	97	69	35	90	55	90	62	97	61	1	95	17	33	14	64	30	58	44	8	4	62	28	54	78	73	76	22	73	79	41	97	46	21	17	41	91	19	19	8	29	34	93	88	89	10	30	75	7	8	
96	16	99	5	81	65	58	22	37	52	81	40	15	69	5	67	34	31	78	26	37	3	39	72	90	65	22	65	25	23	87	99	48	79	4	76	94	35	34	20	36	66	8	49	34	34	22	67	86	78	62	81	19	99	49	62	36	54	7	47	98	50	63	70	38	96	15	83	5	14	29	41	77	29	26	88	10	29	70	72	80	27	24	22	7	78	95	47	39	96	13	100	32	39	38	43	6	35	6	12	53	25	24	47	22	7	96	46	11	97	100	5	43	32	100	41	94	98	93	57	16	94	99	52	89	30	42	31	22	80	45	12	84	37	90	84	7	18	19	66	30	35	8	26	56	83	52	47	79	91	4	14	75	18	14	7	47	1	81	100	97	43	16	3	12	58	54	66	22	34	16	43	5	28	5	35	71	14	63	83	86	87	74	2	72	45	84	91	31	56	72	41	77	94	86	91	73	73	34	22	
89	77	8	8	43	48	75	1	33	59	19	94	67	8	43	68	61	79	14	9	6	81	39	61	60	44	34	35	35	43	18	97	72	71	61	9	61	34	21	67	57	61	100	39	78	28	57	73	75	89	85	47	5	36	81	68	73	20	89	87	91	28	6	59	28	54	94	49	66	24	5	56	49	23	9	55	95	6	27	29	88	87	98	47	6	96	89	44	73	33	61	31	33	74	61	13	61	99	8	56	19	97	40	99	80	84	60	44	73	69	55	97	9	96	95	33	85	11	86	32	57	64	26	78	8	57	30	78	94	74	43	33	59	79	75	80	87	43	85	52	48	100	80	55	65	6	79	77	7	34	9	64	60	44	41	82	100	2	80	19	82	8	52	100	52	54	85	14	70	90	84	80	89	80	61	13	85	29	84	28	99	32	28	58	58	53	88	40	23	53	66	72	40	57	28	51	81	68	13	36	
15	51	59	77	72	85	90	92	75	63	80	20	36	75	44	61	16	17	60	28	59	9	28	46	43	23	34	25	5	40	1	76	97	10	7	58	92	20	67	31	57	6	16	42	74	20	32	63	46	55	2	54	59	22	86	96	23	39	75	64	5	8	44	57	74	27	90	99	6	29	98	50	93	54	55	64	8	36	88	97	79	10	51	88	80	22	46	79	76	48	42	58	7	62	46	36	55	98	28	96	57	96	57	81	8	96	69	93	82	29	13	54	74	4	92	7	13	63	3	40	81	20	52	74	36	97	21	38	50	81	69	94	32	99	18	91	32	62	33	94	30	5	99	23	71	59	66	58	5	79	67	66	49	31	25	30	53	89	85	34	53	22	41	53	34	81	62	93	14	68	53	32	42	11	50	3	49	65	23	44	63	63	88	74	57	63	98	44	90	30	64	59	85	88	32	1	76	71	25	55	
55	93	49	26	92	16	20	56	38	64	94	54	62	40	71	41	16	90	100	37	95	37	20	87	98	19	8	19	12	98	55	23	28	94	64	71	27	36	57	57	51	8	77	89	64	28	31	8	47	99	76	14	95	58	75	39	10	44	68	54	99	1	19	77	58	65	5	2	12	56	11	95	9	63	97	41	74	75	6	66	22	80	60	95	68	33	42	54	13	52	14	95	28	53	32	60	34	89	87	71	21	36	10	88	30	62	57	1	75	65	29	94	86	33	33	89	17	34	100	3	46	4	77	98	48	3	54	36	5	13	19	36	24	55	80	15	20	24	25	63	77	19	2	75	98	80	61	25	7	50	98	24	73	19	21	15	83	90	51	5	23	52	82	42	11	10	32	3	44	74	48	57	98	38	13	98	98	82	4	46	40	76	59	26	64	68	27	80	65	25	92	49	34	83	14	19	37	68	47	92	
7	20	48	74	73	99	43	33	70	29	49	94	86	89	79	36	33	53	76	46	57	42	91	78	18	59	19	23	23	25	85	78	1	72	35	77	46	66	61	6	8	44	20	79	4	95	26	69	17	91	58	34	47	81	32	68	7	41	63	10	4	4	61	41	71	61	46	10	27	47	36	59	19	95	61	37	36	100	78	67	68	85	84	62	47	76	59	74	68	90	88	36	32	97	46	99	77	50	11	93	56	69	69	81	99	48	12	57	75	92	41	14	91	96	66	57	1	10	56	19	45	3	14	91	76	65	34	11	23	31	19	52	53	24	40	67	89	82	63	42	36	4	14	55	73	99	64	73	28	71	52	49	21	65	29	99	86	11	50	7	16	5	45	61	94	54	65	61	64	100	65	74	34	87	75	66	8	9	34	92	83	10	56	92	31	83	3	76	41	58	32	38	1	32	28	82	98	40	40	96	
18	83	79	97	83	18	96	35	68	31	43	10	14	26	46	54	51	38	79	57	70	32	86	66	76	45	32	4	75	13	14	59	95	82	1	69	36	8	100	16	77	20	98	83	81	23	33	86	67	75	99	36	58	34	12	51	48	7	92	87	49	65	19	35	46	21	56	24	48	71	63	84	84	32	80	89	9	44	67	70	8	31	67	74	94	31	24	67	86	14	67	7	7	61	70	69	42	92	3	13	43	7	59	89	45	94	75	11	79	34	92	58	91	37	84	37	48	17	36	92	100	34	41	54	58	31	34	51	27	83	25	15	41	38	64	98	17	22	83	75	41	74	15	62	80	27	39	32	98	81	72	86	28	20	49	11	17	3	92	86	52	45	75	99	87	82	11	73	70	76	80	75	63	56	28	38	100	82	59	27	18	33	15	44	17	70	79	38	94	86	65	72	71	28	34	82	29	66	81	65	
43	22	53	84	23	13	48	62	45	8	71	71	95	86	21	21	52	1	21	67	43	69	48	34	6	70	99	96	6	53	15	14	74	5	18	7	37	49	39	42	89	79	83	80	6	5	50	71	83	97	56	76	52	34	17	31	60	8	38	45	54	6	94	11	22	94	15	55	20	39	99	9	90	22	87	54	58	88	59	81	21	27	51	90	54	44	4	36	15	6	31	91	22	88	23	70	2	96	66	11	44	65	80	98	25	22	11	41	22	18	52	86	71	61	5	42	75	14	86	4	89	18	61	77	92	56	8	49	35	44	80	50	23	53	29	79	75	5	22	63	1	91	18	39	50	67	90	17	16	86	88	69	30	50	79	4	20	64	42	35	58	93	1	87	44	45	62	32	15	48	99	14	80	53	90	90	26	76	46	78	37	16	22	56	97	74	77	84	95	80	28	14	62	38	66	74	1	7	14	58	
81	32	72	18	3	85	31	88	76	57	74	40	36	14	5	54	48	69	56	58	97	35	79	48	4	88	76	99	44	42	1	38	53	47	91	21	28	34	78	74	64	4	81	6	90	9	26	69	13	10	3	63	70	84	39	43	81	97	27	95	35	59	38	24	12	7	24	92	79	66	22	17	46	2	45	65	61	50	42	96	29	4	56	26	79	14	92	14	98	4	70	47	52	23	35	35	97	29	28	56	100	83	65	100	46	88	41	54	76	67	1	85	65	32	38	91	83	70	12	77	18	48	40	65	99	18	90	7	80	67	41	25	13	55	67	47	50	87	40	3	27	17	48	73	92	26	63	15	20	98	68	98	92	29	74	92	25	84	16	58	9	29	100	71	19	88	25	84	3	8	1	40	72	15	78	82	29	70	1	2	96	76	5	84	66	6	30	52	8	4	96	60	82	92	80	92	12	85	96	42	
46	72	87	94	6	86	65	100	1	77	62	17	63	42	71	55	88	6	4	7	18	77	22	88	95	20	55	58	76	48	52	61	84	67	13	24	59	34	28	20	28	95	23	5	9	41	37	69	5	77	83	2	6	8	17	53	48	87	67	40	7	24	62	26	96	53	35	69	14	87	23	62	28	79	53	28	66	58	96	40	71	20	60	26	63	27	38	11	32	69	98	2	61	33	38	9	21	55	12	4	24	36	62	87	27	31	71	74	67	99	42	80	68	46	29	2	3	50	7	89	27	94	29	16	73	27	95	29	73	45	97	37	87	51	59	40	86	97	5	90	84	9	61	5	26	4	69	32	56	69	56	15	86	12	22	53	75	80	12	32	75	24	9	50	11	9	7	56	98	49	58	61	39	69	25	100	74	66	74	2	44	90	74	15	22	14	41	98	61	51	18	21	83	91	55	98	84	95	65	96	
98	38	25	67	6	8	84	60	3	88	37	57	44	87	15	38	44	60	58	46	49	11	21	52	53	20	15	75	73	67	31	9	85	83	22	81	7	22	57	32	31	26	33	50	26	37	1	72	68	69	95	42	85	62	70	21	44	1	7	84	57	60	97	64	64	88	92	52	33	40	70	92	84	12	35	85	16	68	39	2	93	61	95	69	31	45	65	10	32	89	80	75	44	56	63	5	87	53	52	87	39	51	66	23	24	44	43	92	21	17	49	95	38	25	8	96	18	19	60	80	16	64	84	98	44	19	74	88	43	37	89	47	69	60	78	27	34	4	90	5	89	68	25	75	8	76	63	35	48	88	49	10	78	71	28	34	59	18	56	72	92	64	9	33	84	97	21	47	67	72	19	55	54	42	54	48	40	51	57	44	2	24	79	2	52	45	7	90	70	78	5	4	39	78	69	69	18	18	3	85	
27	80	64	94	96	69	54	95	51	13	71	7	28	83	33	81	6	14	78	91	38	36	75	28	40	85	40	89	41	72	79	29	96	75	54	33	84	67	73	63	8	69	86	71	69	69	72	76	52	33	34	49	37	77	47	82	26	61	80	98	64	64	40	19	88	26	33	67	75	26	36	66	52	63	14	33	95	88	47	25	89	97	80	73	53	56	82	49	76	81	16	75	50	84	92	25	49	66	49	94	30	91	13	86	4	62	28	83	48	37	9	69	89	24	89	31	62	26	66	67	51	17	62	97	31	77	85	59	83	92	11	60	98	36	86	23	19	53	81	16	70	64	6	46	92	50	19	80	39	96	100	16	15	54	94	76	94	96	10	28	77	60	5	10	58	42	88	44	58	80	100	43	90	92	11	81	51	99	62	28	95	33	24	20	76	28	30	50	24	25	1	66	43	30	81	3	51	3	6	76	
19	26	76	21	77	10	79	7	10	95	92	84	91	7	45	48	83	33	31	35	79	89	46	60	40	29	20	96	47	54	58	68	59	14	28	28	68	86	75	46	47	17	67	83	13	5	68	52	73	3	34	43	83	60	80	38	72	5	9	61	90	77	82	95	12	72	71	92	25	1	16	84	72	23	45	42	21	94	39	24	44	66	67	19	82	33	61	7	24	73	38	24	36	78	70	32	5	93	13	39	75	72	54	67	57	40	70	13	69	43	99	8	28	76	78	36	91	59	66	84	84	50	26	17	99	70	68	78	68	38	61	9	45	29	56	89	54	57	7	69	67	8	47	46	85	75	62	30	92	11	7	1	77	96	18	18	98	12	13	66	44	17	41	72	17	14	55	23	16	50	67	5	34	50	11	79	45	51	3	85	100	5	83	18	3	32	8	69	45	31	93	43	82	29	44	87	79	64	30	40	
15	31	27	47	77	57	11	43	54	62	16	7	80	11	8	72	32	80	54	6	53	10	43	29	28	63	50	24	12	19	92	33	29	64	22	27	23	78	89	55	99	91	75	97	10	77	69	33	3	74	83	70	68	73	77	6	75	75	54	64	30	84	58	33	31	55	66	25	84	81	94	80	88	33	22	68	26	89	32	10	87	79	93	100	21	90	23	30	1	84	80	46	41	89	66	3	24	61	63	52	78	93	50	37	60	86	29	57	4	88	79	47	47	6	75	84	89	47	95	37	49	58	8	8	65	27	50	80	47	39	86	98	74	55	2	75	30	39	90	37	41	12	19	4	9	74	29	23	22	8	94	21	43	42	91	4	76	2	57	11	84	82	70	81	61	47	55	52	75	78	64	33	85	35	41	8	75	61	42	78	31	15	93	7	58	36	72	30	16	64	9	26	97	31	73	10	51	42	86	4	
16	72	79	23	8	99	22	36	98	42	92	71	34	41	80	38	57	35	42	35	41	10	38	10	4	21	34	22	39	36	15	53	58	19	66	22	65	62	85	2	76	58	99	56	3	83	95	34	34	83	6	10	93	70	88	14	66	10	65	3	15	63	3	90	89	20	45	99	31	21	96	59	27	88	33	62	1	83	5	49	69	91	83	75	82	19	56	20	26	94	67	52	57	11	78	87	60	99	64	6	53	37	11	53	27	29	45	12	4	6	39	58	95	88	4	48	1	89	30	100	17	42	96	22	48	100	56	32	96	77	52	62	10	66	44	82	84	8	18	44	22	76	68	79	18	82	43	80	30	89	72	81	71	52	59	39	97	32	76	67	18	100	86	2	63	60	73	99	17	82	12	40	77	100	74	38	68	2	70	89	24	74	49	15	98	32	39	22	1	6	15	29	45	32	5	85	71	40	6	35	
41	37	18	100	39	41	25	38	20	95	63	96	9	43	8	79	47	27	47	56	54	69	51	80	63	88	55	97	40	45	86	23	52	92	86	37	31	81	47	54	14	34	36	76	63	2	42	49	43	70	10	2	87	29	47	47	4	11	57	18	91	54	47	48	24	70	4	31	66	15	52	6	22	28	36	50	59	38	48	92	86	12	19	72	35	67	26	99	38	89	90	92	67	24	96	90	49	61	100	32	31	10	49	39	1	35	18	52	34	16	15	9	9	17	67	53	28	23	60	42	37	97	46	95	100	55	13	87	42	90	78	72	32	67	65	94	5	87	15	11	12	98	5	59	37	79	70	89	80	32	77	60	48	13	12	43	2	83	17	71	77	3	44	59	63	81	95	88	44	32	21	27	25	24	90	37	97	23	15	53	21	40	10	15	38	46	86	19	64	19	19	40	91	6	2	83	67	68	93	82	
92	28	30	25	3	19	23	42	62	19	82	5	72	21	20	62	82	32	88	31	83	72	31	91	46	84	12	86	70	76	10	24	30	44	7	7	32	19	5	59	95	47	58	52	70	6	85	37	83	68	93	87	83	30	6	53	25	84	9	77	32	47	66	33	33	75	34	77	60	43	81	21	28	61	71	41	26	80	40	15	60	87	86	5	51	90	13	7	50	37	83	56	80	90	71	59	86	86	26	47	76	5	21	22	78	33	6	36	100	27	87	71	16	45	83	38	57	71	91	54	3	66	5	38	17	18	9	78	42	48	70	98	41	34	27	11	37	18	77	73	57	14	2	58	29	52	63	64	79	33	16	89	22	72	23	21	60	10	87	56	78	44	78	77	64	75	16	52	70	100	48	61	87	82	57	16	1	7	66	45	9	89	78	33	44	3	63	19	82	17	17	40	8	97	35	31	72	10	44	39	
27	42	67	13	9	1	45	99	54	62	42	15	78	20	97	43	48	50	20	87	69	86	60	18	60	24	97	41	99	82	77	2	11	55	22	23	89	99	36	22	58	81	34	34	84	8	62	77	60	73	70	29	30	73	15	32	60	95	55	97	46	43	66	75	38	3	47	10	20	66	63	96	79	29	85	56	57	78	79	96	70	24	22	10	89	76	18	58	42	63	26	10	62	13	55	93	14	41	91	38	30	44	43	31	76	36	53	22	79	49	59	86	92	76	73	42	92	26	94	8	32	30	80	30	47	58	1	18	37	8	42	95	78	67	73	36	59	86	32	44	60	62	49	3	44	45	28	26	32	99	71	52	18	36	2	24	4	74	84	80	49	20	61	89	27	97	8	30	7	52	1	1	26	61	33	48	59	68	62	32	51	42	62	48	46	64	3	67	58	25	70	13	93	60	39	62	72	26	38	14	
1	58	63	37	84	88	77	36	83	44	33	68	20	62	13	52	99	77	18	69	99	3	22	28	58	9	90	82	21	2	72	39	39	46	66	95	64	49	81	86	75	32	12	17	39	17	70	47	80	77	88	47	6	15	28	17	20	84	60	21	57	54	85	73	25	98	72	41	94	34	62	71	33	15	43	84	35	72	44	58	94	71	87	18	70	67	74	19	76	1	6	60	77	87	56	76	13	21	92	57	59	62	34	13	35	18	16	14	72	95	52	96	66	86	82	96	81	44	36	79	71	19	2	30	2	77	65	9	18	17	32	97	52	65	79	32	70	48	93	28	69	14	55	4	42	50	91	70	64	99	75	64	59	36	40	70	6	80	74	77	15	10	64	87	60	76	49	66	12	43	98	57	60	39	15	58	16	47	69	37	35	57	4	83	35	4	39	99	12	96	58	47	53	67	4	38	100	63	32	39	
66	88	88	82	29	19	86	39	40	34	41	25	48	77	100	64	92	2	39	86	86	23	7	97	55	87	74	65	22	67	36	44	28	79	19	69	68	62	68	96	39	68	51	31	43	53	21	82	38	6	14	47	53	32	17	79	9	18	19	35	11	13	64	83	58	1	75	7	1	9	99	55	74	35	51	15	95	97	27	79	18	26	64	58	1	91	64	83	31	70	86	91	72	60	51	89	48	28	72	94	23	92	90	32	51	40	34	8	68	97	6	31	56	64	64	78	69	43	10	18	54	89	75	35	36	98	49	62	71	68	6	94	59	50	93	26	73	35	40	2	8	66	16	35	19	84	95	32	60	67	94	62	21	50	82	41	25	10	43	13	78	78	45	92	4	33	93	92	19	52	72	13	71	83	46	83	70	3	24	39	96	48	68	56	71	70	14	18	18	81	91	20	58	90	90	4	24	78	38	12	
90	77	23	86	19	22	13	49	37	60	59	91	93	52	85	57	2	13	2	57	95	39	81	24	4	63	68	1	70	75	95	19	65	8	1	53	23	36	73	23	10	7	48	60	81	48	44	26	72	75	66	4	25	60	20	9	24	82	51	64	65	74	22	4	90	73	95	93	45	60	60	22	51	93	5	24	9	90	30	26	38	78	96	61	27	48	99	55	4	62	31	68	58	75	49	78	67	42	89	11	13	80	95	88	88	20	86	44	55	13	21	13	23	63	36	36	17	16	18	85	77	15	77	3	48	92	85	33	8	39	61	12	26	17	71	82	95	81	40	89	66	79	10	76	96	92	81	50	57	58	86	76	88	61	81	99	35	52	70	85	25	94	88	35	85	12	98	42	76	90	75	46	22	50	61	84	40	28	88	100	65	66	59	59	77	12	24	20	94	99	40	64	42	24	92	52	1	11	78	88	
65	19	52	53	14	92	63	86	60	85	83	87	19	16	58	14	17	37	55	27	65	58	97	50	2	48	83	29	99	75	18	57	48	87	40	91	73	54	20	39	44	41	7	8	97	87	1	61	5	75	10	11	84	95	84	18	82	33	11	43	59	22	75	39	51	15	2	96	85	47	47	7	60	59	13	36	35	74	67	95	62	9	34	37	80	21	75	73	47	72	38	78	87	64	27	84	14	80	46	58	4	18	51	31	22	81	65	53	50	33	76	86	71	16	23	58	76	36	92	94	33	5	95	84	23	52	67	90	63	6	91	5	36	36	78	97	8	84	44	48	27	2	27	21	97	81	73	47	10	84	81	99	75	60	94	82	76	91	52	74	91	45	24	28	77	57	48	25	66	93	95	23	28	97	67	45	94	76	30	7	81	40	85	38	13	76	23	5	3	36	74	32	2	5	66	32	62	65	38	19	
100	53	64	88	29	83	6	47	37	36	57	90	70	38	47	98	61	20	65	66	83	4	31	74	8	94	89	47	86	16	79	50	28	70	9	11	17	7	89	75	68	63	92	38	27	67	7	80	9	54	65	57	9	55	60	19	51	11	56	43	82	54	39	15	3	31	44	71	79	70	88	75	24	25	19	99	68	40	1	80	88	1	4	95	60	76	57	38	68	74	99	2	7	8	92	23	58	51	59	6	45	98	69	65	69	39	24	80	93	96	70	45	94	90	85	73	28	27	91	39	4	85	98	91	71	30	43	59	95	8	84	36	23	62	86	13	100	76	64	20	94	92	72	49	97	13	39	65	94	1	71	25	79	3	36	71	97	86	87	98	4	84	68	52	27	86	68	66	95	53	27	44	97	82	3	87	73	18	14	69	91	35	76	29	60	26	52	65	44	27	65	100	99	20	80	61	68	31	4	17	
42	92	6	48	75	91	68	31	6	22	10	87	79	2	82	97	52	1	88	91	93	2	11	10	83	81	66	88	84	51	36	100	86	70	26	48	18	47	87	64	54	10	87	45	95	40	84	98	61	64	3	18	77	97	21	35	64	43	43	61	91	73	98	77	21	77	50	37	38	20	2	42	52	54	71	97	72	97	72	11	11	70	60	17	90	76	24	94	96	87	58	10	15	99	63	3	9	38	75	96	71	53	79	92	53	99	1	67	49	89	46	50	12	88	56	64	28	77	39	33	90	80	87	5	17	76	8	25	62	23	58	54	36	17	36	27	77	55	48	91	10	55	93	52	31	81	19	70	31	15	1	50	75	79	78	80	9	17	71	43	63	30	83	47	27	4	33	50	21	51	79	37	28	90	51	63	93	33	14	29	2	91	69	5	91	25	94	51	47	41	86	37	75	35	40	11	3	53	3	63	
94	3	91	55	74	60	82	19	53	11	49	8	78	47	54	29	59	22	53	39	10	60	85	29	65	74	60	59	45	83	50	88	45	70	68	86	72	98	91	5	99	4	49	54	35	7	57	64	90	30	15	91	32	46	57	11	65	59	82	91	64	76	21	30	47	54	36	79	93	69	27	90	59	55	22	89	72	11	85	78	45	92	87	41	56	7	50	32	74	9	68	13	10	7	5	69	87	53	11	41	5	99	74	83	48	75	68	4	20	42	11	98	45	82	77	46	87	18	13	50	25	94	3	13	6	89	89	23	43	13	43	20	68	89	72	59	8	42	48	26	89	91	97	37	68	67	20	15	6	99	27	18	33	26	89	37	98	30	95	77	94	68	10	15	67	36	30	55	26	73	2	8	84	8	41	90	17	58	47	96	45	60	69	48	15	40	86	17	73	88	10	1	80	58	77	54	46	8	65	74	
59	17	64	80	75	55	52	28	32	96	23	90	27	76	71	38	56	46	40	43	98	49	80	99	13	32	81	6	19	69	4	57	51	60	2	71	83	50	28	8	1	4	65	6	59	24	60	64	77	84	63	54	47	43	54	13	74	22	54	73	76	21	72	2	41	93	18	11	92	38	83	7	2	92	69	6	65	99	25	45	79	97	65	79	96	86	50	43	53	51	11	83	75	37	31	91	70	90	99	43	13	23	64	23	89	88	50	4	63	67	86	4	94	68	69	46	73	22	44	27	56	35	72	15	21	84	47	95	95	71	60	19	68	80	51	23	73	19	23	78	60	47	63	1	41	89	17	74	63	55	10	61	30	28	33	85	12	53	26	41	44	58	45	9	98	84	50	8	79	6	30	51	38	30	96	84	16	8	90	42	18	68	64	16	93	98	2	30	21	18	48	83	88	11	68	11	69	53	76	46	
21	11	25	45	27	30	13	100	71	87	53	70	27	49	100	26	89	94	91	87	2	27	87	17	37	68	42	81	44	38	78	31	67	10	13	13	5	63	6	44	19	61	19	94	38	62	97	40	82	58	3	47	66	66	85	64	22	75	39	98	21	72	21	10	38	14	74	12	82	30	71	51	91	99	76	1	8	13	27	4	27	98	59	29	56	28	66	25	7	47	89	55	1	90	90	40	67	15	71	48	93	26	34	59	8	24	61	85	64	16	31	50	81	28	29	99	1	49	57	55	48	46	36	59	79	3	21	52	19	67	63	60	4	80	89	98	33	20	32	57	63	34	47	14	25	38	66	13	53	37	32	64	30	17	79	79	62	86	47	26	84	31	18	21	8	6	58	41	73	12	95	10	18	29	41	100	19	49	91	32	37	4	61	25	9	6	67	11	57	100	62	26	73	93	54	32	17	22	2	98	
25	80	38	62	75	39	49	9	49	67	40	54	75	71	80	36	10	45	8	62	96	98	53	8	55	83	42	39	39	36	38	45	97	88	4	15	67	70	59	57	77	41	35	11	24	26	64	19	95	33	90	48	33	75	73	83	4	39	15	77	30	2	10	41	68	30	19	6	69	59	96	40	12	2	28	90	53	3	66	30	73	37	73	78	10	12	76	6	81	23	23	16	60	22	10	39	7	14	53	56	47	31	28	98	74	66	3	1	10	42	83	27	62	78	1	99	13	31	17	92	32	69	4	38	53	17	69	42	16	54	85	86	78	62	22	9	25	81	33	4	59	81	40	8	100	53	51	6	7	51	93	68	33	94	89	80	50	31	78	73	78	94	61	67	7	35	27	90	5	66	17	89	44	24	8	75	26	6	19	72	98	63	32	96	61	48	73	81	18	89	37	42	56	58	6	3	33	68	26	13	
39	82	91	48	52	14	56	69	41	89	69	18	89	84	75	63	84	14	23	32	49	64	50	64	70	54	87	50	52	22	26	50	94	99	3	42	32	38	28	74	58	71	46	22	12	96	64	88	12	31	89	24	33	38	25	58	90	51	3	21	47	41	38	68	76	30	85	55	83	80	89	9	61	94	11	92	60	25	77	81	95	61	68	43	91	29	14	17	95	23	13	41	41	73	99	100	40	1	94	33	93	27	38	5	30	2	81	14	51	99	25	29	78	88	50	65	39	30	72	74	21	63	37	53	45	75	60	55	9	49	34	38	48	47	48	67	82	58	11	14	1	8	33	44	26	60	34	38	56	51	56	76	16	12	68	17	82	41	91	63	38	80	7	8	81	79	93	2	43	82	82	61	95	10	39	70	17	49	6	65	37	13	63	29	93	29	67	11	72	47	75	19	6	92	84	46	46	41	49	35	
7	100	46	39	67	85	65	19	31	30	5	54	33	81	5	41	37	61	47	50	23	3	71	46	28	87	38	52	31	68	36	36	7	26	67	36	73	96	54	27	65	61	21	94	7	53	88	26	72	55	20	70	75	3	98	1	73	15	31	77	54	93	14	30	30	10	99	87	43	65	18	8	30	43	97	90	12	55	12	82	86	78	96	93	18	9	43	67	31	88	8	66	3	54	81	53	7	45	53	40	44	81	10	93	28	82	94	12	3	41	74	53	43	77	8	85	35	46	63	60	34	51	9	43	60	80	55	42	71	61	27	34	44	2	64	72	49	1	61	12	20	69	100	25	12	14	81	50	56	45	57	40	62	67	32	56	15	3	75	63	54	93	89	10	39	36	59	25	54	22	19	28	97	89	89	2	17	19	18	11	39	93	47	5	9	21	48	31	35	88	68	47	63	87	20	24	98	77	11	67	
36	88	51	41	21	5	80	31	19	59	55	98	26	78	77	100	46	89	14	10	23	47	16	27	42	92	5	90	56	84	99	23	100	58	41	40	91	15	94	90	5	46	56	15	24	35	92	33	71	66	45	4	34	47	72	75	95	2	44	50	36	18	74	19	85	99	45	16	4	23	97	87	82	9	3	51	21	60	52	26	32	11	77	87	69	51	35	53	69	50	95	30	16	28	2	97	95	35	41	46	93	3	98	26	76	64	7	24	2	26	60	15	2	25	57	59	22	94	45	52	78	5	22	84	13	78	91	43	65	96	96	89	36	57	36	12	84	54	48	10	72	9	15	59	94	45	16	54	54	69	83	93	80	43	11	11	22	32	21	16	28	62	22	53	51	12	95	27	63	24	15	92	95	63	69	66	92	32	2	37	29	35	12	75	92	15	23	75	92	75	12	73	49	7	29	12	44	72	69	5	
94	84	2	34	62	13	9	81	49	50	95	30	57	93	16	30	82	92	100	34	8	65	58	31	87	68	1	99	87	56	66	16	66	68	87	72	87	83	49	99	2	10	24	55	92	69	52	67	92	25	99	31	77	10	41	7	93	96	71	37	79	11	12	6	55	87	16	64	32	64	3	66	92	79	34	62	68	31	80	36	50	24	64	25	98	57	56	24	60	74	90	60	93	16	89	54	26	7	8	91	24	21	40	65	32	17	14	100	57	1	69	41	21	67	5	11	26	2	43	51	78	95	83	58	14	47	56	37	79	84	1	12	23	87	48	65	24	33	90	41	63	3	61	17	54	51	85	1	20	92	84	84	65	36	57	4	11	84	100	1	73	5	52	99	82	40	85	8	85	47	87	38	88	28	87	1	53	60	21	36	5	39	76	27	12	76	98	81	80	47	97	88	43	43	98	44	54	61	39	39	
77	6	88	26	94	12	85	66	39	100	82	42	3	58	94	81	57	47	17	84	95	30	50	90	48	39	27	41	49	25	3	74	69	30	7	79	69	5	66	6	12	27	48	20	79	14	33	75	25	84	31	66	60	20	94	1	45	85	79	38	93	92	82	69	83	43	4	32	18	98	65	76	84	31	49	59	8	26	34	42	15	6	35	2	45	47	31	19	90	3	69	100	22	63	75	64	34	99	28	74	18	64	9	37	25	85	15	58	24	82	38	14	36	39	60	48	38	46	50	93	82	62	66	89	61	22	11	26	14	70	55	86	19	29	77	8	51	37	41	33	1	72	92	3	52	69	93	49	18	98	24	12	86	43	67	98	56	23	38	58	96	4	51	23	71	76	98	98	70	52	41	17	5	30	70	29	59	27	92	52	34	8	27	86	12	40	45	42	76	87	92	83	5	74	91	7	91	10	39	35	
53	1	54	7	40	90	21	69	10	64	62	50	47	2	79	27	66	51	62	87	21	60	57	77	77	21	44	39	30	33	62	14	67	77	51	85	65	14	24	29	56	47	71	39	66	87	40	26	1	81	21	15	43	66	34	9	60	47	70	20	69	38	30	59	80	65	23	64	98	91	79	3	73	56	44	55	59	65	18	13	5	23	45	79	95	77	49	23	6	11	34	42	38	78	33	60	4	72	79	25	52	63	73	31	85	3	15	4	1	25	73	51	55	36	82	73	27	37	88	51	96	29	69	12	97	37	67	21	93	15	42	44	12	45	55	1	90	69	50	36	18	13	21	43	3	95	97	7	48	13	27	25	45	90	88	37	76	45	10	57	9	71	19	64	66	44	92	57	77	88	50	65	95	93	64	96	26	81	92	19	3	16	9	81	37	99	6	31	100	24	100	69	48	54	63	70	92	27	95	99	
22	94	6	99	84	69	78	97	45	35	81	54	82	39	87	58	27	37	90	61	68	35	11	23	56	73	41	21	48	38	4	24	34	64	33	81	20	29	5	98	11	36	63	99	22	23	70	36	16	94	96	52	81	63	62	99	60	47	88	2	27	83	71	96	89	18	97	3	65	79	99	80	88	85	38	56	29	36	80	52	17	37	80	16	66	37	33	91	7	67	32	22	80	64	75	96	56	48	26	48	88	1	65	60	39	62	9	51	7	68	23	34	47	8	45	46	50	41	26	91	62	84	41	75	90	1	55	64	69	65	29	43	47	59	26	53	36	91	24	88	35	28	24	37	81	80	25	53	20	57	82	55	86	94	74	58	80	64	1	14	89	52	23	24	79	78	80	29	74	57	54	100	62	94	95	22	9	71	34	17	88	68	65	82	1	94	97	89	30	37	24	65	75	74	93	55	34	99	90	92	
36	66	31	88	33	82	45	80	31	2	58	28	79	91	31	91	51	3	90	29	86	50	97	62	1	27	12	1	88	93	57	90	78	48	88	46	39	41	56	50	95	59	84	9	17	62	92	66	84	80	59	6	21	96	71	55	22	7	75	42	90	7	51	40	9	8	87	66	76	3	80	91	20	68	82	36	95	36	96	75	49	92	11	62	73	69	43	33	85	46	21	34	3	95	55	51	5	45	26	83	95	12	4	60	16	95	83	5	50	35	23	39	9	31	76	53	85	70	75	53	55	36	66	58	73	33	94	48	38	86	38	49	60	29	57	84	9	86	53	15	79	60	84	22	49	58	42	12	39	41	2	89	11	63	80	81	79	91	13	43	99	62	18	37	74	56	76	52	50	74	88	14	60	100	80	100	58	22	12	48	96	80	39	79	2	30	17	70	1	68	8	48	43	49	83	39	73	43	85	25	
15	9	78	92	95	22	13	40	23	23	31	24	87	32	26	86	62	8	7	29	28	87	20	21	16	25	16	22	36	87	87	40	96	16	1	12	81	77	49	93	9	19	84	90	46	28	84	52	72	88	27	22	28	79	33	74	51	60	24	52	59	2	91	12	61	30	82	92	84	73	88	20	90	16	63	43	92	79	46	20	57	22	16	54	16	14	90	42	52	79	3	41	11	73	40	18	67	65	46	21	62	30	46	67	10	52	3	64	79	89	93	61	86	35	95	63	19	54	68	33	62	69	61	94	12	81	51	68	95	75	49	4	37	7	50	28	45	80	29	19	24	58	94	11	6	93	18	18	11	16	34	88	40	52	11	85	87	56	23	48	16	55	55	15	7	9	81	27	88	59	63	73	15	80	60	27	42	58	97	44	46	21	97	76	62	94	48	31	43	82	47	40	58	2	52	32	85	55	49	65	
89	30	49	36	52	23	34	44	8	73	61	79	80	80	73	80	80	2	13	14	22	4	4	87	51	71	38	80	34	53	88	41	13	44	50	26	94	29	23	54	63	95	32	22	2	79	12	63	23	33	88	28	61	29	15	35	93	59	25	54	55	92	99	2	94	43	9	79	31	56	85	68	16	61	3	97	78	20	92	83	83	45	80	54	92	69	10	30	96	9	68	55	12	83	80	91	32	95	87	59	11	88	53	43	19	95	7	34	73	87	79	53	12	77	58	75	54	49	53	13	43	40	42	71	30	96	92	95	83	21	6	3	40	73	82	11	94	58	64	71	21	99	13	69	14	74	23	82	41	28	61	93	59	7	25	99	97	1	9	87	100	56	66	77	77	38	52	69	24	4	39	81	11	94	66	63	71	80	74	81	72	12	33	78	87	29	5	17	32	38	80	5	55	72	78	8	80	86	22	36	
43	72	81	86	48	60	96	40	45	11	8	1	82	8	20	46	20	54	83	34	13	98	1	76	40	10	49	87	19	5	7	99	1	81	32	43	54	26	9	55	97	61	80	87	45	53	35	14	45	22	33	36	71	85	43	51	5	13	19	71	22	69	76	28	11	97	3	34	49	44	38	82	63	3	41	10	73	68	1	19	16	29	86	64	3	27	85	9	77	16	28	8	13	12	91	96	62	19	87	95	43	52	9	18	31	40	81	23	54	89	47	65	97	87	58	61	37	96	20	87	28	22	99	30	66	33	44	87	29	82	43	20	38	29	9	53	48	54	87	87	73	39	57	50	47	33	88	47	81	58	53	2	1	98	81	56	22	2	87	49	94	79	6	98	56	69	1	54	57	7	99	73	78	56	85	57	43	39	47	63	10	7	68	13	66	54	11	39	14	6	91	51	22	9	49	41	75	58	76	62	
92	35	42	21	25	89	99	19	72	52	41	84	43	51	91	95	14	92	11	10	52	30	41	88	16	64	38	96	49	98	66	45	61	63	8	4	65	88	55	64	41	37	89	54	65	28	85	33	42	68	62	50	41	56	84	15	24	36	99	97	89	6	1	90	92	90	51	62	59	55	56	36	43	97	10	84	29	7	33	94	69	94	24	98	25	37	57	53	94	2	51	83	100	53	59	63	40	96	99	5	25	50	39	61	10	8	80	76	70	54	27	42	13	23	76	47	43	96	93	52	76	88	42	89	28	93	82	81	35	49	46	14	100	100	6	56	28	95	51	58	54	71	15	70	56	84	91	61	26	62	73	2	13	40	42	44	53	6	10	23	78	100	11	66	35	26	56	93	48	37	33	64	84	41	46	30	83	55	71	93	82	49	67	5	97	73	9	89	38	52	70	98	23	80	80	94	25	2	50	73	
12	96	16	96	98	96	74	16	50	68	100	55	66	97	93	84	65	61	13	36	56	36	51	75	66	36	74	72	9	97	58	7	41	87	62	28	8	10	95	8	74	36	9	58	61	66	16	95	21	26	1	59	26	57	35	95	9	35	68	72	72	65	8	53	60	12	21	68	8	59	29	95	92	78	73	29	88	7	63	44	26	83	10	52	54	79	4	27	19	86	14	26	69	93	69	22	32	92	51	41	60	73	19	17	21	66	7	17	39	36	6	23	23	44	4	50	68	1	65	99	64	24	29	82	36	60	90	86	100	15	31	17	84	22	14	47	6	12	80	36	48	10	33	31	18	71	57	43	9	81	40	77	75	83	5	40	98	63	9	65	29	10	92	68	14	40	47	44	72	10	22	52	44	95	3	100	17	79	29	31	60	33	68	48	83	59	50	50	98	57	64	24	39	90	36	57	77	60	77	72	
73	44	76	60	74	23	63	12	64	74	62	72	45	35	38	43	31	31	38	93	69	65	56	60	25	4	84	66	57	3	28	2	25	22	13	29	55	29	6	36	75	100	44	88	50	58	68	88	94	89	83	38	80	78	72	97	90	74	40	97	11	99	13	3	25	55	60	31	26	65	36	36	79	20	68	7	7	88	55	97	75	54	90	88	95	43	3	90	94	42	14	44	17	78	95	62	22	77	41	99	35	75	61	29	33	20	59	39	30	91	26	100	16	99	94	56	13	98	8	15	80	67	100	43	7	66	58	32	24	100	48	62	28	52	33	68	100	82	17	73	65	87	13	65	32	30	73	98	31	26	10	41	73	84	7	50	29	11	44	51	90	96	31	39	97	93	73	9	11	16	83	28	8	79	72	1	100	37	50	55	31	10	100	79	96	81	77	34	42	69	22	39	47	63	74	52	15	61	24	60	
80	93	65	5	10	74	59	30	91	56	26	61	25	13	49	41	2	21	92	92	65	40	8	55	67	9	19	69	32	79	66	62	30	3	56	58	71	70	27	88	6	78	67	59	42	96	39	47	39	32	5	48	40	79	44	27	30	67	1	72	85	25	27	66	77	12	52	80	34	18	80	96	46	92	1	33	63	55	73	49	83	45	92	48	41	14	50	71	14	80	69	47	36	17	5	99	17	44	49	77	27	4	26	25	67	11	40	33	55	47	63	7	80	59	7	47	43	69	19	46	63	38	73	4	67	3	13	98	71	7	92	16	17	53	63	36	10	88	85	5	82	21	37	99	93	34	17	12	2	95	56	74	77	56	98	50	99	8	70	7	1	59	1	70	87	72	85	16	76	76	33	81	49	33	4	50	6	45	13	67	71	33	22	80	4	5	57	65	39	23	28	61	82	36	17	89	62	41	81	28	
59	69	14	3	60	81	74	9	48	28	70	27	17	74	19	97	30	16	18	77	32	67	50	35	37	51	65	1	96	48	83	40	30	91	16	36	23	72	29	97	66	67	70	81	96	40	2	25	24	10	49	92	15	96	58	79	26	95	80	11	78	45	4	30	81	82	26	36	42	13	52	75	20	83	19	94	44	97	49	83	59	53	29	35	50	74	46	35	34	26	17	95	28	46	71	38	16	43	21	85	41	9	7	2	65	66	38	86	98	95	81	77	1	95	13	65	95	25	74	85	16	74	88	68	14	19	96	85	40	46	60	39	55	11	39	58	88	42	70	32	79	29	3	34	54	47	43	33	8	18	4	13	11	69	7	15	2	38	29	32	100	44	82	100	24	50	93	96	19	81	8	87	23	33	50	66	78	40	20	67	30	84	7	90	64	88	70	42	59	80	32	77	74	53	53	21	11	94	84	72	
13	96	76	70	14	92	56	51	67	20	99	28	94	84	92	94	34	9	37	96	45	87	26	6	45	48	14	95	46	22	62	16	96	61	74	82	8	80	88	79	22	68	8	21	29	71	93	89	44	87	69	86	60	70	94	18	38	62	88	11	45	79	27	73	95	86	32	50	15	5	17	49	57	83	16	69	26	75	83	59	68	14	98	15	69	80	76	15	89	28	20	100	65	27	95	27	54	88	72	13	18	91	70	35	1	66	41	89	20	26	38	46	16	82	92	67	70	73	20	63	79	22	37	68	87	84	21	8	34	44	84	23	66	23	20	33	72	86	51	37	40	75	57	40	3	17	71	56	99	38	71	31	25	13	50	100	12	62	3	3	82	13	22	50	52	84	89	99	95	6	16	9	88	59	19	29	2	73	37	56	79	94	57	57	86	44	42	79	1	56	71	55	94	15	33	75	95	30	13	43	
95	18	17	23	23	49	55	17	36	22	14	52	99	5	20	76	35	35	90	99	56	19	33	87	80	57	52	18	20	9	64	59	15	50	11	17	1	27	87	10	80	85	31	27	4	20	61	97	66	79	91	12	87	24	71	26	78	9	1	70	92	97	98	37	61	78	11	24	6	23	37	92	22	45	29	94	83	54	45	53	14	90	50	2	60	8	15	86	94	37	30	82	92	42	36	1	88	38	18	55	41	26	96	62	34	97	56	58	78	27	17	3	22	89	13	6	27	26	17	87	14	44	58	76	64	82	79	42	67	71	45	91	91	70	44	52	1	25	70	77	74	43	66	5	3	96	79	26	57	60	14	94	40	100	2	50	63	46	28	43	74	76	10	13	27	30	92	100	88	93	72	100	14	31	18	75	21	78	11	30	71	46	28	19	53	73	65	55	85	72	46	93	44	41	59	62	20	23	52	93	
81	3	51	76	26	51	75	18	22	41	1	9	73	15	44	60	18	100	30	46	82	83	47	37	62	59	11	39	32	98	39	63	79	58	71	35	100	24	98	51	60	84	67	51	56	60	95	80	67	93	83	19	86	22	87	64	96	34	4	60	87	65	59	73	68	96	77	64	35	45	80	11	16	80	86	24	10	90	92	29	98	50	43	85	27	71	98	75	14	18	48	55	7	3	5	34	45	94	12	25	92	72	17	31	60	21	59	65	48	90	52	11	23	7	19	77	2	11	24	63	21	68	27	5	25	61	81	77	89	88	43	65	24	51	9	15	22	89	68	97	100	46	64	33	89	92	54	86	28	50	84	75	95	39	100	29	25	96	54	11	68	79	27	29	87	93	22	78	69	89	94	86	46	22	85	40	48	34	12	48	61	22	99	4	31	5	14	93	81	26	100	98	29	21	20	19	81	96	3	83	
71	53	90	26	31	96	97	52	12	45	93	39	89	17	69	31	7	4	21	32	94	44	81	59	51	46	4	36	86	83	35	30	74	31	44	85	73	22	47	88	95	62	74	90	26	26	69	73	19	100	75	72	5	10	18	58	61	37	95	17	41	79	29	78	43	93	87	25	2	79	16	62	54	54	64	98	52	88	48	35	15	2	85	68	13	2	68	34	20	79	61	15	89	50	56	94	47	28	16	86	77	45	86	85	72	28	75	97	94	75	86	81	73	27	91	64	48	43	22	35	81	37	58	11	56	4	2	24	64	67	58	21	16	68	16	87	98	19	83	36	29	75	12	4	37	41	47	69	85	35	39	15	8	72	20	71	45	84	6	72	23	96	23	3	77	16	61	16	34	20	65	68	37	86	70	77	69	93	10	13	95	50	21	23	6	39	11	19	49	49	23	91	18	92	27	19	35	18	50	94	
38	40	25	66	65	13	31	96	48	22	5	46	40	34	11	75	67	46	94	57	27	84	29	96	71	29	18	52	42	97	59	98	49	94	45	92	50	7	6	80	68	47	94	54	79	63	31	53	82	21	82	35	51	89	70	1	27	80	60	90	56	96	56	10	91	18	69	98	45	95	66	73	16	92	3	25	54	95	41	50	69	60	27	13	67	32	40	90	49	51	13	11	11	6	95	93	58	18	19	85	100	59	77	93	9	56	64	59	1	4	43	81	42	94	65	37	66	44	39	38	90	1	52	88	65	22	98	92	17	83	71	20	68	89	20	25	63	80	68	53	20	51	73	40	55	74	79	55	95	48	99	24	53	86	84	46	4	43	17	83	25	24	80	89	60	9	38	60	38	38	34	94	77	27	30	94	7	31	22	83	73	77	3	96	54	33	30	20	9	11	19	23	89	77	26	50	49	19	90	13	
97	98	82	23	61	30	97	43	55	87	41	29	71	49	70	69	13	54	19	56	79	15	73	95	22	8	97	66	33	70	89	43	16	56	51	10	24	78	96	22	33	76	31	44	14	27	45	56	33	90	19	67	90	76	67	91	48	21	76	76	7	86	28	12	29	9	51	57	47	77	37	69	14	69	27	37	79	43	14	74	80	8	71	2	32	63	58	39	77	42	64	16	37	64	28	47	100	41	20	76	47	1	15	35	79	64	79	68	35	10	88	42	58	7	48	71	9	87	13	29	13	8	37	27	2	42	18	78	82	56	43	67	94	7	93	45	84	45	22	25	82	90	13	77	81	22	41	26	63	79	4	99	63	81	81	66	68	28	35	16	93	50	44	53	74	14	74	27	80	65	31	73	6	96	43	39	2	65	60	81	14	87	19	35	86	70	85	48	64	17	36	69	12	32	47	30	45	39	40	69	
50	60	46	28	4	8	30	73	19	43	17	34	30	26	85	99	49	27	87	42	68	50	20	55	32	71	47	66	42	35	62	11	81	21	36	46	73	95	89	46	42	59	24	4	92	38	65	82	61	23	56	26	13	18	74	64	99	75	57	24	50	50	66	76	14	43	35	56	31	49	33	43	90	10	85	57	4	3	50	46	76	15	98	68	40	58	86	100	71	17	3	39	32	6	51	20	51	62	75	68	16	1	69	48	61	6	69	60	59	15	92	53	37	14	55	71	64	11	58	91	54	79	45	40	13	96	70	41	51	100	67	85	6	73	74	91	46	97	97	94	74	84	76	56	90	12	98	49	10	70	94	94	92	97	61	5	96	48	31	61	50	13	60	26	19	77	5	8	7	16	37	17	65	84	30	24	36	88	85	25	67	24	33	28	92	35	58	2	32	72	73	61	13	44	86	92	29	90	62	66	
27	48	98	94	15	42	96	50	25	6	36	57	83	13	64	5	57	29	13	95	55	72	4	56	32	29	64	18	51	94	5	2	14	84	67	15	100	47	44	79	54	74	67	36	14	11	10	49	7	30	20	99	7	58	19	83	55	73	38	94	32	43	25	6	17	67	53	24	19	23	91	33	42	30	9	53	27	90	71	35	15	86	75	34	90	39	100	1	77	9	1	21	32	58	3	41	55	69	99	92	12	95	28	24	77	95	5	61	51	16	24	29	28	4	74	67	47	73	13	93	46	53	58	61	20	100	18	37	61	16	10	15	49	26	7	57	32	59	60	43	10	92	66	45	43	40	74	54	57	71	96	84	84	85	10	52	40	57	48	31	14	63	87	87	82	56	94	84	5	23	41	20	7	83	35	27	61	52	23	52	11	56	30	28	67	10	91	59	93	18	86	61	98	89	28	83	45	17	98	94	
19	67	67	74	24	77	99	81	25	55	51	48	34	47	50	40	81	77	63	69	84	58	91	47	93	41	51	83	77	80	39	29	86	56	5	77	68	39	73	76	13	68	86	15	98	32	32	76	24	1	26	38	50	42	76	31	4	47	68	96	74	53	7	81	95	31	69	60	90	6	7	85	52	96	77	94	19	94	14	34	89	94	14	20	49	77	71	77	96	42	88	75	34	54	30	21	18	7	8	88	16	14	67	25	49	66	35	88	19	83	91	36	14	89	23	12	77	57	62	50	36	90	4	72	100	42	81	61	52	22	11	91	56	40	38	88	14	55	69	52	86	35	72	62	29	49	96	9	78	75	63	37	20	35	73	81	73	18	67	79	23	68	73	27	16	80	55	56	87	4	64	54	84	25	24	82	95	47	18	91	67	66	24	78	17	39	35	88	31	84	24	35	31	26	62	95	44	59	13	55	
98	28	88	71	52	84	18	71	83	31	20	81	96	43	85	64	19	65	72	85	44	20	50	89	73	50	4	79	93	1	32	65	28	45	64	15	34	96	33	48	52	90	14	6	4	69	89	81	73	84	94	89	37	63	1	70	62	72	74	87	9	51	47	23	23	88	50	74	3	11	67	46	79	9	16	2	86	42	80	26	28	37	18	79	51	42	17	9	42	11	14	43	94	43	53	11	36	19	29	1	14	44	89	24	16	58	41	41	14	11	53	76	98	11	100	4	83	15	71	52	52	65	97	12	74	29	44	14	20	29	85	53	73	6	86	21	86	68	42	74	29	67	50	15	32	34	97	35	12	55	38	41	89	71	1	54	76	69	27	94	12	18	78	70	29	15	20	97	95	86	83	80	79	24	81	66	72	70	20	2	86	6	67	21	29	63	47	15	32	95	81	32	11	71	13	60	46	51	63	9	
9	23	27	37	93	69	39	76	10	27	40	52	72	30	66	30	17	8	94	86	97	41	41	36	23	19	56	46	26	62	32	90	58	5	99	9	71	13	61	42	14	88	67	31	70	98	80	16	38	80	67	90	83	26	6	86	31	38	99	58	68	11	89	23	13	8	95	90	69	34	32	21	3	68	28	51	14	14	69	17	20	30	48	61	13	64	3	1	88	14	78	84	66	84	94	99	55	71	2	77	87	37	3	59	47	94	26	47	86	44	96	22	92	100	59	69	92	73	10	10	35	66	18	92	86	61	37	16	66	86	39	18	81	70	44	43	48	14	34	53	82	88	62	64	3	41	21	14	56	78	33	96	39	43	37	45	91	65	78	83	25	80	7	31	54	65	26	55	84	61	37	79	4	55	13	2	27	72	39	45	42	59	4	84	20	73	98	73	8	25	65	81	66	31	89	3	93	53	64	94	
38	47	80	9	6	19	36	82	47	13	73	22	68	72	69	39	25	44	73	48	15	10	40	5	6	20	18	65	1	32	46	55	32	14	3	25	7	100	31	58	95	36	7	91	47	2	75	75	24	46	52	92	56	10	60	91	68	78	2	10	13	83	55	16	41	66	30	60	100	42	22	34	41	55	8	83	26	44	47	95	100	82	55	15	11	16	39	21	75	43	84	79	56	94	63	38	21	54	39	14	34	7	51	53	79	39	26	25	34	57	40	50	69	61	8	28	12	3	50	55	84	34	84	10	2	2	42	22	54	32	54	52	82	79	46	66	10	67	68	91	74	21	64	16	6	16	95	59	57	45	98	45	58	18	42	42	62	86	33	49	75	52	35	1	90	30	72	13	83	66	79	75	16	70	54	2	99	21	13	42	48	35	73	86	63	91	51	48	41	75	7	91	1	75	93	24	65	100	63	35	
88	52	93	16	13	80	50	71	10	46	2	76	98	51	20	65	57	21	52	93	51	86	16	7	47	83	36	38	57	56	1	13	7	51	43	35	50	32	33	7	28	32	7	22	52	61	44	50	36	41	57	67	80	62	77	72	58	87	7	15	10	75	1	60	41	3	16	93	22	38	80	3	11	12	13	100	69	17	36	28	65	92	7	89	11	37	32	32	34	94	66	56	59	84	2	47	64	6	23	68	12	25	74	78	89	32	88	91	86	56	53	30	89	49	37	6	56	86	96	42	92	24	47	82	9	95	32	23	57	64	19	65	20	6	96	56	22	3	63	34	37	30	63	58	8	69	81	15	88	38	6	32	38	50	9	30	2	7	42	17	84	76	14	1	75	17	2	82	22	3	38	41	70	65	5	65	60	14	12	19	74	48	97	16	66	58	51	33	3	93	19	89	62	89	93	73	87	19	57	87	
54	26	27	49	62	98	95	49	71	5	54	94	64	54	55	62	17	34	68	54	20	100	17	34	25	35	39	54	79	57	49	94	80	10	56	79	100	39	74	62	53	97	61	88	23	33	56	84	78	89	11	24	90	13	87	60	75	64	8	99	7	37	90	22	73	54	28	16	63	78	64	95	73	83	12	53	93	78	17	46	27	42	3	50	6	64	6	58	54	43	84	94	84	37	37	7	57	46	17	96	16	49	42	41	52	30	97	48	67	90	87	18	93	75	44	47	30	78	35	65	6	58	5	34	98	11	66	9	99	35	61	27	50	1	50	27	98	5	47	57	100	21	69	13	64	84	41	41	87	67	21	34	98	82	79	100	95	90	34	87	83	10	11	52	92	10	50	16	25	26	46	76	35	2	100	42	99	26	33	37	84	35	61	66	49	64	20	11	26	92	31	39	99	13	2	17	47	43	25	44	
100	83	39	60	70	97	100	80	48	17	4	61	19	38	28	39	21	93	86	1	77	5	34	12	90	30	15	24	74	57	80	81	16	73	100	99	31	38	61	46	32	46	70	23	35	38	63	92	70	66	78	96	71	55	56	51	49	27	92	63	5	31	90	10	99	81	2	89	75	33	75	55	40	80	91	59	69	95	5	71	95	36	5	56	95	28	51	3	30	53	94	63	2	37	18	47	37	61	31	8	11	10	96	94	51	47	78	63	2	19	91	6	1	67	59	71	91	86	80	14	69	54	8	26	6	68	38	20	74	44	69	49	37	47	43	3	22	94	80	24	48	24	59	67	68	24	54	73	8	86	11	36	67	47	10	8	84	68	45	56	71	18	71	55	57	58	62	24	31	99	36	34	32	57	9	1	83	65	58	20	14	6	97	13	53	38	58	18	19	2	36	1	44	18	74	89	7	48	35	91	
75	90	80	46	61	65	42	72	86	21	17	43	5	57	7	1	38	23	50	79	45	71	73	78	8	99	89	1	66	3	6	98	66	33	84	14	87	43	13	36	60	99	69	70	35	9	5	25	32	3	87	90	59	93	76	89	78	84	23	3	69	91	40	39	100	53	97	54	64	60	96	51	18	91	96	63	22	62	99	38	27	1	34	94	93	47	20	41	21	11	99	38	47	7	47	89	57	100	4	90	29	95	17	78	22	48	12	12	78	54	31	77	19	100	70	61	29	78	85	28	66	84	91	56	26	19	44	43	5	62	64	15	61	78	88	4	94	4	95	47	77	95	63	83	80	87	41	41	86	41	60	68	57	38	72	89	4	52	74	21	71	74	22	95	53	12	83	79	8	56	92	81	58	65	49	97	3	63	43	13	53	21	34	75	54	51	31	45	48	62	43	41	91	44	89	17	60	74	21	54	
39	21	25	34	3	29	13	100	63	92	6	83	51	23	27	18	13	31	80	90	74	76	4	64	55	63	85	79	24	12	86	49	69	33	39	33	93	6	61	55	34	77	42	2	97	21	87	49	5	24	60	49	86	14	13	48	67	14	58	9	87	70	67	7	40	7	95	26	34	4	56	5	67	32	62	40	32	22	17	16	54	88	45	47	58	100	51	55	18	36	55	21	64	57	37	57	92	51	43	26	13	97	41	78	62	8	51	9	99	54	52	67	2	24	26	38	29	84	10	96	70	2	23	75	95	38	18	45	20	30	19	92	77	6	66	78	86	1	71	99	13	51	27	24	94	13	32	89	96	33	82	76	21	82	29	30	84	79	61	15	29	86	59	13	22	53	94	80	18	78	61	23	88	98	70	36	51	67	61	92	85	65	19	90	50	85	45	46	57	27	21	15	17	24	28	72	76	51	90	100	
22	74	99	21	70	91	25	49	55	70	52	6	91	34	74	28	50	25	50	14	61	35	28	17	85	76	64	27	68	89	22	59	13	3	57	24	2	35	99	98	89	50	92	96	29	55	53	66	93	61	99	61	86	41	21	28	42	80	51	38	53	90	15	14	1	45	35	7	99	72	48	45	65	95	19	96	92	77	44	43	88	38	94	28	18	41	62	69	7	19	71	54	6	46	61	100	51	77	88	60	42	88	88	71	53	90	93	69	34	57	50	42	45	89	44	25	33	57	18	73	74	5	70	66	8	64	42	73	18	95	15	72	70	85	44	18	32	90	33	9	17	39	78	33	48	76	93	47	72	28	96	88	63	2	5	58	75	79	73	32	76	20	13	11	17	20	56	72	29	16	50	44	28	93	21	3	19	30	51	54	83	39	41	24	85	51	38	76	3	65	52	43	68	27	56	55	29	37	13	55	
11	61	6	40	2	39	64	66	70	58	18	100	62	99	75	71	15	19	96	99	38	20	5	45	77	48	12	37	13	5	57	28	16	20	11	40	25	6	8	28	87	11	3	66	28	12	52	49	13	63	64	100	26	91	92	72	89	46	59	75	11	99	71	53	94	53	41	8	28	79	26	26	46	87	87	99	51	41	49	21	72	18	12	16	19	20	75	99	8	29	2	39	23	17	31	4	43	88	35	44	65	44	15	43	22	76	63	26	48	73	89	33	75	32	38	81	70	31	24	52	97	98	77	12	7	25	68	27	31	56	45	89	41	22	78	52	7	82	88	35	27	41	89	66	22	80	31	26	78	46	23	57	78	98	35	33	64	13	92	46	80	44	67	22	4	88	5	86	58	99	62	28	31	60	45	50	69	51	56	42	72	89	1	95	96	29	8	47	70	19	91	5	41	45	12	26	85	90	35	22	
37	87	58	33	3	21	100	10	34	91	28	83	17	93	95	30	92	5	82	16	3	78	34	42	76	52	33	49	55	92	88	50	3	18	36	67	21	12	56	96	71	93	13	11	56	4	87	94	39	52	6	32	47	38	57	94	11	58	6	96	41	43	48	56	33	40	46	91	74	25	48	83	21	59	95	5	41	99	77	85	13	55	25	86	85	76	68	92	88	1	77	14	68	96	8	90	26	60	44	87	91	90	31	29	55	36	97	42	56	61	96	24	87	23	89	4	45	83	21	20	21	49	100	73	10	65	71	31	86	80	64	25	87	96	74	29	51	57	34	51	6	27	96	58	4	53	16	96	41	64	79	5	9	86	66	59	89	32	22	82	44	92	37	47	68	74	98	25	54	57	65	74	5	65	41	21	93	68	12	54	24	8	68	55	20	87	13	49	53	35	96	18	1	78	7	76	95	37	97	43	
84	72	5	13	71	46	22	3	16	36	55	31	82	18	38	87	56	9	37	60	61	92	66	65	15	88	34	39	40	75	10	56	99	42	28	29	65	53	19	57	21	56	43	44	100	24	39	30	75	78	53	31	76	30	59	23	13	4	45	71	5	13	93	47	93	44	93	24	18	52	88	95	62	11	43	25	60	35	27	41	18	41	92	77	100	47	16	12	16	14	87	34	12	16	11	29	13	42	65	91	22	53	96	24	53	60	49	78	3	46	59	3	30	43	19	97	41	57	67	42	47	96	70	79	67	37	5	80	73	47	52	2	50	64	84	87	35	53	59	17	64	33	21	67	58	4	29	89	83	42	73	58	31	81	28	53	33	54	12	32	38	6	81	26	66	29	34	9	66	53	48	45	98	76	57	25	12	63	36	86	13	22	72	44	21	83	5	91	2	43	28	7	56	76	39	99	69	24	14	18	
60	64	46	86	13	7	51	33	52	50	45	31	61	73	78	38	71	55	52	86	51	2	17	44	25	53	27	55	74	80	87	95	49	75	27	46	9	25	97	96	36	69	7	65	83	36	51	91	72	93	37	10	5	44	62	92	80	18	98	53	99	23	26	31	27	81	3	21	64	63	1	12	30	88	52	50	73	75	4	9	91	26	72	45	59	1	1	95	14	44	37	7	25	49	10	95	97	88	44	90	53	1	81	43	12	36	11	71	98	60	9	78	94	81	30	38	72	90	78	7	5	41	10	96	51	3	56	90	25	36	35	14	52	14	22	29	52	91	68	28	85	17	47	10	11	40	89	13	62	39	16	55	21	10	86	67	38	58	62	17	52	57	96	15	21	58	46	78	95	83	24	40	94	80	9	4	47	65	28	29	34	99	71	57	30	61	43	61	90	16	58	25	48	85	31	86	84	9	56	76	
98	28	55	11	22	41	94	45	69	15	73	96	41	41	68	42	60	38	98	21	95	5	16	14	12	91	50	96	48	84	11	99	65	20	15	100	79	24	40	57	10	69	59	80	65	62	66	13	54	50	11	49	21	43	34	90	95	51	69	79	74	64	34	28	38	10	98	40	9	73	65	4	46	53	9	39	19	61	26	7	70	96	17	86	77	15	69	28	67	89	3	51	74	42	96	17	41	88	15	31	96	81	74	88	65	96	86	20	83	87	48	67	84	25	100	14	21	72	14	43	9	66	54	8	97	54	4	25	17	58	76	44	95	31	47	36	60	57	61	91	54	56	86	21	97	59	84	96	95	46	5	78	46	68	87	3	52	5	66	67	21	60	36	63	100	18	5	36	87	10	47	20	50	64	26	66	52	35	88	49	79	71	76	51	93	14	65	30	22	23	80	27	32	29	51	40	78	44	14	41	
79	51	78	55	21	86	85	96	63	62	16	13	26	9	27	22	37	52	43	24	68	80	7	50	71	60	35	69	81	40	88	53	92	86	72	98	82	47	99	81	88	81	89	98	100	87	23	86	67	37	53	39	22	31	13	32	88	31	65	92	83	23	59	98	5	93	26	65	37	31	60	60	67	43	18	61	17	29	25	2	35	62	31	85	93	35	48	24	25	24	59	53	78	41	94	78	78	71	43	29	24	43	88	60	64	42	32	49	48	58	6	74	37	66	43	70	12	98	37	79	29	38	9	34	76	18	71	63	49	33	97	67	21	94	34	34	87	76	34	46	80	24	8	24	82	24	32	54	92	99	2	51	30	59	94	41	25	100	22	46	75	66	63	95	60	64	70	44	3	98	29	71	17	70	60	68	1	20	82	96	80	63	92	84	62	29	10	30	58	70	25	84	7	57	30	76	55	43	26	98	
39	46	26	70	65	58	57	49	68	21	38	94	29	73	32	77	11	94	10	47	66	84	66	36	71	74	58	54	25	93	34	15	22	81	11	46	94	22	80	8	30	99	45	25	46	27	24	4	57	60	27	1	78	76	35	51	88	22	69	53	48	89	8	74	30	28	76	32	25	85	39	16	10	19	31	10	21	33	67	65	1	34	60	72	9	79	61	77	49	16	47	79	89	52	51	22	62	53	22	55	53	12	65	64	62	25	3	79	58	15	93	20	2	46	90	3	40	38	70	41	4	61	58	62	81	82	78	52	72	41	18	32	61	19	13	22	71	68	51	97	58	28	71	41	29	19	92	87	2	90	74	25	40	69	98	98	57	14	69	33	87	66	78	70	100	59	63	96	75	90	78	51	50	64	63	20	62	56	46	19	88	14	81	46	12	89	51	77	88	13	16	17	89	24	74	81	24	35	86	27	
6	57	2	2	52	13	100	64	90	41	67	46	57	43	94	43	62	25	94	86	64	59	94	31	99	26	11	53	23	31	35	82	20	32	75	82	54	7	84	96	62	48	94	22	88	31	44	62	40	86	29	35	33	36	18	40	20	81	39	99	75	88	24	66	2	82	64	17	85	3	62	95	52	95	40	8	66	20	11	66	66	97	21	28	56	64	6	95	66	58	94	39	32	30	47	48	8	90	76	36	60	36	96	42	25	87	79	24	1	97	18	55	95	15	50	1	47	86	19	57	41	94	75	48	10	51	99	92	11	97	59	79	97	52	5	83	40	34	73	15	14	44	35	96	20	24	9	94	1	24	78	30	21	66	83	96	86	69	99	45	77	12	46	91	60	69	30	6	34	62	24	78	79	12	16	68	11	7	62	54	34	94	31	10	32	67	83	46	100	82	86	33	22	14	51	7	5	87	73	27	
82	16	45	45	70	77	96	100	56	37	40	63	76	34	82	70	39	46	83	38	53	59	33	76	45	24	100	55	66	94	25	26	37	80	34	83	96	96	60	69	57	12	75	11	41	71	43	28	70	29	45	18	6	53	16	34	86	65	24	1	68	50	61	3	81	94	7	14	15	15	9	83	3	7	81	80	7	59	40	38	41	56	59	75	64	79	69	5	35	41	26	26	88	97	78	12	51	93	63	97	49	11	86	32	3	79	59	36	54	98	82	22	33	79	65	28	59	64	40	47	68	47	81	80	5	14	51	18	12	70	82	81	67	45	15	19	98	52	31	71	95	86	60	9	39	58	43	59	43	26	94	93	45	3	43	8	62	40	88	83	68	43	59	21	63	56	80	77	40	32	61	44	64	54	14	97	99	81	96	16	36	43	18	72	68	40	87	57	21	17	80	34	35	83	41	4	67	64	43	86	
5	17	17	49	69	25	76	88	100	95	60	73	43	29	5	43	80	5	39	5	20	12	26	23	93	79	67	45	52	62	13	54	67	90	20	37	6	46	44	93	1	57	11	41	54	74	92	83	13	57	12	52	36	22	14	8	44	53	80	67	4	4	85	1	14	12	24	100	58	4	51	5	64	34	23	76	17	39	33	86	89	58	65	97	59	68	60	61	88	41	47	25	91	48	63	12	9	69	26	42	78	71	20	49	79	24	36	61	15	25	72	17	38	44	65	15	55	78	32	85	64	15	71	45	46	8	42	30	99	23	14	65	25	92	22	97	71	3	20	52	99	31	16	54	5	89	94	50	30	93	15	18	23	43	66	18	68	51	60	42	40	66	87	69	80	71	41	23	15	21	62	23	24	21	44	40	33	44	87	26	41	83	48	5	83	68	72	23	88	86	89	32	5	28	37	8	19	36	54	77	
18	24	35	60	22	78	73	83	87	74	60	1	67	47	32	7	22	40	33	23	10	53	91	92	70	37	8	3	74	1	32	9	77	100	74	14	39	11	73	82	75	75	79	22	76	67	21	48	69	4	4	34	100	79	72	68	55	50	93	49	20	63	64	10	51	3	2	57	24	1	7	50	79	73	54	70	39	30	55	98	20	78	48	94	1	35	59	51	19	14	86	34	86	67	2	78	99	34	48	56	3	98	83	48	58	1	54	15	21	25	43	96	49	80	17	90	53	23	95	81	93	42	66	99	85	33	97	51	100	36	9	59	78	59	3	91	69	76	13	26	27	94	94	42	6	35	9	70	14	94	41	62	88	90	14	94	5	69	54	97	77	3	29	96	55	14	2	99	66	21	90	23	69	40	56	42	65	68	54	52	15	57	76	5	92	89	54	92	76	24	6	85	88	30	38	64	66	78	34	93	
19	61	2	46	3	70	87	61	75	42	89	98	54	43	7	12	97	24	15	90	96	90	89	40	25	99	15	90	30	41	67	15	65	85	93	31	50	97	69	29	65	92	34	18	67	99	17	37	43	88	6	16	27	49	95	97	13	33	96	89	42	67	16	42	99	41	26	1	82	25	68	35	89	87	89	54	36	91	47	95	26	27	90	75	4	10	15	16	83	11	44	57	56	90	19	54	54	57	73	61	46	60	87	58	15	97	98	25	25	1	22	28	63	78	63	34	30	21	26	65	11	6	27	2	45	34	19	40	82	28	20	50	87	94	60	26	47	80	3	94	53	64	40	45	62	61	27	25	52	93	77	66	27	85	5	77	98	66	31	28	25	7	3	16	89	84	95	6	32	45	83	72	5	52	36	63	45	67	87	57	73	23	64	16	7	74	11	95	45	81	32	15	97	28	48	63	31	99	83	62	
4	5	10	46	5	81	31	15	37	70	28	28	46	16	90	51	58	12	40	85	98	61	47	95	53	2	47	76	100	84	77	14	89	21	48	23	38	100	55	13	29	41	92	52	1	42	49	9	99	79	39	15	87	59	52	6	21	76	70	46	11	86	31	83	25	74	60	69	38	73	23	23	93	79	47	27	6	26	63	81	38	17	52	86	43	88	92	24	91	53	96	40	53	87	91	31	52	50	89	96	59	9	48	6	93	18	82	72	43	22	63	41	89	37	15	54	88	71	3	65	46	42	18	6	21	51	13	30	23	70	27	44	1	91	72	27	77	47	54	4	44	67	94	36	33	37	15	27	43	40	16	81	8	91	4	53	66	15	34	63	68	98	32	63	95	39	2	21	67	34	19	91	86	91	81	99	7	21	62	66	77	11	17	14	1	45	81	22	5	30	47	83	95	47	3	21	54	77	94	54	
69	59	82	78	25	73	18	7	89	56	26	88	12	42	60	41	71	69	95	44	16	2	63	95	70	80	64	5	42	62	35	71	8	27	4	88	11	5	97	54	94	14	58	86	85	80	95	69	8	47	58	9	71	86	96	31	13	86	45	50	98	4	50	27	29	53	15	41	14	51	34	39	61	53	65	42	23	100	7	77	46	3	11	81	81	42	53	29	36	76	22	50	30	18	6	77	67	42	33	24	3	78	67	74	20	55	22	17	96	28	41	51	48	69	18	61	79	58	18	68	4	86	8	43	33	95	98	7	91	100	68	96	62	43	64	17	78	81	94	33	33	98	64	78	49	50	70	72	18	27	93	10	87	14	92	96	100	84	36	43	22	37	63	9	52	14	16	78	1	68	11	100	73	3	22	56	67	59	37	64	86	48	4	73	88	72	87	60	96	88	59	58	41	98	14	5	77	78	88	68	
77	98	84	12	4	95	25	72	6	14	41	10	75	49	54	30	19	10	37	26	72	48	16	41	42	89	78	11	24	36	13	80	97	13	17	78	57	43	9	74	86	91	91	71	65	68	38	89	28	47	95	9	16	92	66	56	23	71	94	12	45	94	81	62	78	43	2	21	36	55	47	9	86	12	97	13	23	16	80	1	16	22	23	73	42	58	37	28	14	98	92	69	89	93	1	19	2	45	75	87	30	94	84	37	2	95	33	38	49	63	89	48	88	3	81	10	76	39	30	72	41	14	62	58	64	83	89	92	70	56	50	77	86	36	14	33	53	91	8	46	14	42	34	45	27	27	28	78	70	11	55	8	25	7	68	63	15	66	18	80	63	72	68	76	17	30	2	1	35	68	21	41	73	12	97	87	20	98	7	99	82	18	53	30	50	98	11	59	44	68	42	55	8	14	96	28	29	29	54	13	
55	30	7	91	50	8	92	95	33	51	20	3	35	75	49	13	91	53	11	53	72	17	3	91	86	16	100	11	96	51	77	79	98	49	61	50	61	32	96	4	33	96	37	61	32	46	25	24	76	6	88	17	45	76	86	64	63	16	90	88	82	68	28	78	88	77	25	67	39	36	8	31	35	77	87	23	44	99	59	95	82	89	7	27	94	7	14	4	89	11	100	61	49	75	67	100	24	89	32	23	43	81	25	66	46	15	79	44	80	78	37	69	3	81	9	21	65	50	94	97	1	98	95	37	2	35	24	51	26	94	32	21	36	29	12	95	25	87	47	93	2	23	3	87	59	34	31	5	81	21	24	47	28	63	48	84	73	47	2	84	24	7	48	85	6	54	6	12	47	65	57	91	45	84	54	28	30	62	83	31	9	34	13	26	7	33	81	3	65	25	68	57	99	77	32	85	5	35	95	25	
71	48	94	62	28	84	6	91	67	15	63	79	32	22	65	11	100	68	98	29	49	29	44	32	72	81	15	89	82	14	74	90	1	11	7	94	58	100	95	92	33	66	84	5	38	29	8	89	78	75	4	67	83	73	82	64	36	23	85	56	77	69	29	1	50	8	57	5	60	82	45	76	95	58	58	76	4	94	7	13	92	13	19	91	65	48	55	74	23	100	59	8	37	44	59	70	26	44	38	89	19	30	100	43	90	50	65	65	17	63	15	18	81	9	15	44	33	5	44	21	72	90	86	17	84	72	21	33	18	72	5	17	87	62	58	44	27	96	15	53	11	23	54	83	39	42	34	87	49	25	67	87	99	33	61	17	43	93	80	6	28	98	92	15	27	57	41	64	66	91	93	31	48	91	91	55	7	97	46	11	19	62	93	30	17	20	53	10	55	42	44	65	66	91	44	11	34	20	40	23	
47	37	92	9	7	27	37	71	28	43	89	33	8	17	93	90	69	31	69	76	93	99	21	32	12	76	96	90	1	87	16	47	53	84	15	81	41	41	33	7	89	57	37	42	91	2	96	31	36	84	48	53	38	42	96	78	36	58	73	64	46	46	99	99	65	85	59	11	48	73	46	53	63	75	61	47	50	56	47	65	67	6	77	64	37	71	71	67	12	4	69	28	6	47	71	61	38	25	81	4	97	38	14	70	3	1	28	15	90	34	54	61	10	21	44	13	5	48	24	59	71	15	70	72	6	50	19	26	69	49	66	84	5	27	3	27	50	87	5	19	75	57	70	11	96	73	57	14	83	94	64	25	64	67	48	85	6	41	82	81	97	25	9	35	26	67	44	99	63	29	3	80	89	45	61	80	2	44	10	75	77	25	87	8	22	47	6	62	87	42	57	69	42	44	80	70	28	25	42	88	
73	87	10	59	86	88	83	16	25	53	21	60	51	65	95	27	98	57	28	71	73	6	5	13	57	51	92	67	23	51	45	4	42	28	30	89	62	94	85	13	17	1	48	75	83	3	18	62	91	89	1	28	57	92	81	69	17	76	28	28	87	73	1	13	39	35	22	26	38	27	50	85	19	54	37	43	68	13	43	95	70	27	2	48	66	9	64	47	77	83	92	12	56	30	91	29	29	33	70	45	41	72	21	12	40	47	59	55	53	30	88	79	76	65	33	5	44	78	7	63	82	46	94	74	36	38	84	29	10	56	22	91	32	51	46	48	2	38	66	86	45	91	17	35	51	96	40	34	28	85	92	87	46	21	87	20	9	56	9	6	70	7	3	99	76	47	45	11	74	43	44	29	89	46	2	68	36	50	13	64	61	16	88	76	79	9	5	18	45	83	90	31	34	98	57	76	49	83	43	1	
22	8	70	44	58	90	79	71	88	65	78	18	89	69	88	84	76	10	54	97	73	33	41	96	17	34	66	12	40	50	17	77	55	8	75	13	65	98	11	63	34	10	17	14	70	50	19	26	59	47	89	23	71	26	44	43	16	36	27	77	18	22	49	31	30	46	94	2	46	37	41	70	54	49	96	96	1	98	69	25	73	26	11	43	44	87	11	73	57	15	73	3	86	78	86	78	84	57	31	83	57	90	72	98	38	86	64	78	23	21	71	58	39	50	5	48	78	9	44	23	30	98	18	3	59	26	68	49	31	66	8	95	100	28	51	36	57	98	43	34	22	96	73	4	41	82	16	8	16	45	66	42	24	82	72	90	43	94	49	19	59	44	62	5	84	17	86	11	89	9	68	10	19	2	16	49	14	5	4	13	91	39	98	88	42	67	43	13	46	99	42	3	18	14	34	2	29	10	41	78	
1	10	8	70	80	78	71	6	18	6	44	30	75	40	77	57	9	23	79	82	87	59	61	40	12	94	29	26	5	79	80	51	73	68	81	57	73	93	86	3	100	56	36	86	12	7	60	66	66	95	30	60	91	94	36	10	18	92	91	39	13	44	57	17	72	63	45	43	50	88	26	75	68	53	20	93	65	8	19	74	20	17	24	22	39	13	58	13	62	71	10	50	96	35	80	85	10	18	24	21	67	78	14	37	70	19	40	32	95	26	3	18	30	94	44	24	7	44	44	44	26	60	52	74	82	21	5	48	22	4	31	90	73	18	12	6	9	30	29	15	60	85	12	97	62	95	48	33	67	76	97	72	16	87	68	38	12	65	14	70	94	46	29	86	1	14	9	30	8	33	83	10	22	13	41	13	86	88	80	14	56	85	84	70	63	42	67	80	83	53	74	10	3	20	31	77	99	1	23	84	
2	62	62	36	3	62	96	7	88	59	26	79	14	45	23	52	54	1	79	34	90	36	81	35	6	16	40	1	40	68	66	36	71	24	56	34	1	57	32	40	3	19	92	4	77	89	80	67	84	37	100	42	54	8	79	18	85	94	39	33	50	27	55	92	74	60	52	51	93	51	91	53	33	13	87	52	99	15	46	85	63	87	63	35	38	29	91	93	50	52	10	55	42	65	14	28	96	73	52	20	42	7	43	79	41	57	47	85	81	65	65	68	72	97	21	59	63	23	44	26	70	49	42	13	55	61	83	69	71	75	35	96	27	71	16	8	11	40	78	3	58	27	12	84	12	88	63	60	70	12	92	45	52	15	43	85	85	95	47	94	45	39	28	74	74	48	18	56	59	89	45	63	26	66	18	88	7	82	16	86	15	52	74	82	79	21	91	29	33	2	97	18	2	73	31	67	52	66	50	89	
58	55	49	93	91	50	9	97	18	48	57	80	38	44	10	37	61	67	5	53	57	90	56	47	81	54	45	37	86	27	63	63	60	31	16	78	64	16	57	81	46	45	100	89	18	27	16	51	84	49	17	37	3	32	71	54	77	33	4	90	25	56	48	32	21	34	78	78	82	96	62	55	62	43	28	76	64	80	63	16	79	14	21	81	90	13	54	46	36	52	35	84	92	6	69	66	70	74	97	21	47	5	9	29	4	41	68	64	93	11	46	4	41	1	72	71	82	30	26	70	72	91	100	50	100	68	79	32	51	58	74	43	4	78	55	59	64	80	14	64	25	45	66	52	73	57	69	97	45	54	8	64	85	88	22	34	15	99	36	64	9	93	8	12	99	53	43	93	29	9	17	90	16	40	96	4	17	64	26	11	75	94	2	80	18	2	38	85	64	46	3	53	10	18	55	51	21	3	43	16	
73	5	81	96	76	36	70	25	82	28	40	71	27	8	82	60	39	48	97	10	48	77	17	72	35	11	14	41	49	74	77	66	47	96	77	60	29	94	64	20	4	3	34	18	48	94	64	17	50	58	42	97	66	30	19	89	15	5	85	80	94	35	46	69	63	51	5	95	62	29	84	36	69	40	22	88	24	67	38	74	22	44	68	37	1	8	79	53	90	65	66	34	24	58	54	84	2	5	98	49	96	41	66	38	61	94	47	15	42	6	42	86	14	98	90	15	46	98	60	49	91	15	87	48	61	1	67	27	8	99	64	88	94	80	2	80	85	24	99	61	27	98	5	41	29	24	27	2	17	25	52	80	28	14	57	23	27	70	16	59	12	62	87	16	94	65	97	56	10	12	96	6	32	27	82	49	15	23	100	6	91	16	76	18	5	32	90	35	25	97	42	31	48	86	72	94	100	86	54	63	
20	82	30	1	46	26	68	80	71	100	81	52	42	52	43	97	14	9	97	29	62	13	72	7	28	36	68	20	100	86	75	83	78	17	95	27	21	99	26	52	77	14	41	61	40	29	84	62	26	8	96	46	5	80	2	75	77	95	98	87	3	72	36	4	37	9	22	83	66	69	41	66	61	42	99	42	29	100	73	88	37	58	27	58	52	37	45	58	4	97	18	84	47	5	8	91	23	70	77	100	70	10	54	9	58	75	81	71	66	27	18	8	62	95	86	70	94	18	52	42	100	87	97	20	88	89	30	41	43	88	25	10	42	64	68	69	79	57	62	39	43	60	46	56	67	25	99	90	61	80	81	91	71	74	53	47	94	30	100	95	52	51	47	74	77	100	70	56	54	3	44	45	51	14	47	10	70	54	6	99	53	22	42	9	49	96	39	82	33	32	2	87	55	96	24	56	5	3	21	73	
82	61	3	74	18	41	86	32	3	72	28	91	7	67	40	47	56	65	26	24	20	2	3	23	86	69	56	29	78	2	18	79	89	65	18	34	90	52	78	74	98	91	54	77	65	16	98	97	17	8	22	95	38	30	30	35	3	84	91	5	13	15	59	38	53	43	84	58	89	12	75	58	94	71	30	89	82	43	4	68	68	76	5	11	88	27	40	61	72	12	92	10	82	34	26	56	75	66	12	73	79	96	8	34	62	48	80	45	99	2	6	43	58	37	17	72	74	3	74	13	50	48	20	27	98	26	34	54	100	65	44	98	68	91	61	64	10	21	11	35	11	50	42	34	10	62	42	7	93	78	53	77	79	37	86	24	2	12	18	20	48	89	64	14	86	64	16	92	17	51	37	86	75	84	41	54	39	14	58	15	67	78	17	2	44	88	4	31	30	6	100	63	70	2	44	58	53	13	43	93	
20	42	80	5	82	67	25	31	65	36	45	85	43	57	35	95	88	56	66	57	85	74	1	22	97	1	99	23	53	11	55	36	90	20	93	47	50	89	8	36	48	76	58	92	99	73	44	31	99	65	48	100	17	47	2	36	48	23	71	17	6	21	79	53	45	60	13	14	61	97	90	73	12	30	66	28	36	7	67	14	87	64	25	56	65	2	13	20	100	74	86	2	9	98	6	26	95	8	7	10	67	51	97	76	81	10	5	46	85	45	21	33	64	2	84	6	36	59	82	55	100	61	88	98	21	76	100	40	18	42	51	67	31	21	32	19	38	41	54	64	21	60	23	48	84	5	45	33	91	21	97	33	2	28	15	12	10	84	8	83	22	4	57	3	50	84	57	91	69	90	100	69	86	86	67	40	73	15	43	65	22	18	11	41	76	100	43	37	40	1	48	63	14	52	83	99	67	48	43	59	
79	48	3	89	81	72	97	81	51	33	42	74	82	62	45	63	96	20	83	62	58	75	45	98	60	100	41	46	97	25	51	29	38	22	96	49	9	30	57	97	3	65	31	56	18	27	19	77	70	27	100	55	18	58	77	98	92	52	30	76	89	84	3	17	75	80	78	47	22	37	1	33	81	96	33	93	60	66	3	19	84	82	61	4	22	42	96	100	42	29	61	2	95	11	68	19	38	64	25	65	37	3	54	18	82	51	14	8	33	34	51	95	83	35	72	50	38	26	21	61	68	1	89	26	76	31	78	57	72	77	36	6	100	20	82	17	76	2	42	49	29	79	95	99	89	8	81	19	32	40	1	31	100	21	13	49	49	62	69	79	92	80	77	38	82	89	40	28	85	27	63	87	13	53	86	89	43	89	38	83	95	32	60	48	58	81	59	10	47	4	59	4	53	77	65	17	41	22	24	41	
83	95	61	48	51	72	53	10	64	94	3	66	2	19	27	91	14	37	22	51	21	2	45	33	73	13	89	48	78	86	54	35	61	3	13	31	64	42	30	21	54	34	34	8	90	95	74	85	68	50	56	13	9	1	65	49	85	67	43	8	89	47	21	69	60	55	91	56	11	67	55	94	51	92	44	82	90	58	13	96	21	79	81	2	98	18	70	18	81	44	37	42	32	66	38	44	18	42	68	71	5	56	4	71	78	99	51	42	97	19	13	98	89	24	21	19	84	68	5	83	79	67	30	34	100	78	40	31	92	14	87	59	12	83	67	83	73	87	25	47	32	8	97	82	6	84	76	11	47	34	89	86	82	96	40	41	72	67	44	93	24	91	49	4	42	60	99	78	99	40	66	98	70	65	49	55	13	30	21	38	54	42	94	1	53	89	98	23	46	36	16	4	44	38	26	93	2	79	34	64	
44	65	74	46	19	53	100	22	78	4	33	65	55	11	78	25	27	19	20	43	85	4	75	7	66	61	21	46	96	53	2	13	88	57	60	48	7	31	78	38	36	11	51	49	7	29	88	59	78	80	32	87	78	18	9	62	33	90	59	25	23	95	52	42	55	42	43	37	26	21	64	48	68	95	87	81	86	32	98	85	8	42	77	24	92	78	41	37	61	14	16	22	23	9	20	43	45	73	27	31	80	90	25	63	52	92	18	30	51	40	30	7	92	51	33	26	29	49	48	69	32	27	41	54	40	57	31	18	8	94	55	12	48	7	12	39	42	55	28	91	25	10	95	40	12	91	38	40	30	46	53	30	7	53	7	76	47	17	75	81	42	20	68	1	42	23	79	91	12	63	13	63	85	29	23	74	94	79	78	51	16	14	30	58	69	96	14	31	16	63	76	1	92	91	3	1	63	10	63	57	
7	53	76	2	60	95	97	80	61	51	88	25	74	88	19	14	51	66	15	18	39	92	73	30	23	26	66	52	96	53	87	19	5	54	21	56	1	22	94	50	5	23	27	35	80	73	43	83	68	47	96	42	42	37	18	71	8	63	95	62	43	95	19	16	9	71	65	79	14	93	69	38	95	83	29	35	100	24	71	40	34	67	89	64	17	82	51	61	52	20	66	54	57	99	74	5	20	18	31	86	73	25	17	49	72	11	12	99	100	82	23	91	70	26	18	69	10	31	22	71	51	8	43	100	18	72	92	8	35	91	29	81	56	84	35	48	19	47	91	63	54	43	19	93	76	60	54	94	12	52	92	67	17	56	53	14	49	4	92	8	29	37	15	44	28	56	46	74	17	81	78	80	44	51	17	25	73	38	4	84	49	7	9	10	59	97	42	49	80	57	30	78	28	39	38	99	11	47	36	6	
68	79	51	75	76	6	65	58	47	48	11	39	40	61	30	2	47	37	63	89	79	62	82	29	41	24	11	65	13	61	46	78	48	30	67	9	55	80	74	81	13	31	83	44	67	45	37	92	38	39	77	90	48	8	17	68	39	6	8	23	13	71	67	54	49	61	96	84	70	15	65	86	75	21	82	49	15	100	7	46	44	71	88	67	83	56	100	16	22	29	86	32	64	35	44	62	30	95	56	80	47	36	58	33	41	97	70	23	36	28	70	100	56	94	72	49	56	66	4	75	58	99	88	65	42	77	14	94	91	82	36	2	12	44	17	29	85	92	36	99	62	39	48	40	93	64	52	40	56	25	21	31	71	37	31	28	63	74	88	19	23	73	15	57	63	46	50	54	35	96	41	70	53	87	86	69	91	79	87	40	85	63	41	71	25	59	5	80	91	81	20	90	11	95	37	75	63	81	66	79	
80	57	56	2	94	82	19	47	60	35	30	71	45	69	32	35	91	60	76	49	65	71	44	5	13	14	67	50	75	62	19	43	68	19	90	27	58	45	43	69	19	19	25	80	41	97	89	11	61	86	52	78	70	42	32	6	61	91	84	58	43	60	63	85	34	27	96	1	55	42	29	38	49	6	43	46	31	48	92	60	84	45	43	58	71	43	67	10	11	85	39	54	19	61	69	64	19	15	45	64	52	35	76	97	18	59	82	14	9	20	27	68	50	32	5	66	22	8	31	35	74	64	25	44	51	36	87	55	29	36	43	60	32	18	60	14	64	79	37	28	62	58	44	18	47	10	96	64	100	99	86	39	67	42	54	83	11	54	53	97	28	51	16	38	13	91	29	98	79	78	95	96	100	79	16	49	35	69	11	9	40	24	69	19	71	49	16	36	7	99	6	97	89	83	44	89	27	6	83	52	
36	15	34	96	79	34	68	85	47	58	69	88	27	62	45	32	22	59	92	22	69	14	13	24	4	1	95	98	33	15	34	78	74	25	14	31	73	12	33	94	36	52	15	50	25	37	47	60	9	98	62	72	98	95	97	94	12	5	36	54	20	19	60	86	38	34	89	12	86	44	43	49	4	3	20	14	17	62	16	39	23	91	65	21	20	67	85	15	91	53	18	52	65	27	49	15	92	72	89	25	2	14	44	67	32	79	81	65	59	50	44	96	77	21	17	84	91	95	90	96	43	88	10	98	67	6	59	12	81	2	60	69	68	26	75	44	93	94	28	11	100	47	19	62	2	33	21	80	8	95	85	33	31	2	57	78	95	39	100	12	64	5	57	38	77	44	90	8	61	66	99	5	99	49	83	89	85	28	26	50	34	33	71	97	100	77	99	30	91	54	89	45	92	100	83	97	16	86	37	47	
95	31	14	51	1	81	73	95	11	36	4	58	55	26	33	92	100	42	21	43	29	14	15	44	79	41	41	56	78	17	60	72	72	76	21	94	62	84	59	32	24	53	41	23	13	87	69	98	45	74	10	32	41	78	52	59	26	36	23	36	68	68	4	78	48	44	36	23	19	12	47	60	37	40	38	100	84	28	17	55	66	91	24	16	68	94	6	49	56	73	81	82	20	50	37	61	77	70	41	87	50	52	95	21	61	97	67	25	78	87	1	62	86	36	87	5	32	100	73	27	4	94	42	68	31	100	12	48	56	12	32	68	21	86	46	65	63	82	18	56	2	20	52	3	4	65	37	63	30	82	29	90	68	13	38	23	13	90	99	9	1	76	12	96	90	63	10	55	6	66	72	84	34	62	49	33	86	38	94	41	89	65	4	3	21	37	71	84	20	46	46	88	36	14	11	67	97	81	97	65	
81	9	11	92	84	100	11	97	31	8	12	25	57	85	17	73	75	78	1	95	6	81	72	93	8	70	34	82	56	29	81	11	53	70	57	58	14	37	79	99	55	24	38	53	55	51	60	36	29	55	66	67	34	67	65	50	17	36	62	17	89	80	80	62	47	2	57	87	29	45	59	29	7	73	29	100	22	52	53	11	23	70	51	68	89	7	73	26	40	6	70	79	6	1	47	78	6	85	22	96	64	14	31	94	19	52	45	92	59	94	91	43	36	29	62	27	51	28	18	71	78	80	64	91	21	20	83	7	84	44	18	26	86	49	6	56	67	96	89	100	11	96	84	82	65	41	61	39	28	28	90	40	59	94	66	74	96	15	28	69	79	61	19	32	54	89	40	87	35	15	82	5	93	28	6	39	68	91	43	4	57	93	71	59	64	85	83	24	22	52	26	49	39	57	63	75	100	25	52	49	
71	66	38	4	66	16	47	77	78	25	51	22	2	1	76	36	90	70	97	79	40	32	41	31	48	43	74	31	28	4	73	25	82	32	1	94	7	90	75	18	80	40	64	29	67	59	78	86	56	2	44	65	27	73	79	93	71	78	86	36	72	51	89	22	48	64	36	48	77	55	26	57	50	82	9	6	14	33	63	39	20	44	9	16	20	93	74	7	38	86	44	46	96	50	43	88	66	44	78	74	84	22	47	34	13	5	15	22	3	60	72	64	14	12	58	3	46	51	12	16	55	2	68	61	32	82	67	12	35	17	60	75	46	6	42	83	96	67	72	70	96	27	94	22	16	62	94	46	7	47	76	22	57	54	21	30	72	77	99	51	28	29	72	16	58	71	3	91	56	99	29	48	71	69	67	7	87	7	48	39	36	34	68	10	17	43	19	67	3	47	16	84	51	91	91	66	15	91	27	37	
39	65	96	78	55	40	30	40	68	29	92	73	84	4	17	22	73	86	61	45	51	68	41	70	85	37	84	79	80	83	34	22	67	80	70	23	49	84	80	91	15	67	98	79	47	40	27	23	89	75	82	94	11	36	32	26	82	97	13	27	59	23	98	9	67	72	12	65	8	1	53	84	28	11	53	56	47	68	36	58	33	52	15	87	25	45	91	57	88	21	43	66	56	27	3	4	78	18	52	29	87	29	36	34	22	83	19	97	91	26	27	17	33	95	44	27	48	36	6	8	59	80	69	64	19	17	83	39	48	29	14	44	65	56	83	43	65	82	99	75	95	26	19	22	17	56	90	87	81	82	29	20	43	52	12	91	74	45	45	91	30	48	64	26	89	20	54	35	21	91	8	72	57	24	6	20	81	86	93	100	36	62	19	92	42	16	18	76	94	49	19	20	45	61	45	29	29	67	82	36	
83	66	20	92	34	82	27	45	74	16	45	25	14	54	12	44	8	67	46	83	42	13	41	53	67	37	3	94	71	83	98	33	48	39	91	79	76	7	87	32	20	89	17	75	50	86	34	19	54	30	84	5	37	59	70	73	95	8	100	77	8	73	33	25	82	49	84	24	51	90	36	9	45	94	48	28	6	100	10	88	72	1	22	98	63	84	46	32	14	86	48	10	22	98	22	94	86	32	7	51	35	52	60	87	71	40	98	71	69	47	77	78	53	25	27	50	2	57	9	11	64	85	79	10	38	76	73	42	19	85	64	93	63	67	96	65	39	41	85	6	89	39	78	85	54	50	35	37	99	9	47	31	90	1	51	34	100	32	34	37	9	92	72	19	99	68	78	71	93	38	75	4	85	64	65	31	18	81	21	30	73	56	84	43	90	44	59	57	20	3	54	16	30	66	49	56	48	100	31	95	
85	67	9	13	2	97	23	27	91	80	36	96	3	35	58	67	23	84	74	78	95	78	12	89	6	57	66	26	26	7	71	73	40	49	15	55	32	18	43	62	24	82	22	5	87	97	4	53	57	39	8	87	18	86	48	35	81	84	76	55	42	19	20	81	58	1	54	33	37	69	91	86	80	58	54	95	12	82	88	42	86	25	89	19	80	45	97	59	55	68	14	67	3	5	94	4	1	90	82	57	53	91	57	76	68	34	52	3	76	80	47	81	91	87	96	87	38	98	30	40	80	24	57	21	41	2	87	55	47	92	79	94	82	96	67	82	41	16	24	19	81	53	75	98	74	61	35	38	56	39	44	22	47	49	16	44	26	77	45	6	11	75	62	75	86	89	35	78	15	37	11	74	51	11	67	70	76	1	9	53	5	73	93	34	67	93	87	92	63	68	87	41	95	16	40	35	86	19	29	14	
53	74	40	82	64	29	61	54	36	62	49	37	2	24	58	49	68	46	18	80	85	42	4	84	86	33	74	89	64	44	1	96	95	63	39	89	83	19	85	33	25	63	83	22	40	5	90	81	7	90	18	15	77	32	93	40	40	44	64	48	48	23	32	33	11	61	48	90	41	50	24	53	29	64	87	51	80	17	85	70	51	70	68	83	68	22	97	60	69	42	34	68	63	47	80	95	71	33	88	34	59	68	61	34	51	73	31	20	13	3	54	94	8	47	15	5	66	43	29	78	14	99	62	11	54	42	25	28	91	36	37	28	18	89	72	99	85	24	20	76	50	20	8	26	55	81	32	100	34	61	35	42	51	42	71	99	54	82	72	98	96	59	7	92	38	74	78	97	10	44	39	52	88	48	8	40	34	7	82	18	64	44	33	24	37	6	86	16	89	79	32	62	16	10	67	62	94	21	2	6	
12	31	34	2	25	66	82	16	64	62	100	83	93	72	81	86	51	41	67	80	23	87	72	24	44	42	68	94	3	87	25	47	28	10	49	31	35	66	52	94	63	42	75	63	3	90	5	16	69	37	44	11	73	44	28	2	89	48	20	91	26	78	57	4	14	12	10	41	33	36	88	15	19	71	87	58	36	73	5	32	37	77	97	36	53	25	94	43	52	74	53	91	34	57	24	47	99	9	35	51	17	28	91	46	97	15	71	52	26	94	4	33	46	93	53	19	86	34	15	3	64	61	39	35	64	49	47	91	63	99	28	11	56	100	70	75	6	19	76	32	27	60	39	83	81	21	88	63	56	57	22	38	34	62	80	8	95	3	26	11	55	46	75	56	34	61	40	14	68	61	79	49	75	95	6	22	11	77	91	69	73	54	78	21	83	83	87	22	28	27	70	7	67	50	14	58	17	79	55	52	
12	32	64	13	43	12	9	26	74	27	51	70	89	58	67	100	71	34	51	70	63	78	47	25	10	60	84	88	17	77	3	33	48	2	70	44	81	30	48	30	77	36	41	1	27	84	89	70	67	41	22	12	57	60	69	8	66	27	94	10	89	60	63	59	1	20	72	63	1	18	35	79	24	21	73	54	48	65	82	79	40	74	100	29	20	82	74	10	86	29	82	74	37	100	48	77	13	17	27	6	64	85	54	80	58	14	95	99	27	53	44	33	14	2	11	75	45	22	60	58	25	27	43	11	21	29	32	25	54	62	62	100	2	11	96	95	89	81	50	27	64	8	21	24	11	24	60	49	48	49	6	28	20	29	46	84	88	27	98	52	33	57	41	1	88	6	33	92	90	52	55	81	42	37	98	100	96	42	46	79	39	95	27	29	91	68	67	42	92	37	93	11	60	80	78	19	21	45	70	62	
1	37	45	78	7	6	23	39	26	93	83	71	54	48	89	43	4	35	58	8	21	7	34	5	3	22	91	37	14	76	18	1	73	2	52	6	90	35	100	5	19	4	74	91	17	9	68	64	8	12	76	98	14	62	14	66	79	2	92	55	91	47	34	81	8	69	9	3	72	13	28	60	58	99	39	71	10	87	21	29	75	43	46	75	51	90	84	92	35	67	88	21	30	21	24	95	51	39	41	27	33	17	56	24	28	44	86	31	94	64	67	98	42	23	23	57	91	96	85	27	45	98	60	50	60	79	8	10	43	39	58	47	20	96	27	26	39	53	20	60	8	61	33	71	39	56	43	11	62	74	78	91	90	60	71	58	47	22	61	21	60	17	86	70	18	71	39	53	55	9	66	93	78	1	43	69	76	42	1	87	67	10	66	34	42	54	53	78	9	54	94	43	20	4	40	11	92	84	23	44	
91	53	60	61	83	31	15	92	44	67	63	67	17	73	45	61	75	99	85	75	17	7	4	38	20	38	39	70	28	75	87	41	49	62	21	51	22	8	80	99	2	14	15	18	48	61	25	6	47	19	68	5	2	49	55	16	10	27	72	93	97	63	47	40	33	100	15	61	92	21	24	84	94	13	57	15	33	13	37	3	57	66	64	12	73	13	76	66	72	50	62	64	63	69	59	63	27	78	89	96	21	47	86	8	71	35	60	16	94	40	94	64	34	3	54	70	17	73	12	12	66	5	46	42	23	95	97	95	19	48	44	19	52	84	94	19	78	75	8	39	21	33	68	33	60	60	71	41	40	88	76	94	51	15	8	94	30	83	72	56	58	96	87	30	82	55	58	98	90	31	39	22	48	19	98	86	52	83	9	73	100	98	69	84	57	71	7	3	95	10	61	84	29	9	76	90	33	98	78	27	
4	93	23	45	38	25	48	14	48	7	52	48	86	22	86	8	10	10	72	9	25	78	84	29	97	9	70	42	40	91	91	16	43	75	47	33	61	26	55	23	75	55	62	39	73	5	75	46	46	4	79	59	58	3	4	35	76	21	49	52	37	1	14	8	44	25	59	17	3	43	37	22	11	69	50	70	31	65	99	34	40	5	33	4	40	77	56	45	62	15	64	16	58	13	67	83	24	33	66	58	67	10	21	24	41	96	9	54	42	45	36	78	45	87	83	11	35	4	97	84	52	41	56	34	48	99	82	40	93	40	18	62	3	82	22	22	85	98	26	83	24	71	33	53	56	99	74	64	25	67	34	50	66	30	73	33	43	7	62	11	28	55	70	32	49	25	82	35	23	90	15	35	9	22	73	36	44	30	12	19	83	83	39	52	100	77	86	1	38	46	91	38	29	53	7	81	66	45	49	77	
76	34	98	86	66	6	11	86	46	68	27	57	83	12	2	11	3	37	17	42	7	14	33	76	15	10	8	69	63	49	54	86	95	16	94	69	84	56	65	71	98	73	80	50	92	26	8	92	85	9	18	37	29	44	42	19	96	97	97	31	68	41	25	100	26	12	94	54	52	3	81	49	6	14	47	56	18	32	93	54	3	3	89	37	55	81	90	43	29	32	3	6	8	64	68	80	94	48	22	4	58	11	97	82	29	20	39	5	6	62	33	49	27	59	39	96	51	41	62	12	73	29	67	10	84	89	6	12	76	93	47	2	4	65	16	17	54	74	55	81	11	39	60	56	54	15	94	90	30	86	43	35	40	83	12	26	49	32	85	25	22	39	9	71	61	90	18	87	25	61	37	62	13	78	41	31	60	81	4	25	50	66	71	22	10	40	11	63	28	86	69	55	79	60	66	56	22	13	14	85	
9	22	37	89	86	6	45	47	36	44	43	85	52	59	64	20	19	65	19	51	12	74	38	58	34	77	26	86	75	21	67	94	72	53	84	24	73	83	6	59	80	99	27	67	26	4	76	50	75	74	82	79	52	45	50	84	92	81	13	81	67	89	38	53	60	14	45	51	69	95	80	58	93	74	33	84	71	30	34	47	17	96	92	41	74	22	12	40	49	34	41	16	69	84	24	87	13	76	80	53	4	40	59	24	19	24	58	89	35	61	37	50	27	34	42	73	96	82	95	88	57	24	25	62	5	8	84	91	60	64	10	33	65	41	62	56	50	61	81	21	24	56	60	99	15	23	26	82	19	25	19	41	100	56	10	97	77	91	84	85	82	42	25	61	32	84	12	88	86	97	57	59	84	47	4	80	60	89	2	31	43	9	9	56	52	19	19	58	43	26	97	60	25	49	14	30	53	97	48	5	
84	2	39	5	65	61	14	18	30	62	22	67	99	36	66	41	39	5	80	95	13	15	84	5	32	6	83	71	36	14	81	13	8	96	16	60	57	52	79	66	61	64	39	90	63	69	63	19	62	29	43	70	63	28	91	95	81	73	39	19	20	17	66	51	34	81	16	85	93	97	25	42	18	23	88	91	57	73	17	43	71	79	54	47	79	41	98	74	96	97	21	95	81	41	54	41	32	93	31	16	29	89	84	32	92	9	43	94	9	27	15	70	28	31	34	57	40	16	48	63	69	27	99	42	45	81	76	38	54	52	96	21	37	61	94	90	35	35	32	88	60	43	71	74	94	26	72	73	80	39	13	83	80	92	11	99	87	14	37	66	77	28	67	89	39	17	63	85	79	73	38	89	18	39	97	14	30	78	92	79	48	28	22	88	60	13	2	47	83	69	37	82	88	33	56	38	64	50	22	88	
8	6	7	30	6	52	87	30	85	14	68	21	77	56	17	8	24	26	40	7	19	13	34	29	96	3	66	66	48	89	26	11	65	96	80	4	24	47	77	58	25	73	32	17	15	32	35	80	30	23	80	89	64	26	70	32	50	47	65	70	15	74	13	6	38	50	54	1	49	7	53	12	18	82	47	61	43	98	12	33	56	26	86	69	55	26	49	54	9	35	14	59	15	41	73	41	89	47	26	96	89	13	96	54	87	94	59	50	70	25	27	72	78	5	87	14	34	8	33	60	97	2	90	7	33	19	11	40	94	40	64	80	63	39	46	87	37	38	100	63	49	11	41	64	90	82	73	60	12	81	29	48	99	74	97	46	72	80	82	57	30	23	36	71	57	78	5	87	100	73	51	93	73	13	52	84	49	31	43	52	51	42	59	48	35	92	58	54	2	47	37	78	43	56	89	52	58	10	95	54	
71	14	83	81	100	87	19	30	12	64	25	45	85	53	76	9	34	5	21	70	4	31	92	69	85	27	98	70	69	2	41	73	88	36	93	62	2	79	7	5	7	28	98	16	20	56	48	39	92	22	30	80	79	32	64	60	57	10	94	31	6	63	53	7	56	56	54	20	18	48	20	39	11	41	81	26	9	31	2	8	99	57	28	85	95	63	10	57	78	12	56	57	88	87	8	86	96	72	78	41	83	62	95	92	2	1	43	30	14	52	43	18	70	81	49	83	28	16	67	70	45	17	61	93	91	32	47	30	12	56	100	8	30	28	7	81	99	56	34	56	48	62	40	25	30	19	80	12	66	28	94	20	91	81	63	16	41	19	74	91	89	92	93	100	47	6	24	25	60	9	90	9	9	68	5	30	19	28	85	97	40	53	84	35	40	96	56	27	40	3	82	3	96	100	48	57	1	89	54	100	
68	22	82	17	55	40	51	32	46	20	48	91	7	6	1	30	44	35	63	2	60	27	36	53	90	46	17	18	66	7	45	32	30	88	32	46	42	91	34	79	50	71	81	86	98	69	88	96	11	8	89	32	33	99	99	67	58	84	1	15	99	55	37	51	51	45	69	92	98	13	57	41	16	28	58	62	81	26	95	18	38	60	50	35	48	79	70	71	75	55	78	45	38	67	86	41	33	28	46	64	42	39	46	99	90	24	26	93	94	93	40	27	11	21	25	94	85	45	76	12	54	25	80	78	21	40	34	46	52	25	99	95	82	28	47	82	9	39	61	57	49	74	88	67	86	25	39	81	28	20	58	25	11	1	90	94	46	50	14	98	69	99	47	65	60	13	59	88	22	1	54	35	90	89	28	31	16	13	48	80	93	77	96	88	49	73	6	92	77	28	51	75	28	75	86	84	20	34	92	31	
13	14	67	83	60	70	31	3	84	45	49	23	45	87	94	83	69	30	51	74	26	38	89	40	30	99	21	26	59	97	69	22	68	12	52	11	23	4	9	67	98	52	72	88	68	56	49	100	7	94	72	77	16	71	75	94	86	81	71	1	27	10	32	93	56	57	83	84	24	27	82	2	34	61	53	73	40	10	56	4	71	14	84	39	99	4	94	96	63	38	33	98	6	21	11	60	82	96	23	79	73	16	5	2	74	78	94	15	41	77	16	93	55	24	67	64	92	66	97	92	8	52	81	53	97	1	89	53	92	21	86	85	29	90	76	29	47	44	35	22	6	78	76	34	43	19	13	29	94	58	39	96	40	48	66	14	53	32	83	37	56	26	94	89	5	68	79	41	99	80	49	28	94	16	87	91	89	62	46	30	58	29	5	43	83	32	31	54	100	9	72	72	49	97	50	88	71	22	38	7	
7	74	49	77	91	12	19	49	58	76	28	75	89	54	39	20	53	18	98	19	74	82	90	66	30	32	39	58	61	2	46	54	50	56	91	84	97	14	64	66	24	49	86	69	98	15	10	16	1	21	81	60	89	52	64	62	76	99	25	50	18	61	64	68	76	40	93	84	12	25	55	89	88	93	2	2	77	41	74	13	31	94	75	15	24	99	94	84	37	41	96	45	32	34	36	68	76	88	57	5	58	55	78	51	25	30	93	18	62	66	81	10	8	47	87	25	87	42	72	45	64	80	91	77	33	31	86	30	67	31	39	33	90	40	22	20	31	22	42	38	28	91	94	50	35	41	83	48	20	25	96	13	30	18	8	16	97	98	4	85	19	96	84	70	79	68	58	60	14	97	63	5	36	61	85	89	30	28	39	51	90	95	78	38	69	13	98	72	54	60	7	74	61	25	56	41	14	18	1	66	
35	61	82	63	79	31	56	37	92	44	95	70	34	71	34	15	40	23	54	82	80	64	87	82	95	90	59	76	10	99	51	99	65	23	43	33	69	75	60	49	73	21	28	30	92	86	78	15	77	43	71	48	22	18	59	21	88	75	79	75	33	30	30	33	16	62	80	65	86	45	86	11	40	59	1	13	75	73	77	11	25	40	95	8	53	63	92	84	20	89	39	58	38	98	67	57	21	63	78	9	31	21	46	30	40	21	45	23	88	27	8	87	25	28	99	64	46	24	16	52	85	28	71	79	2	100	82	7	17	71	67	31	68	59	57	43	90	47	51	34	20	90	51	66	40	100	80	99	91	11	40	30	85	52	60	21	67	73	8	30	57	18	91	82	91	7	83	70	63	60	65	59	80	96	32	15	82	69	71	17	74	52	41	75	33	89	51	32	9	43	56	19	15	50	8	41	54	15	14	15	
36	96	49	70	83	36	13	84	70	40	84	22	39	21	76	11	36	3	21	99	53	67	79	100	36	43	94	17	21	95	79	55	59	94	58	22	35	18	44	31	19	65	20	50	29	12	71	54	96	42	52	13	72	36	36	50	61	60	3	79	26	28	17	94	12	67	43	36	43	90	94	63	52	7	98	40	83	84	56	69	13	100	39	72	86	81	97	85	35	71	43	18	50	82	47	38	82	2	98	86	81	10	68	59	69	66	3	43	90	85	91	14	7	63	33	67	21	82	87	15	88	14	74	37	28	21	96	53	56	37	42	2	13	94	54	52	1	49	42	62	29	60	15	30	83	56	92	74	81	1	48	18	52	82	22	96	28	25	94	71	81	13	47	18	69	41	66	35	37	29	88	21	97	90	9	53	73	57	26	37	94	54	22	95	43	26	35	68	49	73	35	38	34	23	92	53	52	10	56	31	
58	23	79	14	87	73	41	69	76	40	42	85	45	82	22	76	91	37	11	97	56	97	95	26	13	90	41	98	4	53	85	93	79	79	10	18	90	14	41	25	21	29	49	79	74	22	28	94	18	91	59	12	23	2	40	82	81	94	36	78	89	33	79	89	68	32	11	57	67	88	74	80	11	25	81	42	5	7	98	7	50	2	100	20	84	81	61	10	73	1	37	42	9	79	10	72	29	5	35	66	28	86	87	94	98	83	43	66	14	5	4	92	68	48	61	48	87	72	68	43	22	57	53	86	15	13	40	7	53	31	54	57	38	66	21	12	51	16	71	80	46	71	8	73	12	10	11	97	63	90	66	8	60	22	84	64	1	56	93	67	37	77	1	9	55	90	51	85	34	6	62	49	19	55	93	61	47	42	87	99	33	72	66	61	60	49	82	55	24	5	61	77	89	61	25	40	81	98	82	18	
51	64	34	92	55	43	37	14	3	27	100	75	65	69	92	84	20	52	54	7	41	40	18	58	24	57	32	61	56	42	42	20	39	58	56	42	55	7	82	30	15	99	11	4	92	53	34	76	18	4	39	43	21	24	70	41	99	82	71	80	37	85	79	80	17	56	11	4	98	37	58	81	85	99	56	44	40	50	50	15	100	50	29	71	46	66	5	52	81	54	45	42	30	100	8	89	30	58	33	59	53	67	3	41	98	96	8	18	94	77	53	96	63	84	17	85	20	90	38	85	34	23	47	24	12	49	41	76	14	28	83	78	23	74	30	91	34	44	99	8	84	58	94	33	26	97	99	46	16	94	14	16	21	96	64	27	91	90	42	97	73	72	88	30	35	86	88	62	2	71	23	57	42	85	88	52	44	51	22	65	82	33	52	66	100	90	50	99	57	52	6	78	86	69	95	36	20	37	68	99	
27	93	51	51	21	75	49	58	1	54	93	60	1	14	37	13	35	66	65	4	39	23	38	61	98	60	63	56	62	41	93	21	72	36	81	38	90	47	100	53	83	86	17	20	25	75	59	94	98	76	97	2	60	4	6	25	35	76	97	9	98	12	62	50	82	15	22	11	56	76	80	79	87	97	22	53	98	29	99	2	12	63	25	45	4	68	96	40	73	76	91	62	2	95	84	4	84	75	64	89	33	38	52	25	57	86	62	68	5	98	66	100	15	73	43	6	9	43	12	85	15	27	94	2	10	49	72	47	49	63	11	95	13	96	72	74	100	26	54	95	88	47	30	43	49	77	87	72	41	46	53	97	67	28	1	91	45	91	91	12	54	44	9	36	84	15	6	7	36	31	67	84	73	82	72	68	23	98	8	63	3	3	68	79	86	21	55	27	87	27	59	77	80	30	47	25	1	30	44	45	
48	5	52	45	23	76	25	97	66	15	46	20	89	14	7	38	95	56	10	64	62	90	35	43	61	68	93	12	72	39	40	42	48	98	68	2	62	1	2	89	90	11	3	64	84	80	18	96	12	2	32	83	10	74	80	10	52	91	86	17	30	53	86	31	41	3	32	84	23	45	64	91	56	1	2	6	63	11	8	38	62	46	96	84	43	28	48	57	18	69	65	86	7	90	68	52	79	79	13	32	54	58	5	100	14	69	40	51	69	66	15	84	66	47	93	41	56	94	65	95	99	70	30	12	84	62	67	17	4	74	54	39	90	15	77	45	32	77	82	3	27	22	83	7	32	91	14	80	19	50	32	98	73	25	56	90	91	57	86	16	8	70	24	96	86	79	26	71	19	51	99	33	25	43	58	58	62	16	45	87	13	66	32	91	46	49	24	92	44	40	15	6	97	24	46	56	100	84	11	86	
26	76	89	32	51	49	95	88	71	80	62	33	4	78	13	61	92	65	23	20	22	22	14	85	20	37	74	19	10	86	91	99	86	95	58	73	97	81	80	85	51	50	92	42	16	12	56	10	13	57	76	17	87	84	74	43	70	52	87	71	95	26	47	78	91	75	21	100	38	10	1	13	23	9	87	10	9	44	70	29	3	28	54	6	17	35	31	48	67	27	78	33	42	34	45	74	61	73	92	22	12	62	66	22	69	99	88	60	54	31	34	36	18	2	80	82	9	49	14	47	36	16	100	18	8	69	44	75	92	88	53	100	99	28	99	45	34	45	72	26	98	61	72	62	85	84	37	82	74	14	83	4	8	94	93	42	91	86	60	24	93	21	32	68	11	97	45	69	72	49	92	66	4	1	77	35	15	60	74	100	49	22	24	54	56	45	67	47	59	36	60	44	67	25	35	73	84	56	3	13	
51	66	2	17	27	48	81	20	57	49	99	83	57	21	32	50	86	53	97	45	48	60	45	93	61	76	97	38	5	16	26	85	72	82	2	49	61	100	19	34	5	7	86	35	58	32	72	28	66	11	67	71	56	80	77	13	85	74	98	43	77	41	26	73	63	63	16	1	58	57	14	43	48	87	49	23	65	51	7	32	3	43	11	72	83	16	61	31	79	94	83	49	17	87	56	21	15	32	46	82	32	17	67	46	33	45	83	42	97	28	63	43	80	84	6	81	6	19	70	94	64	59	95	20	83	79	93	81	8	19	97	12	9	69	51	91	37	6	98	11	52	21	56	11	25	85	66	57	91	98	37	85	30	71	67	97	12	16	24	82	4	57	17	13	15	34	19	19	18	39	31	41	68	69	15	23	8	23	15	61	88	49	85	77	22	59	70	84	15	86	15	72	87	16	85	81	66	17	84	26	
44	100	71	3	79	45	95	3	100	37	61	69	92	88	91	49	27	40	73	71	3	93	68	9	50	15	3	89	95	51	93	60	73	42	76	81	1	97	82	53	23	16	52	58	9	75	92	77	44	84	18	77	78	49	15	78	25	91	4	63	94	44	84	78	38	54	28	73	96	9	89	99	16	100	94	78	29	90	1	100	82	74	68	23	25	93	50	14	23	12	25	75	84	83	71	71	29	76	80	44	38	52	21	75	87	77	68	40	77	25	68	22	63	24	28	97	70	59	94	45	9	12	52	48	22	92	24	42	29	23	28	64	1	79	28	30	9	11	96	55	33	60	58	28	22	82	77	30	89	69	56	19	57	81	37	73	54	8	93	4	48	53	95	49	94	73	45	18	96	91	45	22	43	6	1	40	25	49	72	95	28	11	73	8	24	6	38	58	53	69	9	28	50	39	33	29	91	68	12	24	
75	74	69	5	9	34	12	81	11	2	7	82	56	97	29	64	30	15	95	18	82	10	27	77	53	90	75	86	26	30	24	20	33	37	2	88	95	43	8	22	52	5	45	93	29	24	64	60	17	82	100	3	44	20	10	78	94	45	84	30	68	58	31	94	80	93	62	5	4	71	52	62	55	56	79	100	10	96	59	44	13	76	79	96	24	50	13	63	68	18	80	52	76	10	18	74	86	20	44	92	6	57	60	66	66	12	43	66	3	7	98	37	72	7	98	25	7	44	46	39	93	62	51	89	4	80	91	20	37	73	51	5	76	61	29	48	92	75	59	46	57	17	96	55	39	42	28	23	92	99	26	96	18	13	77	72	44	70	21	57	53	13	67	94	29	85	47	93	24	75	43	29	78	87	14	49	55	6	36	39	38	11	29	1	97	45	2	51	61	92	47	93	19	44	15	77	35	7	70	91	
61	11	95	6	57	97	71	67	25	16	36	32	93	10	85	27	76	26	20	31	74	89	55	4	22	10	5	8	98	81	70	33	16	52	93	53	17	16	52	41	82	45	75	1	100	9	9	5	41	70	86	44	78	61	64	45	88	24	68	83	10	45	18	61	7	89	22	52	51	19	23	18	55	66	6	11	92	31	1	82	22	10	27	23	80	44	60	87	73	78	7	35	14	11	71	22	59	13	67	37	81	96	36	63	78	46	59	87	29	3	32	63	68	48	92	9	3	62	29	28	8	87	47	64	57	77	49	68	15	15	16	57	12	19	72	64	72	62	7	75	41	86	87	70	9	25	67	36	93	47	94	84	91	47	1	88	9	24	32	17	95	67	43	62	96	87	44	30	69	60	63	12	16	36	76	82	58	91	63	34	9	65	23	12	90	36	42	55	61	15	83	80	32	73	65	83	18	92	28	83	
6	18	15	46	37	36	52	30	10	29	42	28	19	53	49	91	9	98	45	19	37	48	77	18	77	78	14	64	34	17	34	50	6	28	19	24	33	3	100	53	42	61	99	87	71	50	33	10	72	81	2	59	77	89	87	92	35	28	52	47	15	9	21	67	8	10	53	99	23	64	24	37	15	77	98	66	68	39	70	100	50	13	29	3	89	53	26	87	27	70	31	1	1	52	55	95	13	11	22	47	26	15	63	95	70	91	21	69	96	16	63	9	76	85	15	35	99	5	86	74	12	16	74	14	3	38	4	1	44	57	38	38	96	32	16	26	19	75	92	56	1	70	30	32	71	61	89	71	100	65	89	70	82	18	9	30	36	96	68	13	49	94	62	62	46	58	62	65	47	28	24	74	65	100	51	13	59	62	22	86	61	80	100	32	46	68	71	34	23	53	19	44	61	96	63	63	96	50	36	60	
100	38	50	71	96	13	91	15	70	63	64	19	40	72	5	29	19	37	12	21	86	29	73	77	55	32	23	68	24	96	19	6	71	87	74	36	14	12	52	34	11	94	87	44	19	11	84	58	17	61	63	63	64	27	60	4	85	77	27	27	67	98	8	7	81	39	51	82	71	66	79	74	7	77	56	35	14	97	87	24	52	27	87	77	60	74	19	82	16	29	54	90	75	92	57	53	22	17	4	68	66	21	100	60	100	60	63	80	55	89	95	52	17	6	27	26	76	84	1	74	99	94	77	86	50	82	42	42	28	63	13	77	90	54	58	89	99	86	38	34	88	18	82	49	61	32	39	57	47	60	5	79	91	69	55	35	84	86	11	15	94	29	96	46	97	43	43	55	56	4	80	10	25	100	26	57	80	45	88	43	77	19	77	3	29	93	41	99	59	44	70	72	66	92	36	92	28	81	54	63	
48	94	61	96	20	24	71	8	34	42	12	17	65	1	13	96	43	35	96	38	47	47	77	35	32	85	95	75	23	89	2	32	63	60	11	64	64	58	54	81	10	54	82	45	88	9	97	42	14	47	60	81	75	97	76	33	12	57	86	4	36	84	6	35	79	36	12	40	76	44	78	56	9	38	69	26	40	93	72	50	84	30	93	16	9	14	77	56	80	15	65	30	17	10	58	12	53	20	88	74	29	58	18	64	59	69	56	71	14	84	39	14	30	54	57	67	47	17	14	48	53	65	100	64	84	89	60	23	56	46	91	44	63	89	71	20	68	89	74	61	6	71	55	25	90	84	17	78	6	13	68	68	7	41	90	86	15	79	97	34	73	85	87	58	43	100	77	26	55	5	51	84	5	50	39	58	22	34	68	15	37	67	53	72	11	63	90	11	24	49	79	64	48	53	72	64	57	56	50	26	
2	65	26	90	75	96	95	74	85	99	94	14	9	87	93	63	37	58	76	26	25	1	16	47	84	89	4	21	31	23	72	76	43	95	82	91	30	54	85	62	32	65	11	62	25	7	21	88	55	55	73	95	16	8	49	93	98	48	68	33	30	50	58	27	93	59	95	85	98	92	80	76	81	52	1	56	47	73	85	93	89	92	22	61	38	74	5	94	55	20	26	72	2	50	62	83	94	56	5	98	34	46	5	70	63	30	80	41	2	95	2	16	2	6	41	44	45	86	9	18	43	97	70	16	57	40	99	79	46	50	29	90	10	40	3	54	78	35	78	40	33	39	58	82	18	12	63	5	24	59	79	58	83	66	51	88	6	26	45	19	45	47	44	62	43	77	30	61	47	66	18	20	6	43	75	1	1	60	56	11	21	78	70	32	43	36	65	14	23	64	94	10	40	93	38	14	68	33	55	19	
51	7	89	42	78	82	46	49	4	35	29	25	53	25	9	26	21	18	87	47	12	23	57	61	46	52	63	37	74	82	53	35	39	43	49	56	58	66	14	93	3	61	73	32	84	56	47	44	23	52	99	88	52	30	66	92	42	25	66	50	55	8	41	90	2	25	27	8	98	57	29	52	27	69	54	93	44	9	16	96	99	100	78	16	60	27	8	84	56	97	55	13	82	16	24	79	80	72	86	25	9	78	36	44	96	6	77	23	99	6	21	78	1	12	64	99	11	11	30	56	93	56	56	92	91	28	78	91	74	54	98	8	55	87	91	35	71	78	97	14	92	53	98	35	87	88	85	87	25	88	41	60	70	35	85	62	7	71	69	19	18	93	30	65	55	26	61	39	47	15	63	84	6	25	16	41	62	61	94	11	14	20	72	49	100	32	59	74	42	100	67	74	96	21	1	89	51	50	50	47	
24	71	70	68	21	65	21	5	81	36	93	65	38	1	23	51	99	30	10	5	50	39	20	57	93	67	58	91	25	77	5	58	94	14	73	32	44	22	70	14	44	64	70	15	3	98	67	58	16	75	17	44	70	7	12	19	76	66	95	21	26	79	73	5	43	54	63	85	70	77	74	50	88	24	57	48	72	11	76	19	95	88	69	34	38	80	7	5	87	95	84	83	22	25	31	8	18	29	58	54	66	95	87	3	75	34	40	15	66	32	67	1	35	47	66	63	74	89	8	59	29	10	54	17	69	85	99	12	17	35	79	61	6	35	56	21	93	15	10	68	90	55	90	23	25	86	79	100	60	22	99	14	63	37	34	2	36	19	72	18	96	24	69	47	56	55	47	47	6	97	85	85	68	93	67	92	50	2	33	73	94	40	70	78	89	9	54	76	69	40	40	50	26	82	72	79	77	76	60	92	
15	78	24	57	25	29	88	8	28	90	53	66	38	96	61	49	66	3	18	45	71	34	80	2	17	30	53	65	40	63	15	68	6	31	81	17	8	34	90	68	74	100	76	48	8	49	72	80	50	78	82	32	100	52	43	52	90	93	53	51	73	6	12	66	82	22	24	47	52	88	57	74	59	4	7	37	10	16	76	81	6	93	89	20	38	65	16	23	4	86	61	66	3	26	99	56	78	16	99	57	53	83	10	98	90	62	32	21	21	45	34	68	68	65	91	29	43	9	33	89	9	12	3	51	90	27	40	63	81	96	78	66	66	15	99	91	38	37	44	61	52	9	31	90	61	97	73	73	9	1	80	97	60	29	6	71	31	51	49	39	91	75	60	28	4	5	66	15	97	34	35	4	70	90	50	82	10	6	71	39	51	13	12	60	44	5	61	85	1	100	50	48	96	93	45	38	57	88	72	7	
93	28	74	52	75	50	74	66	70	80	19	58	42	7	84	20	41	3	8	92	23	65	1	83	92	31	11	64	57	93	76	16	95	75	26	97	4	16	84	53	48	65	80	99	1	58	19	100	67	64	12	21	48	1	98	72	75	95	27	79	2	30	95	17	82	19	15	87	41	50	54	88	63	39	99	33	22	83	33	8	16	72	94	65	34	31	37	41	64	83	37	79	38	46	36	92	61	50	62	65	48	24	47	29	78	24	61	62	90	83	19	11	21	57	93	3	44	68	83	45	17	96	44	37	100	63	66	13	78	41	95	99	72	82	29	8	75	11	39	79	55	66	39	15	37	57	38	51	90	54	49	63	65	88	62	23	67	99	92	31	45	43	63	24	80	51	18	63	85	35	84	86	9	11	48	35	70	78	74	98	71	1	35	5	20	68	95	36	7	83	65	48	87	25	21	35	93	31	75	40	
7	49	59	13	35	82	25	35	7	90	30	95	55	17	9	65	56	29	100	63	44	78	70	34	88	10	6	29	4	36	70	24	64	11	69	22	62	43	80	32	57	74	75	14	40	61	55	43	5	33	40	27	61	1	57	13	46	23	44	37	8	51	10	89	61	28	92	38	17	65	100	14	73	81	73	64	52	28	81	87	9	100	86	68	94	73	17	20	54	80	79	75	41	76	34	81	23	44	28	74	45	40	20	71	51	78	44	23	23	72	91	100	41	91	31	80	29	10	10	63	90	6	45	86	69	87	98	63	80	70	96	5	84	5	48	72	4	74	52	49	81	93	22	35	62	59	89	93	9	35	28	5	59	21	49	57	84	33	66	41	22	29	12	74	10	84	20	84	85	4	86	61	1	67	93	32	48	67	2	15	47	83	17	78	53	75	76	57	20	62	90	8	88	31	35	59	59	87	8	51	
28	94	65	74	19	94	23	92	58	62	94	22	63	75	16	6	93	26	24	71	43	87	12	100	16	55	27	7	86	72	81	65	35	38	11	66	28	5	89	42	98	34	63	80	72	39	54	90	34	85	77	25	87	26	60	71	22	28	97	28	84	38	18	44	95	97	95	88	5	95	62	60	15	11	78	84	44	8	49	23	88	14	46	37	77	6	65	7	84	79	4	16	70	35	32	58	88	28	31	5	98	94	50	17	50	79	64	24	69	5	86	73	73	45	48	89	89	19	22	26	16	32	51	75	86	13	70	85	44	53	100	99	34	93	71	57	85	51	88	75	42	78	48	9	13	84	18	73	9	90	94	36	80	97	19	42	73	25	4	68	43	78	16	65	25	5	6	6	68	70	9	1	5	4	73	41	32	5	83	79	4	52	15	29	100	12	89	92	11	86	70	73	51	99	4	48	78	6	22	61	
51	24	5	62	98	53	35	23	2	75	77	69	73	4	76	67	58	13	45	43	45	57	53	98	19	10	78	79	85	9	77	76	96	100	2	91	54	28	80	11	38	87	56	53	15	69	42	92	50	35	100	24	82	61	39	83	50	97	82	90	8	30	29	24	10	89	63	28	30	93	94	100	80	94	56	41	95	79	33	33	59	31	22	86	27	96	84	83	25	24	55	70	65	2	57	65	98	93	60	65	76	80	64	70	64	12	54	21	40	52	91	3	12	84	91	45	46	2	13	66	40	27	14	84	86	53	65	29	51	87	79	49	62	28	69	24	64	11	48	95	37	1	19	22	78	47	39	13	68	89	16	61	96	90	55	85	82	43	1	69	6	87	36	100	100	50	43	25	93	90	11	67	4	76	44	53	24	96	21	47	47	40	35	93	9	61	1	21	25	55	88	45	45	58	60	26	48	3	15	9	
12	20	60	88	36	37	21	77	61	88	8	3	31	50	72	28	36	50	8	87	98	58	80	51	35	74	90	14	74	63	25	7	98	19	55	97	78	5	61	50	13	75	28	90	78	25	54	11	11	41	74	90	57	33	15	46	61	67	3	51	41	96	41	8	39	89	69	87	70	64	95	80	60	66	85	46	3	72	4	50	19	18	85	70	30	43	30	35	24	81	13	54	5	100	9	49	70	21	45	41	57	9	26	60	63	16	14	44	56	36	81	22	97	54	91	61	2	16	41	18	96	82	47	41	67	86	49	23	17	86	16	83	49	6	67	6	65	67	8	6	98	43	98	73	41	4	97	52	5	28	87	85	32	9	93	88	72	58	77	15	1	14	76	51	26	39	75	16	67	50	48	93	73	44	31	28	20	82	45	17	25	12	83	39	71	14	98	77	39	5	76	96	52	90	73	1	64	6	66	10	
75	14	63	96	60	100	53	32	16	99	66	53	59	19	3	59	37	45	1	70	83	56	32	60	84	12	67	71	40	22	93	19	71	23	55	86	73	35	13	3	98	66	38	90	82	100	48	81	79	8	38	37	16	48	58	83	84	45	87	63	90	84	100	75	70	2	66	1	29	96	22	100	27	63	57	30	100	1	50	66	29	75	40	77	94	39	24	27	82	66	2	2	65	42	1	97	36	3	50	21	25	4	66	68	20	68	97	40	42	63	99	56	87	28	55	80	68	49	13	88	4	49	10	54	40	89	55	74	25	69	49	89	33	39	7	20	31	70	40	22	100	69	86	36	31	80	14	84	30	31	91	89	15	53	61	52	68	58	35	23	40	49	82	13	57	58	1	41	92	82	35	32	41	53	28	6	81	35	55	26	49	80	35	60	84	4	87	36	47	89	48	21	32	55	19	92	98	12	100	43	
94	4	63	35	30	52	4	57	89	22	89	12	10	61	40	87	10	75	97	20	54	15	23	99	57	27	82	20	8	15	65	67	41	25	97	11	76	71	85	49	98	8	100	26	29	74	40	51	45	75	68	97	1	59	16	70	40	94	73	93	17	16	19	26	17	17	92	53	59	26	9	58	42	71	43	83	17	100	6	78	2	21	48	69	7	2	36	61	95	72	27	99	60	99	83	3	51	19	69	93	12	47	52	1	62	11	99	33	65	45	7	67	20	30	7	2	36	14	86	7	17	15	70	39	73	43	13	94	73	91	35	85	86	68	87	81	18	76	34	11	96	76	52	44	60	60	30	49	19	16	89	30	82	73	47	44	23	62	15	8	25	55	58	59	80	22	1	62	50	10	70	48	32	24	20	81	3	92	77	20	70	21	77	91	75	66	72	32	59	25	52	65	83	51	93	29	99	28	46	18	
13	83	100	18	98	8	19	71	32	38	62	62	23	74	44	91	15	49	51	76	38	4	45	54	92	65	82	100	19	92	56	9	86	75	91	85	22	14	29	65	82	9	82	76	70	66	51	99	51	61	2	23	7	68	47	3	28	76	18	33	58	8	49	6	49	19	32	60	27	81	71	22	58	80	39	55	79	37	45	40	73	78	34	93	31	65	88	52	47	70	72	21	14	26	65	63	67	30	51	68	63	65	35	20	56	7	81	44	68	67	21	59	98	62	97	44	50	5	88	82	64	23	54	14	15	89	30	79	38	79	69	28	38	91	7	86	81	1	7	77	42	42	83	30	81	89	78	31	28	13	62	28	69	57	42	51	98	16	60	23	49	6	91	62	45	34	60	61	2	6	78	67	5	96	82	35	92	21	47	51	33	66	39	23	94	7	13	34	27	39	74	43	6	22	3	70	94	44	33	90	
36	95	96	14	80	13	96	22	71	9	46	94	47	1	33	58	6	7	77	11	96	40	63	100	64	10	79	70	10	41	39	84	4	12	69	5	73	63	84	23	4	34	59	46	1	74	57	62	3	42	70	15	66	62	69	24	88	30	14	14	47	90	91	19	6	18	2	21	92	92	34	12	97	74	47	71	29	50	13	20	37	11	12	10	22	60	85	23	18	20	39	13	12	33	58	43	61	51	56	12	36	28	88	82	46	62	96	87	54	87	62	37	7	83	46	10	13	4	80	16	26	100	6	58	43	38	21	78	4	87	11	26	94	43	48	93	21	9	82	91	46	1	9	12	4	2	92	43	85	48	46	39	71	26	87	22	8	45	74	15	72	36	63	22	88	68	56	94	33	71	74	2	83	21	45	55	77	47	18	63	54	2	79	56	17	56	25	11	52	7	43	10	34	96	72	86	58	28	37	8	
42	38	53	62	82	61	93	11	92	44	92	21	6	34	48	24	48	100	75	57	47	47	81	35	14	3	5	38	98	35	27	79	97	19	28	12	79	83	28	44	46	92	27	78	2	2	44	28	85	78	89	53	45	32	37	39	100	7	69	29	96	42	32	72	65	11	37	36	52	19	17	48	44	81	63	93	31	55	67	67	56	30	48	13	83	81	25	52	91	2	45	42	19	37	20	13	92	54	42	54	86	29	49	96	19	54	16	26	52	57	66	64	99	31	11	75	64	13	14	86	11	6	99	15	65	83	38	51	84	40	9	50	41	4	39	100	30	53	18	69	79	87	73	19	25	31	79	52	97	80	30	51	17	37	99	65	63	87	100	61	95	39	34	86	43	15	11	11	73	39	98	15	79	47	17	26	20	51	63	40	48	13	96	90	56	46	2	34	46	66	45	10	50	5	64	40	20	28	70	46	
30	46	70	1	12	37	22	28	27	25	36	33	55	11	69	72	22	6	95	24	94	33	95	47	9	56	62	84	29	72	66	40	99	42	42	13	41	86	99	63	40	83	18	37	96	44	2	95	100	31	24	21	9	51	35	96	65	81	91	2	45	18	37	98	37	39	29	5	34	3	88	96	46	72	10	82	60	31	71	30	79	71	61	95	73	14	67	11	67	86	42	48	74	84	14	53	85	83	72	24	13	34	79	80	88	34	36	41	15	73	77	86	82	9	19	77	61	91	56	15	75	91	53	67	22	95	54	16	49	85	40	34	89	57	36	36	73	5	64	73	39	67	100	83	50	43	48	51	40	93	58	90	74	94	33	82	3	13	49	88	28	38	9	61	77	37	21	14	94	51	71	47	4	47	25	49	70	33	54	48	54	41	47	22	75	86	32	88	22	58	30	44	44	18	6	17	74	78	66	31	
14	100	84	57	52	75	6	62	67	53	15	1	79	7	73	58	99	9	36	4	57	97	51	36	93	9	77	74	27	85	63	74	31	95	30	65	97	87	32	63	76	10	33	16	76	90	24	33	5	15	74	40	89	42	57	48	66	40	35	91	60	68	4	63	13	93	35	39	8	16	68	80	21	12	7	49	33	10	33	84	94	46	22	50	77	87	24	56	66	6	59	35	48	35	6	21	65	39	89	8	22	99	71	63	14	94	43	83	57	23	11	48	18	34	62	25	16	39	85	52	94	16	22	78	18	32	42	14	7	63	24	33	65	93	34	62	56	73	44	54	95	10	98	83	66	9	28	42	53	77	29	95	52	54	72	33	3	66	22	49	11	11	65	80	19	67	78	20	40	13	1	83	52	40	12	80	21	66	2	13	41	84	49	67	7	50	98	55	50	56	10	89	97	98	63	79	91	43	88	51	
30	41	92	74	26	39	18	27	32	14	77	76	97	50	61	69	63	19	97	87	15	47	82	44	56	15	24	95	3	23	60	46	5	12	46	12	46	74	28	88	59	56	15	22	5	74	79	24	83	93	49	10	78	62	4	68	59	85	76	69	69	64	61	32	63	47	12	76	27	9	65	39	97	33	68	67	68	100	22	7	57	28	99	21	3	19	33	30	24	67	4	73	97	61	97	34	19	41	1	68	72	71	76	92	81	31	18	48	76	64	17	4	53	13	93	87	88	98	84	74	2	76	42	17	11	60	94	30	9	41	69	71	4	71	68	19	84	93	33	78	27	66	69	39	71	9	22	59	84	96	5	78	41	22	66	52	68	32	24	85	73	29	23	100	77	53	70	72	70	12	35	17	15	35	83	35	77	39	79	96	47	49	77	11	97	66	93	48	84	64	49	21	21	6	17	82	6	97	87	93	
86	19	74	99	41	83	18	42	1	75	38	69	17	23	81	22	47	75	59	37	41	71	26	4	32	3	64	84	100	61	64	1	96	54	4	67	21	2	58	74	26	92	44	56	84	15	2	20	18	7	15	15	33	48	83	56	59	38	29	5	48	16	25	96	29	5	75	27	86	81	82	79	76	78	13	5	48	79	80	90	57	19	4	23	96	35	28	28	78	21	84	86	16	66	13	75	90	24	95	55	44	57	51	84	46	10	72	5	5	16	14	73	30	26	30	8	76	88	70	82	80	18	9	2	41	48	1	58	10	71	19	97	3	59	10	92	43	34	24	21	29	34	84	52	22	56	88	48	35	88	43	38	75	95	61	66	79	91	54	77	8	1	12	32	3	72	32	49	78	60	5	78	29	93	39	60	91	23	56	90	22	67	11	25	29	65	21	79	50	66	72	12	70	50	36	55	43	7	6	64	
50	71	63	6	70	25	5	14	27	56	30	55	30	6	17	88	58	9	68	84	95	29	33	77	35	96	55	63	26	29	32	35	74	28	100	100	17	72	58	57	64	31	17	97	66	22	52	76	3	58	98	38	44	46	35	71	77	13	60	91	15	93	9	61	93	9	92	12	12	37	1	2	62	87	66	97	83	96	4	64	86	53	31	6	54	86	92	67	17	29	20	63	66	49	53	54	50	85	96	20	21	30	93	62	12	32	68	83	92	7	1	88	50	7	17	22	79	42	63	79	18	5	49	44	76	58	53	69	59	25	71	100	21	64	17	42	90	67	37	83	91	42	57	100	10	52	60	35	40	49	83	69	33	43	60	100	86	46	56	22	24	97	90	46	29	11	43	100	89	44	20	53	100	9	71	84	75	94	17	56	75	7	97	29	7	23	1	57	51	95	48	76	51	31	88	43	47	86	85	20	
32	60	76	31	2	44	25	87	59	15	3	9	90	96	8	81	4	83	96	52	72	31	66	12	100	13	55	70	13	46	20	80	3	99	79	95	41	45	53	63	68	83	70	74	6	14	45	28	32	36	32	46	3	64	4	70	12	76	26	25	40	98	6	48	29	21	15	76	40	99	94	30	94	29	54	73	59	81	5	88	44	73	5	39	33	70	35	10	39	63	73	91	58	64	38	51	85	51	29	87	83	61	14	29	89	67	40	68	89	74	45	72	98	33	20	47	9	67	42	21	2	32	96	88	100	81	89	96	97	59	49	77	37	85	43	16	44	93	6	83	68	54	71	77	40	19	13	92	96	73	32	13	89	26	49	90	21	49	45	59	6	45	36	68	93	63	36	32	9	5	68	75	12	61	14	4	66	7	56	46	86	50	66	65	23	32	61	37	32	12	12	76	83	92	9	1	42	78	78	31	
64	36	63	38	73	14	99	63	19	40	89	78	6	86	59	37	33	15	23	84	23	36	51	11	53	31	49	14	18	36	53	94	3	56	71	23	91	84	88	98	27	3	79	77	30	41	7	30	8	72	39	86	63	3	39	14	24	23	52	94	86	2	67	73	67	48	23	98	45	6	97	17	48	5	11	9	50	77	57	70	42	65	14	11	30	85	58	91	35	47	98	51	51	20	58	31	45	38	8	13	5	43	65	10	51	83	87	72	54	11	81	87	11	81	53	6	5	43	67	91	38	90	39	4	43	59	98	14	42	5	16	99	71	83	19	18	59	87	86	87	67	53	7	86	11	19	2	58	56	6	31	98	51	35	82	50	55	24	67	70	38	2	42	71	41	90	65	59	54	61	95	76	89	1	98	87	72	13	25	2	32	98	93	21	1	61	12	4	81	60	37	17	17	81	91	63	34	64	20	62	
50	87	6	10	91	29	89	22	19	25	29	91	13	96	12	82	10	81	60	58	91	94	99	52	76	32	37	2	8	61	86	20	5	67	30	75	19	91	40	44	80	76	38	84	52	98	90	50	69	30	22	19	19	67	99	18	20	5	65	51	17	30	11	81	11	31	75	81	42	31	89	70	31	17	39	89	50	34	65	42	79	55	93	19	20	48	2	59	88	15	73	48	33	11	18	45	46	76	47	49	91	61	30	30	77	46	57	23	92	95	22	60	59	3	10	62	18	13	80	29	85	35	82	31	37	10	23	31	49	80	36	30	84	24	67	76	57	92	16	22	42	78	3	1	63	58	47	54	27	92	54	72	32	68	55	99	27	92	47	84	58	51	55	34	99	11	14	74	76	85	36	57	92	21	77	36	32	34	11	34	88	55	48	79	57	37	4	10	65	36	2	80	62	38	18	11	64	54	44	90	
14	52	5	49	65	2	11	69	69	17	15	83	49	78	91	92	27	92	3	88	81	56	83	65	93	18	9	83	65	80	29	30	63	66	73	38	19	31	23	90	65	41	94	95	8	61	70	24	45	16	1	64	82	58	12	18	94	3	44	47	73	21	57	18	72	35	92	80	76	100	30	1	43	32	14	38	98	42	39	59	1	85	81	49	9	64	32	93	31	32	8	41	3	26	19	48	57	3	70	53	2	90	22	58	88	100	21	88	76	45	5	96	44	65	55	87	45	46	83	33	64	25	33	30	40	47	46	16	80	91	7	91	20	22	3	94	20	63	89	28	92	9	95	38	28	43	83	2	40	77	100	54	9	49	24	57	87	44	59	15	53	61	61	23	59	24	23	42	69	1	7	20	11	25	39	47	59	27	52	46	22	50	84	50	51	32	81	65	81	66	25	49	52	76	46	93	39	75	46	77	
85	16	98	52	78	92	6	88	31	87	85	94	42	85	30	51	37	33	75	69	82	95	38	88	49	50	96	59	33	64	20	7	55	41	10	45	8	56	53	30	25	58	86	80	4	51	78	25	31	64	6	19	17	25	96	81	99	36	27	41	88	18	100	89	47	88	75	47	87	24	37	68	82	38	6	52	57	69	23	80	56	72	26	49	11	17	72	18	84	95	25	75	93	92	2	62	27	65	19	35	43	16	23	70	13	82	17	86	24	81	30	88	68	25	42	42	83	99	53	2	46	97	32	6	1	4	36	63	57	81	99	54	46	52	47	49	3	68	79	27	37	54	10	46	86	26	69	47	3	28	9	60	43	73	5	52	27	40	36	86	69	92	15	53	44	49	64	100	40	100	83	62	86	55	5	89	25	39	7	66	58	56	64	66	95	12	60	36	66	88	43	61	44	75	69	21	90	20	65	17	
54	51	80	41	96	88	55	49	19	45	94	92	38	21	68	65	13	94	25	43	54	18	98	41	13	9	16	14	9	56	82	9	45	14	55	49	29	72	66	64	92	32	65	28	96	18	5	1	93	9	15	19	17	70	58	91	40	74	65	86	10	48	62	37	75	68	12	97	92	100	24	8	47	80	91	70	64	22	28	32	71	46	100	23	19	36	73	86	24	81	65	7	19	31	36	43	21	52	91	96	28	58	80	25	16	86	80	89	6	32	47	59	42	68	44	57	90	42	74	97	3	42	2	100	48	59	16	76	30	20	6	89	46	26	16	19	54	87	32	70	93	94	61	91	69	97	37	37	82	51	72	7	56	35	61	6	59	15	60	15	9	47	83	19	70	79	94	67	40	50	65	90	70	88	76	48	52	74	43	45	30	10	49	72	48	12	37	2	25	43	1	24	85	52	19	17	82	73	66	25	
35	79	56	62	11	1	10	98	25	67	32	66	92	8	16	15	2	96	80	50	21	18	19	15	59	23	13	74	81	1	50	61	72	70	19	13	34	41	72	59	49	38	72	14	60	21	4	66	43	26	29	40	40	13	47	20	64	32	100	37	1	83	26	42	19	47	73	88	83	69	65	48	40	5	51	98	24	39	61	77	55	93	98	91	23	69	61	61	35	32	81	91	89	39	1	41	15	43	5	18	7	25	27	84	17	33	34	32	85	15	83	58	55	57	65	69	31	3	10	18	53	31	87	63	63	4	4	1	78	90	97	45	88	49	84	20	16	41	62	7	11	43	84	38	55	60	82	78	3	75	72	74	19	38	77	78	77	6	44	72	28	93	80	44	72	64	10	74	50	48	48	8	73	45	96	21	65	43	10	10	44	89	21	12	76	76	17	80	49	61	24	21	70	98	24	6	21	22	70	46	
65	14	87	45	30	91	56	24	14	51	32	20	58	64	96	45	70	2	60	25	66	84	67	53	90	36	100	77	71	54	79	20	3	91	64	64	93	77	40	85	34	1	71	62	82	83	39	43	82	97	45	91	8	93	53	58	42	2	99	75	80	88	73	56	6	63	49	43	5	48	75	43	58	55	22	23	39	47	82	74	94	44	29	18	89	12	13	98	31	11	66	1	62	99	44	91	17	68	41	1	56	48	32	7	89	22	35	5	88	97	95	41	8	99	66	42	34	18	3	2	10	48	55	70	14	53	44	92	28	11	89	92	36	39	51	45	30	95	16	67	60	20	29	29	79	25	88	43	96	28	49	61	15	34	89	86	80	97	67	87	50	19	32	61	66	48	40	96	26	96	87	88	51	45	52	32	83	6	34	50	44	97	21	70	51	83	17	62	52	44	85	70	83	1	74	54	54	32	46	98	
75	10	2	42	83	52	59	96	88	12	9	75	49	84	6	14	40	92	77	86	10	19	86	83	97	2	63	11	2	84	54	92	69	39	28	49	88	94	57	88	83	32	28	38	92	91	78	30	29	31	32	6	97	60	67	90	24	5	20	35	58	11	93	58	92	87	7	43	74	54	74	49	2	72	9	80	90	63	36	53	15	41	21	92	77	32	44	89	26	71	31	75	89	13	18	44	24	27	45	78	76	85	29	57	24	14	83	28	30	28	47	98	14	77	91	44	98	14	20	73	18	86	96	2	52	77	38	91	39	95	83	100	14	57	91	61	66	16	10	50	80	4	9	53	60	49	33	56	100	75	97	25	50	23	61	69	30	24	25	16	39	44	73	96	92	53	93	21	82	93	25	31	99	58	90	55	51	22	96	5	18	98	6	50	31	92	81	38	76	75	52	98	1	99	16	66	85	86	4	55	
16	25	18	53	46	95	38	99	20	100	57	86	20	5	36	77	44	40	20	37	3	53	61	58	36	73	33	94	14	91	26	50	69	15	24	5	89	86	28	32	14	28	34	66	80	55	69	81	44	73	5	2	35	39	4	90	92	66	80	40	77	68	54	6	84	20	29	98	91	63	93	83	52	78	49	80	36	74	17	53	33	59	20	27	26	47	86	28	62	13	89	93	93	2	74	89	28	56	12	7	39	31	51	30	74	51	41	37	38	48	3	14	96	32	44	80	57	34	31	31	55	72	24	44	83	65	26	3	38	37	44	83	11	63	91	45	49	40	67	14	78	40	76	7	66	14	56	89	48	86	50	56	8	92	25	95	47	46	35	85	33	15	65	63	36	72	38	1	72	45	21	35	4	60	73	19	93	3	72	64	6	63	17	36	88	9	91	18	46	69	19	24	74	16	27	12	19	65	98	85	
18	23	9	71	73	21	55	72	85	97	50	77	2	31	73	44	81	60	29	25	1	81	64	79	57	46	33	42	45	87	7	75	16	17	53	83	10	91	51	1	19	82	82	74	92	98	69	3	87	10	85	83	31	62	38	4	52	32	61	11	54	11	32	3	46	24	12	44	7	70	55	39	32	8	41	94	57	52	89	21	75	62	19	19	50	30	92	83	95	60	3	24	73	17	89	17	72	55	26	76	99	86	40	76	81	7	4	8	64	63	21	5	28	85	11	70	76	2	77	67	51	94	56	58	99	17	93	1	99	75	89	97	67	75	66	29	56	35	62	58	19	11	90	81	56	30	38	52	57	84	88	41	41	53	40	36	25	56	73	81	29	77	83	63	92	64	14	89	79	38	35	59	48	26	1	92	29	70	86	40	17	79	82	55	43	1	63	11	93	21	17	6	54	66	12	51	73	73	59	85	
22	32	40	44	82	12	51	17	4	67	58	4	41	69	81	34	47	29	80	43	59	55	77	48	87	36	76	35	8	57	2	7	8	87	93	24	30	73	81	76	37	98	29	1	12	84	18	51	79	51	71	67	72	72	100	24	1	62	68	3	46	69	17	33	46	98	44	54	91	92	34	73	85	80	75	25	77	15	62	11	95	20	81	35	49	45	29	45	44	46	93	65	87	47	7	60	76	29	85	95	69	84	78	55	24	5	67	19	66	31	54	77	29	5	34	28	49	29	99	52	21	100	5	53	67	41	2	63	11	63	27	16	97	100	15	29	48	86	94	17	21	92	33	66	22	53	64	58	1	20	71	14	54	52	81	20	1	100	84	66	91	35	18	96	28	57	68	51	77	57	93	59	78	48	64	98	99	94	58	20	74	91	6	43	47	42	34	64	39	90	82	21	54	85	19	73	82	20	53	63	
29	76	6	31	56	30	85	34	76	90	95	3	71	38	43	51	82	23	22	46	15	72	64	35	66	95	75	78	13	47	63	56	9	88	1	23	75	73	68	71	68	40	66	7	85	95	18	3	64	42	40	68	10	26	63	78	11	65	31	53	8	53	22	68	41	77	72	61	10	27	99	43	55	86	58	2	60	61	41	94	30	23	96	18	19	39	90	17	59	51	53	100	19	43	48	74	51	37	90	37	24	9	44	43	35	87	64	36	78	99	77	78	29	35	20	25	83	10	1	66	3	86	3	13	48	22	79	10	47	81	6	86	81	25	91	67	100	19	21	79	45	84	98	45	13	97	50	10	89	34	22	18	15	10	98	37	30	84	56	17	68	7	92	50	81	56	33	50	76	88	31	87	6	3	6	12	28	44	28	28	78	43	97	7	86	78	64	54	75	20	73	22	32	86	65	73	20	2	52	81	
80	43	85	82	39	45	3	94	51	7	63	19	9	5	65	85	15	30	88	94	65	81	94	8	79	36	25	47	87	8	62	84	91	38	90	99	7	34	13	25	47	40	81	14	96	65	3	6	30	86	6	93	44	38	32	38	78	38	4	3	65	76	2	26	49	11	69	39	39	95	90	85	49	22	76	50	77	24	81	84	13	52	3	50	90	40	62	98	13	63	64	63	57	25	35	21	90	13	35	97	14	56	14	26	86	73	43	54	34	83	94	88	54	95	40	42	43	41	23	50	43	54	21	43	43	24	34	63	36	66	83	37	97	52	27	82	31	29	2	55	70	23	78	49	14	48	22	95	54	92	38	1	14	56	82	68	44	11	3	84	12	70	28	36	54	50	55	50	60	72	75	8	22	15	66	100	46	33	37	70	66	88	87	6	85	78	20	44	46	65	66	70	46	4	98	59	53	52	85	25	
18	64	88	27	89	100	79	93	53	66	30	71	29	15	65	92	60	2	4	69	37	48	85	89	87	57	51	86	80	81	99	61	57	33	20	71	8	22	36	55	92	96	65	58	42	96	85	76	40	4	35	82	39	14	39	12	88	19	17	63	74	46	98	13	35	67	5	39	35	99	92	25	65	36	62	73	72	60	28	72	43	93	83	94	13	69	66	94	55	9	94	35	87	44	91	54	100	55	22	43	18	76	41	98	27	27	86	77	93	62	54	68	13	25	23	88	1	78	84	89	16	63	73	93	59	41	64	57	6	79	52	47	65	49	37	36	95	14	6	52	62	44	27	77	85	5	88	54	100	31	7	66	15	31	18	99	45	86	13	26	24	91	83	60	63	26	19	47	92	7	40	51	61	9	10	43	18	90	8	46	31	51	93	64	20	31	62	90	77	17	25	46	98	55	85	85	63	81	25	11	
