200
6238
85	36	51	77	45	74	5	99	83	80	26	93	61	34	96	14	23	22	56	84	44	38	30	74	73	77	90	29	19	66	62	48	43	83	73	82	20	94	95	28	14	96	93	99	96	36	95	15	53	51	94	80	53	68	53	45	96	55	52	90	26	85	94	42	51	76	46	77	40	94	51	84	92	43	10	8	49	93	32	100	71	83	92	67	57	48	86	40	32	7	78	32	92	54	30	8	69	86	85	13	40	72	8	74	56	58	42	79	34	40	74	91	29	60	100	38	26	43	95	40	63	56	66	79	34	80	65	64	60	98	21	94	5	10	48	38	43	93	61	7	60	39	75	30	89	71	30	32	17	44	93	66	79	93	37	75	86	26	51	32	26	76	89	41	33	73	58	58	99	43	45	43	66	78	36	79	28	75	14	10	7	68	31	58	31	53	75	22	42	75	5	89	15	46	69	11	43	43	33	91	
22	75	45	75	45	32	16	5	100	69	36	39	94	94	51	18	31	69	39	14	56	47	20	19	51	99	47	69	65	7	32	14	99	84	36	59	56	35	76	24	64	53	29	25	43	43	82	18	22	24	78	15	42	47	4	42	76	79	1	17	27	65	29	92	43	37	41	51	92	16	37	42	60	64	51	47	2	26	34	97	47	44	54	43	13	69	19	26	70	6	62	72	85	17	80	14	37	49	21	53	12	89	46	49	42	7	69	5	2	81	79	96	67	7	13	85	20	92	51	56	1	45	12	51	73	27	81	44	51	55	10	80	28	64	68	86	29	44	34	17	44	4	76	56	50	11	65	65	26	38	17	90	58	59	11	3	74	50	16	98	21	98	18	26	92	81	3	11	1	97	98	62	86	90	4	73	55	4	13	87	34	40	33	60	80	48	99	21	96	64	79	31	56	90	92	72	28	45	66	65	
75	20	36	29	33	17	92	81	71	73	59	40	57	78	55	7	44	69	88	22	74	54	30	81	88	22	55	42	46	69	83	97	30	96	100	63	1	87	71	12	52	54	94	17	22	39	52	57	97	45	43	36	32	60	20	40	22	39	99	1	26	32	95	84	86	37	59	25	77	56	49	27	70	100	54	98	54	82	75	37	71	3	35	78	98	22	18	31	36	82	63	10	58	48	97	34	36	83	48	60	86	58	67	53	66	34	34	92	39	90	33	33	31	99	31	23	64	89	41	51	37	12	9	47	67	91	58	32	23	33	42	37	57	21	97	62	14	72	74	34	3	63	4	46	66	54	6	98	76	17	71	82	11	72	47	9	85	6	56	97	2	89	46	98	42	89	63	58	10	82	87	7	41	5	8	56	54	7	9	3	19	36	54	41	40	38	54	8	30	60	85	91	39	71	84	68	7	58	75	46	
45	36	86	57	47	36	1	61	55	15	70	21	15	63	30	36	20	68	19	52	61	30	75	60	35	26	62	37	87	68	74	94	15	97	76	42	82	23	60	4	44	100	29	37	21	15	98	98	38	78	30	29	48	4	4	34	63	73	32	4	14	4	74	4	30	80	21	70	29	91	54	24	75	10	33	75	42	40	100	86	5	59	34	23	52	25	20	75	64	86	39	61	93	78	87	31	1	83	99	72	31	31	6	4	4	66	73	97	92	29	41	1	65	19	99	81	41	90	43	82	78	58	60	85	84	87	93	28	90	96	25	36	26	66	70	38	40	24	84	3	68	47	42	65	24	68	14	30	26	78	68	59	72	97	32	41	2	54	31	37	21	93	48	3	9	29	72	10	51	83	61	2	83	10	22	14	63	41	8	74	4	63	75	50	3	26	42	20	63	68	86	70	17	75	34	54	42	38	36	79	
75	29	57	18	17	91	78	5	37	43	10	19	68	93	61	22	92	81	38	84	36	46	81	41	28	18	78	80	43	29	81	21	100	92	69	7	12	34	16	64	41	25	77	23	65	9	84	72	88	78	94	62	94	81	18	54	77	89	75	25	11	22	77	47	3	18	96	20	2	72	43	95	15	1	4	37	9	34	22	84	54	4	89	86	75	4	98	63	3	2	17	94	12	68	79	46	76	18	21	72	17	32	13	72	9	75	69	16	3	53	100	97	35	32	42	12	83	76	31	59	11	44	31	10	75	52	53	12	46	74	58	14	17	5	29	90	82	88	32	1	48	21	6	3	54	45	42	93	35	46	60	38	72	26	73	29	86	52	56	18	10	15	84	42	27	15	49	55	74	33	69	76	16	81	57	12	41	34	31	29	4	85	45	9	26	43	9	99	6	84	17	74	84	71	10	16	7	70	77	94	
45	33	47	17	44	83	31	4	6	9	8	57	1	10	74	80	54	13	33	45	59	71	64	58	79	95	97	70	16	75	82	91	92	97	82	7	15	85	97	80	4	80	38	84	80	34	87	2	50	34	31	98	13	69	33	93	22	25	85	48	33	50	10	63	39	30	31	5	3	16	62	17	89	95	79	56	88	31	35	12	85	75	43	66	38	57	53	85	27	87	59	92	95	62	83	52	59	18	41	48	84	99	54	100	40	3	75	48	89	7	53	81	58	56	26	100	50	83	31	12	64	71	36	81	53	54	78	50	2	31	1	45	55	96	13	24	96	8	43	100	76	70	7	92	6	47	41	74	4	23	47	100	90	85	6	100	91	17	71	7	73	50	84	44	82	11	5	35	33	49	53	17	86	69	9	19	49	76	20	100	49	79	70	4	64	45	21	46	19	8	36	15	21	33	9	80	51	75	24	36	
32	17	36	91	83	100	5	77	60	94	79	90	44	93	84	57	91	89	18	43	15	76	2	79	85	2	57	84	43	23	47	80	45	18	50	77	64	67	45	82	19	44	91	18	24	55	87	80	55	92	9	18	24	39	40	60	54	36	61	20	88	57	35	72	31	15	26	33	65	44	69	42	52	74	74	83	41	59	82	58	12	51	50	41	48	48	73	48	85	71	8	48	91	38	63	83	68	82	87	98	64	50	92	47	71	1	71	43	52	19	87	43	34	80	88	9	82	41	37	21	33	72	65	30	3	84	3	76	70	7	32	35	5	55	64	83	94	40	30	60	88	90	5	26	35	4	85	62	45	29	7	26	31	6	45	36	14	32	48	38	97	68	68	11	55	52	40	2	18	49	22	52	90	92	18	59	67	38	37	80	74	70	39	99	74	59	49	9	93	83	29	61	15	27	84	20	59	51	44	91	
16	92	1	78	31	5	38	93	49	41	97	52	1	4	63	11	23	81	33	51	60	86	79	61	75	53	93	47	96	19	23	95	81	6	68	23	94	28	44	34	42	92	72	29	78	68	40	16	6	53	98	4	49	86	93	20	64	90	56	85	38	69	71	25	95	79	64	80	38	2	21	5	16	77	69	91	5	47	80	83	44	88	83	76	49	32	41	32	96	58	100	6	56	23	35	26	79	66	87	35	49	62	52	30	35	63	34	40	75	55	95	81	85	74	56	79	55	78	53	96	71	48	40	1	13	91	56	53	79	42	92	12	35	56	15	9	19	47	78	23	31	87	19	91	93	51	51	16	40	1	57	1	39	76	63	31	92	67	23	18	87	25	48	61	21	77	49	86	6	86	14	16	79	80	70	80	65	15	49	40	67	26	11	88	28	30	66	59	74	61	53	95	16	37	83	50	66	19	28	2	
5	81	61	5	4	77	93	6	21	76	72	20	65	74	76	20	75	78	20	73	25	89	31	62	59	17	30	57	11	77	50	57	44	71	21	64	93	54	16	46	94	36	33	4	55	8	59	44	90	23	22	28	37	85	15	5	33	8	87	49	47	94	98	76	58	35	81	2	9	94	43	51	14	79	40	50	26	37	65	88	15	97	71	11	88	21	37	50	88	54	81	89	31	13	87	70	70	42	13	14	85	54	58	12	46	33	57	2	80	94	81	31	42	58	65	26	27	5	72	98	66	6	12	48	15	35	34	18	42	70	45	72	29	83	31	34	63	72	94	51	81	58	88	73	36	83	64	69	47	25	83	2	33	70	18	22	100	14	45	43	100	16	54	47	88	23	86	72	75	80	96	66	27	31	99	49	80	97	10	30	25	76	27	21	43	4	80	76	94	21	70	38	37	8	84	70	64	2	64	8	
100	71	55	37	6	60	49	21	66	45	69	9	15	100	6	73	23	100	85	42	64	40	38	16	63	64	22	78	98	8	7	27	83	76	25	71	29	47	79	97	38	61	1	3	5	1	15	67	8	35	17	31	50	100	32	49	11	64	78	42	17	60	41	66	89	16	29	15	97	13	67	61	28	81	33	63	71	33	20	7	100	58	41	46	87	96	45	4	1	96	85	50	25	56	16	24	5	7	37	85	16	36	83	76	19	23	24	86	68	45	97	39	90	29	10	43	7	54	90	97	31	88	28	84	5	20	76	61	90	3	61	53	65	61	59	71	51	4	51	87	5	51	74	79	87	8	25	10	81	91	92	100	19	59	22	26	24	77	55	46	21	42	97	2	35	43	41	87	11	53	10	11	99	57	17	85	10	90	24	59	86	45	98	35	70	19	79	24	52	82	16	44	6	5	20	28	64	27	32	69	
69	73	15	43	9	94	41	76	45	44	89	91	27	65	22	71	44	46	57	82	44	56	7	96	24	70	29	71	28	27	44	77	32	21	84	74	40	28	20	18	92	39	54	13	17	61	33	31	69	57	89	93	20	74	55	31	36	22	15	92	59	67	98	94	68	26	46	76	15	95	66	47	37	42	71	46	54	53	32	69	3	53	33	48	37	14	68	2	45	50	85	46	90	31	48	7	12	66	23	67	37	83	73	100	77	45	94	92	57	74	100	58	47	20	92	73	40	30	40	45	59	63	57	97	22	100	9	10	52	23	24	12	41	29	27	1	96	96	75	8	31	23	7	43	20	59	2	67	2	14	30	45	64	82	90	59	85	90	81	90	77	43	6	74	85	32	55	70	52	31	28	27	1	100	81	80	98	82	69	67	62	3	96	60	45	46	85	91	95	41	32	42	12	64	64	48	76	73	4	94	
36	59	70	10	8	79	97	72	69	89	77	99	46	64	39	82	99	54	99	93	1	80	72	22	3	23	100	56	57	40	44	16	37	57	68	91	92	39	24	76	57	42	83	87	78	44	93	81	14	61	42	79	15	8	12	66	30	49	14	11	60	95	99	43	2	32	26	100	40	66	53	69	31	25	45	17	18	10	90	23	62	29	4	38	45	28	57	76	58	83	38	58	62	39	36	38	44	17	67	11	31	69	35	53	58	87	68	9	42	59	45	83	49	79	61	57	60	5	73	41	1	67	66	69	78	94	11	31	6	99	84	5	3	74	79	11	94	100	77	85	20	30	51	9	65	40	14	91	97	53	94	70	81	97	83	89	56	50	77	74	36	46	3	92	79	11	88	94	30	66	90	5	8	76	95	73	73	93	24	98	41	81	68	2	80	50	59	94	55	96	90	28	3	61	15	33	36	18	54	41	
39	40	21	19	57	90	52	20	9	91	99	84	79	77	43	77	37	26	23	23	18	26	33	55	12	18	91	84	86	88	58	66	55	55	56	8	97	47	69	61	45	34	74	57	42	16	5	25	45	1	61	84	92	95	53	17	16	77	75	56	57	31	88	31	91	58	62	74	8	57	36	43	92	65	85	71	81	81	58	6	53	23	16	81	65	28	79	50	1	89	97	57	59	1	10	29	5	71	80	83	27	65	15	56	28	10	7	33	53	48	36	56	16	92	84	9	31	16	58	60	88	66	6	32	4	47	64	73	98	16	49	52	11	85	39	75	72	34	88	50	39	10	93	62	89	80	68	31	52	38	54	31	50	90	57	11	13	48	14	82	51	39	38	89	1	25	62	54	64	59	64	58	57	100	68	9	80	7	77	17	9	65	79	44	47	83	19	51	35	97	32	2	44	76	15	5	9	37	16	1	
94	57	15	68	1	44	1	65	15	27	46	79	28	85	1	39	57	66	97	15	83	5	19	31	59	28	85	49	2	90	14	94	85	59	85	29	52	40	21	26	16	17	48	57	3	41	68	36	40	32	29	26	7	72	50	14	5	36	17	11	41	44	64	55	4	35	31	26	42	25	82	78	70	63	89	80	81	19	74	7	69	21	94	57	28	100	53	19	85	25	55	74	53	23	7	90	16	11	48	54	13	90	91	8	64	46	26	3	12	64	68	23	41	90	63	97	40	6	67	56	59	9	4	100	1	9	30	11	31	94	61	92	91	11	73	37	90	72	49	65	22	5	77	49	94	90	6	98	17	75	40	26	65	35	40	50	49	83	89	64	34	33	48	61	52	12	5	48	60	1	40	1	10	80	81	6	83	83	8	98	25	5	58	83	23	17	100	5	71	37	2	18	33	15	55	13	19	22	53	67	
94	78	63	93	10	93	4	74	100	65	64	77	85	20	62	59	30	22	21	56	3	41	57	66	86	43	100	79	87	20	94	9	95	63	85	74	71	42	75	44	80	87	88	34	16	46	97	15	93	57	29	67	12	71	20	41	9	96	39	55	73	51	5	43	63	10	77	78	23	91	34	94	14	69	59	75	41	30	71	93	31	72	37	71	23	88	17	5	96	66	49	4	82	11	69	39	30	14	21	59	66	34	35	49	89	81	54	83	55	97	41	26	95	61	33	92	43	29	41	73	51	71	22	64	28	37	58	5	49	98	68	29	64	13	41	94	5	42	63	32	90	99	50	49	9	37	86	49	61	80	5	89	54	51	31	63	29	46	87	83	45	2	42	19	82	28	85	45	60	52	77	1	82	77	39	55	8	27	26	94	25	46	93	7	58	43	51	1	46	69	52	60	33	87	21	80	3	37	21	28	
51	55	30	61	74	84	63	76	6	22	39	43	1	62	93	23	73	74	58	88	31	16	71	48	64	80	87	54	98	41	3	17	81	62	77	59	47	99	62	2	68	1	25	17	70	77	33	29	7	66	81	71	43	86	18	62	96	55	75	15	81	34	64	71	33	37	18	46	45	19	69	17	70	19	44	25	90	31	13	65	5	54	28	6	73	13	18	39	40	3	89	43	98	65	86	52	66	28	66	51	15	7	84	11	38	6	72	59	62	34	68	87	73	73	35	49	6	74	90	9	95	15	87	99	94	72	86	66	42	98	57	89	94	43	13	43	80	74	19	40	63	52	17	18	25	87	69	19	57	17	91	13	58	18	29	69	2	63	97	31	51	46	58	85	46	35	34	48	14	53	95	84	95	16	53	27	46	77	57	99	88	33	54	60	50	11	89	62	57	87	35	17	28	28	26	13	14	23	80	65	
18	7	36	22	80	57	11	20	73	71	82	77	39	59	23	5	67	7	56	100	76	43	26	84	76	30	54	10	66	27	2	71	14	83	17	54	93	38	66	92	84	22	53	96	53	85	46	96	52	8	25	65	61	95	8	52	59	70	73	24	21	31	46	98	45	13	68	86	4	68	84	39	88	100	16	87	44	69	61	79	16	85	100	78	25	55	79	60	70	40	21	48	42	68	74	46	93	49	44	49	55	49	15	70	100	54	29	32	88	41	84	4	12	69	77	5	68	69	69	68	22	94	96	28	90	60	20	5	52	33	65	83	71	3	29	99	95	59	84	99	26	99	64	47	73	58	50	96	54	46	21	93	36	20	26	47	54	55	92	41	44	18	83	1	47	50	32	98	8	99	90	59	18	51	39	11	7	37	9	49	98	74	39	10	58	91	13	31	31	67	28	44	84	66	63	98	37	33	16	18	
31	44	20	92	54	91	23	75	23	44	99	37	57	30	73	67	97	40	68	32	70	87	62	46	18	98	4	37	60	57	67	77	36	11	55	93	99	71	100	44	50	19	91	46	90	92	49	84	33	42	41	11	71	48	11	43	69	27	56	93	4	97	92	89	36	39	28	61	7	53	92	25	68	70	41	84	61	67	50	99	88	49	98	47	51	84	18	45	87	39	36	92	31	25	62	27	17	31	52	85	11	50	45	36	5	78	25	52	17	76	29	23	71	80	19	43	93	83	28	49	88	63	66	41	88	73	28	42	61	6	13	68	82	20	20	72	87	38	7	68	87	39	64	83	57	25	56	37	24	6	39	52	65	99	39	49	42	89	19	56	35	49	95	75	77	19	29	79	28	41	6	34	53	30	8	46	78	14	70	82	44	60	59	35	75	100	78	6	81	43	3	34	53	90	5	25	58	60	55	1	
69	69	68	81	13	89	81	78	100	46	54	26	66	22	74	7	40	16	58	34	49	94	23	75	21	56	28	87	84	38	53	36	39	14	28	29	44	16	93	62	30	31	11	12	17	90	10	54	33	13	75	14	13	48	76	15	78	17	14	2	98	52	66	79	2	90	55	61	20	100	1	97	44	57	68	64	75	88	79	58	80	49	94	86	23	35	51	75	99	31	60	86	11	38	86	52	72	20	86	28	6	84	91	53	56	29	99	7	90	7	13	83	24	18	100	67	85	26	19	87	79	11	41	63	44	4	31	83	15	25	71	10	7	78	43	34	20	70	29	36	38	24	48	98	29	77	91	31	64	96	17	28	66	40	89	9	35	39	31	30	79	44	43	89	44	34	98	11	49	46	53	84	51	97	91	68	36	77	59	15	33	58	77	47	92	38	100	76	37	27	46	4	28	18	98	57	95	24	39	57	
39	88	19	38	33	18	33	20	85	57	99	23	97	21	58	56	68	58	20	4	20	18	39	34	79	56	74	11	37	13	21	20	28	1	37	79	84	82	15	77	79	16	93	63	58	68	69	48	70	78	45	24	83	9	52	51	35	54	15	2	89	15	18	97	36	47	48	100	27	17	100	45	55	61	63	84	94	48	100	84	83	64	3	54	86	55	10	72	17	27	50	83	75	34	67	39	12	16	41	74	54	24	98	86	52	54	27	46	9	80	37	50	2	56	50	84	6	87	75	63	10	51	49	55	68	30	78	42	3	56	34	33	81	62	32	66	7	63	63	67	98	42	51	49	56	8	70	45	14	20	76	28	20	27	81	63	19	90	34	65	36	48	33	65	14	2	65	100	9	37	64	32	44	66	69	95	15	4	93	2	2	80	32	65	30	93	96	35	16	94	82	20	90	37	33	16	72	43	56	21	
14	22	52	84	45	43	51	73	42	82	93	23	15	56	88	100	32	34	4	32	76	100	4	61	52	8	60	44	1	33	27	1	61	57	7	53	93	18	47	33	54	95	10	6	6	94	21	35	16	81	46	51	28	44	45	67	28	39	93	100	47	32	38	55	16	13	31	91	19	94	78	11	29	34	3	64	36	58	2	2	54	39	58	47	18	29	85	14	34	57	81	38	29	31	33	37	78	8	16	39	40	80	27	15	20	16	53	11	58	1	97	37	100	77	53	100	99	67	99	75	35	94	13	95	25	53	22	18	73	40	56	89	85	4	2	73	73	11	44	63	1	5	57	34	6	81	19	10	66	95	20	30	77	48	59	63	15	97	11	31	89	90	30	51	59	96	46	65	69	8	42	62	38	13	6	49	21	42	61	26	23	17	54	29	97	27	35	53	60	42	79	42	76	84	17	71	60	14	38	11	
56	74	61	36	59	15	60	25	64	44	1	18	83	3	31	76	70	49	20	76	15	10	26	90	34	81	68	26	27	29	44	95	4	48	59	86	91	9	29	85	3	14	60	48	27	25	65	76	10	47	68	92	24	56	69	87	4	36	92	61	4	70	27	67	90	66	54	48	16	39	93	64	46	60	49	23	3	24	43	36	22	2	62	97	14	61	2	74	80	80	13	23	16	10	20	61	64	29	73	98	52	66	45	95	3	74	51	89	80	15	1	53	81	98	85	18	16	21	87	31	31	92	29	75	63	69	84	95	87	21	94	44	63	52	85	56	10	45	90	98	20	92	99	60	96	93	32	51	60	90	41	99	70	2	64	85	42	79	71	53	91	71	81	31	35	32	56	48	48	81	44	36	34	3	7	59	84	38	54	41	75	98	65	58	21	49	67	58	66	10	94	56	28	29	38	7	7	45	33	41	
47	54	30	46	71	76	86	89	40	56	80	26	5	41	16	43	87	94	18	100	10	47	15	93	36	38	86	16	14	84	9	12	83	24	12	18	47	74	14	29	80	52	65	15	76	10	79	65	16	2	98	37	10	41	21	83	31	65	9	10	56	30	26	87	12	68	29	79	12	23	8	16	42	2	20	76	89	44	47	42	40	95	80	49	54	56	7	74	64	63	81	90	51	4	3	70	37	18	50	19	89	92	24	60	55	48	65	87	93	48	17	79	94	4	31	87	73	46	7	29	36	60	96	87	30	99	82	59	15	18	48	29	83	93	91	89	8	12	99	39	74	89	15	57	18	90	78	4	71	34	82	81	100	32	24	72	16	29	84	1	90	47	5	30	52	98	3	50	92	90	88	30	31	15	4	73	37	4	3	90	29	90	31	25	16	47	90	94	5	31	92	34	53	81	98	31	10	86	1	84	
20	30	75	81	64	2	79	31	38	7	72	33	19	57	71	26	62	23	39	4	26	15	36	83	30	94	40	24	45	44	86	3	34	21	41	58	53	15	67	5	48	58	23	80	38	74	84	65	32	25	14	80	30	14	56	3	75	18	93	78	29	10	49	34	75	87	10	71	74	71	98	13	13	84	86	88	41	10	47	73	80	36	69	52	18	70	53	66	2	94	90	46	31	62	87	79	92	89	21	30	27	87	70	26	64	30	36	95	38	90	73	80	12	60	7	89	48	91	50	97	69	27	32	39	50	42	65	27	90	70	56	14	77	31	81	40	57	51	34	57	25	59	24	92	72	80	26	27	33	70	56	59	44	62	44	9	73	9	36	37	83	83	86	21	11	44	78	87	49	84	76	22	56	84	7	45	55	86	93	23	84	59	26	6	83	57	36	38	62	39	80	42	5	40	57	92	44	22	22	87	
19	81	60	41	58	79	61	62	16	96	22	55	31	66	48	84	46	75	34	61	90	93	83	71	93	27	57	32	14	5	21	79	35	8	55	53	80	33	29	79	40	40	59	58	84	68	27	78	84	30	66	18	8	45	86	4	8	85	42	75	63	71	70	67	14	84	54	78	92	59	85	89	58	71	100	75	44	3	62	42	24	62	42	66	35	50	38	26	98	36	4	23	46	30	73	13	17	18	76	80	83	19	92	48	44	9	55	88	88	97	21	80	7	84	5	9	2	4	36	12	71	58	52	11	53	20	22	22	41	74	4	46	97	16	43	93	74	18	93	43	71	49	25	87	92	4	49	87	74	69	85	12	11	38	79	16	77	97	67	89	68	13	55	35	39	88	30	20	81	96	13	77	29	77	92	26	83	88	15	38	43	84	82	42	4	58	79	69	99	52	46	97	98	28	23	65	54	82	72	91	
51	88	35	28	79	85	75	59	63	24	3	12	59	86	64	76	18	21	79	52	34	36	30	93	58	40	25	27	21	14	34	35	53	40	13	82	91	28	35	75	36	94	88	5	43	61	12	54	68	52	23	66	70	41	85	83	51	67	20	29	66	22	68	59	92	12	89	29	32	58	43	65	41	17	42	7	91	50	77	52	81	54	12	81	29	76	15	64	87	9	94	85	25	37	8	71	40	45	85	99	88	49	93	23	83	27	24	29	12	78	69	37	58	35	64	33	78	14	94	92	56	71	88	100	63	59	47	29	7	7	49	44	41	16	56	90	85	32	87	32	7	86	17	91	65	85	21	67	100	57	86	75	61	87	37	1	74	89	53	46	3	67	21	58	40	49	67	78	28	50	37	64	28	78	75	17	40	78	24	58	91	53	4	92	23	16	48	27	6	18	39	15	90	77	21	16	100	74	86	23	
99	22	26	18	95	2	53	17	64	70	23	18	28	43	80	30	98	56	56	8	81	38	94	27	40	14	19	98	22	19	25	34	19	62	100	13	87	49	96	68	75	50	74	84	61	31	68	16	40	50	63	25	83	100	14	51	19	26	46	29	54	98	34	25	52	15	81	22	54	100	75	29	15	16	38	13	22	7	69	60	30	21	14	79	42	76	18	60	63	92	74	88	26	29	92	17	79	43	8	23	79	26	56	33	46	8	83	48	32	15	68	64	9	22	94	20	96	66	30	82	4	55	16	90	40	75	49	17	91	70	10	8	56	17	96	38	95	5	30	97	39	65	89	29	19	3	33	96	76	95	80	10	10	7	8	41	69	89	10	84	13	11	45	44	51	8	99	51	7	31	74	86	97	82	100	2	6	75	90	59	83	59	72	50	31	88	54	78	80	18	73	97	32	26	74	84	56	62	66	38	
47	55	62	78	97	57	93	30	22	29	100	91	85	100	87	54	4	28	74	60	68	86	40	57	25	19	50	87	3	1	67	11	52	88	29	29	30	43	40	92	90	82	68	10	9	96	13	86	84	3	6	71	53	36	24	32	49	42	50	59	28	26	28	60	49	26	83	92	76	30	63	7	59	96	88	75	6	34	18	54	12	42	16	71	34	6	32	31	56	30	69	16	80	62	18	94	56	8	88	12	33	55	31	80	21	59	65	40	67	24	84	95	26	24	31	74	71	79	66	50	49	96	72	53	92	1	91	79	20	79	34	63	76	1	100	62	19	4	77	56	63	35	96	79	24	93	86	20	84	33	93	14	98	33	54	65	84	76	56	24	47	36	58	88	16	50	16	92	90	77	25	32	45	92	35	59	57	8	18	91	67	81	16	74	48	38	64	65	55	79	86	72	80	67	15	11	32	6	15	94	
69	42	37	80	70	84	47	57	78	71	56	84	49	79	54	10	37	87	11	44	26	16	24	32	27	98	87	15	12	87	92	29	69	27	3	14	62	41	51	91	33	65	7	44	32	15	3	44	48	78	49	6	65	9	2	88	67	66	95	77	31	99	85	60	56	99	49	31	53	95	87	20	2	16	29	85	27	51	34	82	4	63	44	8	86	65	43	41	98	60	16	94	43	77	43	43	56	2	83	98	43	28	94	37	70	78	52	18	76	78	68	67	2	85	95	33	24	72	98	51	74	94	77	1	69	38	51	18	94	68	17	41	42	34	1	64	86	93	27	77	66	60	72	31	46	68	44	39	94	10	95	71	28	79	17	98	71	38	6	10	44	24	71	49	71	26	40	87	31	5	98	91	49	9	44	5	74	24	87	91	51	83	20	83	71	59	89	57	36	79	75	83	32	9	38	93	39	80	28	10	
65	46	87	43	16	43	96	11	98	28	57	86	2	87	98	66	60	84	37	1	27	14	45	14	21	22	3	12	1	66	58	81	95	63	25	9	14	34	34	79	90	70	86	11	23	52	29	31	61	90	35	43	44	10	2	12	57	12	57	47	73	95	80	16	3	44	93	49	98	67	96	23	73	17	45	81	48	18	53	87	64	43	40	46	22	1	61	6	47	12	6	36	91	33	21	14	89	6	3	69	46	2	16	94	74	42	52	75	42	88	60	79	88	91	78	91	29	22	61	42	7	52	48	56	89	83	26	75	35	6	97	64	10	18	88	48	5	83	77	23	33	72	74	19	2	62	68	75	58	69	12	52	56	15	14	86	79	61	72	39	74	75	73	79	59	49	40	80	59	87	11	76	49	15	50	48	20	95	68	79	67	58	12	54	11	50	46	64	52	42	81	91	49	81	2	56	17	31	74	41	
7	69	68	29	75	23	19	77	8	27	40	88	90	20	41	27	57	38	13	33	29	84	44	5	14	19	1	87	66	26	50	86	4	1	99	85	45	73	65	84	67	5	53	34	90	16	27	83	36	64	60	4	12	88	38	27	95	78	18	37	70	69	81	67	4	72	89	37	7	24	76	43	96	99	20	41	25	5	37	77	38	42	50	23	15	77	64	53	64	52	53	25	98	86	30	2	1	52	70	59	17	49	91	9	6	13	58	25	66	64	35	38	78	23	96	48	35	47	67	18	10	7	91	5	69	6	96	80	24	89	60	85	77	40	87	66	78	84	70	83	47	63	56	64	41	50	70	43	67	71	73	69	74	41	26	64	16	70	89	85	49	98	57	53	59	57	34	79	51	47	53	43	95	36	17	16	85	33	11	2	10	37	71	89	57	64	82	89	87	60	67	31	70	67	5	40	18	64	38	40	
32	83	74	81	82	47	23	50	7	44	44	58	14	94	3	2	67	53	21	27	44	9	86	21	34	25	67	92	58	50	25	88	5	97	97	91	92	44	31	75	94	82	65	58	10	56	53	23	55	79	36	68	75	17	7	55	6	17	51	97	40	80	53	2	65	9	27	6	78	45	71	33	68	38	8	91	17	41	83	9	20	86	37	79	79	21	93	73	73	19	88	83	89	3	67	90	17	44	13	45	4	33	65	75	69	26	60	9	20	8	76	87	32	5	84	23	5	98	69	17	13	48	61	28	90	13	80	57	99	95	54	16	9	53	96	73	31	69	43	55	39	86	99	1	31	9	79	47	78	12	78	52	72	82	38	100	22	90	87	91	98	37	61	59	69	49	50	84	97	17	57	58	7	11	79	94	53	79	54	26	85	31	65	51	18	56	72	84	43	66	94	35	73	85	36	99	70	100	95	58	
14	97	94	21	91	80	95	57	27	77	16	66	94	9	17	71	77	36	20	1	95	12	3	79	35	34	11	29	81	86	88	47	54	81	5	3	25	44	99	26	87	84	90	77	62	41	98	98	5	59	1	88	11	73	57	38	18	1	20	83	26	99	28	85	67	68	94	11	96	57	59	7	9	78	61	1	94	33	48	53	74	44	31	86	55	77	34	100	99	70	86	97	70	52	59	10	23	4	43	24	39	99	12	62	38	73	81	47	41	12	8	24	28	68	25	81	73	57	31	100	35	28	45	64	88	64	4	74	90	87	16	23	42	32	39	17	7	9	35	46	43	92	10	92	24	83	90	72	58	69	45	89	42	48	82	71	82	67	6	59	77	60	12	51	50	14	99	61	45	70	2	39	31	57	52	42	40	13	89	1	82	42	16	88	1	69	7	37	57	6	43	24	23	83	18	17	27	26	56	99	
99	30	15	100	92	45	81	44	83	32	37	55	85	95	81	14	36	39	28	61	4	83	34	35	53	19	52	69	95	4	5	54	26	8	70	66	73	21	59	74	76	14	23	100	71	51	81	3	32	7	97	2	53	54	88	24	58	7	68	85	59	58	82	17	82	21	6	20	93	90	94	81	98	51	29	25	75	24	1	85	20	50	5	55	3	85	3	8	23	35	21	39	15	58	72	16	28	84	11	75	98	87	8	5	9	35	43	34	31	54	21	86	77	84	6	8	91	86	72	4	18	76	36	45	72	59	62	35	53	91	27	65	57	12	88	35	76	81	19	88	62	68	76	13	37	17	45	59	78	4	1	54	18	46	6	55	60	83	48	99	87	99	50	58	31	84	59	13	79	20	50	12	94	12	98	99	20	21	76	73	85	81	43	19	26	40	61	54	82	5	92	74	36	36	57	27	48	54	34	72	
84	96	97	92	97	18	6	71	76	21	57	55	59	63	62	83	11	14	1	57	48	24	21	8	40	62	88	27	63	1	97	81	8	10	30	45	28	94	32	69	73	5	79	67	62	14	23	65	80	67	50	84	75	69	39	26	84	94	89	92	30	14	17	19	74	45	36	81	19	70	52	40	43	16	84	21	39	72	1	11	57	28	6	17	16	39	61	70	2	46	48	39	32	33	84	62	68	87	92	33	7	74	67	68	48	68	38	74	86	5	78	78	10	33	51	69	39	12	87	6	64	16	37	31	87	45	52	80	40	38	14	38	57	33	9	3	65	71	28	87	65	95	93	99	14	96	95	65	20	100	1	42	4	12	17	99	46	68	89	73	98	1	57	56	27	48	82	40	78	70	78	98	75	19	5	73	36	26	31	33	24	25	13	79	47	8	18	64	53	64	80	4	47	24	24	1	71	76	62	31	
36	100	76	69	82	50	68	21	25	84	68	56	85	85	77	17	55	28	37	7	59	12	41	55	13	100	29	3	25	99	97	5	70	30	89	9	63	32	63	88	50	45	33	77	27	8	2	29	63	27	92	6	88	32	13	35	6	49	43	23	55	65	45	58	97	100	67	17	3	45	81	53	72	60	52	7	15	79	74	21	37	39	67	36	61	25	49	83	88	41	71	87	86	88	81	66	4	73	8	63	9	98	87	40	23	61	16	91	80	54	22	93	3	60	12	68	19	67	45	83	42	53	53	56	3	81	79	8	94	66	89	10	92	28	97	28	66	9	81	63	13	91	55	18	29	40	16	100	80	49	36	83	71	51	86	27	74	48	71	73	98	41	14	77	15	1	79	73	43	31	84	62	64	75	21	34	95	6	9	93	18	54	51	77	96	84	63	35	47	71	95	62	32	90	58	36	51	56	41	39	
59	63	42	7	7	77	23	64	71	74	91	8	29	74	59	54	93	29	79	53	86	18	58	53	82	13	29	14	9	85	91	3	66	45	9	3	8	45	80	69	98	51	8	63	60	34	67	16	70	38	86	52	72	70	100	30	2	3	59	81	91	35	69	28	17	24	82	22	28	3	74	25	100	59	13	32	98	79	72	67	17	27	16	98	64	50	21	58	3	39	61	39	3	24	78	29	66	15	85	88	73	30	55	49	91	9	32	73	97	69	7	28	26	48	25	85	86	83	82	94	7	48	7	87	28	81	6	81	53	35	7	95	68	87	18	60	30	63	95	7	88	95	21	5	2	52	76	81	47	6	3	58	38	88	80	15	33	17	23	12	87	27	56	40	54	100	4	39	85	64	9	49	100	31	18	27	40	77	84	33	78	60	19	74	12	95	4	58	2	92	33	80	76	77	23	66	36	92	45	97	
56	1	82	12	15	64	94	93	29	40	92	97	52	71	47	93	99	44	84	93	91	47	53	80	91	87	30	62	14	45	92	25	73	28	63	8	44	79	17	80	82	5	37	47	28	86	66	79	83	67	56	71	19	84	19	90	73	48	37	17	77	44	46	37	19	25	82	2	82	12	65	32	64	40	55	75	37	71	28	37	8	79	93	51	2	64	32	28	50	73	24	62	86	54	30	63	59	5	9	64	8	21	71	91	35	18	65	64	23	37	55	75	37	31	83	76	10	90	66	20	79	55	44	93	87	40	99	69	8	79	21	29	15	92	14	54	11	42	62	14	46	84	46	29	27	96	23	88	79	57	37	65	10	13	50	6	94	28	13	27	26	10	4	66	39	34	96	93	25	26	22	81	75	32	73	45	23	93	100	21	76	68	52	69	61	38	79	1	36	100	48	50	32	57	44	77	55	35	54	5	
35	87	23	34	85	67	28	54	47	28	39	47	40	42	99	38	71	16	82	18	9	74	15	33	28	49	43	41	34	73	44	44	21	94	32	45	79	6	27	100	36	15	83	3	97	89	11	26	31	10	96	50	43	73	13	45	15	19	29	44	76	25	64	86	1	33	95	41	77	50	93	75	41	57	53	86	43	98	74	24	55	52	6	6	12	76	37	74	86	16	15	55	70	32	89	46	90	14	63	48	86	50	98	13	84	63	68	98	90	41	8	73	12	31	4	62	61	17	23	24	93	60	43	19	68	5	93	35	74	62	4	40	30	10	8	54	90	39	40	76	83	24	27	95	71	98	67	13	60	34	20	64	20	83	28	86	76	62	82	8	21	76	50	57	20	29	76	13	22	19	50	73	12	44	29	75	75	46	16	71	39	94	93	35	64	1	63	6	4	42	51	90	26	87	44	26	70	65	86	31	
76	71	60	16	97	45	44	16	79	20	24	69	21	75	62	66	100	93	15	47	29	14	67	29	35	96	40	51	34	65	31	99	59	32	63	80	17	27	36	30	88	95	6	67	84	32	65	66	16	1	11	56	16	29	64	97	10	15	88	50	87	48	30	99	57	60	84	45	69	43	58	31	84	66	77	77	97	83	35	25	94	44	84	5	69	89	85	90	53	20	85	83	60	54	20	63	1	54	89	40	27	45	99	66	19	24	66	31	38	29	55	78	63	99	64	4	86	97	67	15	88	27	4	72	39	34	16	91	98	94	100	46	90	61	73	54	100	7	48	73	21	78	22	22	94	96	79	10	70	63	75	84	41	96	2	39	91	46	100	23	65	12	23	78	40	9	16	6	27	73	86	39	33	28	99	59	50	91	36	3	56	88	93	21	9	13	94	67	89	41	79	53	7	82	29	79	13	7	98	5	
24	12	4	64	80	82	34	46	97	18	76	61	26	44	2	92	44	62	77	33	85	29	5	79	75	68	92	91	79	84	75	26	74	69	88	69	80	100	30	27	25	30	73	26	37	19	21	91	65	76	9	57	93	67	56	95	28	50	84	30	100	94	51	87	20	26	94	20	36	59	43	52	73	88	15	50	15	41	53	11	43	44	10	30	6	20	60	82	52	12	74	25	14	30	34	86	45	100	5	22	4	33	52	20	92	58	56	60	51	62	17	2	42	18	7	26	55	32	13	22	100	34	4	11	76	14	45	77	7	24	68	31	82	100	42	39	33	44	36	54	82	3	78	9	68	64	17	42	11	12	83	75	60	34	89	63	72	90	60	70	81	41	24	77	54	35	48	36	5	42	50	69	89	77	90	64	79	9	24	21	1	71	37	98	29	11	80	58	52	72	29	29	30	87	31	84	24	2	10	94	
64	52	44	41	4	19	42	94	38	92	57	45	16	80	68	84	50	30	79	54	3	80	48	40	36	75	90	33	90	67	94	87	76	73	50	98	82	36	88	25	9	49	94	78	26	44	33	100	46	71	29	84	35	5	1	85	18	100	16	25	52	11	12	76	86	100	35	80	53	77	63	24	18	86	21	1	34	70	13	23	5	14	76	25	69	20	54	41	7	58	76	94	63	44	41	37	83	11	91	73	75	91	92	12	36	35	4	25	71	25	43	62	91	82	56	10	12	76	27	99	66	58	19	88	8	31	40	59	89	78	67	88	34	77	58	73	82	4	75	61	44	55	88	81	58	7	86	29	98	91	45	68	99	29	24	62	51	94	31	80	21	63	14	53	8	72	36	45	5	90	14	25	96	89	71	99	83	4	76	18	23	14	91	27	96	24	39	25	74	8	48	75	69	59	74	24	100	95	36	70	
53	54	100	25	80	44	92	36	61	39	42	34	17	87	1	22	19	31	16	95	14	52	58	40	94	50	82	65	70	5	82	84	14	5	45	51	5	15	95	30	49	10	31	85	90	8	36	25	57	12	10	13	63	43	30	34	3	47	51	35	26	63	57	59	74	80	4	4	84	78	62	33	61	37	26	90	48	53	52	63	89	90	33	21	98	53	34	35	41	85	46	70	60	56	68	93	50	70	40	55	81	21	19	80	83	78	36	18	38	95	23	6	81	79	98	80	56	71	96	2	13	26	64	91	90	22	90	65	41	56	83	60	10	20	1	19	1	17	98	22	91	92	4	61	26	68	57	60	49	95	68	18	44	17	71	13	7	53	40	100	45	14	30	71	55	76	62	7	73	56	17	18	21	8	29	89	64	45	34	1	49	15	49	20	37	6	100	84	43	71	91	16	15	20	22	98	41	3	36	95	
29	94	29	77	38	91	72	33	1	54	83	74	48	88	25	53	91	11	93	10	60	65	23	59	88	74	68	7	86	53	65	90	23	79	33	8	37	83	6	73	94	31	29	97	70	47	64	100	30	1	25	48	78	11	73	2	93	56	33	73	91	91	15	68	57	42	19	86	4	62	92	40	1	67	50	67	52	95	82	95	87	98	97	21	37	66	56	60	19	41	59	16	12	76	85	71	79	85	34	47	2	98	17	4	55	39	66	47	13	96	21	4	100	32	42	58	96	89	63	64	93	49	70	89	96	70	90	91	97	22	34	36	93	83	92	87	60	58	56	57	17	44	36	45	63	57	42	17	23	53	28	93	8	4	79	29	92	14	29	48	45	42	17	84	39	93	87	38	11	19	4	29	84	99	75	68	68	64	24	98	89	96	65	67	43	44	42	83	6	95	68	39	18	52	4	22	34	63	35	66	
25	17	37	23	84	18	29	4	3	13	87	57	57	34	17	96	46	12	63	6	48	15	80	58	5	84	10	44	11	34	58	77	100	67	77	63	47	3	67	26	78	85	97	90	15	64	66	73	58	74	96	35	76	64	78	74	42	47	94	52	85	88	18	57	4	25	89	31	21	97	96	11	83	70	23	83	76	78	32	49	2	27	56	30	22	62	76	50	76	21	95	6	81	79	48	95	30	91	90	18	40	79	6	50	1	64	91	33	63	21	38	32	88	67	79	54	48	81	63	98	60	17	52	27	18	57	33	29	3	19	100	29	13	32	72	69	12	62	57	69	31	48	67	7	77	45	86	18	84	99	1	92	99	69	83	99	76	9	99	74	78	99	63	64	41	34	15	90	93	51	44	12	29	51	99	60	4	22	78	76	26	87	22	81	95	26	67	35	72	94	21	70	54	25	65	51	99	64	80	9	
43	22	21	65	80	24	78	55	5	17	78	42	3	16	70	53	90	17	58	6	27	76	38	84	43	61	9	32	23	90	10	62	71	62	27	60	28	97	84	37	26	90	70	15	82	62	94	86	34	80	90	54	19	93	75	10	76	2	65	26	52	24	8	68	1	46	47	31	43	22	67	90	84	58	39	55	17	24	62	85	3	18	86	12	35	34	46	42	7	69	69	49	52	58	96	68	17	26	47	12	21	39	41	81	61	8	64	46	86	10	47	87	69	33	71	76	44	49	71	44	75	81	18	90	76	71	94	27	82	59	24	16	3	46	7	51	97	28	86	83	42	71	59	64	33	59	51	36	38	37	94	84	65	80	86	77	49	88	50	72	24	93	35	20	95	1	95	100	13	62	92	21	98	77	9	90	21	47	79	11	94	54	62	68	99	56	99	13	92	95	9	18	46	48	87	11	58	52	37	3	
43	39	15	9	34	55	68	8	1	61	44	16	41	46	77	85	92	90	68	94	25	10	74	68	61	31	96	15	52	16	56	41	51	14	8	34	86	89	32	19	44	8	47	64	62	63	75	93	38	86	71	43	16	41	23	46	34	36	75	66	26	81	64	10	68	98	92	82	72	86	85	53	56	6	98	49	80	67	11	30	71	38	100	99	24	52	99	14	29	38	80	83	4	23	94	43	67	54	73	54	89	89	28	57	11	2	64	84	25	90	91	69	29	24	29	67	90	96	94	12	74	87	56	9	1	45	62	39	60	27	96	49	22	52	97	99	88	51	68	69	19	8	1	56	1	75	79	97	80	100	29	3	46	53	20	57	39	29	17	61	26	82	25	9	43	1	74	20	24	47	69	16	21	88	62	4	47	96	57	44	32	36	82	13	15	57	84	95	12	44	63	1	21	87	26	6	79	4	62	13	
82	52	98	84	87	87	40	59	15	33	93	5	68	97	33	46	49	10	69	21	65	79	84	27	12	68	13	3	29	27	53	98	81	23	2	67	66	11	65	21	33	36	64	66	94	75	81	69	14	37	63	6	22	58	11	93	3	56	99	49	21	25	58	66	45	19	90	14	11	53	41	35	48	33	5	19	53	30	19	83	87	75	82	47	85	25	40	91	55	7	82	25	27	28	50	21	31	11	47	82	39	82	22	13	23	13	58	6	26	48	25	39	86	53	59	22	77	48	59	84	80	41	82	47	19	39	11	66	64	82	71	4	96	81	60	54	50	16	50	4	88	43	7	61	45	54	80	27	67	7	22	87	52	85	29	10	27	24	73	33	82	57	47	45	57	61	65	90	77	40	86	56	40	49	20	50	17	67	3	56	12	34	79	33	5	8	73	32	14	3	88	59	13	74	73	65	20	10	44	89	
18	57	98	72	2	80	16	44	67	31	81	25	36	15	29	96	84	54	48	35	76	65	65	78	54	16	86	44	31	83	23	98	3	65	29	16	79	26	66	91	100	25	100	73	86	93	69	95	51	30	27	74	83	88	84	60	96	17	66	4	50	77	36	31	82	30	47	47	23	80	57	43	89	99	99	18	13	6	47	33	52	63	46	94	45	35	81	20	82	28	92	17	67	52	74	59	88	25	3	46	67	59	50	99	41	79	55	88	31	25	93	4	88	73	38	74	67	72	8	82	84	9	44	9	29	31	18	42	75	14	35	69	31	7	77	90	26	73	51	51	42	99	55	70	37	56	75	65	1	26	36	7	97	67	33	6	96	37	81	17	72	32	10	31	62	20	36	47	72	26	18	57	83	29	2	3	80	86	37	15	75	100	48	85	81	22	78	76	5	99	83	46	36	61	41	41	65	74	56	4	
22	97	38	88	50	55	6	90	8	69	14	45	40	93	7	52	33	33	70	16	10	16	32	84	68	40	84	48	61	36	55	5	32	80	63	70	83	31	16	65	46	57	30	58	34	38	14	51	4	47	3	45	77	69	38	25	74	80	4	53	27	35	97	36	95	43	23	21	12	7	18	47	11	10	2	49	68	67	86	3	73	71	37	28	67	39	61	57	99	35	97	94	77	98	100	28	87	49	58	92	24	39	71	29	46	94	4	1	68	35	12	6	93	97	11	60	33	8	16	67	82	33	64	9	79	100	29	13	37	65	42	89	50	79	38	83	44	97	36	13	48	63	71	99	69	9	11	54	88	17	8	65	80	32	56	17	68	66	8	2	28	100	4	55	5	98	80	38	70	6	96	10	68	11	57	44	61	47	100	36	62	27	79	92	17	38	92	87	96	69	42	52	45	49	27	25	15	9	77	57	
24	45	78	78	34	92	53	23	35	57	61	1	32	57	66	8	42	13	78	81	47	2	25	30	52	50	3	78	90	64	79	59	7	67	27	38	67	10	1	76	71	12	1	74	80	86	37	30	47	27	48	27	100	88	72	54	32	57	20	81	42	36	4	81	65	75	22	68	5	92	28	27	37	33	86	85	38	77	77	26	72	14	30	95	8	12	92	23	85	50	22	38	98	73	36	47	88	33	33	74	65	32	8	19	80	29	83	86	67	51	53	66	85	28	90	48	53	78	11	99	6	8	95	10	58	19	38	71	27	22	92	86	10	80	63	71	91	62	33	87	26	2	21	88	38	70	13	2	80	34	2	56	58	68	44	80	46	22	84	38	82	96	92	91	100	48	26	65	23	31	99	51	69	94	37	9	60	22	75	28	97	85	50	17	61	13	34	100	91	98	3	79	28	3	6	45	55	34	20	9	
78	43	30	94	31	9	98	22	17	89	42	61	29	29	81	25	41	75	45	46	68	98	14	66	23	63	6	49	35	60	36	1	97	50	92	86	56	96	11	9	29	10	25	96	90	71	63	27	3	48	7	96	23	56	81	60	50	73	10	68	34	36	21	47	93	72	48	26	96	27	26	73	99	6	51	85	27	78	87	52	81	2	31	95	69	78	22	78	2	95	80	2	11	74	93	49	65	44	80	22	16	75	38	56	61	4	14	72	52	96	8	59	1	68	59	77	37	71	13	25	97	98	58	3	40	20	75	92	6	7	81	98	41	34	38	24	81	97	18	58	4	72	67	38	62	70	93	23	20	27	55	98	72	2	89	47	37	100	82	15	74	60	74	58	29	98	98	93	36	91	98	83	48	13	93	36	4	15	27	34	75	63	86	53	10	93	21	26	31	3	40	2	95	86	10	72	13	68	50	35	
15	36	29	62	98	18	4	28	31	93	79	84	26	67	71	65	11	14	24	51	92	37	80	18	66	25	71	6	43	4	68	88	2	84	6	52	71	50	56	57	84	13	48	35	54	43	6	74	45	27	96	14	71	13	49	50	36	72	100	3	38	10	18	63	70	47	84	35	21	85	21	50	6	3	53	99	79	96	81	43	63	25	71	86	9	98	11	2	98	60	24	6	55	11	60	62	83	34	62	51	87	1	83	39	12	27	55	14	72	72	38	96	91	60	77	18	44	67	37	58	22	27	63	58	67	78	38	80	2	97	33	1	49	25	69	8	72	32	22	27	22	64	93	5	32	17	88	46	95	33	94	2	27	75	65	19	12	49	56	46	14	15	25	8	17	67	71	93	76	64	62	96	49	60	87	21	55	100	48	59	49	29	50	7	77	9	73	89	73	87	53	18	42	93	64	15	40	69	6	44	
42	32	48	94	13	24	49	37	50	20	15	92	7	12	43	61	71	13	83	28	24	10	30	8	70	83	53	65	44	12	75	11	53	75	88	72	19	43	16	93	35	63	78	76	19	16	22	83	77	100	23	71	12	83	89	28	49	79	50	75	54	85	7	12	5	53	8	50	29	97	77	15	7	22	47	8	89	31	53	2	19	23	54	67	67	92	90	5	62	25	30	1	73	18	58	5	74	80	80	46	34	25	52	41	58	53	42	81	43	34	59	59	54	32	6	21	2	33	41	79	61	72	45	70	30	94	98	87	100	17	73	21	72	65	33	58	76	9	35	72	87	51	69	12	52	83	49	32	4	82	27	9	98	78	56	34	99	27	52	77	84	77	69	61	54	11	38	65	34	60	4	52	83	93	36	41	23	17	44	62	26	10	69	50	48	70	49	46	18	91	22	44	87	27	97	82	1	14	63	65	
47	60	4	81	69	39	86	85	100	74	8	95	72	71	86	95	48	48	9	44	56	41	14	45	41	100	36	9	10	88	17	73	54	69	32	70	84	73	29	67	5	43	11	64	93	41	58	88	69	88	56	13	83	92	57	26	26	97	75	81	69	42	81	57	87	85	6	21	65	68	80	52	55	46	67	86	5	38	21	85	93	23	4	66	92	42	63	27	52	74	45	68	5	97	74	55	100	1	65	42	17	22	78	19	83	28	34	83	94	72	75	27	23	35	3	81	52	90	88	13	87	34	45	23	40	46	27	81	16	19	39	89	10	91	91	36	29	9	21	32	97	88	65	28	5	3	79	98	47	100	58	9	85	14	92	78	45	40	3	75	56	23	80	89	10	92	89	61	73	100	4	21	76	71	21	10	16	37	70	53	25	38	50	48	8	5	68	8	94	37	57	25	48	98	50	12	24	51	58	97	
4	20	4	18	33	40	93	15	32	55	12	53	50	20	18	8	11	76	52	45	69	21	56	86	85	14	24	2	2	38	7	57	88	39	13	100	19	13	64	56	1	30	73	78	75	23	11	84	38	72	81	49	89	57	14	63	50	36	26	19	42	9	93	100	19	50	47	10	88	77	39	37	87	47	28	71	4	79	23	51	96	19	7	65	64	63	24	55	16	35	36	65	98	94	76	81	71	74	10	66	31	41	8	72	71	65	37	88	91	71	98	61	100	74	2	72	63	22	11	1	67	22	31	5	26	10	55	66	60	59	98	82	70	74	30	40	5	23	48	49	94	92	74	9	96	87	42	69	31	54	68	6	51	45	18	44	98	36	37	94	39	34	27	54	64	54	3	73	53	2	43	26	35	44	42	89	61	72	41	95	33	37	37	40	26	89	18	12	8	67	16	21	71	12	75	53	32	16	61	28	
42	40	34	54	93	60	20	5	49	31	66	17	14	41	62	52	43	15	51	67	87	83	3	4	83	51	32	88	12	27	55	38	24	26	35	30	90	45	97	95	85	34	2	74	10	46	93	60	25	54	60	50	28	26	63	21	49	47	54	5	93	12	36	79	1	21	81	40	77	3	20	91	98	68	70	11	31	35	22	77	46	79	12	44	43	26	13	23	22	19	5	83	39	4	97	34	10	82	40	100	96	8	78	73	37	10	41	98	8	25	86	20	30	88	82	31	43	54	37	87	59	15	91	99	60	36	44	30	39	66	77	22	95	80	97	77	86	2	32	8	36	26	4	6	82	96	26	32	91	6	42	19	74	23	78	88	56	34	41	27	64	79	31	30	17	85	96	40	40	62	25	82	37	9	50	25	53	68	87	5	22	68	80	52	33	57	41	68	85	54	31	53	22	34	67	79	78	76	63	48	
76	22	63	77	22	54	64	33	11	36	30	16	5	9	96	59	69	78	35	28	4	31	75	8	51	19	49	67	57	95	6	18	58	84	6	2	73	15	10	28	18	3	93	42	76	34	3	96	74	32	50	36	49	26	50	49	78	88	29	1	13	81	99	38	64	41	65	83	21	29	37	37	92	36	33	52	31	63	83	88	59	28	59	65	11	9	84	12	95	53	22	13	63	47	2	20	50	51	91	44	79	67	20	32	26	17	40	54	86	48	46	61	87	90	70	59	48	91	32	6	14	45	7	87	20	4	17	43	90	27	6	82	76	47	69	57	100	69	64	76	63	14	13	84	10	73	8	96	30	2	34	38	77	65	22	92	3	86	25	18	63	73	62	71	37	99	80	19	72	14	73	88	49	91	21	90	99	70	27	77	43	94	28	55	31	36	52	71	34	80	25	89	89	51	89	44	44	66	26	64	
79	39	73	89	25	36	90	8	64	22	49	77	36	96	55	70	27	17	54	39	36	65	18	85	67	26	42	66	12	78	17	1	7	94	49	3	48	19	15	50	100	47	56	47	2	36	56	17	80	57	73	72	79	97	36	47	88	15	53	92	71	82	43	1	45	52	98	21	58	27	26	14	47	77	46	32	31	79	96	38	46	30	39	53	42	55	54	32	72	87	15	21	15	95	46	31	38	44	62	92	96	46	83	58	1	26	51	68	35	50	74	87	30	3	38	19	67	95	16	30	60	21	33	9	42	38	69	57	75	21	71	67	69	94	9	57	50	47	41	99	1	65	31	46	72	83	87	6	63	28	66	66	76	56	54	67	98	79	25	37	33	16	100	35	50	61	30	64	82	41	27	15	95	41	9	4	25	46	74	63	65	54	60	24	1	90	53	64	46	42	67	88	11	75	75	89	30	97	23	77	
1	99	32	75	85	61	56	87	78	15	14	75	17	39	75	73	56	14	15	93	92	9	93	42	20	46	50	95	57	18	51	20	68	89	43	59	37	29	88	84	16	51	33	94	65	75	99	66	4	20	10	100	50	75	26	54	29	53	8	93	5	18	49	10	30	11	65	12	78	74	29	20	71	85	66	55	74	87	92	76	53	18	61	45	77	6	15	14	74	98	68	89	77	41	96	73	70	26	10	97	52	15	68	84	10	100	43	54	72	100	50	59	77	84	82	41	57	1	60	8	53	14	54	35	85	38	90	9	62	92	11	89	39	82	23	15	51	54	74	82	5	74	94	44	54	42	29	75	89	94	60	8	18	27	32	32	75	96	3	92	17	97	65	81	48	19	86	48	39	92	5	51	100	74	55	82	95	89	56	27	64	58	39	83	86	93	83	59	34	7	60	99	48	59	57	76	54	40	26	7	
17	1	4	25	48	20	85	49	42	92	11	56	11	55	15	24	93	2	2	100	61	10	78	75	29	29	59	77	47	37	97	83	85	92	23	81	17	44	50	30	25	35	73	52	26	66	49	4	53	81	68	3	75	81	19	5	1	92	93	8	3	84	78	26	88	85	93	25	52	93	38	31	18	53	6	29	21	27	66	19	79	89	58	28	53	22	54	77	10	66	39	93	17	40	45	79	42	67	88	9	50	26	40	78	12	41	1	48	37	25	87	25	73	29	13	15	91	51	43	60	26	37	1	31	3	14	73	61	57	13	79	43	48	71	20	63	88	19	9	34	96	40	91	40	89	92	87	30	12	29	30	16	42	100	7	42	24	51	98	15	30	13	9	73	72	99	34	13	98	8	32	75	38	85	76	38	91	32	71	47	77	67	4	90	50	1	40	20	42	39	52	15	82	35	93	59	47	47	79	91	
27	26	14	11	33	88	38	47	17	59	60	57	41	73	81	21	4	98	89	47	4	56	29	63	66	54	28	31	73	70	40	26	59	30	55	91	77	76	87	100	52	26	91	85	52	26	21	50	27	42	34	38	54	69	42	93	13	71	5	3	19	50	73	97	65	5	78	76	74	32	39	14	37	55	9	6	49	57	73	75	13	25	89	78	67	92	84	65	20	19	72	88	94	45	92	7	16	65	87	40	55	58	42	61	14	43	8	9	36	27	45	28	83	79	81	11	85	95	24	46	10	31	32	26	61	71	73	69	17	37	84	29	36	27	43	38	59	26	64	28	23	95	84	70	17	3	84	40	71	2	58	8	17	21	59	24	52	86	95	76	51	17	23	61	87	63	27	68	46	62	74	46	39	24	15	82	91	44	6	44	86	91	47	91	70	67	13	9	56	9	1	44	22	40	6	9	15	71	90	74	
65	32	4	22	50	57	69	94	60	67	95	31	44	51	34	31	97	52	15	32	70	30	10	71	22	98	26	99	95	69	80	99	58	14	65	35	44	25	48	94	11	63	91	88	24	81	25	77	35	36	36	10	85	42	9	12	81	82	18	84	50	8	30	42	13	47	98	84	38	41	67	68	28	65	44	60	88	99	88	2	16	6	77	26	41	55	100	39	14	32	70	43	58	13	49	70	36	88	12	77	89	58	63	79	94	47	16	26	57	27	36	10	6	15	91	50	94	92	6	3	71	64	78	98	21	56	86	89	4	82	84	90	9	99	57	39	46	50	18	56	21	72	25	92	2	15	64	91	32	8	89	12	36	55	71	65	14	70	42	45	91	97	81	38	65	90	49	77	41	63	87	47	78	39	85	22	92	12	55	39	9	39	53	83	17	21	77	46	17	9	37	3	50	15	96	5	80	81	65	63	
29	95	74	77	10	35	71	98	41	98	99	88	64	5	64	46	92	66	18	38	27	26	49	70	68	34	28	85	80	81	53	28	82	17	45	69	46	64	30	51	12	57	15	18	8	64	58	36	97	4	21	18	7	81	93	36	99	43	49	78	73	30	51	6	73	19	44	54	89	76	78	70	39	68	38	82	25	24	59	52	7	52	85	70	61	94	24	23	21	29	81	19	14	98	99	52	1	58	3	3	77	50	72	30	60	1	75	11	40	9	26	42	84	30	26	28	12	67	82	79	61	36	64	54	55	25	87	32	33	41	51	88	75	67	51	77	64	20	61	20	35	81	46	99	71	88	28	5	26	93	92	99	63	16	38	62	27	96	31	26	83	51	5	39	35	74	37	72	42	64	98	31	61	39	20	93	51	91	33	29	94	94	94	88	92	15	89	89	79	28	10	82	35	28	9	60	43	28	59	4	
92	84	4	47	63	72	25	76	66	94	43	31	55	43	71	98	89	79	97	55	67	87	34	67	59	25	60	60	16	67	2	85	17	19	58	28	37	86	99	87	76	59	68	57	68	10	66	31	36	81	47	63	12	57	100	79	38	1	10	26	97	42	6	3	30	78	32	11	100	73	68	37	41	67	85	71	92	72	81	66	13	18	59	40	78	81	5	85	26	41	5	50	65	45	38	81	74	46	37	1	91	98	9	12	72	89	61	92	72	19	95	12	32	71	51	71	72	42	40	45	66	79	95	75	59	74	48	16	17	91	20	10	64	74	38	97	84	33	24	52	59	63	76	90	30	14	58	54	85	29	66	98	55	98	42	95	47	11	27	66	96	72	45	61	58	20	90	56	71	4	44	11	10	89	17	50	92	36	90	39	87	51	10	95	29	73	96	98	77	87	58	84	42	23	92	3	98	75	40	74	
43	86	30	3	39	31	95	58	89	68	2	91	4	63	33	45	36	2	36	16	90	12	75	14	92	52	49	56	3	4	65	67	82	74	97	17	19	1	57	20	86	74	57	4	1	68	45	82	95	65	93	70	5	87	19	1	64	45	30	88	65	13	73	30	55	78	28	80	29	65	16	57	78	10	65	49	90	94	85	75	72	26	34	33	56	63	92	71	13	11	91	65	38	20	29	76	43	83	1	32	6	40	94	3	98	60	21	29	38	12	44	65	41	67	64	83	82	62	20	54	92	89	94	56	91	35	61	65	99	73	84	34	77	66	29	63	55	18	30	42	93	30	18	63	55	8	69	77	68	76	10	14	89	27	40	27	2	44	8	35	66	78	79	56	82	42	35	87	18	89	38	29	73	68	6	87	70	28	22	71	77	71	11	97	28	32	5	38	100	60	5	24	68	98	15	5	28	48	55	89	
37	37	80	18	30	15	79	35	16	26	32	58	35	10	37	13	39	90	47	13	66	68	87	84	12	15	26	99	44	72	9	68	21	45	100	24	25	33	60	26	100	80	42	25	46	98	19	30	43	75	72	47	53	85	50	21	41	52	11	85	5	47	19	78	78	98	85	41	13	25	59	93	94	79	30	93	63	33	26	17	2	39	5	42	24	63	41	37	49	87	3	18	69	100	87	19	83	64	30	35	27	88	33	43	76	68	57	15	12	36	73	75	30	56	87	31	53	50	56	22	19	82	49	38	24	79	20	72	34	20	17	29	50	62	87	4	17	64	37	69	35	16	36	53	85	74	65	8	80	35	23	6	47	12	67	51	100	48	45	97	2	72	97	40	82	67	38	24	82	22	90	83	8	30	30	5	29	89	87	30	37	38	48	43	1	66	90	61	18	89	68	92	78	81	58	92	99	58	16	58	
41	59	21	96	31	26	64	81	29	46	26	62	31	77	18	68	28	55	48	31	54	29	10	54	89	81	83	49	93	89	27	94	6	36	67	82	82	95	84	94	35	4	19	89	47	92	90	47	23	22	48	84	8	6	47	81	65	98	65	93	78	98	44	32	28	85	84	46	44	98	25	79	32	18	97	13	98	78	26	33	88	52	45	58	58	35	80	71	52	14	36	29	63	59	77	25	52	98	53	70	95	90	3	8	34	82	19	46	93	39	26	41	76	47	39	43	17	48	55	35	77	48	85	65	97	79	17	4	81	18	100	7	31	74	76	4	70	4	16	55	76	62	30	48	14	93	46	91	52	87	54	19	87	18	61	78	50	62	83	59	89	76	87	99	80	88	82	96	41	47	68	38	18	22	11	22	19	25	79	17	65	21	92	86	20	8	45	91	1	94	43	56	27	57	41	19	97	41	56	65	
51	25	70	20	5	33	80	2	15	76	100	74	26	78	46	86	61	61	100	91	48	79	71	78	29	22	92	31	49	37	6	11	20	81	17	22	2	41	45	20	80	4	86	31	31	82	14	47	21	68	26	35	50	21	10	40	83	21	12	25	76	84	54	11	80	41	46	14	69	39	68	71	26	14	98	96	48	32	36	48	42	91	46	52	68	45	67	16	87	46	74	29	43	91	49	76	44	55	33	30	98	91	13	41	53	36	2	48	83	58	64	71	44	80	49	61	41	12	6	30	96	70	41	4	58	80	45	94	30	26	63	20	64	54	52	75	6	47	29	24	61	35	84	73	90	22	34	30	68	7	92	39	16	82	41	74	20	62	28	24	66	39	59	92	68	34	91	55	95	67	51	73	74	13	61	61	63	47	7	46	27	72	52	80	81	23	64	57	68	91	33	10	76	96	30	84	39	13	42	64	
92	77	29	2	3	65	38	9	97	15	40	8	42	23	45	4	7	20	27	19	16	12	74	92	32	54	76	53	98	7	78	96	93	19	3	28	82	77	69	36	53	84	4	21	43	72	11	23	12	5	96	21	29	65	88	77	21	58	78	52	74	38	89	100	29	13	44	69	23	59	28	37	22	65	13	50	54	36	32	70	25	38	76	56	92	29	5	61	96	21	89	3	42	32	26	63	62	31	86	83	6	8	81	32	86	1	17	96	32	17	83	71	100	1	22	8	78	44	8	71	27	73	15	11	24	8	22	30	61	20	40	35	20	22	10	60	17	84	67	53	51	85	74	69	37	40	44	25	20	13	96	26	61	37	21	62	35	75	8	66	9	12	15	95	45	79	18	90	84	90	4	97	64	77	55	36	32	72	78	39	95	97	13	91	84	91	89	80	32	32	30	48	35	24	73	5	41	58	77	73	
16	56	91	72	16	44	2	94	13	95	66	57	25	91	19	68	53	100	17	94	39	23	71	59	58	100	30	95	67	24	45	57	90	70	45	3	12	50	43	59	77	78	62	97	22	86	53	80	7	92	27	85	97	68	77	3	29	27	74	93	32	41	76	73	65	25	98	39	59	61	23	6	59	40	51	47	5	71	84	81	25	94	37	82	2	67	44	40	27	54	68	1	56	73	62	13	53	21	21	12	75	63	14	53	84	66	90	20	57	62	19	35	84	1	89	82	17	3	86	9	92	2	76	85	79	6	25	52	92	34	34	22	21	36	71	64	57	58	26	45	15	30	44	5	27	10	23	87	95	24	82	35	20	45	6	32	54	16	97	51	86	52	15	73	86	90	58	54	35	43	22	17	48	44	56	4	57	51	4	83	19	26	6	27	63	97	58	46	55	73	21	99	79	88	100	1	64	6	98	50	
37	49	54	43	62	69	21	43	67	66	53	36	82	34	69	84	92	1	100	78	93	8	98	85	43	75	63	87	96	76	71	59	94	52	81	74	65	93	58	43	63	62	92	96	67	85	41	57	18	28	26	21	77	80	39	20	37	26	29	38	39	67	78	68	16	59	25	68	28	23	4	61	1	4	56	4	44	47	99	36	15	14	63	8	2	95	37	95	78	41	86	49	70	33	59	50	7	28	39	12	72	72	12	60	59	69	71	52	30	70	2	58	50	58	36	70	44	100	71	92	5	74	37	100	18	22	12	49	83	43	12	55	47	62	62	43	82	78	91	54	22	29	76	51	5	41	89	6	60	6	65	36	19	43	80	57	15	35	4	34	17	95	63	19	67	10	80	24	23	89	27	95	2	52	55	11	21	81	35	87	96	87	44	27	60	78	14	76	83	85	16	51	48	53	91	87	16	64	95	47	
42	27	24	95	17	42	5	51	61	47	69	43	78	94	17	39	25	97	45	11	64	16	13	89	65	29	7	20	23	43	33	7	81	40	53	25	32	75	31	52	24	33	40	11	90	53	35	43	47	27	73	50	15	52	37	91	37	14	20	31	14	68	70	37	57	93	79	71	37	6	61	33	17	90	98	16	99	91	88	54	88	18	25	6	2	63	36	93	23	66	20	44	54	83	66	86	59	85	36	43	82	29	64	16	48	27	52	66	21	26	68	71	47	55	43	31	87	37	18	64	67	97	7	99	37	46	43	99	63	42	4	9	81	42	57	84	91	33	63	48	82	22	44	41	6	67	96	58	25	99	73	87	2	57	80	1	28	65	40	95	15	41	25	3	78	82	44	53	4	33	86	95	82	100	8	48	8	50	1	82	28	98	56	24	57	2	71	50	14	73	44	65	62	88	60	62	94	91	95	15	
60	70	75	15	89	52	16	14	28	37	31	92	70	14	70	88	68	44	55	29	46	42	13	58	41	15	59	2	73	96	68	9	98	43	72	100	64	41	84	73	18	61	1	83	84	56	48	89	11	37	99	6	7	55	87	98	92	47	71	18	37	28	39	41	78	94	32	26	22	59	1	17	28	53	54	86	39	61	68	42	7	38	55	98	82	49	12	30	69	69	32	80	86	67	54	38	65	41	23	97	62	75	61	62	48	100	18	70	8	25	21	91	25	65	64	71	54	83	67	67	46	70	73	100	74	56	90	35	13	2	28	54	9	61	80	75	16	66	59	18	27	31	4	9	55	65	50	31	24	33	62	11	87	72	85	2	88	8	63	5	16	14	7	65	79	64	37	9	2	61	27	44	75	62	44	33	12	79	35	91	57	42	18	91	7	88	39	42	8	18	11	60	45	90	29	53	28	1	20	66	
64	100	10	1	95	74	77	79	81	42	25	65	63	69	19	100	70	57	61	34	60	2	84	71	17	16	96	16	17	99	38	78	51	16	60	59	40	57	66	88	86	37	67	70	58	6	33	99	10	33	6	3	22	46	47	68	36	77	85	53	55	65	68	67	10	79	18	14	65	40	4	90	53	59	90	90	52	47	89	96	4	86	84	90	30	95	66	73	89	63	98	71	13	19	9	69	72	69	4	64	90	36	30	33	95	27	85	82	96	96	98	43	85	7	13	25	25	30	71	62	77	54	68	96	44	86	26	75	24	11	79	96	9	93	96	32	12	10	59	82	76	62	19	52	14	40	52	12	30	37	4	17	20	67	10	41	36	5	34	3	40	31	32	30	28	100	67	3	99	8	64	54	85	34	22	56	32	81	87	78	35	10	38	44	25	3	66	91	26	26	79	68	57	80	89	35	49	58	51	37	
51	54	33	4	79	74	69	40	33	71	45	85	89	59	44	16	41	68	63	3	49	20	86	100	42	38	88	29	45	20	8	61	29	84	52	13	55	53	77	15	21	26	50	23	39	98	5	99	2	86	51	53	47	67	28	70	33	46	66	6	9	44	38	85	65	30	97	98	13	51	56	98	54	90	69	17	48	33	100	15	15	13	17	11	91	12	58	40	85	82	15	9	31	73	61	95	86	12	33	80	9	70	13	55	4	24	79	97	24	48	85	32	31	36	71	49	89	19	46	98	76	9	39	94	10	51	6	28	98	3	64	36	27	67	54	89	71	30	69	53	97	12	45	93	86	98	49	61	73	9	100	65	57	29	11	22	7	55	71	3	30	83	23	7	43	51	27	86	8	24	94	3	22	45	60	5	75	54	47	55	35	88	4	38	97	29	50	45	49	88	76	20	79	17	94	56	14	78	37	28	
47	98	75	37	56	83	91	50	63	46	17	71	80	75	25	87	84	64	84	64	23	76	88	75	7	13	75	85	81	41	91	1	25	21	7	32	75	86	77	50	1	90	67	83	55	49	19	18	49	85	85	99	8	86	71	11	52	32	55	29	6	60	82	71	49	93	13	96	50	47	4	16	86	90	17	67	16	54	52	23	65	100	73	35	55	6	2	34	32	21	16	38	100	28	1	74	22	100	70	27	6	63	65	57	3	26	90	65	87	12	42	30	90	80	77	12	42	12	82	59	16	58	26	29	85	74	83	74	57	34	19	56	60	100	19	43	69	35	57	4	50	75	77	96	93	82	76	33	3	64	8	24	54	25	50	33	18	57	40	25	99	2	22	51	44	28	33	92	14	30	95	27	33	42	75	48	78	1	28	24	100	8	96	68	77	11	53	41	99	35	66	44	6	88	60	34	14	44	30	70	
2	54	42	9	88	41	5	26	71	54	18	81	81	41	90	44	61	75	94	36	3	89	41	44	91	22	6	27	48	25	17	94	75	39	15	98	37	43	97	15	34	48	52	76	17	80	53	13	68	38	27	79	89	5	4	31	31	31	74	21	49	88	25	92	90	63	98	48	54	5	44	99	39	52	48	16	73	96	88	98	97	12	62	57	23	30	44	3	3	49	86	22	21	5	71	32	24	5	60	47	24	44	87	28	97	55	2	16	88	57	37	3	47	95	55	30	33	18	90	35	16	18	39	99	40	89	33	93	39	60	38	26	46	47	19	21	42	97	8	76	38	36	97	54	19	7	5	28	63	5	42	69	86	5	6	34	76	22	36	4	34	80	76	65	86	28	97	82	53	27	10	68	88	72	43	52	24	7	68	73	16	84	84	69	4	99	81	54	48	86	28	42	72	37	73	43	75	31	15	18	
26	82	40	34	31	59	47	37	33	53	10	81	19	30	31	69	67	88	48	58	24	44	10	3	50	7	34	51	18	5	41	33	24	72	79	79	71	98	83	41	70	53	95	78	24	67	30	6	67	77	78	96	31	38	79	35	63	79	87	27	57	99	24	72	94	33	78	32	36	71	47	91	61	47	33	54	96	6	90	47	41	44	94	88	79	6	57	74	58	23	87	19	92	71	99	41	76	98	79	72	2	60	68	1	55	49	88	49	80	40	31	78	69	70	10	76	44	48	68	67	73	16	48	92	19	21	54	17	99	36	29	100	71	25	86	85	39	52	75	94	78	75	96	93	33	80	87	72	51	48	65	17	52	61	83	44	89	42	81	35	35	58	62	45	83	31	42	38	11	69	66	97	18	14	34	37	62	94	97	90	18	41	1	19	1	1	98	65	45	24	71	67	43	81	57	32	43	47	52	100	
34	75	100	22	35	82	80	65	20	32	90	58	74	71	13	61	50	79	100	2	43	47	47	62	77	69	18	34	53	37	83	48	1	1	74	72	28	74	35	53	13	52	82	32	62	11	19	47	86	77	87	81	53	21	23	22	83	96	92	66	73	88	59	81	85	26	26	36	32	84	99	88	68	89	100	52	88	90	40	50	32	79	38	98	56	56	64	14	55	3	62	67	6	94	3	6	38	86	50	46	33	9	75	61	29	38	8	91	74	52	80	85	41	16	6	56	84	38	16	21	58	28	19	93	36	17	9	45	25	56	58	7	11	30	65	94	48	44	20	22	100	77	99	50	59	90	44	8	69	19	51	64	35	53	27	14	62	21	12	72	13	48	12	32	7	5	43	86	94	18	10	3	43	21	41	98	27	84	39	56	25	92	5	90	31	2	73	43	50	72	96	95	14	81	72	89	1	1	30	65	
97	37	86	84	12	58	83	88	7	69	23	6	7	93	65	79	99	58	84	2	36	42	73	42	52	60	54	82	87	77	9	53	85	11	21	67	37	24	25	11	23	63	95	49	85	30	83	33	3	26	52	43	2	85	51	77	88	38	76	19	75	2	52	66	75	17	33	48	70	81	36	54	42	96	15	23	98	47	50	39	34	82	43	11	80	55	96	36	11	18	31	57	72	47	49	3	61	55	21	71	97	65	89	2	71	71	57	69	43	58	84	72	83	38	33	25	100	40	92	84	24	44	82	98	38	96	26	40	43	71	35	63	87	42	77	32	59	58	75	66	51	31	41	23	63	1	1	81	33	54	55	20	68	41	44	67	47	13	68	21	70	64	78	40	88	88	65	61	48	99	22	75	99	83	91	76	30	27	70	47	58	17	39	77	80	11	100	23	67	55	88	13	35	98	27	32	48	8	15	19	
47	71	5	54	85	12	44	15	100	3	62	53	69	31	5	16	88	80	83	54	22	40	80	24	81	30	12	4	64	38	20	74	20	57	37	17	8	55	94	43	5	89	87	2	3	71	87	52	73	72	81	63	19	93	96	46	59	46	53	79	13	16	7	13	72	2	88	42	25	25	15	88	7	4	15	65	97	41	32	34	36	94	56	78	60	14	15	59	78	18	86	53	28	72	39	84	7	5	21	81	98	60	79	90	82	43	7	27	95	36	87	74	16	27	62	38	42	88	37	87	44	32	38	2	90	72	56	53	73	19	41	17	3	85	20	35	87	18	81	20	19	23	51	15	86	58	48	15	85	2	15	13	98	80	12	14	48	97	4	92	94	52	81	67	55	6	48	45	12	21	66	73	100	66	84	46	26	35	2	17	40	1	66	81	61	89	96	13	31	28	55	90	99	34	27	95	26	18	74	25	
44	3	59	4	75	51	88	97	58	53	29	23	21	72	54	85	49	49	64	39	2	95	36	62	54	21	42	63	43	42	86	44	50	28	39	27	79	52	44	44	14	90	98	27	18	38	75	63	71	14	2	25	23	23	19	79	28	30	18	89	25	6	52	18	26	39	52	91	38	94	14	18	38	86	13	100	12	44	79	82	94	78	62	81	32	60	78	62	92	60	90	13	83	64	18	75	78	82	11	75	79	94	81	20	71	7	13	6	52	43	92	56	9	96	66	17	6	43	21	74	27	99	2	25	90	99	17	31	31	28	59	41	66	84	8	31	87	67	11	97	98	97	93	39	54	75	9	7	18	47	41	58	81	65	45	19	24	40	46	85	87	23	53	48	46	80	35	37	38	76	91	56	91	92	57	57	86	52	3	44	98	96	10	97	30	64	89	40	46	42	46	96	50	75	82	8	42	40	30	41	
54	35	34	89	43	50	83	71	41	33	4	16	94	37	28	100	98	94	3	58	62	80	69	42	12	14	16	44	40	50	37	31	5	6	67	16	93	6	84	10	76	33	97	56	86	100	82	46	37	30	31	71	54	4	7	12	59	39	61	58	89	77	85	59	34	5	45	46	76	37	63	25	55	84	17	73	62	94	38	43	56	62	54	28	26	96	36	15	34	49	13	45	76	4	55	10	94	67	38	56	54	78	33	56	84	79	86	60	45	82	90	53	33	95	34	71	81	34	91	25	1	62	10	89	45	82	96	29	11	61	77	7	90	45	30	72	64	29	80	50	43	95	7	50	45	85	23	66	56	5	78	77	51	38	84	73	10	20	93	7	76	2	67	59	17	62	54	88	90	91	60	71	63	24	19	91	22	96	57	10	68	21	86	59	48	62	38	16	4	28	77	25	41	43	72	24	51	70	88	60	
43	78	23	86	66	41	76	11	46	48	38	81	57	71	6	78	47	86	54	47	97	49	52	66	81	79	71	8	46	23	79	86	55	17	36	98	51	6	5	30	25	21	21	30	12	99	47	94	28	95	95	86	67	66	65	44	65	53	45	28	78	26	70	40	33	42	58	52	56	82	8	6	98	90	11	35	57	88	98	11	78	81	28	19	54	30	77	27	48	24	10	46	9	57	37	96	65	15	64	68	68	68	83	17	19	50	2	59	90	58	17	34	78	24	45	86	78	40	94	57	12	71	37	63	22	39	90	4	1	100	24	2	9	71	83	64	89	64	52	83	18	32	14	2	90	9	27	10	5	32	4	52	16	100	52	69	55	26	33	68	41	49	4	93	97	65	80	16	23	6	30	82	20	37	48	11	79	46	61	39	57	16	1	100	75	9	24	33	88	47	7	76	59	35	36	23	96	79	65	20	
13	98	52	75	38	48	49	88	87	37	45	65	28	23	73	25	51	23	86	18	14	54	18	35	29	42	34	86	22	15	79	55	3	16	61	64	2	12	69	6	69	98	37	22	35	24	85	45	67	8	69	9	67	92	64	43	11	42	77	53	67	41	61	78	56	24	58	68	92	2	2	2	82	30	91	55	23	79	56	80	60	32	26	54	39	35	50	80	93	49	14	43	21	18	23	68	85	70	7	91	38	59	99	24	44	11	71	21	41	76	85	63	25	16	13	47	77	68	31	43	74	87	6	48	19	82	46	12	38	45	20	33	58	72	95	48	28	17	17	78	4	16	74	13	23	50	43	53	99	33	100	85	6	42	67	100	61	14	34	25	29	50	36	86	26	19	45	11	4	38	23	8	13	94	86	9	51	49	50	47	24	24	1	32	31	14	98	72	96	49	56	97	42	33	13	95	99	84	75	42	
69	22	25	4	57	48	32	21	96	14	28	28	100	88	13	55	84	35	55	29	61	56	70	50	76	76	6	65	1	77	21	77	85	39	25	50	64	76	89	20	20	53	66	62	34	52	25	35	39	12	78	98	92	42	63	26	9	55	6	22	92	55	94	81	63	63	35	45	29	67	95	63	49	95	12	6	30	6	56	55	14	60	96	30	35	69	99	17	15	17	18	74	18	5	11	49	52	68	15	10	18	100	93	43	80	32	66	73	51	24	63	13	87	31	46	71	11	56	51	20	75	19	53	84	84	1	72	75	81	20	38	27	83	54	81	29	99	72	35	19	2	25	93	94	33	99	70	60	93	35	54	67	8	11	7	95	77	46	66	76	100	92	9	64	75	37	58	61	12	59	99	29	3	46	79	95	16	17	53	2	72	63	27	61	41	28	28	57	100	7	37	74	82	96	93	14	48	39	73	98	
19	18	20	98	53	73	41	37	45	68	57	79	53	17	18	79	18	51	10	85	2	7	53	38	15	18	32	43	61	64	93	34	3	61	49	21	32	37	85	60	54	34	56	76	46	99	40	81	61	92	22	11	90	63	24	13	84	54	15	54	84	100	24	5	92	41	80	67	5	44	37	36	12	66	58	2	44	57	64	96	15	78	36	77	50	99	6	100	42	20	96	62	34	33	6	1	10	10	73	40	23	94	96	11	19	30	33	78	1	77	75	86	60	77	27	77	18	41	80	84	34	12	70	4	97	90	61	10	69	89	61	15	99	72	78	51	26	65	77	78	33	100	59	20	69	41	48	46	57	27	14	76	25	13	28	2	27	72	63	49	15	18	67	49	34	10	31	25	7	37	88	73	42	8	25	94	92	42	33	30	16	41	97	27	6	57	68	35	36	32	25	57	6	65	64	90	26	74	24	30	
26	31	75	63	85	48	32	50	4	2	76	50	19	5	39	60	45	75	72	14	74	74	66	26	64	60	31	41	6	53	73	100	8	70	83	58	28	74	90	82	41	35	60	50	42	14	91	20	57	23	78	2	5	27	55	23	12	32	14	77	65	39	23	85	71	37	71	16	61	40	95	93	30	73	40	34	3	74	14	36	59	62	15	27	80	17	100	50	99	35	7	38	71	70	74	78	69	19	63	57	76	62	10	29	39	20	34	40	36	10	92	55	79	45	60	38	17	5	63	16	4	37	19	12	45	22	56	56	51	57	99	77	34	28	72	57	33	13	10	59	100	92	6	70	52	8	50	66	71	40	51	5	93	77	79	43	20	47	79	29	14	25	62	24	98	69	85	76	81	45	69	12	71	90	31	52	70	75	99	96	30	36	43	61	5	74	1	75	49	42	41	25	13	55	70	53	7	87	84	17	
70	36	64	3	27	85	96	88	1	45	58	1	85	96	40	70	87	99	17	34	80	64	2	98	87	63	56	98	47	64	73	99	23	2	88	3	50	86	53	52	7	41	19	76	7	29	55	82	99	85	2	98	62	52	16	22	95	72	74	10	20	14	21	26	13	49	52	87	96	27	78	23	69	89	85	32	3	58	55	11	78	92	34	48	93	15	42	99	38	50	48	66	57	39	9	52	65	66	57	35	34	37	34	67	34	75	93	78	2	98	4	16	36	76	85	61	59	11	76	18	81	13	82	1	78	12	74	77	82	34	96	11	27	73	35	80	13	14	11	47	68	53	15	10	61	28	65	46	4	78	37	85	85	40	2	35	59	9	58	81	93	4	62	78	43	56	55	2	59	12	59	45	78	17	36	24	72	44	10	98	94	93	37	49	80	19	11	75	23	66	40	81	89	82	70	54	76	22	12	9	
6	82	86	2	87	71	58	54	96	50	83	89	25	66	3	40	39	31	27	57	80	63	94	36	9	92	30	60	12	52	19	70	35	46	41	39	73	16	20	12	58	85	41	21	69	38	7	28	35	50	95	60	25	74	35	19	53	87	98	66	19	32	29	41	11	87	14	46	21	54	41	66	69	63	82	21	49	23	3	18	18	60	49	24	49	17	20	35	50	19	11	2	60	44	55	31	88	43	44	48	8	68	57	61	80	99	95	11	41	85	94	72	62	40	22	80	36	61	30	50	97	38	25	36	69	25	48	61	38	92	33	21	55	98	23	3	38	20	64	62	18	35	1	56	71	50	38	2	94	71	3	63	30	65	58	85	37	25	40	36	33	93	49	55	60	57	29	80	2	37	19	81	39	61	50	32	24	61	90	70	4	77	27	97	75	11	70	77	40	65	72	21	69	71	82	69	28	72	71	32	
62	63	39	17	59	8	100	81	85	85	38	97	55	49	89	21	36	60	50	81	13	81	90	4	94	74	69	16	6	53	88	86	21	48	71	61	24	15	85	74	76	46	59	95	69	80	82	92	97	22	80	24	30	45	36	5	22	15	68	39	72	70	81	5	91	3	36	74	89	68	86	20	32	98	15	16	86	87	62	31	86	90	13	10	14	18	96	7	48	11	30	16	50	93	4	68	17	67	20	54	90	18	91	52	89	68	26	97	75	38	49	35	65	22	8	45	13	81	31	48	66	33	68	34	70	96	37	77	7	60	1	88	98	15	5	93	62	25	62	17	95	77	53	81	72	54	14	74	71	64	96	23	66	89	71	3	67	50	48	60	37	4	86	42	96	84	32	13	23	49	88	65	61	35	84	59	86	32	64	86	90	69	88	57	11	51	56	66	87	17	41	42	11	73	27	65	96	65	54	20	
72	10	61	94	92	48	6	89	50	46	58	57	74	4	43	48	92	86	83	38	23	90	46	23	85	88	16	94	36	25	83	97	39	39	87	39	62	55	83	25	94	70	16	6	49	83	25	17	94	38	2	6	1	68	65	83	13	21	89	93	88	43	19	50	65	18	29	29	3	1	49	44	80	71	9	38	22	19	67	57	53	13	45	46	43	74	62	38	66	2	16	11	99	26	47	48	93	30	71	72	57	60	53	94	72	97	100	50	92	95	100	81	41	46	100	53	32	59	30	25	66	94	57	83	70	100	46	65	23	55	2	6	56	31	50	14	72	1	15	96	56	24	7	25	15	35	67	91	55	50	30	61	46	97	87	88	40	82	75	5	46	91	58	11	64	35	30	29	86	22	45	52	41	10	36	52	3	73	10	73	15	34	4	60	75	38	94	78	93	99	81	16	98	5	28	74	17	45	49	69	
85	58	93	12	95	91	56	31	25	90	62	59	53	82	98	42	31	11	75	29	16	51	31	46	25	26	80	43	91	98	89	70	15	32	86	3	86	70	60	14	63	60	12	81	52	4	27	67	77	98	11	55	73	5	98	39	63	15	77	17	94	58	14	65	38	69	63	43	42	56	70	54	86	13	31	100	21	92	6	72	28	83	76	9	21	18	34	71	57	60	50	99	95	47	83	67	11	1	74	22	40	8	5	76	81	63	66	16	5	73	10	63	29	19	22	74	55	53	88	6	90	34	83	14	73	98	8	25	12	4	77	95	41	78	44	72	68	67	49	59	26	1	82	38	37	70	28	92	63	24	6	6	3	26	70	36	37	94	72	31	83	93	85	85	44	29	78	96	45	20	86	95	59	35	42	85	94	69	37	93	38	87	64	34	46	11	48	49	31	68	41	72	36	44	24	44	12	36	14	17	
17	48	78	68	62	38	23	13	56	31	39	1	23	11	65	68	25	38	34	31	10	4	62	30	37	29	62	77	33	86	3	52	58	33	88	24	54	32	54	30	44	56	76	79	58	23	28	52	98	73	74	11	18	97	94	4	47	95	41	40	45	13	98	45	20	100	59	91	32	73	33	83	67	19	73	28	5	71	94	47	72	64	4	57	18	5	33	70	39	44	93	26	47	92	60	42	68	93	1	94	44	7	65	80	36	49	60	15	24	10	98	8	55	62	2	25	74	53	47	89	48	43	69	25	54	17	26	35	50	18	70	57	58	43	79	1	40	24	34	19	45	40	75	54	16	38	47	26	98	44	24	37	84	47	1	79	18	54	19	32	64	47	80	60	85	74	35	93	68	2	40	35	40	22	50	35	1	18	72	26	93	49	63	39	19	37	69	44	61	45	19	82	49	64	75	6	78	71	43	91	
80	97	87	79	83	63	35	87	16	48	36	10	7	69	86	74	62	86	67	33	20	3	87	73	8	92	18	43	21	30	67	59	72	84	81	78	30	89	20	34	41	68	85	48	96	94	50	74	100	36	93	60	58	74	76	97	2	46	96	45	92	49	99	38	29	87	77	49	26	62	59	66	54	9	61	1	71	99	3	49	39	18	55	37	23	11	6	74	9	55	4	47	83	60	14	67	40	70	47	13	43	34	72	77	20	53	62	21	82	95	15	97	12	60	20	70	62	39	58	12	23	56	21	61	70	91	4	49	44	49	21	45	77	47	39	11	81	79	84	27	86	13	16	19	97	8	62	93	2	63	52	33	81	56	38	20	19	79	38	73	20	32	97	55	42	49	94	46	77	31	67	59	45	76	88	69	78	20	2	91	72	14	53	31	73	50	48	79	59	89	87	18	47	96	53	96	64	63	72	80	
14	34	31	46	52	83	26	70	24	7	38	29	90	39	52	46	27	52	39	37	61	70	79	13	71	17	94	43	14	2	90	10	16	62	66	29	63	46	63	86	37	93	71	95	68	43	21	59	28	47	49	62	5	55	81	34	20	31	73	79	7	70	52	81	76	19	25	76	63	13	50	86	38	69	95	74	32	41	6	3	84	75	10	96	68	49	1	78	52	31	68	48	67	42	67	26	46	88	23	10	36	78	87	11	1	23	69	58	96	86	69	23	89	19	43	31	97	84	16	16	50	54	94	17	40	62	85	11	82	10	4	87	96	92	36	80	75	15	98	48	81	8	7	14	97	69	62	99	12	67	41	65	61	18	6	22	72	78	87	17	73	97	53	3	2	11	7	65	52	88	31	55	31	7	81	56	9	8	56	69	27	7	19	18	20	67	27	12	60	48	60	56	64	35	12	70	38	2	92	56	
37	36	1	76	59	68	79	70	5	12	44	5	16	30	66	93	17	72	12	78	64	37	92	17	40	79	56	56	89	1	17	23	28	68	4	66	59	90	1	45	83	50	79	30	17	67	31	88	87	88	65	83	74	100	71	10	50	38	70	42	16	36	1	74	43	83	52	44	62	53	7	59	65	72	86	22	24	76	38	61	7	78	94	65	85	52	10	69	65	88	17	93	11	68	40	46	46	2	96	18	6	23	92	70	7	11	10	64	69	70	56	16	99	69	79	81	95	54	81	78	3	19	59	97	84	1	89	83	56	31	36	27	17	88	7	88	2	83	38	99	61	9	25	32	2	4	35	33	52	25	32	26	37	69	4	47	27	63	14	33	74	89	8	2	78	35	72	28	56	18	15	79	37	69	61	25	64	11	96	73	85	61	16	22	28	98	56	38	41	75	51	41	75	56	94	35	75	21	2	88	
49	83	83	18	18	82	66	42	7	66	17	71	11	14	28	49	31	20	16	8	29	18	89	18	45	43	8	2	6	52	44	4	84	87	73	15	5	14	54	100	11	70	85	91	26	54	11	25	49	33	44	34	80	1	74	82	51	44	26	67	65	88	58	46	83	64	98	55	31	21	28	85	41	69	12	100	5	98	86	55	5	82	67	15	70	68	10	19	66	43	67	30	1	93	70	88	2	75	95	74	82	73	13	47	88	2	35	96	40	82	59	36	97	66	17	64	22	69	75	66	94	90	94	52	10	89	32	84	46	8	81	59	32	61	71	41	34	25	38	48	19	87	17	30	53	83	90	23	22	60	9	15	55	49	62	2	20	7	44	62	44	53	94	35	32	4	21	74	24	47	30	60	73	27	61	62	13	7	20	67	59	81	8	18	98	85	3	87	31	20	97	76	99	86	95	94	26	60	85	51	
21	48	99	21	41	87	87	13	37	23	67	80	48	21	66	44	52	86	41	16	73	50	21	76	85	8	88	83	3	70	13	43	11	92	8	85	9	63	89	5	91	40	34	90	47	73	47	3	58	33	80	62	80	65	10	40	91	62	10	88	87	12	3	37	1	30	53	33	86	21	39	36	23	4	33	70	60	79	50	21	21	11	38	64	7	15	73	63	57	44	20	71	74	1	47	23	96	95	74	19	25	75	85	31	77	90	62	13	93	30	53	34	85	50	2	53	62	19	47	22	61	68	38	14	19	51	84	84	95	21	76	99	53	55	69	86	42	88	73	40	16	45	29	16	70	80	76	87	16	65	19	64	83	9	17	81	41	79	41	86	93	96	63	46	88	80	66	25	77	61	32	91	25	89	57	80	66	49	33	32	58	17	20	16	71	27	53	17	68	60	85	94	38	78	44	44	79	15	74	57	
53	60	72	72	48	98	35	14	85	67	11	83	54	59	51	49	85	28	74	39	98	19	30	80	99	23	12	98	69	59	45	24	75	33	63	88	64	48	40	22	73	55	47	18	12	54	82	46	92	74	22	51	46	42	66	100	44	92	97	9	40	77	3	1	32	35	70	30	83	12	12	43	97	64	80	27	47	72	46	71	81	75	56	68	91	10	40	57	35	48	54	72	22	94	13	10	18	74	19	30	89	23	70	78	5	65	65	57	6	60	23	44	27	22	98	100	90	2	33	46	11	7	100	50	65	10	87	48	80	16	8	20	29	52	22	32	55	32	14	98	93	71	54	3	90	30	98	74	7	94	62	34	61	57	83	5	87	92	91	93	24	9	49	84	75	15	25	58	77	39	60	49	86	53	47	81	63	17	83	65	14	62	18	90	93	98	94	12	21	91	23	91	75	11	93	32	62	2	46	73	
12	86	31	17	84	64	49	85	16	37	31	27	13	66	15	55	11	6	54	40	52	89	27	83	88	79	33	43	46	17	4	39	98	7	9	73	8	86	27	4	75	81	2	40	21	89	39	67	24	65	16	87	34	17	31	96	79	96	52	50	55	89	77	91	6	27	95	98	6	75	72	82	62	90	9	6	24	2	33	97	98	79	54	68	38	18	23	76	34	8	90	57	40	44	43	36	6	82	25	89	23	67	74	57	55	49	35	3	71	54	27	95	10	30	19	76	88	30	22	45	59	24	46	31	86	38	35	79	80	75	55	36	56	73	86	86	88	41	30	4	34	58	45	82	5	9	35	41	9	48	68	95	31	84	50	61	33	25	60	60	90	19	89	2	95	39	60	72	61	16	6	18	93	72	75	73	40	30	77	58	53	45	69	46	31	75	88	80	60	34	34	72	66	81	60	57	6	2	39	57	
89	58	31	32	99	50	62	54	36	83	69	65	90	34	7	49	50	84	24	80	66	92	87	19	49	26	55	28	2	49	33	99	87	74	98	30	21	50	45	33	91	21	98	79	39	89	82	59	39	32	75	1	25	22	41	8	67	46	15	26	58	58	50	98	40	88	90	91	8	63	72	29	75	36	70	63	44	60	9	65	60	94	78	68	59	100	94	62	37	68	18	60	8	7	34	78	23	73	75	23	67	78	6	45	90	2	53	59	3	98	76	77	30	44	13	50	81	7	64	58	20	77	21	90	39	55	44	32	33	12	14	32	56	4	13	66	64	90	10	20	76	70	40	72	41	44	69	55	86	51	96	99	56	82	7	14	92	9	70	61	54	45	20	22	36	32	27	76	57	7	77	94	28	43	93	29	82	50	72	53	78	54	74	32	79	93	6	31	47	12	76	12	23	16	91	55	46	34	25	62	
46	67	6	13	54	92	52	58	83	73	35	15	91	35	84	15	45	91	98	27	45	24	70	92	93	56	31	94	16	91	65	12	8	67	87	55	71	98	99	52	92	19	17	6	41	28	22	50	71	8	38	83	52	78	8	78	20	83	68	40	42	63	72	9	94	33	3	13	81	14	12	64	61	30	13	65	87	68	75	89	79	81	33	83	99	93	96	10	34	57	91	53	5	65	72	87	92	13	85	70	74	6	91	70	23	10	27	57	47	17	50	77	67	91	59	77	26	93	47	95	53	40	11	17	96	46	17	62	54	63	60	73	13	2	68	95	64	2	70	97	80	13	15	11	37	65	56	56	11	44	22	51	9	67	99	48	88	37	50	52	69	2	25	75	100	9	46	77	87	16	2	73	95	62	35	27	30	86	26	47	22	15	80	29	50	90	52	94	56	41	69	27	20	8	77	6	8	17	77	8	
49	53	4	72	100	47	30	12	76	100	53	56	8	49	11	70	36	53	86	15	95	60	26	48	23	33	80	37	94	9	75	62	5	68	40	49	91	13	66	20	12	80	4	50	81	57	13	99	29	19	56	39	41	19	72	73	32	58	84	78	61	79	30	12	3	43	8	41	32	53	60	16	62	33	55	57	28	1	61	2	90	20	56	17	24	43	11	29	67	61	52	94	76	80	77	11	70	47	31	78	57	45	70	25	75	71	48	11	43	68	71	79	25	75	52	3	82	24	98	77	30	32	28	90	21	74	57	76	77	12	6	16	89	80	85	22	31	91	62	21	72	71	47	8	38	42	15	16	4	57	72	81	35	47	84	45	76	33	55	85	62	59	2	39	84	22	26	5	64	78	18	69	83	28	39	60	27	93	70	20	81	83	48	11	36	76	40	33	88	38	93	42	8	68	62	35	82	42	98	91	
42	66	4	9	40	71	35	46	19	77	58	28	64	89	38	100	5	56	52	20	3	55	64	44	83	46	21	70	74	6	69	38	9	48	23	91	35	84	19	92	36	83	55	1	61	11	23	41	46	80	61	12	58	83	71	37	26	1	10	12	14	94	60	72	98	76	34	53	86	84	59	48	48	95	4	3	97	55	29	71	82	71	84	19	44	80	19	39	34	80	89	72	81	36	20	1	7	88	77	5	55	90	23	75	49	79	15	13	64	19	90	3	26	86	82	19	35	90	23	66	43	35	20	38	92	34	97	27	12	44	43	35	22	94	45	28	91	73	28	99	12	46	21	43	23	54	48	49	28	86	69	74	34	74	40	86	98	47	76	4	46	57	67	80	21	15	6	62	28	34	12	74	7	8	15	61	75	73	90	14	97	24	96	5	69	55	82	93	84	84	92	52	5	19	52	23	67	54	43	39	
7	34	66	75	3	1	63	33	23	45	87	10	46	81	6	54	78	29	54	16	74	48	30	9	27	8	59	78	42	13	26	73	35	68	61	9	18	63	24	58	35	78	39	64	8	2	13	79	94	29	4	27	53	28	65	10	17	26	100	41	43	47	1	89	60	68	82	36	1	66	69	27	100	27	24	26	55	49	38	71	43	7	79	50	11	32	30	20	75	99	68	97	63	49	53	23	11	2	90	65	49	2	10	71	79	17	37	49	6	93	43	3	95	63	15	10	83	39	79	6	3	12	27	20	34	48	96	99	51	56	12	68	90	57	12	33	17	12	76	52	48	31	84	4	63	33	15	3	58	87	56	46	80	55	12	77	33	65	51	99	48	71	70	15	91	21	89	66	67	92	68	12	6	17	52	30	86	12	100	17	81	77	28	59	81	20	11	8	64	3	95	87	46	27	62	30	58	39	86	16	
69	34	73	69	75	71	34	57	24	94	68	7	26	54	72	29	25	99	27	53	51	65	36	55	24	83	65	52	52	58	60	81	43	38	16	32	65	68	66	56	4	36	66	91	64	64	58	55	4	83	14	55	42	34	37	41	40	51	43	1	8	16	75	61	21	57	19	2	17	90	71	52	18	85	79	90	2	88	8	57	7	13	86	2	71	66	33	34	93	95	26	100	66	60	62	69	10	35	62	65	35	53	27	48	15	37	17	42	65	19	90	63	98	37	67	52	31	72	65	1	77	66	58	79	88	46	59	23	48	95	33	7	75	58	71	84	56	69	52	18	64	50	45	2	19	10	5	38	85	64	41	79	34	57	30	14	42	2	6	74	83	46	27	7	70	60	27	47	50	61	46	96	2	12	100	31	99	89	13	32	72	49	42	67	94	87	94	44	11	42	62	30	92	91	58	24	9	63	38	35	
5	92	97	16	48	43	40	2	86	92	9	33	3	83	59	32	52	7	46	11	89	87	95	88	29	48	40	18	75	25	9	47	34	74	91	73	64	98	31	60	25	18	47	33	46	84	6	88	1	86	72	14	81	83	88	98	54	68	54	48	9	26	11	92	29	15	46	48	96	20	52	66	70	82	97	65	16	49	91	69	27	6	60	59	21	73	78	40	78	11	97	50	16	15	21	58	64	96	13	57	3	59	57	11	13	49	42	18	93	9	75	8	28	70	82	58	1	32	67	84	21	45	46	41	45	45	9	11	100	65	88	36	83	29	28	55	45	9	71	71	64	51	85	52	96	40	77	3	50	74	54	65	18	92	77	45	94	82	63	95	73	44	9	84	46	36	99	41	20	54	68	82	79	50	56	46	74	86	65	40	69	28	88	78	67	84	38	97	83	80	10	18	71	22	92	62	80	97	82	38	
2	39	92	3	89	52	75	80	68	57	42	53	12	55	62	88	17	90	9	58	80	93	38	88	12	32	67	76	42	66	20	41	31	86	80	97	23	90	38	51	71	38	13	63	86	25	26	31	68	67	52	72	43	94	91	8	86	35	72	37	36	57	40	72	38	12	93	83	32	57	30	21	8	96	24	87	88	80	74	43	95	52	45	90	41	51	1	36	2	41	75	92	5	24	82	96	69	40	93	6	71	3	47	43	64	6	65	93	44	89	6	85	69	31	94	22	55	64	82	1	7	63	88	12	57	90	82	32	68	74	4	39	42	95	8	3	8	60	8	38	17	45	98	70	18	13	1	52	38	60	51	70	39	74	73	71	44	87	37	75	66	21	29	96	49	55	84	6	68	43	56	93	18	4	83	53	7	16	30	62	78	14	30	31	97	99	100	5	8	65	84	42	44	74	29	72	66	84	15	98	
81	90	29	53	7	19	55	94	45	74	59	48	64	97	34	41	76	7	80	1	15	48	90	97	78	15	24	78	88	64	8	12	54	5	54	69	37	41	29	62	25	95	96	21	10	90	48	25	35	51	96	72	34	72	71	25	48	50	100	25	27	27	9	19	12	36	39	58	17	62	70	26	25	96	48	12	57	40	52	58	36	43	82	58	76	24	77	10	98	85	38	95	73	10	95	86	70	82	30	60	54	98	17	68	19	93	19	9	89	29	18	95	20	74	99	28	32	50	5	36	98	94	18	45	65	31	3	80	4	85	1	28	43	49	69	34	25	82	26	39	39	89	3	99	100	100	84	64	73	99	87	27	53	83	36	63	77	57	78	98	1	2	26	55	39	27	54	43	44	99	99	28	67	41	75	54	20	56	48	55	74	91	16	36	99	99	74	56	32	33	87	92	79	59	65	79	9	42	25	27	
79	33	41	100	53	87	95	81	97	100	45	36	68	41	68	84	29	13	37	97	1	17	73	21	69	68	84	68	60	35	76	8	21	78	22	7	55	8	55	17	43	23	21	38	47	91	25	93	12	53	8	38	59	75	98	86	46	74	50	87	45	36	26	95	44	73	26	64	83	19	2	68	21	98	85	42	37	31	80	84	87	92	90	17	85	63	75	92	4	94	49	100	10	98	15	69	56	59	53	23	27	76	50	71	90	43	90	75	6	18	21	4	46	69	100	46	71	14	64	31	91	77	33	53	69	99	20	95	46	52	43	60	45	35	6	36	100	20	44	52	5	16	40	76	52	15	64	64	5	8	85	7	56	23	68	16	95	36	1	28	1	5	91	10	24	49	46	37	60	49	99	99	30	37	40	33	17	95	45	60	53	17	58	19	88	18	48	39	41	53	39	38	53	46	77	75	53	91	34	22	
96	33	1	97	81	43	81	31	39	58	83	56	23	26	87	4	23	83	50	37	53	79	80	80	37	64	95	67	79	38	87	24	86	78	93	28	75	73	78	2	62	6	4	32	87	69	39	4	6	66	59	96	59	27	61	20	61	87	59	25	28	10	42	12	65	75	41	71	71	35	58	71	91	43	32	30	3	78	85	72	74	56	53	34	63	13	86	55	16	72	35	81	63	8	97	23	16	36	34	44	95	77	77	79	3	3	63	8	85	95	4	55	49	98	80	37	77	58	57	41	47	36	15	61	75	21	98	62	61	7	40	47	51	48	58	65	20	5	26	48	21	79	94	38	38	40	69	66	94	39	23	86	30	55	41	99	28	97	87	49	49	10	44	53	37	62	3	38	36	85	69	2	44	55	56	48	60	6	67	35	90	70	66	96	14	73	5	78	18	29	65	50	100	62	1	100	18	40	97	100	
67	31	65	35	58	34	85	42	90	47	49	16	41	95	73	12	71	24	2	100	81	94	12	7	58	9	26	2	88	78	32	28	77	10	3	26	37	12	63	42	91	81	100	88	69	29	86	88	93	85	1	91	54	23	100	30	87	30	77	73	83	6	84	32	41	30	76	44	100	84	50	47	25	85	31	90	47	69	41	83	16	9	33	78	25	87	60	79	36	62	65	41	29	55	12	89	99	97	85	27	10	30	67	25	26	95	98	28	69	20	46	49	15	15	15	65	26	48	5	22	53	56	54	19	25	34	89	60	12	21	55	12	48	50	87	1	63	31	28	96	24	2	50	32	40	99	7	82	2	58	45	91	95	56	29	78	50	39	85	58	36	76	42	35	89	85	87	34	64	30	72	75	34	11	98	57	32	86	49	20	97	19	63	91	78	1	72	49	34	9	26	36	93	64	79	86	32	11	28	55	
7	99	19	32	56	80	74	58	29	20	79	92	90	61	73	69	80	18	56	77	98	4	60	84	35	22	24	85	91	23	5	68	84	33	60	48	31	31	99	18	82	79	32	67	33	24	53	73	97	28	68	60	32	35	74	88	90	3	84	29	79	15	30	71	67	56	47	80	1	1	58	55	65	7	36	80	95	70	16	38	27	96	95	24	16	31	77	45	76	40	22	46	19	62	60	19	69	66	50	22	30	44	91	75	86	63	37	70	31	74	69	98	15	85	9	82	1	82	26	21	96	82	77	64	37	36	96	38	60	56	75	24	31	51	70	6	16	61	20	67	46	95	55	94	50	72	98	70	42	81	39	18	51	37	25	20	87	29	27	65	51	42	76	8	19	3	78	41	22	10	18	45	35	47	45	75	23	38	98	17	62	57	58	33	76	98	16	30	100	95	17	99	57	90	50	80	24	5	77	38	
13	31	99	42	26	88	56	65	10	92	61	84	63	33	35	77	19	100	50	53	85	31	7	5	64	94	31	95	78	96	84	25	6	51	12	25	83	4	64	7	56	98	42	79	71	29	59	38	11	90	59	77	6	3	2	82	70	38	82	13	81	91	26	51	64	87	39	49	22	89	36	43	64	13	71	77	55	10	6	33	62	66	34	45	13	46	27	60	85	22	8	100	22	2	20	43	79	17	2	98	19	13	59	52	82	15	67	82	94	99	100	80	15	9	62	50	16	8	15	88	91	19	57	96	84	60	91	15	48	83	27	19	71	18	98	43	81	10	67	26	15	21	99	77	18	92	46	29	47	75	69	22	45	8	31	16	75	11	11	39	99	34	67	20	23	82	11	60	57	4	90	31	59	18	89	30	18	17	84	53	88	97	83	49	81	60	38	34	34	76	94	34	21	89	50	57	45	2	82	84	
85	23	81	12	100	9	79	26	43	73	57	9	97	92	49	5	43	67	84	100	18	87	89	9	33	20	74	33	91	48	23	81	8	69	68	85	76	62	4	26	10	80	58	54	76	67	22	74	60	48	77	18	21	81	72	31	59	19	41	15	11	50	28	71	83	31	43	61	8	82	70	31	71	25	49	12	30	76	56	25	38	17	71	86	47	71	77	38	61	80	45	53	74	25	70	31	81	64	53	100	76	50	77	3	19	10	52	58	22	28	46	37	65	82	50	11	47	74	10	81	34	87	91	62	24	41	34	49	9	70	67	80	59	57	50	96	49	25	31	31	22	47	3	48	69	46	46	18	5	59	87	38	44	26	40	37	90	50	18	9	92	75	43	11	65	63	98	83	90	27	33	94	58	39	25	87	64	100	85	93	7	70	64	61	4	20	87	24	93	82	5	72	55	70	16	32	44	45	88	29	
20	64	41	83	50	82	55	27	7	40	60	31	40	43	6	68	93	85	6	99	16	73	48	2	78	96	71	24	29	35	5	73	91	39	19	86	10	61	86	55	12	56	96	48	44	90	77	67	33	53	37	44	2	52	63	43	48	67	57	91	85	94	12	72	82	53	17	41	78	17	44	87	54	25	89	42	33	44	84	100	42	6	81	78	77	11	18	17	59	36	13	32	55	74	62	97	95	22	62	90	88	81	26	82	35	83	31	1	55	32	71	77	26	1	16	47	70	98	25	40	44	5	97	46	91	69	50	72	93	10	72	43	82	24	66	21	49	28	94	71	66	50	31	99	93	40	62	23	32	40	43	58	72	14	74	62	56	91	18	95	2	91	50	19	58	22	65	69	67	30	11	27	94	95	69	64	76	64	65	86	23	87	6	7	91	68	60	39	79	29	62	34	64	95	59	54	25	95	97	13	
92	89	90	76	83	41	78	5	54	30	5	16	6	29	74	69	83	26	87	67	21	46	91	4	14	66	79	72	22	47	98	57	86	12	67	83	90	17	97	32	76	71	89	81	49	96	48	72	8	78	71	67	33	90	22	54	91	95	1	51	95	92	67	42	62	50	48	12	44	3	100	37	83	30	19	12	18	48	38	40	88	43	34	40	68	56	41	5	11	61	81	59	53	53	39	84	54	69	19	2	30	7	93	24	90	39	72	32	64	50	14	58	48	82	8	74	98	60	15	16	95	84	70	42	56	60	34	52	49	84	42	29	37	35	53	13	58	11	96	96	23	18	44	26	33	90	63	100	38	49	56	53	37	70	100	43	32	95	76	49	75	37	11	58	70	6	56	72	9	37	100	30	7	20	80	5	51	14	10	54	5	22	71	99	74	97	38	12	50	48	52	14	24	86	15	24	73	78	41	59	
51	41	43	31	31	37	53	72	90	40	73	58	67	41	90	69	28	19	75	99	87	7	50	36	94	30	66	98	61	67	69	31	72	87	45	82	66	23	67	13	27	96	63	63	71	94	59	8	16	11	13	37	41	88	11	37	32	16	60	43	24	6	82	40	20	56	55	6	8	86	71	18	67	71	46	82	90	68	16	92	37	21	91	94	31	51	80	63	76	30	31	30	88	47	58	16	81	75	47	33	22	64	47	98	23	79	65	67	82	5	64	57	5	26	15	10	25	15	100	58	7	26	50	24	6	15	1	48	33	52	61	62	7	77	45	79	97	3	96	90	65	22	11	3	23	97	69	25	37	64	85	82	50	10	65	75	94	67	78	46	5	91	33	55	60	44	14	23	18	45	47	42	34	90	68	15	19	79	78	87	44	32	93	20	69	3	20	50	40	74	36	25	95	58	35	76	15	39	76	74	
56	51	82	59	12	21	96	98	97	45	41	60	56	73	9	68	49	87	63	75	31	29	97	12	92	82	50	51	42	18	17	100	4	6	83	94	20	24	15	22	99	2	64	98	44	12	84	82	67	99	25	58	79	13	1	87	6	30	8	60	46	3	79	45	54	22	35	30	71	9	92	64	67	62	98	59	35	67	21	84	87	74	25	57	43	20	84	16	18	50	48	25	6	89	12	16	78	66	22	46	45	58	95	77	66	6	1	84	1	36	31	41	22	21	88	81	40	16	58	37	44	39	33	97	33	17	17	51	78	76	23	86	21	52	96	13	9	84	92	80	32	34	16	87	7	45	86	21	37	68	33	77	59	83	32	37	31	23	2	79	60	28	6	71	73	77	4	82	71	86	18	100	100	76	97	90	62	58	81	71	69	15	37	30	37	64	73	35	41	68	97	64	63	10	84	8	7	62	75	17	
1	37	78	11	64	33	71	66	31	59	1	88	59	51	95	22	88	79	10	35	31	36	69	71	56	4	49	74	7	10	13	35	18	64	42	7	79	93	88	100	66	13	93	60	75	74	80	84	82	6	97	22	61	87	67	59	14	60	53	26	10	71	61	66	92	19	77	96	27	92	5	67	46	77	76	16	16	73	58	24	44	27	1	12	74	75	34	4	81	97	66	66	90	48	23	50	3	94	61	11	59	20	53	30	43	3	77	21	7	98	91	47	53	96	91	34	44	95	7	44	17	25	82	64	68	24	82	46	66	22	25	96	65	89	44	7	3	64	26	95	57	44	63	38	63	15	56	82	90	43	87	28	56	41	1	61	80	52	91	60	89	43	95	93	52	1	52	46	14	82	97	66	5	25	84	74	68	13	7	47	61	9	34	86	62	59	58	85	37	84	12	52	18	53	99	52	48	71	48	61	
45	12	58	44	71	72	48	6	88	63	67	66	9	71	15	94	63	11	51	94	92	60	27	58	71	55	96	94	52	7	48	28	76	16	53	48	55	60	27	34	58	26	49	17	81	87	41	9	33	8	98	27	72	34	22	15	45	21	14	37	31	64	36	79	89	82	48	70	73	2	74	97	70	54	9	58	18	16	28	44	32	99	62	71	87	19	12	37	13	38	33	94	34	43	56	54	19	90	68	7	24	77	40	32	35	12	66	45	63	94	77	36	56	82	19	87	5	84	26	39	25	65	81	50	64	98	37	99	14	75	42	76	59	47	44	68	52	82	50	70	13	27	23	60	90	71	8	54	54	20	38	82	82	46	84	18	3	52	14	49	29	92	75	75	21	52	80	56	15	63	62	64	18	98	55	77	73	5	58	46	59	14	44	26	15	31	26	54	24	15	90	54	11	26	84	84	7	39	51	47	
12	9	60	31	36	65	40	12	28	57	66	6	4	22	87	96	66	41	49	13	29	96	32	52	88	16	72	77	48	91	61	45	36	37	53	7	44	43	4	4	19	64	70	52	18	56	82	44	64	95	58	63	45	45	31	91	7	33	54	1	32	78	64	95	94	49	85	41	15	76	37	7	73	68	39	26	39	48	19	82	38	2	10	37	6	53	70	19	82	25	68	57	83	69	21	94	59	94	38	100	46	21	11	28	20	27	58	46	88	18	33	15	54	77	57	91	97	70	50	33	82	81	49	82	44	97	71	53	58	16	26	40	76	19	6	88	98	16	99	84	95	8	42	8	93	64	64	100	78	53	88	85	47	70	20	64	67	49	31	76	26	18	81	82	18	72	73	45	83	84	43	22	37	90	99	42	9	43	47	53	99	98	55	78	55	23	22	11	4	26	72	20	49	94	17	25	93	68	43	60	
51	47	85	10	81	30	1	48	84	97	69	32	100	64	99	28	41	63	55	95	75	87	39	11	100	90	53	1	56	5	28	64	45	31	56	87	93	19	72	11	88	91	89	27	90	9	47	9	9	10	3	58	70	23	5	99	87	9	35	31	26	98	54	75	56	38	65	4	11	85	100	99	100	96	94	29	99	92	93	98	2	25	89	63	48	84	4	12	1	36	34	83	14	25	61	17	97	52	14	50	31	90	17	90	38	20	79	41	12	45	53	61	19	64	96	62	46	42	24	97	64	50	82	56	23	98	14	71	47	54	45	85	71	39	63	88	22	28	20	37	59	6	77	7	31	88	52	20	28	96	52	6	79	78	31	86	30	10	12	96	70	94	9	65	40	34	20	43	81	49	77	70	27	89	89	99	85	92	75	86	29	26	78	38	46	63	2	66	47	92	59	39	45	39	31	60	35	5	28	78	
73	67	84	75	53	3	13	15	5	22	78	4	1	28	94	90	88	44	68	25	63	30	50	53	63	40	92	69	89	69	90	88	72	87	3	28	87	68	39	76	8	90	96	18	76	1	19	29	79	58	40	67	30	40	26	60	20	42	85	3	61	21	55	59	91	24	97	58	24	79	18	37	74	44	10	85	40	19	36	38	90	90	45	22	19	84	97	45	78	69	70	70	73	54	70	40	84	10	19	65	86	39	96	21	92	34	88	45	57	65	69	75	25	37	84	24	91	56	6	33	68	64	44	23	43	4	19	26	29	71	84	84	24	25	39	12	31	46	72	83	94	43	26	52	67	65	16	68	30	66	20	63	84	73	39	49	32	31	28	54	72	61	79	76	4	78	3	98	10	81	83	88	29	16	61	70	86	10	20	2	81	89	61	26	99	43	1	97	40	48	91	12	6	46	67	85	44	62	17	1	
27	91	87	52	54	84	91	35	20	100	94	47	9	37	72	60	73	4	30	53	69	99	42	20	59	75	1	38	83	6	13	64	59	45	81	81	40	5	34	14	31	22	70	57	71	45	39	31	100	19	20	78	94	46	10	36	4	38	38	14	71	56	25	74	35	79	79	80	8	6	22	46	56	86	51	74	89	21	17	96	72	99	82	39	82	1	90	22	12	25	96	100	98	17	91	62	1	89	51	10	38	55	46	74	34	48	46	45	90	31	99	21	34	36	60	41	69	60	15	17	24	98	97	98	4	95	8	38	60	90	4	82	10	77	33	66	5	44	21	77	65	52	50	69	29	92	60	34	76	96	88	70	29	84	21	68	98	48	1	24	5	21	68	72	87	43	84	95	71	74	97	80	35	61	95	5	26	14	7	65	45	75	21	6	60	49	20	8	76	79	31	26	93	28	19	93	6	97	47	87	
81	58	93	53	78	3	56	34	76	9	11	64	30	58	86	20	28	31	78	22	84	82	65	22	47	49	91	51	26	96	80	4	62	52	79	6	99	93	16	45	40	90	90	33	94	62	11	18	29	38	75	38	98	27	55	44	17	69	90	73	73	86	87	48	61	20	17	45	22	25	12	43	90	26	6	83	33	54	9	26	56	17	96	90	46	72	61	56	74	48	37	46	8	26	4	85	89	32	84	87	35	44	17	57	97	96	59	9	82	3	20	98	89	96	91	34	50	34	1	17	82	37	71	14	19	8	44	54	44	23	17	51	97	65	67	8	22	2	4	22	30	83	76	73	13	53	86	70	76	71	99	93	7	10	95	83	67	51	37	37	40	18	40	35	82	42	72	32	64	9	78	2	7	30	41	65	92	53	85	54	87	72	52	79	96	99	77	66	62	84	62	69	67	96	68	67	8	79	44	54	
44	32	28	12	50	76	53	18	61	10	31	73	11	5	66	5	42	83	42	18	95	59	27	22	29	17	79	18	75	80	57	74	35	80	8	81	69	35	91	77	59	65	91	29	27	39	66	42	13	71	92	80	87	81	66	30	43	57	9	61	69	89	32	16	65	72	4	94	30	52	49	99	35	75	28	74	93	17	45	40	53	31	29	4	12	75	10	56	77	61	77	65	25	35	49	11	83	84	84	48	79	32	62	76	27	99	23	11	32	80	95	62	60	38	15	49	72	52	48	51	46	99	53	71	26	38	54	48	91	31	61	32	40	13	55	29	44	25	6	16	5	25	13	32	78	45	29	43	48	30	84	27	62	55	26	15	11	42	93	97	70	32	75	79	39	38	86	26	6	28	48	84	97	18	61	1	70	17	3	79	36	76	2	33	9	7	52	30	59	54	70	61	20	11	91	45	94	30	81	68	
51	23	90	46	2	70	79	42	90	52	6	98	31	49	42	52	61	15	3	73	87	15	90	41	7	91	20	94	35	24	99	90	53	40	94	53	8	74	98	7	89	41	97	3	82	60	64	75	37	27	6	2	100	16	60	39	90	75	62	57	17	4	33	17	99	34	81	30	61	92	83	63	13	24	98	57	39	99	25	43	73	31	11	1	38	81	69	51	82	38	7	23	12	50	44	82	56	46	95	80	80	33	54	77	12	51	48	100	68	4	46	61	12	60	48	9	93	49	33	78	66	14	58	47	29	60	44	91	85	56	69	36	57	92	89	68	92	14	21	31	39	14	74	30	96	59	82	95	79	18	44	90	91	9	17	76	32	66	65	16	11	15	14	22	47	61	87	13	40	97	36	10	56	92	40	44	89	97	25	13	72	9	70	33	57	60	60	92	58	39	69	99	41	32	58	17	25	92	100	24	
55	33	96	74	31	7	42	70	3	23	99	16	94	98	98	33	6	25	56	40	21	18	70	74	7	70	79	68	6	89	95	87	91	38	66	35	79	62	94	24	78	56	22	19	59	27	82	14	65	22	7	97	17	19	59	66	27	21	92	13	37	82	41	91	73	20	18	26	20	34	43	42	2	11	3	34	60	36	56	71	19	28	61	100	45	20	89	57	34	92	60	55	4	18	49	10	31	8	21	16	75	12	63	12	44	56	95	65	74	85	52	7	21	56	83	70	10	84	52	76	22	75	16	54	71	90	23	31	56	94	92	34	82	77	39	23	51	20	36	66	82	12	28	91	53	80	45	68	98	89	56	45	6	93	82	91	55	75	17	89	23	3	43	65	9	12	79	39	62	25	49	15	25	98	24	95	100	38	51	29	36	26	51	12	74	32	63	28	67	73	64	98	18	57	33	100	21	66	20	83	
10	42	25	58	1	32	92	45	61	24	84	49	61	68	57	65	13	71	34	56	94	48	56	4	49	10	34	17	97	60	54	16	27	14	89	7	21	4	100	68	67	83	34	100	24	96	71	35	42	92	81	33	73	39	98	77	6	71	11	79	84	84	51	20	84	17	100	63	40	34	12	4	28	79	64	19	38	29	58	35	41	59	77	24	20	38	61	99	96	33	1	2	77	70	21	4	36	81	76	8	55	14	60	6	43	12	33	88	4	1	43	40	55	75	27	67	72	42	61	23	25	42	26	45	84	4	17	61	69	92	40	15	47	55	44	99	10	79	30	12	77	76	26	2	6	34	24	50	74	99	79	6	48	96	80	72	48	38	3	94	86	3	51	42	50	75	89	51	51	70	95	14	72	81	37	22	17	97	26	20	11	70	98	42	6	2	23	35	39	43	47	64	9	97	50	59	24	57	55	1	
80	37	36	14	45	35	12	72	53	12	5	52	92	29	89	83	68	10	33	89	44	29	14	46	44	8	63	41	64	85	16	23	65	38	10	95	29	40	46	31	88	60	36	29	16	49	4	69	89	86	98	1	21	89	82	22	82	67	89	43	29	90	88	10	34	29	7	20	35	22	55	9	54	96	36	56	26	100	7	63	17	41	7	2	33	27	15	77	11	21	88	6	95	57	45	87	27	59	99	20	36	32	73	16	35	68	7	36	39	28	60	47	12	24	19	80	43	29	62	86	96	76	40	85	84	82	51	32	36	34	15	98	8	70	14	28	68	44	68	46	84	80	79	96	70	57	11	89	68	2	54	61	2	87	85	76	70	93	41	16	10	18	34	35	37	73	25	87	16	15	2	69	93	61	29	100	86	19	90	73	93	30	55	44	16	63	62	79	30	92	100	2	18	68	30	98	54	42	26	86	
28	57	26	17	55	5	35	29	65	41	3	11	91	64	94	71	82	7	81	85	63	83	77	97	41	56	76	42	10	77	9	42	57	57	92	68	15	30	90	82	34	10	93	13	3	22	96	31	50	10	41	49	72	10	70	95	76	69	39	48	36	9	75	64	77	50	31	64	20	21	47	81	9	9	27	60	46	71	11	87	3	66	90	9	58	83	99	34	27	55	98	56	41	58	77	96	17	32	53	29	56	56	13	89	22	90	75	83	42	43	45	51	48	31	71	59	82	37	7	21	65	59	76	71	24	10	97	40	57	82	47	8	8	45	47	90	46	87	75	49	61	59	5	3	79	1	35	18	30	32	9	92	92	23	86	63	3	44	3	28	69	29	91	65	65	20	17	27	66	19	79	34	96	62	55	100	48	44	40	67	31	15	27	34	31	86	86	91	84	91	75	1	92	21	17	92	42	84	86	85	
64	21	66	5	96	55	56	83	61	29	74	85	11	13	43	3	20	78	62	4	52	93	31	16	16	17	1	34	18	40	53	32	12	33	28	87	92	10	61	100	77	20	83	32	46	52	81	7	79	80	34	25	65	91	74	80	47	94	82	71	27	99	67	74	66	62	74	54	22	36	62	42	61	93	67	100	47	25	30	42	85	84	45	71	72	54	72	28	73	98	15	31	78	43	47	92	88	61	55	52	73	4	2	80	94	57	58	29	95	49	35	48	50	51	18	57	24	35	77	52	89	47	19	39	25	77	65	13	92	77	55	70	45	64	63	49	50	17	80	17	91	48	19	95	8	4	58	23	21	30	58	65	79	80	61	56	35	78	41	35	74	6	29	83	65	61	98	39	74	53	59	10	26	79	78	63	29	97	14	44	71	25	68	77	28	96	8	64	82	60	92	10	96	4	43	69	41	96	19	42	
68	97	70	29	13	64	15	31	59	27	79	39	73	41	13	29	20	43	32	2	85	91	81	43	56	96	100	1	88	87	96	39	88	9	97	18	14	8	73	42	58	1	92	72	7	97	60	77	38	63	38	69	33	91	30	97	69	9	23	20	43	57	51	38	29	87	76	52	10	71	62	57	80	96	54	19	19	86	65	77	20	8	30	83	95	81	78	72	35	23	5	50	44	79	39	36	7	71	69	22	86	13	68	85	45	12	71	28	8	69	6	58	87	70	98	50	66	53	45	96	44	44	6	63	39	33	67	55	89	39	44	14	47	63	79	66	82	99	68	52	75	12	69	59	23	46	100	77	7	12	18	30	4	45	86	84	77	83	30	4	73	73	37	93	52	85	54	96	24	97	22	100	61	38	8	49	38	51	32	45	68	26	61	80	23	24	70	81	100	95	4	4	46	81	12	33	45	45	40	60	
86	62	38	90	24	83	9	34	71	1	11	75	37	94	43	99	72	34	66	73	56	89	40	93	90	38	62	64	48	66	73	17	35	3	28	60	54	54	54	39	73	19	87	69	51	99	54	90	83	71	24	8	58	36	40	77	57	57	15	63	38	39	77	97	63	4	4	75	60	64	43	84	75	32	89	43	21	85	94	32	35	31	72	64	48	29	51	57	80	3	93	14	72	1	11	80	88	41	86	32	86	66	95	22	28	33	84	55	3	34	36	65	1	6	43	96	21	13	79	13	7	68	88	88	12	66	8	29	68	23	99	28	90	49	66	26	42	89	83	45	72	77	38	70	66	78	54	75	15	97	10	57	97	92	22	87	27	30	56	34	87	6	93	58	63	10	59	45	36	90	61	32	62	78	83	85	78	81	12	45	71	82	43	44	51	11	33	73	11	22	23	7	14	67	86	23	100	25	92	78	
29	14	40	82	96	94	19	63	51	96	94	72	90	5	80	95	87	20	7	73	10	8	57	74	85	95	19	86	5	78	31	7	76	65	66	30	11	90	100	33	82	1	60	12	97	88	50	26	44	91	81	72	76	29	5	86	100	50	51	88	59	46	64	84	55	17	70	6	17	57	82	91	16	12	71	69	42	39	48	59	87	87	64	89	28	99	26	33	13	38	62	72	68	40	81	75	2	34	42	55	88	64	64	31	91	17	56	45	8	25	100	20	63	16	81	49	49	58	97	9	3	52	98	22	31	5	22	44	92	51	10	68	46	50	82	42	36	66	3	37	69	53	92	44	15	5	41	17	31	72	6	12	92	84	78	68	52	55	62	24	93	99	100	74	74	3	24	59	6	71	29	22	3	40	82	100	5	28	26	30	73	95	45	52	46	65	58	1	80	80	9	74	49	28	58	80	18	13	95	5	
44	72	24	88	8	40	47	72	4	96	100	34	72	42	74	59	38	70	63	11	45	12	51	18	32	5	4	93	83	84	69	9	81	71	9	63	42	39	7	44	4	17	58	62	28	51	16	73	97	62	97	32	9	9	23	2	69	47	54	19	26	50	20	33	18	64	4	47	84	58	78	33	66	10	30	35	97	52	44	58	18	67	29	64	17	72	65	13	14	20	25	1	67	24	79	15	83	25	88	32	41	90	2	91	73	12	69	9	60	82	20	5	31	61	10	25	28	11	3	84	64	82	16	28	46	44	2	25	14	20	79	44	87	17	99	89	66	100	85	49	67	23	58	34	70	91	82	48	63	87	9	37	54	10	58	63	91	66	66	9	58	26	95	29	68	72	23	21	16	25	37	99	58	15	97	53	62	74	8	24	97	26	86	77	65	40	52	61	46	75	83	63	3	27	74	88	32	84	79	56	
34	74	84	32	43	30	78	94	51	75	77	88	49	63	19	84	7	29	63	44	90	99	34	93	87	30	77	27	77	70	43	35	19	28	81	95	62	40	48	36	75	98	56	57	86	68	50	51	36	33	18	22	35	21	48	32	64	41	74	9	64	18	61	24	30	37	16	29	67	26	91	63	59	59	69	57	8	75	20	75	81	11	80	52	17	35	77	10	11	64	62	15	49	34	84	98	38	38	73	14	30	10	70	62	28	76	52	71	8	26	44	26	28	20	67	31	94	96	96	92	26	50	99	20	72	21	4	6	21	36	30	68	75	80	68	83	3	85	21	5	70	13	88	99	63	14	91	51	92	53	34	13	60	36	61	56	21	71	30	72	62	29	31	70	31	55	16	97	61	1	62	56	74	5	18	8	28	94	32	17	48	43	66	68	68	25	33	53	43	94	39	39	69	76	75	47	1	17	27	78	
17	34	3	1	100	60	23	51	87	8	85	50	65	32	40	99	68	36	67	63	98	39	57	43	32	97	56	77	23	83	55	46	88	87	63	7	14	76	73	54	61	22	57	69	83	69	4	51	13	87	58	27	72	32	49	8	76	99	82	34	28	56	20	52	42	69	55	24	53	45	54	48	18	82	53	4	76	94	22	66	20	97	50	83	78	19	78	59	47	62	17	96	59	19	27	48	99	48	40	98	4	20	97	21	99	52	18	71	38	39	52	48	96	67	26	31	71	96	90	80	95	70	84	37	83	77	22	16	31	66	12	46	49	17	52	45	37	49	5	7	22	51	97	46	5	9	80	94	90	10	94	62	69	44	57	5	47	98	75	20	20	10	32	92	24	14	21	33	2	17	53	96	81	4	58	32	30	16	91	70	94	17	21	54	58	42	80	8	32	92	24	39	10	97	7	25	77	94	23	41	
44	3	68	48	76	88	31	81	5	31	20	39	22	90	63	26	87	38	98	1	20	74	25	71	7	39	63	66	33	47	39	43	62	65	13	88	46	83	21	82	44	91	17	31	42	19	88	42	48	26	4	22	87	97	94	36	63	1	5	96	23	21	35	59	93	35	76	61	51	15	22	82	27	76	97	50	38	78	100	51	19	98	43	18	4	2	33	100	68	18	95	56	26	45	86	81	61	19	16	93	34	76	80	72	12	48	64	64	17	39	5	21	24	46	15	22	66	23	65	32	57	13	95	59	94	65	30	5	39	82	77	84	61	91	75	72	69	67	70	22	15	2	12	12	56	27	54	77	23	65	74	33	87	26	40	64	9	63	92	6	64	13	58	41	9	57	1	17	25	27	34	2	26	24	14	96	85	48	68	53	97	77	93	65	81	74	46	63	52	49	88	36	51	36	50	59	69	60	48	63	
4	63	47	21	70	90	87	58	51	23	30	10	5	99	52	99	39	24	42	5	92	89	59	49	86	65	35	60	72	63	86	92	68	95	91	95	84	24	78	3	55	92	44	48	71	8	43	99	63	2	72	64	51	88	92	26	14	65	74	40	95	72	81	63	30	16	62	35	85	30	29	22	31	62	12	75	36	75	77	31	23	97	95	32	16	25	100	92	53	35	77	24	1	40	13	8	9	87	45	71	58	70	13	71	46	31	50	51	45	89	16	79	2	95	21	47	50	18	22	34	44	27	8	6	43	52	83	25	14	12	76	80	59	48	12	77	53	23	13	51	2	11	55	30	28	66	77	89	38	29	12	82	51	1	52	11	10	66	92	14	56	89	69	19	24	57	94	23	80	81	29	44	88	7	39	69	10	71	47	82	39	60	92	88	89	3	61	27	39	87	56	99	20	11	99	67	91	46	90	43	
76	4	42	6	7	5	19	88	74	7	51	93	77	50	17	64	64	48	51	57	99	15	24	25	17	89	96	72	74	56	99	10	76	93	55	21	46	27	22	78	88	4	36	67	59	1	7	55	71	21	67	93	69	65	74	4	13	31	94	91	84	25	46	76	18	36	30	84	74	44	76	44	4	19	45	77	97	96	99	41	51	93	7	14	74	93	59	6	15	1	53	7	82	75	16	7	25	17	29	54	45	40	15	47	21	84	45	85	98	3	40	94	50	55	99	3	31	44	11	16	63	23	42	77	26	50	76	13	74	28	26	79	5	19	69	38	92	58	88	97	12	55	36	56	35	94	36	21	60	83	83	79	18	66	67	71	99	28	88	93	67	46	40	87	68	87	45	24	52	4	44	17	95	49	51	22	24	30	56	8	71	59	44	2	78	55	3	75	54	61	17	34	63	78	68	83	28	73	81	93	
56	46	65	3	92	26	91	73	79	43	9	62	49	49	18	47	83	98	49	34	60	57	92	87	91	29	79	31	19	64	1	92	13	99	18	5	29	95	22	9	81	61	45	7	64	56	61	70	99	88	38	5	12	28	9	6	84	46	44	40	70	92	99	90	63	53	48	73	69	5	51	41	9	52	93	96	54	93	50	23	15	39	50	2	13	94	20	70	10	56	81	25	38	54	19	14	32	30	16	3	82	72	11	8	43	4	2	52	70	99	76	38	32	94	77	48	99	26	3	87	38	60	8	7	52	69	73	32	30	91	2	96	3	95	59	70	44	34	99	46	12	30	56	95	30	8	88	8	8	84	76	31	34	26	83	25	13	70	34	93	77	36	36	73	39	99	100	96	62	62	84	10	95	38	92	12	35	49	35	48	13	53	71	38	13	61	70	5	18	22	100	47	29	38	19	39	50	41	37	82	
50	66	24	54	6	35	93	36	87	20	65	89	94	9	25	73	57	29	56	6	96	18	72	92	65	19	24	46	2	41	31	24	37	14	29	2	27	71	94	68	58	26	63	77	33	1	45	37	69	38	62	32	52	5	96	82	10	72	54	89	17	2	71	30	55	85	14	90	37	27	5	6	55	14	86	93	19	33	59	63	86	54	45	90	23	33	69	52	61	71	72	15	37	16	97	97	2	53	70	90	5	41	37	38	23	63	19	96	18	100	52	38	40	50	18	69	93	33	23	7	63	90	93	31	67	29	13	78	96	53	6	70	79	8	23	66	15	70	63	5	56	28	35	30	8	35	62	83	6	66	99	78	88	64	29	86	28	97	55	22	18	23	51	62	26	78	5	53	32	50	67	6	58	2	63	61	65	35	92	95	71	53	92	69	92	84	95	51	23	87	50	53	53	95	11	95	14	72	46	93	
11	54	68	45	47	4	51	83	8	59	40	80	90	37	87	58	25	77	8	81	93	90	80	4	85	3	93	68	62	50	9	83	17	96	40	52	96	98	96	64	7	68	57	45	59	75	54	56	9	70	70	17	83	3	87	96	73	83	42	92	3	15	88	14	8	74	93	22	40	10	41	67	65	40	98	82	7	80	90	1	58	75	85	9	50	99	41	8	28	50	54	35	70	38	8	69	4	83	80	30	9	44	65	42	54	33	10	40	13	100	15	40	99	72	92	46	40	90	97	45	15	71	64	88	65	92	53	45	59	80	34	57	1	4	46	78	5	91	14	9	27	66	94	8	35	87	88	98	38	23	87	52	21	60	36	14	7	43	29	59	7	98	29	32	61	31	57	78	57	22	51	42	92	11	95	19	43	63	46	97	54	72	3	24	58	70	26	13	99	5	68	27	26	55	19	25	35	33	44	23	
65	6	14	42	41	85	51	64	25	2	14	68	6	86	69	50	56	91	70	19	32	78	26	49	21	33	86	44	68	70	79	90	45	95	16	76	23	67	79	17	86	57	42	86	51	79	80	75	11	13	93	88	49	79	42	26	8	87	29	87	84	64	28	58	69	65	46	34	44	23	89	96	50	52	49	76	5	87	44	1	48	9	23	27	43	70	48	50	65	38	14	67	28	47	62	62	35	90	76	98	35	69	56	15	48	15	5	77	1	84	64	69	7	98	46	46	62	63	69	86	56	8	64	52	16	60	86	29	82	45	24	11	35	58	100	54	41	82	91	80	54	77	36	88	62	88	14	93	55	13	61	59	89	93	97	34	80	54	17	90	83	22	75	81	14	52	54	78	5	82	69	5	16	97	51	74	31	32	65	77	61	50	40	78	13	80	19	30	45	12	35	27	94	93	57	18	4	56	27	52	
65	98	30	93	74	62	16	69	10	67	91	31	98	49	19	96	37	31	45	10	51	4	27	87	67	96	20	39	75	43	47	72	59	65	100	81	88	13	10	42	29	60	17	18	36	97	27	65	54	2	23	46	32	98	69	32	96	6	75	30	40	91	5	54	77	8	91	30	25	87	6	58	31	12	61	33	28	72	8	81	15	7	66	10	53	60	46	66	46	2	74	91	92	26	93	99	33	23	87	74	41	55	56	16	49	3	38	3	52	64	64	66	82	70	29	18	23	100	25	21	82	54	100	20	68	34	70	43	95	68	50	89	18	23	77	75	17	48	51	94	77	89	21	8	83	98	93	20	68	66	35	78	44	35	89	3	49	87	96	92	79	33	75	19	50	46	3	45	42	86	33	52	74	19	95	38	48	61	92	55	49	39	30	71	97	1	36	55	21	12	83	20	90	10	86	34	71	9	17	99	
26	76	26	35	4	45	40	47	81	2	97	52	17	61	57	54	24	64	14	66	60	71	33	74	100	76	84	94	58	67	78	58	78	20	80	47	79	60	70	11	98	49	23	84	38	80	67	1	88	80	20	95	4	47	31	91	30	63	89	12	71	32	26	85	68	80	52	68	20	95	60	25	24	30	73	3	63	51	69	33	85	18	56	5	99	93	57	71	4	94	71	55	63	98	2	12	52	22	16	7	9	86	11	4	28	58	85	50	38	73	5	94	2	42	47	5	32	38	37	37	90	54	78	28	30	76	76	48	79	98	74	68	30	21	7	15	31	63	92	90	23	38	60	8	6	38	55	68	28	45	10	67	12	28	63	51	71	61	33	40	6	66	82	51	75	20	12	39	4	57	12	50	26	43	59	4	98	79	8	61	85	42	79	51	18	29	99	93	60	26	28	45	29	49	14	39	38	51	43	28	
38	17	78	46	23	29	1	25	91	14	53	38	75	80	17	46	6	96	20	95	90	34	70	69	57	95	33	10	69	71	12	69	4	100	49	6	57	34	63	12	91	95	53	99	37	100	7	26	17	34	27	33	82	100	54	6	2	28	94	29	2	8	93	29	76	35	87	7	13	24	6	99	33	37	9	64	5	48	19	54	2	47	5	32	33	35	27	40	78	71	64	50	24	44	63	67	25	60	65	94	48	51	44	57	86	87	64	74	60	99	8	39	58	81	75	59	40	49	64	68	43	20	53	96	66	96	71	30	18	89	99	2	32	30	12	97	72	87	53	10	65	29	83	84	66	23	13	66	45	92	90	99	49	51	76	73	15	56	10	89	82	29	72	4	79	42	11	43	57	79	75	57	90	7	69	2	95	78	62	74	85	62	17	24	99	6	55	69	87	54	51	45	19	58	21	33	87	68	39	20	
17	71	68	60	47	7	57	83	92	30	94	54	40	5	91	21	39	17	76	20	41	82	56	85	86	80	93	95	12	73	78	45	1	1	36	3	37	20	75	83	45	68	28	1	94	29	22	36	8	2	55	94	27	58	68	42	34	66	60	30	58	89	92	66	10	23	54	92	96	82	65	73	62	4	100	8	42	65	51	55	15	41	78	4	100	54	14	51	37	3	96	30	6	24	52	41	32	9	19	62	68	96	22	72	69	56	41	54	51	87	85	23	45	39	69	87	43	56	85	33	87	38	88	52	20	88	99	84	44	56	79	54	9	58	18	10	6	9	34	94	74	12	83	76	99	87	61	35	10	90	5	69	22	97	20	93	19	5	86	47	33	95	80	84	24	46	62	50	9	57	2	12	38	36	65	83	24	69	34	52	39	76	71	93	84	51	71	71	92	13	2	17	66	94	1	5	29	55	21	11	
90	82	59	38	100	26	1	2	100	45	70	31	26	89	13	93	52	28	28	30	99	81	59	12	75	10	14	71	52	69	52	89	54	42	83	58	65	64	84	75	68	18	93	92	84	3	87	7	65	56	98	2	9	9	6	19	38	66	8	16	8	12	99	98	14	6	19	39	26	35	36	87	11	17	65	24	69	17	64	20	13	58	77	52	85	67	76	5	85	63	23	61	6	37	33	65	26	15	64	34	95	99	51	81	74	46	79	65	70	27	7	86	91	18	22	38	58	53	82	77	28	82	85	6	63	70	93	27	90	45	6	61	92	65	30	57	12	37	13	62	33	82	79	31	78	52	59	78	67	99	69	49	98	45	53	95	36	93	85	32	50	60	67	8	19	32	1	95	43	53	29	52	17	89	48	50	16	56	22	50	96	24	71	90	10	45	86	18	5	79	34	28	80	69	18	86	17	5	85	62	
58	11	72	72	90	31	39	33	19	64	81	50	65	54	58	36	65	66	20	77	70	100	44	11	61	10	98	28	56	74	72	42	18	4	71	38	10	20	41	60	99	44	8	99	65	46	52	97	80	58	72	27	98	85	51	74	77	76	18	42	17	36	63	55	89	47	87	16	61	20	19	2	87	20	57	54	86	52	35	68	98	81	51	16	6	8	25	93	85	30	66	46	3	84	81	61	37	55	83	61	31	56	9	35	34	80	34	18	39	53	56	30	95	51	45	44	72	37	50	59	56	82	47	79	84	29	7	62	91	6	48	2	92	79	4	97	92	54	60	69	87	51	18	34	88	21	89	44	12	49	22	98	43	98	98	81	93	62	98	4	88	54	66	70	27	26	7	97	74	8	83	94	100	42	43	57	85	55	76	77	37	47	35	38	86	7	86	19	71	3	71	62	1	44	98	63	27	1	17	54	
59	72	97	26	85	6	76	70	59	82	97	90	35	51	18	20	99	40	27	48	2	32	62	38	87	7	33	79	15	41	82	48	46	12	51	88	13	83	96	34	29	17	4	69	80	53	85	67	32	68	2	75	78	14	45	23	65	56	27	100	21	55	16	98	27	12	18	82	37	45	43	57	72	67	29	25	5	61	53	41	80	65	38	100	42	11	13	77	40	65	89	97	26	47	56	18	69	49	9	57	84	82	67	47	74	55	57	92	74	83	23	55	56	37	8	26	14	70	10	83	41	46	70	78	73	84	10	55	9	93	96	87	23	80	45	92	84	10	36	44	26	1	66	26	64	60	93	35	28	51	97	45	98	61	52	62	28	92	35	40	51	49	21	65	52	36	33	52	99	82	16	100	13	66	77	81	74	88	11	34	78	5	30	59	46	7	31	84	61	71	54	23	81	72	56	67	4	9	63	24	
11	47	32	73	6	45	63	18	22	90	83	57	40	31	29	26	39	89	81	59	64	24	44	79	37	8	54	17	14	26	38	82	6	17	86	80	50	28	2	89	24	71	79	83	86	20	29	33	56	44	89	65	56	92	18	78	22	54	32	7	59	71	38	42	40	67	61	41	21	6	80	80	85	10	11	50	6	83	27	44	12	45	84	52	67	7	28	79	2	58	71	87	70	1	38	6	4	62	17	83	50	7	99	84	40	12	30	77	73	36	68	41	29	25	31	40	74	100	65	32	1	84	20	31	39	21	95	26	17	82	80	85	86	61	86	22	78	58	61	57	40	52	67	83	29	36	97	89	63	76	20	53	98	52	90	97	71	30	49	71	28	84	8	26	42	11	97	38	55	36	80	50	51	34	19	68	38	33	46	75	19	43	29	67	29	45	34	50	32	26	21	47	73	53	35	62	11	5	68	86	
3	9	41	29	100	36	31	22	26	59	89	11	50	63	69	47	49	9	63	63	85	72	9	16	1	41	65	98	86	64	100	71	55	99	27	15	6	86	39	63	62	13	29	99	77	57	10	6	17	80	47	19	34	78	44	88	92	67	32	42	24	65	62	95	27	51	78	74	62	32	57	1	2	41	22	33	34	44	14	67	14	19	73	69	100	95	2	43	35	85	3	88	36	79	20	22	47	2	81	5	61	14	48	45	86	77	14	45	71	63	16	99	78	20	16	37	62	43	75	37	61	18	64	86	49	68	83	15	76	91	72	76	63	56	84	87	68	63	56	5	64	11	71	25	86	14	34	3	51	73	93	95	81	62	97	71	70	39	95	17	18	77	63	43	91	13	91	20	65	1	80	33	94	83	28	63	89	88	93	5	40	53	23	98	46	89	48	13	20	37	40	85	76	97	41	27	10	63	13	88	
74	85	2	86	91	14	92	100	24	85	56	13	49	29	2	54	42	35	19	15	42	16	73	77	74	69	84	71	79	16	22	82	60	46	74	33	94	76	91	72	51	7	92	76	49	39	27	96	68	46	37	12	99	45	98	56	3	98	75	24	52	14	27	47	2	100	50	20	35	54	15	28	88	36	7	18	76	89	62	47	48	24	10	55	61	77	27	20	59	37	67	40	37	18	19	72	27	20	41	87	33	92	88	76	98	33	42	94	44	77	95	28	50	87	75	90	56	32	94	31	80	3	67	30	32	98	67	11	32	55	48	70	3	35	77	27	52	91	21	47	9	10	99	13	28	7	80	49	71	15	19	36	93	28	71	70	6	76	19	33	90	25	21	100	65	11	59	41	75	66	18	28	6	87	11	98	71	91	29	73	23	15	90	96	60	31	78	36	26	44	66	76	25	56	73	91	42	44	50	72	
50	6	54	52	17	32	67	14	77	90	50	48	83	46	63	55	89	39	90	97	79	29	9	97	89	89	76	38	61	70	90	67	83	68	48	17	28	62	46	90	94	53	14	9	88	29	24	37	66	22	100	49	27	40	36	34	86	79	96	51	86	70	96	11	44	48	62	62	75	16	35	65	8	5	55	57	22	42	21	13	97	40	20	26	14	46	72	47	9	25	50	82	94	54	79	78	63	7	79	92	25	9	37	33	47	65	2	82	87	57	36	97	39	29	11	50	91	95	67	23	52	52	49	10	31	48	51	42	66	75	38	93	44	78	83	30	55	66	71	98	63	66	28	70	97	43	54	87	61	56	5	93	62	92	30	39	76	69	86	31	52	17	98	91	97	41	19	82	17	70	42	46	20	63	19	57	26	33	82	59	21	7	91	68	88	19	63	5	33	32	74	56	49	15	15	20	19	7	61	96	
16	56	31	56	71	48	23	45	55	81	77	14	89	87	97	92	19	31	34	11	71	84	36	67	53	10	56	6	72	89	87	6	48	89	71	23	13	82	100	60	31	40	29	99	50	17	73	81	8	84	82	56	52	3	37	41	25	25	3	98	95	42	31	27	8	45	83	28	8	97	4	40	63	34	71	40	36	81	12	68	4	46	93	33	34	66	63	79	58	40	48	75	72	19	38	87	14	44	41	91	60	70	50	55	76	51	6	63	37	78	1	87	85	27	11	18	18	76	78	2	91	14	31	12	28	1	37	93	65	17	3	41	3	41	30	56	62	66	30	75	92	92	88	34	55	29	17	96	33	10	86	85	98	35	49	95	19	86	43	34	13	51	15	10	41	38	75	86	31	81	64	61	97	9	100	19	86	28	64	77	17	57	7	90	82	43	34	89	5	39	87	58	75	89	9	91	87	38	15	16	
98	97	37	18	7	38	18	43	46	90	74	82	64	83	31	41	56	30	65	31	53	1	37	89	46	84	24	10	39	85	91	59	99	73	73	12	27	8	23	70	80	100	48	74	72	61	33	17	2	38	15	46	77	75	94	27	18	37	92	15	76	45	26	66	35	97	59	24	66	51	34	95	5	3	3	25	4	35	72	21	92	85	7	68	25	76	49	29	81	36	60	5	31	32	73	17	33	62	86	93	60	61	52	85	4	99	74	95	75	98	28	49	58	65	39	9	95	49	46	79	60	49	76	96	54	24	37	97	16	89	94	16	28	35	4	34	24	9	72	20	6	14	93	93	22	59	90	92	40	89	47	32	4	40	71	17	33	31	34	1	28	28	83	89	62	44	69	64	44	54	27	38	57	69	14	78	58	14	38	8	20	84	39	72	50	12	48	50	60	82	87	64	95	47	51	44	35	28	27	61	
21	2	21	10	73	97	87	100	21	77	36	51	34	45	51	44	35	79	36	89	91	90	83	68	3	13	47	44	74	49	98	77	87	98	98	87	26	21	65	81	21	45	45	78	24	26	82	72	28	82	74	14	84	56	39	64	63	33	17	30	51	91	83	96	66	2	89	66	9	86	17	15	16	40	30	99	34	35	13	70	94	87	76	41	29	100	15	14	93	33	37	46	83	64	20	73	74	44	93	24	90	54	69	62	46	48	83	73	66	1	1	49	36	51	99	92	2	75	5	60	89	29	26	70	72	5	40	70	11	23	86	10	69	74	73	87	93	58	62	20	64	56	67	77	18	7	83	79	6	82	33	50	88	51	28	18	90	52	13	28	21	65	12	38	81	60	44	64	99	22	1	3	61	37	5	35	60	89	33	77	31	72	100	17	94	10	77	78	41	35	8	5	24	12	14	90	91	63	31	54	
98	89	93	15	50	68	25	16	42	43	46	39	33	2	46	18	49	44	48	90	71	47	83	13	67	11	36	24	75	98	37	60	99	1	41	27	10	76	12	41	63	14	42	99	93	82	57	32	100	96	60	15	77	23	34	79	73	16	97	13	17	97	51	72	78	72	76	39	12	52	95	41	14	31	83	2	80	58	48	64	52	23	2	49	50	92	18	25	4	93	4	91	93	47	32	97	89	53	96	9	19	45	2	59	57	71	46	44	21	2	5	10	76	42	34	75	91	37	91	28	43	92	18	94	61	21	18	32	15	3	3	18	29	6	73	6	99	26	29	10	13	89	46	36	23	98	22	33	66	29	95	60	54	49	84	77	25	17	51	28	65	96	11	26	88	75	83	9	30	93	79	99	70	2	66	2	50	73	15	5	87	81	48	100	28	76	3	12	3	17	69	72	94	8	8	73	61	12	65	66	
18	46	48	84	84	68	48	54	97	6	3	38	48	42	58	83	95	43	33	30	81	5	86	55	21	45	58	71	73	57	61	12	50	57	14	56	4	50	23	24	14	30	17	63	35	25	47	10	4	92	74	25	69	80	27	31	62	100	65	9	23	81	5	45	79	97	87	59	15	15	63	25	7	32	23	22	76	62	12	78	81	53	67	4	36	9	67	62	62	49	86	58	85	80	97	53	8	94	63	49	89	20	25	2	67	70	27	9	29	26	91	44	42	76	67	43	50	11	33	6	95	75	81	9	79	68	40	75	14	43	51	34	91	29	37	93	100	95	31	32	58	69	40	36	51	29	75	75	82	72	80	67	66	21	8	63	21	98	15	83	12	11	93	77	61	8	59	79	32	84	95	60	31	40	24	75	26	70	80	83	57	88	73	83	72	81	15	1	28	62	48	80	76	49	93	79	2	6	14	87	
26	98	3	42	44	11	61	47	2	74	92	89	61	19	85	1	75	89	65	51	31	30	21	35	58	44	88	49	79	53	59	51	58	56	77	40	66	57	78	77	53	71	84	64	20	9	45	31	55	91	58	8	61	89	54	30	71	35	81	73	61	38	39	61	56	40	99	92	95	73	19	3	65	30	7	51	65	45	32	40	67	48	59	93	86	64	49	24	78	55	42	11	85	60	55	3	2	35	46	84	2	22	75	39	80	15	7	84	96	55	10	53	35	8	20	11	19	58	55	71	93	75	82	65	76	72	35	79	22	65	42	35	65	83	93	58	74	29	70	92	41	19	87	73	62	32	81	19	51	4	84	8	70	65	26	43	100	91	10	89	38	26	77	77	81	11	15	100	86	84	52	86	23	76	26	49	54	11	69	69	56	100	2	12	19	93	85	46	65	75	66	100	15	76	82	86	51	89	79	27	
92	42	9	27	82	55	21	88	35	85	79	1	52	82	46	47	77	44	14	59	35	52	11	39	40	51	16	71	59	59	69	50	31	27	15	54	39	20	40	54	8	55	39	41	95	43	57	62	5	100	29	17	54	10	64	17	37	50	48	72	87	65	35	58	82	82	80	68	45	86	67	78	79	28	43	44	86	83	7	88	55	46	17	97	26	75	34	98	43	60	96	64	44	85	42	2	78	32	88	75	95	36	100	84	21	91	70	46	49	39	24	37	89	19	23	65	58	70	60	73	52	21	18	40	4	87	82	39	47	9	50	37	65	65	52	63	74	68	31	24	9	24	68	39	26	61	14	50	75	79	24	19	27	52	42	91	65	97	41	62	81	88	61	81	56	21	31	6	27	30	8	95	32	2	84	65	87	83	49	46	45	23	87	48	28	95	60	99	97	90	70	43	32	44	7	75	39	39	57	39	
81	89	29	15	11	52	77	23	43	32	11	25	12	28	35	50	19	34	2	96	32	98	44	88	49	8	50	26	49	57	49	14	84	48	1	100	34	29	9	35	72	76	93	34	1	1	61	20	98	48	98	67	11	92	54	85	99	61	19	99	63	90	74	20	42	67	88	34	79	90	10	82	64	100	51	28	28	31	5	88	6	80	62	65	19	37	10	69	56	57	84	35	29	74	49	11	35	4	80	15	39	32	9	22	15	21	60	36	55	27	49	62	85	3	82	63	22	6	44	77	1	52	72	34	78	43	42	38	61	12	75	73	20	61	85	10	3	72	55	14	57	57	87	99	78	31	52	46	20	42	46	32	26	36	11	13	11	41	38	44	60	75	8	11	21	31	14	27	51	69	17	12	55	49	1	4	89	94	39	82	35	21	92	48	72	19	31	38	71	27	4	18	74	43	46	88	61	48	54	97	
3	63	72	49	5	40	49	86	41	55	88	62	5	85	34	32	29	98	65	46	56	3	78	30	67	99	16	40	40	34	50	99	59	82	79	4	96	76	16	48	36	62	87	15	95	74	65	36	80	26	98	71	38	89	3	96	80	30	86	34	27	49	37	90	35	38	82	91	18	58	80	44	37	67	27	33	97	42	43	65	48	35	54	80	45	58	31	85	55	29	32	30	78	35	94	7	72	21	66	25	60	27	46	26	6	89	27	99	84	54	46	3	87	78	11	98	65	56	14	4	52	80	73	20	3	84	72	86	87	79	89	25	17	98	54	59	24	23	16	21	1	94	45	100	5	57	54	3	12	11	62	1	7	33	97	91	59	19	75	69	44	83	59	15	31	14	18	64	47	19	53	29	19	29	9	15	36	24	91	90	85	94	39	75	98	1	75	15	14	22	8	72	22	83	29	49	71	79	91	16	
11	58	10	55	35	2	86	72	87	70	94	54	48	45	48	98	79	11	100	65	48	50	87	20	78	51	92	87	80	79	84	61	13	40	73	39	93	13	6	36	45	7	38	90	100	20	90	47	38	65	93	93	65	61	73	40	19	64	48	13	68	77	72	56	87	24	96	55	90	54	24	53	9	3	86	92	82	38	86	61	45	37	88	16	11	61	25	76	2	80	13	29	96	93	46	65	28	74	25	58	72	76	77	5	62	66	47	41	6	43	37	38	34	41	60	83	69	72	23	82	46	56	45	43	98	95	32	26	13	39	51	87	27	39	96	45	59	21	97	33	17	23	24	96	53	78	78	45	39	43	50	95	97	52	38	20	41	82	86	64	64	9	79	100	6	27	64	33	12	20	67	69	52	41	72	87	4	24	59	74	94	64	8	34	51	49	10	49	87	47	68	40	63	95	86	90	39	20	29	83	
1	10	51	74	33	18	6	75	11	52	30	64	60	60	14	8	28	49	9	69	48	92	49	81	28	7	90	31	59	51	97	45	79	78	43	85	25	22	27	5	5	73	11	93	13	24	77	72	70	23	36	76	34	73	53	40	72	82	39	98	46	41	42	71	18	82	41	95	84	35	23	4	2	99	8	14	53	11	94	48	12	38	90	23	4	12	7	81	59	2	23	86	45	68	77	52	56	24	77	77	61	57	87	64	28	67	50	20	68	44	60	36	64	22	57	90	67	9	18	71	14	15	83	81	10	71	64	6	40	62	51	16	66	74	24	36	6	16	61	2	25	80	52	62	32	57	5	42	4	57	9	43	74	99	55	65	75	17	31	44	99	30	32	86	27	51	47	12	78	40	92	51	21	81	25	16	54	83	92	73	23	78	57	52	91	20	44	63	66	23	41	55	24	56	62	79	36	97	16	66	
97	82	83	33	49	49	86	80	53	31	66	59	1	52	53	99	41	46	37	8	81	90	84	96	50	31	77	5	87	47	17	70	20	70	31	64	26	19	73	42	90	56	19	51	62	47	40	26	6	31	91	64	60	100	2	62	14	41	92	8	62	63	64	4	89	22	47	67	90	43	89	33	61	8	24	30	27	69	18	99	21	76	91	6	38	59	37	45	12	37	49	22	20	2	31	88	18	47	61	39	16	7	16	78	34	92	61	54	43	99	49	85	30	10	4	27	30	37	45	86	82	63	84	49	81	74	9	28	97	25	70	15	19	53	97	90	71	25	1	17	27	81	4	62	50	22	82	86	57	79	57	53	8	82	36	1	66	70	81	54	22	93	84	84	30	69	19	20	40	85	23	17	8	56	77	14	82	82	96	17	95	85	58	66	64	77	47	2	25	25	24	59	31	76	75	52	69	58	42	100	
98	87	61	69	53	22	14	96	10	28	90	64	40	77	95	90	6	53	64	42	44	88	76	13	37	74	25	98	11	53	57	2	50	78	84	9	22	50	86	50	14	17	4	44	92	69	86	18	96	99	98	62	4	4	43	25	73	27	5	32	74	87	98	44	38	90	68	51	4	22	27	86	27	64	94	95	10	66	10	22	66	91	60	30	23	99	88	69	59	19	88	45	86	40	67	31	15	30	32	60	6	77	2	18	12	68	46	68	56	99	99	69	72	18	90	33	11	100	47	18	97	62	43	77	83	97	78	48	36	49	95	2	79	59	22	61	29	37	62	53	34	29	44	84	67	51	69	33	12	75	2	29	83	16	80	80	18	42	64	27	1	79	95	52	8	17	53	67	92	23	80	73	12	85	40	14	90	4	83	58	1	99	1	50	36	32	71	95	63	33	60	73	80	94	20	76	15	72	64	17	
62	7	2	76	17	52	16	66	11	27	5	58	1	1	84	59	34	84	32	62	36	30	22	77	64	86	32	91	76	43	58	39	12	98	62	49	81	73	39	69	25	18	29	12	21	16	56	57	10	51	83	96	52	21	26	82	88	15	51	75	46	47	31	11	29	83	38	73	97	17	95	95	44	54	3	27	68	97	3	75	73	56	71	82	8	29	73	12	45	81	65	52	95	35	59	55	79	60	91	49	18	94	73	69	74	12	96	82	93	28	99	2	75	45	31	94	27	30	42	100	66	64	22	70	88	80	2	84	10	15	14	69	34	10	100	32	22	99	56	96	2	44	17	10	6	42	5	52	50	57	12	52	94	100	50	33	28	46	61	38	3	99	60	86	95	12	29	69	51	17	73	48	32	24	51	10	47	28	98	3	97	85	51	29	69	18	81	65	79	82	64	40	21	11	93	1	73	51	87	76	
86	41	83	16	86	90	79	27	99	1	8	57	10	82	95	18	53	51	44	38	34	31	56	29	28	97	45	49	49	95	7	31	94	75	64	100	75	12	33	89	96	21	84	29	98	21	40	83	68	69	48	49	83	76	35	37	49	95	100	38	39	78	61	10	73	8	18	74	64	48	2	82	75	85	22	33	88	18	43	99	100	91	63	20	13	3	42	71	78	39	61	41	59	40	45	31	37	73	25	86	93	28	95	83	7	6	2	79	18	67	30	44	34	35	59	58	94	7	34	100	5	18	37	27	29	35	7	97	56	25	72	93	96	26	61	62	3	58	74	81	26	88	95	95	58	92	16	74	26	90	38	17	100	13	51	94	6	20	97	57	61	70	31	23	32	55	19	52	21	8	12	32	74	10	33	87	28	88	59	43	83	19	59	14	90	39	75	82	22	65	80	81	75	11	97	8	63	18	57	78	
90	5	10	81	69	92	80	31	57	100	76	100	80	77	16	51	30	97	66	13	3	15	84	77	78	82	92	9	15	36	11	57	12	19	75	31	32	44	28	77	89	8	99	51	77	88	49	29	11	94	13	60	93	71	44	9	91	41	74	85	24	39	39	89	68	30	22	13	77	44	52	100	62	34	45	42	72	14	21	83	66	92	24	37	94	46	8	90	17	61	35	10	35	22	76	7	69	27	89	53	72	43	62	28	8	17	12	50	4	41	37	55	11	47	18	39	95	20	90	76	25	98	90	89	16	61	30	18	92	98	81	61	62	79	38	78	40	15	5	4	24	7	49	38	2	11	97	19	43	7	36	89	42	66	34	83	87	63	9	69	37	2	40	76	2	49	29	41	81	56	85	24	10	50	44	23	84	12	27	16	21	94	80	15	17	66	61	22	58	37	37	83	14	99	18	61	35	27	44	36	
4	8	22	57	9	18	70	99	17	81	95	68	81	39	53	39	8	91	69	6	7	4	7	92	75	100	35	44	50	17	79	52	98	5	21	18	73	29	99	90	71	29	75	99	9	62	20	2	57	37	93	87	36	21	42	50	21	9	55	76	15	85	20	17	6	30	11	61	55	56	55	8	44	22	60	75	43	34	41	91	84	57	19	48	86	79	25	31	36	50	84	36	42	50	88	81	61	61	57	47	75	93	35	39	15	52	100	56	83	75	40	56	98	45	89	25	69	80	68	97	84	55	99	89	61	95	41	61	40	24	37	29	55	78	8	83	82	97	18	58	14	39	51	92	63	95	51	95	59	69	65	48	43	77	19	28	11	19	100	14	5	66	24	26	84	1	9	72	25	77	40	51	33	44	12	70	27	48	54	95	83	100	92	14	58	37	85	27	79	30	70	64	38	13	64	85	73	40	9	35	
73	56	14	12	19	59	80	49	85	80	73	9	6	55	27	11	46	68	95	49	59	73	45	26	17	2	59	5	48	16	94	42	99	73	34	27	45	75	59	64	99	89	68	60	90	4	50	3	44	9	36	21	41	10	89	25	90	4	82	38	82	22	93	50	87	5	22	61	36	4	11	48	33	56	5	48	52	37	98	76	46	57	91	11	9	95	94	52	24	32	59	52	85	35	69	56	25	62	80	81	73	29	27	60	61	30	31	46	53	54	33	48	57	75	30	87	64	5	15	90	74	77	42	99	70	5	65	1	44	95	22	100	100	63	49	85	100	53	8	32	96	69	22	12	61	19	74	38	4	2	83	50	57	81	68	63	98	57	19	78	35	2	75	49	65	4	15	87	16	14	14	10	87	23	70	8	15	72	27	40	10	84	90	72	33	93	2	36	22	29	27	49	11	55	5	48	65	6	99	51	
55	54	63	41	49	67	65	80	10	98	73	80	83	8	46	7	78	36	15	21	84	37	55	83	40	6	57	74	20	85	53	40	20	36	95	40	23	75	50	79	83	64	68	4	21	47	17	80	61	60	4	55	23	16	61	53	99	25	95	91	91	92	51	92	70	29	19	63	32	57	21	8	12	32	75	78	24	62	27	30	26	86	22	79	51	16	92	70	72	24	86	3	94	1	78	9	64	13	66	63	40	82	30	27	75	86	99	74	7	20	17	60	32	23	18	64	76	51	19	62	68	73	9	85	86	26	92	70	89	100	17	86	48	29	38	78	5	62	28	30	85	10	24	35	65	43	31	48	98	95	24	16	85	74	38	89	71	26	86	58	60	50	26	54	87	89	36	4	54	82	90	47	28	84	27	15	2	56	33	97	59	70	13	35	90	77	69	55	78	3	74	96	47	70	5	84	100	22	79	88	
4	7	41	34	76	38	15	97	90	82	93	7	83	27	77	37	14	77	4	42	38	4	86	88	78	75	8	24	95	33	79	13	21	26	6	77	93	46	91	9	4	45	64	22	47	96	67	86	47	22	15	100	17	37	72	68	70	46	89	32	44	12	91	36	28	89	25	47	72	51	81	50	79	81	54	1	7	94	84	27	35	52	96	46	49	17	42	75	44	61	32	73	69	18	20	8	11	7	49	17	30	50	86	93	73	12	89	86	16	56	95	6	86	38	17	100	64	14	79	58	13	5	43	92	10	14	53	17	97	38	97	19	44	97	51	81	28	74	94	16	48	71	30	49	35	63	32	61	79	78	69	56	55	88	33	88	91	33	28	14	89	73	70	11	83	94	24	24	83	82	4	28	88	12	48	72	56	94	100	84	70	84	15	48	28	6	29	65	25	56	37	26	11	27	62	13	89	27	57	73	
13	9	8	31	20	37	49	10	24	69	24	77	8	26	57	9	70	59	93	61	54	3	93	15	24	90	18	87	68	11	54	89	76	31	9	84	100	16	36	24	76	34	24	78	79	57	3	37	100	75	27	48	44	70	41	87	27	74	56	71	6	55	33	90	22	87	79	7	78	4	35	1	35	87	47	28	68	97	39	70	2	3	57	61	50	53	33	99	10	90	64	10	37	72	2	56	96	20	33	83	77	72	26	70	90	100	13	65	30	48	45	67	49	98	84	85	65	10	78	81	7	58	47	75	20	7	85	3	25	51	26	90	40	14	32	12	26	8	32	91	68	47	56	35	92	46	65	92	8	62	34	22	76	11	46	93	29	82	64	38	33	15	80	69	49	39	91	59	92	96	83	98	59	27	54	27	33	100	28	95	13	1	66	49	4	90	36	6	59	78	8	50	34	50	23	59	22	32	44	44	
87	3	74	29	100	80	40	30	59	67	98	17	98	94	99	49	82	15	2	26	41	90	23	38	58	59	91	91	79	2	26	1	73	33	93	33	21	71	3	21	18	1	98	76	11	44	56	15	36	28	34	59	62	53	95	5	77	63	27	47	44	39	29	39	71	30	17	46	39	83	87	82	91	78	55	24	73	90	56	47	17	44	10	39	47	2	30	96	98	70	86	73	93	26	91	69	73	67	32	65	58	53	47	20	14	17	32	40	62	55	60	35	20	17	53	93	86	54	87	71	47	46	53	86	2	65	54	79	13	29	20	73	67	44	45	45	30	24	17	70	53	82	8	48	95	97	77	55	61	74	52	50	77	34	75	5	73	59	77	8	77	5	83	69	46	82	90	74	73	17	58	3	43	16	95	40	97	84	95	71	54	79	54	84	9	18	53	14	45	85	5	97	61	84	20	45	41	77	26	50	
34	19	4	4	49	74	67	25	86	62	41	9	25	25	88	98	44	33	2	23	75	29	84	43	91	83	67	51	67	10	85	82	85	24	18	78	76	39	56	1	23	49	89	26	94	32	12	75	62	97	75	49	26	25	33	22	43	65	64	77	86	9	94	87	77	37	65	27	95	19	96	28	57	35	35	100	16	18	25	58	40	98	68	57	24	72	16	30	94	4	90	15	38	93	72	27	85	59	58	14	53	78	22	81	97	81	72	69	78	74	53	90	97	62	88	7	23	5	44	69	61	59	99	29	81	45	87	36	72	36	11	93	31	71	68	71	73	97	48	94	97	39	71	13	71	54	61	49	85	85	39	96	37	78	19	40	23	21	17	20	31	87	57	56	45	35	85	94	23	95	1	97	83	21	83	10	59	70	13	54	10	72	28	93	33	80	62	100	5	43	76	79	40	96	52	86	62	93	34	21	
40	36	63	85	79	70	26	76	45	3	81	65	5	46	33	74	60	58	80	17	98	90	59	84	53	59	81	83	58	37	31	42	81	25	54	60	68	94	88	71	14	15	96	87	54	36	34	100	27	85	63	29	10	38	37	68	94	54	58	67	91	39	94	51	71	38	21	72	97	26	87	98	42	10	88	8	84	41	92	17	1	96	21	16	24	63	41	36	93	77	69	34	87	49	14	7	61	81	17	62	45	54	15	83	24	77	49	28	14	91	17	70	19	57	97	70	87	22	32	15	9	14	98	26	89	75	72	76	9	26	70	30	15	25	26	82	95	26	43	17	77	60	59	53	53	72	50	39	42	62	76	24	47	5	43	53	15	7	57	84	72	81	88	100	23	21	94	64	78	85	99	85	19	94	100	84	70	84	1	79	72	27	65	42	30	35	98	47	62	30	91	68	25	64	100	86	19	33	14	52	
33	54	75	45	70	39	11	27	98	96	68	79	58	93	54	39	59	77	32	54	65	31	26	82	4	72	16	20	12	71	65	16	43	13	51	19	52	93	93	37	91	49	65	22	62	82	79	48	79	50	86	50	69	50	37	80	28	60	39	4	47	53	94	10	11	48	92	52	13	6	44	56	18	38	4	96	84	1	5	39	66	10	86	1	1	27	97	43	37	27	88	4	64	63	53	19	16	8	20	18	69	74	80	48	96	28	42	88	30	16	58	66	63	58	83	64	6	71	93	37	34	44	55	78	61	21	52	2	70	51	98	55	27	68	61	43	45	86	66	21	93	92	44	71	92	3	40	30	79	17	71	71	35	30	29	23	90	91	7	39	100	48	73	2	87	92	39	8	57	58	1	51	59	80	92	90	13	15	66	54	28	65	82	81	52	48	46	37	1	35	80	21	51	20	40	34	26	80	94	56	
60	41	50	9	4	99	88	21	35	60	2	44	83	7	60	10	35	47	65	29	58	25	6	42	92	50	74	83	54	89	51	88	19	79	77	74	69	35	21	98	27	20	67	81	68	13	33	85	92	17	53	7	50	48	40	52	55	24	83	90	91	83	88	95	97	43	86	80	91	27	27	24	91	44	38	68	69	19	90	77	81	97	59	100	32	61	27	61	49	97	57	60	34	39	31	18	22	18	16	90	46	32	29	11	5	59	67	78	31	36	19	96	91	33	49	61	7	99	20	30	86	26	78	38	26	6	79	33	33	12	42	44	34	77	80	44	52	77	68	54	65	88	2	38	69	24	78	71	51	24	93	90	38	59	67	98	96	68	90	72	17	100	83	12	48	48	75	34	52	66	50	29	14	15	14	72	35	48	49	84	93	42	81	57	76	63	39	18	50	98	2	56	28	69	1	96	60	42	8	79	
80	40	3	26	64	74	28	43	70	45	80	47	23	58	50	58	75	92	30	97	21	16	83	4	23	31	48	71	11	57	18	1	26	47	96	12	61	64	9	29	96	37	43	95	99	15	5	81	17	61	10	77	48	8	26	33	31	1	86	50	70	17	92	29	28	1	20	81	84	63	60	57	7	25	97	77	4	1	31	80	61	30	48	75	31	41	6	5	80	75	11	75	46	19	73	20	28	98	71	93	31	79	50	36	69	81	94	67	97	99	88	14	78	76	81	4	91	74	69	37	62	15	55	46	99	60	96	9	57	74	6	16	31	28	23	51	46	65	68	58	81	89	78	13	92	58	13	97	18	99	84	10	86	46	29	46	60	88	82	50	94	28	72	19	28	72	98	51	91	64	36	69	90	17	58	33	90	28	4	9	33	30	52	76	95	33	61	90	21	6	72	35	2	62	3	88	20	84	83	72	
48	38	26	43	45	59	30	4	19	46	50	83	17	43	11	91	100	38	93	27	49	47	57	58	16	88	38	59	50	64	56	69	40	8	84	95	38	1	13	11	24	6	44	26	56	57	8	22	38	13	93	9	70	5	89	57	36	90	93	1	67	21	15	73	32	66	8	23	91	97	78	2	88	3	29	11	99	1	2	11	89	64	62	9	14	28	57	74	19	11	51	38	11	37	50	67	98	85	27	98	75	93	90	76	55	20	87	84	99	99	18	73	1	98	60	20	68	97	3	64	59	31	23	63	43	49	99	7	60	32	2	63	86	96	24	11	65	40	25	42	74	3	55	61	84	70	80	1	29	6	51	45	7	7	45	89	31	19	43	12	10	76	81	93	95	19	1	49	20	77	32	18	39	66	37	93	77	6	90	18	80	35	48	63	33	58	82	33	100	86	10	76	69	91	87	32	11	42	87	36	
99	54	42	9	21	49	66	80	79	85	59	19	100	51	89	13	78	100	96	35	67	90	36	79	48	54	64	89	46	82	72	7	61	18	63	4	79	63	94	80	39	100	42	67	99	84	73	78	92	34	21	73	49	68	18	41	52	53	83	40	13	77	89	96	5	90	45	64	89	58	14	71	39	66	50	53	81	98	73	100	96	89	38	24	98	28	68	1	11	70	56	94	48	69	48	27	56	3	53	94	88	6	52	40	82	11	94	38	100	74	48	5	72	16	38	87	60	38	20	73	58	26	22	2	1	20	77	52	60	63	23	62	86	8	70	33	58	52	33	80	46	61	3	70	95	26	19	36	99	55	71	86	86	31	34	48	78	63	34	48	77	3	15	85	60	31	75	10	44	47	71	81	75	61	85	2	69	29	36	53	62	98	46	39	61	82	15	50	62	64	69	7	83	40	32	49	44	11	94	67	
21	8	20	99	46	9	59	76	24	91	94	51	5	1	62	31	6	76	35	53	58	94	38	69	27	78	65	57	64	89	84	37	54	64	35	58	1	6	67	58	25	84	83	35	13	95	32	76	87	100	26	89	46	8	12	68	71	64	59	20	9	46	89	98	38	61	91	57	80	46	76	50	42	91	45	41	54	65	43	23	13	40	16	33	72	57	35	75	75	77	66	78	49	44	79	12	38	87	17	12	80	31	94	33	93	8	44	97	5	56	39	78	49	30	34	24	39	12	50	35	85	54	11	66	97	8	66	30	92	28	35	79	91	64	81	73	1	61	53	8	63	27	75	5	51	13	30	55	93	69	71	18	19	84	50	13	36	5	89	50	78	12	1	46	99	38	15	49	63	2	95	65	82	22	27	36	55	65	6	14	100	47	37	18	90	33	50	24	84	84	18	30	54	46	33	24	56	76	38	97	
96	30	63	6	19	93	74	94	52	95	55	35	71	46	57	31	81	37	16	60	66	5	62	99	6	80	55	36	52	87	43	57	82	53	47	2	36	4	89	52	74	43	6	72	92	12	14	5	96	91	31	73	18	94	8	85	34	46	34	42	56	17	79	77	100	18	1	68	32	55	83	14	8	26	49	99	48	45	50	67	31	46	4	88	96	100	36	49	23	40	87	93	31	61	59	60	41	31	68	21	60	47	56	88	84	64	11	83	8	32	41	18	34	100	34	93	79	50	40	41	37	24	4	47	40	76	62	59	58	67	39	30	84	82	100	11	80	46	43	32	52	39	54	18	23	99	45	21	60	87	92	5	71	61	32	20	26	33	5	60	41	3	28	65	97	71	14	87	66	25	63	79	22	58	79	22	78	25	59	45	5	62	1	50	21	100	62	84	4	17	63	28	51	81	65	36	65	77	34	62	
64	60	68	84	8	83	61	21	82	41	96	97	37	69	87	67	43	27	94	42	10	31	39	52	18	18	79	79	42	60	66	6	5	64	71	92	100	42	41	72	8	71	95	94	95	44	3	99	69	98	3	87	91	37	67	54	80	42	7	39	9	9	28	87	60	89	94	91	32	73	85	73	18	26	88	35	86	24	72	55	28	42	28	47	49	7	32	42	66	65	17	99	68	45	89	48	75	20	60	91	34	12	41	38	84	3	42	80	65	33	53	29	9	95	76	82	29	48	74	68	84	15	26	92	48	79	84	54	39	73	43	92	91	60	95	22	80	75	94	92	49	87	61	22	87	5	12	12	26	54	13	79	3	71	26	37	44	32	39	82	35	17	62	75	90	27	22	47	23	25	33	82	65	37	30	29	3	56	78	85	43	30	35	98	6	86	64	84	17	68	22	56	6	75	57	45	52	71	80	89	
79	85	86	17	36	29	53	70	16	32	90	32	2	52	35	28	3	46	82	79	94	92	80	46	39	73	86	75	81	67	94	43	92	80	95	33	48	51	79	29	48	91	68	21	9	63	88	83	42	3	40	53	22	57	16	31	25	67	60	52	1	37	10	58	5	68	43	33	30	21	16	44	11	79	76	66	28	71	96	88	55	46	77	7	56	37	25	41	40	72	41	81	41	19	87	60	51	97	85	23	34	76	69	93	92	95	62	10	84	87	39	65	26	17	94	5	62	52	36	97	12	90	72	59	91	31	62	70	69	64	47	100	75	92	4	23	9	83	39	24	88	56	17	100	50	68	35	83	28	51	2	34	71	54	21	40	66	74	87	87	8	69	48	66	70	4	8	68	41	24	60	64	80	37	70	27	74	37	8	5	76	91	80	2	72	10	69	18	63	22	73	96	27	71	43	44	17	53	9	25	
31	91	70	74	15	61	95	38	44	42	28	2	18	60	17	44	34	4	20	42	56	34	42	97	15	97	72	83	91	31	35	24	74	4	62	80	50	90	53	29	75	16	39	70	18	1	59	46	52	79	2	18	44	25	21	53	89	88	99	15	44	3	82	84	24	92	56	10	48	99	51	65	60	68	20	44	42	67	95	13	90	96	25	76	97	74	57	25	81	21	42	16	72	82	18	56	41	76	94	91	72	12	27	42	52	87	30	18	42	92	38	50	36	99	34	72	34	14	25	64	52	54	20	39	12	26	69	61	99	98	64	2	1	10	4	7	74	63	39	39	36	99	34	47	53	27	27	20	45	45	17	28	62	23	47	85	76	56	58	64	5	72	80	100	43	18	72	40	55	59	73	40	81	83	64	49	96	26	50	97	79	68	21	56	35	76	7	30	28	56	96	21	79	44	83	6	1	2	19	17	
56	39	17	84	21	15	16	37	6	12	3	44	33	33	28	84	53	28	90	76	28	53	5	98	90	32	80	32	49	70	73	23	36	47	32	76	32	26	7	30	69	15	18	54	46	21	13	36	45	28	95	42	87	48	71	22	89	11	48	82	22	50	35	42	68	78	27	76	35	79	48	62	45	57	79	6	72	43	14	35	99	50	41	59	42	82	6	13	89	69	11	98	36	49	47	64	75	99	38	75	66	23	20	8	5	46	92	71	44	79	53	100	93	57	21	55	64	24	95	63	18	11	49	45	6	93	67	20	41	18	9	18	92	96	46	14	49	3	69	10	51	20	63	29	53	26	94	90	29	19	66	80	1	81	73	76	25	49	75	95	24	94	76	15	32	74	22	63	24	31	80	21	75	14	38	11	47	11	34	61	40	25	51	28	2	69	83	54	51	6	27	79	49	32	80	45	13	60	46	96	
90	71	75	71	33	27	37	8	5	64	61	76	15	87	28	66	90	18	37	84	29	81	40	28	77	26	67	9	81	67	85	83	36	24	90	77	57	87	82	87	59	20	52	25	48	87	74	61	49	3	86	93	27	98	12	34	51	75	59	35	40	15	28	23	98	81	57	96	24	88	53	88	90	80	17	88	37	81	81	98	34	75	43	35	33	96	65	55	82	71	73	5	44	64	96	35	56	86	78	11	81	16	8	68	19	27	91	22	74	59	46	62	64	90	89	70	95	86	58	10	53	26	94	39	46	28	96	11	32	57	97	68	21	4	81	67	28	27	76	97	36	11	78	38	95	55	93	10	49	58	94	69	44	72	53	97	56	15	89	47	12	8	49	76	44	43	83	95	56	76	94	11	11	99	13	55	70	27	50	84	96	64	20	69	62	91	40	46	81	75	71	44	32	4	54	21	81	45	55	91	
92	84	34	10	9	84	83	84	20	64	15	15	55	21	26	63	5	98	33	17	38	98	57	23	21	74	15	38	2	5	36	18	57	24	58	23	44	44	29	31	74	22	4	65	87	26	73	41	27	6	10	64	97	50	75	67	89	75	57	93	6	96	9	92	15	58	41	30	73	100	91	60	29	89	94	60	73	57	72	27	27	82	72	36	13	93	64	70	70	82	27	28	24	75	53	12	94	95	44	93	60	91	77	62	52	62	58	92	29	65	77	1	79	50	50	16	59	15	35	84	99	84	17	31	67	19	68	91	58	33	50	30	17	43	12	86	58	74	75	7	50	99	68	19	11	19	57	86	14	21	1	18	98	56	35	41	73	15	9	51	14	8	93	82	7	46	29	86	62	75	20	93	97	18	64	5	5	62	23	20	52	100	40	1	3	87	32	33	65	57	43	83	80	54	62	5	50	69	61	30	
72	68	54	16	80	20	50	70	28	48	33	5	13	80	13	98	25	57	16	71	7	31	92	65	16	84	11	93	56	40	99	17	27	1	36	66	77	26	79	84	24	98	22	51	11	6	65	41	25	45	72	15	82	12	53	79	44	89	76	59	9	5	60	3	5	92	19	84	5	1	87	62	53	35	56	34	43	32	89	32	95	8	24	23	95	14	90	53	54	69	65	74	44	6	96	70	35	94	44	32	57	55	6	35	23	30	24	62	72	79	75	100	86	80	57	32	54	24	76	8	52	84	25	60	85	93	67	45	17	100	59	98	92	69	33	23	80	88	47	25	59	67	83	39	95	25	18	34	39	33	5	86	63	67	62	27	91	20	91	44	90	73	79	86	75	88	49	90	79	52	76	1	8	61	85	48	84	13	59	45	86	86	34	96	88	32	49	24	36	45	44	6	45	21	5	19	44	35	75	32	
28	7	42	7	51	59	66	64	64	76	36	9	19	3	14	37	58	95	72	60	7	10	44	54	100	56	32	39	17	18	70	27	48	71	51	36	55	70	13	24	100	41	34	99	58	79	20	65	15	55	13	40	1	24	32	78	44	30	54	47	15	80	43	98	28	99	97	39	41	64	16	94	28	49	14	14	75	43	1	48	26	42	51	96	99	48	26	7	76	28	96	17	12	78	64	38	75	26	79	62	6	46	8	82	67	58	9	80	66	9	53	18	32	24	45	44	25	73	15	7	48	7	93	35	44	6	8	94	25	21	24	54	42	41	45	100	18	32	1	77	69	91	28	50	14	35	4	71	38	87	29	17	27	4	11	10	42	19	87	35	91	61	2	51	39	61	71	39	36	69	15	73	63	35	73	65	100	89	22	41	62	19	26	60	20	11	44	56	65	52	17	1	13	81	50	44	59	54	100	8	
45	58	38	70	75	51	19	2	27	73	18	37	22	37	23	33	60	24	43	14	45	86	22	82	74	62	6	80	31	64	100	26	54	76	56	92	35	65	7	2	95	3	63	64	52	4	10	74	9	34	68	69	14	51	16	76	66	97	40	47	71	81	28	75	48	58	41	13	58	6	64	91	1	58	78	44	31	47	1	8	18	40	70	79	84	39	74	87	22	72	65	45	36	71	63	2	21	60	15	2	2	34	17	42	54	39	63	97	84	42	91	40	11	5	2	45	95	78	39	62	71	39	68	5	62	97	79	30	92	66	57	42	84	96	45	25	13	84	17	94	60	46	73	41	72	33	56	9	51	68	55	5	1	9	5	63	44	7	38	28	63	12	6	89	39	48	79	20	97	58	72	51	18	27	40	6	22	27	32	77	93	33	80	42	84	42	11	76	77	71	53	2	60	45	69	35	54	8	19	19	
66	75	36	77	24	44	28	64	32	4	54	16	53	21	80	16	55	39	56	38	33	1	22	72	86	66	15	28	74	38	95	56	34	62	41	45	54	86	98	10	36	36	35	80	37	62	44	56	77	20	50	6	63	58	61	63	26	23	26	79	90	65	59	40	55	16	56	42	77	98	95	95	20	51	37	30	15	52	30	15	74	30	88	65	75	73	24	84	12	71	54	49	14	43	72	92	2	85	74	46	39	25	77	98	43	86	38	82	15	25	34	97	28	77	82	88	97	41	76	75	48	51	43	28	17	47	44	81	100	20	55	26	86	19	40	92	95	79	27	23	48	90	81	37	46	44	27	17	43	39	21	85	17	63	68	13	50	61	15	27	31	65	14	79	57	54	91	29	16	42	64	87	57	44	9	99	79	57	44	26	34	14	94	8	83	87	94	38	34	80	9	19	46	55	61	75	100	19	26	89	
65	46	79	94	36	91	2	8	69	94	41	1	67	28	65	18	1	57	21	11	41	84	87	91	23	38	94	10	41	40	58	99	72	31	39	97	5	31	5	94	70	95	66	9	3	13	89	4	57	9	35	44	65	97	28	48	64	77	7	91	74	63	4	74	89	58	65	64	73	50	47	15	66	37	28	70	18	100	65	19	25	41	60	20	42	98	30	17	9	32	20	69	17	91	80	56	88	51	57	73	57	62	8	91	39	16	35	38	98	27	22	100	55	38	84	29	13	59	74	17	61	47	60	78	1	87	54	68	24	83	1	86	85	42	60	78	5	56	78	41	63	43	93	82	93	23	52	99	28	20	11	62	54	24	86	88	72	96	16	61	54	66	87	27	39	97	16	83	66	100	17	76	78	36	35	51	88	73	44	50	21	52	56	79	72	36	67	97	62	89	25	17	96	91	30	32	8	19	89	25	
