200
4979
52	69	35	54	99	52	4	50	49	86	76	68	36	66	96	35	91	37	62	9	45	57	60	70	82	16	14	59	43	10	75	45	53	76	23	10	55	2	88	77	39	9	32	52	3	16	26	27	96	100	79	53	17	30	79	37	78	16	13	66	94	21	46	46	35	84	91	10	48	94	66	95	99	26	17	94	27	32	41	45	97	47	100	85	9	24	18	95	20	67	6	85	6	36	50	83	11	2	93	33	61	84	3	48	8	3	44	72	77	21	20	62	50	43	49	79	11	63	40	90	23	20	73	43	97	16	29	82	30	65	12	82	30	94	26	25	39	5	83	94	54	76	39	67	96	84	73	83	93	43	57	77	58	62	84	8	10	68	29	96	70	82	3	74	10	59	37	10	81	22	89	29	70	90	64	75	19	48	29	54	89	45	27	7	43	46	30	40	72	70	20	60	77	95	72	37	63	83	13	99	
72	14	29	28	99	96	94	42	98	27	69	52	16	93	38	26	95	94	99	43	93	91	26	30	13	86	31	42	95	90	53	6	72	73	91	12	88	93	44	44	74	35	65	44	65	87	33	89	42	20	49	13	86	92	62	100	81	77	85	13	63	98	54	41	61	93	65	98	20	41	7	71	37	88	30	35	96	41	80	2	38	52	30	87	84	88	10	77	56	70	75	50	3	16	5	63	41	14	58	93	93	1	37	13	98	33	42	37	20	41	19	41	99	100	11	41	66	46	68	100	22	87	83	8	26	80	40	91	83	12	73	41	93	62	77	2	83	27	17	56	35	19	48	87	33	38	86	51	92	85	10	92	47	71	61	82	78	4	21	9	21	97	97	44	22	42	60	80	20	25	72	61	22	31	92	76	13	96	68	20	83	18	76	13	54	24	76	20	24	78	36	33	14	67	58	66	68	96	66	56	
14	48	86	63	36	95	80	73	95	57	9	100	37	14	87	66	61	18	20	53	95	79	18	21	41	6	75	32	60	61	86	68	34	50	65	21	81	5	13	70	30	16	42	62	14	53	8	12	57	11	81	87	27	32	70	45	45	79	37	96	22	14	59	35	5	88	15	33	91	94	25	79	28	64	40	79	85	2	15	92	25	93	33	17	60	30	70	46	57	14	67	51	22	59	92	38	25	10	48	98	98	61	49	9	5	27	14	7	78	65	34	54	79	36	7	46	13	46	86	89	82	68	9	20	89	83	53	50	32	23	17	20	13	86	70	22	60	29	33	97	62	99	9	71	12	20	86	14	97	16	17	64	38	99	17	84	33	55	32	87	58	83	89	10	60	32	58	35	28	45	71	12	37	15	73	99	59	72	75	33	35	79	24	1	41	24	93	96	33	93	65	92	53	83	41	25	52	64	70	64	
29	86	20	79	93	86	31	81	75	20	32	38	80	28	88	68	61	40	3	39	4	93	20	51	33	22	59	15	70	33	30	40	26	85	21	46	35	61	21	26	3	67	83	12	18	9	28	99	50	61	96	84	26	93	72	79	23	10	85	23	3	68	1	18	10	55	79	94	37	44	28	95	74	91	51	11	49	94	92	44	36	44	1	16	91	65	89	100	6	76	81	77	58	79	33	11	68	1	25	24	81	22	20	82	12	14	12	65	91	7	81	19	99	96	19	6	10	45	25	44	4	61	92	26	78	64	15	37	52	63	33	9	69	22	89	11	13	24	65	9	72	53	68	65	20	45	7	27	42	66	77	20	51	49	26	54	93	81	72	92	97	94	5	90	68	100	10	5	30	32	34	36	48	19	4	40	66	39	34	62	67	28	3	20	4	22	91	59	45	63	20	91	60	50	10	56	2	42	4	64	
28	63	79	5	73	45	21	22	81	8	37	58	63	6	89	53	30	100	23	16	53	72	83	42	30	63	56	70	45	18	99	79	18	36	97	19	81	41	55	70	75	39	83	85	40	30	6	10	82	94	90	39	22	66	45	94	49	56	4	63	9	70	24	5	17	27	66	44	58	2	81	67	37	51	56	76	83	50	59	66	12	6	99	35	26	92	48	43	57	83	9	73	29	4	86	61	92	96	74	69	28	93	60	68	77	45	7	3	22	50	58	44	73	6	9	80	83	6	71	100	30	74	61	21	4	52	37	92	23	47	74	93	96	17	52	22	17	51	3	42	83	100	85	28	66	42	16	60	85	8	30	22	14	20	99	40	23	73	6	54	97	86	66	36	27	80	70	68	26	15	88	51	100	76	27	24	33	90	90	68	35	3	84	74	98	52	25	35	50	42	3	29	35	87	27	36	18	88	46	23	
99	36	93	73	90	32	53	90	18	84	21	38	7	78	52	59	19	41	68	38	76	68	66	64	77	74	5	56	76	13	54	100	3	77	23	32	31	90	46	34	76	95	90	10	15	56	12	25	78	25	36	54	76	11	45	13	7	11	52	85	84	76	84	95	9	14	3	21	94	12	14	79	79	69	45	77	11	61	53	53	9	80	62	69	24	34	2	80	70	27	97	98	62	62	87	36	33	1	100	15	31	23	74	65	18	47	93	88	33	71	23	62	47	42	61	4	81	25	78	30	50	46	55	55	90	11	31	32	40	62	6	68	25	63	31	72	6	26	71	95	39	57	91	33	14	94	91	97	67	22	71	45	17	4	38	2	90	29	97	13	78	21	46	93	1	31	42	67	84	48	100	81	62	12	91	29	6	90	88	23	18	71	63	7	93	18	87	95	90	3	21	29	63	2	54	84	27	91	40	27	
96	95	86	45	32	80	28	67	37	43	93	68	97	12	33	42	58	55	40	67	53	35	69	50	73	45	94	61	29	44	45	63	59	85	99	1	70	20	7	74	26	65	68	71	45	22	100	3	51	83	53	12	3	44	42	42	15	33	47	75	41	97	77	46	80	89	46	33	91	37	61	65	67	23	97	29	9	53	66	26	40	38	98	50	70	85	36	40	57	60	80	99	2	10	9	85	100	54	27	17	11	89	85	69	48	47	17	68	91	63	52	86	28	67	56	33	45	12	27	84	87	48	18	96	83	46	72	8	15	69	60	74	58	58	17	86	19	38	62	82	80	29	73	50	30	46	48	87	28	15	32	34	53	49	80	94	30	31	19	61	26	4	42	24	65	63	79	21	37	18	44	73	55	4	99	91	4	57	59	58	57	20	20	27	89	68	68	90	25	86	89	74	1	77	35	5	4	83	61	77	
94	80	31	21	53	28	83	10	25	96	1	22	63	3	20	27	43	69	48	43	11	18	9	40	71	11	90	49	60	76	18	26	70	46	10	2	77	50	11	64	58	97	50	10	76	47	82	4	71	70	9	68	57	86	61	17	36	84	66	90	39	83	99	25	43	85	33	14	90	79	26	89	79	84	87	7	71	5	13	42	8	1	94	29	54	43	43	41	33	78	74	27	42	41	98	24	12	100	74	6	39	49	59	93	66	44	22	81	81	20	17	3	8	89	18	16	27	63	45	60	9	59	91	24	84	31	100	45	76	99	27	37	94	63	48	69	80	10	57	49	79	99	8	28	29	88	68	56	85	67	21	82	97	77	44	74	10	97	96	36	2	22	7	82	45	17	16	56	10	85	62	8	60	55	54	79	50	69	37	22	31	76	50	75	69	25	24	17	57	7	54	27	19	70	51	9	79	31	45	88	
42	73	81	22	90	67	10	33	54	13	28	30	84	4	57	87	33	41	28	62	64	54	59	1	16	88	96	46	58	10	53	57	83	9	2	95	86	23	100	30	91	78	88	8	66	54	79	18	59	3	6	94	40	88	14	55	27	29	11	85	15	44	76	40	15	77	73	39	94	48	44	39	47	54	2	25	47	30	56	92	47	84	33	22	73	58	47	59	72	72	27	59	62	55	35	88	24	80	12	91	36	99	85	47	75	71	82	75	63	23	86	10	82	24	29	20	16	85	62	8	5	61	77	69	39	23	95	81	72	43	79	86	78	33	27	68	94	62	78	28	18	58	69	8	57	25	74	28	30	50	61	45	71	31	36	77	66	10	42	35	58	79	55	24	69	22	45	86	77	24	70	86	89	53	24	9	3	41	62	98	46	23	86	50	13	74	51	75	98	77	63	64	31	44	45	79	80	75	47	16	
98	95	75	81	18	37	25	54	35	14	99	43	37	30	53	8	35	7	46	7	79	40	83	89	1	82	7	48	65	15	36	5	78	38	43	99	44	94	47	75	67	3	15	7	72	33	47	35	47	9	2	51	81	66	94	51	16	47	22	3	66	37	75	80	88	60	23	82	97	17	74	27	70	16	17	84	30	20	76	46	64	31	86	72	38	96	50	66	73	47	20	3	64	90	71	62	34	54	98	86	60	87	81	22	63	96	7	32	11	29	30	99	59	53	17	83	60	6	49	59	56	88	51	15	27	78	64	80	79	29	18	79	9	62	31	3	86	65	94	36	70	15	53	15	77	75	20	81	50	9	92	68	94	85	10	14	66	33	44	88	29	60	39	50	58	39	27	23	93	7	41	93	72	29	96	52	15	12	1	22	37	16	94	63	55	43	5	40	48	100	36	94	62	54	42	35	82	17	7	34	
27	57	20	8	84	43	96	13	14	55	81	61	88	42	5	34	99	6	4	55	92	79	93	83	43	28	12	2	82	88	92	78	99	12	92	14	71	11	85	38	74	13	33	99	7	33	94	16	55	36	7	96	4	68	38	83	55	32	94	62	75	28	95	91	75	78	88	93	99	44	77	14	95	74	90	30	38	100	62	4	81	13	43	7	21	94	92	46	77	82	2	83	32	33	32	98	41	8	33	75	75	21	18	54	5	60	88	37	32	25	50	31	45	23	48	16	40	39	7	46	48	67	60	59	41	26	67	89	55	88	29	67	95	4	42	79	87	66	54	7	98	52	56	2	84	34	28	71	39	87	45	25	44	67	37	10	53	45	62	89	38	11	95	91	8	13	15	23	51	28	50	16	79	18	73	34	11	61	60	79	67	11	13	100	82	63	54	4	12	58	65	39	98	25	73	92	3	86	64	22	
69	9	32	37	21	93	1	28	99	81	16	19	92	67	52	53	71	52	67	97	95	50	37	18	33	63	51	66	80	44	67	54	50	52	1	19	68	31	81	4	2	32	70	90	4	38	7	14	85	12	57	42	27	21	84	29	66	42	69	66	94	23	63	46	55	5	56	51	39	13	8	42	38	89	17	16	50	31	88	98	78	90	70	44	49	88	98	12	33	84	73	61	76	24	63	89	57	54	48	37	26	23	46	12	65	84	27	29	66	21	33	15	8	36	84	43	100	60	49	69	55	54	48	66	83	18	67	81	84	79	51	52	38	14	42	46	45	25	64	6	13	39	72	60	35	72	6	77	61	33	19	81	57	23	75	99	59	63	9	67	65	1	50	98	75	3	84	77	66	23	69	54	44	63	1	39	57	13	68	22	6	91	37	78	34	1	13	91	41	38	62	42	94	22	25	5	78	2	89	41	
52	100	38	58	38	68	22	30	43	61	19	18	100	6	54	67	18	15	57	30	81	19	65	49	8	20	57	66	2	98	36	84	85	88	19	91	47	15	48	18	89	79	73	98	100	55	70	47	54	75	32	11	94	13	93	86	46	84	75	46	19	72	90	93	11	87	87	72	59	54	91	17	82	57	75	67	83	84	64	47	96	46	63	87	61	15	89	44	7	23	13	56	2	40	67	96	51	10	51	94	3	7	39	15	28	33	70	70	31	44	78	97	86	62	20	95	27	55	34	47	17	62	93	97	2	3	55	63	20	49	21	73	70	48	35	80	8	45	14	38	61	31	45	48	28	98	52	89	71	76	96	89	85	34	47	50	97	99	39	75	44	50	69	13	25	33	59	20	38	97	59	96	32	51	61	61	88	76	46	38	83	31	89	83	19	41	97	9	13	70	9	14	64	89	10	99	11	69	44	61	
16	37	80	63	7	97	63	84	37	88	92	100	65	65	72	94	5	91	21	100	54	56	53	23	6	79	53	76	96	99	69	57	68	17	81	1	78	97	73	81	15	78	8	92	56	35	7	9	49	58	15	94	55	26	91	54	34	90	88	72	22	56	21	52	63	30	100	6	59	81	58	20	30	31	96	18	81	11	16	54	23	74	50	49	48	78	86	61	86	70	64	73	87	70	45	46	11	10	74	83	52	28	48	44	97	89	55	34	16	90	31	54	46	48	13	54	3	51	90	81	3	46	89	34	49	2	61	57	17	4	82	69	80	10	70	68	60	16	17	52	60	90	95	97	33	29	72	100	86	32	32	59	10	75	4	69	94	43	57	56	4	72	27	33	39	5	83	73	37	55	19	75	35	23	10	98	15	8	49	90	33	93	100	45	46	62	69	76	44	47	61	28	42	73	100	30	60	46	11	91	
93	14	28	6	78	12	3	4	30	42	67	6	65	65	30	65	97	48	18	85	29	44	10	95	14	49	64	3	1	56	24	24	90	19	45	64	36	29	88	64	78	70	32	59	45	93	84	49	93	54	41	95	83	71	81	8	74	21	17	59	52	34	81	77	41	5	62	77	47	36	93	97	41	68	70	17	76	87	97	30	78	49	19	78	88	16	13	5	81	76	30	16	10	46	19	29	61	73	9	30	29	79	5	80	2	99	24	82	18	92	5	21	26	97	51	2	89	53	14	21	14	1	31	38	99	83	8	89	3	100	63	24	63	40	43	100	21	9	62	79	98	78	6	77	62	13	93	31	15	63	76	19	97	17	79	72	61	44	69	3	7	62	14	19	23	29	97	4	18	36	36	69	77	90	7	93	69	59	66	60	37	12	48	37	35	11	58	33	66	34	82	95	39	90	64	74	55	50	24	73	
38	87	88	89	52	33	20	57	53	5	52	54	72	30	26	1	34	4	45	51	11	72	61	59	66	72	46	69	28	1	84	15	7	47	79	5	90	48	99	61	27	15	78	49	40	75	19	9	35	7	91	98	40	70	94	92	6	69	94	30	60	90	46	14	11	80	39	88	22	89	91	70	42	65	77	73	53	1	78	92	27	85	86	35	26	41	65	70	88	81	11	29	81	34	97	78	82	34	60	19	87	13	47	8	84	20	15	93	60	61	37	91	3	38	39	21	30	52	22	22	81	47	39	55	42	56	82	8	90	49	13	59	79	99	73	23	92	97	79	18	48	64	36	13	13	59	81	17	34	31	28	26	49	55	94	69	16	55	73	51	70	23	93	10	84	69	57	64	53	59	43	10	3	84	89	97	35	91	88	29	70	4	21	90	17	50	88	84	50	13	85	46	50	63	85	94	46	56	6	27	
26	66	68	53	59	42	27	87	8	34	53	67	94	65	1	83	21	94	87	59	84	22	74	13	52	2	12	57	63	89	48	20	1	62	45	22	50	20	34	95	62	13	83	35	22	57	3	12	66	12	88	64	64	17	38	69	39	69	78	84	12	44	56	23	16	54	92	69	7	86	95	56	59	37	35	71	47	39	48	59	53	4	91	62	31	64	97	75	46	8	92	50	32	51	13	70	61	63	75	33	66	73	93	73	84	36	72	6	59	30	61	74	40	53	18	21	22	22	54	1	34	28	14	43	100	29	41	26	42	45	36	50	49	88	65	51	26	76	91	26	37	43	73	88	60	57	100	71	56	27	34	17	91	100	59	23	98	76	22	38	64	5	66	18	100	76	54	93	71	12	24	22	16	73	11	61	10	79	52	20	45	87	21	48	57	85	38	20	31	91	74	1	97	75	75	28	92	79	50	64	
95	61	61	30	19	58	43	33	35	99	71	18	5	97	34	21	46	5	18	33	9	10	39	61	34	52	73	16	32	21	9	1	34	12	87	88	83	92	11	34	63	48	83	46	98	54	5	27	32	40	86	60	77	93	10	61	100	11	61	42	17	31	59	99	33	30	89	99	88	64	57	76	22	91	12	46	24	37	7	89	19	16	64	41	75	80	2	34	94	57	27	42	70	68	33	3	37	70	5	14	62	72	13	15	11	9	29	71	90	95	2	37	5	32	44	15	68	31	7	80	93	68	59	59	22	59	8	12	15	21	46	97	66	94	31	90	60	51	93	68	37	63	75	28	20	1	95	1	72	28	67	56	13	86	11	1	18	25	8	81	69	16	56	44	21	43	2	62	25	6	82	44	37	96	56	8	15	100	71	13	10	88	11	67	65	92	92	32	99	23	12	12	9	25	22	57	47	61	9	17	
94	18	40	100	41	55	69	41	7	6	52	15	91	48	4	94	5	82	74	70	36	97	58	12	18	60	90	21	32	90	23	26	54	33	25	68	95	7	55	19	8	92	28	23	14	34	98	75	61	47	39	78	26	68	59	77	71	61	2	85	47	1	43	57	36	7	11	35	81	50	8	73	48	21	54	31	70	36	72	13	40	82	10	94	58	89	39	65	42	17	22	26	98	31	67	81	5	66	90	75	5	61	31	81	6	78	66	22	45	88	21	47	11	30	2	66	84	31	88	48	39	79	53	59	14	81	54	76	64	38	74	97	67	50	65	33	38	53	79	45	41	80	54	56	98	84	91	6	94	29	93	29	96	35	96	100	33	80	62	55	78	57	94	80	45	15	36	4	12	1	8	57	16	22	16	96	54	86	11	83	81	63	96	61	68	66	100	74	72	5	77	31	70	91	59	10	95	43	71	47	
99	20	3	23	68	40	48	28	46	4	67	57	21	18	45	87	18	74	71	58	98	91	84	17	50	51	55	28	59	34	78	36	80	77	26	33	3	16	83	56	88	78	59	27	44	54	10	68	100	23	83	24	38	44	69	50	96	87	94	52	89	55	53	72	87	37	58	57	87	83	68	27	66	44	14	74	92	90	40	90	95	51	61	68	41	18	23	70	40	18	47	40	83	17	34	55	60	77	80	73	93	8	33	60	25	57	11	88	100	13	38	7	90	56	15	59	26	86	23	88	68	1	11	42	42	40	80	99	73	74	34	41	59	93	49	73	75	38	75	11	8	23	18	16	77	49	70	83	12	76	72	75	50	3	86	11	78	51	34	42	36	92	11	31	88	86	77	13	65	97	32	38	27	86	40	78	77	96	26	60	91	34	18	36	12	64	76	94	82	38	86	90	46	76	98	52	59	14	83	23	
43	53	39	16	38	67	43	62	7	55	97	30	100	85	51	59	33	70	58	85	35	27	41	94	26	84	1	40	37	42	39	37	44	24	76	15	93	74	61	7	65	63	73	6	41	98	92	26	34	45	95	87	3	36	71	75	30	71	21	77	35	93	16	34	98	3	54	73	29	93	61	26	55	87	19	39	73	90	70	86	41	32	28	93	96	75	46	65	78	67	98	87	46	61	25	36	4	91	29	42	77	1	63	19	89	87	41	14	98	27	74	50	93	2	100	49	39	96	51	16	14	53	94	43	36	54	99	79	18	74	34	31	85	34	69	90	20	70	36	3	94	46	99	100	92	71	5	56	100	14	9	88	67	15	84	27	75	85	61	63	33	45	83	56	84	90	11	12	77	54	5	88	81	51	11	78	13	3	24	9	33	78	26	99	49	65	89	5	80	14	60	65	37	94	100	35	86	53	10	28	
93	95	4	53	76	53	11	64	79	92	95	81	54	29	11	84	9	36	98	35	49	65	48	96	45	88	62	35	3	12	10	37	71	100	33	44	14	17	68	60	36	40	76	55	87	75	54	59	38	73	75	53	17	16	49	17	44	12	46	68	64	99	46	7	73	14	1	30	62	5	51	26	67	91	47	30	30	53	91	11	28	83	52	6	25	36	66	82	99	68	70	49	63	29	84	76	1	17	27	92	70	80	22	75	50	26	47	50	95	8	89	100	50	87	76	44	54	52	37	7	10	55	11	69	62	100	10	33	93	71	47	7	95	95	62	11	42	86	71	10	11	62	31	89	67	48	93	96	98	75	93	82	39	39	26	11	43	64	21	45	18	29	92	6	90	48	38	28	86	30	27	16	27	21	6	26	68	92	21	15	26	14	38	8	53	85	96	10	22	16	12	31	42	37	44	28	36	23	49	16	
91	79	93	72	68	35	18	54	40	79	50	19	56	44	72	22	10	97	91	27	65	84	13	83	58	80	72	23	34	45	2	45	99	94	3	48	17	74	2	87	9	60	48	3	85	18	65	51	50	34	75	37	49	8	92	65	30	91	71	31	53	65	37	68	73	72	41	100	13	51	32	43	2	38	51	33	40	23	52	75	87	30	81	70	28	90	12	89	89	30	8	35	99	11	79	61	67	74	94	81	88	76	57	85	70	91	31	71	31	76	82	80	55	8	42	21	40	73	94	44	63	46	40	69	34	11	63	4	45	1	44	31	66	39	94	5	72	12	63	12	67	19	86	83	93	41	66	21	78	21	88	57	9	19	90	47	66	5	89	28	87	19	4	42	28	15	5	2	84	100	30	99	74	93	88	92	12	6	15	26	78	97	87	25	79	91	86	42	82	23	72	71	79	89	73	15	58	81	4	66	
26	18	20	83	66	69	9	59	83	93	37	65	53	10	61	74	39	58	84	41	48	13	54	40	61	50	4	3	94	93	20	47	70	54	53	73	6	61	63	75	99	77	8	54	63	73	59	92	37	62	89	83	10	64	81	71	71	5	1	51	27	74	57	36	73	61	40	45	60	69	60	12	60	38	94	67	43	72	88	24	54	38	76	58	45	80	23	48	48	94	63	40	12	76	88	71	82	37	9	30	26	84	13	37	8	58	2	94	70	1	79	3	16	81	36	13	67	18	90	13	72	25	52	83	24	98	82	95	24	16	98	47	42	69	44	58	71	68	97	80	37	26	99	33	25	30	4	46	75	73	7	82	21	13	8	25	29	56	24	20	18	70	46	83	19	2	77	80	80	31	20	70	34	76	22	54	99	89	46	57	82	34	9	30	32	36	38	21	59	62	28	52	74	96	42	96	30	28	35	63	
30	21	51	42	64	50	40	1	89	83	18	49	23	95	59	13	61	12	17	94	96	83	40	24	18	92	45	46	99	36	72	2	93	82	55	18	15	20	77	7	1	3	47	67	65	11	55	42	41	91	23	49	100	61	91	59	39	57	28	37	1	64	73	17	75	60	54	62	26	21	71	85	73	92	71	95	99	14	11	53	17	43	42	59	53	39	12	30	97	34	49	36	99	12	41	31	35	47	4	14	52	11	33	30	94	87	18	38	33	4	90	69	60	7	81	89	31	72	81	61	68	88	14	44	96	3	40	68	45	29	19	9	46	44	25	92	83	68	58	19	78	45	36	53	8	84	49	96	29	96	58	56	75	42	16	18	70	59	44	79	97	83	96	58	16	93	36	30	27	48	47	100	42	20	21	12	13	34	61	62	16	7	93	72	73	22	36	17	100	30	60	75	21	60	38	66	35	71	55	83	
13	41	33	30	77	73	71	16	1	43	33	8	6	14	66	52	34	18	50	26	45	58	61	18	39	65	4	10	20	58	67	2	22	17	57	68	95	60	31	63	31	1	22	1	59	53	58	28	49	87	96	86	71	39	85	72	55	95	71	50	50	28	69	81	84	23	50	77	30	95	8	95	56	99	50	81	15	74	19	35	85	66	21	20	56	73	8	54	27	95	27	95	61	55	42	10	14	85	72	24	57	81	22	46	55	31	47	43	42	52	34	22	74	11	26	50	73	98	33	65	33	22	19	69	40	19	72	21	54	89	29	45	15	32	59	50	86	8	47	50	98	93	5	88	92	64	76	71	35	74	88	94	86	7	77	7	37	24	93	30	79	2	76	96	49	70	55	47	79	39	6	97	97	89	94	70	17	58	36	50	65	20	99	48	33	49	41	58	10	68	69	15	17	64	15	22	13	95	13	23	
86	6	22	63	74	45	11	88	82	28	63	20	79	49	72	2	52	60	51	84	88	80	50	92	65	10	28	2	49	37	49	86	89	61	71	6	78	53	7	25	26	78	32	45	93	35	43	5	9	42	54	12	34	14	40	69	76	17	75	30	60	86	94	86	53	68	41	65	70	31	5	81	5	19	52	27	11	3	91	58	35	36	91	75	26	72	5	56	24	37	85	40	39	10	52	3	24	39	26	47	54	80	53	98	14	96	63	57	7	3	1	88	12	99	54	17	93	44	77	69	39	21	50	22	44	75	64	74	31	2	33	23	100	69	71	65	90	65	36	67	40	1	4	35	17	100	59	33	74	10	61	60	67	76	51	50	5	2	75	3	82	85	68	10	34	42	97	1	71	49	68	42	54	70	7	35	53	24	90	74	63	62	29	29	64	10	76	36	89	75	33	90	48	28	99	86	17	86	81	31	
31	75	59	56	5	94	90	96	7	12	51	57	53	64	46	12	73	90	55	1	62	72	4	45	4	28	43	81	36	66	39	41	89	91	19	79	100	57	46	75	56	30	44	72	34	2	49	57	98	5	15	60	12	66	50	100	49	46	28	85	26	89	92	96	82	67	91	58	13	96	42	42	66	36	44	5	4	88	83	4	80	96	7	40	98	41	86	94	72	28	24	98	16	29	93	27	13	99	69	22	38	40	50	39	71	10	18	54	88	96	51	69	32	97	24	76	47	32	67	97	13	97	98	12	90	77	22	32	58	26	42	6	83	61	25	41	75	34	66	1	60	59	72	97	96	80	99	51	95	92	39	29	40	33	71	31	6	22	57	91	69	59	71	81	20	28	51	91	53	12	44	47	76	31	39	64	18	100	16	54	100	24	93	98	1	37	48	34	30	8	39	60	76	88	99	19	76	100	85	60	
42	32	15	70	56	61	49	46	48	2	66	66	76	3	69	57	16	21	28	40	35	23	3	46	10	2	81	68	30	27	87	47	74	59	22	14	11	50	72	30	32	92	99	100	52	38	6	41	72	18	91	47	13	98	75	8	41	88	98	29	5	64	44	85	74	20	26	87	15	24	100	45	61	52	41	33	100	99	34	20	39	30	99	13	57	73	61	38	17	59	53	77	93	66	54	65	45	87	59	50	91	30	34	86	50	53	81	24	49	21	46	38	41	37	89	79	53	77	8	95	100	52	90	38	64	30	94	65	6	6	43	45	54	55	87	43	32	67	100	59	31	99	96	20	98	22	50	24	84	36	63	97	16	24	45	28	39	89	72	2	55	57	12	84	100	16	78	22	74	98	26	73	26	92	3	96	100	42	20	92	87	22	21	38	40	4	62	82	74	86	63	90	1	67	13	83	82	33	21	63	
95	60	70	45	76	29	60	58	65	82	80	2	96	1	28	63	32	32	59	37	3	34	94	99	20	49	36	30	34	81	23	26	29	56	100	52	18	50	6	17	1	35	40	39	1	61	3	47	99	13	68	2	100	70	30	97	7	73	50	29	1	22	82	40	7	96	83	62	35	66	17	89	23	18	8	98	59	27	56	44	58	91	17	11	69	52	82	90	68	81	98	65	89	35	13	46	16	66	27	2	88	57	13	79	50	31	60	56	58	14	79	85	27	80	71	38	78	36	5	95	96	18	85	76	65	4	31	12	47	18	78	14	50	97	83	9	69	63	93	81	27	93	52	77	30	58	89	85	29	61	97	19	9	18	20	52	75	20	83	81	15	37	65	83	80	88	79	91	77	53	70	63	42	60	58	6	7	30	5	39	30	50	45	97	3	97	29	68	73	55	68	51	3	29	25	47	24	70	61	30	
90	61	33	18	13	44	76	10	15	88	44	98	99	56	1	89	21	90	34	42	12	45	93	36	58	37	66	27	81	51	13	8	15	95	52	38	17	5	51	80	25	21	10	15	87	76	46	44	31	45	81	71	68	9	11	87	20	84	47	37	93	84	57	70	30	73	97	25	94	21	6	22	80	97	60	100	10	84	33	29	74	11	59	97	20	31	28	21	15	65	28	75	71	60	53	20	17	63	52	36	91	4	38	45	82	24	78	56	93	52	55	76	78	94	86	81	9	62	22	88	14	17	97	36	49	11	61	32	41	61	26	57	39	96	13	22	53	30	58	64	65	17	50	41	64	73	72	9	54	87	20	36	83	85	78	53	4	85	95	66	38	38	44	67	59	96	47	77	20	25	6	60	7	41	15	62	3	15	89	39	58	81	4	14	68	11	82	73	65	44	31	28	18	89	53	54	63	16	23	42	
53	86	30	99	54	45	18	53	36	92	67	36	69	24	84	48	9	23	78	39	10	2	20	72	67	49	39	87	23	13	49	31	92	23	19	62	73	9	46	37	84	9	58	53	65	56	45	91	60	71	92	8	73	29	59	6	2	38	62	49	5	91	44	15	3	58	20	51	20	18	8	94	16	24	79	5	79	91	21	69	1	89	55	33	57	97	55	81	19	81	66	91	43	44	19	60	81	68	19	34	21	23	15	84	27	77	17	30	82	15	56	61	32	86	64	80	8	93	12	80	13	83	95	71	16	74	21	7	78	20	42	50	38	4	38	57	57	58	61	55	9	70	75	44	65	9	84	77	79	76	72	11	44	32	63	66	100	67	4	51	81	45	79	76	2	62	31	98	3	63	54	37	80	94	4	56	32	12	79	64	53	19	12	35	100	22	14	47	35	62	40	40	77	74	30	45	96	51	100	12	
6	68	40	79	100	63	26	57	5	78	54	84	57	24	15	20	1	26	36	37	37	45	47	2	2	86	41	47	26	8	31	81	47	70	31	21	67	71	69	95	58	78	80	89	89	82	40	27	76	22	47	79	20	51	81	10	64	70	38	29	33	30	81	25	53	27	90	92	37	17	60	22	4	77	35	94	62	3	27	66	91	68	87	79	32	83	7	74	35	7	40	38	23	33	93	15	95	82	9	6	56	65	27	89	64	47	98	38	38	37	39	60	55	69	19	62	21	33	79	55	59	93	57	4	23	23	93	89	64	69	65	82	80	10	98	45	34	19	50	5	10	95	51	31	58	36	27	58	46	42	5	85	9	100	35	19	90	77	14	71	76	56	25	74	91	23	12	12	30	52	57	38	22	75	37	15	43	77	7	82	37	33	14	27	36	41	28	15	95	18	89	90	81	58	49	38	74	77	32	85	
72	34	26	18	3	59	70	83	78	99	50	85	68	90	7	1	34	54	80	44	71	99	70	93	22	89	89	74	29	15	92	47	35	8	5	7	19	91	67	46	74	78	51	74	73	92	17	63	44	13	49	97	52	59	88	62	70	40	81	64	50	78	20	69	81	72	93	25	15	81	94	51	3	91	65	32	77	86	18	4	74	75	48	28	5	8	67	37	97	64	58	86	68	13	78	69	20	97	19	37	100	56	68	83	10	69	7	32	38	46	16	48	96	46	26	71	66	98	96	57	3	37	99	81	67	33	26	77	98	72	86	57	51	7	63	80	55	61	12	38	92	85	45	61	21	16	95	71	32	91	27	96	46	62	2	38	88	19	36	99	22	91	9	95	9	5	27	96	99	12	62	72	39	55	25	92	45	3	47	10	24	24	18	90	33	66	94	11	84	60	29	47	25	56	88	11	70	83	47	31	
73	50	85	36	77	85	46	9	38	12	52	88	17	19	47	62	12	33	77	24	100	94	54	82	17	61	91	59	56	95	23	70	8	94	35	63	30	6	50	46	10	56	59	54	80	65	36	4	21	42	21	96	20	90	90	69	55	93	33	96	16	52	96	97	97	28	45	61	100	63	67	89	12	77	49	21	87	57	81	66	45	97	95	57	76	44	83	52	85	83	93	15	86	14	77	90	97	19	44	55	6	53	61	40	43	82	77	76	88	89	53	89	74	78	94	94	47	26	7	70	35	19	68	71	2	57	1	42	32	25	36	29	70	5	92	35	52	23	44	81	75	74	60	62	44	31	45	69	47	15	30	44	55	89	56	22	90	39	23	30	65	45	24	94	69	77	21	57	33	14	23	99	15	58	97	90	35	53	66	56	78	11	11	69	60	6	22	96	63	78	49	48	69	51	97	41	99	37	43	93	
91	65	21	97	23	99	10	2	43	92	1	19	81	45	79	45	87	25	26	76	33	3	53	55	57	71	19	22	100	52	19	31	5	35	4	50	21	34	4	83	61	85	28	52	68	90	27	7	13	76	42	77	18	70	4	57	88	27	12	56	22	47	60	44	50	8	64	54	48	8	32	16	91	98	79	64	82	100	94	10	46	21	2	36	3	15	44	68	53	4	1	90	65	92	60	70	78	19	62	52	25	18	15	22	7	96	51	14	92	38	5	43	54	15	61	37	36	35	1	77	98	72	45	23	98	62	28	93	14	13	21	87	55	11	20	83	56	79	71	21	24	90	12	40	88	25	98	54	4	55	62	13	78	78	72	8	34	48	1	12	11	56	39	31	51	20	29	100	61	22	36	89	82	88	60	74	90	41	90	52	15	47	52	44	51	25	22	11	60	35	33	95	25	3	28	97	21	14	53	75	
12	21	46	19	32	1	2	95	99	14	19	91	1	64	5	22	88	68	33	15	44	48	73	18	68	6	79	14	52	38	62	21	7	63	50	51	94	8	51	56	97	57	18	96	57	19	95	50	42	3	80	93	18	84	48	49	80	28	55	35	93	78	69	55	52	32	84	4	11	30	62	2	83	29	33	89	41	91	14	26	38	93	72	24	22	76	51	28	98	94	76	55	8	66	31	67	62	73	91	48	77	33	21	5	59	79	25	44	81	56	60	47	100	75	16	53	24	83	23	59	42	27	54	16	10	92	20	20	84	35	30	69	66	73	92	95	61	96	61	47	70	37	65	48	86	75	33	20	46	11	96	97	11	58	92	96	62	24	67	32	25	15	5	90	62	9	97	98	45	35	40	1	8	2	6	82	2	4	65	64	28	65	68	86	79	45	84	65	64	31	77	16	72	18	4	76	86	71	60	35	
88	81	35	81	31	70	77	86	44	71	68	47	78	36	90	50	83	95	3	93	14	17	6	15	95	78	100	11	18	17	73	67	19	30	21	94	45	36	32	72	85	9	69	22	65	19	69	100	52	73	20	73	18	38	75	76	78	13	40	95	72	43	87	40	30	75	97	51	39	3	17	29	99	62	67	90	71	18	46	15	42	55	72	56	85	14	41	56	70	11	93	68	87	68	5	46	87	96	80	23	67	32	9	70	49	74	76	20	67	27	12	94	4	40	36	69	29	84	42	57	14	100	59	16	3	46	59	45	92	37	19	38	38	38	41	94	50	54	42	76	59	43	52	13	40	71	57	30	59	45	21	12	91	78	35	93	48	17	36	32	59	6	77	1	53	33	63	71	66	10	46	38	67	77	98	4	91	97	86	78	26	27	18	21	32	81	51	73	30	49	55	1	65	78	90	83	43	3	54	65	
93	5	61	41	90	20	50	23	94	11	31	15	97	29	48	20	92	7	16	74	17	74	61	20	60	53	57	50	50	5	9	71	91	6	34	8	36	50	62	37	81	5	53	33	96	33	94	47	4	56	55	64	68	78	53	64	50	45	39	72	62	63	91	66	97	23	86	16	88	95	62	95	80	78	44	60	50	5	78	62	20	90	31	10	11	36	31	16	55	53	45	98	52	88	38	97	4	20	78	31	75	54	30	89	7	1	100	12	71	98	73	37	32	13	32	4	68	9	35	80	96	97	22	74	70	4	24	68	14	25	67	99	26	61	31	78	69	30	29	94	48	62	63	45	65	75	32	25	82	12	48	75	49	7	18	42	20	31	62	1	78	50	13	99	77	26	74	97	71	67	78	68	34	57	81	48	68	75	29	57	75	98	9	73	60	43	30	69	92	63	71	70	90	28	18	80	27	90	45	54	
44	13	21	55	46	7	11	100	47	85	81	48	73	88	99	34	11	55	83	61	68	2	63	77	31	7	46	72	6	51	46	69	67	50	4	51	32	62	25	81	23	75	18	70	72	100	80	28	32	21	45	38	16	45	50	92	29	3	96	82	71	50	62	30	56	50	21	5	52	55	99	27	19	23	40	21	16	77	62	57	21	41	89	36	72	36	56	51	99	9	7	39	64	93	65	35	4	20	5	96	47	96	63	44	56	63	15	7	42	8	26	51	32	42	40	29	66	45	33	39	100	86	93	79	71	54	24	60	51	20	39	17	88	78	10	4	71	63	61	50	38	62	40	96	85	85	52	92	98	27	15	83	20	40	47	19	10	98	5	62	40	31	34	80	85	28	79	92	65	54	63	75	29	75	51	9	11	11	80	15	6	25	1	25	96	88	82	22	57	50	33	96	5	31	59	82	50	37	67	97	
44	70	26	70	34	74	64	30	75	38	4	18	81	64	61	95	34	19	56	7	60	87	75	7	63	25	75	30	17	80	37	95	46	46	83	56	72	37	81	88	96	98	50	79	97	55	57	37	20	86	43	60	34	6	64	10	7	1	64	16	76	28	44	97	54	46	86	34	63	85	73	88	39	70	84	24	20	40	58	51	59	92	99	3	11	55	54	95	69	14	24	17	99	64	34	1	31	4	8	59	23	27	32	41	28	24	22	21	37	49	2	29	12	26	65	15	43	85	80	83	88	4	65	62	18	85	38	99	21	42	61	25	42	73	27	95	25	53	50	47	99	71	97	81	98	78	33	46	77	89	39	48	33	17	34	48	84	82	70	24	7	41	97	16	9	40	10	69	34	28	15	94	52	77	16	27	89	3	1	20	45	78	58	20	45	87	90	96	50	83	43	92	39	85	71	47	26	51	32	28	
74	30	3	75	76	26	58	91	67	74	2	89	15	78	27	62	63	8	88	65	36	9	99	1	31	26	56	32	1	25	84	58	74	10	61	97	85	81	23	96	19	77	93	43	15	51	23	26	98	8	56	22	69	67	41	47	18	48	90	98	11	32	51	97	71	56	25	51	94	1	55	84	84	78	17	70	87	51	99	49	65	39	93	89	2	98	38	40	44	18	16	61	36	38	55	82	65	90	23	53	80	60	60	31	14	71	31	41	19	4	57	99	5	3	80	60	73	71	47	79	10	67	31	55	52	4	29	14	1	27	42	34	73	30	21	95	4	93	97	49	19	65	46	40	22	54	79	64	91	19	90	98	72	71	94	89	15	38	75	8	36	14	18	68	8	8	34	62	4	22	86	30	60	43	49	27	65	19	85	14	25	68	20	47	77	20	37	53	59	25	48	71	47	10	96	1	48	88	34	60	
35	16	67	39	95	65	97	78	3	13	32	79	78	70	15	13	48	92	78	63	40	60	77	3	1	78	30	92	35	21	9	78	78	56	85	57	9	5	75	98	77	31	83	43	88	68	58	55	58	62	94	2	48	89	71	33	87	90	45	74	41	92	78	61	51	96	63	84	69	27	69	62	48	7	51	87	27	28	11	5	20	86	41	3	46	98	5	59	97	40	19	11	95	4	22	92	12	62	94	45	93	41	99	33	85	69	54	82	98	51	64	45	71	17	75	15	30	89	89	14	21	75	68	12	38	42	91	34	25	51	100	39	78	71	8	26	76	46	42	21	43	33	51	69	81	36	11	60	72	12	93	46	34	29	39	78	59	50	22	66	8	35	34	7	94	97	21	4	27	49	55	98	50	39	51	95	74	5	76	23	72	65	52	24	19	83	14	36	41	52	38	50	83	52	41	27	28	46	42	95	
65	42	83	83	90	68	50	88	15	33	70	73	8	32	78	83	83	28	59	73	76	48	8	47	22	32	44	99	40	10	58	80	51	59	28	18	69	53	18	50	93	83	31	55	82	54	67	49	4	81	25	6	4	17	35	80	1	91	24	75	27	98	31	49	27	52	22	28	40	94	87	99	67	69	4	78	33	9	49	48	27	1	13	96	38	86	96	97	51	28	37	30	59	9	20	27	94	17	89	91	94	39	34	16	70	17	58	62	15	38	64	57	94	99	94	100	31	60	93	46	53	90	84	76	1	8	38	55	51	7	22	65	41	21	80	28	24	44	52	52	56	54	93	88	53	70	34	18	38	60	30	93	86	94	82	47	76	38	80	100	91	48	11	25	41	78	54	73	93	62	39	60	4	85	53	95	10	2	59	93	77	18	23	42	8	82	1	78	32	79	3	73	20	47	2	29	97	15	86	36	
44	62	12	85	10	71	10	8	7	99	90	98	92	59	49	35	46	23	27	6	55	3	54	67	1	45	72	100	39	15	53	89	74	54	52	96	22	33	70	79	43	43	55	67	38	21	30	57	96	82	38	74	82	66	83	92	95	91	31	79	42	8	83	96	72	63	83	71	35	92	36	21	50	19	77	64	30	6	26	78	56	74	13	33	14	42	16	17	49	62	79	52	87	48	53	5	29	52	29	54	9	87	67	81	96	25	26	51	63	38	88	35	38	100	56	14	27	78	87	28	10	12	50	92	52	80	78	10	62	14	72	24	54	3	15	85	60	42	62	9	89	26	38	93	78	18	87	52	46	42	54	27	28	45	23	52	75	30	92	93	52	73	90	36	17	11	57	64	90	43	80	13	40	41	58	38	47	51	72	25	69	21	45	13	42	56	48	9	71	34	13	43	79	90	28	44	55	43	77	94	
65	14	18	40	15	45	76	66	72	7	4	100	56	45	40	22	98	14	44	41	87	85	63	65	59	93	34	52	1	87	65	89	73	80	68	57	65	96	72	97	15	88	82	38	11	50	51	2	67	72	15	95	62	97	76	16	90	13	18	82	62	61	55	13	64	2	34	66	58	15	18	75	2	58	80	78	60	53	81	14	70	18	22	15	85	62	47	25	23	86	45	57	36	52	84	56	83	76	42	99	9	25	44	1	23	82	10	50	5	25	67	8	82	92	25	35	98	15	4	85	27	99	47	41	91	57	62	58	93	3	10	83	37	1	76	76	58	13	37	33	66	64	21	48	74	11	92	29	93	44	64	58	40	19	73	79	26	72	73	92	37	69	20	93	75	4	26	17	61	66	70	26	11	46	1	47	5	82	92	97	29	88	63	57	68	77	63	54	57	40	12	44	44	70	77	20	63	47	3	5	
87	53	9	30	56	22	47	54	33	33	38	55	35	93	75	57	54	34	54	98	75	18	73	11	53	35	2	38	61	76	56	82	92	65	90	19	19	33	100	55	51	68	54	21	50	6	8	71	6	81	35	16	23	79	63	40	6	59	5	90	74	17	24	34	3	84	100	59	1	13	67	65	54	50	93	37	5	73	71	12	74	79	1	3	4	22	56	55	35	3	5	86	41	93	82	44	78	72	16	74	30	32	51	43	33	16	72	79	6	56	51	31	89	71	69	21	41	68	99	33	72	41	60	18	52	76	28	68	97	25	26	31	78	59	27	63	76	50	88	69	8	67	73	40	1	68	62	41	46	16	18	24	50	46	4	62	44	13	13	10	73	78	82	83	18	67	79	42	9	55	30	15	63	48	60	26	30	88	20	15	59	90	83	43	46	71	36	68	4	60	94	97	80	80	66	85	34	78	97	60	
33	8	28	6	12	100	82	79	47	94	7	70	7	84	19	3	5	98	10	92	54	65	59	55	58	43	49	6	3	46	45	40	17	36	27	95	69	94	80	57	23	58	67	30	51	8	83	45	86	98	68	96	48	39	66	72	20	32	32	76	58	43	55	33	53	58	62	39	49	94	39	40	46	26	14	36	85	8	51	4	69	6	83	43	5	34	95	25	58	55	70	27	27	54	66	92	18	14	85	42	58	76	42	29	40	65	38	3	29	42	79	88	31	88	25	12	5	9	69	33	93	32	9	54	58	94	96	15	64	1	90	8	65	37	99	51	74	7	84	82	77	25	38	89	50	30	9	44	70	100	74	68	2	77	21	74	47	74	51	56	13	3	69	3	90	36	9	24	27	82	61	70	5	12	39	53	32	52	42	90	59	29	53	12	81	78	62	42	67	77	84	44	75	70	49	33	8	6	76	85	
89	12	99	10	25	3	4	18	35	16	14	47	9	49	9	12	27	75	68	26	59	51	92	42	28	5	57	41	47	44	91	27	63	4	7	50	100	47	28	37	26	55	49	57	2	71	45	2	38	4	77	98	17	82	41	44	77	51	18	32	5	69	93	3	78	47	40	25	89	35	62	14	48	75	41	29	45	37	81	34	56	37	81	86	51	14	93	82	27	67	73	13	39	100	11	8	41	20	15	80	47	40	18	30	83	62	62	78	89	96	17	16	33	22	62	23	48	8	86	75	90	25	49	8	28	77	18	35	21	48	73	84	19	66	21	19	5	42	96	4	86	9	42	46	14	5	44	33	85	5	72	62	25	63	76	47	48	25	63	56	30	21	81	41	1	18	81	23	12	6	89	79	5	8	46	89	13	61	83	15	37	95	58	9	19	53	27	60	33	4	57	17	16	93	85	30	90	82	15	29	
42	57	50	82	78	51	71	59	47	55	85	54	49	93	35	66	32	61	100	34	38	50	37	41	49	9	98	72	99	31	60	76	44	21	13	42	52	4	32	20	98	58	4	96	67	6	86	38	46	68	2	81	53	64	43	75	83	56	32	29	57	81	65	32	100	76	52	47	37	19	46	25	64	11	73	97	24	9	46	95	57	26	13	79	85	20	12	51	68	5	80	39	6	9	7	83	59	21	32	92	32	28	53	96	93	90	94	5	8	94	39	93	55	26	1	44	77	76	58	10	27	59	7	73	25	99	34	27	47	77	52	66	46	31	20	69	1	12	43	55	5	11	41	51	38	94	2	14	64	22	79	66	92	89	51	24	17	19	79	74	85	41	94	28	32	16	37	37	81	6	52	63	54	6	8	20	76	95	68	30	75	5	39	83	59	87	16	70	11	66	66	68	2	30	88	16	9	34	14	81	
20	11	61	94	25	83	70	3	9	36	12	75	58	54	7	12	40	47	23	45	73	34	62	91	87	42	5	18	13	45	71	22	13	42	76	3	73	56	21	86	8	62	81	82	72	81	98	4	68	39	21	17	90	47	19	98	18	42	66	70	53	68	79	2	6	66	61	74	9	29	75	71	47	49	30	50	80	60	49	42	99	100	33	33	73	42	26	22	52	12	68	91	22	99	34	37	29	23	13	55	2	7	96	26	30	64	51	89	27	44	28	66	53	66	84	47	27	73	96	85	20	68	63	97	60	89	11	73	58	37	26	67	55	7	10	76	45	92	75	53	51	69	92	19	69	71	43	61	34	94	65	77	69	15	88	48	77	75	99	90	89	9	26	10	49	14	71	86	2	94	27	92	64	90	42	83	14	100	21	35	10	63	5	34	10	77	30	99	72	91	98	1	77	4	31	45	72	61	84	97	
49	81	96	90	36	53	9	6	2	7	57	32	15	41	91	88	86	39	83	95	75	75	89	23	96	54	15	91	68	81	92	47	49	21	42	80	20	55	45	43	56	94	25	38	15	35	68	77	2	21	49	53	32	41	65	12	57	26	85	12	89	89	49	83	86	92	38	36	45	67	70	92	36	22	94	6	33	98	18	5	9	13	44	53	64	52	84	67	18	69	55	83	3	61	22	40	92	73	7	1	21	19	16	95	24	29	37	94	72	91	83	42	65	12	12	76	54	33	30	7	43	30	69	97	45	79	6	19	99	55	95	39	95	32	90	82	37	53	7	56	62	3	5	6	12	32	67	28	91	54	4	83	48	63	36	40	30	90	2	78	63	97	8	91	36	13	24	52	71	53	42	78	3	69	28	10	8	70	58	82	28	22	29	6	76	4	1	43	77	16	94	1	82	17	81	74	83	60	41	24	
13	87	84	39	54	12	68	94	51	96	42	11	94	95	98	64	60	78	24	87	53	37	83	49	86	12	60	47	2	71	8	79	97	96	77	93	73	64	38	60	22	2	6	74	95	16	96	98	81	17	53	92	29	81	73	51	49	6	99	24	68	79	57	46	71	84	90	7	50	13	85	57	95	58	27	26	12	85	56	64	73	26	30	25	34	87	77	2	74	61	86	55	97	87	97	83	4	62	44	16	30	72	12	20	36	87	76	58	5	73	64	23	92	93	55	96	43	73	58	92	21	59	65	40	25	49	37	68	5	41	79	75	41	74	58	37	3	62	72	23	25	26	40	96	75	36	83	65	33	20	2	42	45	96	27	79	39	38	93	49	10	35	49	88	18	31	93	76	1	5	15	30	81	38	47	71	38	20	92	68	80	35	58	100	39	55	17	13	45	77	73	29	45	31	64	94	64	26	3	21	
86	27	26	22	76	3	57	40	81	4	27	94	55	83	40	64	77	26	38	3	17	49	10	100	71	34	12	13	100	68	73	20	52	20	18	18	18	68	16	34	69	48	4	82	62	23	48	17	53	90	32	29	76	59	95	76	14	44	51	18	75	27	29	27	95	1	12	25	40	18	28	61	94	40	66	29	28	45	60	17	82	2	21	39	92	92	59	71	71	67	5	75	65	32	19	25	78	56	90	34	73	64	35	3	55	72	46	5	71	74	73	64	70	93	87	93	6	60	19	79	100	18	27	22	29	97	20	78	64	16	53	31	62	23	4	36	96	11	50	48	13	31	8	57	10	15	3	21	68	52	5	90	61	9	12	35	49	22	11	77	4	21	74	7	45	22	43	12	58	3	90	89	99	58	96	70	16	87	87	93	15	9	49	48	95	50	88	98	46	62	62	49	68	76	49	3	67	12	26	27	
92	32	93	66	11	44	86	88	66	68	21	13	26	71	70	17	93	68	44	36	16	8	64	61	39	14	66	98	70	9	29	51	59	90	70	84	38	78	45	6	67	89	17	66	97	79	39	82	64	47	41	81	59	18	5	35	82	22	59	50	11	38	32	86	59	4	70	44	69	7	38	13	43	30	55	87	4	83	7	58	72	100	17	50	33	67	20	22	87	40	98	25	69	28	20	61	88	2	22	40	77	57	89	66	47	53	62	75	23	43	85	56	37	5	98	1	12	90	81	58	6	100	70	39	26	73	39	52	87	53	34	61	91	19	77	61	64	74	94	73	3	63	65	98	83	81	34	33	11	91	2	84	5	73	67	10	45	45	19	78	35	66	47	54	64	48	27	5	17	13	39	74	5	53	72	51	81	49	80	16	22	16	61	36	78	55	77	73	68	81	16	56	78	77	60	23	49	16	74	37	
62	70	72	45	45	42	61	14	94	38	84	93	91	81	94	38	10	59	69	71	49	92	81	91	85	40	50	75	30	11	59	81	88	90	4	48	75	53	50	64	41	71	35	83	76	63	66	41	43	19	65	73	95	5	82	59	29	59	16	55	93	29	17	4	18	74	86	76	69	99	88	18	17	7	44	41	19	45	44	90	81	1	30	49	68	44	26	75	89	42	56	5	78	40	37	36	55	23	75	24	26	46	25	63	22	94	68	9	87	79	78	99	63	4	14	21	43	73	86	48	94	63	99	18	59	18	93	42	46	100	24	90	19	75	12	84	29	62	9	43	51	8	2	48	4	54	10	7	92	11	48	79	96	17	51	95	61	1	36	85	72	63	86	14	93	8	61	16	3	58	47	1	57	16	53	46	64	5	45	46	48	70	7	14	73	11	46	3	82	37	33	86	55	8	56	6	55	3	25	60	
100	45	79	94	13	42	17	55	51	83	29	86	54	8	92	69	61	77	50	75	17	65	71	59	72	69	100	8	97	87	6	10	62	69	57	49	76	64	92	10	47	33	80	92	16	40	72	44	75	98	12	51	76	35	59	57	2	90	30	59	50	74	81	12	28	11	79	49	26	10	82	66	20	35	88	59	66	15	56	36	79	26	76	82	76	84	63	39	34	17	56	47	88	47	11	54	28	35	46	2	25	86	42	23	26	24	45	2	67	66	57	20	71	36	52	21	63	87	64	41	92	52	77	57	19	25	61	66	76	88	93	75	59	5	39	39	17	24	67	37	20	70	16	93	56	85	49	43	67	40	26	6	3	2	52	62	41	42	46	60	99	55	53	24	99	18	45	51	45	29	84	70	94	87	48	17	72	55	67	22	18	9	56	71	64	97	25	9	74	64	14	79	97	85	57	8	67	95	70	40	
81	45	23	49	7	15	36	27	16	55	66	46	34	74	6	39	100	71	96	30	44	30	71	39	55	76	49	41	7	20	2	64	70	55	88	80	78	50	29	7	18	87	1	95	90	6	20	77	83	18	57	49	14	82	29	2	56	5	24	46	38	50	3	23	71	81	93	28	63	56	81	86	31	3	74	21	34	86	6	26	32	71	56	28	73	9	39	26	4	54	47	71	74	24	87	4	99	16	9	45	78	66	36	41	4	10	69	48	13	70	47	99	81	87	3	11	66	64	95	95	4	38	1	23	92	64	46	25	45	44	94	51	93	73	95	1	42	3	25	29	63	84	82	56	4	45	10	75	2	53	18	54	13	93	20	33	89	49	10	36	1	58	1	38	40	18	49	33	58	7	92	26	22	22	58	33	96	52	66	98	44	93	94	84	73	44	60	54	77	67	13	81	47	60	10	34	43	16	84	40	
77	79	10	56	11	33	84	29	47	32	42	84	90	21	69	69	11	61	87	71	12	91	5	57	95	17	46	88	73	84	38	70	40	93	27	28	13	45	3	1	48	90	91	91	13	59	32	51	56	42	26	6	44	22	59	90	5	41	53	5	63	59	36	59	81	54	23	51	18	7	81	31	33	39	15	85	13	43	15	52	17	36	80	98	93	83	16	83	19	37	28	81	31	41	11	3	90	61	26	92	21	61	50	53	77	4	45	19	8	67	9	97	68	14	96	87	62	78	3	61	98	20	1	3	70	6	69	59	99	99	30	79	76	29	100	1	39	46	94	76	84	2	92	71	86	51	75	93	66	98	62	7	65	74	21	16	96	40	80	10	95	24	5	24	5	72	40	44	9	30	28	14	30	33	56	55	25	32	61	33	77	23	91	88	33	56	63	7	8	98	66	97	72	22	19	93	28	97	81	37	
85	37	85	4	52	47	66	11	22	94	69	75	88	17	94	78	61	2	94	21	46	71	1	28	71	75	28	98	50	47	62	38	81	33	12	55	40	39	96	64	90	45	24	31	18	5	32	18	32	66	85	99	51	59	16	30	24	53	64	13	50	40	75	36	83	79	27	47	82	76	52	39	96	22	14	30	2	34	26	87	57	56	7	90	84	1	6	77	97	22	19	99	74	26	93	85	7	45	94	10	1	27	97	70	11	41	10	42	11	27	13	95	28	59	99	71	6	90	95	3	61	91	55	70	79	86	4	89	19	80	29	93	63	31	45	78	70	47	54	35	24	87	68	27	91	45	66	53	61	58	6	78	13	76	93	30	57	51	45	68	59	77	94	48	63	58	21	17	64	65	85	33	53	59	53	6	55	8	42	28	27	66	43	25	45	29	26	53	14	11	56	84	80	65	11	82	2	48	35	20	
13	96	23	63	85	75	90	85	3	62	66	46	72	59	30	84	42	85	52	77	68	31	51	37	50	30	85	29	29	37	49	29	64	96	56	35	95	72	82	16	98	74	75	79	82	90	76	32	29	70	12	24	18	50	55	59	46	5	13	71	56	35	39	86	98	63	9	83	90	81	72	36	27	32	78	75	61	47	73	22	19	16	32	95	73	97	72	50	98	90	19	100	68	11	21	94	64	40	81	15	16	80	56	26	28	4	17	32	22	50	39	25	55	71	3	95	15	90	94	53	74	50	38	51	56	92	70	36	93	72	94	80	82	68	57	60	100	41	44	30	12	46	18	7	81	25	50	46	41	57	45	39	62	99	54	39	13	26	33	68	16	25	50	40	76	3	45	65	2	29	9	47	52	85	89	82	97	58	61	85	12	70	23	86	89	42	23	46	39	41	63	79	83	38	36	10	90	15	70	15	
63	22	3	9	84	41	39	15	66	75	94	19	22	52	60	12	17	47	89	35	64	53	27	1	50	60	26	5	1	93	5	33	50	16	22	93	72	62	71	76	11	41	27	42	62	74	58	5	57	53	89	68	75	11	93	50	38	63	50	56	17	37	63	11	60	80	80	4	52	97	90	20	87	97	93	45	39	49	26	93	29	80	9	57	93	56	56	41	12	78	56	30	88	85	77	94	16	16	44	87	31	90	57	58	77	17	47	59	25	72	40	15	45	58	96	87	93	71	59	78	46	76	71	85	36	59	100	30	95	91	59	73	90	54	49	18	70	48	94	45	92	16	10	59	48	17	47	2	93	62	78	50	86	67	57	25	14	49	28	95	18	5	52	6	84	9	44	82	18	8	74	4	54	67	22	48	94	87	4	13	66	47	55	68	60	14	95	26	33	29	36	63	62	74	43	64	40	57	39	66	
98	14	68	70	76	97	83	44	37	28	23	72	56	34	90	44	31	1	55	93	99	65	74	64	28	86	89	64	22	84	91	30	78	52	47	78	43	63	50	28	32	92	98	8	61	17	43	69	81	68	89	79	27	38	29	74	50	59	40	35	37	70	52	89	28	69	89	35	55	41	88	8	51	6	6	69	96	96	35	36	47	42	73	91	80	6	3	94	64	28	69	55	11	50	43	8	24	5	64	65	25	5	20	60	70	9	25	20	89	16	33	9	17	48	42	90	52	5	82	70	79	63	42	17	9	33	95	42	81	25	51	34	85	60	10	17	37	99	19	38	75	62	52	31	44	45	47	20	41	27	44	10	65	68	50	41	85	44	49	48	30	76	45	91	82	75	83	16	68	67	91	68	12	97	7	1	13	89	12	77	99	48	57	84	20	3	48	30	35	47	5	79	90	6	42	28	47	92	29	67	
54	59	1	24	84	77	99	76	75	95	63	90	21	81	46	56	59	43	53	16	46	37	57	73	69	94	92	44	82	57	44	81	20	96	60	69	87	91	62	44	51	78	31	83	55	24	55	93	65	79	49	57	29	32	17	81	3	36	75	39	63	52	74	57	20	87	11	1	82	67	92	46	26	35	50	57	81	37	21	57	82	94	38	66	49	60	60	44	12	86	12	17	12	45	2	3	71	53	42	49	44	99	17	12	91	12	23	93	47	34	49	5	46	14	67	56	69	68	32	48	17	17	15	46	66	72	13	52	67	88	98	95	94	8	41	54	22	38	99	98	79	91	59	63	28	78	38	82	6	18	97	62	25	73	82	30	95	86	33	54	9	72	3	6	47	70	52	36	81	19	24	83	84	13	58	22	44	86	7	52	56	99	37	42	42	25	55	83	72	49	11	50	29	27	24	31	81	39	14	2	
41	35	18	5	95	46	25	40	80	91	46	93	52	77	14	23	99	57	72	34	7	68	36	17	81	86	96	85	40	70	15	25	69	97	44	55	40	66	30	97	97	61	49	96	13	34	33	3	32	2	83	46	27	86	4	12	23	59	36	86	11	89	57	66	77	45	67	82	79	88	72	81	54	10	69	41	89	85	6	89	46	14	97	16	44	42	55	60	98	30	80	92	10	29	51	57	85	50	16	36	74	53	72	47	90	44	92	18	50	71	51	73	41	87	48	64	64	34	6	35	8	7	26	15	19	50	38	17	73	85	27	83	18	7	98	75	71	98	82	99	18	66	94	22	71	74	54	3	2	7	14	70	35	24	11	90	84	95	7	39	53	95	76	59	84	37	11	79	18	26	49	44	54	57	62	35	99	2	64	41	12	91	34	5	47	31	15	64	68	13	94	49	1	57	88	33	69	72	92	22	
61	5	10	17	9	80	43	15	88	75	55	11	63	41	11	16	33	36	87	98	73	73	73	75	84	53	82	74	7	30	3	53	81	97	50	52	30	97	56	54	71	51	27	72	64	3	53	78	100	6	86	71	95	59	18	28	71	81	83	98	60	28	20	77	32	37	85	11	90	67	42	61	27	62	37	55	14	70	73	49	94	38	57	59	47	7	23	39	40	72	19	86	8	14	38	4	4	79	25	23	78	89	24	17	62	87	65	31	97	59	40	4	63	53	40	87	18	64	57	78	86	73	5	54	24	23	78	77	95	57	96	33	36	88	80	25	87	4	59	50	25	94	48	13	5	43	66	17	47	89	47	21	95	22	20	93	50	92	33	94	21	40	64	39	29	87	38	41	3	6	28	8	48	84	33	87	51	87	57	47	13	48	47	79	10	29	65	92	50	16	7	38	2	21	10	31	15	61	76	12	
93	88	55	27	14	89	85	77	60	78	5	87	30	5	80	54	30	7	37	3	14	72	61	60	23	68	67	20	96	73	58	27	72	28	8	32	75	23	50	46	56	96	52	63	2	84	58	47	76	66	92	84	1	4	74	11	81	54	79	63	80	69	87	45	37	15	12	44	67	37	31	94	88	39	90	40	50	26	18	87	100	12	4	71	1	22	46	67	34	95	8	100	87	61	59	36	91	27	30	1	72	96	10	90	82	59	24	12	18	47	32	38	57	21	32	73	13	44	99	1	84	93	12	83	25	25	13	66	70	52	69	77	65	21	68	28	30	66	61	83	11	82	3	98	89	13	18	95	68	81	60	20	93	84	80	76	22	65	99	56	17	82	11	48	61	46	80	18	79	92	54	60	4	77	94	65	87	93	23	51	22	96	63	63	2	53	35	72	76	56	58	34	78	42	91	12	64	6	75	55	
65	15	79	66	3	46	33	73	23	88	56	87	100	62	39	92	89	11	58	54	1	41	40	54	50	41	91	26	83	97	20	90	93	45	64	84	97	86	21	86	25	63	22	83	34	100	62	40	52	61	38	90	12	70	86	79	93	23	27	9	80	89	11	67	85	12	48	14	99	2	19	95	11	83	39	88	34	60	34	65	52	29	57	100	63	9	11	99	15	93	87	81	31	23	53	51	95	37	63	93	73	72	78	94	29	100	68	87	17	8	44	30	72	42	38	76	11	97	6	84	53	20	42	63	79	42	38	92	84	95	42	38	5	95	74	75	18	82	98	94	35	32	1	93	49	15	53	61	41	34	64	19	21	97	86	79	74	64	27	47	58	96	19	64	48	87	100	89	36	45	39	63	78	80	92	34	17	90	66	26	10	61	84	34	89	55	29	99	47	5	91	87	29	32	27	62	43	51	87	78	
98	33	94	44	21	33	14	39	82	93	51	72	6	77	88	69	99	35	57	73	30	100	45	62	77	65	58	87	62	25	51	92	25	61	54	4	51	16	5	34	51	84	28	71	66	59	39	25	47	74	36	7	25	44	76	49	28	51	47	83	4	35	1	82	11	44	14	5	62	69	89	95	73	90	35	80	50	64	90	26	95	13	95	83	76	54	25	27	76	3	54	68	71	99	77	30	26	37	40	42	85	52	39	20	25	44	96	72	46	86	85	76	32	18	84	91	70	100	100	47	96	3	54	22	19	76	46	86	32	19	38	29	49	46	53	88	9	29	47	90	30	76	57	58	71	9	34	19	83	23	83	36	80	45	46	10	95	96	72	21	38	10	60	22	54	19	100	87	90	87	70	25	42	12	91	38	51	8	26	73	36	97	32	29	79	74	88	78	49	71	62	16	34	8	92	54	85	31	99	11	
20	91	37	58	94	91	90	94	97	99	39	59	59	47	22	7	88	81	87	29	62	13	60	26	30	70	13	15	35	94	20	37	15	100	48	11	39	88	52	63	94	69	40	35	58	1	49	89	37	9	45	50	40	69	69	26	63	18	82	90	52	55	82	79	90	67	99	62	73	62	6	11	16	90	47	5	95	3	100	81	55	37	73	40	62	69	60	35	39	21	74	69	59	36	80	80	63	97	60	7	35	28	52	8	56	72	98	48	80	80	49	62	77	66	41	87	18	86	28	91	99	28	61	68	49	26	87	47	10	1	89	23	88	29	48	81	21	44	20	36	28	62	53	13	55	74	59	63	3	7	80	34	22	11	88	11	17	75	71	69	44	15	16	48	35	16	15	76	48	69	33	4	83	71	95	45	16	39	11	91	85	68	57	100	66	80	31	87	8	37	84	25	62	96	70	60	85	74	97	15	
41	94	44	2	12	37	79	48	17	44	13	54	81	36	89	86	64	50	83	93	5	51	69	21	95	31	96	24	66	21	18	17	81	63	8	30	3	95	55	85	1	27	94	92	15	13	94	35	19	29	67	13	18	7	99	10	56	7	76	81	97	41	67	88	67	37	2	69	62	31	83	76	22	98	6	15	23	49	80	5	30	10	55	12	21	28	39	90	30	46	13	45	28	51	58	15	81	45	75	42	90	3	53	33	5	23	40	63	27	18	73	18	64	89	18	44	16	51	10	82	100	1	97	49	36	13	97	26	37	9	74	52	44	65	56	21	1	6	33	37	60	93	84	43	12	57	32	5	11	32	11	70	51	6	37	52	74	76	88	23	92	85	28	91	10	19	22	3	30	98	38	53	95	99	81	47	83	90	70	43	36	9	2	65	28	52	58	50	25	75	69	87	67	63	94	5	82	23	86	67	
7	25	28	81	14	61	26	44	74	77	8	91	58	93	91	95	57	8	68	61	51	32	60	71	8	5	42	100	17	6	8	60	94	67	32	62	17	62	99	73	55	69	87	36	18	67	39	62	46	75	70	85	28	38	88	82	81	81	52	72	90	88	92	72	42	31	19	89	6	83	46	58	15	54	56	97	44	70	46	25	14	42	29	79	94	74	19	26	73	35	83	22	30	84	23	75	29	57	54	12	55	100	99	23	82	98	67	29	34	94	6	75	30	11	6	19	90	75	46	80	83	24	76	55	83	38	42	17	99	21	87	52	40	61	18	40	38	92	44	49	92	75	28	73	66	2	81	27	56	74	45	7	15	98	26	78	100	62	23	25	77	92	77	91	66	83	3	91	32	83	71	33	63	39	76	44	31	81	42	39	42	96	58	98	4	29	30	1	3	11	87	22	47	6	21	1	94	77	39	4	
71	79	95	67	79	65	89	39	27	14	42	17	20	97	70	56	76	73	27	26	26	43	12	85	95	81	42	45	89	22	94	22	51	89	16	2	29	95	27	88	84	62	99	21	75	65	40	14	25	71	92	57	61	13	18	66	86	31	39	36	20	8	46	81	61	94	95	95	11	76	58	1	6	99	95	18	54	28	17	5	21	15	57	30	20	33	19	95	76	14	11	23	36	21	73	32	10	55	61	45	52	18	20	68	75	48	41	57	1	73	9	25	59	39	15	59	48	37	49	93	26	82	24	98	86	3	27	31	17	47	28	6	3	66	28	26	76	62	94	12	39	33	36	67	56	13	8	35	87	15	13	9	27	100	71	29	74	88	82	77	98	33	77	14	89	14	52	22	54	2	8	15	30	87	56	11	74	67	53	23	73	95	21	73	9	50	28	68	50	12	30	31	85	50	78	30	39	79	79	77	
37	28	74	37	79	67	79	47	70	95	38	82	30	41	42	59	22	48	66	55	67	2	60	73	56	5	66	61	23	80	16	4	3	12	91	83	99	80	19	39	84	48	67	50	2	54	46	48	64	47	36	95	94	43	17	20	31	33	96	27	87	51	26	54	27	88	11	73	16	22	15	6	33	60	97	34	3	25	35	73	17	48	68	35	77	45	42	50	96	81	34	99	91	77	48	65	61	24	4	69	22	36	86	73	48	28	69	40	8	11	71	77	13	61	93	37	93	20	90	51	77	27	37	70	62	76	90	36	5	56	68	88	98	35	5	5	95	72	72	36	97	29	56	96	96	29	93	9	83	1	76	1	80	80	71	23	43	31	54	13	30	25	29	43	88	54	70	60	77	49	55	50	70	29	91	96	79	32	74	44	76	18	10	9	51	91	98	8	59	39	11	18	9	48	81	65	24	99	85	59	
88	64	91	51	69	23	84	54	16	74	89	57	31	68	65	37	91	21	44	87	91	38	38	92	99	19	36	52	18	97	24	77	91	77	98	29	62	78	23	70	78	7	69	19	58	50	26	75	11	49	22	58	40	30	7	35	3	39	22	32	97	6	35	10	62	39	83	90	90	98	54	99	60	29	99	4	55	34	14	13	53	29	76	91	59	18	35	14	80	19	82	46	4	8	39	56	54	85	6	55	82	67	19	34	12	13	71	1	94	4	37	90	32	15	79	92	56	87	32	93	93	12	8	15	23	66	65	98	94	42	33	72	100	1	18	66	9	90	13	35	73	21	36	52	25	45	36	66	92	1	90	71	98	20	94	11	80	3	44	81	31	84	27	53	81	51	68	41	20	78	70	37	62	52	80	43	31	8	59	47	46	32	55	67	65	78	99	7	19	24	27	72	60	65	52	85	86	54	89	62	
30	40	51	56	45	97	87	2	17	90	17	75	96	70	77	35	12	54	14	19	47	51	94	71	50	52	44	41	8	60	79	35	65	49	79	33	67	44	40	84	17	51	4	77	80	93	14	41	73	30	94	27	66	55	44	88	74	15	14	78	93	6	50	69	37	90	39	35	47	6	56	95	97	99	66	79	35	18	94	22	9	17	75	6	34	53	34	65	59	25	91	58	73	29	74	15	97	6	83	10	78	66	44	65	100	77	45	74	88	22	29	62	84	25	44	8	84	20	17	10	62	4	61	51	25	37	22	81	76	17	1	45	21	98	18	11	16	4	95	99	46	64	44	94	32	51	63	52	39	26	9	22	59	82	43	13	60	76	90	35	56	42	95	60	41	97	8	7	41	73	92	75	50	59	94	76	43	76	91	78	79	13	97	87	32	20	70	28	8	80	13	7	60	88	32	4	12	80	16	47	
35	79	11	76	77	29	7	25	84	30	16	67	18	17	73	71	46	31	74	39	30	33	67	95	81	27	5	33	98	100	5	94	32	21	64	89	90	60	21	24	70	87	78	64	78	37	36	29	97	50	6	26	29	87	41	59	21	85	30	75	45	69	57	41	55	40	88	80	5	15	97	18	34	4	79	87	86	69	83	69	87	32	44	77	82	13	99	56	65	55	76	98	56	27	54	94	54	62	65	41	78	96	38	8	98	77	20	38	63	39	8	65	81	66	17	76	12	91	71	31	65	94	77	89	9	98	18	73	2	62	27	40	63	22	5	24	72	73	71	47	39	70	93	97	11	93	37	27	4	80	95	83	84	61	58	2	30	81	97	4	24	87	79	3	83	14	90	91	83	19	38	67	10	28	96	95	70	95	93	34	47	10	41	67	17	83	49	3	81	17	32	63	79	39	53	86	58	53	56	8	
96	85	49	83	11	9	71	47	30	38	50	83	81	76	53	47	24	70	92	73	30	40	43	99	15	11	4	100	59	10	79	62	77	87	82	41	71	50	16	20	87	27	33	30	60	5	85	45	24	80	33	12	28	4	19	66	34	13	2	61	39	96	81	89	14	50	34	50	95	23	44	54	3	55	35	86	91	89	19	4	85	3	31	96	20	3	25	47	65	62	43	31	80	79	76	58	73	41	27	64	39	93	82	65	64	67	73	85	80	57	41	32	77	98	77	42	49	6	37	83	30	93	96	38	77	57	61	30	13	91	5	77	27	35	23	75	21	60	55	45	15	22	15	8	44	67	99	30	62	36	39	73	65	39	89	49	20	74	6	2	47	51	44	18	71	77	100	50	53	70	14	20	37	79	24	70	97	50	26	67	73	45	23	40	13	43	91	11	25	96	38	86	29	79	60	25	22	18	37	6	
41	2	94	50	61	53	5	30	20	100	31	84	11	87	1	39	37	36	90	90	53	23	72	14	74	3	88	99	27	84	91	3	86	57	100	91	18	5	77	40	51	28	9	6	53	73	8	37	9	60	98	85	45	83	45	15	86	43	34	47	49	96	37	85	70	26	60	64	3	49	70	28	25	34	18	69	89	39	83	34	80	37	77	76	80	86	86	76	86	36	71	74	56	15	25	56	31	4	58	59	17	37	34	19	71	91	26	35	90	16	35	98	15	5	83	96	70	64	19	93	95	3	53	50	80	20	90	74	23	48	24	86	55	46	5	2	91	95	15	14	84	10	50	64	86	55	71	15	100	21	26	49	5	54	42	83	39	94	77	42	47	59	62	93	84	98	60	100	47	81	81	53	35	2	35	10	27	42	11	6	1	51	98	9	90	32	100	36	60	23	97	43	86	17	54	24	97	75	72	47	
80	15	92	59	53	66	13	56	76	62	88	64	16	97	78	48	7	72	40	70	91	52	88	11	19	91	83	34	56	33	21	27	18	81	94	14	46	78	62	58	99	11	49	26	81	71	51	81	46	49	18	56	60	7	44	56	6	15	26	73	26	35	21	6	73	18	34	90	100	80	46	17	35	14	94	83	19	83	33	11	68	53	72	73	32	50	31	95	15	37	5	90	34	58	73	79	40	80	86	65	77	68	65	12	19	62	67	8	100	26	88	24	20	83	18	84	7	24	29	72	37	66	48	53	82	9	99	33	87	35	12	54	61	80	25	43	100	69	55	38	92	58	46	89	79	2	68	8	8	27	22	67	18	64	17	15	71	2	15	40	73	81	22	99	43	41	25	10	40	53	1	72	37	49	13	65	12	13	60	83	41	21	43	21	89	44	53	44	53	88	23	3	99	40	18	80	79	25	82	24	
2	92	44	66	53	26	42	92	46	4	98	47	54	30	92	59	89	13	90	86	11	75	24	53	35	58	4	20	44	29	69	66	4	66	10	26	15	62	57	51	49	5	48	78	14	12	4	34	95	42	5	64	17	58	90	36	26	52	87	22	93	36	57	89	49	87	65	26	81	5	25	5	73	13	22	69	4	34	11	62	76	21	59	65	62	70	90	23	94	75	93	83	48	12	49	54	23	50	31	91	64	51	94	91	11	91	4	66	23	16	7	9	78	87	18	48	86	17	74	1	58	81	64	36	30	44	90	85	86	67	6	42	20	76	28	57	96	89	82	42	24	73	64	73	28	68	57	72	77	46	31	35	88	76	100	47	13	98	86	53	84	64	69	35	31	47	90	14	88	18	2	75	42	87	8	52	42	53	79	4	28	24	15	11	25	49	42	96	30	64	92	96	40	46	91	71	86	72	60	69	
38	25	36	12	9	40	8	47	64	81	78	96	23	78	27	53	19	40	95	41	28	87	54	17	85	35	80	39	58	74	1	91	74	45	46	38	42	20	21	59	65	20	27	56	70	74	69	56	57	99	9	73	82	72	81	79	32	17	57	19	29	47	82	46	94	100	52	95	55	30	14	21	17	53	9	87	85	80	68	76	86	4	30	19	36	40	100	96	39	66	96	10	30	47	63	14	22	60	17	100	74	16	29	23	62	28	30	66	44	100	82	8	76	62	63	89	15	24	48	57	80	26	52	32	73	94	93	68	98	64	89	29	72	15	7	86	29	100	18	95	95	62	90	50	4	52	54	72	76	53	14	86	100	39	22	71	65	55	34	40	42	99	3	36	81	4	53	24	31	57	28	89	33	53	96	97	76	71	32	33	13	18	20	89	47	99	7	28	22	20	62	20	30	40	64	86	66	10	77	85	
52	93	44	6	80	38	1	84	31	13	90	46	74	49	85	4	16	82	51	32	83	30	38	43	66	36	96	30	91	11	89	68	75	97	21	93	55	90	41	92	39	86	1	74	18	79	6	37	26	100	13	26	2	100	1	26	71	36	56	16	80	42	94	14	38	12	29	13	37	10	42	15	48	29	17	32	3	37	53	21	4	33	45	36	74	68	82	25	33	82	42	19	86	32	72	59	35	24	24	94	85	89	71	74	55	7	25	64	41	9	17	81	21	73	68	35	28	13	24	7	8	54	31	3	49	10	60	83	1	35	88	21	40	33	53	30	33	89	50	23	32	27	83	32	48	97	64	55	8	56	90	62	25	3	92	81	90	76	51	97	21	52	95	68	60	87	18	26	95	23	79	7	59	34	74	57	38	62	43	38	66	12	58	67	58	71	20	34	93	8	49	47	84	23	59	4	96	88	21	43	
30	33	1	99	62	98	94	33	86	43	70	63	50	19	86	91	64	10	61	28	52	81	76	42	21	91	7	99	17	59	55	87	48	95	2	72	72	31	89	99	93	41	13	13	22	1	83	81	13	33	44	30	21	17	30	76	56	80	7	32	9	73	38	97	57	4	57	95	73	55	29	57	68	76	75	44	31	77	72	59	30	45	99	97	89	8	92	29	37	51	37	3	66	10	64	13	65	62	23	20	95	13	19	12	24	39	94	18	35	27	86	70	33	7	23	96	72	55	37	92	35	89	21	71	69	99	45	54	46	63	77	33	96	60	30	58	43	69	62	9	45	98	56	71	47	79	33	78	11	76	97	100	16	95	85	83	15	75	13	61	16	14	66	6	93	36	43	20	19	41	58	48	36	52	58	27	97	21	32	27	92	64	23	70	23	35	66	73	5	55	66	66	65	81	42	86	72	13	10	100	
87	17	16	35	69	50	29	22	72	7	44	87	49	78	35	62	41	94	68	93	6	70	58	59	20	75	40	13	11	97	33	79	28	57	36	24	56	10	36	3	89	3	96	33	15	3	43	86	79	33	53	25	39	50	49	82	28	98	90	95	57	91	66	16	59	71	100	83	40	12	79	30	35	91	6	77	96	76	73	65	19	36	97	50	10	45	50	42	52	85	26	38	75	92	61	83	79	74	72	94	32	30	19	32	1	1	60	79	77	62	30	72	18	7	100	67	32	42	100	5	70	21	66	11	32	47	51	45	77	95	44	69	17	100	38	1	71	73	45	1	19	35	37	18	94	54	82	52	61	1	7	21	100	39	77	11	54	57	83	25	93	71	85	8	30	71	48	96	11	29	9	54	76	28	79	67	29	93	66	90	6	69	21	51	81	73	51	60	96	51	37	21	84	74	84	78	56	44	78	36	
84	60	91	26	24	70	54	73	38	21	49	61	48	88	26	31	75	58	41	96	25	28	45	53	56	26	98	57	69	20	57	32	5	76	3	22	85	11	72	11	2	46	38	14	85	4	5	51	85	73	64	34	92	33	68	76	73	93	84	73	93	80	49	44	47	1	63	76	62	21	94	20	77	59	34	82	20	80	32	62	36	74	89	10	69	52	6	93	76	72	5	78	83	41	97	64	84	44	76	69	33	30	20	81	75	16	15	33	17	74	58	36	42	41	12	46	7	66	79	7	72	39	100	26	33	78	51	66	13	25	84	85	17	82	82	94	9	62	19	9	70	46	49	6	34	48	73	81	93	4	28	37	62	79	5	66	24	39	35	54	63	9	6	28	95	59	67	86	31	93	47	83	13	7	8	26	34	26	70	64	73	73	13	28	13	75	59	3	86	80	10	84	72	61	41	84	81	9	36	10	
88	30	65	92	34	85	43	58	96	94	88	15	78	16	41	64	80	89	18	75	36	90	80	39	73	72	41	73	52	31	97	83	8	44	15	76	14	36	36	55	98	98	86	42	62	22	34	14	20	42	52	87	92	67	44	84	9	83	1	97	56	6	60	42	7	22	9	54	69	28	74	33	45	18	53	13	3	86	50	70	40	68	8	45	52	46	35	33	55	78	38	12	77	43	20	94	78	52	61	64	30	97	97	10	46	34	60	25	77	84	50	39	60	52	83	84	64	76	81	76	87	7	44	46	82	13	28	32	73	33	82	37	72	60	35	72	82	49	53	78	43	80	42	8	41	23	61	67	42	96	84	38	57	96	45	20	26	61	5	18	76	19	16	30	32	31	61	49	32	30	71	39	69	38	87	25	8	60	61	10	88	98	71	72	77	29	45	92	66	77	63	97	69	26	46	61	59	53	78	53	
10	70	89	48	2	36	43	47	50	92	98	89	86	13	65	97	2	39	23	46	66	12	23	12	8	5	86	61	82	28	55	7	67	83	44	51	41	31	56	54	38	5	96	16	47	56	95	93	12	26	84	77	59	20	26	63	39	16	6	72	56	3	60	55	23	46	11	25	60	39	19	19	42	35	34	99	25	86	31	90	100	82	92	50	6	35	75	46	62	33	40	16	18	18	39	92	45	56	88	63	81	8	7	4	34	87	63	83	77	55	86	64	60	14	96	81	56	70	46	50	72	58	57	39	50	40	39	46	59	55	88	72	28	12	69	93	31	29	20	100	69	43	87	82	55	90	41	91	28	8	75	8	87	98	8	9	63	73	81	46	54	14	80	36	48	26	19	25	4	42	20	99	88	47	31	96	13	85	8	2	3	14	27	2	34	57	70	57	67	54	45	15	4	38	24	56	26	74	53	9	
77	46	100	43	80	40	41	59	66	46	12	44	61	5	70	75	34	65	70	65	82	89	48	30	54	56	94	38	90	21	81	74	37	52	68	28	56	16	51	95	40	59	97	17	25	55	25	82	51	22	67	2	71	22	75	39	26	83	77	50	41	94	44	60	39	67	99	27	35	90	26	95	50	14	65	56	47	76	95	23	96	25	29	42	93	33	46	45	96	10	56	92	8	78	18	71	28	56	63	36	12	41	38	79	3	61	15	4	42	2	4	21	75	24	63	88	58	35	1	82	46	21	27	58	23	99	7	93	18	75	94	55	96	16	36	36	45	7	86	81	27	71	5	18	19	91	68	79	4	68	78	14	83	57	12	38	78	49	40	4	63	78	54	97	28	28	13	50	74	2	8	29	52	24	44	35	43	41	30	44	24	61	9	69	24	45	6	22	45	46	86	37	16	71	97	19	79	85	20	17	
56	57	6	57	70	57	33	72	73	77	33	7	86	81	88	46	94	42	40	78	99	89	48	97	27	24	72	17	68	15	19	35	97	85	53	98	70	55	99	69	44	97	51	49	23	35	58	27	68	52	18	74	71	87	89	34	4	19	97	98	12	64	12	98	40	34	15	76	39	30	73	76	96	80	59	65	65	86	15	94	39	33	37	52	76	55	62	96	14	91	77	1	14	73	77	96	74	51	48	45	28	60	22	22	36	82	15	83	19	63	84	67	86	59	59	65	97	75	11	39	33	85	9	17	51	99	93	81	46	65	33	13	33	20	48	45	59	64	26	3	55	38	98	37	70	70	53	64	80	22	6	45	12	15	14	13	69	54	3	27	22	13	7	1	59	32	38	1	26	48	48	1	91	40	92	2	18	47	95	31	6	83	1	32	63	50	76	46	5	92	5	76	34	46	51	87	79	52	83	53	
70	14	76	83	27	60	78	72	47	82	84	23	70	76	81	8	57	17	18	67	68	30	94	34	95	37	28	59	81	65	81	7	64	83	4	94	11	53	9	14	18	40	28	62	86	3	55	67	5	12	69	61	67	40	42	17	54	37	22	90	78	28	86	30	72	95	93	3	21	46	35	14	81	19	25	55	62	36	37	75	66	82	51	85	72	78	33	10	91	61	87	16	74	22	75	5	96	77	56	84	47	73	7	37	3	77	55	93	95	18	46	85	48	15	10	52	56	71	29	91	12	100	98	78	84	60	9	15	6	85	17	32	47	23	71	97	8	33	61	76	75	70	56	70	68	83	4	22	39	66	23	7	24	94	51	96	29	99	89	65	34	61	68	39	54	34	86	1	43	71	30	36	29	98	1	47	74	47	12	81	56	56	68	80	47	31	83	83	69	11	47	71	61	62	29	59	15	84	25	9	
75	67	81	9	97	80	74	27	20	2	73	13	64	30	11	92	27	22	47	98	70	8	63	49	27	85	24	53	98	28	66	40	58	93	1	76	93	45	7	24	16	19	37	79	45	5	70	73	80	68	55	86	5	98	56	56	47	28	19	19	56	69	12	80	19	8	87	54	74	13	83	11	34	82	91	76	43	71	5	93	96	42	37	26	5	38	40	56	77	87	97	20	17	38	82	86	34	76	35	54	94	86	25	27	40	69	97	29	9	58	90	40	70	11	35	15	14	74	1	54	18	12	19	3	2	92	72	20	79	39	30	51	77	100	15	65	24	50	76	52	15	38	93	15	47	5	96	11	65	14	85	60	27	70	85	9	78	33	52	66	82	76	20	37	30	12	47	5	58	55	53	59	2	61	52	50	26	21	61	33	41	63	9	97	63	66	75	12	53	27	37	25	21	43	96	41	65	6	58	13	
50	51	77	73	98	99	27	59	3	83	61	56	73	16	29	50	42	26	40	87	49	35	40	36	95	40	98	77	65	75	91	38	86	15	90	55	68	98	39	17	61	11	30	52	57	86	27	13	39	91	83	55	75	25	5	47	71	81	99	100	30	55	17	92	86	100	81	68	69	45	22	23	99	46	58	98	31	74	90	83	10	19	3	38	78	12	16	92	1	16	20	11	59	25	18	22	41	56	11	16	24	56	45	19	37	8	1	69	87	38	47	45	55	47	79	90	16	99	42	97	66	21	14	64	29	74	12	79	67	65	9	49	73	19	30	59	93	79	96	26	29	99	7	57	87	7	71	79	39	37	97	6	66	32	11	65	15	41	9	68	100	19	89	27	29	60	23	54	45	56	98	25	83	91	95	24	69	41	29	24	40	14	93	41	5	31	33	30	46	5	50	86	74	66	57	51	43	44	6	62	
3	22	58	29	62	2	42	62	64	32	76	2	87	10	81	32	70	98	83	46	63	99	12	99	61	39	16	93	89	71	43	23	68	86	65	8	87	52	64	99	36	95	59	87	36	41	27	39	6	22	3	97	65	69	78	88	74	31	74	68	88	11	12	10	8	87	31	71	59	28	30	36	91	4	73	56	80	56	34	48	30	86	66	75	83	77	18	8	14	74	17	59	13	38	33	29	57	30	69	80	89	60	84	86	59	58	85	72	42	59	21	22	51	95	53	52	7	6	52	32	69	39	38	63	50	74	56	43	66	72	71	71	75	55	92	21	19	6	87	4	4	82	26	38	30	18	65	49	85	56	24	91	98	63	45	98	25	3	85	54	61	25	95	75	4	71	65	59	15	100	1	86	3	48	31	14	48	43	45	73	30	56	19	43	68	84	19	87	52	54	74	34	38	83	51	98	87	12	90	5	
16	59	79	4	62	10	41	55	90	33	24	40	70	46	34	51	68	31	17	61	29	11	76	12	55	10	29	66	35	60	44	33	13	14	92	66	68	88	93	64	38	4	9	48	52	93	54	100	9	99	61	87	32	28	40	47	24	41	26	11	85	50	45	29	14	61	23	99	36	51	84	21	77	8	29	27	79	15	58	12	47	32	10	92	41	43	18	78	73	22	38	25	38	71	77	13	41	18	37	96	8	6	88	36	56	27	42	79	66	31	28	97	31	3	31	1	15	47	90	34	30	26	77	8	91	20	23	76	98	43	71	82	55	85	16	92	27	88	61	46	96	74	21	10	9	37	38	30	86	32	50	50	29	12	49	90	68	32	11	90	9	32	97	72	31	32	32	69	22	96	53	7	96	48	36	5	59	20	4	47	76	60	96	96	41	59	58	32	17	49	52	23	56	42	89	51	30	43	55	9	
5	92	33	86	87	9	98	35	71	32	63	67	45	19	97	13	33	67	34	25	84	79	88	41	42	52	93	54	13	53	19	93	78	77	60	31	5	38	65	34	55	22	20	53	84	82	66	11	7	34	22	97	19	20	37	11	87	11	93	21	77	43	2	51	38	59	53	77	80	58	23	73	48	39	74	54	76	25	73	49	63	72	64	61	97	20	39	18	77	75	82	18	33	77	19	46	40	88	90	81	86	94	94	19	52	1	98	91	65	19	90	4	90	47	69	12	5	33	73	71	70	57	68	62	48	21	1	98	57	67	4	23	97	95	2	38	51	75	43	12	77	3	95	43	22	13	20	69	27	59	85	96	76	35	39	26	35	73	15	93	9	15	12	88	80	70	98	7	87	89	64	77	61	30	15	20	98	48	57	74	23	80	38	25	95	96	4	54	4	31	94	87	33	32	56	29	5	49	55	14	
63	38	11	61	36	85	24	88	62	98	89	96	46	29	78	70	3	81	55	36	76	61	71	31	10	3	27	65	46	20	60	15	69	90	70	67	46	97	35	1	82	92	27	5	56	44	92	8	83	37	40	83	25	61	36	54	4	3	85	94	94	8	3	57	4	36	51	30	80	15	75	32	65	56	15	94	58	56	79	54	14	59	13	83	64	94	92	71	96	5	86	22	29	13	46	39	49	98	55	95	64	66	8	95	87	97	59	75	76	16	87	89	21	7	81	41	39	32	75	61	41	46	91	10	43	65	8	23	1	47	15	21	52	85	92	50	85	69	17	42	42	23	34	81	38	92	22	79	92	74	84	91	11	1	51	100	82	48	60	37	60	45	76	94	43	7	85	52	70	18	88	5	70	8	27	49	70	41	15	91	53	46	8	92	5	16	72	66	92	89	79	47	81	66	73	57	95	89	41	96	
41	25	68	92	33	100	12	24	34	41	57	51	11	61	82	61	37	5	60	4	1	67	82	35	14	24	13	45	16	17	81	95	20	97	78	62	87	4	4	31	65	12	94	29	83	78	18	41	59	29	92	4	78	88	55	28	99	90	7	64	16	24	71	85	4	91	95	26	63	81	29	10	61	54	97	54	73	31	40	23	22	35	65	79	84	78	45	28	74	96	34	41	57	41	40	49	62	94	79	70	93	84	56	95	27	1	100	22	32	79	50	77	72	41	37	21	30	93	54	11	72	11	94	98	82	66	60	17	57	64	1	23	13	10	6	78	41	56	77	26	95	30	10	26	90	14	49	37	47	23	77	48	33	59	80	42	40	83	6	47	31	100	75	95	40	76	6	49	81	69	91	70	94	8	55	3	71	68	64	92	5	33	3	91	76	85	10	55	55	17	72	84	80	99	16	55	4	21	45	56	
14	10	1	96	1	54	100	80	54	8	54	10	10	73	34	63	70	66	77	91	17	74	37	47	85	39	99	87	66	63	68	82	97	19	19	73	96	20	20	4	90	62	17	52	76	72	14	20	21	23	73	62	56	2	23	35	16	61	45	40	16	5	53	50	79	27	37	37	97	45	57	55	24	85	6	62	41	4	80	50	60	24	62	74	44	52	56	56	51	77	76	56	30	18	88	98	94	3	38	39	12	90	22	31	30	91	100	48	19	12	40	72	86	17	61	65	72	52	71	47	88	21	97	67	10	75	53	8	21	8	31	91	24	72	90	85	8	87	8	2	26	98	47	38	33	33	77	42	76	90	29	20	34	4	34	72	37	47	56	26	26	12	39	77	27	91	21	19	65	19	90	70	23	39	8	76	24	92	85	40	31	68	49	76	29	62	33	91	56	1	22	51	48	80	46	63	51	67	9	37	
58	48	25	74	100	27	74	12	98	33	48	51	74	9	60	75	5	90	80	29	27	94	9	4	72	26	69	59	27	52	19	9	19	44	62	91	80	78	5	8	23	94	89	29	42	16	85	15	32	13	7	44	90	22	75	46	9	26	94	81	44	64	42	16	25	30	63	40	60	75	54	61	4	6	83	65	27	58	86	31	17	24	23	72	76	61	88	63	48	56	35	11	69	37	90	55	79	38	7	57	56	57	28	84	40	21	45	40	69	73	93	33	57	76	42	39	74	69	18	49	32	13	7	30	54	76	11	15	48	25	9	33	82	17	98	71	9	97	15	86	29	87	95	5	45	73	2	63	11	6	36	57	26	37	31	83	8	47	93	52	31	63	9	79	86	34	23	57	21	40	91	36	46	89	48	63	20	93	88	38	56	4	7	94	77	80	100	59	30	69	90	29	66	67	96	58	70	17	62	99	
93	98	24	69	15	17	6	91	86	75	37	94	83	30	19	33	14	75	73	42	92	81	30	14	24	47	22	50	2	36	34	6	37	55	52	48	23	31	96	59	53	45	91	54	99	74	42	80	92	55	1	16	34	40	24	2	45	92	10	15	87	65	49	36	23	1	93	42	7	42	12	45	69	55	10	41	64	59	65	91	100	94	20	94	69	64	63	36	45	84	54	16	80	96	81	95	70	39	57	93	71	20	59	78	100	31	40	91	44	40	48	13	78	53	87	71	79	76	31	41	9	50	90	99	48	48	90	19	80	48	63	6	16	39	95	55	82	58	64	21	49	84	5	96	33	17	46	28	71	7	11	14	95	75	87	5	18	65	24	9	65	46	72	55	43	56	22	96	14	58	32	40	38	81	90	64	24	53	97	65	97	53	61	76	49	78	57	10	25	71	62	46	63	80	69	85	70	32	70	53	
93	98	81	28	31	11	39	36	60	75	26	3	52	29	87	66	62	5	93	77	70	88	26	52	57	54	38	91	88	91	21	56	100	6	25	77	67	75	47	23	80	93	94	9	9	30	58	47	32	2	21	30	73	77	26	25	78	21	1	16	31	25	44	74	78	72	73	85	35	90	55	52	22	82	78	78	39	17	77	64	74	85	95	32	33	30	81	12	28	47	94	24	89	8	86	64	93	12	56	71	40	43	7	18	91	24	31	75	95	97	82	21	15	71	6	46	23	40	1	65	46	56	34	24	86	52	4	44	81	33	79	91	6	19	12	59	93	32	57	51	71	34	15	1	95	38	5	60	95	44	33	19	69	92	77	34	97	1	65	77	97	7	21	99	52	53	60	52	79	82	10	30	98	22	65	43	51	18	66	3	72	51	74	2	44	55	7	39	5	76	22	26	22	9	4	97	91	76	74	64	
1	61	22	93	23	89	49	99	87	21	23	7	28	79	13	73	72	61	8	1	80	76	84	11	81	80	40	30	57	4	23	65	56	53	18	33	32	54	96	27	60	41	39	87	25	32	76	40	28	7	19	72	64	57	46	86	66	61	27	80	90	5	99	53	89	96	72	52	28	3	100	18	36	67	66	96	93	37	68	51	16	89	13	30	30	97	8	41	60	73	86	56	60	6	94	66	84	90	57	20	43	81	34	67	24	84	87	4	50	19	44	50	88	34	16	5	94	25	3	2	97	42	49	11	84	21	46	50	37	10	12	80	40	16	3	60	61	64	39	97	30	43	53	76	27	36	32	7	30	46	3	52	60	10	79	45	19	99	77	36	30	75	52	72	44	99	7	53	85	26	43	65	73	91	4	17	70	65	44	21	55	2	22	3	47	7	33	28	94	2	25	16	57	25	10	37	41	78	52	50	
37	49	20	60	74	85	59	85	81	18	46	39	48	5	47	93	13	31	33	63	22	57	13	33	22	53	50	34	13	38	15	27	68	61	15	21	9	30	63	32	60	99	34	67	44	51	42	18	53	96	16	12	35	89	25	42	36	50	97	56	57	20	17	72	24	10	78	39	52	53	99	20	86	19	44	38	82	34	65	94	29	71	19	19	20	97	7	38	22	7	25	45	84	88	94	8	56	22	28	59	7	34	31	15	28	35	71	59	51	66	92	2	2	34	99	88	98	100	47	96	80	62	57	68	28	59	51	20	88	53	98	72	6	31	10	88	61	86	37	3	56	16	80	38	97	9	2	89	83	9	3	15	59	36	51	15	55	98	83	73	100	92	62	19	93	25	23	93	69	83	2	61	25	44	50	52	66	35	80	69	10	93	32	75	53	32	29	23	11	46	15	98	67	42	77	42	30	66	31	100	
13	9	82	68	65	69	93	47	22	54	12	15	44	80	8	73	15	81	60	19	75	85	37	30	46	98	39	86	79	45	84	89	83	40	22	5	70	89	44	41	31	33	16	81	1	43	29	30	96	26	95	20	3	66	63	23	41	53	70	26	58	60	12	47	17	90	94	20	8	33	23	68	73	34	65	8	65	19	12	91	23	74	12	32	81	10	4	79	22	37	27	19	86	36	19	95	95	31	84	78	18	67	15	24	29	47	56	3	29	25	14	65	71	79	35	64	60	46	58	62	60	31	97	88	20	64	67	97	32	13	64	3	90	70	79	53	38	9	86	31	52	24	81	80	54	60	36	34	82	75	95	41	82	18	22	53	47	7	84	55	68	1	90	1	39	85	63	97	8	87	74	72	97	20	62	93	15	70	50	93	78	76	86	15	38	68	13	4	26	85	32	32	49	78	40	64	66	64	66	86	
98	5	12	77	18	48	66	75	63	5	65	28	97	2	84	84	11	6	25	89	50	70	8	94	55	14	71	50	50	82	27	64	10	43	7	59	49	7	56	28	14	85	70	96	23	33	40	83	93	30	24	36	55	47	22	26	4	77	11	28	77	70	91	90	62	82	29	25	56	5	82	75	48	12	100	98	64	71	19	11	62	55	24	1	75	46	34	3	36	3	40	37	59	56	52	87	27	30	40	100	91	24	28	29	29	45	25	35	52	29	73	59	80	86	100	49	62	29	96	71	90	81	81	9	87	28	99	81	96	96	66	60	22	74	100	47	1	8	97	37	5	30	91	3	8	40	61	81	17	79	84	50	36	59	15	19	64	46	51	48	92	32	69	60	34	72	50	59	66	97	73	38	91	54	90	40	29	74	2	9	95	1	4	44	49	56	53	16	8	51	94	54	64	72	30	66	20	5	39	69	
33	27	14	45	47	47	44	71	96	60	84	33	89	99	20	36	9	78	57	87	26	91	58	87	31	96	10	53	31	24	77	47	69	82	96	79	74	1	63	24	71	69	17	25	82	16	65	62	90	64	29	87	72	53	94	24	10	4	41	4	17	9	12	44	87	59	100	44	72	23	98	48	28	13	77	77	67	91	62	91	28	7	39	1	16	34	87	61	82	77	69	8	58	27	1	97	1	91	21	31	24	84	35	47	45	20	48	79	77	88	14	56	31	20	53	95	7	56	100	97	20	73	58	40	73	42	92	87	74	44	95	54	25	25	45	67	36	30	24	8	8	71	48	68	72	55	39	89	48	38	26	7	94	64	33	48	86	28	63	8	70	64	11	5	29	87	74	8	17	83	83	92	99	84	61	54	88	58	56	22	51	70	18	71	4	68	82	13	22	39	51	4	17	45	25	60	11	32	99	7	
42	14	12	7	93	17	22	82	7	88	27	70	55	24	15	72	29	66	11	41	47	31	2	18	47	63	18	81	60	78	17	98	7	77	51	25	76	100	15	22	31	54	58	26	10	72	38	62	94	51	37	76	46	62	68	45	69	45	10	17	47	25	23	92	65	24	68	96	98	40	67	41	69	71	45	20	73	26	67	4	30	25	94	60	15	60	63	15	15	55	97	1	85	42	98	59	100	100	45	40	31	87	71	56	25	48	84	41	95	27	24	96	97	17	73	86	44	3	63	45	93	34	64	10	94	62	4	39	9	11	73	95	9	42	30	10	20	7	15	67	16	31	63	57	11	35	65	80	18	29	100	6	25	80	6	64	40	78	5	67	78	10	50	20	50	68	31	36	68	9	38	54	16	81	95	37	8	79	11	57	79	72	99	96	2	84	47	34	30	25	2	40	98	33	61	64	74	21	93	17	
37	7	65	3	88	68	81	75	32	37	29	70	34	82	93	6	71	22	88	14	50	71	94	38	43	57	54	24	56	56	30	38	32	76	14	44	20	12	7	21	41	82	62	51	50	79	3	78	5	89	94	58	5	75	9	2	48	19	42	32	59	20	93	18	31	12	87	72	48	63	29	57	40	1	74	38	85	35	8	66	66	64	18	79	33	25	83	4	83	93	29	69	72	79	91	75	22	48	40	91	75	4	59	3	35	79	41	19	29	92	77	65	51	60	47	43	5	61	16	100	74	80	26	56	26	95	34	22	34	28	48	30	4	89	100	12	99	35	65	20	37	45	69	23	21	53	81	72	74	98	88	36	15	78	80	97	54	70	78	86	92	28	53	64	24	78	64	99	37	85	35	35	3	19	28	15	49	83	71	45	10	46	50	23	53	23	48	21	81	41	92	91	59	54	46	74	66	31	65	78	
20	78	91	22	33	91	81	63	11	32	66	31	16	18	60	59	90	45	100	98	95	31	70	33	42	7	88	49	58	93	82	38	38	88	92	81	67	71	42	37	19	98	15	63	5	6	29	89	8	27	72	5	71	23	87	67	13	8	11	22	25	89	47	50	97	18	17	46	80	27	34	1	8	94	88	63	80	90	100	23	44	41	35	77	17	77	77	42	19	95	9	87	42	66	65	76	32	19	69	44	95	50	51	29	52	77	95	29	36	5	85	99	18	43	84	14	50	82	60	99	42	44	41	53	49	1	5	18	84	1	93	28	29	55	46	25	70	1	30	96	65	55	45	31	1	57	46	84	92	39	34	39	1	42	60	49	59	83	28	89	78	54	77	79	54	44	28	39	71	61	25	70	77	22	63	66	46	12	59	89	10	85	90	63	94	28	81	78	49	7	14	78	11	14	39	83	91	3	69	81	
41	65	7	50	71	63	20	23	29	25	21	44	90	92	61	30	95	88	13	27	8	76	1	4	52	3	96	21	14	52	15	37	46	89	38	56	27	98	8	49	4	51	38	38	25	56	42	96	94	44	91	73	74	43	79	66	70	67	27	50	72	16	34	71	59	47	8	86	80	18	94	73	11	4	22	39	57	16	26	16	100	9	27	62	74	84	55	2	63	18	58	38	59	31	19	16	79	12	73	40	97	19	66	25	29	88	27	92	5	63	44	30	67	25	20	50	64	33	76	12	97	73	98	91	26	27	11	98	23	11	93	10	88	30	15	32	93	78	35	36	41	15	53	45	43	28	21	49	96	82	8	90	41	83	80	62	93	28	93	48	36	10	68	84	86	7	57	18	18	50	33	87	94	77	24	80	82	8	7	38	87	37	6	47	82	29	29	40	20	45	90	88	9	85	43	64	47	46	2	80	
19	34	81	58	23	52	17	86	30	50	33	78	31	5	37	61	2	21	38	74	89	82	79	90	34	1	51	46	79	55	56	39	16	53	5	60	12	73	26	2	57	64	64	88	67	51	79	17	39	28	83	64	73	85	78	57	47	9	13	39	40	33	49	51	40	32	44	85	49	73	6	9	71	37	29	8	41	35	88	7	82	17	86	30	58	50	86	4	84	46	90	47	21	28	90	87	50	40	93	48	82	44	92	14	73	14	24	77	85	44	86	76	73	5	56	21	83	100	4	98	27	53	57	76	17	52	99	96	55	22	93	99	45	9	47	62	26	38	90	18	76	59	7	34	93	86	95	76	63	45	74	16	82	91	38	91	42	20	17	55	59	32	95	44	24	54	95	93	57	38	58	59	27	91	8	66	99	15	75	99	50	87	20	5	80	8	32	28	85	39	45	34	81	57	99	54	60	32	27	77	
41	54	19	44	62	86	3	10	99	31	15	97	54	21	91	74	37	47	7	50	100	80	3	69	22	88	69	38	85	76	61	60	48	89	43	47	94	37	51	29	99	45	57	35	8	31	88	16	93	66	42	23	64	56	99	20	99	97	95	25	15	9	5	73	4	38	30	76	62	18	75	25	77	90	62	65	32	98	24	9	8	81	70	72	36	39	64	21	67	85	40	45	22	97	4	89	77	72	33	13	21	50	2	65	59	56	96	65	99	30	76	28	11	55	99	76	50	16	31	48	15	61	92	69	27	14	61	58	14	9	76	32	13	67	31	46	73	34	68	34	72	87	73	84	12	74	70	2	83	34	80	40	89	25	65	85	33	77	18	26	1	21	10	31	40	89	59	63	5	23	65	15	59	28	28	26	59	92	37	63	56	10	4	13	38	28	8	72	41	19	55	32	21	61	5	4	3	74	4	46	
99	79	99	73	47	28	8	82	59	45	8	86	46	26	3	40	5	11	90	93	50	55	16	60	74	12	32	41	27	78	32	55	96	74	54	100	4	32	32	12	5	71	94	38	82	89	31	33	55	53	65	92	70	37	63	71	81	68	28	55	45	17	46	41	63	57	72	32	77	64	30	59	13	32	84	81	77	15	20	78	76	21	33	18	42	60	60	75	86	48	70	55	51	31	90	21	72	86	57	78	15	88	2	71	80	31	97	51	18	67	73	11	23	14	88	98	57	22	72	29	33	28	88	40	31	61	62	94	4	29	14	7	68	35	17	77	53	49	68	73	41	44	89	18	76	12	68	39	39	94	54	34	63	35	13	17	4	98	21	19	63	74	8	41	12	81	85	96	13	25	14	43	31	56	27	12	66	18	79	16	74	81	73	49	97	22	99	23	67	26	31	75	37	95	18	96	36	65	31	43	
100	36	96	6	42	67	89	24	53	23	36	62	48	97	38	53	32	30	56	2	87	8	81	7	11	99	97	37	80	94	86	69	46	78	15	75	40	13	42	26	3	17	99	100	92	71	88	22	26	66	12	93	93	5	4	36	87	14	59	71	58	48	14	87	53	21	42	18	66	89	11	39	61	15	25	66	98	5	83	87	62	73	7	7	41	52	14	24	59	15	11	47	95	3	47	7	41	17	76	53	71	34	34	79	86	20	17	60	43	25	5	55	14	38	39	4	94	53	83	74	100	4	55	2	30	22	75	22	10	20	23	79	52	63	54	8	79	93	84	89	97	22	10	75	24	94	63	56	100	20	27	73	9	59	81	40	88	27	2	64	21	98	72	14	66	24	17	77	1	98	82	91	70	71	89	5	28	63	32	94	83	76	14	46	33	77	45	42	75	46	68	54	47	77	11	3	65	67	62	23	
11	7	19	9	61	56	18	29	17	48	84	20	13	51	39	18	44	2	15	100	76	42	36	81	26	54	24	89	71	86	64	19	26	94	61	16	36	32	40	65	80	75	94	56	25	69	25	62	1	84	12	55	87	98	14	52	3	96	99	3	96	42	67	48	40	32	38	84	41	18	6	15	93	79	44	17	77	83	18	18	63	68	23	100	12	83	96	63	59	10	35	79	53	31	69	81	37	61	42	87	6	16	99	35	100	53	73	47	84	20	56	99	88	39	34	28	25	19	69	32	94	90	67	64	51	82	19	19	62	62	50	2	8	51	74	13	75	60	40	30	97	71	6	95	15	3	90	69	71	44	85	48	89	43	96	18	73	89	49	65	69	3	10	41	23	68	82	99	72	79	61	89	53	18	66	74	5	69	29	4	4	95	75	81	100	94	87	9	64	9	3	51	22	75	21	46	2	87	2	82	
41	46	6	80	4	33	16	20	83	16	43	95	54	2	21	21	15	66	59	49	44	21	13	89	50	17	76	79	38	81	80	62	71	94	37	53	69	4	29	15	60	15	100	14	35	21	12	23	44	47	76	96	93	1	21	21	11	87	71	95	87	90	56	64	87	73	76	91	87	44	19	59	37	92	8	76	42	96	84	48	89	35	96	67	46	84	81	88	65	52	15	90	52	1	12	41	21	65	39	71	46	5	88	64	49	95	86	43	14	50	21	76	98	4	28	94	78	71	59	97	8	45	75	44	77	63	89	97	82	21	81	68	46	91	30	76	79	79	20	99	78	53	75	4	3	45	65	30	94	73	8	34	2	83	21	23	18	80	48	32	71	1	81	26	84	41	63	32	54	28	45	24	91	42	36	21	72	86	47	8	75	96	26	94	29	72	90	18	64	23	41	68	2	59	22	30	9	22	10	72	
66	13	10	83	81	45	27	16	60	40	100	27	3	89	30	22	68	84	26	39	54	40	67	31	73	93	47	53	78	9	8	21	66	47	36	24	29	68	66	43	73	30	31	27	98	41	5	48	77	27	54	43	6	12	43	63	66	62	6	15	93	52	69	64	18	13	11	70	18	16	90	48	93	56	84	12	49	70	7	86	15	28	72	32	7	64	56	58	97	56	14	16	7	15	5	39	30	72	74	79	23	94	98	60	62	7	44	5	50	64	83	50	57	94	25	78	97	47	89	60	30	47	85	7	35	24	95	30	22	81	80	37	84	28	77	54	30	48	40	83	97	54	54	80	98	98	13	20	20	49	75	50	67	89	97	5	13	20	48	40	85	64	28	83	91	68	95	50	19	25	54	90	28	79	10	75	82	2	66	12	53	43	37	24	1	25	56	64	65	10	16	38	5	69	34	33	32	5	35	84	
46	46	45	6	25	12	63	85	6	39	60	55	51	53	52	22	31	31	86	96	52	73	18	72	98	44	32	77	36	62	93	33	98	26	35	83	84	9	45	85	71	89	60	78	15	68	9	8	76	73	33	73	60	90	73	87	64	78	90	90	71	5	68	34	64	44	97	100	86	51	75	37	20	87	20	91	6	64	24	17	24	13	55	42	66	76	70	35	75	71	74	99	6	47	33	32	93	52	69	76	40	25	100	46	29	56	3	61	82	33	100	16	22	53	19	71	47	74	84	42	20	19	7	42	74	23	63	10	32	77	76	22	34	31	70	73	92	57	6	52	31	91	49	45	11	24	3	70	60	93	57	31	99	57	58	9	45	75	2	94	60	75	73	27	39	91	96	96	64	23	44	15	10	3	15	96	19	83	60	12	36	75	21	30	48	6	47	93	85	85	58	84	29	29	23	52	37	20	46	78	
68	86	25	71	78	27	45	62	49	7	49	34	90	14	22	54	7	88	23	51	37	94	90	81	33	77	67	8	5	22	12	79	96	7	1	23	42	35	33	80	47	89	93	87	4	99	69	86	58	96	30	58	19	81	86	64	95	3	95	94	59	82	32	6	57	99	6	100	28	10	46	49	90	32	17	71	37	19	29	74	48	24	37	100	79	81	46	1	11	29	1	42	52	90	73	75	54	71	18	31	1	3	47	58	96	100	63	16	60	76	4	31	72	83	69	59	89	84	63	5	31	45	10	93	51	62	30	9	3	3	42	7	97	78	22	60	47	17	4	70	55	30	76	47	41	32	2	34	43	50	5	55	92	52	72	67	37	2	17	8	81	58	48	53	10	73	5	5	4	32	50	44	76	35	32	93	66	62	4	87	14	92	21	90	78	38	83	5	18	76	56	40	17	1	52	99	98	22	47	15	
100	89	44	100	30	84	60	8	59	46	69	47	81	21	22	1	80	48	88	16	7	44	13	61	65	69	97	95	95	88	80	55	57	70	77	59	57	80	39	83	79	14	46	28	85	33	33	75	10	85	7	92	79	58	48	41	95	61	3	53	78	70	48	35	78	1	84	47	91	82	80	93	51	93	10	31	83	93	72	1	57	7	92	5	7	76	50	82	39	91	54	97	32	34	71	61	11	47	49	41	65	2	96	62	71	97	45	100	99	12	98	48	29	74	32	97	60	42	5	71	97	31	76	23	96	99	89	77	94	84	3	51	40	82	56	81	50	92	3	11	26	32	9	61	81	48	98	3	40	79	82	69	12	63	77	38	82	10	77	7	97	41	52	30	44	28	62	10	72	1	32	53	63	7	34	48	99	35	54	68	19	78	73	60	36	39	48	36	97	26	43	59	54	30	93	56	15	94	51	61	
22	82	4	30	50	87	9	5	56	48	55	17	3	14	81	34	93	39	68	14	10	63	72	68	33	39	13	100	96	14	13	59	3	35	98	42	14	96	100	88	10	21	53	10	27	72	93	90	27	20	43	21	100	6	94	92	4	98	61	74	46	79	17	8	86	84	53	96	99	100	83	26	77	93	62	65	30	95	37	58	80	8	35	70	72	87	72	46	33	12	18	66	69	30	70	41	72	88	32	9	46	97	80	60	90	20	93	74	42	97	27	15	33	100	94	8	30	20	31	97	48	49	4	100	59	95	5	3	7	51	28	49	94	16	35	42	17	8	66	80	87	74	17	63	59	62	89	53	82	77	61	39	79	94	17	97	90	65	60	55	51	99	68	95	60	35	66	20	39	75	83	97	67	89	27	58	98	95	15	56	15	21	32	17	51	26	73	92	67	99	34	9	92	56	12	42	65	57	6	76	
87	68	61	74	46	48	59	61	88	67	54	62	46	1	47	28	68	79	1	53	55	46	25	88	22	21	97	52	18	17	83	93	37	19	72	27	100	97	86	4	67	75	90	12	99	41	32	25	59	68	30	59	18	100	63	52	38	20	91	50	76	63	17	7	73	93	20	3	28	1	24	82	27	12	4	94	93	3	66	81	26	54	89	21	39	7	58	21	85	100	12	21	39	26	57	46	11	21	13	50	56	42	62	31	81	73	34	80	44	73	53	61	28	4	90	45	47	19	45	31	49	100	45	61	17	81	17	13	75	75	3	59	47	76	53	49	61	56	78	83	33	21	38	77	93	87	36	43	40	64	17	72	36	95	84	17	72	33	37	93	20	88	45	69	25	100	85	73	28	36	56	70	99	20	64	62	97	62	77	37	47	67	72	15	93	8	47	45	42	70	57	9	47	39	64	83	24	36	20	83	
83	9	92	61	55	18	91	77	51	60	48	93	89	31	39	14	59	53	11	94	11	40	52	14	19	50	98	90	85	97	95	57	99	68	45	54	59	22	93	65	31	68	84	50	47	60	9	49	7	63	69	65	27	70	99	77	1	1	55	38	71	42	15	26	5	12	42	54	61	97	76	24	37	8	61	77	96	53	48	64	52	31	21	66	100	44	57	27	9	98	19	14	38	77	68	91	94	97	7	90	34	49	57	97	81	58	64	26	41	98	57	92	88	55	67	75	85	7	10	76	4	45	28	98	3	87	92	3	39	8	99	95	35	58	63	83	58	19	53	76	22	26	66	11	67	4	24	58	15	13	3	5	60	65	12	45	39	55	15	100	37	69	91	97	79	8	13	9	75	8	61	27	75	85	82	89	59	85	88	66	37	96	56	73	44	23	22	22	41	62	82	87	38	49	91	36	7	11	99	70	
8	20	26	21	55	96	24	69	15	59	66	97	34	38	55	43	59	59	42	43	69	69	83	44	69	22	12	38	76	36	71	4	81	71	23	16	16	74	79	62	55	12	76	92	41	18	54	8	73	97	97	40	22	39	18	57	23	3	70	51	85	17	46	15	54	83	63	22	68	49	55	98	70	15	51	89	38	50	53	36	32	3	71	11	26	46	39	58	17	78	3	64	63	8	62	10	98	67	30	99	24	11	68	88	9	40	10	56	53	91	76	69	40	2	64	44	7	42	93	23	100	61	98	86	95	81	92	67	88	12	10	23	65	26	77	7	59	27	63	66	94	51	51	14	49	60	29	54	27	83	14	15	69	17	95	43	8	69	89	17	91	9	33	46	18	5	81	62	97	95	74	95	100	36	19	12	42	9	23	41	90	57	37	34	67	24	69	60	98	78	18	22	29	3	40	12	8	55	8	12	
26	89	78	4	90	83	84	39	27	41	83	2	49	99	42	100	22	14	42	36	62	34	24	96	40	44	90	64	65	49	16	23	67	2	98	10	3	70	71	18	52	38	1	52	91	52	58	28	25	60	45	25	29	26	59	19	92	70	79	56	36	9	66	19	24	25	79	19	49	36	83	86	62	23	25	9	77	80	82	30	73	49	69	32	33	82	50	23	51	84	2	29	50	91	48	43	82	10	54	48	86	84	28	20	87	73	94	26	49	26	17	27	31	30	51	77	35	74	51	96	59	17	3	95	21	46	81	96	48	60	14	98	46	49	25	3	43	65	41	66	30	38	77	35	23	39	34	26	81	60	52	33	3	78	70	48	5	1	41	84	27	65	2	76	61	80	68	32	8	3	84	49	55	97	89	58	11	10	45	98	10	75	8	26	23	78	76	79	91	89	7	86	11	79	70	72	24	51	72	99	
80	83	64	52	11	46	31	23	78	26	18	3	2	83	56	29	59	81	40	54	100	11	98	3	19	75	77	30	4	11	74	23	33	57	62	92	46	4	54	85	4	42	8	80	57	76	94	77	99	89	79	49	97	73	18	25	64	6	86	92	59	33	72	50	23	25	42	76	26	13	38	3	76	66	37	98	57	20	9	44	94	10	99	47	78	13	40	99	99	60	92	74	74	20	21	65	66	75	76	48	52	21	59	64	28	42	62	95	1	27	52	14	61	22	82	63	24	23	62	99	95	81	87	81	46	86	98	30	15	59	2	82	74	42	40	46	27	80	55	24	24	16	51	16	84	99	52	60	79	10	14	93	23	71	77	6	89	41	28	9	11	27	99	95	78	91	16	5	94	37	100	4	13	65	43	27	1	44	79	84	99	85	87	80	74	17	87	99	8	17	32	72	90	81	20	65	83	79	53	27	
40	53	15	37	31	72	100	95	64	67	67	55	61	8	82	41	8	54	80	99	10	63	82	40	72	64	22	94	31	61	21	93	26	1	28	20	59	24	24	38	29	91	38	78	62	28	96	18	34	11	6	37	20	39	93	61	46	69	4	70	100	95	13	38	78	13	38	46	87	97	42	27	90	65	22	18	61	90	99	90	93	60	45	51	51	28	39	7	93	9	72	12	56	23	1	8	60	53	11	90	4	46	51	67	99	92	4	34	5	11	99	61	62	75	19	89	95	63	30	89	5	17	92	92	81	98	19	47	69	94	26	70	100	53	2	55	80	55	76	56	35	45	45	81	4	21	83	66	41	79	96	22	17	48	48	66	7	17	24	5	74	75	27	100	72	53	86	67	2	15	35	17	38	7	85	95	46	7	67	83	69	71	22	46	20	81	96	23	96	21	21	27	76	93	43	32	39	46	51	81	
91	50	37	92	32	8	45	81	80	89	81	63	57	89	8	26	12	76	99	79	33	4	95	68	21	74	32	65	12	32	7	89	77	42	93	20	45	68	60	99	14	34	55	10	58	68	15	35	27	73	19	68	78	52	42	66	25	59	89	36	30	42	52	17	77	66	92	86	47	26	17	31	36	98	81	73	30	74	33	85	68	83	54	45	66	32	46	93	81	15	20	79	43	76	98	23	17	8	15	19	44	50	20	97	81	87	39	22	18	98	96	58	94	22	19	97	30	10	9	77	3	13	3	67	96	30	47	30	49	57	32	91	12	33	91	80	26	3	40	62	87	14	12	40	80	73	25	21	89	78	88	63	98	8	16	5	17	96	72	18	70	30	9	64	38	21	7	3	39	46	28	100	92	37	72	33	81	17	37	39	81	3	5	51	58	26	68	83	85	33	58	86	4	99	67	34	36	94	74	60	
83	32	52	23	40	15	76	72	79	55	84	20	17	3	90	42	15	64	73	18	93	45	24	45	54	31	58	6	47	41	78	64	98	32	14	84	92	14	51	21	1	25	51	62	93	97	64	21	47	58	99	5	64	87	46	76	45	99	19	93	95	81	67	73	95	70	84	32	10	37	99	17	5	94	76	2	13	23	87	86	98	1	46	77	13	73	59	18	46	6	79	67	66	98	57	1	57	21	48	80	81	37	88	32	96	74	9	34	84	23	55	14	4	10	62	82	22	32	3	94	7	75	39	88	48	15	69	49	26	14	74	29	32	78	44	80	93	64	90	60	72	88	56	97	32	49	62	35	77	26	18	4	8	73	44	67	49	61	83	23	53	4	87	21	13	20	71	56	100	51	82	82	14	22	42	59	64	36	12	90	33	96	75	6	80	14	65	81	42	1	92	47	49	54	17	56	82	31	76	4	
12	23	63	47	62	69	99	43	29	88	79	49	4	100	49	45	21	38	74	74	71	1	16	29	89	2	26	6	18	61	20	69	72	25	13	35	37	25	20	42	27	51	7	14	3	25	1	48	77	37	55	41	16	53	100	88	44	99	80	72	91	25	88	85	57	52	95	19	1	9	21	47	56	42	17	62	91	48	35	67	64	35	63	95	25	33	55	75	65	85	39	65	72	43	67	47	64	8	25	48	33	10	53	13	96	44	11	28	1	11	22	9	29	20	62	21	81	77	3	84	51	75	8	12	60	59	94	57	14	49	27	31	4	5	9	11	98	30	14	78	89	70	8	64	66	34	20	78	43	6	21	47	12	69	81	9	21	31	71	60	69	36	45	8	33	61	66	63	52	81	13	42	98	59	8	98	67	88	71	3	84	24	17	39	19	86	13	39	95	39	35	41	10	39	84	56	94	97	92	47	
73	17	33	74	6	60	27	79	18	29	51	21	82	63	13	36	46	74	34	34	47	44	98	19	29	33	42	43	78	26	42	65	86	36	21	30	19	67	39	61	42	100	22	72	10	26	90	73	52	26	95	79	53	34	24	93	94	30	29	94	59	51	98	27	96	69	42	38	89	74	87	28	68	33	1	27	5	24	12	6	89	88	77	44	84	82	88	94	33	17	30	9	71	71	4	15	1	31	9	63	79	12	98	64	66	95	73	48	93	93	93	76	14	23	50	81	80	76	42	3	28	3	99	10	14	2	26	32	74	27	88	52	91	78	31	44	8	61	21	71	57	13	84	21	25	10	43	89	36	80	58	23	70	50	98	33	15	33	44	53	84	35	72	27	31	52	71	89	83	97	68	96	81	33	56	66	32	18	82	10	49	98	85	61	1	4	71	51	87	85	97	95	29	47	12	70	74	73	47	50	
41	20	9	93	68	74	37	86	79	67	52	73	69	24	59	50	97	97	41	31	7	31	47	9	45	23	6	45	14	57	50	82	57	29	87	69	38	99	17	25	34	39	65	24	83	31	8	84	66	67	39	75	31	61	90	75	51	79	93	80	73	34	95	83	33	77	38	29	23	52	52	6	88	72	45	40	77	86	54	42	29	21	33	69	85	37	72	55	13	32	51	49	71	82	23	21	23	91	33	6	91	80	72	3	60	54	95	30	28	10	99	32	7	79	2	68	37	22	7	51	49	59	95	23	98	82	70	91	29	31	52	7	87	93	62	37	94	57	48	11	12	14	9	15	76	88	14	93	97	90	60	95	100	41	42	9	58	60	79	43	75	64	90	24	87	94	95	35	54	71	13	15	50	83	14	12	92	49	11	80	38	78	3	78	30	52	35	48	43	82	31	55	87	47	43	28	13	40	23	63	
93	13	69	96	25	58	94	78	9	95	38	70	80	63	79	49	66	67	59	85	95	66	42	46	15	100	83	54	50	39	38	80	51	70	55	66	38	26	88	42	73	78	41	54	37	78	65	19	46	55	95	41	62	91	19	59	93	76	63	82	90	85	94	18	36	65	5	49	88	44	40	3	98	100	21	63	27	55	61	20	72	40	96	17	17	72	28	96	33	47	77	73	75	55	97	52	13	24	82	16	6	40	6	90	22	25	9	4	29	88	45	13	68	52	8	46	84	34	97	40	94	47	35	65	46	74	100	12	32	4	91	87	64	83	11	82	79	89	15	52	44	90	67	44	80	67	16	94	27	62	27	34	2	49	96	20	44	67	59	100	22	23	14	54	24	49	17	13	22	20	18	51	49	30	7	52	52	34	88	3	95	28	82	30	21	6	48	13	18	31	12	76	48	15	17	12	78	26	28	6	
62	86	22	17	63	58	63	33	62	4	14	48	10	40	99	88	94	50	93	34	95	39	69	44	32	69	61	55	97	96	4	10	7	5	11	73	38	61	78	73	30	71	21	3	1	59	37	66	31	7	32	74	23	19	75	5	73	29	31	68	54	60	8	7	88	21	95	46	29	65	61	66	35	1	98	22	35	46	80	76	15	33	60	100	82	60	12	16	20	23	100	19	55	85	95	85	10	72	17	39	19	16	31	70	74	25	42	89	55	30	9	67	35	63	51	91	28	31	78	82	16	76	58	26	49	42	53	33	78	5	78	93	83	10	57	11	94	96	15	39	36	95	16	98	100	85	88	98	99	59	33	99	41	79	6	74	71	4	53	22	30	21	29	42	41	72	97	35	84	62	18	5	80	50	4	55	50	41	57	95	51	70	68	90	19	88	5	71	87	64	19	42	77	83	3	87	24	96	71	10	
77	70	89	52	31	17	48	27	31	42	42	35	70	43	73	65	31	65	49	69	62	94	44	25	59	71	25	87	83	13	38	98	63	92	20	92	41	31	10	27	21	8	80	15	76	27	99	21	20	10	90	58	4	77	12	39	95	100	45	57	49	10	41	98	80	68	74	53	48	56	18	28	5	18	18	5	23	5	25	28	7	53	30	38	82	35	69	36	48	71	15	30	92	16	2	92	6	90	98	95	12	3	10	79	100	45	30	100	46	15	47	31	17	54	74	30	77	70	22	56	35	53	63	77	25	40	2	91	44	9	31	62	11	57	95	11	3	100	12	11	13	37	90	29	1	66	39	91	2	89	14	96	44	24	83	89	80	39	84	89	50	85	49	34	97	98	44	30	24	5	62	66	85	38	42	94	64	67	68	100	85	98	78	43	90	4	34	58	87	50	2	14	86	78	12	43	19	71	56	88	
2	22	11	22	72	86	69	68	3	79	46	80	68	100	23	51	90	33	73	90	11	5	58	92	50	65	41	43	9	22	57	45	80	35	83	95	94	78	4	95	95	26	28	85	76	63	51	19	69	76	82	37	36	61	84	39	1	1	78	60	18	17	54	75	25	28	75	88	81	21	40	26	5	66	11	24	75	2	43	57	86	30	58	1	94	72	93	36	45	97	65	59	21	92	38	50	78	85	71	55	59	60	88	53	47	67	10	12	25	32	62	46	77	8	13	76	54	73	60	81	42	49	83	7	3	46	55	80	80	11	44	37	82	11	11	71	88	9	49	99	87	74	35	25	3	81	51	57	74	85	55	88	32	79	79	62	75	72	42	26	69	47	59	3	29	56	24	72	20	61	11	83	4	43	5	83	46	16	82	55	96	2	75	86	86	69	68	66	84	74	14	40	61	8	25	16	33	49	19	91	
83	60	13	17	6	19	80	94	86	87	45	8	60	21	92	26	60	38	75	20	42	72	71	83	86	90	75	32	69	53	57	34	55	52	56	61	50	69	71	25	4	76	24	60	58	76	74	5	1	45	37	3	96	64	29	17	42	39	70	100	70	37	22	71	87	30	18	9	21	1	38	76	95	9	16	72	21	91	100	96	29	33	43	71	9	82	31	45	59	8	24	93	19	27	51	85	41	8	9	82	93	61	61	38	1	36	20	99	70	93	26	73	53	79	75	79	30	92	47	50	17	61	58	59	43	27	80	26	93	98	8	94	79	94	3	88	13	61	81	67	1	48	32	89	37	61	44	44	94	18	3	76	68	40	97	45	88	14	68	67	55	97	42	94	46	12	52	13	48	8	15	34	78	83	52	60	64	28	17	45	25	33	37	44	13	27	25	100	37	90	74	9	85	11	60	47	35	82	21	97	
27	29	24	51	26	38	10	62	65	66	25	45	16	9	97	76	51	53	38	70	86	12	68	68	8	65	34	67	63	30	58	19	61	23	79	96	54	30	63	53	93	46	44	42	13	50	7	42	12	92	53	62	11	74	62	24	3	46	47	41	48	99	38	98	4	66	82	29	44	6	92	62	72	90	4	73	60	95	69	89	100	89	69	73	62	49	29	7	64	33	50	79	6	88	75	69	56	87	97	58	32	64	86	9	8	30	7	35	1	78	38	34	49	93	60	79	48	57	17	92	8	56	19	27	65	80	55	3	64	30	61	57	89	96	100	9	61	91	73	6	1	74	96	76	45	13	76	16	72	89	38	8	51	30	14	81	99	68	43	10	36	85	7	87	17	55	39	7	83	41	60	11	40	48	57	66	79	36	99	38	87	91	8	6	18	19	69	45	22	79	4	22	16	41	27	98	28	59	46	96	
17	33	65	3	71	62	57	78	94	54	64	14	17	62	79	91	93	79	75	36	71	63	97	58	47	36	66	100	93	58	61	50	12	44	71	61	42	29	61	50	97	42	52	62	37	88	84	96	43	75	7	72	50	94	9	67	25	94	54	44	94	19	99	82	59	61	98	47	20	33	44	94	72	13	95	71	55	15	55	82	18	50	62	45	19	53	20	86	26	61	76	96	87	61	43	17	77	8	15	64	57	39	37	86	97	24	15	65	30	35	90	68	68	84	40	20	40	6	4	3	66	78	53	63	41	55	76	40	90	14	21	48	15	15	12	49	81	73	44	29	77	31	1	18	50	74	48	77	57	6	81	78	5	89	80	38	21	53	40	16	89	68	42	25	18	96	68	48	78	31	86	37	68	35	13	14	40	57	34	28	6	93	18	65	51	88	71	74	97	95	31	6	7	45	4	70	39	62	73	82	
56	97	9	42	95	82	49	28	36	7	6	38	52	79	18	26	68	45	11	3	10	12	80	19	50	67	1	59	81	64	55	5	38	81	21	47	76	94	50	47	49	21	52	9	33	69	82	4	55	53	56	23	48	73	43	37	29	76	35	30	45	38	98	99	50	83	94	90	36	37	49	12	36	35	99	47	45	14	38	42	95	23	9	1	9	78	100	81	3	76	52	26	4	46	12	42	26	2	86	21	51	97	3	31	37	8	67	20	96	36	18	34	73	89	30	99	83	52	70	11	80	83	76	66	66	24	56	62	60	78	71	11	52	39	11	99	67	6	29	16	43	92	39	24	4	21	35	72	18	70	18	83	12	7	69	45	45	98	7	34	94	63	73	99	81	84	3	6	17	58	8	75	17	36	8	80	16	43	54	99	47	54	87	18	68	6	30	72	30	95	10	23	49	42	93	30	40	86	38	2	
35	62	72	83	39	80	79	18	70	98	13	61	60	98	48	37	37	41	8	94	11	67	37	78	98	40	60	31	27	65	9	10	92	75	24	70	59	48	38	99	19	43	56	89	66	8	77	86	5	51	62	25	13	3	51	20	63	84	24	12	92	75	79	18	25	11	35	30	28	60	92	39	97	73	46	39	15	84	92	24	95	32	45	19	70	43	69	27	55	75	15	29	4	96	77	42	95	26	29	49	71	30	56	52	5	8	16	37	65	41	76	72	41	97	97	78	97	31	55	26	87	33	22	94	30	24	35	87	72	89	57	12	44	36	13	87	1	1	77	43	76	89	25	16	17	9	81	32	12	1	31	100	33	38	26	45	6	45	93	63	90	75	16	30	90	28	17	65	24	64	62	21	77	50	13	73	69	81	83	29	95	88	39	23	13	51	70	58	55	8	81	48	51	10	32	5	81	16	19	80	
19	99	53	100	57	29	99	58	15	52	39	31	90	78	64	43	63	80	23	46	62	19	26	45	93	1	59	99	93	17	70	95	85	74	90	37	43	62	62	71	65	33	54	26	64	67	25	9	11	69	3	26	31	63	8	70	84	2	87	46	16	62	91	66	94	82	32	76	62	93	75	33	29	21	64	70	22	10	58	73	62	27	98	35	46	80	43	71	38	70	38	99	82	74	3	23	30	98	87	84	34	43	16	24	30	71	31	45	55	15	59	87	44	22	71	53	54	91	30	32	74	21	26	51	38	16	45	14	88	70	13	14	90	95	37	74	48	74	31	92	89	17	32	70	11	86	44	49	73	10	89	49	69	52	2	23	73	81	26	56	69	24	37	83	8	92	25	39	10	1	2	45	22	3	2	7	68	99	87	67	37	4	61	93	63	96	96	62	38	93	61	55	15	92	51	55	95	41	21	55	
48	9	68	85	91	73	8	69	53	56	72	45	95	6	36	73	75	54	18	99	31	86	99	36	5	4	72	96	52	50	75	51	45	60	12	65	52	63	40	97	46	51	93	38	21	73	38	42	41	92	5	40	8	65	2	16	82	92	68	18	10	52	59	94	48	3	1	57	53	84	28	36	56	36	44	93	15	50	46	64	90	83	56	37	49	42	87	5	98	56	93	7	26	21	95	34	10	47	95	5	15	53	80	81	91	48	63	69	45	53	7	73	89	10	6	75	54	49	76	9	17	38	66	51	77	51	45	12	56	8	84	9	67	16	90	35	32	96	1	39	25	32	47	99	43	76	19	56	85	12	15	87	81	63	78	78	20	62	14	4	93	81	44	90	39	7	77	24	42	81	4	67	80	64	15	39	81	74	49	53	87	46	68	72	48	41	5	49	20	17	55	99	73	36	67	29	16	77	74	32	
87	71	65	28	33	50	28	8	15	2	60	48	97	77	13	88	28	56	16	100	89	83	33	53	88	35	97	20	77	41	44	31	61	62	40	48	13	45	96	81	40	69	88	93	48	40	89	46	51	19	6	96	57	98	48	93	56	71	27	7	59	31	63	22	13	98	93	58	13	43	73	67	96	52	94	97	8	64	89	73	50	32	71	18	6	8	82	18	37	70	15	57	38	10	43	81	26	38	5	96	1	76	38	80	3	68	57	23	31	45	34	84	18	75	95	4	80	45	47	61	63	77	11	14	35	16	81	40	97	64	21	15	44	98	29	25	89	76	18	24	16	70	99	47	93	60	100	24	22	9	80	19	97	99	75	63	89	47	1	37	35	75	72	91	89	76	78	3	68	83	79	33	35	34	100	69	38	67	96	34	60	9	12	13	79	27	38	10	5	74	6	8	21	93	89	19	42	55	42	41	
33	12	20	66	14	30	29	57	77	84	35	28	33	62	13	60	20	98	77	92	67	93	25	8	92	17	96	98	30	64	65	58	21	44	88	86	40	65	85	98	22	81	53	78	74	1	50	14	38	69	12	75	10	83	4	56	4	86	91	81	48	44	28	71	5	89	49	71	55	12	66	56	96	25	32	11	44	86	79	28	4	48	47	94	34	41	55	19	70	68	47	87	30	9	22	38	90	33	45	33	95	27	97	54	8	72	11	21	1	43	93	12	76	24	15	3	98	11	41	81	59	93	67	49	23	84	4	80	32	66	25	76	80	100	1	3	37	45	50	4	17	11	43	93	37	89	93	49	8	91	48	95	55	27	49	91	8	98	5	34	26	9	61	43	89	49	60	86	86	80	9	63	82	18	17	69	58	32	48	13	72	4	38	64	15	18	59	83	1	37	76	34	45	9	52	96	99	71	67	77	
38	20	45	42	94	46	88	25	75	34	72	98	29	13	59	57	1	84	49	71	48	41	30	84	64	100	80	22	58	73	9	36	16	31	25	75	71	75	85	78	54	36	70	18	11	68	30	5	94	71	32	36	15	81	54	85	45	51	45	25	17	45	78	74	43	13	15	9	74	57	2	13	29	45	51	93	67	55	2	68	52	97	79	54	48	23	90	91	70	83	5	7	18	37	13	92	14	33	73	17	38	36	9	60	40	55	35	53	57	28	86	74	12	94	3	45	98	24	32	48	62	87	4	60	39	99	21	73	49	34	10	88	67	85	66	81	61	13	74	21	9	86	76	60	89	41	55	95	28	22	77	13	94	99	17	70	59	6	93	28	68	23	3	54	18	99	28	89	86	46	59	1	10	5	47	5	12	61	26	77	42	70	91	28	8	7	50	75	33	94	56	75	90	42	57	95	33	3	11	36	
86	86	7	16	91	48	68	74	20	28	6	52	72	93	81	100	95	91	70	5	93	66	4	49	76	59	99	50	89	72	84	27	95	45	98	33	57	32	52	33	79	11	34	87	92	62	9	44	2	43	67	83	3	34	10	49	10	75	66	50	47	47	38	54	66	18	53	34	59	32	81	8	93	36	63	37	99	71	68	57	54	64	33	82	73	61	41	68	53	4	96	71	65	38	20	22	49	77	2	46	5	32	2	36	61	39	65	81	46	21	95	70	68	63	90	65	13	3	2	98	89	36	24	29	34	52	83	25	62	20	43	14	16	88	39	51	44	76	48	35	81	44	19	100	93	55	51	41	66	48	87	17	95	37	62	37	54	18	1	50	73	87	90	99	29	43	85	68	87	37	30	28	83	89	24	73	69	79	68	72	53	21	13	33	8	97	57	79	1	5	22	52	73	47	97	35	44	45	27	84	
51	14	27	60	97	87	56	28	81	71	77	89	100	31	17	71	1	6	83	56	96	21	46	96	71	33	51	24	85	9	77	58	71	69	54	20	30	25	92	46	64	60	18	52	29	41	44	33	14	61	28	65	21	33	7	43	75	93	53	46	2	20	82	3	17	95	61	19	63	5	27	35	9	66	52	27	30	15	8	72	72	55	78	52	81	67	91	79	64	22	11	79	49	30	69	79	37	42	63	28	60	7	89	34	81	89	80	72	84	49	76	2	39	56	69	30	20	70	34	3	53	43	58	54	26	60	66	21	35	78	89	93	94	98	91	57	44	16	77	72	32	49	56	24	49	95	41	84	99	85	12	25	67	20	64	78	40	67	74	99	51	5	73	67	7	25	67	83	6	46	77	8	49	49	30	48	13	56	28	98	58	13	95	39	38	15	48	39	52	56	47	83	83	63	12	32	80	91	36	13	
92	97	42	85	67	28	85	30	50	39	61	71	86	15	34	56	72	94	12	100	98	78	75	29	35	74	95	84	29	54	79	46	32	47	4	46	59	82	98	77	91	72	38	46	93	46	70	85	64	34	91	33	68	11	92	67	2	66	61	41	93	41	6	2	47	68	41	83	3	11	56	87	83	92	39	4	62	100	8	77	76	8	11	61	93	42	28	4	80	39	65	39	85	86	27	92	47	76	11	71	95	30	83	82	17	48	18	74	92	96	63	83	39	100	71	94	20	60	43	40	82	40	15	27	81	79	41	89	77	43	36	97	27	99	2	74	94	72	57	18	12	73	85	22	8	28	66	99	36	42	80	43	1	96	62	60	74	50	39	6	75	88	76	58	74	77	54	86	79	50	31	4	16	88	28	91	65	76	81	17	91	23	79	29	78	54	2	82	14	31	87	99	34	54	18	52	65	46	72	33	
85	16	66	8	22	15	67	50	9	87	33	76	32	63	31	27	28	29	76	14	75	21	73	96	74	10	92	36	61	87	76	42	91	15	55	11	45	12	27	89	19	12	60	42	44	16	100	5	22	94	54	20	52	91	11	40	53	98	58	57	62	27	18	7	89	81	34	23	7	32	74	15	1	1	26	80	36	21	27	46	53	56	76	1	4	96	8	68	22	66	14	37	56	32	59	74	23	90	6	7	44	46	9	75	79	38	29	98	39	82	45	34	94	20	44	73	49	93	50	79	77	64	13	83	60	10	79	78	26	6	80	90	62	59	89	85	18	89	6	70	1	10	12	9	91	22	48	85	42	99	87	54	13	17	91	10	9	59	24	44	5	45	18	39	7	2	50	13	68	58	88	84	48	40	61	7	83	15	39	90	69	82	51	46	93	85	86	52	9	8	16	92	26	6	9	27	16	32	73	50	
10	17	77	30	71	32	21	61	92	45	19	96	32	76	28	34	67	93	72	9	93	88	7	58	88	61	39	63	97	20	72	5	27	30	62	96	21	48	15	39	90	93	30	54	64	18	74	72	79	65	4	2	5	2	48	26	18	62	6	45	78	44	97	14	47	60	64	83	80	11	45	13	76	90	9	95	39	26	22	31	14	90	97	7	28	84	75	78	6	23	85	97	24	50	85	84	77	29	36	11	33	3	3	95	84	26	100	88	34	8	74	80	54	27	85	8	75	57	5	82	61	17	3	14	52	14	96	88	18	21	58	60	27	33	14	55	3	38	81	18	31	89	15	80	48	77	87	12	80	87	1	88	94	90	56	91	5	69	34	7	69	78	76	68	27	13	7	53	26	37	60	53	57	70	73	42	65	87	31	10	52	43	36	97	92	9	43	89	82	72	11	7	81	86	48	85	39	7	22	76	
92	64	20	22	45	34	82	45	68	25	81	89	59	19	26	17	56	29	75	88	82	57	82	56	94	60	29	97	19	36	11	85	96	44	13	97	12	75	83	48	98	46	93	27	58	24	68	62	66	77	83	42	90	84	79	6	54	7	78	39	50	10	62	70	21	20	19	36	34	70	7	9	1	71	22	83	73	49	67	35	86	62	100	21	37	38	8	14	45	7	60	6	91	50	96	91	48	20	57	14	19	52	15	41	50	7	6	36	39	90	16	40	34	73	48	34	50	31	55	69	39	72	5	15	33	93	22	63	4	47	23	95	34	99	96	88	76	8	78	83	100	49	87	19	95	13	17	25	43	54	88	87	2	31	98	12	67	6	92	51	32	3	41	10	68	39	64	6	30	83	45	9	52	86	2	37	75	60	96	78	65	48	46	2	67	81	65	24	64	25	66	49	66	22	56	19	19	69	76	91	
47	38	51	14	17	53	97	71	94	44	57	85	10	97	49	91	13	96	50	67	39	9	21	75	86	67	40	16	9	83	44	9	46	55	78	11	91	49	20	33	72	34	86	28	40	50	2	25	92	69	48	45	61	5	96	3	13	65	13	62	86	65	25	35	95	93	21	80	22	51	15	27	80	98	59	84	65	5	18	88	100	25	16	100	62	57	87	83	12	24	27	66	98	29	76	11	33	34	26	95	69	60	59	82	36	94	25	15	1	41	82	89	63	9	89	2	67	99	92	12	79	36	60	69	3	23	17	98	8	12	70	100	2	41	44	32	68	51	5	12	33	69	81	97	55	94	95	67	1	13	94	2	40	51	36	90	37	40	58	9	82	13	77	13	96	93	11	76	36	59	4	58	88	30	89	36	20	49	50	54	71	3	19	11	34	86	93	19	81	15	24	61	65	36	44	65	25	91	98	39	
71	99	49	20	4	49	77	31	85	67	23	34	75	17	55	100	86	35	3	15	39	19	13	42	7	76	33	24	18	85	32	100	62	89	78	58	78	7	40	17	71	29	94	45	19	46	77	63	89	15	63	96	9	73	17	2	93	74	76	99	67	68	73	24	22	84	97	45	11	6	98	100	80	20	82	61	39	54	64	76	39	3	95	39	79	96	98	57	15	94	70	32	63	12	35	1	59	4	37	75	92	10	36	18	59	64	80	78	42	83	91	25	35	59	43	83	89	57	52	63	94	95	65	17	78	71	48	8	73	69	50	41	49	79	24	79	40	30	89	7	38	52	63	99	27	99	37	20	96	17	90	31	51	60	15	77	82	98	98	69	25	30	9	7	8	24	76	100	59	95	53	40	38	15	3	96	100	45	5	40	7	83	58	17	22	87	60	38	57	19	38	72	70	41	58	4	74	24	94	19	
61	17	26	99	38	80	44	36	10	37	75	47	4	79	94	59	11	96	86	84	26	90	8	16	77	51	71	45	20	78	63	35	2	56	72	92	35	18	47	34	94	39	82	23	73	4	21	76	51	88	36	27	12	67	51	52	20	21	93	54	57	50	82	11	20	80	86	46	88	37	26	71	71	94	43	58	89	42	17	100	22	92	85	77	5	45	8	12	14	51	85	11	45	49	39	51	80	34	31	87	77	79	51	22	15	33	6	80	60	80	38	65	13	81	96	21	97	58	72	77	17	84	12	95	70	77	48	16	44	81	98	42	96	6	83	79	97	14	80	69	26	2	78	75	49	17	62	64	62	91	56	98	36	15	66	24	15	43	9	74	23	4	67	98	29	22	63	65	32	17	73	14	67	40	57	42	7	36	31	60	27	6	76	92	7	16	51	84	92	52	36	17	34	38	60	6	40	72	65	48	
82	84	54	40	2	94	74	77	14	10	99	50	69	72	69	23	1	100	11	27	11	47	25	18	7	50	31	28	52	53	66	19	38	22	8	96	93	42	19	48	89	78	47	52	79	62	74	47	24	48	40	79	35	10	95	62	33	16	30	39	25	41	30	90	93	76	79	10	11	52	78	29	23	11	13	2	49	83	15	47	71	81	83	11	66	20	9	38	13	96	9	65	98	90	26	100	42	72	83	5	34	45	15	53	19	48	64	97	49	62	91	85	17	40	18	23	5	9	67	38	97	17	45	43	48	6	66	5	67	9	33	9	20	74	89	62	45	81	38	45	45	23	78	63	91	70	37	78	60	10	91	12	90	77	24	33	77	100	87	96	6	32	11	76	87	18	36	14	30	54	26	60	91	59	81	2	90	27	98	16	31	84	74	74	15	39	63	64	99	69	78	53	58	28	18	45	66	81	39	83	
78	33	93	23	90	30	10	66	66	53	59	97	94	61	16	98	18	33	78	75	43	66	29	70	37	5	6	39	75	4	100	90	88	90	34	62	48	20	10	84	15	59	76	75	26	44	47	48	17	77	30	39	49	45	61	41	89	96	57	13	14	85	95	84	50	22	74	95	17	74	100	74	43	80	60	30	20	39	71	13	65	90	15	54	24	26	63	78	69	29	78	15	25	68	35	82	40	37	8	18	97	19	55	47	64	86	40	54	59	93	42	33	4	88	73	18	13	45	37	82	90	72	39	8	5	89	7	17	49	21	15	58	44	71	80	75	88	99	21	45	6	73	20	89	8	59	54	40	74	9	5	67	37	82	15	77	70	24	91	100	28	41	47	90	14	43	68	90	79	74	46	2	46	44	33	20	33	20	49	32	50	48	41	29	75	85	49	71	63	88	46	88	55	92	34	74	87	98	10	6	
4	55	81	73	29	31	97	10	33	45	63	99	43	44	55	76	25	80	51	85	64	5	56	59	24	2	22	89	20	85	67	77	19	39	48	24	17	31	98	82	38	50	38	30	72	13	74	25	19	75	90	38	22	45	1	42	49	40	51	26	49	44	86	95	92	65	64	96	75	76	62	88	31	3	76	81	74	94	2	98	55	76	75	57	39	61	73	49	54	99	33	41	3	32	73	48	83	47	47	65	1	99	98	7	46	28	78	70	83	28	20	77	98	27	89	80	20	75	2	10	65	33	55	69	1	41	17	96	61	31	33	60	67	4	39	72	14	68	53	98	45	81	62	47	98	6	18	67	50	59	69	6	40	98	43	100	24	54	22	82	60	51	23	25	9	8	32	31	12	77	64	69	21	79	77	87	32	4	17	10	8	84	38	53	6	30	96	3	8	80	78	20	7	64	85	13	81	32	37	23	
21	32	72	6	97	19	96	42	44	62	9	39	57	69	73	22	8	62	34	61	21	89	24	44	93	75	57	72	83	95	4	14	36	23	1	67	36	62	5	70	75	22	80	92	73	13	51	63	79	99	2	93	11	19	36	46	10	80	45	33	28	49	33	7	33	99	27	72	71	88	23	82	54	44	90	97	6	77	15	86	34	51	13	83	35	5	81	40	3	89	52	9	85	11	15	60	6	56	93	24	65	77	83	84	51	63	5	78	28	93	17	18	21	2	49	48	48	2	17	77	60	37	15	89	41	28	24	72	83	71	44	79	59	53	84	42	68	43	40	7	93	26	14	1	5	93	1	74	39	24	34	92	58	98	9	87	91	22	80	78	92	82	37	91	33	22	28	65	40	5	64	72	60	34	2	78	69	33	13	36	57	21	30	87	16	89	80	19	32	12	27	95	97	6	24	72	60	40	95	44	
9	87	92	54	13	61	36	35	88	89	67	75	56	3	51	38	81	55	42	63	45	28	20	79	30	3	91	2	81	66	51	71	99	30	12	32	32	1	62	24	8	66	100	93	92	10	56	56	74	90	78	49	77	78	85	60	36	10	68	68	95	48	54	39	94	56	47	21	69	23	25	77	13	81	35	4	2	42	40	53	40	97	61	25	54	18	46	4	27	65	66	68	54	90	93	37	47	26	52	9	77	36	73	55	48	8	67	86	89	48	55	26	19	64	65	32	40	94	8	7	55	93	100	17	84	9	5	18	23	60	53	43	100	22	89	26	67	10	16	34	63	56	4	37	34	28	50	99	6	44	7	51	9	69	74	96	100	82	78	91	14	48	4	42	67	62	71	59	28	42	32	65	99	55	35	98	69	66	93	15	33	87	68	11	32	25	82	6	84	16	70	80	56	37	16	55	78	37	49	90	
21	58	97	97	78	26	2	58	29	38	65	44	4	7	70	64	69	78	36	33	18	87	18	97	79	82	69	55	15	38	81	76	22	65	11	25	59	78	40	7	36	8	91	52	37	73	13	30	85	89	63	10	4	35	72	99	1	95	59	16	18	30	9	53	21	17	58	38	44	92	77	98	30	31	56	24	47	47	73	84	42	21	16	93	63	76	54	63	22	34	82	100	61	9	9	60	31	26	31	65	97	30	100	68	92	70	78	92	78	36	59	1	63	21	69	71	85	60	81	97	51	20	37	91	27	11	74	70	53	69	84	75	22	30	50	69	55	36	89	94	90	69	93	35	26	68	73	51	75	5	69	32	82	25	23	6	28	60	92	14	91	46	66	23	79	51	7	94	79	38	2	44	70	92	92	61	82	97	21	82	59	5	92	34	75	90	43	35	78	30	54	39	49	97	67	97	84	72	10	52	
97	83	94	86	21	4	22	79	60	11	1	50	72	62	23	5	16	57	92	45	29	19	70	83	2	85	59	57	37	38	45	56	91	45	56	15	6	50	31	41	14	35	48	73	69	78	3	21	41	9	97	35	21	66	63	55	58	24	77	25	5	76	72	95	40	82	96	10	15	85	92	33	25	84	42	87	51	59	81	64	99	52	14	71	9	19	14	78	13	61	76	19	25	32	15	45	100	12	63	46	7	75	92	1	32	64	10	28	54	10	32	21	74	98	3	1	64	75	58	41	99	88	69	9	65	27	75	30	4	36	35	64	23	21	85	47	97	85	68	63	75	24	81	75	9	23	87	5	88	45	78	3	13	30	4	32	41	51	82	48	46	73	21	25	4	80	46	65	29	1	50	99	35	90	25	41	13	15	66	75	59	12	50	46	92	100	89	3	3	47	13	10	29	48	19	44	78	28	89	70	
97	89	5	66	46	42	7	55	39	95	50	69	27	14	93	66	56	94	11	83	92	4	46	96	76	68	71	12	65	44	79	25	9	24	39	5	77	13	34	97	18	34	11	90	20	82	69	81	94	26	8	49	74	47	86	53	1	5	94	50	52	45	3	76	64	11	19	60	16	28	77	77	29	27	95	79	44	62	22	69	3	95	66	85	6	16	80	54	7	68	20	89	95	97	12	76	75	39	9	72	21	52	62	90	69	11	50	53	77	68	95	10	8	72	10	81	28	73	48	52	68	45	91	33	2	99	27	9	87	45	72	90	14	29	49	59	42	7	42	73	16	37	44	72	61	3	90	73	76	18	76	41	77	9	67	11	47	23	37	4	66	21	30	27	4	67	10	47	73	41	52	27	20	39	13	98	46	28	23	81	28	44	10	74	55	23	73	22	58	35	12	62	98	64	46	62	9	28	7	45	
44	10	90	36	93	24	82	24	50	91	98	13	33	19	10	18	44	80	31	56	6	42	83	58	96	10	81	84	83	67	76	74	95	94	31	90	1	99	80	16	68	7	25	36	93	83	3	41	28	10	91	88	7	54	14	24	38	24	48	40	6	91	6	59	39	48	64	22	48	91	91	14	43	53	60	3	18	93	99	35	36	68	6	8	28	30	36	97	1	39	37	27	75	72	88	94	95	77	79	55	99	72	19	1	60	5	20	64	79	84	44	31	41	14	41	26	83	27	53	30	95	69	97	46	76	95	100	64	21	8	27	24	54	42	34	3	94	87	25	99	30	83	90	91	43	54	99	67	58	39	68	10	13	7	98	76	90	25	91	42	23	25	27	59	43	32	75	83	80	91	67	50	52	41	75	15	71	90	22	100	88	41	82	79	95	16	78	62	2	22	91	67	64	79	36	17	27	27	36	85	
22	60	68	27	1	65	45	69	58	8	75	25	39	23	84	100	21	45	88	84	90	28	19	16	49	34	20	100	80	59	2	91	9	69	51	62	53	77	85	9	8	94	41	17	75	18	90	1	32	49	36	18	45	64	93	99	40	5	63	76	84	82	47	84	29	61	48	54	35	10	66	89	88	81	41	83	71	84	43	31	81	60	93	30	95	32	48	28	59	54	30	29	4	31	80	43	40	27	86	43	52	44	93	39	34	29	50	24	54	86	24	40	12	66	23	84	91	39	10	44	60	25	79	18	61	78	72	38	13	33	31	87	24	41	97	29	46	17	18	81	90	8	39	89	89	18	29	7	74	7	27	68	96	8	29	87	14	9	33	67	79	4	4	43	64	66	30	86	35	2	58	26	66	90	62	84	66	80	50	22	14	14	12	33	30	84	22	28	87	20	47	33	33	100	3	6	20	27	81	93	
42	32	100	80	31	63	17	22	39	13	3	33	5	29	69	76	43	15	86	90	48	15	2	93	70	42	28	16	88	96	62	23	5	77	20	9	33	26	28	40	8	97	78	11	4	67	36	18	16	14	13	31	22	48	8	18	18	72	58	3	9	75	70	37	87	46	87	19	16	19	83	14	54	51	97	14	77	98	41	47	4	87	36	71	59	31	26	28	32	34	12	60	71	32	70	7	76	91	34	56	53	99	25	85	72	87	68	78	44	7	54	89	81	24	68	41	68	91	73	28	35	100	8	5	80	91	53	21	20	61	52	94	49	72	98	56	12	55	96	84	28	92	7	76	49	99	43	25	77	2	13	39	93	24	22	18	43	8	22	62	51	80	67	32	66	20	13	99	80	15	100	88	67	70	57	95	34	36	37	11	62	90	66	49	15	36	40	16	85	70	45	54	3	43	33	45	94	16	35	48	
60	58	10	70	42	79	16	45	27	15	84	59	83	97	57	54	2	36	77	11	38	5	77	36	55	97	51	78	79	47	31	12	27	21	29	97	63	74	79	10	34	21	54	57	26	79	9	81	37	71	24	93	43	27	61	45	49	40	21	45	44	83	52	11	38	80	100	100	15	22	3	52	70	68	8	90	100	60	25	90	53	18	43	48	67	61	19	13	38	86	47	23	65	32	98	85	6	21	23	22	60	7	23	63	50	74	31	64	28	57	95	59	85	17	82	63	95	96	5	62	66	85	13	81	68	16	86	7	71	66	71	95	17	97	44	24	52	39	68	3	17	25	77	78	60	28	85	67	54	50	7	64	11	76	63	36	68	32	28	71	7	46	10	75	30	13	17	63	94	86	60	28	93	53	22	38	53	24	71	28	54	100	23	80	49	1	60	69	32	52	45	80	89	46	42	75	45	24	41	88	
80	35	5	68	67	21	56	86	23	23	77	20	73	4	64	93	62	4	13	12	28	2	80	30	47	1	91	22	91	77	98	12	96	57	100	98	71	97	92	69	62	4	73	64	17	42	24	23	37	86	52	76	12	5	16	51	33	44	17	65	82	16	36	79	41	18	89	87	76	3	91	22	60	41	7	91	50	100	10	14	24	26	20	96	86	49	25	50	1	1	5	54	59	69	7	52	49	19	57	96	52	53	93	97	59	8	36	99	39	18	93	63	96	77	99	32	50	96	5	10	20	73	9	62	32	5	67	3	56	63	89	35	13	35	30	72	13	7	48	6	65	39	24	3	86	89	68	83	86	13	53	6	76	100	65	14	90	31	65	59	94	65	47	83	86	99	63	47	22	59	54	47	50	48	60	77	86	94	58	20	60	49	19	69	57	100	11	6	42	70	11	4	80	99	1	78	8	58	22	97	
20	28	30	26	84	37	10	77	93	51	66	38	37	18	53	71	25	12	65	77	86	84	80	27	79	71	53	74	77	20	3	30	99	33	61	45	66	71	65	34	4	27	93	90	61	9	27	12	81	2	71	1	58	17	3	45	58	9	64	2	18	68	81	18	3	79	36	90	48	30	32	54	77	20	41	83	53	47	40	88	31	95	19	11	31	32	4	74	26	43	58	45	15	22	87	70	81	65	21	14	79	85	69	8	66	17	68	37	71	18	57	5	13	1	72	54	19	64	4	72	39	28	75	97	8	94	2	39	100	52	83	54	22	84	24	20	48	83	78	17	24	10	42	68	86	86	87	6	79	68	26	30	36	59	32	30	79	12	40	28	79	29	73	80	35	80	94	22	95	59	6	2	63	10	56	45	21	78	81	43	14	50	53	98	45	97	30	26	28	97	77	98	69	35	18	96	30	41	98	24	
25	45	32	15	48	18	85	24	7	28	23	97	55	36	59	12	6	1	97	54	30	100	31	48	39	49	12	98	53	25	63	52	12	14	22	35	10	67	54	28	22	49	62	43	66	55	82	6	6	94	53	5	3	13	58	29	7	30	65	29	8	67	19	26	6	92	45	87	69	98	83	2	49	78	73	19	70	81	53	18	57	23	41	29	93	30	42	2	48	71	55	56	100	96	89	18	69	19	40	58	82	26	83	87	97	83	9	85	61	50	38	23	25	98	79	28	25	23	32	1	75	36	8	95	3	37	15	46	51	81	97	71	20	62	5	61	8	41	31	58	64	1	81	83	80	46	37	46	50	58	37	83	59	95	17	54	74	77	5	42	38	1	41	91	2	15	86	59	59	88	75	96	91	25	13	76	9	43	35	11	79	55	31	83	75	96	56	86	69	42	20	57	4	97	94	15	54	2	74	37	
72	71	34	88	100	44	62	70	41	50	69	59	19	36	43	24	82	8	32	5	27	30	20	47	6	68	44	26	70	6	54	57	62	23	36	40	46	78	63	15	86	55	39	80	70	30	61	89	52	27	42	15	90	39	47	84	92	28	85	9	74	91	24	49	28	54	39	70	33	38	71	8	55	70	92	38	14	81	1	2	28	79	58	9	47	71	20	8	48	30	53	98	1	53	64	88	91	90	91	32	10	43	2	74	73	83	38	35	25	33	58	65	14	82	61	45	54	44	50	32	83	56	61	74	84	100	35	28	82	13	68	13	18	18	62	11	15	60	86	8	62	2	4	79	9	59	30	77	31	88	60	45	4	53	73	26	46	64	64	32	2	50	52	67	58	100	60	54	6	75	80	21	7	35	51	56	84	96	100	90	83	97	13	99	65	16	65	26	96	22	8	100	52	56	52	34	84	92	64	42	
61	12	36	51	81	73	8	86	93	16	54	96	75	69	10	22	44	57	38	88	16	99	70	100	97	42	47	73	63	60	37	38	72	99	89	1	38	68	75	94	30	98	60	13	26	15	70	79	63	92	78	30	89	74	1	70	26	14	33	47	4	68	83	44	8	60	63	25	4	53	33	15	50	37	75	67	20	53	72	75	89	7	48	54	83	39	99	29	1	36	59	25	86	7	77	5	70	70	36	40	30	65	61	72	38	92	54	35	70	87	59	15	43	91	89	24	90	15	44	53	97	70	27	95	49	4	17	100	82	42	96	15	51	5	66	83	34	11	37	75	21	45	67	33	63	1	28	8	4	84	53	9	58	40	14	60	2	69	72	65	44	99	27	50	26	88	28	47	2	96	21	7	28	44	13	91	35	34	98	100	39	28	1	79	81	38	33	94	100	58	43	26	93	6	32	32	100	100	31	41	
22	37	48	100	62	55	60	89	72	79	44	32	35	77	3	16	37	16	27	81	27	74	34	42	97	54	76	26	42	7	80	22	39	15	82	8	67	34	29	52	60	50	4	40	11	63	5	5	54	64	3	81	99	5	57	94	22	30	53	52	54	12	84	54	48	4	78	42	83	95	63	30	70	62	50	10	37	35	37	42	33	59	36	76	13	69	88	52	91	29	2	83	3	96	61	70	94	23	46	38	98	73	25	97	91	99	16	3	77	94	27	59	31	70	53	91	28	10	76	63	67	99	75	100	55	13	38	92	14	98	81	50	49	80	85	4	78	40	68	17	77	22	80	35	82	10	83	49	16	48	57	52	88	38	67	91	46	21	60	99	70	35	20	52	66	67	93	50	63	91	7	28	13	89	51	35	70	15	47	12	40	97	98	36	86	68	8	85	97	7	32	80	55	83	74	97	37	3	25	21	
31	15	19	76	12	4	55	53	29	18	63	51	23	90	84	73	96	22	86	51	21	93	76	20	89	70	31	92	60	41	94	75	55	58	88	2	77	57	75	77	43	39	85	41	46	48	12	8	6	90	69	38	58	53	16	87	22	33	59	85	67	97	13	57	84	77	80	12	71	99	39	87	29	52	59	28	79	2	49	87	53	34	52	28	7	38	47	24	40	98	61	91	48	48	30	8	8	39	89	81	22	91	44	20	54	84	81	19	22	77	91	28	56	71	18	42	79	3	35	7	89	20	85	36	97	65	7	37	22	59	33	83	30	50	38	43	83	48	35	36	50	3	64	34	18	5	89	49	88	40	70	86	30	15	40	59	44	79	34	55	92	90	39	41	90	70	53	48	10	25	35	44	89	67	48	38	71	17	29	31	24	7	100	95	38	79	17	96	73	42	76	56	58	26	24	93	56	4	36	64	
92	73	4	27	91	99	54	24	96	73	1	61	10	7	89	11	56	16	40	11	6	88	22	21	94	7	39	3	58	15	4	37	25	97	60	6	98	81	51	16	49	51	53	58	1	60	39	46	8	42	28	47	96	72	53	48	58	56	53	89	22	7	58	62	33	94	92	91	95	81	76	56	91	80	94	96	24	35	13	8	96	74	58	79	8	87	31	44	92	1	52	95	31	36	15	27	55	8	48	90	65	4	50	62	90	61	95	28	63	24	8	28	27	89	66	36	10	15	32	34	27	64	82	19	89	43	85	72	42	8	56	14	7	4	42	5	52	57	13	8	13	2	15	100	17	47	24	30	28	61	73	2	89	3	57	81	33	77	2	35	92	25	13	75	62	57	22	60	56	13	51	13	51	48	70	59	8	49	27	18	66	11	51	73	95	4	88	53	8	4	90	35	30	31	63	24	92	95	40	5	
76	99	40	24	29	91	79	9	52	34	39	61	98	93	97	61	8	96	78	78	26	92	54	12	70	35	64	96	6	62	56	15	92	90	74	82	4	48	9	27	27	95	95	38	47	26	53	89	20	83	10	71	70	51	46	17	33	55	6	82	48	1	22	35	87	65	34	38	45	47	44	11	96	43	76	95	70	10	65	52	97	57	27	67	26	25	96	35	2	47	50	24	14	5	20	49	3	76	63	64	43	17	52	93	40	54	37	15	66	80	66	26	12	5	74	21	75	96	93	48	58	62	89	12	58	27	95	33	59	98	66	12	52	55	94	83	60	66	14	80	73	7	39	69	69	5	73	48	91	7	42	37	36	96	42	2	20	87	78	98	61	41	98	15	84	95	38	77	45	76	56	91	35	38	59	27	96	33	96	95	18	54	19	24	15	95	29	65	38	39	15	88	99	27	91	12	100	70	55	17	
13	59	66	33	6	4	50	3	15	11	57	88	15	69	35	10	15	54	77	13	68	12	99	13	17	53	18	100	7	3	32	43	45	35	90	2	91	68	11	89	65	74	10	47	5	30	32	13	76	14	8	38	16	81	64	72	96	25	55	97	94	13	44	99	51	87	17	51	16	83	31	74	79	31	43	70	97	27	12	42	76	38	97	29	34	8	13	43	18	74	26	69	48	59	98	70	71	24	20	24	51	70	66	15	29	88	8	49	46	82	99	59	66	28	5	72	82	19	66	99	98	97	59	42	11	1	46	81	64	67	32	92	52	50	64	46	64	79	40	16	69	68	81	38	58	12	69	13	65	83	65	75	20	100	7	90	33	32	69	69	82	13	46	71	66	34	53	86	21	9	84	35	70	71	8	96	70	69	60	60	50	54	65	71	37	90	71	49	94	84	75	18	82	25	91	26	21	88	69	77	
96	72	39	90	90	57	69	41	12	61	13	76	8	59	91	79	100	86	96	3	92	6	89	34	58	24	100	42	30	15	12	77	3	53	41	4	97	75	11	3	19	5	2	51	82	88	52	61	95	100	70	20	87	49	5	55	52	32	8	58	87	89	86	2	87	93	90	8	39	90	81	67	32	8	76	95	50	42	13	53	71	62	21	93	26	60	85	41	47	47	21	41	43	20	48	41	68	92	93	53	18	65	35	70	74	58	79	83	12	8	15	92	18	63	69	86	2	83	62	35	95	62	85	9	10	44	7	17	36	88	18	49	34	41	67	16	28	36	57	43	81	99	74	67	32	61	79	56	76	15	87	60	49	45	36	27	20	4	33	66	97	15	28	90	80	36	24	94	78	43	96	34	15	17	49	33	69	25	69	91	75	27	15	25	81	1	12	74	76	66	30	39	8	41	34	32	54	65	97	10	
68	75	34	90	88	59	37	62	1	60	68	46	49	66	88	52	71	11	26	24	21	15	46	61	36	90	16	20	5	89	79	7	47	66	90	65	86	29	80	1	85	76	59	72	92	20	42	83	68	21	58	92	87	80	45	67	66	61	42	61	4	12	7	64	57	23	66	26	11	70	42	53	74	59	91	93	26	11	60	79	32	43	32	66	70	61	8	30	95	12	61	29	45	4	57	15	64	85	88	97	66	44	80	50	2	56	11	71	59	7	75	37	79	32	29	47	66	60	4	54	15	77	88	23	45	79	67	37	12	71	82	11	88	57	68	82	17	99	34	54	83	87	49	96	48	26	68	28	81	39	31	96	50	5	31	98	49	17	13	93	21	66	23	22	50	37	71	58	81	35	100	98	47	29	27	96	60	69	95	28	39	13	85	41	2	83	6	21	20	44	81	41	85	55	55	95	64	67	15	53	
20	33	62	68	23	58	22	98	22	79	22	38	90	60	29	20	13	83	60	9	15	26	57	62	50	74	54	92	39	39	64	82	10	56	52	64	78	57	15	20	14	23	93	25	97	15	90	15	30	35	82	68	93	16	46	22	98	33	28	85	13	77	52	41	47	51	26	73	91	43	39	23	44	47	78	34	67	6	83	4	33	38	27	90	64	10	2	44	31	81	33	24	73	47	74	91	92	40	38	65	3	21	69	93	9	22	57	45	89	38	99	63	16	94	4	8	12	12	87	68	56	37	66	41	98	84	83	39	90	3	10	80	3	95	100	55	45	38	28	99	29	67	53	34	13	77	72	98	17	90	10	78	54	40	60	16	32	10	36	15	82	75	81	100	22	11	28	20	43	11	90	100	12	31	18	95	60	91	28	52	92	64	38	76	60	63	89	68	98	75	32	66	47	69	3	67	60	75	82	98	
83	35	67	35	18	57	31	46	37	67	6	83	33	37	70	45	10	81	91	33	26	78	82	16	65	63	100	87	30	58	53	37	24	78	15	28	26	75	6	45	25	72	77	69	29	59	59	37	75	10	28	80	15	22	48	18	44	77	27	12	66	99	56	12	13	22	10	36	85	36	42	73	76	46	79	47	73	1	41	28	13	66	92	6	73	88	3	24	6	56	41	40	30	76	23	53	5	31	56	97	72	55	10	78	95	51	79	10	10	87	50	56	74	83	4	75	53	36	14	19	15	47	37	90	10	99	69	81	33	84	49	38	95	51	85	96	25	87	6	47	95	37	87	60	72	42	53	58	91	69	52	65	71	7	27	31	50	8	57	33	59	59	28	88	14	62	54	60	14	79	83	39	40	24	66	18	50	75	39	92	19	6	60	16	5	57	62	1	8	60	3	24	95	1	28	60	55	54	22	54	
18	79	28	3	71	20	76	23	16	11	91	31	93	12	4	87	88	63	34	78	14	97	34	7	20	62	24	22	50	81	19	33	24	11	47	65	27	98	25	78	68	65	18	21	88	90	29	95	5	63	22	35	9	16	70	9	93	23	66	70	47	48	99	91	48	96	61	97	68	9	96	95	18	32	13	10	45	51	21	24	18	12	64	69	73	98	14	61	83	56	63	14	56	60	80	46	33	68	4	53	51	2	93	76	1	70	72	46	85	37	87	10	81	76	95	96	43	75	92	78	21	67	96	57	75	85	71	3	96	24	98	78	28	70	98	2	33	91	93	54	88	4	46	9	4	70	21	13	23	82	43	48	3	83	6	84	48	84	21	87	5	12	44	41	14	90	100	49	50	55	97	28	97	7	11	54	54	27	13	64	6	80	48	85	71	13	15	90	49	89	16	54	63	24	57	3	77	55	4	50	
76	24	3	84	63	20	50	86	94	13	37	89	100	48	21	21	11	96	18	26	38	87	9	93	99	29	93	21	45	4	12	14	18	11	52	68	18	9	1	58	20	52	23	45	63	83	53	58	39	5	29	58	49	61	7	56	94	91	43	23	55	57	37	34	47	63	84	32	57	2	58	21	10	55	97	41	23	98	43	15	20	58	23	21	13	71	27	9	1	68	9	93	19	96	38	8	3	49	7	61	74	22	32	86	4	18	99	50	90	6	20	4	73	14	75	26	37	21	21	73	32	72	56	37	8	87	22	5	75	17	85	3	82	68	78	75	37	8	18	87	39	61	68	12	38	91	13	95	79	51	36	46	19	58	76	74	41	38	30	68	92	50	10	82	12	66	23	19	53	31	13	1	98	100	51	19	65	15	85	38	60	48	29	52	7	70	69	19	100	53	78	99	61	25	50	33	98	56	82	76	
13	1	20	74	7	27	75	50	63	100	78	83	45	37	90	48	67	61	36	99	8	25	30	72	48	29	98	38	97	14	35	27	90	69	44	86	21	73	25	20	47	24	42	13	57	43	12	9	83	34	6	100	48	36	14	71	84	88	25	86	68	84	42	5	79	63	34	29	100	65	98	73	9	67	87	67	40	9	21	11	89	67	70	51	28	72	2	69	32	80	97	41	43	96	25	92	91	76	94	76	2	3	75	15	44	71	96	23	63	47	5	13	49	46	81	94	24	30	90	60	17	15	73	34	26	80	46	51	6	39	61	78	30	90	43	86	44	6	65	18	23	93	72	13	64	28	33	39	29	46	97	2	11	17	92	74	29	53	87	11	34	46	74	79	33	49	80	69	98	83	99	79	36	95	73	24	71	25	41	76	16	85	52	42	58	53	10	15	11	41	88	100	69	75	45	61	23	86	97	26	
54	41	4	98	93	89	69	13	55	82	34	19	46	35	17	57	65	68	12	49	53	79	32	73	33	64	1	40	3	68	100	36	33	60	51	79	32	60	96	45	77	19	8	42	68	46	81	19	59	10	76	39	95	78	73	64	73	33	45	89	60	20	42	47	10	2	89	79	66	28	4	9	51	65	32	17	13	90	89	25	47	58	23	81	13	77	34	24	63	47	63	5	68	41	95	5	76	29	77	49	44	47	53	38	49	4	2	53	94	82	80	38	97	33	100	29	1	48	78	36	51	93	44	67	23	74	20	58	80	19	1	30	21	19	90	86	13	18	51	68	13	63	48	79	15	8	8	38	78	93	92	67	34	22	7	15	75	6	16	32	75	92	55	95	30	15	49	57	45	75	65	81	86	38	95	15	37	81	2	60	5	71	7	58	55	61	40	40	30	53	46	66	82	76	74	13	17	38	98	63	
24	24	22	52	18	68	25	74	43	63	1	41	62	11	50	85	92	66	64	65	85	91	36	22	49	10	37	4	97	11	22	41	66	6	25	45	81	43	88	87	20	83	82	56	77	71	78	53	87	77	4	55	50	55	11	97	44	56	29	42	14	3	25	31	29	53	55	74	80	52	29	50	91	78	20	83	43	32	44	49	99	71	35	73	75	29	57	45	50	31	66	31	84	59	96	16	85	62	80	78	55	7	32	68	56	68	84	23	28	29	8	28	22	77	94	72	25	6	38	39	26	8	23	24	78	17	81	26	14	86	4	52	6	88	4	69	27	19	88	6	51	96	41	27	18	7	97	15	54	85	9	81	86	87	16	39	85	30	89	25	90	100	23	16	84	36	1	100	97	96	16	38	68	79	4	95	90	1	83	63	57	13	70	53	61	69	95	76	72	62	13	84	50	94	25	62	69	93	76	75	
76	93	91	25	87	68	24	51	5	54	13	97	69	58	88	38	92	100	76	89	96	86	38	36	41	76	48	62	29	82	14	28	94	22	22	84	51	30	82	90	37	14	1	48	63	36	62	27	16	30	1	17	88	77	46	25	60	63	26	23	95	48	55	15	65	35	29	88	31	58	30	28	98	99	70	49	91	100	53	42	7	20	66	51	59	45	70	6	76	83	75	33	19	58	4	72	10	33	100	57	7	33	29	13	53	82	47	48	81	29	32	8	99	45	87	90	56	47	83	48	73	47	22	69	76	87	96	68	65	13	71	35	48	5	34	68	25	69	71	30	70	96	5	38	59	50	57	48	2	86	43	65	93	60	51	63	49	96	80	82	43	89	73	78	22	40	60	11	30	56	65	33	8	17	88	29	71	12	6	89	62	15	69	10	40	95	98	1	76	97	23	98	21	82	80	73	99	26	28	81	
20	96	59	35	95	90	17	75	40	4	91	9	76	33	84	20	32	74	94	5	10	42	21	17	58	36	34	82	68	73	47	15	11	96	11	65	73	69	22	96	53	36	78	9	54	68	42	60	70	99	43	13	98	73	3	9	54	7	53	46	26	30	83	64	92	72	99	78	87	50	1	68	8	7	28	3	11	36	44	96	28	34	73	60	3	92	57	22	46	83	12	30	87	32	54	66	55	91	59	10	39	28	23	4	16	13	34	21	78	40	28	72	23	42	9	18	64	93	5	36	92	45	22	60	79	99	23	83	81	39	51	48	13	71	58	66	100	45	74	72	58	62	49	10	83	75	79	39	82	52	89	24	19	38	84	64	71	3	19	6	35	3	22	62	28	16	69	6	26	86	26	94	85	96	53	65	49	74	21	68	1	90	19	15	40	76	1	61	25	11	57	48	57	49	18	20	30	86	55	3	
24	33	45	50	90	25	57	98	48	12	41	13	44	66	50	31	99	72	82	80	22	82	59	100	10	89	30	74	73	65	35	95	84	63	60	64	30	92	57	50	59	41	32	71	57	4	67	33	11	72	77	45	46	68	82	74	77	8	14	39	33	35	72	68	50	76	47	49	8	25	3	50	59	19	8	81	25	60	53	30	22	93	5	96	86	66	67	45	5	69	53	46	52	17	4	92	55	56	30	25	5	94	11	26	8	22	30	81	49	20	85	41	67	75	64	64	65	85	18	97	67	42	41	98	91	8	96	85	42	95	87	43	18	87	87	84	37	22	97	30	55	38	20	5	1	33	1	52	14	9	82	64	81	57	92	99	63	8	32	84	78	3	58	2	87	85	32	42	28	69	96	100	97	73	8	38	94	76	20	98	8	49	100	11	30	72	76	25	44	82	95	25	52	17	37	89	15	20	67	83	
78	93	63	42	3	86	7	77	100	58	38	70	47	34	13	91	23	5	38	14	16	23	62	30	68	75	8	86	55	44	62	18	60	78	35	31	49	63	50	83	25	52	79	34	40	60	77	4	66	91	16	77	62	81	37	64	67	98	11	41	29	47	49	13	16	56	5	71	37	75	11	12	39	24	80	17	96	23	88	64	20	8	55	51	80	77	54	46	92	11	27	5	54	49	31	89	17	1	69	71	76	2	46	85	51	39	25	41	7	45	39	19	26	46	9	23	10	85	76	26	99	70	62	78	89	17	21	33	1	39	85	82	31	64	50	74	90	79	95	95	8	93	17	74	37	94	5	56	31	8	72	25	15	19	52	69	88	80	12	16	30	47	35	22	20	70	52	70	97	42	22	58	7	42	4	39	84	66	44	75	60	89	53	41	53	62	97	11	82	89	77	56	46	47	7	15	63	85	47	4	
36	65	20	3	21	89	54	63	36	65	62	9	61	82	85	74	12	77	86	60	12	72	28	60	69	33	39	63	68	31	40	89	29	49	33	77	55	71	33	43	48	38	3	13	12	94	84	57	66	98	94	73	62	16	33	14	13	66	56	63	36	5	11	94	7	58	91	62	84	69	87	30	11	27	13	32	38	97	23	92	62	49	66	37	10	63	45	86	5	47	37	50	74	52	94	79	72	22	90	62	22	25	15	32	94	51	2	92	14	90	45	55	31	68	3	41	16	58	56	43	34	57	82	18	7	32	21	58	92	35	97	31	12	19	2	14	74	4	31	10	81	61	55	6	76	56	22	47	87	16	11	66	24	38	36	78	46	78	27	70	54	13	12	91	47	45	45	11	77	20	8	43	32	76	90	15	75	30	81	32	3	16	78	88	46	13	23	57	95	77	82	92	68	79	16	4	17	20	28	12	
33	92	91	29	29	74	27	64	94	39	42	14	28	95	46	1	12	31	90	65	31	71	52	75	15	90	60	90	51	28	40	90	47	48	95	16	1	70	96	92	71	50	73	43	44	97	44	17	68	1	1	29	49	56	86	79	81	97	84	79	63	79	50	49	38	34	87	16	25	87	22	31	18	72	7	63	86	43	3	96	20	47	66	21	84	97	15	37	76	71	25	86	34	23	87	47	84	51	29	46	26	16	98	32	54	4	40	91	78	88	34	32	75	54	51	68	38	84	40	59	9	9	87	22	86	72	27	86	47	41	95	55	76	42	14	40	9	22	6	23	48	55	99	8	34	75	52	83	99	92	7	49	61	72	17	53	88	20	95	80	39	10	62	67	33	54	80	4	98	57	100	26	80	56	35	88	18	39	41	66	24	54	99	100	66	84	98	48	25	56	92	25	69	92	47	36	35	18	44	43	
14	53	60	35	63	1	19	31	62	98	94	64	42	39	50	97	9	70	46	37	42	79	74	21	17	48	76	1	3	18	77	81	25	69	25	72	65	90	5	39	47	83	20	79	44	80	75	16	2	77	82	45	68	78	55	97	47	72	80	83	62	90	29	1	2	78	29	34	62	67	47	85	9	60	60	79	29	86	99	40	30	84	65	84	72	69	4	16	34	61	21	74	38	56	33	81	80	48	66	63	22	57	67	49	64	17	98	59	11	9	81	21	37	47	22	2	5	29	17	54	92	47	38	29	11	90	76	4	49	10	29	87	48	77	86	61	85	16	7	49	51	15	73	21	45	90	73	83	34	26	81	66	65	70	34	58	55	7	97	56	49	29	98	64	33	3	89	80	69	4	52	93	55	58	30	99	82	8	85	47	95	63	61	69	82	50	21	57	52	46	68	69	25	6	19	59	90	57	62	45	
67	83	50	87	2	77	70	44	54	25	22	89	73	90	63	75	25	91	76	94	37	89	96	60	64	28	88	67	29	89	74	58	56	51	3	18	78	28	31	85	10	52	47	90	70	80	70	93	30	4	17	31	76	77	8	85	60	22	65	38	74	6	27	57	21	42	32	8	96	63	6	50	48	65	88	39	79	17	40	46	40	23	81	74	61	26	38	71	46	62	43	66	83	42	32	66	99	80	67	80	9	25	42	78	72	45	33	54	14	85	57	61	95	77	75	59	69	29	1	30	56	39	49	3	79	81	93	99	54	39	47	47	15	83	78	8	11	41	45	42	10	92	36	93	9	42	47	63	54	6	86	22	36	41	38	28	92	64	6	37	97	48	64	79	100	43	46	99	35	97	56	6	83	26	31	27	25	41	55	69	1	24	25	75	76	94	82	49	17	47	79	92	6	73	62	52	63	71	25	13	
58	41	10	27	54	35	51	45	42	73	25	10	100	64	85	75	22	59	98	100	44	73	42	38	15	99	99	13	25	53	30	49	88	97	28	4	90	18	59	71	96	41	2	28	77	66	49	85	88	31	81	64	49	60	56	57	10	19	11	36	43	42	24	88	10	91	27	92	70	94	21	78	81	52	32	53	60	54	18	91	64	59	42	84	41	46	24	97	51	29	96	57	51	89	56	73	16	46	96	69	4	10	77	40	30	25	61	46	39	43	99	5	18	11	21	22	34	23	52	93	12	64	91	40	70	20	43	67	17	84	12	43	17	3	12	25	60	27	4	93	32	51	67	89	52	57	97	12	18	9	48	56	44	58	60	18	34	85	24	16	67	19	46	36	3	33	42	1	18	94	52	32	74	24	63	91	91	34	55	3	28	57	50	45	74	25	80	18	37	7	16	47	19	62	6	100	8	98	70	22	
66	25	56	36	84	5	9	79	35	92	5	99	30	74	94	28	57	10	52	35	28	15	96	66	22	86	19	83	47	54	45	38	11	41	97	76	83	80	82	47	1	27	29	44	20	85	33	30	16	45	74	94	3	23	6	8	34	93	82	10	64	28	31	33	31	12	62	54	60	5	1	30	65	85	4	86	25	24	80	71	86	4	86	78	84	61	56	19	87	59	41	51	98	51	29	57	55	63	58	85	97	37	42	64	66	60	64	74	83	64	54	4	96	3	46	30	33	52	99	56	42	83	36	12	72	65	32	34	56	56	70	28	12	87	43	16	47	98	70	30	5	55	29	19	96	95	35	32	52	27	85	19	65	4	6	45	74	13	72	55	97	44	62	17	6	45	75	78	96	15	34	32	97	93	24	12	26	32	95	67	60	3	33	61	13	62	73	20	89	15	4	36	59	52	100	8	48	54	58	78	
68	52	2	18	27	4	79	80	82	3	78	11	60	55	46	92	47	95	59	86	36	58	30	35	13	17	76	82	24	63	96	74	70	99	21	86	43	27	50	26	48	28	97	55	63	34	8	90	9	72	83	64	67	49	55	67	43	28	2	90	40	47	81	69	15	64	43	85	85	82	94	39	24	86	12	58	22	97	79	86	66	96	72	56	81	59	26	79	79	15	65	43	87	30	5	95	4	51	70	70	91	41	30	66	20	11	74	66	91	47	60	3	36	65	2	9	32	37	98	15	65	24	7	8	24	83	39	36	82	94	74	13	78	24	19	33	35	28	39	40	81	95	16	42	99	33	44	80	65	16	39	19	25	74	40	66	87	81	60	78	84	78	9	27	20	94	45	8	30	54	84	100	37	56	92	100	21	54	64	60	55	77	98	23	17	69	99	30	15	63	17	35	90	63	8	48	34	90	7	59	
96	64	42	88	91	83	31	75	17	86	2	69	46	50	56	79	61	43	14	53	23	81	28	71	95	86	100	33	70	16	51	77	83	37	14	71	3	90	37	51	88	46	15	43	47	78	6	82	34	61	60	26	12	16	3	95	16	97	48	15	57	92	39	72	61	6	51	31	74	23	77	79	99	54	80	53	18	75	25	72	10	88	13	44	9	53	74	85	52	84	6	44	12	43	49	89	21	67	17	32	76	78	66	64	5	32	21	31	3	46	32	74	65	67	87	22	5	20	22	94	57	36	11	55	51	79	46	94	31	97	73	40	26	96	71	49	82	59	62	86	16	41	77	55	71	3	45	91	46	32	7	69	91	24	72	81	98	32	40	37	72	28	28	27	27	16	24	58	41	2	92	100	3	4	95	70	88	65	67	75	54	55	56	86	38	93	26	86	20	85	20	18	57	71	98	54	90	85	59	6	
66	70	4	46	40	61	45	47	7	64	89	44	11	24	6	50	9	71	83	10	49	4	35	55	13	81	85	21	61	23	100	32	47	43	53	60	54	45	67	32	34	42	86	77	3	97	76	15	14	84	41	3	26	74	25	70	84	81	35	70	39	29	14	92	76	75	87	99	97	86	39	79	85	89	16	56	37	72	82	60	77	21	10	78	36	78	53	20	83	25	58	6	90	55	55	41	45	9	62	70	74	52	31	66	39	99	93	65	69	2	27	4	31	62	2	10	35	46	47	51	6	20	99	8	72	53	51	74	76	92	47	23	28	71	56	19	21	46	73	38	19	21	74	42	67	11	27	36	72	73	22	76	98	94	65	39	10	37	95	49	10	89	7	36	81	35	41	22	98	74	64	31	25	36	40	55	69	97	15	82	22	4	82	97	98	76	28	55	67	47	28	44	62	25	70	58	7	59	7	4	
56	64	64	23	27	77	88	16	34	22	41	61	91	73	27	64	17	47	23	28	16	66	63	83	23	31	60	63	30	42	12	85	31	93	75	35	65	54	97	28	60	95	36	94	5	60	85	29	81	97	24	21	27	37	60	40	40	37	20	15	66	67	2	22	12	55	78	11	15	67	4	77	59	62	47	8	6	47	24	69	85	43	100	36	10	53	9	17	53	9	13	62	5	9	14	96	56	37	99	53	64	50	100	86	69	7	17	78	81	80	77	46	43	23	82	72	84	78	15	61	76	83	70	12	99	27	81	60	4	47	50	63	6	10	88	91	97	96	82	2	80	55	32	41	77	36	84	13	33	50	76	91	39	19	48	83	6	23	44	90	52	70	45	85	93	48	88	97	24	37	42	41	21	64	5	17	77	10	53	98	54	50	76	26	63	75	81	3	83	4	12	43	45	13	22	78	59	6	4	84	
